residual_frequency_Hz,Periodogram_dB,LPS_dB,CDTR_dB
-1.49993896484375,-9.078918226096588,-21.28955099659604,-12.27616503362523
-1.4996337890625,-11.298698485944684,-18.83273871028759,-10.731240049896801
-1.49932861328125,-14.399652577390771,-15.959833119974645,-9.470369228643913
-1.4990234375,-18.523773885775963,-13.588676241659794,-8.506507667335203
-1.49871826171875,-21.041548352776168,-11.787326756310607,-7.821298516630285
-1.4984130859375,-18.21708750183347,-10.479747609662995,-7.392979529567139
-1.49810791015625,-15.12761005107796,-9.597158019370571,-7.204205667490959
-1.497802734375,-13.111939785903777,-9.09579881979396,-7.243864798671908
-1.49749755859375,-11.937631204387984,-8.95531226904437,-7.507359283412141
-1.4971923828125,-11.40858518525416,-9.177390356873373,-7.99674369573281
-1.49688720703125,-11.424241344793861,-9.788562246595339,-8.721168194754332
-1.49658203125,-11.949354673010639,-10.850171329659286,-9.697779352679412
-1.49627685546875,-12.99977419309629,-12.483136329587964,-10.953022940860418
-1.4959716796875,-14.641442324126928,-14.929452055865537,-12.523648503646879
-1.49566650390625,-16.98154808552472,-18.709024222489127,-14.453997895470572
-1.495361328125,-19.995949731989498,-24.503256774767653,-16.77468816937796
-1.49505615234375,-22.3463423939643,-24.07232843759037,-19.40297934120285
-1.4947509765625,-21.157733696816585,-18.46496257076011,-21.81215356948259
-1.49444580078125,-18.392863332191805,-14.890220707230242,-22.806073616443314
-1.494140625,-16.11499281509338,-12.59114570941129,-22.097833257728517
-1.49383544921875,-14.495362188462622,-11.078097982282094,-20.80312500408342
-1.4935302734375,-13.397134259535541,-10.1230486936497,-19.55174677163512
-1.49322509765625,-12.69920386776101,-9.613435426721601,-18.372733945187175
-1.492919921875,-12.315548754539709,-9.496040927625016,-17.134899719770374
-1.49261474609375,-12.18355236936982,-9.755927176284603,-15.761541878347938
-1.4923095703125,-12.252176688751977,-10.411337232187662,-14.289522220854742
-1.49200439453125,-12.470102993324456,-11.520281548433287,-12.820914207057116
-1.49169921875,-12.770913201460225,-13.203085071408072,-11.453804675884442
-1.49139404296875,-13.055535110525662,-15.695318084517636,-10.252207241709378
-1.4910888671875,-13.18421966245965,-19.419842491896752,-9.248006361212571
-1.49078369140625,-13.008306802685244,-23.888088676063553,-8.451644336239287
-1.490478515625,-12.45309095338245,-21.87488530523623,-7.860469997901553
-1.49017333984375,-11.5775640968774,-17.25565595763853,-7.462742415303062
-1.4898681640625,-10.53096330482849,-14.003714541941616,-7.2379863004048195
-1.48956298828125,-9.463358605898792,-11.744275068129879,-7.154729286332922
-1.4892578125,-8.47985407877703,-10.133732973287497,-7.167091884857105
-1.48895263671875,-7.6413236997363985,-8.985323296044456,-7.213344263531224
-1.4886474609375,-6.979820485086934,-8.19219673343116,-7.221973110679761
-1.48834228515625,-6.51190936400004,-7.6871048753545566,-7.130039476957278
-1.488037109375,-6.247062067663696,-7.421443652391685,-6.908761710234596
-1.48773193359375,-6.192488561495252,-7.351633741240757,-6.578123706389149
-1.4874267578125,-6.356019399776722,-7.427251837358456,-6.197098833773755
-1.48712158203125,-6.748156059902194,-7.579212347209757,-5.838889491457428
-1.48681640625,-7.384047959242429,-7.711750134138128,-5.5705683498855105
-1.48651123046875,-8.286043864558934,-7.71045842283499,-5.4453439078357535
-1.4862060546875,-9.48755364800447,-7.4795238803936535,-5.504051409339338
-1.48590087890625,-11.039010318263589,-6.99296594115395,-5.780357850711781
-1.485595703125,-13.015145849297731,-6.310042309192121,-6.306705588309219
-1.48529052734375,-15.5083768035289,-5.5362179116863555,-7.120450490736126
-1.4849853515625,-18.48802074952401,-4.772909544882332,-8.27106982359406
-1.48468017578125,-20.92094148686993,-4.093648194126956,-9.830235849773434
-1.484375,-20.24784235554929,-3.544214248514268,-11.906644492485567
-1.48406982421875,-17.540142403592498,-3.151258549218903,-14.657774357951137
-1.4837646484375,-14.941258565923256,-2.930609656796241,-18.18107040662668
-1.48345947265625,-12.819437927411514,-2.8931040028364885,-21.36186352863185
-1.483154296875,-11.104518882457741,-3.048336403936354,-20.637276936782097
-1.48284912109375,-9.71393799758101,-3.4071801813892844,-17.908196178356693
-1.4825439453125,-8.597760847310067,-3.9837998128663688,-15.7262624105069
-1.48223876953125,-7.731619956402777,-4.797739459641378,-14.232279674336475
-1.48193359375,-7.1076175521282074,-5.876670347333507,-13.210959148928032
-1.48162841796875,-6.7288643418464265,-7.260579358657926,-12.460204566120767
-1.4813232421875,-6.607352877843664,-9.008644160196662,-11.811386120707251
-1.48101806640625,-6.764535119249457,-11.21060750920205,-11.141626048699056
-1.480712890625,-7.23464875008435,-14.002321153045763,-10.396727062213426
-1.48040771484375,-8.072074734185325,-17.552147011385387,-9.5950958512023
-1.4801025390625,-9.366610327136902,-21.667641878168432,-8.799805663914876
-1.47979736328125,-11.277467643076086,-23.74337111336036,-8.08170085676143
-1.4794921875,-14.118296949957259,-22.05600792962941,-7.497764972792618
-1.47918701171875,-18.577996957711292,-20.14407900735753,-7.086870783977506
-1.4788818359375,-24.805565755389317,-19.09349058428645,-6.874027269475649
-1.47857666015625,-21.22402421552676,-18.84440721313769,-6.876290699388155
-1.478271484375,-16.18926972589474,-19.297193329054952,-7.107809171378778
-1.47796630859375,-13.207179956007186,-20.426732752982804,-7.583817596756484
-1.4776611328125,-11.405154652136211,-22.288886131601387,-8.324212565797549
-1.47735595703125,-10.38629484151938,-25.02811609807395,-9.357587202971295
-1.47705078125,-9.979054133076374,-28.78209003622592,-10.726760929842868
-1.47674560546875,-10.117399770482084,-32.3604585825276,-12.496595801333083
-1.4764404296875,-10.799505875901819,-31.564099849855634,-14.760586913581893
-1.47613525390625,-12.072456349122746,-28.93811117023594,-17.607025457730124
-1.475830078125,-13.999622816484663,-27.156025162829792,-20.758417258774312
-1.47552490234375,-16.423762996954707,-26.22690229041227,-22.168712515372995
-1.4752197265625,-17.919285856005832,-25.890552501310907,-20.268523090973748
-1.47491455078125,-16.442683606591558,-25.930279703328285,-17.628686204562552
-1.474609375,-13.758643352936154,-26.201525060467592,-15.441144950610681
-1.47430419921875,-11.487333326073959,-26.689162260680583,-13.735320832336551
-1.4739990234375,-9.836296137827901,-27.57624237324512,-12.403341545859654
-1.47369384765625,-8.725643872874846,-29.313472091163106,-11.367006659810151
-1.473388671875,-8.071568767491225,-32.770424341342746,-10.584118892749546
-1.47308349609375,-7.816490375334876,-36.017608812281,-10.03824021607804
-1.4727783203125,-7.922506300215425,-29.259361722614962,-9.730488597144776
-1.47247314453125,-8.359172017681757,-23.409911599895135,-9.675071502622604
-1.47216796875,-9.084136216772706,-19.29950351007468,-9.898242166529258
-1.47186279296875,-10.006300701058006,-16.216025471208233,-10.440418461350479
-1.4715576171875,-10.925179269141335,-13.82349315366849,-11.361363144641057
-1.47125244140625,-11.50316705245231,-11.952222958988353,-12.746513701176678
-1.470947265625,-11.445184482880443,-10.508371656503463,-14.696385452668096
-1.47064208984375,-10.809301854041603,-9.438154325618505,-17.16905287073
-1.4703369140625,-9.933239944865466,-8.712429609002863,-19.08968062054307
-1.47003173828125,-9.114204313871873,-8.31996735333398,-18.067073692775374
-1.4697265625,-8.506381544126505,-8.265202136831416,-15.280837462045401
-1.46942138671875,-8.171294409665109,-8.568959156877947,-12.742449638293003
-1.4691162109375,-8.131008651497531,-9.27145130319401,-10.799464394816631
-1.46881103515625,-8.396052740692069,-10.43511239472975,-9.380661405830914
-1.468505859375,-8.978081624486014,-12.131078768565004,-8.394764419409098
-1.46820068359375,-9.896137934782825,-14.311884749112574,-7.77844230593598
-1.4678955078125,-11.180728147028718,-16.174336761291922,-7.493943122754956
-1.46759033203125,-12.876671296416138,-15.699818889513633,-7.523654436740072
-1.46728515625,-15.040271003554231,-13.271097844656667,-7.86757633624048
-1.46697998046875,-17.704241799602496,-10.810170977270682,-8.54449819069888
-1.4666748046875,-20.68761793581602,-8.868843024784457,-9.598300701166872
-1.46636962890625,-22.9952315932457,-7.443093469156898,-11.114023274953489
-1.466064453125,-23.153493397181578,-6.4589868614410175,-13.258275639207111
-1.46575927734375,-21.88500771088567,-5.857951593904406,-16.39820795381042
-1.4654541015625,-20.47067664595827,-5.603801258213618,-21.58978393209533
-1.46514892578125,-19.150451351061427,-5.679593404521764,-35.05937959291428
-1.46484375,-17.783861199400636,-6.085368514025657,-25.731401927611167
-1.46453857421875,-16.278135498246147,-6.838398520635382,-19.036257009831683
-1.4642333984375,-14.686272152178779,-7.9763220766417575,-15.609720337015098
-1.46392822265625,-13.131826127368349,-9.563003539947072,-13.456317203011627
-1.463623046875,-11.720020519147521,-11.691407162259571,-12.00577631509118
-1.46331787109375,-10.510842476903655,-14.43560019807296,-11.011336468610436
-1.4630126953125,-9.529398712700845,-17.44193719600727,-10.34079176086525
-1.46270751953125,-8.781677358583424,-18.648118983717623,-9.912875859301465
-1.46240234375,-8.26541923119104,-16.901988852474396,-9.672703317707038
-1.46209716796875,-7.976180052602848,-14.654200317887838,-9.580985147732855
-1.4617919921875,-7.910538335373827,-12.960482514839413,-9.609061814671145
-1.46148681640625,-8.067964204507113,-11.8528107584266,-9.73671488325685
-1.461181640625,-8.452311015166373,-11.228424482305714,-9.951405946300936
-1.46087646484375,-9.073634584800867,-11.000628673444774,-10.248287495460474
-1.4605712890625,-9.951121985245184,-11.106345708511228,-10.630700073088653
-1.46026611328125,-11.11845703118881,-11.496604069283737,-11.111124040367628
-1.4599609375,-12.634528388646727,-12.126076132884187,-11.712750654490076
-1.45965576171875,-14.607038577595926,-12.941650452225709,-12.47197083178924
-1.4593505859375,-17.25275994048196,-13.86799641058264,-13.441985549259357
-1.45904541015625,-21.09292002576566,-14.79031555847439,-14.696322041516911
-1.458740234375,-27.970314968609316,-15.544572699152079,-16.321880761946595
-1.45843505859375,-42.789230635528114,-15.94431823111239,-18.33787499978659
-1.4581298828125,-25.669106563832486,-15.865235545178212,-20.243401947745507
-1.45782470703125,-20.427454449275373,-15.325787989985,-20.2186691769748
-1.45751953125,-17.304345714831257,-14.464539981670331,-17.76869018871887
-1.45721435546875,-15.108735648082444,-13.446865791585747,-14.848065702677077
-1.4569091796875,-13.441152417654225,-12.403338376598663,-12.314647154191817
-1.45660400390625,-12.12187306365687,-11.41967297650999,-10.239749961825737
-1.456298828125,-11.057614363169591,-10.547657605092592,-8.557616869709365
-1.45599365234375,-10.195891728706787,-9.81714232541883,-7.2042295898510655
-1.4556884765625,-9.505581875170778,-9.244299814707444,-6.133457640893045
-1.45538330078125,-8.967418337039366,-8.836590503657286,-5.314215240365572
-1.455078125,-8.56890814346986,-8.595474217318955,-4.726335272241765
-1.45477294921875,-8.301426285788656,-8.517542194759027,-4.357589292441109
-1.4544677734375,-8.158423335112651,-8.594378117600707,-4.201809086053509
-1.45416259765625,-8.134167749989263,-8.811230761504081,-4.257791327397646
-1.453857421875,-8.22266627138846,-9.144544530816237,-4.528729681054308
-1.45355224609375,-8.416517621960807,-9.558730955852972,-5.021984576322044
-1.4532470703125,-8.705532949453849,-10.00361481062704,-5.748997664621136
-1.45294189453125,-9.075070650149282,-10.415843279434034,-6.7250154466550915
-1.45263671875,-9.504278566721565,-10.728700924803103,-7.967814451087745
-1.45233154296875,-9.96492021852401,-10.891167922632999,-9.49329391037372
-1.4520263671875,-10.422160210659312,-10.887156625615532,-11.302338910979156
-1.45172119140625,-10.839095026849856,-10.7401656624445,-13.345911405804058
-1.451416015625,-11.185751463488105,-10.499433322862489,-15.450789680439694
-1.45111083984375,-11.449980494007859,-10.219626585081112,-17.24948418930979
-1.4508056640625,-11.644378664412546,-9.947059674257751,-18.361517946732977
-1.45050048828125,-11.804663039924598,-9.715297938013954,-18.84331115374215
-1.4501953125,-11.981015971094664,-9.546268111544169,-19.120315357767833
-1.44989013671875,-12.228397304207663,-9.452667040379412,-19.49355401932162
-1.4495849609375,-12.600595207208148,-9.439402001302955,-19.920021484209556
-1.44927978515625,-13.148827496228876,-9.503343247027443,-20.000443438776077
-1.448974609375,-13.922789530527233,-9.631541985734493,-19.295124123223296
-1.44866943359375,-14.969619655072737,-9.798838403422405,-17.922276043631314
-1.4483642578125,-16.318585193104408,-9.967010680203465,-16.3990440462196
-1.44805908203125,-17.91058136586259,-10.089082098321693,-15.097602440755187
-1.44775390625,-19.372119814949354,-10.121956697896778,-14.16994882725313
-1.44744873046875,-19.776528103352927,-10.044932316547989,-13.660070161903313
-1.4471435546875,-18.59118528058259,-9.873182865673927,-13.567896810549534
-1.44683837890625,-16.625863535502965,-9.65552365665982,-13.850467263392739
-1.446533203125,-14.6820770810106,-9.45864603360387,-14.354837925694145
-1.44622802734375,-13.021361106000908,-9.349985930286838,-14.677188133807256
-1.4459228515625,-11.673093093312616,-9.3875722546207,-14.198454718803523
-1.44561767578125,-10.610817557899932,-9.61610637011524,-12.734193468395592
-1.4453125,-9.80301255698713,-10.063067207959778,-10.798380959268538
-1.44500732421875,-9.224580315632087,-10.725159643900268,-8.902312924256771
-1.4447021484375,-8.85843060909265,-11.52942213055604,-7.2651599444104855
-1.44439697265625,-8.695045442445654,-12.256660992065061,-5.940898516824231
-1.444091796875,-8.732084104585606,-12.50501573580806,-4.926987638646372
-1.44378662109375,-8.974635378667404,-11.950419322849235,-4.207621203226303
-1.4434814453125,-9.436489343290935,-10.740824101437806,-3.7675866861558376
-1.44317626953125,-10.143039741177592,-9.304797321329369,-3.5959180414644165
-1.44287109375,-11.137165744645433,-7.953482832921784,-3.686031938575965
-1.44256591796875,-12.49135613755723,-6.822194252990129,-4.034088448886499
-1.4422607421875,-14.334929765670154,-5.952789888347846,-4.635073426240414
-1.44195556640625,-16.924958900119837,-5.351920456304252,-5.47410719418258
-1.441650390625,-20.88204940778022,-5.0165753808241,-6.507789198930518
-1.44134521484375,-28.38476357109805,-4.943722591680058,-7.62960940184517
-1.4410400390625,-32.13403723763173,-5.133506932176023,-8.631476685317857
-1.44073486328125,-22.5961879770571,-5.589538533533631,-9.239072954810704
-1.4404296875,-18.11999623674868,-6.316627287658903,-9.308436261985252
-1.44012451171875,-15.345292782471578,-7.313530317856415,-8.98350227285989
-1.4398193359375,-13.430052326480592,-8.553600264096229,-8.553743349926693
-1.43951416015625,-12.051206312239106,-9.939302117305221,-8.252567235952101
-1.439208984375,-11.051791085763954,-11.226590310853906,-8.216786297820292
-1.43890380859375,-10.344379423160806,-12.021434468967696,-8.52844140585485
-1.4385986328125,-9.875882847167093,-12.07631308444292,-9.258900760903355
-1.43829345703125,-9.61218847451249,-11.60384648720311,-10.506094716003078
-1.43798828125,-9.530528422118746,-11.024281333145247,-12.445543136146151
-1.43768310546875,-9.615239705226756,-10.63043631266076,-15.452242566710723
-1.4373779296875,-9.855063633046099,-10.56348022174262,-20.521286089721254
-1.43707275390625,-10.241007193065801,-10.888887974187739,-29.023609522725945
-1.436767578125,-10.764038273287216,-11.639476020189905,-22.093375287009952
-1.43646240234375,-11.411812118745896,-12.801658671596137,-16.667813543581065
-1.4361572265625,-12.163373211306274,-14.18916856102626,-13.641084571514666
-1.43585205078125,-12.980722587669947,-15.133191686059408,-11.790634354455163
-1.435546875,-13.797635842032827,-14.66212665525292,-10.676460571235554
-1.43524169921875,-14.512218009629134,-12.965963507243785,-10.103038097071801
-1.4349365234375,-15.001122650863492,-11.040304686414387,-9.973905197690806
-1.43463134765625,-15.172062426051141,-9.394168759553741,-10.242759214018397
-1.434326171875,-15.026297951032518,-8.141341320875991,-10.89463716160081
-1.43402099609375,-14.66316069862862,-7.278026336037167,-11.938680731169676
-1.4337158203125,-14.221436753553927,-6.782778181120195,-13.40465463151299
-1.43341064453125,-13.824430973173065,-6.642998025599324,-15.331237894321731
-1.43310546875,-13.56378599861934,-6.8626766201219525,-17.69629166994467
-1.43280029296875,-13.508339375328246,-7.468147841045068,-20.09228679088958
-1.4324951171875,-13.719990322197642,-8.518973703710918,-21.114961485361178
-1.43218994140625,-14.271194229649469,-10.133308415943635,-19.934606269088412
-1.431884765625,-15.2687167343263,-12.55415733608713,-17.975915850793363
-1.43157958984375,-16.90046716404916,-16.359214255276417,-16.220667524243648
-1.4312744140625,-19.56382096430421,-23.27412832345965,-14.835968143710065
-1.43096923828125,-24.367356052947947,-25.932665471008495,-13.777411614725409
-1.4306640625,-34.80196391515307,-17.96991442199315,-12.980339941399661
-1.43035888671875,-25.417702896973154,-13.81283489738776,-12.39389905938336
-1.4300537109375,-19.090833626373158,-11.299068081117909,-11.981974225850813
-1.42974853515625,-15.43147426784951,-9.676260916557565,-11.717998780903066
-1.429443359375,-12.975035391674885,-8.640086685930562,-11.579061985087746
-1.42913818359375,-11.247660507522475,-8.040385260026117,-11.540716523010964
-1.4288330078125,-10.045544366849676,-7.793220567210248,-11.573533215540264
-1.42852783203125,-9.269649362076114,-7.8474102852871175,-11.642959940061159
-1.42822265625,-8.872935720261813,-8.169173503102604,-11.714228624479404
-1.42791748046875,-8.840979386831588,-8.733674304688169,-11.762417483335561
-1.4276123046875,-9.186238212021342,-9.519171125077087,-11.783832673079026
-1.42730712890625,-9.950973171238566,-10.501774562729063,-11.801936958000203
-1.427001953125,-11.219979064532106,-11.649839235037378,-11.863997254137804
-1.42669677734375,-13.149444125793035,-12.918059047567407,-12.031779411109875
-1.4263916015625,-16.01312572239602,-14.243233389419917,-12.373295225865018
-1.42608642578125,-20.01513644901018,-15.546312139908265,-12.96022438032135
-1.42578125,-22.053577478503907,-16.745507252169233,-13.871720006716892
-1.42547607421875,-18.346878965012003,-17.777365576201515,-15.202948891821046
-1.4251708984375,-14.75457742983616,-18.610759928214748,-17.070956119673653
-1.42486572265625,-12.304331146171545,-19.242952584411018,-19.566323694064284
-1.424560546875,-10.68314140027514,-19.6895949170965,-22.32053125621938
-1.42425537109375,-9.674196731230623,-19.987554888790115,-23.20222204773849
-1.4239501953125,-9.160846388336871,-20.207430478002752,-21.201222070495405
-1.42364501953125,-9.083647918727257,-20.4567085435337,-18.842390519968436
-1.42333984375,-9.415331762344778,-20.8693672816189,-17.146382931670313
-1.42303466796875,-10.141017647426054,-21.598496331990773,-16.164616967124783
-1.4227294921875,-11.223069354740423,-22.830149199269552,-15.847803055177739
-1.42242431640625,-12.507789298774606,-24.83145807198508,-16.2017781484087
-1.422119140625,-13.53628509115407,-28.015023876012183,-17.331185949638723
-1.42181396484375,-13.579681170410653,-32.069456352520675,-19.53255238145185
-1.4215087890625,-12.496168759772171,-30.530795113343498,-23.642757748371753
-1.42120361328125,-10.954272381147032,-25.828180264927475,-32.17596121583621
-1.4208984375,-9.506725017634238,-22.44330414276873,-27.047064549636538
-1.42059326171875,-8.35377898438382,-20.149723397282738,-20.3566746376414
-1.4202880859375,-7.5320852379134315,-18.611742918221275,-16.66158706027928
-1.41998291015625,-7.030621595056667,-17.63954898684149,-14.337355769606932
-1.419677734375,-6.830222152144685,-17.116310536425484,-12.855212223849621
-1.41937255859375,-6.914564308807564,-16.94782266054547,-11.99737106402008
-1.4190673828125,-7.272366968509499,-17.02240792292522,-11.668538599303771
-1.41876220703125,-7.897063414436483,-17.17349512414557,-11.838217964436435
-1.41845703125,-8.785878112060061,-17.17348509133954,-12.521304306627908
-1.41815185546875,-9.939148875482495,-16.824054123033598,-13.76864798507807
-1.4178466796875,-11.361057430700207,-16.108682896708068,-15.626495230245368
-1.41754150390625,-13.064535479593658,-15.202141449061493,-17.865682814119303
-1.417236328125,-15.086368418271967,-14.320152919585421,-19.0113841688444
-1.41693115234375,-17.522435962602035,-13.615242777051805,-17.40576314452359
-1.4166259765625,-20.582815031673608,-13.171093405287111,-14.772838330662651
-1.41632080078125,-24.432222467098477,-13.028193767419046,-12.518315412448517
-1.416015625,-26.409391912334254,-13.200316011944615,-10.83586299520258
-1.41571044921875,-22.61966631231148,-13.670153402451604,-9.657605925902745
-1.4154052734375,-18.465920706463987,-14.352383881283844,-8.906089687763698
-1.41510009765625,-15.299722432270661,-15.012421845083084,-8.52610411151137
-1.414794921875,-12.887528262488328,-15.221357954568262,-8.482013211365539
-1.41448974609375,-11.034830913756277,-14.629985094747068,-8.75150184517113
-1.4141845703125,-9.630698641477608,-13.39452620937192,-9.318976045714539
-1.41387939453125,-8.612761253638315,-11.963497719741463,-10.166374392819346
-1.41357421875,-7.94748693436007,-10.65314162981527,-11.25608559054445
-1.41326904296875,-7.621195782613017,-9.595401747179931,-12.497929750769663
-1.4129638671875,-7.636848290118822,-8.827858893752312,-13.701467248166628
-1.41265869140625,-8.014454965401068,-8.353573558935542,-14.573542389316499
-1.412353515625,-8.794238178852542,-8.165956359184927,-14.888591764446435
-1.41204833984375,-10.040516530649272,-8.25684810541986,-14.721326819165728
-1.4117431640625,-11.832059378026443,-8.616948388699997,-14.36773180400803
-1.41143798828125,-14.147247731960928,-9.230834981245366,-14.095393576060138
-1.4111328125,-16.227846915511247,-10.064773294157218,-14.059556946617162
-1.41082763671875,-15.932069523768336,-11.04360395228126,-14.341269016125613
-1.4105224609375,-13.533074700776409,-12.019933786207677,-14.995665509647733
-1.41021728515625,-11.092691634210087,-12.772887451578136,-16.086577596929747
-1.409912109375,-9.194714973974431,-13.112033841677622,-17.720548437246364
-1.40960693359375,-7.827771324154368,-13.044636743993308,-20.110056080003275
-1.4093017578125,-6.911979172258307,-12.776418764214558,-23.76406778756609
-1.40899658203125,-6.386211908162277,-12.546095775259476,-30.44901412911519
-1.40869140625,-6.214098641117246,-12.523988061312574,-45.40162334194915
-1.40838623046875,-6.38065648490774,-12.817359915653974,-28.65809905681243
-1.4080810546875,-6.8908078351912,-13.50868839086348,-23.578074149133627
-1.40777587890625,-7.772018024583666,-14.694026204604945,-20.7396579171525
-1.407470703125,-9.083618345138895,-16.530711690522295,-18.928799750356944
-1.40716552734375,-10.939991316609909,-19.341737573000973,-17.739366166809255
-1.4068603515625,-13.569997569389143,-23.994236871828335,-16.989660444485096
-1.40655517578125,-17.493218177343508,-34.90000408641378,-16.587091160418538
-1.40625,-24.04358455942053,-31.644383513700713,-16.480748152084146
-1.40594482421875,-27.20044746686539,-23.809072825919714,-16.63736536553246
-1.4056396484375,-20.278114482620083,-20.363187655839162,-17.02054455534029
-1.40533447265625,-16.410785731326488,-18.52233183166762,-17.561278525011666
-1.405029296875,-14.153387852386468,-17.632716323157005,-18.113205033605272
-1.40472412109375,-12.791006259776829,-17.4657627422249,-18.420599392859724
-1.4044189453125,-12.025054880365914,-17.957012689117022,-18.207415011036407
-1.40411376953125,-11.709558049645313,-19.150319883069006,-17.41483527046187
-1.40380859375,-11.766941349425492,-21.208638948187108,-16.264687638332816
-1.40350341796875,-12.15637683474911,-24.406289117310166,-15.036551501097799
-1.4031982421875,-12.860780828616129,-27.952424662958514,-13.909118750239557
-1.40289306640625,-13.881971192501801,-26.16358515962187,-12.96222333200328
-1.402587890625,-15.240201653546022,-21.86894831910443,-12.221141871257824
-1.40228271484375,-16.975697074666755,-18.608874343247354,-11.687280910857343
-1.4019775390625,-19.145225213188,-16.248082132746188,-11.353545513461096
-1.40167236328125,-21.7771651584588,-14.496487110314852,-11.211630150937212
-1.4013671875,-24.608750018199835,-13.180581865899732,-11.256017537385858
-1.40106201171875,-26.32752313612309,-12.201154757963703,-11.487060545466862
-1.4007568359375,-25.6007261968973,-11.502711230394558,-11.914270351261107
-1.40045166015625,-23.82608488305655,-11.057886417367296,-12.560375452130506
-1.400146484375,-22.28936245659856,-10.859734466556644,-13.46642193038798
-1.39984130859375,-21.24607136061276,-10.918486180959107,-14.697252874199556
-1.3995361328125,-20.672428376409883,-11.261814484179887,-16.34033298083606
-1.39923095703125,-20.5117854233376,-11.939388967007227,-18.450428410808012
-1.39892578125,-20.704311144230164,-13.034895407678974,-20.68133936383564
-1.39862060546875,-21.159580464939136,-14.69435930671898,-21.294792440272513
-1.3983154296875,-21.695362583502124,-17.196072155564462,-19.210612090080886
-1.39801025390625,-21.981209278368507,-21.123374494427736,-16.445314535716314
-1.397705078125,-21.657948630778023,-26.879615205892584,-14.102552641464674
-1.39739990234375,-20.684975984072874,-24.773034392474628,-12.298134649997492
-1.3970947265625,-19.38288803711219,-19.375116955535816,-10.970371302795483
-1.39678955078125,-18.087921654595437,-15.973203987559215,-10.060839444242447
-1.396484375,-16.98385537515866,-13.780949861640995,-9.536519667421363
-1.39617919921875,-16.14237201681459,-12.368107777494433,-9.389506336873573
-1.3958740234375,-15.584496820491498,-11.537859422253842,-9.637613572910942
-1.39556884765625,-15.313699813186808,-11.200187149220861,-10.33132913708804
-1.395263671875,-15.329680935484598,-11.325110830107867,-11.573605627269409
-1.39495849609375,-15.633016718135618,-11.9286966348392,-13.571213243321
-1.3946533203125,-16.224930135549933,-13.078152550189365,-16.78208962248359
-1.39434814453125,-17.102064864316528,-14.918325766733957,-22.335260678493306
-1.39404296875,-18.241822925339434,-17.729709287960418,-26.409708318391168
-1.39373779296875,-19.568514359571495,-21.875057724085213,-19.296581682768487
-1.3934326171875,-20.894628138112317,-24.84789457414599,-14.826433327209646
-1.39312744140625,-21.89405905915775,-21.12656423957642,-12.092715441256605
-1.392822265625,-22.281689001547175,-17.316107198790785,-10.340040703974589
-1.39251708984375,-22.124266306495883,-14.804818610689498,-9.259635491292723
-1.3922119140625,-21.767530455876294,-13.206376054708393,-8.712154068722029
-1.39190673828125,-21.51359442565298,-12.272777474399309,-8.638833024929124
-1.3916015625,-21.510853467853927,-11.879453218260789,-9.032123704739139
-1.39129638671875,-21.786887624419343,-11.972614591268275,-9.931282410450027
-1.3909912109375,-22.263900630843963,-12.545597255560182,-11.437370503553911
-1.39068603515625,-22.727206656831896,-13.629767677926841,-13.757227720789633
-1.390380859375,-22.830673739952424,-15.282178017542051,-17.27962141270635
-1.39007568359375,-22.315166856835148,-17.500744620217525,-21.987577603145954
-1.3897705078125,-21.28391274455243,-19.743352675838413,-21.550325483808138
-1.38946533203125,-20.065229378154818,-20.064641633857676,-17.04514380799333
-1.38916015625,-18.91570799897786,-18.008054759339814,-13.878049280713697
-1.38885498046875,-17.950810386714913,-15.624529047313178,-11.851307731841707
-1.3885498046875,-17.197057888902613,-13.737284600759988,-10.59636956349282
-1.38824462890625,-16.63884156829088,-12.392063318963771,-9.914977766008352
-1.387939453125,-16.242651602213282,-11.515592837642508,-9.699329363118029
-1.38763427734375,-15.970105822424227,-11.046401017293297,-9.885272655175143
-1.3873291015625,-15.788429660017577,-10.949569425126477,-10.424599312009198
-1.38702392578125,-15.681152858504767,-11.216214471860482,-11.259238754429147
-1.38671875,-15.657272100728763,-11.865315867839556,-12.286050851022516
-1.38641357421875,-15.756053262995653,-12.95334659161827,-13.316358307883391
-1.3861083984375,-16.048229139869136,-14.601038371599678,-14.088965218281091
-1.38580322265625,-16.64028781858233,-17.068449330679123,-14.430628655211668
-1.385498046875,-17.695374244777383,-21.019319875604893,-14.438003818971163
-1.38519287109375,-19.503409280986407,-29.11875436666381,-14.395332432870013
-1.3848876953125,-22.734997948722118,-32.74799553917884,-14.566918255905946
-1.38458251953125,-29.936703585423917,-22.354029982288708,-15.11518698203422
-1.38427734375,-33.64274471253593,-17.926367839909563,-16.07635815877282
-1.38397216796875,-22.29853396846723,-15.275098520240398,-17.196227952030803
-1.3836669921875,-17.12785438663809,-13.544682931004889,-17.55746430039338
-1.38336181640625,-13.76580236493407,-12.420818851191433,-16.2353713767408
-1.383056640625,-11.328134730394101,-11.758980548481407,-13.932734165130043
-1.38275146484375,-9.486094230910094,-11.485920596208697,-11.669412668349096
-1.3824462890625,-8.082481683344303,-11.562815393389073,-9.792352899594302
-1.38214111328125,-7.031218375608237,-11.965264989591091,-8.336120932912573
-1.3818359375,-6.2814174443591195,-12.662710912386782,-7.264732764786429
-1.38153076171875,-5.801858991386134,-13.581274471491211,-6.537168813773302
-1.3812255859375,-5.5732696588290755,-14.533628841890971,-6.119945925105959
-1.38092041015625,-5.5838619144164605,-15.155391776224029,-5.986951530615653
-1.380615234375,-5.826049745017712,-15.06329115976597,-6.116100105088781
-1.38031005859375,-6.2929393440648695,-14.264647438503882,-6.484466149690322
-1.3800048828125,-6.973066077337346,-13.140525288234578,-7.061573277035435
-1.37969970703125,-7.841278679516785,-12.033696627664352,-7.800671991923478
-1.37939453125,-8.843648647630845,-11.104134411886605,-8.630676407949883
-1.37908935546875,-9.87874752150265,-10.392564391359908,-9.45846684359713
-1.3787841796875,-10.794649456527008,-9.884125935332236,-10.197146391644374
-1.37847900390625,-11.442383838624703,-9.538245105111185,-10.819882020048508
-1.378173828125,-11.784202420572145,-9.301616835227279,-11.39944273459971
-1.37786865234375,-11.942185314701954,-9.1182770583794,-12.096882283307519
-1.3775634765625,-12.12177400990593,-8.943036256472213,-13.129469847890402
-1.37725830078125,-12.520854670193696,-8.756457091231626,-14.778411129912566
-1.376953125,-13.310963226918593,-8.57333679465321,-17.464559324036028
-1.37664794921875,-14.672900382538387,-8.438940350908366,-21.54452207062418
-1.3763427734375,-16.855416122919674,-8.416858547673998,-22.151780719202463
-1.37603759765625,-20.145258320689642,-8.577858028156948,-16.865938671680052
-1.375732421875,-23.163990021753897,-8.995570474239086,-12.659529512788225
-1.37542724609375,-20.513636156449827,-9.748485894502346,-9.67101301126577
-1.3751220703125,-16.382508033228515,-10.9212558948387,-7.47163846179912
-1.37481689453125,-13.349452851707458,-12.576336669249006,-5.822447635875578
-1.37451171875,-11.212235285162373,-14.556386497718973,-4.589744501221994
-1.37420654296875,-9.716412595266593,-15.773525819286556,-3.6925284414356403
-1.3739013671875,-8.71147291433539,-14.598643218946671,-3.077699716502172
-1.37359619140625,-8.109778280851328,-12.059812048070244,-2.7075150238992594
-1.373291015625,-7.858359189597993,-9.660825448478032,-2.552439995343556
-1.37298583984375,-7.922684025110324,-7.757158503242376,-2.586452472177948
-1.3726806640625,-8.274704543129932,-6.330446594588115,-2.783518759698228
-1.37237548828125,-8.879084441794289,-5.315950622716924,-3.1148675351881794
-1.3720703125,-9.671519560646166,-4.661083644544439,-3.5474332894322442
-1.37176513671875,-10.52623288177494,-4.32981495291359,-4.044569004390939
-1.3714599609375,-11.233130377692877,-4.298633140366707,-4.570418456565746
-1.37115478515625,-11.557161702216979,-4.551421119809235,-5.098236820044228
-1.370849609375,-11.411917357311719,-5.072929996600023,-5.620081541473381
-1.37054443359375,-10.945995030973762,-5.837949624558707,-6.152818025666073
-1.3702392578125,-10.402243306244943,-6.791188644646654,-6.736921622518182
-1.36993408203125,-9.966792016573557,-7.814456685857002,-7.4297972745638905
-1.36962890625,-9.741091088311062,-8.69980012448492,-8.299022350875717
-1.36932373046875,-9.769330646351259,-9.203641760706454,-9.420017103922806
-1.3690185546875,-10.061267874670655,-9.22808943443463,-10.879536209633237
-1.36871337890625,-10.595721206696982,-8.92476279747155,-12.782993219887057
-1.368408203125,-11.301662024261859,-8.552276605325703,-15.25155582974209
-1.36810302734375,-12.017926387509677,-8.313397254480252,-18.313538714240757
-1.3677978515625,-12.471878662755493,-8.325309776919404,-21.20001242078192
-1.36749267578125,-12.396257245342458,-8.652421834370179,-21.531638357257933
-1.3671875,-11.773053968111867,-9.337819558066075,-19.771397562741853
-1.36688232421875,-10.850955976111623,-10.421056593457298,-18.2118248206806
-1.3665771484375,-9.90610127165956,-11.94322922404812,-17.440440036951742
-1.36627197265625,-9.108084452837765,-13.930128272565627,-17.487923517498288
-1.365966796875,-8.536313586348266,-16.306439208566058,-18.348773572448394
-1.36566162109375,-8.225792330616958,-18.63252704798088,-19.92258314793713
-1.3653564453125,-8.197426006378588,-19.937100747481605,-21.27500819466245
-1.36505126953125,-8.474962337746193,-19.93107677071185,-20.100967830632488
-1.36474609375,-9.097124575387053,-19.607330732441643,-17.03491075045319
-1.36444091796875,-10.132577875427017,-19.68365983066324,-14.12880415336371
-1.3641357421875,-11.708761560017233,-20.075872996461875,-11.84705846299588
-1.36383056640625,-14.084377819751984,-19.709772712606522,-10.140948756561999
-1.363525390625,-17.885161302023306,-17.519155405463216,-8.919437584012774
-1.36322021484375,-25.15539031669801,-14.449197393662645,-8.117191682505581
-1.3629150390625,-27.13990625205178,-11.58373829652551,-7.69636756734462
-1.36260986328125,-18.654336754275956,-9.203435579605024,-7.642498363245485
-1.3623046875,-14.343065634778009,-7.297027858245945,-7.963380506441851
-1.36199951171875,-11.67272521643844,-5.804805578539378,-8.693064333774906
-1.3616943359375,-9.894935197646454,-4.672979667588983,-9.904551129945014
-1.36138916015625,-8.71951371083262,-3.8613086513196793,-11.742107081937249
-1.361083984375,-8.013999484297893,-3.341625723763099,-14.51056827975254
-1.36077880859375,-7.7182007344461026,-3.0953051018677558,-18.98309432491184
-1.3604736328125,-7.815119773257587,-3.111112250254695,-27.529730654527604
-1.36016845703125,-8.323246640291865,-3.383409553161199,-24.849892634566825
-1.35986328125,-9.302859369879473,-3.9102369395447907,-18.212743695198327
-1.35955810546875,-10.882129339936188,-4.690319514026299,-14.7918818543504
-1.3592529296875,-13.332769934108553,-5.717085035496272,-12.797700597137538
-1.35894775390625,-17.321986602692263,-6.965897639907407,-11.657305114864368
-1.358642578125,-24.850434408871052,-8.368693849532226,-11.139019232108136
-1.35833740234375,-24.596116455565124,-9.776021692802665,-11.139996572756168
-1.3580322265625,-17.276506250132563,-10.94540398256838,-11.618673166434219
-1.35772705078125,-13.427678751362668,-11.654548485183966,-12.561223544841148
-1.357421875,-11.110055549893474,-11.908451983391453,-13.93340924933322
-1.35711669921875,-9.687013128979252,-11.94549859689036,-15.53462114541267
-1.3568115234375,-8.908682379927797,-12.032817864993891,-16.661456882004245
-1.35650634765625,-8.672122400590759,-12.34752338411656,-16.29788291513488
-1.356201171875,-8.953616761764776,-12.984934631501899,-14.667855575205067
-1.35589599609375,-9.795346138548457,-13.992539435076978,-12.796428215583331
-1.3555908203125,-11.328164470526449,-15.381946180174815,-11.174768678588563
-1.35528564453125,-13.859242102978513,-17.102035914483164,-9.891752514711854
-1.35498046875,-18.15572876855821,-18.954203197699265,-8.918803176484243
-1.35467529296875,-25.08160583946312,-20.50173657294209,-8.206610792705431
-1.3543701171875,-20.52575266313,-21.288829780465907,-7.708706835801101
-1.35406494140625,-14.782490563308269,-21.34129314403561,-7.386385508969689
-1.353759765625,-11.357580622396938,-20.928759577700898,-7.209967187569655
-1.35345458984375,-9.1256670028022,-19.964684808430285,-7.159928569678242
-1.3531494140625,-7.631698849639571,-18.195971315625663,-7.228281144189333
-1.35284423828125,-6.668142307936727,-15.813184110710498,-7.419785427542332
-1.3525390625,-6.129508674111104,-13.303487251086594,-7.752742272693728
-1.35223388671875,-5.961536176940507,-10.99134280659478,-8.259772135616073
-1.3519287109375,-6.1415875261723265,-8.994698706303545,-8.98986283100921
-1.35162353515625,-6.672248468019577,-7.332457034277463,-10.013963815711623
-1.351318359375,-7.583419636149825,-5.990857890696465,-11.43799343355067
-1.35101318359375,-8.944740368947732,-4.949906054268019,-13.429643917411326
-1.3507080078125,-10.89978520579275,-4.19244361444645,-16.256111745577048
-1.35040283203125,-13.765903811338955,-3.707059565326828,-20.080431818773853
-1.35009765625,-18.42332868354086,-3.489149458301073,-22.033618053502124
-1.34979248046875,-29.589837565047215,-3.5417780640217913,-18.47377676496261
-1.3494873046875,-25.362060891290938,-3.8771384907268764,-14.78202616459702
-1.34918212890625,-17.263095724805563,-4.519285057418859,-12.125583575090976
-1.348876953125,-13.342327050361906,-5.5091307355466865,-10.227791649572055
-1.34857177734375,-10.851667606128013,-6.9133947263927436,-8.868226190419362
-1.3482666015625,-9.119488133775901,-8.83959614484661,-7.914177517420154
-1.34796142578125,-7.879353989143896,-11.450802902315251,-7.281375110002047
-1.34765625,-7.0032752091664,-14.867646445639593,-6.909540218930773
-1.34735107421875,-6.425498878433615,-17.99497498071557,-6.7475664432616185
-1.3470458984375,-6.113991243191621,-17.07798791543653,-6.743041035738029
-1.34674072265625,-6.0582109304222085,-14.131761620360813,-6.834407423100986
-1.346435546875,-6.264013683983247,-11.82457430806435,-6.947683599767123
-1.34613037109375,-6.7528000244348565,-10.308628620354728,-7.002945738289922
-1.3458251953125,-7.564531087847431,-9.414859450399492,-6.934316268981851
-1.34552001953125,-8.766133754543656,-9.016765403299031,-6.715549343956425
-1.34521484375,-10.469619943080211,-9.031460611009908,-6.370992756339307
-1.34490966796875,-12.868227766163704,-9.392242125040442,-5.961115614627172
-1.3446044921875,-16.277065662809434,-10.013677837804272,-5.555992151082458
-1.34429931640625,-20.598591740430848,-10.739979372715688,-5.216080867514304
-1.343994140625,-20.96037945683664,-11.293924876894994,-4.986021615995928
-1.34368896484375,-17.0100971881852,-11.341817220894947,-4.896636722299644
-1.3433837890625,-13.904935446956205,-10.762741470650708,-4.969536343810594
-1.34307861328125,-11.846123347796876,-9.774855465882071,-5.221500298142518
-1.3427734375,-10.520526348149811,-8.688727045921627,-5.6678770302798265
-1.34246826171875,-9.735034632340549,-7.7030313041817555,-6.325057994713762
-1.3421630859375,-9.377958666563641,-6.901994396152359,-7.212142685278337
-1.34185791015625,-9.37918823752751,-6.308126409725992,-8.351415435275344
-1.341552734375,-9.686608471433967,-5.917680148651171,-9.765696716077587
-1.34124755859375,-10.248921080917837,-5.717217448097874,-11.46588483461246
-1.3409423828125,-10.999074223766929,-5.690421232863912,-13.408419827942904
-1.34063720703125,-11.838428431818567,-5.820812988734926,-15.378684846488323
-1.34033203125,-12.633003595628445,-6.09302059282342,-16.82897859401023
-1.34002685546875,-13.244173703676978,-6.493752353541753,-17.163624282749065
-1.3397216796875,-13.592940668129216,-7.012921602325295,-16.56627059766534
-1.33941650390625,-13.693350401135758,-7.644929036817971,-15.71152001228125
-1.339111328125,-13.601166355013579,-8.389727225772438,-15.00819734610606
-1.33880615234375,-13.331707860566171,-9.25287378571543,-14.574952699451522
-1.3385009765625,-12.832993548568737,-10.243174291616048,-14.400051430036482
-1.33819580078125,-12.040963248220153,-11.36524676121616,-14.412139456327058
-1.337890625,-10.966462038559479,-12.601553748464632,-14.496705868328375
-1.33758544921875,-9.716228310667987,-13.875000994591321,-14.508592877396334
-1.3372802734375,-8.431458271239482,-14.993729224754668,-14.31587249033482
-1.33697509765625,-7.226235011592945,-15.651224697477844,-13.868263158499934
-1.336669921875,-6.170346091082399,-15.63138537944106,-13.223293166359493
-1.33636474609375,-5.298852982671298,-15.058548414683454,-12.496452216595644
-1.3360595703125,-4.625856761937486,-14.268747550510659,-11.794811707442074
-1.33575439453125,-4.1543688543812545,-13.535600299639688,-11.18759992069476
-1.33544921875,-3.881949911200902,-13.00332968363212,-10.708007276347143
-1.33514404296875,-3.803502613420788,-12.735083340086542,-10.364273831243757
-1.3348388671875,-3.9123872291764163,-12.757620673355603,-10.149392499427494
-1.33453369140625,-4.200586953053537,-13.081583268184552,-10.047820433042958
-1.334228515625,-4.658387728863305,-13.701470611341273,-10.040464936452537
-1.33392333984375,-5.2740007605585895,-14.570787845057659,-10.109251031107858
-1.3336181640625,-6.033738201102147,-15.533676681256425,-10.241721261543127
-1.33331298828125,-6.9237040741175315,-16.224266890614693,-10.43511797040356
-1.3330078125,-7.934283442688088,-16.156271781120044,-10.698859143923476
-1.33270263671875,-9.068613248574499,-15.227494293931079,-11.05470144569397
-1.3323974609375,-10.355566314742045,-13.858737579488427,-11.534942087187625
-1.33209228515625,-11.867942855376919,-12.479414929983095,-12.179803135000814
-1.331787109375,-13.751987199368699,-11.297593298514176,-13.034819901240443
-1.33148193359375,-16.297024943084253,-10.380265367830926,-14.147089451369945
-1.3311767578125,-20.173127123416812,-9.73993777570787,-15.55376842109262
-1.33087158203125,-27.63947534124427,-9.374639985359822,-17.239901970591664
-1.33056640625,-30.11013753157417,-9.283354580822401,-19.004758918895522
-1.33026123046875,-20.925695185980665,-9.472394705993366,-20.227425991214968
-1.3299560546875,-16.413388705789608,-9.959380633976323,-20.16679070015918
-1.32965087890625,-13.572962603411472,-10.777690847950488,-19.078448540629232
-1.329345703125,-11.61150944939876,-11.982781476043476,-17.799906860298247
-1.32904052734375,-10.216814446557187,-13.658959717403889,-16.7899256144244
-1.3287353515625,-9.230030650463197,-15.906032280181579,-16.184667455166434
-1.32843017578125,-8.552859682730539,-18.65265585084837,-16.015908421165037
-1.328125,-8.11208640137634,-20.64467019372527,-16.303322457779235
-1.32781982421875,-7.843306831338123,-19.513663649546896,-17.088622548037268
-1.3275146484375,-7.6839442954469375,-16.833739841577056,-18.458331604495463
-1.32720947265625,-7.573752408170069,-14.48599672719621,-20.573317344239562
-1.326904296875,-7.462574898148041,-12.730541980527263,-23.67196104394236
-1.32659912109375,-7.32213962725741,-11.482107428634322,-27.393594096149904
-1.3262939453125,-7.1542878210825664,-10.649122525659589,-27.36275074229484
-1.32598876953125,-6.988999823231923,-10.169261469892927,-23.708982079563135
-1.32568359375,-6.873437310912486,-10.00462898570818,-20.689100219838625
-1.32537841796875,-6.859510573337484,-10.135213568673212,-18.589272571776227
-1.3250732421875,-6.99599321671375,-10.5547800316185,-17.133581450752306
-1.32476806640625,-7.3259856754735795,-11.268930814739468,-16.109953984452257
-1.324462890625,-7.887075880680302,-12.294772836282222,-15.36068083279904
-1.32415771484375,-8.709915109698844,-13.661654603827687,-14.756229831802226
-1.3238525390625,-9.80731963738653,-15.411759021849207,-14.190908542123019
-1.32354736328125,-11.134283124658593,-17.595793218103275,-13.595178071759996
-1.3232421875,-12.479834657337683,-20.24408860678583,-12.94863815740364
-1.32293701171875,-13.323802347225755,-23.240342230947935,-12.276612241087674
-1.3226318359375,-13.102674776721656,-25.972063111144866,-11.629710748303953
-1.32232666015625,-11.966737258713351,-27.395538830174978,-11.061241408828991
-1.322021484375,-10.547802612519527,-27.752157829792843,-10.614099832965962
-1.32171630859375,-9.254384306989044,-28.38908266863882,-10.317494235752756
-1.3214111328125,-8.225986509098911,-30.35141340665319,-10.18866401082406
-1.32110595703125,-7.487129469220305,-34.929406945154284,-10.235588527227993
-1.32080078125,-7.0287689367891835,-37.44566826109167,-10.458779114708621
-1.32049560546875,-6.8369744123206875,-29.4647761696813,-10.851513951094944
-1.3201904296875,-6.902021201989063,-24.344982746129165,-11.398351983433077
-1.31988525390625,-7.221541971353304,-20.96573911464349,-12.071996493910808
-1.319580078125,-7.802562982538907,-18.56817917911077,-12.829134295896871
-1.31927490234375,-8.664507828677603,-16.821776588024772,-13.607254210360907
-1.3189697265625,-9.844989270581882,-15.555140841392443,-14.326462206630424
-1.31866455078125,-11.411701172688169,-14.666076247811901,-14.900551452558204
-1.318359375,-13.488645194308708,-14.085742702568652,-15.255992192446916
-1.31805419921875,-16.320725566534165,-13.761335858380395,-15.348514259098254
-1.3177490234375,-20.45308071512487,-13.645865562149995,-15.167951302906829
-1.31744384765625,-26.92375563470803,-13.690854161392052,-14.73515466201395
-1.317138671875,-27.320241853527264,-13.840694586723759,-14.098955795527946
-1.31683349609375,-21.29963399861999,-14.029411358697025,-13.331090988248494
-1.3165283203125,-17.604048497835997,-14.182411683120415,-12.514326583778164
-1.31622314453125,-15.190273767880935,-14.226230012537355,-11.727953367979564
-1.31591796875,-13.490637166656692,-14.10548385816584,-11.038458868125838
-1.31561279296875,-12.24510264476818,-13.798748296379289,-10.497863939805786
-1.3153076171875,-11.318497999034339,-13.322430043287508,-10.147286938027168
-1.31500244140625,-10.634919231019742,-12.720613895564481,-10.022768264821568
-1.314697265625,-10.151152668623089,-12.049588708091694,-10.162054985364641
-1.31439208984375,-9.844478185813955,-11.366049077649905,-10.612906716079875
-1.3140869140625,-9.706519640762174,-10.72144190296185,-11.4455553921247
-1.31378173828125,-9.740043760454475,-10.160667209556815,-12.776054811266114
-1.3134765625,-9.957567952438847,-9.723006454042144,-14.819194628714667
-1.31317138671875,-10.381532410400444,-9.444165637335715,-18.029124821955936
-1.3128662109375,-11.046404545057783,-9.359131843611287,-23.391645065846784
-1.31256103515625,-12.003904062290598,-9.506055057692915,-26.314644082068348
-1.312255859375,-13.334345309912036,-9.931939265417457,-19.71709526222172
-1.31195068359375,-15.172166923622646,-10.70205511537086,-15.27982760271556
-1.3116455078125,-17.77097089712381,-11.917778751334819,-12.396792251411611
-1.31134033203125,-21.708214773355987,-13.755518100472155,-10.398485807147473
-1.31103515625,-28.736011950261073,-16.564406018549242,-8.98873145566149
-1.31072998046875,-32.84030261426824,-21.1052066440225,-8.020798883437394
-1.3104248046875,-24.548491493341107,-26.547966592964617,-7.416342365005936
-1.31011962890625,-20.54613854807186,-21.43362936617806,-7.133745047869108
-1.309814453125,-18.366664780385754,-16.435724268801888,-7.154651974504272
-1.30950927734375,-17.236312878518298,-13.275250197755277,-7.478478837878898
-1.3092041015625,-16.89555559071389,-11.145002609751835,-8.121311819035789
-1.30889892578125,-17.28494987132447,-9.673965247860378,-9.117976221321545
-1.30859375,-18.479715497141125,-8.679195108756762,-10.526339398392563
-1.30828857421875,-20.695679898475568,-8.058328854319537,-12.42794763513626
-1.3079833984375,-24.05486161670205,-7.746503290450909,-14.88384424700393
-1.30767822265625,-25.433612961622863,-7.695494067933348,-17.60482009299566
-1.307373046875,-21.3629783756365,-7.860599540783998,-18.89340822711355
-1.30706787109375,-17.3879719516252,-8.189908401104603,-17.365705319230816
-1.3067626953125,-14.524639714147723,-8.615190935345726,-15.043891915992514
-1.30645751953125,-12.476265097711392,-9.048846103064887,-13.154227810939052
-1.30615234375,-11.024630007850597,-9.396643616257288,-11.817980235954346
-1.30584716796875,-10.045908494395137,-9.591370852529916,-10.953654384613415
-1.3055419921875,-9.471553133646406,-9.628675242252802,-10.476403006539645
-1.30523681640625,-9.266540789749401,-9.570764732637645,-10.315577201420528
-1.304931640625,-9.418606502497417,-9.513988015711094,-10.403614771448584
-1.30462646484375,-9.932437557312971,-9.552851298512063,-10.660276106852871
-1.3043212890625,-10.823564202679137,-9.763891333911907,-10.978799415352892
-1.30401611328125,-12.100687482873237,-10.207133705190206,-11.22721038414965
-1.3037109375,-13.700172955203652,-10.935100678904222,-11.284341489292299
-1.30340576171875,-15.282373596127083,-12.003926423388274,-11.102680109901842
-1.3031005859375,-15.983000324223408,-13.486338939177095,-10.737662557545208
-1.30279541015625,-15.191266307399614,-15.489081444401345,-10.306198003092044
-1.302490234375,-13.598982963138766,-18.173743684447828,-9.92349494591259
-1.30218505859375,-12.031462573659441,-21.712120765824476,-9.671339972165816
-1.3018798828125,-10.790932109180158,-25.430057579910127,-9.596825873891442
-1.30157470703125,-9.926458993369742,-25.414053247501936,-9.720760175163829
-1.30126953125,-9.422075757303702,-22.477916881475135,-10.043660074288352
-1.30096435546875,-9.254646422813526,-19.933983489564614,-10.545951482406062
-1.3006591796875,-9.407727501311534,-17.999786713771083,-11.182882792037548
-1.30035400390625,-9.873462576308974,-16.384506052254817,-11.878590405966783
-1.300048828125,-10.650700374326039,-14.866477723447494,-12.531517825906729
-1.29974365234375,-11.739531978592852,-13.346749451933821,-13.048046771022488
-1.2994384765625,-13.127063390574792,-11.830004736772807,-13.398706259473741
-1.29913330078125,-14.75067149728547,-10.371642348026299,-13.647977193435079
-1.298828125,-16.41839696252824,-9.030029341704001,-13.922549822860336
-1.29852294921875,-17.728179031909022,-7.845642851160877,-14.351307096926808
-1.2982177734375,-18.25553495518449,-6.839995226626465,-15.013997384472251
-1.29791259765625,-18.045063525115864,-6.021332784475741,-15.870853547541914
-1.297607421875,-17.545059793985466,-5.390295561177253,-16.602375371424017
-1.29730224609375,-17.11405296357067,-4.943779321849444,-16.50914008880048
-1.2969970703125,-16.889413898739182,-4.677162761019807,-15.188428146191013
-1.29669189453125,-16.867100044319955,-4.585412396306748,-13.18574565128003
-1.29638671875,-16.961493170916402,-4.663459393727393,-11.160555388618771
-1.29608154296875,-17.036905017675096,-4.906061745621619,-9.39058437282053
-1.2957763671875,-16.954804104518754,-5.307217285333539,-7.934425339438756
-1.29547119140625,-16.64720832614804,-5.859086302668666,-6.780276711809236
-1.295166015625,-16.156734230869414,-6.550325973819337,-5.90058446025393
-1.29486083984375,-15.595085272342274,-7.363787596836847,-5.267596782582434
-1.2945556640625,-15.071238488321336,-8.273824026656332,-4.856617157731461
-1.29425048828125,-14.653171831189141,-9.244218996460113,-4.645659257804391
-1.2939453125,-14.364298660255102,-10.229011854256916,-4.614106126221207
-1.29364013671875,-14.191755139842332,-11.179284289202796,-4.741151001308339
-1.2933349609375,-14.095150647596528,-12.056740602161016,-5.00432096608319
-1.29302978515625,-14.016434493693954,-12.84823739333829,-5.378357621121424
-1.292724609375,-13.895241674005218,-13.570011748918736,-5.8348394552860325
-1.29241943359375,-13.689279833343036,-14.255262898838923,-6.342954075243061
-1.2921142578125,-13.38966154921569,-14.930155662267984,-6.8714927558237795
-1.29180908203125,-13.01931019871499,-15.587977444567805,-7.391296819794892
-1.29150390625,-12.615502741003159,-16.170059158253324,-7.876449741628415
-1.29119873046875,-12.209839121304032,-16.568691366413475,-8.302610473443172
-1.2908935546875,-11.816610056680352,-16.675316654496967,-8.642988580020312
-1.29058837890625,-11.431780529903763,-16.461212817387533,-8.865910793903954
-1.290283203125,-11.04024656518239,-16.00945628748332,-8.939781315653388
-1.28997802734375,-10.627978134456255,-15.45780325213392,-8.847337545858682
-1.2896728515625,-10.194294130426902,-14.924346519358409,-8.60121855549807
-1.28936767578125,-9.758627290496817,-14.47606791550621,-8.247379770590593
-1.2890625,-9.359010280456072,-14.130107668283074,-7.8524274067306346
-1.28875732421875,-9.045052022944784,-13.863033631249683,-7.485128342520355
-1.2884521484375,-8.87106970371675,-13.620046933585321,-7.203566947243923
-1.28814697265625,-8.89344722649048,-13.328846391146861,-7.050663706928133
-1.287841796875,-9.173559060138654,-12.924260008289064,-7.054548079796438
-1.28753662109375,-9.787070037564714,-12.377634909252011,-7.229508445727854
-1.2872314453125,-10.843572412153454,-11.71044490556188,-7.5744138345362515
-1.28692626953125,-12.53148027437007,-10.979977071612453,-8.066329508895194
-1.28662109375,-15.246605437849297,-10.25096324102842,-8.648274194879836
-1.28631591796875,-20.132620367712846,-9.5742051587343,-9.215901232665615
-1.2860107421875,-35.73158508910305,-8.978658892298439,-9.623806146072253
-1.28570556640625,-22.868536083123118,-8.471986456774406,-9.74297136916698
-1.285400390625,-15.920792776951476,-8.043981192822322,-9.55062307077338
-1.28509521484375,-12.240151317764592,-7.670743908648858,-9.153558652991887
-1.2847900390625,-9.883001020648383,-7.32012471752565,-8.713949144214975
-1.28448486328125,-8.309605268670163,-6.959530460159698,-8.372612954035878
-1.2841796875,-7.300672503012194,-6.565577885481827,-8.22754566782705
-1.28387451171875,-6.755430417374987,-6.132282767077079,-8.347061614678342
-1.2835693359375,-6.632081173670169,-5.673513841187327,-8.790650143063647
-1.28326416015625,-6.927860646232304,-5.218458910729808,-9.630446190807428
-1.282958984375,-7.675306246451786,-4.803289416076763,-10.980002212672304
-1.28265380859375,-8.948381356982505,-4.463585410589106,-13.053605708251494
-1.2823486328125,-10.870869278787186,-4.229967145899715,-16.344083423711517
-1.28204345703125,-13.555208027784264,-4.12677124560909,-22.47213323450131
-1.28173828125,-16.381570030897446,-4.172443616633515,-36.13406210591136
-1.28143310546875,-16.164973574933555,-4.380361230071864,-20.79597411269628
-1.2811279296875,-13.111476878271315,-4.759172883052401,-15.369678007218111
-1.28082275390625,-10.29546828706059,-5.31196458611772,-12.253646577761337
-1.280517578125,-8.233534087967453,-6.0335164765742615,-10.202904447211743
-1.28021240234375,-6.8011950258334695,-6.904839161808123,-8.798684729189999
-1.2799072265625,-5.871559312845144,-7.884842296654909,-7.848643044712487
-1.27960205078125,-5.364366055895874,-8.90235470596863,-7.248039213773929
-1.279296875,-5.234634393727959,-9.8597942470617,-6.9329546236220265
-1.27899169921875,-5.462195900531209,-10.665692775609493,-6.860626676763083
-1.2786865234375,-6.045688023459049,-11.29245451106603,-6.999725613661693
-1.27838134765625,-6.998722216733711,-11.811030261465119,-7.3248032245939685
-1.278076171875,-8.343438384189879,-12.365256885597312,-7.812650046105811
-1.27777099609375,-10.086744723660372,-13.121873321341639,-8.43960575715977
-1.2774658203125,-12.129307547587391,-14.247783242393954,-9.17944729779119
-1.27716064453125,-14.003283918980047,-15.918648198044655,-10.001728271941984
-1.27685546875,-14.727565419583264,-18.30353744282555,-10.870368596896094
-1.27655029296875,-14.001788139886395,-21.16457563735118,-11.741781524247866
-1.2762451171875,-12.753592609371243,-22.023461173219097,-12.561147227040957
-1.27593994140625,-11.685367089434065,-19.360909289059247,-13.25623535668582
-1.275634765625,-10.993046265428552,-16.39851958969609,-13.733763625112383
-1.27532958984375,-10.675511524045193,-14.198381052812042,-13.893448589282922
-1.2750244140625,-10.67205812647938,-12.70902540829206,-13.672049653529365
-1.27471923828125,-10.88935965353976,-11.807213135603053,-13.09107782150743
-1.2744140625,-11.19859846139346,-11.415913635030934,-12.253961861366813
-1.27410888671875,-11.446027153946424,-11.498580501898736,-11.29262155318525
-1.2738037109375,-11.507577863961167,-12.042264375961217,-10.318666947926884
-1.27349853515625,-11.364600044936932,-13.024122166820053,-9.40747709899026
-1.273193359375,-11.116603744409428,-14.30697398218326,-8.60359421413947
-1.27288818359375,-10.91376283288877,-15.365987450988927,-7.931171561672146
-1.2725830078125,-10.890215590514444,-15.2189843273216,-7.402460320069101
-1.27227783203125,-11.143195995236345,-13.683855551505868,-7.023272357520839
-1.27197265625,-11.73722493713278,-11.69394027669864,-6.796143767383285
-1.27166748046875,-12.699191900282347,-9.890889005173872,-6.722025582969696
-1.2713623046875,-13.96136327044427,-8.448928158029691,-6.801055684126155
-1.27105712890625,-15.181325870626946,-7.37486981271331,-7.032707910939208
-1.270751953125,-15.580186476642876,-6.63992713104226,-7.415428732996636
-1.27044677734375,-14.674319361876819,-6.215395838588251,-7.945743495441495
-1.2701416015625,-13.078259519887014,-6.080130553570237,-8.616739280899708
-1.26983642578125,-11.524930012460409,-6.220868286681073,-9.415857861195393
-1.26953125,-10.30784453995689,-6.630738628530656,-10.322205752292303
-1.26922607421875,-9.487826878360758,-7.306736312382808,-11.304365254314778
-1.2689208984375,-9.056595257187395,-8.24496944225328,-12.321100286999233
-1.26861572265625,-8.988120855003228,-9.430280972590642,-13.32853161961159
-1.268310546875,-9.241818389916109,-10.813289510027728,-14.295516821837966
-1.26800537109375,-9.738726221372323,-12.266753430120938,-15.221893301705048
-1.2677001953125,-10.312140535883394,-13.539703606161908,-16.14746453828692
-1.26739501953125,-10.66698506495564,-14.320639801179142,-17.143807463734678
-1.26708984375,-10.485994380720943,-14.498107784515513,-18.29199425542779
-1.26678466796875,-9.718384343020821,-14.29124705622012,-19.646325619527005
-1.2664794921875,-8.633002249840468,-14.014911670255668,-21.15289534501879
-1.26617431640625,-7.537619327147308,-13.871651310448282,-22.456585353275567
-1.265869140625,-6.6147250648132445,-13.93636199902209,-22.79100223061721
-1.26556396484375,-5.941866106490897,-14.191078175264897,-21.785807250275354
-1.2652587890625,-5.544225110216345,-14.533903011534983,-20.09309727627403
-1.26495361328125,-5.425598905640784,-14.774427720795627,-18.381517299939254
-1.2646484375,-5.580734301247103,-14.682485278544416,-16.894820955661626
-1.26434326171875,-5.996590242210928,-14.13711382897684,-15.661963902484025
-1.2640380859375,-6.644938110277641,-13.231283505305708,-14.647025261942375
-1.26373291015625,-7.464933745854465,-12.17419686798303,-13.801372809839776
-1.263427734375,-8.33688275822859,-11.14280010312099,-13.080492669060884
-1.26312255859375,-9.070297718818853,-10.236557563943485,-12.450923506983075
-1.2628173828125,-9.467554284536998,-9.49814662333942,-11.893858965254765
-1.26251220703125,-9.472389545358462,-8.940609323455703,-11.406079587505264
-1.26220703125,-9.231294669787871,-8.564437659688549,-10.998117315779247
-1.26190185546875,-8.974158280710762,-8.366421718723608,-10.690580039893728
-1.2615966796875,-8.891432703823654,-8.344066630644939,-10.510354058684385
-1.26129150390625,-9.112756682432408,-8.498018970813506,-10.488188957128903
-1.260986328125,-9.737500196947021,-8.833837639086436,-10.658421253231655
-1.26068115234375,-10.871335218922649,-9.363937032796878,-11.061089903053238
-1.2603759765625,-12.656859212465072,-10.110484114010879,-11.746819431804091
-1.26007080078125,-15.252271933847716,-11.110460456338318,-12.785627096887906
-1.259765625,-18.267768075632503,-12.425424557234814,-14.28195753564405
-1.25946044921875,-18.535183800211247,-14.162306731925263,-16.395748011812763
-1.2591552734375,-15.402505223375142,-16.523944741734894,-19.31674266416601
-1.25885009765625,-12.400161210741503,-19.957964091834853,-22.578475944597564
-1.258544921875,-10.21268955499572,-25.731047698410585,-22.484304903432005
-1.25823974609375,-8.70277824434215,-33.55017327791006,-19.059957964702182
-1.2579345703125,-7.729345992315395,-24.59767273846925,-15.991726530810514
-1.25762939453125,-7.206472238970774,-19.41621803023348,-13.74149703094526
-1.25732421875,-7.090439615938403,-16.25663609711481,-12.126053278445244
-1.25701904296875,-7.37009281955316,-14.067591023524722,-10.995361169006552
-1.2567138671875,-8.0657864936591,-12.46125501417065,-10.258694897089516
-1.25640869140625,-9.239029278272348,-11.258228255673108,-9.865315567700257
-1.256103515625,-11.022689498661629,-10.364348402527238,-9.791940674414102
-1.25579833984375,-13.709932074071533,-9.727353173208934,-10.03757559571972
-1.2554931640625,-18.088857222119167,-9.318689556509673,-10.62433270689024
-1.25518798828125,-27.866708440708496,-9.125052816964505,-11.60545658926666
-1.2548828125,-26.741927835439515,-9.144426506311946,-13.087102106608965
-1.25457763671875,-18.002808687000158,-9.384707004515452,-15.286705593032469
-1.2542724609375,-13.998939290610155,-9.86437612086146,-18.724077460077098
-1.25396728515625,-11.546425279237056,-10.6155981076225,-25.21098112916126
-1.253662109375,-9.90205779777239,-11.691343041293221,-40.70981376792286
-1.25335693359375,-8.767519535412449,-13.18090041059752,-22.717767535548973
-1.2530517578125,-7.989795329610504,-15.246279364643797,-17.334879078190426
-1.25274658203125,-7.478266540852351,-18.221746551972583,-14.184580142653623
-1.25244140625,-7.174678580928406,-22.95760428135655,-12.053104170646733
-1.25213623046875,-7.040695028191079,-31.584826834091132,-10.532303704063022
-1.2518310546875,-7.052433781571313,-26.851156815416797,-9.434396716784883
-1.25152587890625,-7.197968169494571,-20.649244027664736,-8.657250479496652
-1.251220703125,-7.476029563533998,-17.157294901496634,-8.138974598125838
-1.25091552734375,-7.895189965081338,-14.876437863744464,-7.838858546250071
-1.2506103515625,-8.473456619133705,-13.284102919359091,-7.727930922422978
-1.25030517578125,-9.238690884918942,-12.147124563113357,-7.783388388188438
-1.25,-10.230693244067531,-11.342809406436213,-7.9844084211470285
-1.24969482421875,-11.506434678165625,-10.800411513596773,-8.307943817330049
-1.2493896484375,-13.151319113300094,-10.477812029582747,-8.723546414977303
-1.24908447265625,-15.302500777432149,-10.35066419557112,-9.186932747312941
-1.248779296875,-18.193489079089648,-10.40624537789244,-9.63397811675586
-1.24847412109375,-22.16346452542473,-10.638536100211455,-9.981088671529012
-1.2481689453125,-26.28194169005266,-11.042037031690322,-10.141739857931515
-1.24786376953125,-24.493211603083445,-11.601186400077522,-10.06134025130869
-1.24755859375,-20.538379202836605,-12.27069974178875,-9.748492517937484
-1.24725341796875,-17.658385290311116,-12.943744931608489,-9.27201217946124
-1.2469482421875,-15.616863774873629,-13.425482020322278,-8.726850645355974
-1.24664306640625,-14.111115015682659,-13.482567687363886,-8.201078489042356
-1.246337890625,-12.958824534581733,-13.015626341965241,-7.762262577475218
-1.24603271484375,-12.049002634240198,-12.166111156635084,-7.458846028892556
-1.2457275390625,-11.312112508475238,-11.185854543891411,-7.326973090207845
-1.24542236328125,-10.705355954528743,-10.275588357386594,-7.397620594711527
-1.2451171875,-10.204583091720918,-9.550374380500328,-7.702951933151647
-1.24481201171875,-9.798741680311142,-9.069938417054878,-8.28275703621242
-1.2445068359375,-9.485368821210377,-8.870301074609689,-9.192989611191253
-1.24420166015625,-9.266841263948235,-8.984254361330837,-10.520369651418498
-1.243896484375,-9.147471723577581,-9.45584860753784,-12.412501298700862
-1.24359130859375,-9.131481329493974,-10.35649938448791,-15.150004100769054
-1.2432861328125,-9.221717356441342,-11.814059563757262,-19.33106447632564
-1.24298095703125,-9.418889980209702,-14.084828659856218,-25.529331242520357
-1.24267578125,-9.721101442331193,-17.79184919224744,-23.786056310634258
-1.24237060546875,-10.12350217351377,-25.163034229308856,-18.510906153164935
-1.2420654296875,-10.617995172202686,-29.05294222337593,-15.353793739184775
-1.24176025390625,-11.193002771920167,-19.218913173431574,-13.4662665709628
-1.241455078125,-11.833396382623928,-14.750971950569856,-12.416828275555202
-1.24114990234375,-12.52074440430226,-12.089936040022632,-12.03017439313129
-1.2408447265625,-13.234003395291653,-10.391601107629745,-12.260088336949638
-1.24053955078125,-13.950598944590338,-9.346572976467648,-13.160172990239985
-1.240234375,-14.64751708972454,-8.820685657323066,-14.918978434720092
-1.23992919921875,-15.301735223496792,-8.760959089979028,-18.006981722687176
-1.2396240234375,-15.889443044204798,-9.16698698935998,-23.43423835933411
-1.23931884765625,-16.384388008685665,-10.088277651225614,-24.756816701973527
-1.239013671875,-16.757192904172005,-11.640617482522764,-18.052497225960032
-1.23870849609375,-16.97857466818266,-14.038028441985782,-13.724078999854452
-1.2384033203125,-17.02810073382375,-17.491529472888484,-10.876319785355824
-1.23809814453125,-16.90547681360304,-20.15904116902835,-8.893739036096182
-1.23779296875,-16.63689679355948,-17.278872159584648,-7.500474921614951
-1.23748779296875,-16.271133113405565,-13.398912016107321,-6.557580173180718
-1.2371826171875,-15.868140192848927,-10.55422907113573,-5.990085723413918
-1.23687744140625,-15.487778107597531,-8.538193384973992,-5.758234671483815
-1.236572265625,-15.183693742366609,-7.118982008813398,-5.8453567811010965
-1.23626708984375,-15.002617138237913,-6.1593588251304086,-6.253423161567629
-1.2359619140625,-14.987146561916449,-5.5813632550943515,-7.003446739126449
-1.23565673828125,-15.180477258387342,-5.342686589947654,-8.140648701197039
-1.2353515625,-15.632834359906242,-5.425004830456333,-9.746388327399643
-1.23504638671875,-16.410895694587207,-5.829146710093248,-11.959785477269522
-1.2347412109375,-17.613632834618052,-6.574564579377339,-14.991010053506118
-1.23443603515625,-19.40141078044864,-7.701978498514073,-18.806321357076826
-1.234130859375,-22.04066175240768,-9.276911414098892,-20.54641129526164
-1.23382568359375,-25.76303714307842,-11.378967484327722,-17.67351993626657
-1.2335205078125,-27.99087936643849,-13.979660698371648,-14.601396866202272
-1.23321533203125,-24.359321597164694,-16.27505697313248,-12.420576475054697
-1.23291015625,-20.44277278837145,-16.10068103751737,-10.941528348060904
-1.23260498046875,-17.625188676209355,-13.862733544480763,-9.97506781397582
-1.2322998046875,-15.615646320621712,-11.604991780516746,-9.400877172429405
-1.23199462890625,-14.18794955459019,-9.87006146268157,-9.142236418365666
-1.231689453125,-13.215647331124059,-8.63456492639214,-9.14698698844947
-1.23138427734375,-12.630733483534565,-7.811997079916014,-9.375945559391072
-1.2310791015625,-12.400984340958454,-7.332593538911253,-9.794980375703085
-1.23077392578125,-12.520034648118985,-7.146491149855998,-10.368242986161784
-1.23046875,-13.004974310527517,-7.2173631611514395,-11.051252255995681
-1.23016357421875,-13.899694765438081,-7.516182644308945,-11.784147163652348
-1.2298583984375,-15.283670294560615,-8.015695395741101,-12.488591045686299
-1.22955322265625,-17.279768126750994,-8.68509732496491,-13.075962909022882
-1.229248046875,-19.98771705788775,-9.485002205302935,-13.472984441517388
-1.22894287109375,-22.775832107414224,-10.36445147823211,-13.654642380454678
-1.2286376953125,-22.607105841365517,-11.264225697391128,-13.656512937193439
-1.22833251953125,-19.653922475738106,-12.131451013907617,-13.55331560525383
-1.22802734375,-16.862418470270775,-12.944045650637094,-13.424510296157546
-1.22772216796875,-14.770840360577447,-13.731102167506766,-13.3318466539391
-1.2274169921875,-13.262750446846256,-14.57392535159293,-13.312993241877962
-1.22711181640625,-12.203809748550238,-15.59109501656601,-13.383239769723048
-1.226806640625,-11.495156488573164,-16.9260313707359,-13.538442319897934
-1.22650146484375,-11.060118826730314,-18.74585809596707,-13.756851771336613
-1.2261962890625,-10.828783967193319,-21.20786818093673,-14.000652066717578
-1.22589111328125,-10.726288932950288,-24.027947342349517,-14.219782917375303
-1.2255859375,-10.667422050855214,-24.752585334015187,-14.360513311177613
-1.22528076171875,-10.563271641777414,-22.08255609118374,-14.377831912894028
-1.2249755859375,-10.343659260798816,-19.07820888357714,-14.245257328095402
-1.22467041015625,-9.984896919104004,-16.740717264837162,-13.954906361811732
-1.224365234375,-9.519053992058739,-15.014119640681546,-13.508749020833227
-1.22406005859375,-9.014819973087167,-13.7586361247651,-12.910595365805484
-1.2237548828125,-8.5479043507954,-12.866291571381122,-12.166832005002322
-1.22344970703125,-8.181956474158754,-12.255211270687617,-11.2941989330343
-1.22314453125,-7.963965948417254,-11.855823984567444,-10.325627266484991
-1.22283935546875,-7.927732327750382,-11.600400759132457,-9.307591357006281
-1.2225341796875,-8.099503336238008,-11.417185125192805,-8.290923202241084
-1.22222900390625,-8.503282004468215,-11.231214008347614,-7.3216517247242665
-1.221923828125,-9.165519418084699,-10.974114359033717,-6.436054746371842
-1.22161865234375,-10.119897725134672,-10.60048082832492,-5.659915105578025
-1.2213134765625,-11.4135345847809,-10.100579975064285,-5.010080738796633
-1.22100830078125,-13.117066342528606,-9.49866154356038,-4.496642041895144
-1.220703125,-15.344160662012207,-8.837920255861412,-4.1248384708211905
-1.22039794921875,-18.295823937063332,-8.163464043504625,-3.896396310276768
-1.2200927734375,-22.38244078358388,-7.512149720207315,-3.8102806579728172
-1.21978759765625,-28.659540221069648,-6.910048502023081,-3.8629390215921506
-1.219482421875,-38.860956600977836,-6.37418092752725,-4.0481403323372795
-1.21917724609375,-33.350105558271714,-5.915451246627599,-4.356549579803779
-1.2188720703125,-29.90769596494632,-5.54124146788833,-4.775276212985238
-1.21856689453125,-29.519716296813783,-5.257221967674002,-5.287820046033136
-1.21826171875,-30.653621025058044,-5.068433604785517,-5.875070747714427
-1.21795654296875,-29.696273888008232,-4.9798476720331895,-6.5181083745634005
-1.2176513671875,-25.27004590462297,-4.9966169378962695,-7.203158647110284
-1.21734619140625,-21.11824772005171,-5.124194217495786,-7.927975447891366
-1.217041015625,-17.95230110276873,-5.3684568189446615,-8.70769605589244
-1.21673583984375,-15.573806744670488,-5.735953480318115,-9.578169397605954
-1.2164306640625,-13.797306040721754,-6.234393244547377,-10.596614841891034
-1.21612548828125,-12.503419303843494,-6.8735280894752195,-11.841980659351403
-1.2158203125,-11.617791249181252,-7.666647586394171,-13.418153299454385
-1.21551513671875,-11.094622720787854,-8.633008318447642,-15.458173637503329
-1.2152099609375,-10.90692464006261,-9.801651395282567,-18.0900433733512
-1.21490478515625,-11.040558692698365,-11.217083934371239,-21.065840842094126
-1.214599609375,-11.489611553525354,-12.94629879384857,-22.29748128916476
-1.21429443359375,-12.2504166109743,-15.078740631109396,-20.25920446699012
-1.2139892578125,-13.309404317539421,-17.658742431801674,-17.645809928603843
-1.21368408203125,-14.614810188642773,-20.21398064860953,-15.64371655484269
-1.21337890625,-16.018237893909312,-20.68784244996118,-14.28113918620458
-1.21307373046875,-17.207975662898253,-18.44113249835362,-13.455040033312882
-1.2127685546875,-17.8032562758543,-15.74688510875159,-13.090654081303184
-1.21246337890625,-17.723397017036014,-13.496847676889239,-13.148424892980511
-1.212158203125,-17.287600628085336,-11.728950327340279,-13.61658310163529
-1.21185302734375,-16.84185854608031,-10.36252150778439,-14.504184841150513
-1.2115478515625,-16.538498331985497,-9.329423214319512,-15.828394677084738
-1.21124267578125,-16.349879036787637,-8.583665097622827,-17.566575563116885
-1.2109375,-16.118227059768863,-8.095797390508796,-19.47373242754795
-1.21063232421875,-15.634144949939659,-7.847533847625089,-20.685589345211408
-1.2103271484375,-14.787003397868792,-7.827964002321601,-20.194401291263517
-1.21002197265625,-13.664445290863856,-8.030745372826942,-18.570504249016288
-1.209716796875,-12.465952425427453,-8.451427697455273,-16.87517063813907
-1.20941162109375,-11.366569503883937,-9.083848463373167,-15.497078200615581
-1.2091064453125,-10.47232803418876,-9.914017335910636,-14.475481903356016
-1.20880126953125,-9.838142299058873,-10.909190635368661,-13.764304757468409
-1.20849609375,-9.494014794487896,-12.00038811639013,-13.307600203377143
-1.20819091796875,-9.463193362076295,-13.063933263638571,-13.057107798479473
-1.2078857421875,-9.773766113569573,-13.929577580904745,-12.977465836203883
-1.20758056640625,-10.467835116338884,-14.456115744228581,-13.050070154876611
-1.207275390625,-11.611261346776793,-14.639031104247325,-13.277249661690213
-1.20697021484375,-13.302438466793117,-14.616859463406938,-13.686421197002055
-1.2066650390625,-15.647103142955768,-14.566533838046388,-14.33497008191609
-1.20635986328125,-18.44107902161127,-14.620532943692556,-15.319810367515354
-1.2060546875,-19.759024616274825,-14.85320857014492,-16.801369608617026
-1.20574951171875,-17.73493243807038,-15.297769753731089,-19.063373949714524
-1.2054443359375,-14.93705605983439,-15.964766544885405,-22.61722522192221
-1.20513916015625,-12.708490431722907,-16.857278700161167,-27.039614383208367
-1.204833984375,-11.09514283218089,-17.98834652095713,-24.141527044231243
-1.20452880859375,-9.974529599007258,-19.40958533024969,-18.971736520028088
-1.2042236328125,-9.242532020950202,-21.264713551231225,-15.344552416815935
-1.20391845703125,-8.82001780563144,-23.906280400356597,-12.745930741420144
-1.20361328125,-8.640780929124404,-28.216751936917603,-10.815768495842574
-1.20330810546875,-8.640732704970135,-34.375612042818936,-9.366202669069272
-1.2030029296875,-8.751102220497174,-28.03339491164887,-8.292364065230316
-1.20269775390625,-8.898499959245045,-21.98984299157129,-7.531450841529734
-1.202392578125,-9.015358382484633,-18.00977249708986,-7.043875396330591
-1.20208740234375,-9.059253504575505,-15.106027571219872,-6.803757157376174
-1.2017822265625,-9.029347725128295,-12.879837259893996,-6.7935435092131495
-1.20147705078125,-8.965910116485848,-11.145126896872233,-7.000392375336658
-1.201171875,-8.933186965054071,-9.80282153270388,-7.412987570747429
-1.20086669921875,-8.999811807020144,-8.795847786388173,-8.017747591229247
-1.2005615234375,-9.228133749459738,-8.09054191330906,-8.793378995978195
-1.20025634765625,-9.67358587690662,-7.668208603452607,-9.702928484078262
-1.199951171875,-10.390511845566499,-7.521220339751245,-10.684178662782278
-1.19964599609375,-11.44222547410726,-7.651522230068071,-11.644756940337057
-1.1993408203125,-12.91679065170406,-8.070734765443618,-12.477082009171177
-1.19903564453125,-14.95565098913521,-8.801632054405664,-13.104575934955172
-1.19873046875,-17.812630363417906,-9.880950754269657,-13.533540408500162
-1.19842529296875,-21.94471206538732,-11.362728789187601,-13.856964801638705
-1.1981201171875,-26.988356523986884,-13.316066715757513,-14.206788563889905
-1.19781494140625,-25.34742237183805,-15.781622462466984,-14.707112339209178
-1.197509765625,-21.01260197200803,-18.510936545823494,-15.457179299332237
-1.19720458984375,-18.129383227273124,-20.197968056738627,-16.529722226754558
-1.1968994140625,-16.249286445825206,-19.487986254721744,-17.948957981162682
-1.19659423828125,-14.986234630404914,-17.790513817297313,-19.56979663732718
-1.1962890625,-14.109863499548307,-16.412665891192567,-20.744101745404325
-1.19598388671875,-13.461754008582336,-15.618102006532466,-20.401693900140913
-1.1956787109375,-12.920926132379565,-15.390632741434857,-18.658984779734148
-1.19537353515625,-12.398907220756747,-15.680359671529281,-16.590140758890175
-1.195068359375,-11.847182655577242,-16.416070967033612,-14.74172674886978
-1.19476318359375,-11.260599308195081,-17.4139458997772,-13.219579878898045
-1.1944580078125,-10.667488511782626,-18.18108245065822,-12.000713949594466
-1.19415283203125,-10.111292043217082,-17.96419207970149,-11.040283359533616
-1.19384765625,-9.63468642467541,-16.639414266011027,-10.296670313917504
-1.19354248046875,-9.27174048892219,-14.888324828078726,-9.735330734185531
-1.1932373046875,-9.046742907557139,-13.248431407572347,-9.327859222357876
-1.19293212890625,-8.976212572273669,-11.902956304506805,-9.050300843297167
-1.192626953125,-9.071608882359985,-10.875683664263349,-8.881648160522934
-1.19232177734375,-9.341635955901676,-10.144174523945592,-8.802749155324518
-1.1920166015625,-9.793797779643361,-9.677146480807803,-8.795739629571163
-1.19171142578125,-10.435040736027602,-9.444129741345316,-8.844126902088009
-1.19140625,-11.2710552102199,-9.416620860146963,-8.93362413056927
-1.19110107421875,-12.302996677025902,-9.56675028300443,-9.053686940469605
-1.1907958984375,-13.518574173311734,-9.865290997724301,-9.199439384653337
-1.19049072265625,-14.871189171430746,-10.279682828309785,-9.37342437523893
-1.190185546875,-16.23930752770191,-10.772586045425552,-9.586590537548688
-1.18988037109375,-17.380433331547753,-11.301641117445167,-9.858253396666484
-1.1895751953125,-17.978697450467635,-11.821233715941577,-10.21530216865283
-1.18927001953125,-17.886098853517627,-12.286772871441585,-10.691345118460118
-1.18896484375,-17.278185090469336,-12.661056359667949,-11.326579166195627
-1.18865966796875,-16.450843335711053,-12.921052547911064,-12.168929637954797
-1.1883544921875,-15.605527491059707,-13.062779748587365,-13.276311041937284
-1.18804931640625,-14.829135377244944,-13.10254192647147,-14.717240711632911
-1.187744140625,-14.144750793313403,-13.074213362398355,-16.554432569471647
-1.18743896484375,-13.551088757334494,-13.023686126021177,-18.735416501408398
-1.1871337890625,-13.042881643767197,-13.00237518953015,-20.634750947126808
-1.18682861328125,-12.619678404721961,-13.06148848546659,-20.67754471597963
-1.1865234375,-12.288426458918828,-13.247619675787263,-18.78319668937554
-1.18621826171875,-12.062825467677317,-13.598386841075055,-16.54367879623328
-1.1859130859375,-11.96131156761356,-14.134161260390677,-14.652294285339984
-1.18560791015625,-12.004773654443998,-14.837292354649659,-13.187045156283709
-1.185302734375,-12.214269077395725,-15.604841451592819,-12.098575432693613
-1.18499755859375,-12.607959348992871,-16.179462321789998,-11.331703658021482
-1.1846923828125,-13.194874773241363,-16.180686422031812,-10.844671496144638
-1.18438720703125,-13.9601249487651,-15.422798283736775,-10.609216981028823
-1.18408203125,-14.83192070836637,-14.14937419991059,-10.608377564284295
-1.18377685546875,-15.62633150556583,-12.744553019170212,-10.83516726570214
-1.1834716796875,-16.027010636445,-11.45221807019372,-11.292714305311303
-1.18316650390625,-15.76116546567716,-10.373566941582112,-11.99623438541321
-1.182861328125,-14.889119105269824,-9.537682352339463,-12.97771954385605
-1.18255615234375,-13.733212082422277,-8.945634281981558,-14.29549923632007
-1.1822509765625,-12.577357877778821,-8.589548840589373,-16.053969657595665
-1.18194580078125,-11.566339566683991,-8.45959409305215,-18.446845420451332
-1.181640625,-10.750125810826558,-8.54583584040935,-21.851004929831
-1.18133544921875,-10.132930688335083,-8.837726318875486,-26.772096498441623
-1.1810302734375,-9.698263348748826,-9.32207988681125,-28.83636560861138
-1.18072509765625,-9.418681075780386,-9.979619909857755,-23.901200061401347
-1.180419921875,-9.25895818717252,-10.78013490750224,-20.02733309585046
-1.18011474609375,-9.177802145160241,-11.67725116291747,-17.43536563748239
-1.1798095703125,-9.13140980822214,-12.60641123199284,-15.650777628536574
-1.17950439453125,-9.080661584843769,-13.49284854581442,-14.430431948756413
-1.17919921875,-9.00095318804277,-14.273977156812524,-13.653423461270647
-1.17889404296875,-8.890204625329702,-14.925320979211032,-13.261484772729371
-1.1785888671875,-8.770058420787525,-15.463436980665488,-13.234054925597986
-1.17828369140625,-8.6796525557293,-15.911833261178515,-13.579256179410887
-1.177978515625,-8.666496486135367,-16.247409109872404,-14.334193759140204
-1.17767333984375,-8.779739456143362,-16.364411968139983,-15.57394464259815
-1.1773681640625,-9.068245669791352,-16.10867194504118,-17.43183610360734
-1.17706298828125,-9.583389027675267,-15.405274305721834,-20.122694879388092
-1.1767578125,-10.386267893615306,-14.353426789364436,-23.756919310169067
-1.17645263671875,-11.560924697320976,-13.154171745572157,-26.12413017090958
-1.1761474609375,-13.23941518186668,-11.984454598671546,-23.502013623515047
-1.17584228515625,-15.652729988501049,-10.95173584249751,-20.257641449660916
-1.175537109375,-19.206946438822232,-10.108886585560924,-18.03239308126639
-1.17523193359375,-23.746575021306132,-9.478712047530673,-16.68541827299312
-1.1749267578125,-22.640815118016647,-9.070817419648318,-16.052240808571995
-1.17462158203125,-17.906648620645818,-8.891138362711489,-16.061855674813483
-1.17431640625,-14.454483075426,-8.947428055536616,-16.710636095626256
-1.17401123046875,-12.021133084977327,-9.253239570791452,-18.004809506429584
-1.1737060546875,-10.242314745719357,-9.832250918760877,-19.690050200958442
-1.17340087890625,-8.916611692300513,-10.724927802531965,-20.360134658468766
-1.173095703125,-7.92893829527328,-12.001131917878485,-18.42573663174042
-1.17279052734375,-7.2088127509446,-13.787771815801872,-15.439969879063096
-1.1724853515625,-6.710609141836717,-16.340570393187257,-12.78590770362335
-1.17218017578125,-6.403735509017005,-20.28401742586267,-10.682853673495185
-1.171875,-6.267447895027535,-27.86720693338175,-9.072763881656138
-1.17156982421875,-6.28797786272046,-31.766629436698164,-7.881036909212856
-1.1712646484375,-6.45687938997507,-22.001790891363555,-7.053977989696737
-1.17095947265625,-6.770021033964147,-17.528277777600195,-6.558846558140704
-1.170654296875,-7.226849177489962,-14.781090944353178,-6.380324891524549
-1.17034912109375,-7.8295466195921115,-12.908924910052376,-6.518743518780438
-1.1700439453125,-8.581474140983573,-11.58895644613041,-6.991014166756927
-1.16973876953125,-9.483610388264875,-10.666497727239726,-7.835324371109867
-1.16943359375,-10.52615810418514,-10.057275608985918,-9.12248457551658
-1.16912841796875,-11.669651328512455,-9.711756223825939,-10.981876515423096
-1.1688232421875,-12.808353587238779,-9.599288884505144,-13.66527589667908
-1.16851806640625,-13.726425219504288,-9.699729798230347,-17.717502839177907
-1.168212890625,-14.129864239359648,-9.997965824593788,-24.021008958725844
-1.16790771484375,-13.858044972984471,-10.479157710007321,-24.153143929817467
-1.1676025390625,-13.05853105468739,-11.123342811440155,-18.628538905520365
-1.16729736328125,-12.028286443574991,-11.89859818678009,-15.382527184928396
-1.1669921875,-10.993152077154884,-12.753436220171535,-13.53202718873866
-1.16668701171875,-10.066289152746691,-13.613015554049653,-12.57394316327656
-1.1663818359375,-9.29037151401156,-14.389549015289798,-12.295251163964307
-1.16607666015625,-8.674817851642253,-15.015398554948277,-12.606597917061917
-1.165771484375,-8.214948329897727,-15.484002516512076,-13.466402120738316
-1.16546630859375,-7.900069943808253,-15.860354026572448,-14.787122755389092
-1.1651611328125,-7.716385110244919,-16.247726258138478,-16.176871616522398
-1.16485595703125,-7.6477937295776,-16.74080247994967,-16.583915827145802
-1.16455078125,-7.676148048086051,-17.388861285431652,-15.321033002238254
-1.16424560546875,-7.781917960866565,-18.15798913864188,-13.316787476136918
-1.1639404296875,-7.945955576358909,-18.87505249700782,-11.47019356134659
-1.16363525390625,-8.152681739234314,-19.211468004120103,-10.046323678366303
-1.163330078125,-8.394325256288862,-18.89296866013848,-9.068956578021126
-1.16302490234375,-8.675025493702538,-18.021799876771553,-8.5171653829327
-1.1627197265625,-9.013335194486029,-16.96779358818194,-8.377888423911466
-1.16241455078125,-9.442476732100225,-16.04014924224089,-8.660444511663584
-1.162109375,-10.009215026350677,-15.404435477193159,-9.406854418058646
-1.16180419921875,-10.77330773979443,-15.144348778182703,-10.712307431435429
-1.1614990234375,-11.809461532828278,-15.32089913789465,-12.778181220228138
-1.16119384765625,-13.212065688627959,-16.008734001843173,-16.07881277421242
-1.160888671875,-15.094434017177845,-17.32017905557035,-22.112785204750697
-1.16058349609375,-17.51995159207238,-19.393167006886955,-32.40078650368887
-1.1602783203125,-20.00772919251263,-22.030848436701206,-20.7035715955614
-1.15997314453125,-20.41749831941432,-22.845843504655058,-15.589528704366327
-1.15966796875,-18.184999456906862,-19.95472161506579,-12.732405284839565
-1.15936279296875,-15.664942205739056,-16.629681495278994,-10.97551812872263
-1.1590576171875,-13.718158217743053,-14.05082562061834,-9.919217222161695
-1.15875244140625,-12.3731909870661,-12.16382960558093,-9.380437319120112
-1.158447265625,-11.55910227556365,-10.830292916303106,-9.256967611506099
-1.15814208984375,-11.232155388363672,-9.958149750689413,-9.473709921411794
-1.1578369140625,-11.390683972190681,-9.496719790007685,-9.946129770036457
-1.15753173828125,-12.084083694628694,-9.425847972599307,-10.541658422017619
-1.1572265625,-13.441932001712903,-9.750104397560039,-11.050021887662814
-1.15692138671875,-15.7641671023357,-10.496257363517895,-11.226943274826741
-1.1566162109375,-19.849307232354548,-11.707143498930837,-10.95747459559962
-1.15631103515625,-28.413821510142657,-13.40221124807164,-10.364124807182588
-1.156005859375,-24.716229980217776,-15.374108511599228,-9.68701960158764
-1.15570068359375,-17.493999796353386,-16.584693537580403,-9.124392992439352
-1.1553955078125,-13.568454598249964,-15.658455047950682,-8.794079595398356
-1.15509033203125,-11.039093407782694,-13.485938466150225,-8.761978840731167
-1.15478515625,-9.314380584220466,-11.4080728376382,-9.07428827437933
-1.15447998046875,-8.144602581032418,-9.796592594260762,-9.779798708855246
-1.1541748046875,-7.4037477092321256,-8.663544119824726,-10.946245818713846
-1.15386962890625,-7.02120525931754,-7.967159066365132,-12.672436679273641
-1.153564453125,-6.954167065963594,-7.67771591862631,-15.066401026904623
-1.15325927734375,-7.173171049127262,-7.789415833107043,-17.938903273255846
-1.1529541015625,-7.65077717626948,-8.325700103393757,-19.391335541020986
-1.15264892578125,-8.347308304867536,-9.35108697509191,-17.482493703666037
-1.15234375,-9.188363450856626,-11.002389121958442,-14.779764598926818
-1.15203857421875,-10.034736696779644,-13.5780778451704,-12.667673001044452
-1.1517333984375,-10.673245090544114,-17.866051541374905,-11.202724462384042
-1.15142822265625,-10.897231283604176,-27.141394716050577,-10.271643007238772
-1.151123046875,-10.66591204082701,-25.194714320200916,-9.785294475571458
-1.15081787109375,-10.139267420906448,-17.259633067757456,-9.688264854606857
-1.1505126953125,-9.531960366500725,-13.429592352043613,-9.950412888235812
-1.15020751953125,-8.994861495469644,-11.145372875902444,-10.560342634037863
-1.14990234375,-8.601910611363273,-9.73989855121715,-11.521773421724458
-1.14959716796875,-8.37704368379561,-8.955547320568206,-12.85160476423599
-1.1492919921875,-8.317657180226316,-8.68009311177356,-14.577572206968199
-1.14898681640625,-8.408129295334069,-8.873810471889648,-16.729896387515222
-1.148681640625,-8.627372146470025,-9.549021433214866,-19.308797147778034
-1.14837646484375,-8.954244658041988,-10.77554481976647,-22.176468591561353
-1.1480712890625,-9.37282143082825,-12.71799918243056,-24.83228147825045
-1.14776611328125,-9.877776536259342,-15.75661079964114,-26.539334514157392
-1.1474609375,-10.478914761110016,-20.9416912840297,-27.421721936639173
-1.14715576171875,-11.203783398337768,-29.788121578269934,-28.461849107921722
-1.1468505859375,-12.098581130915543,-22.157942866556755,-30.486038587427785
-1.14654541015625,-13.229552877778499,-16.756612658102526,-33.84783656315903
-1.146240234375,-14.689010223413838,-13.759726000645466,-34.896621338624854
-1.14593505859375,-16.613307861291617,-11.93908829941346,-30.429097041731396
-1.1456298828125,-19.230852567940985,-10.862150739306902,-26.50358169317904
-1.14532470703125,-23.00226416306788,-10.339515011477491,-23.76475715925443
-1.14501953125,-29.106798552676615,-10.279314711968542,-21.778791571320802
-1.14471435546875,-36.50477583960216,-10.635490667044156,-20.197361880576075
-1.1444091796875,-29.552090605929852,-11.379037133758263,-18.745999025261014
-1.14410400390625,-25.661115851649193,-12.460875060442945,-17.233875178973484
-1.143798828125,-24.04006122163259,-13.727716101244917,-15.596963668332034
-1.14349365234375,-23.852532075772213,-14.765961593168061,-13.889806712648438
-1.1431884765625,-24.90490822655595,-14.930653300777736,-12.21461888417821
-1.14288330078125,-27.001191566360117,-14.036538455455252,-10.658514345387289
-1.142578125,-27.862835093563834,-12.627477128907401,-9.273918310305616
-1.14227294921875,-24.542998621809392,-11.224090238842972,-8.084723006167113
-1.1419677734375,-20.641101547725892,-10.03624354620886,-7.097442956980947
-1.14166259765625,-17.64667457076774,-9.103556161864285,-6.309591843143551
-1.141357421875,-15.46625318124554,-8.406555603765888,-5.7146270387964595
-1.14105224609375,-13.924022387203017,-7.909089217022637,-5.304560150656901
-1.1407470703125,-12.90565010178919,-7.571539650026286,-5.071254305364836
-1.14044189453125,-12.342830992482847,-7.3548775541787395,-5.007070585459998
-1.14013671875,-12.191318942493204,-7.222718973827523,-5.105263085688624
-1.13983154296875,-12.405186845952233,-7.143615435492824,-5.3603764129245555
-1.1395263671875,-12.888567404671566,-7.0937129060879665,-5.768827070833097
-1.13922119140625,-13.400112608218572,-7.058851782191806,-6.329807002645698
-1.138916015625,-13.473044380912892,-7.034979711832281,-7.04659474617761
-1.13861083984375,-12.680695570355526,-7.02645297737042,-7.9282532941666
-1.1383056640625,-11.158736522509285,-7.042878878894985,-8.991447178106398
-1.13800048828125,-9.401062203558093,-7.095765891471661,-10.261441743985626
-1.1376953125,-7.752455761125433,-7.196064618206101,-11.769195166519314
-1.13739013671875,-6.347296288522122,-7.3530525958868385,-13.533978342369863
-1.1370849609375,-5.216707202305628,-7.574441577004995,-15.49690198026344
-1.13677978515625,-4.356279515034775,-7.867278009566109,-17.330055518879746
-1.136474609375,-3.75319987405766,-8.239110914605828,-18.250570343499707
-1.13616943359375,-3.3956682907583158,-8.698897605860306,-17.76293674469105
-1.1358642578125,-3.275961377923839,-9.25712223034074,-16.52104483222907
-1.13555908203125,-3.391461186426907,-9.924535394871866,-15.304908753580017
-1.13525390625,-3.7452147107345057,-10.708657329649249,-14.439987453799256
-1.13494873046875,-4.346591316342947,-11.606597270237272,-14.023269040464273
-1.1346435546875,-5.212166962664574,-12.592138973829048,-14.102402214561295
-1.13433837890625,-6.366428672796425,-13.59674733464457,-14.747509190816322
-1.134033203125,-7.8401939425225295,-14.495238135508327,-16.095508589208414
-1.13372802734375,-9.658174972429132,-15.131456554296687,-18.400663407158177
-1.1334228515625,-11.78324193516267,-15.414007215676072,-21.892998229705945
-1.13311767578125,-13.923068056428436,-15.407828044886983,-23.824569968929584
-1.1328125,-15.217237661578942,-15.300651432941915,-19.83519625240175
-1.13250732421875,-14.895413316318573,-15.296697570167073,-15.74051498583998
-1.1322021484375,-13.598408539224295,-15.563199066424502,-12.79994404490078
-1.13189697265625,-12.240847006317386,-16.242509717421218,-10.694370223670497
-1.131591796875,-11.161302368888983,-17.49104710540045,-9.18961743313163
-1.13128662109375,-10.406683468346367,-19.518002359840697,-8.153680723544502
-1.1309814453125,-9.948796563029283,-22.46922037518333,-7.512684843780631
-1.13067626953125,-9.749217813542131,-24.73001661866073,-7.227066355188473
-1.13037109375,-9.77371832504064,-22.17858629318051,-7.280213380176992
-1.13006591796875,-9.993523480491708,-18.330194042115007,-7.6735565941205035
-1.1297607421875,-10.383181668795842,-15.37266252514817,-8.425179162829219
-1.12945556640625,-10.917217479946768,-13.232769820695072,-9.56969346301742
-1.129150390625,-11.565841367690236,-11.709181594606687,-11.153461979444586
-1.12884521484375,-12.289920079383446,-10.67415692750346,-13.198827609665667
-1.1285400390625,-13.036617524215607,-10.054987671932267,-15.525181388092504
-1.12823486328125,-13.739599794376378,-9.814415402940668,-17.21783745198335
-1.1279296875,-14.32953502180201,-9.940586230985646,-16.941807665078453
-1.12762451171875,-14.7560036973627,-10.443611834558448,-15.356072279795896
-1.1273193359375,-15.008327194403092,-11.356997117366536,-13.796283528513468
-1.12701416015625,-15.115596010427206,-12.743196124823605,-12.705751199771937
-1.126708984375,-15.122473202294318,-14.698962739909234,-12.135731761234947
-1.12640380859375,-15.058608355172058,-17.321308556458952,-12.073824859464867
-1.1260986328125,-14.919748989315295,-20.352397355288648,-12.527904571454426
-1.12579345703125,-14.668153747691072,-21.79055527518539,-13.554749227831515
-1.12548828125,-14.254166672396384,-20.059267956076766,-15.29749948481802
-1.12518310546875,-13.651709767659879,-17.721959081277408,-18.081335336789454
-1.1248779296875,-12.883896630497132,-16.00227416580793,-22.664926528716624
-1.12457275390625,-12.017056758899987,-14.939116512343755,-28.433303285705733
-1.124267578125,-11.13198390761358,-14.409103223844387,-23.36877705960553
-1.12396240234375,-10.298633632140293,-14.279524799815375,-18.395899103598
-1.1236572265625,-9.56642744470317,-14.382945644633633,-15.322726708989913
-1.12335205078125,-8.96576463609017,-14.47027870091176,-13.292456119272039
-1.123046875,-8.513291448148898,-14.235246417575897,-11.914129326616553
-1.12274169921875,-8.216895989855441,-13.500724859747326,-10.990855193087889
-1.1224365234375,-8.079336517464577,-12.37798768883813,-10.407548206660376
-1.12213134765625,-8.100657125207425,-11.130697615682845,-10.087190795314347
-1.121826171875,-8.27984582892041,-9.968889885950441,-9.971209122218067
-1.12152099609375,-8.616163042805391,-9.000490599903383,-10.00955950712871
-1.1212158203125,-9.110453918216683,-8.26660314070364,-10.155440874747894
-1.12091064453125,-9.76656841377858,-7.776596394305459,-10.362738671274503
-1.12060546875,-10.5925952561954,-7.527132932202526,-10.585497440936422
-1.12030029296875,-11.600510101344792,-7.510507751112085,-10.779165034154714
-1.1199951171875,-12.799665862804364,-7.717626999481358,-10.903513767502318
-1.11968994140625,-14.17039741939686,-8.138389154335808,-10.92709983515661
-1.119384765625,-15.58311781629692,-8.760669950111813,-10.832585049923187
-1.11907958984375,-16.63581896401289,-9.568457973817953,-10.621098335873413
-1.1187744140625,-16.680695284569918,-10.539627230703267,-10.313075427542561
-1.11846923828125,-15.556717273852813,-11.644183569619752,-9.944249618189412
-1.1181640625,-13.860957349768777,-12.844106422285492,-9.558276746437159
-1.11785888671875,-12.147807096195667,-14.094561857929822,-9.199243548693358
-1.1175537109375,-10.647130983107544,-15.340588902193007,-8.906573329188518
-1.11724853515625,-9.41887140428019,-16.49366589129674,-8.712896420727107
-1.116943359375,-8.467586782466348,-17.376275773755804,-8.64409617015746
-1.11663818359375,-7.785387900311438,-17.695390436337476,-8.720436846602341
-1.1163330078125,-7.365374191369667,-17.223020542794025,-8.957950800564413
-1.11602783203125,-7.20547460594835,-16.083176241715876,-9.3696106234309
-1.11572265625,-7.309311582573831,-14.64857005556967,-9.966023759981615
-1.11541748046875,-7.685777805003912,-13.229230876805955,-10.755430464657538
-1.1151123046875,-8.346637394952355,-11.985301685930544,-11.74267817412952
-1.11480712890625,-9.298341446816176,-10.98064312354647,-12.926600176829716
-1.114501953125,-10.516727530128716,-10.235439995815058,-14.294896454734165
-1.11419677734375,-11.878123470484061,-9.753443840869735,-15.815483363162466
-1.1138916015625,-13.031102763302293,-9.533816335155013,-17.424285540659653
-1.11358642578125,-13.412746163895964,-9.575927237889998,-19.01333393790801
-1.11328125,-12.812454205082515,-9.881046883962549,-20.429551885215883
-1.11297607421875,-11.68680735469822,-10.45241035811568,-21.49469471041062
-1.1126708984375,-10.553189674465106,-11.293854424191988,-22.043513123163216
-1.11236572265625,-9.662729774839729,-12.406333497424056,-21.978030175398008
-1.112060546875,-9.09838853959692,-13.780814182612406,-21.337601168008117
-1.11175537109375,-8.884129455301801,-15.386110442154417,-20.311955962303987
-1.1114501953125,-9.033695894847433,-17.155064800943062,-19.14505680754504
-1.11114501953125,-9.569863646259128,-18.990201725928436,-18.033051971161083
-1.11083984375,-10.533317205087634,-20.833153205764837,-17.097205881557013
-1.11053466796875,-11.983691315723311,-22.807047283735855,-16.403126206436973
-1.1102294921875,-13.964062212213346,-25.344482415718943,-15.985400443870287
-1.10992431640625,-16.263274008578968,-29.147175136048354,-15.86404533320108
-1.109619140625,-17.605127688015866,-31.5978874153937,-16.052430443445907
-1.10931396484375,-16.40362543835261,-26.229449864589238,-16.557215049905295
-1.1090087890625,-14.018276102732512,-21.30115721279154,-17.3661431709504
-1.10870361328125,-11.87023400083173,-17.822975770322017,-18.410012309158866
-1.1083984375,-10.226205663115596,-15.289079639677322,-19.479667159428956
-1.10809326171875,-9.04189111673708,-13.419214000685676,-20.154466129851542
-1.1077880859375,-8.2444743301908,-12.066580660194607,-20.032430623615337
-1.10748291015625,-7.777214489094422,-11.152101434890614,-19.217540946247617
-1.107177734375,-7.600869908250074,-10.63620177518975,-18.181692397233267
-1.10687255859375,-7.689720383563685,-10.50762587244577,-17.285131104310377
-1.1065673828125,-8.028252401247967,-10.781516351827339,-16.68831186554651
-1.10626220703125,-8.609056421385077,-11.505629420460766,-16.44757986188845
-1.10595703125,-9.431489923312881,-12.779190553291372,-16.582410425910727
-1.10565185546875,-10.499994935420155,-14.799949148285712,-17.100584871253833
-1.1053466796875,-11.81882039002492,-17.98199840460706,-17.995616493313708
-1.10504150390625,-13.372617724050734,-23.045477036692898,-19.209366260883726
-1.104736328125,-15.061354640436937,-25.186650582079952,-20.527272199706307
-1.10443115234375,-16.533983783539018,-19.478052263765598,-21.439387409161796
-1.1041259765625,-17.0701585482739,-15.378354448454326,-21.388465457162333
-1.10382080078125,-16.23566835774525,-12.699658933113657,-20.500917458133333
-1.103515625,-14.564467961659686,-10.873854637479276,-19.386429840283398
-1.10321044921875,-12.732050336700551,-9.625238785976055,-18.43979160176839
-1.1029052734375,-11.033725704176348,-8.809196682466656,-17.76476656814872
-1.10260009765625,-9.542897847821058,-8.342106208076048,-17.297612891703874
-1.102294921875,-8.261508973624386,-8.171335223545288,-16.860617050130926
-1.10198974609375,-7.175008538563736,-8.260423544086272,-16.207481371797545
-1.1016845703125,-6.26778890028283,-8.58002311334364,-15.158543718239912
-1.10137939453125,-5.526548133231235,-9.100332681517727,-13.747008175814646
-1.10107421875,-4.940412481256856,-9.782506544120617,-12.169540972954891
-1.10076904296875,-4.500368354632018,-10.567718272914137,-10.621875473874582
-1.1004638671875,-4.198667552596172,-11.36590324375941,-9.223245893547846
-1.10015869140625,-4.028325917225814,-12.05474901913725,-8.02830260380352
-1.099853515625,-3.982690032198926,-12.508373819122102,-7.056316961174521
-1.09954833984375,-4.055014244458915,-12.657633902972858,-6.311170397595315
-1.0992431640625,-4.237986218572639,-12.532260751469979,-5.791882688881848
-1.09893798828125,-4.523140912036498,-12.235070731653133,-5.49781096131
-1.0986328125,-4.900110386602742,-11.880477952894548,-5.431436194582716
-1.09832763671875,-5.355683818830976,-11.556620116328745,-5.600367646124004
-1.0980224609375,-5.872726154168854,-11.320965398198815,-6.019576565427668
-1.09771728515625,-6.429164916247093,-11.210381353759505,-6.714815678202196
-1.097412109375,-6.9975290565606105,-11.252019573865278,-7.7287394673102225
-1.09710693359375,-7.545842837838169,-11.47117191311376,-9.133022931298916
-1.0968017578125,-8.040748618804782,-11.896566391900942,-11.055162605121588
-1.09649658203125,-8.453048978688823,-12.564495393677447,-13.747621734994624
-1.09619140625,-8.764233637085084,-13.522938557854722,-17.814161330561916
-1.09588623046875,-8.97100824329361,-14.835672079970815,-25.29549757395771
-1.0955810546875,-9.085253241391012,-16.580706615280757,-29.330434654436864
-1.09527587890625,-9.129547361971985,-18.806561553232115,-20.265585461871105
-1.094970703125,-9.131002715320557,-21.25982281628118,-16.047618778918455
-1.09466552734375,-9.11639464386184,-22.56789986330325,-13.549445723080035
-1.0943603515625,-9.109918995401591,-21.354771449729228,-11.929938060309318
-1.09405517578125,-9.133271260615404,-19.1302237417248,-10.860180604103382
-1.09375,-9.207081134749242,-17.18007528246765,-10.175342373074814
-1.09344482421875,-9.352854359600684,-15.717615878251642,-9.778086390913142
-1.0931396484375,-9.594993206780774,-14.679221826131704,-9.603241657428578
-1.09283447265625,-9.962920941049793,-13.964926792544572,-9.602664386956405
-1.092529296875,-10.49378599930318,-13.470834279322048,-9.73839924894802
-1.09222412109375,-11.236806340768728,-13.087255917235662,-9.979917180636004
-1.0919189453125,-12.261464133267072,-12.703325597887558,-10.303501504381414
-1.09161376953125,-13.674800788994423,-12.229934021105827,-10.69247215117515
-1.09130859375,-15.662887946665855,-11.631351823393679,-11.137080623079656
-1.09100341796875,-18.6118378772804,-10.936758543672578,-11.633134526483317
-1.0906982421875,-23.61085686023332,-10.21790756617362,-12.178897335398577
-1.09039306640625,-38.14483148071047,-9.554251073527219,-12.77041061135697
-1.090087890625,-27.50996976076174,-9.011006716344479,-13.395936442291216
-1.08978271484375,-20.4627827420451,-8.634212215815742,-14.030899632950092
-1.0894775390625,-16.84667499120514,-8.454384328973681,-14.635930152375426
-1.08917236328125,-14.57091846924011,-8.491378539871155,-15.161907610942
-1.0888671875,-13.070192616967232,-8.756705803928728,-15.564447849028403
-1.08856201171875,-12.113041312732456,-9.250730375166823,-15.822815899795977
-1.0882568359375,-11.585118529303816,-9.950361208925342,-15.949851821518502
-1.08795166015625,-11.421976342975631,-10.779428194162652,-15.983577867756436
-1.087646484375,-11.578470541871024,-11.55960225939107,-15.966891496503969
-1.08734130859375,-12.005027001707319,-11.993353785549544,-15.929650009461657
-1.0870361328125,-12.61671019285908,-11.81870116529038,-15.881277516384728
-1.08673095703125,-13.251308983248427,-11.07232949119175,-15.81402687539307
-1.08642578125,-13.652877793661723,-10.046624617289186,-15.71387664625422
-1.08612060546875,-13.581527516198747,-9.018523727603537,-15.574473833357187
-1.0858154296875,-13.026309846342034,-8.140914477788469,-15.407601394618771
-1.08551025390625,-12.218271255646322,-7.476640168898101,-15.244656453884433
-1.085205078125,-11.421361971773685,-7.0456509073584295,-15.12921876924937
-1.08489990234375,-10.8089570492971,-6.85173686417585,-15.105767006202287
-1.0845947265625,-10.474270242288226,-6.894719223792245,-15.208825715530619
-1.08428955078125,-10.472580446909552,-7.175756794960684,-15.452006595978085
-1.083984375,-10.853009939007496,-7.6998776267959945,-15.812035933850881
-1.08367919921875,-11.68098834927864,-8.47764207923499,-16.20315372898292
-1.0833740234375,-13.060289701746212,-9.526889664154817,-16.45349510082362
-1.08306884765625,-15.156786774772948,-10.875218210678504,-16.339983169358103
-1.082763671875,-18.14249334688181,-12.56385786758422,-15.7354809077081
-1.08245849609375,-21.16559724267821,-14.653626025400406,-14.731652924296519
-1.0821533203125,-20.105093722331766,-17.232288100735055,-13.550660809460135
-1.08184814453125,-16.567407810930074,-20.41051767463582,-12.385820725721118
-1.08154296875,-13.693797044511463,-24.205979736209507,-11.348012404440588
-1.08123779296875,-11.661212589818081,-27.777315475994214,-10.48592346130484
-1.0809326171875,-10.273190521114925,-28.59566711387227,-9.814689727230302
-1.08062744140625,-9.388669887397555,-27.275921374442976,-9.333768661593624
-1.080322265625,-8.92214467581141,-26.079011899343996,-9.035718037713053
-1.08001708984375,-8.821273558058305,-25.418460910069776,-8.909898116905852
-1.0797119140625,-9.05000215492046,-25.13216328145591,-8.943597314144057
-1.07940673828125,-9.572546448785133,-25.011669521898124,-9.121794403630108
-1.0791015625,-10.330349787569698,-24.92097455495938,-9.426084292216665
-1.07879638671875,-11.204630767176848,-24.837402881806035,-9.833016004632778
-1.0784912109375,-11.976790366765773,-24.80596006681411,-10.312118142286543
-1.07818603515625,-12.366322003038949,-24.8109592584583,-10.82424966071259
-1.077880859375,-12.230683245859131,-24.614819741678797,-11.321644370080035
-1.07757568359375,-11.716780211331914,-23.743306723838767,-11.75176960154701
-1.0772705078125,-11.110695827356377,-21.962297741363223,-12.066656251045977
-1.07696533203125,-10.637237482171935,-19.645364606962012,-12.236123254864795
-1.07666015625,-10.420884411562712,-17.287157430278782,-12.258518909292116
-1.07635498046875,-10.52338299454918,-15.143764798985064,-12.161903849312504
-1.0760498046875,-10.975348818135263,-13.29333174883622,-11.99510322391055
-1.07574462890625,-11.78158644467748,-11.741455182547348,-11.81517604978232
-1.075439453125,-12.885280919543444,-10.471538237268732,-11.678128629680293
-1.07513427734375,-14.053721988679905,-9.462982283625067,-11.63518767732347
-1.0748291015625,-14.728770703907418,-8.696857981728325,-11.7335282844983
-1.07452392578125,-14.33846427311001,-8.15716511077025,-12.01982570868015
-1.07421875,-13.088880972561165,-7.830554627680848,-12.546093227135609
-1.07391357421875,-11.640720082159923,-7.7054531412019145,-13.379033775165032
-1.0736083984375,-10.395091211640391,-7.770832599177197,-14.61730020755142
-1.07330322265625,-9.486212937676031,-8.01461642831747,-16.429822397179404
-1.072998046875,-8.94316160559915,-8.421666492681483,-19.16230689180647
-1.07269287109375,-8.769859176203157,-8.971451899868452,-23.754567692424562
-1.0723876953125,-8.97377496840268,-9.635995014303417,-35.53610101764238
-1.07208251953125,-9.577216346351062,-10.379640564157498,-29.659727516048818
-1.07177734375,-10.624148071908188,-11.163226126597705,-21.736185447643756
-1.07147216796875,-12.18315249114908,-11.954762041157007,-17.811831314613013
-1.0711669921875,-14.320347730539865,-12.744672944805293,-15.308614339323912
-1.07086181640625,-16.875246221963327,-13.557585559779215,-13.574938057091593
-1.070556640625,-18.540533778214126,-14.45165983619464,-12.341388605878144
-1.07025146484375,-17.431276544400085,-15.502356856804996,-11.46693867895138
-1.0699462890625,-15.04165400546627,-16.76590156700892,-10.865552805536971
-1.06964111328125,-12.950746770058112,-18.186228575653107,-10.478789379986981
-1.0693359375,-11.407310635877968,-19.365241490999917,-10.264440747284883
-1.06903076171875,-10.336316198006305,-19.44757079013035,-10.192173064333314
-1.0687255859375,-9.636647676840536,-18.123463088198942,-10.242679830282961
-1.06842041015625,-9.218021725628763,-16.196236197970638,-10.408504092608212
-1.068115234375,-8.997003026651143,-14.356542661230996,-10.695289413360413
-1.06781005859375,-8.892333264624815,-12.832349058667026,-11.122806410739889
-1.0675048828125,-8.828563908628183,-11.653960878284833,-11.725974679708113
-1.06719970703125,-8.749647442331556,-10.80091826525295,-12.557166226636307
-1.06689453125,-8.635641128065133,-10.246375145460744,-13.692318315991407
-1.06658935546875,-8.509368494469724,-9.967722841954757,-15.245412310455418
-1.0662841796875,-8.426820974523324,-9.947855830255719,-17.399720107934527
-1.06597900390625,-8.4597845765028,-10.173818387196754,-20.459084692880772
-1.065673828125,-8.683634726206758,-10.63431265411094,-24.650167602294587
-1.06536865234375,-9.176214812412175,-11.31584740562432,-26.596732980976153
-1.0650634765625,-10.028061309104784,-12.19653875749625,-22.728783728039772
-1.06475830078125,-11.366905789202807,-13.236421015585469,-19.136163621193923
-1.064453125,-13.414595517290525,-14.365050613127721,-16.675352066879444
-1.06414794921875,-16.65561558841236,-15.474765647257957,-15.007090242789861
-1.0638427734375,-22.588071898013524,-16.440855919049675,-13.903854358729488
-1.06353759765625,-33.61874419903518,-17.183636136051476,-13.233885378881533
-1.063232421875,-21.26631734551811,-17.73127248229315,-12.914550992696181
-1.06292724609375,-15.965918139444131,-18.211234699772657,-12.885861695266252
-1.0626220703125,-12.969340246851482,-18.78366506587318,-13.094243506597675
-1.06231689453125,-11.080272336016472,-19.59229493469477,-13.480952549244378
-1.06201171875,-9.89322308199627,-20.758517940589396,-13.974953595629184
-1.06170654296875,-9.227301710250837,-22.397110270586865,-14.495456049307272
-1.0614013671875,-8.989604951844779,-24.622876757024777,-14.971331327104739
-1.06109619140625,-9.126693245989605,-27.456095498124796,-15.37417449676894
-1.060791015625,-9.598804351236264,-30.196740720358648,-15.742013045455748
-1.06048583984375,-10.354420068610203,-30.615162756444608,-16.172920474965583
-1.0601806640625,-11.29014313711053,-28.899899020511857,-16.80076809579313
-1.05987548828125,-12.193483225441959,-27.272005803755796,-17.78462505296464
-1.0595703125,-12.736732064441732,-26.387577986420286,-19.33596375795007
-1.05926513671875,-12.675109825463535,-26.298312825857476,-21.82369141347141
-1.0589599609375,-12.107165241183,-27.038498938824212,-26.174145385266705
-1.05865478515625,-11.358273800552261,-28.75875659050484,-36.684173614361036
-1.058349609375,-10.698860726419587,-31.7680083161399,-31.36308618614821
-1.05804443359375,-10.269588948917143,-35.46470642106862,-23.790402515941413
-1.0577392578125,-10.129106035059337,-33.56026293235849,-19.95124579991447
-1.05743408203125,-10.300591193007547,-28.957870307898585,-17.572397903590705
-1.05712890625,-10.79573859891463,-25.585548612348667,-16.041121734871762
-1.05682373046875,-11.624532834404036,-23.218704958003876,-15.11027200725118
-1.0565185546875,-12.797475093136008,-21.52899546256723,-14.661447966637356
-1.05621337890625,-14.322087631929659,-20.322429680513036,-14.634287165254305
-1.055908203125,-16.191403633319176,-19.480787195171956,-14.997904698642323
-1.05560302734375,-18.357287714601746,-18.925796070006736,-15.733513638966308
-1.0552978515625,-20.671035463159605,-18.60132568716191,-16.813132458360045
-1.05499267578125,-22.736999351944966,-18.46419672248696,-18.157008012919547
-1.0546875,-23.6401067541264,-18.479021305481908,-19.55318247693434
-1.05438232421875,-22.411817616005614,-18.61490649931952,-20.603356083184995
-1.0540771484375,-19.64357677406406,-18.843113838577572,-20.958724978673118
-1.05377197265625,-16.554452583142577,-19.135779761674982,-20.750371929181384
-1.053466796875,-13.69991928944982,-19.466843340727188,-20.436757109884987
-1.05316162109375,-11.214269562669534,-19.81695626814558,-20.363751091899935
-1.0528564453125,-9.099855023458552,-20.183269913920046,-20.645584834257328
-1.05255126953125,-7.326792067926689,-20.59219995755379,-21.124750556242944
-1.05224609375,-5.861506174410398,-21.111196596212388,-21.203422055293952
-1.05194091796875,-4.674358302553103,-21.858849023220593,-20.102888862853806
-1.0516357421875,-3.741152105477548,-23.021861315066133,-17.9719195123338
-1.05133056640625,-3.042889831314014,-24.89334441660919,-15.61035756269617
-1.051025390625,-2.565127413662843,-27.84319206337152,-13.475028285787701
-1.05072021484375,-2.2973541997796385,-30.38264161684716,-11.684496434648574
-1.0504150390625,-2.23252975334338,-26.64540329740729,-10.236628972889791
-1.05010986328125,-2.3668253415158023,-21.671043526472992,-9.101568281605918
-1.0498046875,-2.6996109746132846,-17.860510492255155,-8.248852999195751
-1.04949951171875,-3.2337628874633246,-14.923926518534078,-7.653828786486775
-1.0491943359375,-3.976439978356786,-12.593996144358044,-7.298420573272813
-1.04888916015625,-4.940613579048605,-10.717141935352082,-7.170641819769118
-1.048583984375,-6.147887109844394,-9.203364132838058,-7.26405689275175
-1.04827880859375,-7.633621564214859,-7.997456571616203,-7.577486244083898
-1.0479736328125,-9.456281938802542,-7.064617933651977,-8.114907021612987
-1.04766845703125,-11.714234352146056,-6.383050696817872,-8.88516122361094
-1.04736328125,-14.570774194151255,-5.940012826821681,-9.900196936838247
-1.04705810546875,-18.226235829515517,-5.729683817739886,-11.167825758477939
-1.0467529296875,-22.06795950254673,-5.752035197024119,-12.666747731253183
-1.04644775390625,-21.916305118880498,-6.012222877833471,-14.27211176020078
-1.046142578125,-18.689346402388537,-6.520023578741171,-15.600916891856404
-1.04583740234375,-15.99560078734559,-7.288404182150242,-16.004450518497023
-1.0455322265625,-14.11134266910555,-8.328844685209326,-15.242761879674054
-1.04522705078125,-12.848725033964257,-9.636829384221695,-13.853671842352451
-1.044921875,-12.084575359105008,-11.150837705865392,-12.397733582411117
-1.04461669921875,-11.765637538275387,-12.65891423634352,-11.116025946551398
-1.0443115234375,-11.891859146899694,-13.706315301907956,-10.069515420733916
-1.04400634765625,-12.516287650191774,-13.847099535937843,-9.258823629230973
-1.043701171875,-13.770980438827213,-13.210686308851278,-8.670338765785479
-1.04339599609375,-15.956967545767348,-12.322745795007071,-8.290192045862337
-1.0430908203125,-19.898474793596733,-11.558465024183345,-8.107424808728322
-1.04278564453125,-29.75039890977167,-11.06991453900801,-8.113627414043767
-1.04248046875,-27.141525177781297,-10.899896188311766,-8.301144055150605
-1.04217529296875,-18.05810591982533,-11.052176507469708,-8.6601007842474
-1.0418701171875,-13.673206959499723,-11.515211946983388,-9.173756238031483
-1.04156494140625,-10.855968233757018,-12.260445479291928,-9.81148831930722
-1.041259765625,-8.886308175784803,-13.220110979705744,-10.519782601747444
-1.04095458984375,-7.48129204651827,-14.243196478207947,-11.215773556491369
-1.0406494140625,-6.502017734440467,-15.060537472752276,-11.79583737229121
-1.04034423828125,-5.871900656973103,-15.379715291428278,-12.172884679687668
-1.0400390625,-5.5464104146880775,-15.144946210269424,-12.328498890075554
-1.03973388671875,-5.499855290645965,-14.601897313065049,-12.330647305831363
-1.0394287109375,-5.719033757718912,-14.051271325446788,-12.296709040065778
-1.03912353515625,-6.200089123608934,-13.684275199765903,-12.343989250832513
-1.038818359375,-6.947058022100592,-13.590418548222054,-12.566407749817438
-1.03851318359375,-7.971401935712716,-13.802684597797526,-13.03584849249749
-1.0382080078125,-9.292050953024122,-14.320149112651634,-13.812408729344769
-1.03790283203125,-10.935273084061272,-15.10026318251217,-14.952700088212039
-1.03759765625,-12.932555734947329,-16.015496774072574,-16.505533055925557
-1.03729248046875,-15.31101198748808,-16.786984554234316,-18.46005766412854
-1.0369873046875,-18.06050771656809,-17.026223787029107,-20.528904003714263
-1.03668212890625,-21.044148998356533,-16.559047413930955,-21.74000052066443
-1.036376953125,-23.868236996731916,-15.63660674542646,-21.227600614760004
-1.03607177734375,-26.07935060225671,-14.635435340499575,-19.843672477873305
-1.0357666015625,-27.926229387242742,-13.791021580908346,-18.63449943687749
-1.03546142578125,-30.39936543366375,-13.20136705962862,-17.969338378042107
-1.03515625,-34.20859050559637,-12.895054873524838,-17.955644847968614
-1.03485107421875,-33.69677113993386,-12.870731868216609,-18.6914978449667
-1.0345458984375,-28.088055104039565,-13.108375998182186,-20.35298192396069
-1.03424072265625,-23.917916149054676,-13.560315473096756,-23.060115896262204
-1.033935546875,-21.044409140583046,-14.12250967102853,-24.796569495859973
-1.03363037109375,-19.03470536574119,-14.594899214692402,-21.390604333296018
-1.0333251953125,-17.654472837566285,-14.694258953134797,-17.12912043467078
-1.03302001953125,-16.775982539079028,-14.222000575026744,-13.846527833151915
-1.03271484375,-16.328522371218664,-13.254597300394753,-11.366023436676587
-1.03240966796875,-16.276506707935756,-12.05252262788087,-9.465019238732536
-1.0321044921875,-16.610480284373523,-10.843046941719363,-8.002801778345871
-1.03179931640625,-17.34501173283359,-9.748747384644108,-6.891322839655636
-1.031494140625,-18.52051926976877,-8.817674417118411,-6.0725190885353095
-1.03118896484375,-20.202249696583642,-8.060778812347817,-5.50529054099975
-1.0308837890625,-22.43591811432344,-7.473291432338765,-5.157630427971654
-1.03057861328125,-24.92992866751971,-7.0443198101807365,-5.00114344253197
-1.0302734375,-26.037868278059054,-6.7603699797487025,-5.006520189103815
-1.02996826171875,-24.344195577270128,-6.605923887490355,-5.139424434538034
-1.0296630859375,-21.776169545128514,-6.562503613309044,-5.357218831519075
-1.02935791015625,-19.57723438110049,-6.6069471285912424,-5.608306097245844
-1.029052734375,-17.881223475613623,-6.709589015334818,-5.837052327333817
-1.02874755859375,-16.607849780136064,-6.83351295473248,-5.996117721640766
-1.0284423828125,-15.671440646781424,-6.936704133753066,-6.062406564573834
-1.02813720703125,-15.001663867637873,-6.978818223279041,-6.046503579448418
-1.02783203125,-14.53452189639677,-6.931982754970855,-5.9879433740770525
-1.02752685546875,-14.199710128289686,-6.790890687128426,-5.940123074686223
-1.0272216796875,-13.910540464274801,-6.575670006929174,-5.955458811812784
-1.02691650390625,-13.564633039832243,-6.32544232271086,-6.077278314634213
-1.026611328125,-13.066142131302698,-6.087234080556106,-6.338101488392115
-1.02630615234375,-12.366001503273889,-5.906701631317661,-6.7611762745908335
-1.0260009765625,-11.487792364762601,-5.823693563875466,-7.362684318626607
-1.02569580078125,-10.510667757039618,-5.872036977912154,-8.153258199415625
-1.025390625,-9.52737540244317,-6.081750855238969,-9.138176211721884
-1.02508544921875,-8.613844469321974,-6.482408728043713,-10.315757481105308
-1.0247802734375,-7.820937046239208,-7.107316510526013,-11.67328411537438
-1.02447509765625,-7.178606132892753,-7.999093424354161,-13.179444136636274
-1.024169921875,-6.702634705679193,-9.218437605874865,-14.772117922910283
-1.02386474609375,-6.399805384330705,-10.86037840212066,-16.341063699024755
-1.0235595703125,-6.27069789001904,-13.089329534115766,-17.70955277014641
-1.02325439453125,-6.3102786957524675,-16.22672390021128,-18.636831621700825
-1.02294921875,-6.506419087806857,-20.984990021162172,-18.89603124346922
-1.02264404296875,-6.836317246049555,-27.58451580175301,-18.436539445599365
-1.0223388671875,-7.261154758283692,-24.017428311793047,-17.450975903843688
-1.02203369140625,-7.721120320840326,-19.115375021222533,-16.231652296515485
-1.021728515625,-8.136892078335515,-16.277435128388937,-15.014424516726049
-1.02142333984375,-8.4267695240421,-14.590715466291574,-13.942341761930306
-1.0211181640625,-8.5404685362645,-13.642960519280518,-13.092723249191376
-1.02081298828125,-8.488053320372003,-13.23920406709922,-12.50851069881814
-1.0205078125,-8.336166341917782,-13.267934171764526,-12.219438190997128
-1.02020263671875,-8.175887180574756,-13.636399322755473,-12.255722920733609
-1.0198974609375,-8.09225373063128,-14.214710782420806,-12.659354306867542
-1.01959228515625,-8.152128827860835,-14.774278191577395,-13.498484167589325
-1.019287109375,-8.406359571278404,-14.986425926323445,-14.894249101898229
-1.01898193359375,-8.89754522799782,-14.62018444971374,-17.085332526429514
-1.0186767578125,-9.668884494403233,-13.780408389893246,-20.62416335017117
-1.01837158203125,-10.773416523667175,-12.783224858545756,-27.08407445889428
-1.01806640625,-12.284244522491674,-11.891364687190304,-29.983684491172475
-1.01776123046875,-14.301979346371539,-11.24759516027083,-22.00334422936002
-1.0174560546875,-16.917592608843304,-10.92227439679621,-17.643740497804735
-1.01715087890625,-19.83355999545437,-10.961510193250987,-14.944914792087316
-1.016845703125,-20.984981044920534,-11.417933680042204,-13.148702231690109
-1.01654052734375,-18.95533551476873,-12.37593708813068,-11.945592558701447
-1.0162353515625,-16.30125986587988,-13.986876947470122,-11.181620899667458
-1.01593017578125,-14.161891250415415,-16.529514500310615,-10.769104466275161
-1.015625,-12.560500074361013,-20.35571898575267,-10.652092646190166
-1.01531982421875,-11.381953216700154,-23.027466376345064,-10.789644328753482
-1.0150146484375,-10.533086356567127,-19.04142683866025,-11.145186706641663
-1.01470947265625,-9.950915591228334,-14.845837680913132,-11.677195646112452
-1.014404296875,-9.595107784307997,-11.886653762596069,-12.329340275970175
-1.01409912109375,-9.441806157674218,-9.777815335863203,-13.02172649027227
-1.0137939453125,-9.479820073772455,-8.25746258240182,-13.651438241717141
-1.01348876953125,-9.70853406293384,-7.180184886009091,-14.116094564011085
-1.01318359375,-10.137124927624077,-6.4625259417405765,-14.36086354082053
-1.01287841796875,-10.785102103631417,-6.055283850356124,-14.413618088846196
-1.0125732421875,-11.68470135476344,-5.92994764593241,-14.370514579281142
-1.01226806640625,-12.886552117832359,-6.071682112807126,-14.349973932299694
-1.011962890625,-14.472169085268918,-6.475261116773217,-14.460132423882712
-1.01165771484375,-16.58313479646736,-7.141765296272052,-14.794534343448776
-1.0113525390625,-19.5001116181903,-8.073535875816892,-15.446500292448622
-1.01104736328125,-23.923412647295986,-9.262289471822024,-16.536092861511975
-1.0107421875,-32.76942680137822,-10.658717524256442,-18.26157568920748
-1.01043701171875,-35.911379559007266,-12.104628894437631,-21.035449085855973
-1.0101318359375,-26.010792903364532,-13.248459845015505,-26.024096370800514
-1.00982666015625,-21.94183477680683,-13.657895973421837,-37.245564999351124
-1.009521484375,-19.55265971213066,-13.276491367687683,-26.924145317739576
-1.00921630859375,-17.975866721844667,-12.508367071364571,-20.713918610465786
-1.0089111328125,-16.863741712247293,-11.760668376992342,-17.168184346525674
-1.00860595703125,-16.031850982133527,-11.246156697301295,-14.819810707151532
-1.00830078125,-15.370884186194768,-11.054250248055666,-13.194464526472311
-1.00799560546875,-14.820343656219832,-11.232635001253326,-12.08042546547295
-1.0076904296875,-14.35835753468539,-11.832590441397956,-11.360382081773208
-1.00738525390625,-13.992906056022242,-12.940908449520617,-10.951610046409622
-1.007080078125,-13.751613924868114,-14.72692505898255,-10.773945585940378
-1.00677490234375,-13.672662542123126,-17.563036301308784,-10.725580683348051
-1.0064697265625,-13.799678739512341,-22.461308533580507,-10.668859025860517
-1.00616455078125,-14.181591766331174,-31.39702470927005,-10.44817156446788
-1.005859375,-14.877447913389283,-23.941298109407544,-9.957990416988803
-1.00555419921875,-15.96706598742572,-18.12514268557346,-9.212361422495723
-1.0052490234375,-17.571226167649495,-14.80844500300778,-8.329899304503758
-1.00494384765625,-19.888584152640615,-12.678099160115641,-7.453624417900557
-1.004638671875,-23.2270052464616,-11.278512381886802,-6.6945934328176175
-1.00433349609375,-27.36783104149348,-10.409603573253454,-6.123332100257616
-1.0040283203125,-27.37117178493008,-9.97255454288756,-5.782861577948372
-1.00372314453125,-23.47556066398191,-9.91821173780018,-5.7033373541943675
-1.00341796875,-20.45703007507866,-10.226054668201176,-5.913206337650631
-1.00311279296875,-18.48198988480267,-10.893306484375946,-6.448122084211896
-1.0028076171875,-17.260328246887568,-11.92418206523055,-7.360489783336286
-1.00250244140625,-16.611885508167425,-13.305253534254627,-8.733601301191023
-1.002197265625,-16.427189850271006,-14.932584698286961,-10.706475293374812
-1.00189208984375,-16.61609050633287,-16.43996479082467,-13.512011442197752
-1.0015869140625,-17.05119589634952,-17.119155443420052,-17.393686455413476
-1.00128173828125,-17.492587363062032,-16.626233400906504,-20.613222929155818
-1.0009765625,-17.560706104178784,-15.53761213351698,-18.228850328172676
-1.00067138671875,-16.954583475829253,-14.497994548545831,-14.795838739137201
-1.0003662109375,-15.77483485676323,-13.78525018459468,-12.465579803403985
-1.00006103515625,-14.384629322527669,-13.477909594991699,-11.042227882772773
-0.999755859375,-13.070670520242832,-13.597490713296745,-10.309987328087708
-0.99945068359375,-11.968018686596855,-14.163052421345101,-10.15968012216835
-0.9991455078125,-11.122915786480965,-15.209772860789402,-10.558264099753247
-0.99884033203125,-10.546016176297739,-16.79079249095274,-11.537730146972617
-0.99853515625,-10.238359377817876,-18.936604423381112,-13.21304093336121
-0.99822998046875,-10.202760465487813,-21.406048910936263,-15.854892399599727
-0.9979248046875,-10.449669144919152,-22.925893265499653,-20.12770614673759
-0.99761962890625,-11.002055632179957,-22.07932126368943,-27.39305549697032
-0.997314453125,-11.902149518095495,-20.207963784533256,-25.740386068411865
-0.99700927734375,-13.22301620975587,-18.65262481059556,-19.936887389945753
-0.9967041015625,-15.088623406951703,-17.692815325859424,-16.887376811567982
-0.99639892578125,-17.694633416870488,-17.318646404490842,-15.316834597601845
-0.99609375,-21.144477467319085,-17.50102500595653,-14.751390261563442
-0.99578857421875,-23.520801039040435,-18.243190352055926,-15.060295836050058
-0.9954833984375,-20.997780022846943,-19.594167703968736,-16.3292845233395
-0.99517822265625,-17.443905055416963,-21.658402683419688,-18.96972216522868
-0.994873046875,-14.72759190197534,-24.557726269673488,-24.520872932597825
-0.99456787109375,-12.736040137503291,-27.871933494701896,-42.0445115001992
-0.9942626953125,-11.270331199907496,-28.543511251552985,-22.763703618064937
-0.99395751953125,-10.203535156972407,-25.817316064845656,-16.962211157934327
-0.99365234375,-9.459694255171794,-23.0211151943237,-13.662673385381138
-0.99334716796875,-8.993913866008743,-20.787012487818043,-11.527778705061763
-0.9930419921875,-8.781009567139115,-18.8980615820955,-10.121269482826419
-0.99273681640625,-8.80923225003527,-17.156800859761134,-9.246038296845038
-0.992431640625,-9.07651786757558,-15.481149653654454,-8.795036281534234
-0.99212646484375,-9.587422372512332,-13.879842515161178,-8.698842012455128
-0.9918212890625,-10.348386872694704,-12.400043542346966,-8.898202879621595
-0.99151611328125,-11.356221066857689,-11.0876054644953,-9.320954397989576
-0.9912109375,-12.56734270171182,-9.971854728135625,-9.857033740626287
-0.99090576171875,-13.825012246894772,-9.065377742055976,-10.342107232640437
-0.9906005859375,-14.758137819828796,-8.368021355475278,-10.588563144913614
-0.99029541015625,-14.886884632820625,-7.870005537806485,-10.489789977554025
-0.989990234375,-14.138417228673736,-7.552885100912919,-10.104635798407218
-0.98968505859375,-12.950716392044061,-7.388665639705011,-9.60328635339295
-0.9893798828125,-11.748297390316777,-7.338242541127547,-9.152333556890854
-0.98907470703125,-10.731235448160723,-7.3514923747978065,-8.862189413739433
-0.98876953125,-9.960413741450212,-7.372560373369563,-8.793409858337924
-0.98846435546875,-9.44149953942556,-7.352930870319703,-8.97753240496709
-0.9881591796875,-9.161908518331245,-7.2690214796756205,-9.43329110162132
-0.98785400390625,-9.103035569474232,-7.133623086265981,-10.176930556820311
-0.987548828125,-9.24231785641864,-6.992251932575996,-11.22998956291653
-0.98724365234375,-9.550813087323913,-6.907940299216096,-12.628979207263093
-0.9869384765625,-9.988446512246284,-6.946168683349421,-14.444251511472583
-0.98663330078125,-10.498895031632037,-7.167518388979293,-16.8260724805404
-0.986328125,-11.008345308440257,-7.628048198267755,-20.13940741997915
-0.98602294921875,-11.435164815506356,-8.384257945213818,-25.4982944973828
-0.9857177734375,-11.714169885254444,-9.499696204236486,-36.57973754873839
-0.98541259765625,-11.823806430262758,-11.048643888745591,-26.658452104135698
-0.985107421875,-11.792409339359228,-13.09607305610476,-20.35407508106048
-0.98480224609375,-11.676088996388675,-15.545815740236314,-16.56178321763739
-0.9844970703125,-11.528087431929217,-17.522253433001133,-13.868180003052572
-0.98419189453125,-11.380318238641534,-17.29321314961059,-11.83469450755588
-0.98388671875,-11.24089947702712,-15.434559883053362,-10.281457877802964
-0.98358154296875,-11.102216310032615,-13.602682804364212,-9.123877187331718
-0.9832763671875,-10.95387549692495,-12.294750181763938,-8.321000543082558
-0.98297119140625,-10.795582831361907,-11.53070837337771,-7.856658903399713
-0.982666015625,-10.644887988233956,-11.25954034208962,-7.733027275746872
-0.98236083984375,-10.536981270259018,-11.435767486431436,-7.970600830087489
-0.9820556640625,-10.518355184772519,-12.01701656664131,-8.613794271779243
-0.98175048828125,-10.638851975359355,-12.930162755449754,-9.745378930803811
-0.9814453125,-10.944857195712686,-13.994431749940643,-11.520878102860824
-0.98114013671875,-11.471706405855905,-14.820801419564518,-14.259102144036746
-0.9808349609375,-12.226533419489305,-14.929289856441162,-18.712613915557085
-0.98052978515625,-13.141204201972538,-14.261846034430445,-25.71383651878612
-0.980224609375,-13.97077590880011,-13.257084272260084,-21.795836159772975
-0.97991943359375,-14.228513840172292,-12.3293660204466,-16.337645870279008
-0.9796142578125,-13.53292382202727,-11.67170265567809,-13.228878601369292
-0.97930908203125,-12.121591990999743,-11.339566739435982,-11.38673507409234
-0.97900390625,-10.519409395596373,-11.327646969337042,-10.382691023487245
-0.97869873046875,-9.051848181673789,-11.596242145725222,-10.050603053190184
-0.9783935546875,-7.837705677570127,-12.067902178828685,-10.353358343362238
-0.97808837890625,-6.903103737007491,-12.614295750415492,-11.357790311118778
-0.977783203125,-6.2441840158519755,-13.066066574003294,-13.278773241060462
-0.97747802734375,-5.8509785855990115,-13.28796534541084,-16.64303336195905
-0.9771728515625,-5.715471513598118,-13.286905759241563,-22.23987186465124
-0.97686767578125,-5.834161320401988,-13.223952459404424,-21.153269325613778
-0.9765625,-6.208881057478587,-13.318850376544981,-15.010799906847907
-0.97625732421875,-6.847152142943478,-13.777966821410315,-11.068242614876514
-0.9759521484375,-7.762386728733831,-14.794677817763374,-8.426836523456643
-0.97564697265625,-8.973638127524312,-16.560433583034804,-6.575847983812859
-0.975341796875,-10.503537158493044,-18.99025460948684,-5.27592853705775
-0.97503662109375,-12.37014595731788,-19.90936212510247,-4.402287827253157
-0.9747314453125,-14.560331160160354,-16.89214378788604,-3.8855159524284613
-0.97442626953125,-16.955233260817405,-13.235982700237795,-3.6872865439041593
-0.97412109375,-19.18992449679713,-10.343166102929581,-3.789745147049178
-0.97381591796875,-20.674793102323893,-8.166500977095039,-4.191345140415751
-0.9735107421875,-21.19374973975658,-6.551603051647138,-4.906705467545062
-0.97320556640625,-21.139693045648613,-5.391288654815262,-5.970258937321345
-0.972900390625,-20.775561521346546,-4.619529491768156,-7.4451676240835605
-0.97259521484375,-19.941369284315403,-4.198083516915741,-9.44083984156422
-0.9722900390625,-18.46901689627854,-4.108244511067913,-12.139291011495159
-0.97198486328125,-16.569164286866208,-4.346618855014102,-15.746967213642247
-0.9716796875,-14.616152342607274,-4.9233241452760295,-19.337440088168165
-0.97137451171875,-12.85165967352741,-5.86097182763817,-18.3515199879905
-0.9710693359375,-11.369723985036568,-7.190610709510339,-14.988375239888958
-0.97076416015625,-10.18971412002466,-8.930617569131492,-12.387817931567099
-0.970458984375,-9.303662375383215,-10.996408327528373,-10.60702579978936
-0.97015380859375,-8.696805961615375,-12.916627236334078,-9.422190960668797
-0.9698486328125,-8.355236211991748,-13.630406102399157,-8.683647807463386
-0.96954345703125,-8.268372227654746,-12.803607133120341,-8.300932075603264
-0.96923828125,-8.429424838829753,-11.466840775610827,-8.218158943290774
-0.96893310546875,-8.8349092687663,-10.37205547967121,-8.39858099442722
-0.9686279296875,-9.483195882546381,-9.730457145711135,-8.813855374603763
-0.96832275390625,-10.37110831113421,-9.57209511681626,-9.433617335866748
-0.968017578125,-11.485904891403415,-9.901547013581414,-10.211566561644004
-0.96771240234375,-12.786873803984003,-10.74378938588735,-11.065859144192808
-0.9674072265625,-14.167962514052876,-12.166047795633613,-11.860453858105872
-0.96710205078125,-15.40728400103796,-14.308281110391317,-12.417507179875605
-0.966796875,-16.184617349512965,-17.448109918276163,-12.599429410088302
-0.96649169921875,-16.297689867455716,-22.086465501421717,-12.412188158285272
-0.9661865234375,-15.876069092668212,-27.31953761845326,-11.996680818139483
-0.96588134765625,-15.227127975669163,-25.2738151608016,-11.519280172215831
-0.965576171875,-14.586839459286338,-22.054952870342802,-11.095024504467311
-0.96527099609375,-14.06916012293481,-20.750220730914645,-10.778038442404618
-0.9649658203125,-13.712040913860857,-21.15420579568817,-10.578349784994913
-0.96466064453125,-13.516452010516463,-23.619772547305814,-10.478582815056809
-0.96435546875,-13.46261367099175,-29.447389684162278,-10.446591168484929
-0.96405029296875,-13.51071734546726,-26.210211592896894,-10.44732888823636
-0.9637451171875,-13.593562391496963,-18.898426570197838,-10.45587033354034
-0.96343994140625,-13.61124296234216,-14.402093301865996,-10.469042730224755
-0.963134765625,-13.44630085291133,-11.316893277624288,-10.510518737240846
-0.96282958984375,-13.013356888411863,-9.080569660308505,-10.627288412112755
-0.9625244140625,-12.314610851767146,-7.439019320208256,-10.881497233044088
-0.96221923828125,-11.44069114343839,-6.259115225780986,-11.344003395103622
-0.9619140625,-10.515425331981191,-5.465098177394179,-12.09313236506935
-0.96160888671875,-9.64471852627272,-5.01293036347138,-13.216849977408627
-0.9613037109375,-8.900176204607611,-4.878728344636925,-14.804456904109223
-0.96099853515625,-8.324841098625654,-5.053368738488796,-16.854335253986353
-0.960693359375,-7.943876732965198,-5.540235802924698,-18.78592544347992
-0.96038818359375,-7.7731075712388,-6.354673528840557,-18.765537359017497
-0.9600830078125,-7.824504503766116,-7.523674298583119,-16.54622023547448
-0.95977783203125,-8.10941614411936,-9.081535186851381,-14.024695346015328
-0.95947265625,-8.640298150134045,-11.044558778008637,-11.960412965832937
-0.95916748046875,-9.431163828900566,-13.300707652321723,-10.406739481500374
-0.9588623046875,-10.496120932168294,-15.276432529445195,-9.297787624503568
-0.95855712890625,-11.843639592656345,-15.836243807987174,-8.571954771708768
-0.958251953125,-13.460363133704158,-14.887861384931131,-8.186232129241716
-0.95794677734375,-15.271532367003552,-13.567950668853824,-8.113072237922854
-0.9576416015625,-17.06777581078679,-12.535308666029417,-8.335409264751085
-0.95733642578125,-18.466345653465883,-11.944791001363765,-8.841183721541357
-0.95703125,-19.12990905964865,-11.806653856761926,-9.615331795333805
-0.95672607421875,-19.11611751629017,-12.118373151553698,-10.624830711898952
-0.9564208984375,-18.71185269516394,-12.903617485923922,-11.79039379900053
-0.95611572265625,-18.049683135236833,-14.236514044688802,-12.946207039048929
-0.955810546875,-17.08524564181159,-16.285442046464027,-13.835028589145818
-0.95550537109375,-15.796905499716036,-19.4212231769778,-14.243608265891215
-0.9552001953125,-14.303644539789024,-24.367588456676707,-14.21307408997466
-0.95489501953125,-12.794093712129069,-27.654841340249774,-14.009964249129244
-0.95458984375,-11.420894903000281,-22.039495612618836,-13.91155035021576
-0.95428466796875,-10.272667696540614,-17.670462756620008,-14.109724916348183
-0.9539794921875,-9.39293564408056,-14.768910149070765,-14.742606722222156
-0.95367431640625,-8.80330039383492,-12.717567130586811,-15.960984711050113
-0.953369140625,-8.518956665816154,-11.221556862794626,-18.024708272185773
-0.95306396484375,-8.558109883171692,-10.133790536270569,-21.56117226157457
-0.9527587890625,-8.948554214870578,-9.377288324188589,-29.04806855315348
-0.95245361328125,-9.733372132412534,-8.913206912788418,-35.48675145659849
-0.9521484375,-10.974333149684988,-8.726863335007538,-23.08267350501298
-0.95184326171875,-12.73616723999953,-8.822102693919756,-18.26536744468598
-0.9515380859375,-14.952355206296101,-9.220909931508395,-15.3667681221623
-0.95123291015625,-16.80271248893224,-9.968355336288218,-13.415776884277065
-0.950927734375,-16.379741391890246,-11.146432384732341,-12.052810918616405
-0.95062255859375,-14.098723719366832,-12.908784872915064,-11.09733305109166
-0.9503173828125,-11.774354827390184,-15.579813449801062,-10.437986094534175
-0.95001220703125,-9.944304588539328,-20.036841371966986,-9.993179334366896
-0.94970703125,-8.610467978261237,-30.819827324998933,-9.694424871984179
-0.94940185546875,-7.699714142712535,-26.796275036542973,-9.480123735019257
-0.9490966796875,-7.148837101312067,-18.571798950473003,-9.296213044965295
-0.94879150390625,-6.911518781508638,-14.56713069902741,-9.1014962891997
-0.948486328125,-6.9534513294056985,-12.026911305463635,-8.873976547238481
-0.94818115234375,-7.24644306481831,-10.271517919782564,-8.613464587103232
-0.9478759765625,-7.762577348154171,-9.024159866905428,-8.337993385467152
-0.94757080078125,-8.468180435769037,-8.142292888920908,-8.075970032938873
-0.947265625,-9.31828877207691,-7.54059366409788,-7.858309787988187
-0.94696044921875,-10.255019464380444,-7.161788014914813,-7.713489524446171
-0.9466552734375,-11.216815218867849,-6.963547462433949,-7.665912912988443
-0.94635009765625,-12.16426691096335,-6.911907603909361,-7.73652067170607
-0.946044921875,-13.11474475769387,-6.97773557264731,-7.944429137128479
-0.94573974609375,-14.163654365087925,-7.134799290822796,-8.30875904809284
-0.9454345703125,-15.4834169414132,-7.358774327207116,-8.850097295864874
-0.94512939453125,-17.321348293227096,-7.626887080396756,-9.590852370691215
-0.94482421875,-19.988270444271816,-7.918119604433745,-10.55254085886624
-0.94451904296875,-23.2765069901276,-8.21406593410083,-11.74406977658873
-0.9442138671875,-23.097616491629406,-8.500571333660778,-13.124249579058985
-0.94390869140625,-18.973524190889385,-8.770083638243005,-14.504737296533808
-0.943603515625,-15.373199475594589,-9.024196756069438,-15.416632219670127
-0.94329833984375,-12.723038441495563,-9.275463252500883,-15.31308930068533
-0.9429931640625,-10.778315254310844,-9.5476578729528,-14.266250237409427
-0.94268798828125,-9.363812117742029,-9.874419042495239,-12.864555324433613
-0.9423828125,-8.375986004025751,-10.297089548422973,-11.535783190104091
-0.94207763671875,-7.754715303457229,-10.862941296696953,-10.442875552752609
-0.9417724609375,-7.4669056375142,-11.624541272561954,-9.62396339518436
-0.94146728515625,-7.498159177240788,-12.639729696944698,-9.077294145364212
-0.941162109375,-7.84868291838867,-13.96811621915414,-8.792916022812875
-0.94085693359375,-8.530858238092401,-15.646654948646578,-8.762917390387857
-0.9405517578125,-9.564876934699434,-17.576874742230814,-8.984563247956391
-0.94024658203125,-10.961906772688387,-19.17390945062317,-9.461363201396031
-0.93994140625,-12.658825264316881,-19.262442134331966,-10.203730410148555
-0.93963623046875,-14.31504854041358,-17.78619115503705,-11.229632187466967
-0.9393310546875,-15.068386377750391,-15.930750576338145,-12.564690237120896
-0.93902587890625,-14.315135952294689,-14.34422196666102,-14.238892731379165
-0.938720703125,-12.744333450120958,-13.159439140149034,-16.26894190412138
-0.93841552734375,-11.173654795742621,-12.361517064918942,-18.58749629459268
-0.9381103515625,-9.900418828852516,-11.910884846452257,-20.827134176520744
-0.93780517578125,-8.96898952842463,-11.768750740838811,-22.098559107356802
-0.9375,-8.357148612157582,-11.896943640917616,-21.87096676894592
-0.93719482421875,-8.033191859347008,-12.249864555760624,-20.891862419715444
-0.9368896484375,-7.969123932710645,-12.762515786829603,-19.938182378234824
-0.93658447265625,-8.141919083080362,-13.339257225695846,-19.26341156404074
-0.936279296875,-8.53156443886844,-13.857347914048434,-18.87601497289466
-0.93597412109375,-9.117884100932054,-14.205948298120031,-18.711247134249636
-0.9356689453125,-9.87624480951567,-14.352196096025956,-18.681926831764258
-0.93536376953125,-10.771742148267833,-14.371789730213456,-18.693441339348492
-0.93505859375,-11.751744756392185,-14.407765007685313,-18.655138156003556
-0.93475341796875,-12.738213587084582,-14.610508951251964,-18.49474788389025
-0.9344482421875,-13.624729712040708,-15.114073093238813,-18.17049733597485
-0.93414306640625,-14.28712534433875,-16.048960901840893,-17.673867788653855
-0.933837890625,-14.613639803842425,-17.573292380852386,-17.023582380835144
-0.93353271484375,-14.54392726607379,-19.896986586638352,-16.257148539968465
-0.9332275390625,-14.090973666762261,-23.05010880170932,-15.423566878213284
-0.93292236328125,-13.33125748357838,-24.709194510850402,-14.576732388551878
-0.9326171875,-12.373993956225018,-21.728316304613635,-13.769265674372042
-0.93231201171875,-11.329612686411048,-18.16335637050544,-13.048072026810766
-0.9320068359375,-10.290063608804465,-15.481781223412627,-12.452676269157221
-0.93170166015625,-9.322635887280759,-13.545635047512814,-12.016133076651588
-0.931396484375,-8.472492851471165,-12.165053033071722,-11.767664558052008
-0.93109130859375,-7.768451636845281,-11.216305018121144,-11.736395856762876
-0.9307861328125,-7.228728869468545,-10.620891564412787,-11.956239102240131
-0.93048095703125,-6.865482766591883,-10.326452020275417,-12.472969336256964
-0.93017578125,-6.688100917816327,-10.294941200407575,-13.356384254567903
-0.92987060546875,-6.705568742719937,-10.494765992069453,-14.725315792920608
-0.9295654296875,-6.928309321617981,-10.894518415244342,-16.810037300466725
-0.92926025390625,-7.3698506147618845,-11.457118986779552,-20.15468557663298
-0.928955078125,-8.048653013075434,-12.13446486778781,-26.68822846729828
-0.92864990234375,-8.990449078362179,-12.864620161997857,-39.305014957628984
-0.9283447265625,-10.231476328379983,-13.575707098725333,-23.127062850896674
-0.92803955078125,-11.82276760101245,-14.19952529480426,-17.690729471483966
-0.927734375,-13.833767798930833,-14.689035928987344,-14.384517516538045
-0.92742919921875,-16.341941625503335,-15.022948812014047,-12.059743910457703
-0.9271240234375,-19.329578564748683,-15.186309676503463,-10.322563104624141
-0.92681884765625,-22.155566890712763,-15.140861294557375,-8.990861150764648
-0.926513671875,-22.937451096293778,-14.818727487980322,-7.966620071792875
-0.92620849609375,-21.61094208451547,-14.163545066248371,-7.192731260795312
-0.9259033203125,-20.08130793571461,-13.19144034951643,-6.635126555045137
-0.92559814453125,-19.03501912031966,-12.001797078710844,-6.274424892529572
-0.92529296875,-18.481543465808986,-10.72552308323397,-6.101795317603162
-0.92498779296875,-18.29090257400831,-9.472424246721717,-6.11701610310988
-0.9246826171875,-18.28130731585671,-8.314089759847182,-6.327963414133183
-0.92437744140625,-18.223910958028206,-7.2905333255054305,-6.751384945068713
-0.924072265625,-17.90220648259531,-6.422103609406103,-7.415307717403989
-0.92376708984375,-17.240069240312835,-5.718907573458769,-8.364135744214
-0.9234619140625,-16.34821177522473,-5.186833483261307,-9.668971272121349
-0.92315673828125,-15.41456473235925,-4.831196263187543,-11.44938548133085
-0.9228515625,-14.591011518226209,-4.659085062116156,-13.922778305064087
-0.92254638671875,-13.967378114608733,-4.681211322939889,-17.516306207187586
-0.9222412109375,-13.59098263654266,-4.913881544085699,-22.769862841072953
-0.92193603515625,-13.489155279669012,-5.381758092906276,-23.973362455507687
-0.921630859375,-13.683806861002424,-6.122436423499203,-18.78347812709791
-0.92132568359375,-14.198951095558696,-7.1949137093965065,-15.084770807561123
-0.9210205078125,-15.061149556124565,-8.69690886106046,-12.643872875341295
-0.92071533203125,-16.283453500973863,-10.804837540462934,-10.971351171611337
-0.92041015625,-17.793384878610983,-13.88223295846929,-9.817937862478082
-0.92010498046875,-19.20785368406542,-18.832224574790587,-9.047295180678018
-0.9197998046875,-19.60612046796818,-26.420849528125125,-8.575904334458418
-0.91949462890625,-18.470782180100787,-20.5938064800482,-8.346075271343986
-0.919189453125,-16.599846415207832,-15.204876357546917,-8.312443705628578
-0.91888427734375,-14.782733049286046,-12.058044176891745,-8.434665525654534
-0.9185791015625,-13.280385892168312,-10.030983097749928,-8.673920265694896
-0.91827392578125,-12.124576492426993,-8.690709542088836,-8.992946949172095
-0.91796875,-11.291172490112425,-7.836741809947831,-9.359946240520733
-0.91766357421875,-10.750169422244223,-7.360821848415674,-9.755756869684477
-0.9173583984375,-10.476414320046345,-7.1959668979564935,-10.181664989130223
-0.91705322265625,-10.44970596687526,-7.292813298582294,-10.66411551860752
-0.916748046875,-10.651540846166728,-7.604863224248185,-11.254681888445411
-0.91644287109375,-11.05953885024733,-8.076314730782052,-12.027854876315844
-0.9161376953125,-11.638642750530614,-8.632074799693498,-13.081795624038897
-0.91583251953125,-12.328284291853267,-9.176394156495883,-14.545630930570127
-0.91552734375,-13.028936821298565,-9.612513626542823,-16.58276312253406
-0.91522216796875,-13.60360599288115,-9.88579037726811,-19.264025441420046
-0.9149169921875,-13.91996710237953,-10.020450021416893,-21.467931403759103
-0.91461181640625,-13.92541760984205,-10.112069364876906,-19.991371923864673
-0.914306640625,-13.67851243953864,-10.286493197178498,-16.56359920081155
-0.91400146484375,-13.29247716465132,-10.668408415348186,-13.588660033187326
-0.9136962890625,-12.857650150611438,-11.379680382050925,-11.286135696465866
-0.91339111328125,-12.406869433606696,-12.564743662396868,-9.514603326798731
-0.9130859375,-11.920825762087297,-14.451115066373767,-8.152022130928584
-0.91278076171875,-11.353674147331956,-17.514501040428257,-7.115961123719591
-0.9124755859375,-10.6675065560104,-23.13610959703556,-6.350936175491466
-0.91217041015625,-9.860900983271147,-31.30422434512551,-5.818059854962412
-0.911865234375,-8.974094117747736,-21.24328201070047,-5.488408939757475
-0.91156005859375,-8.07059667065866,-15.94966438678487,-5.33869474745684
-0.9112548828125,-7.213786442327173,-12.787867725530491,-5.348187568391492
-0.91094970703125,-6.45346923844677,-10.677456240149485,-5.496330154518535
-0.91064453125,-5.823423797508481,-9.227344070851458,-5.7608658861272435
-0.91033935546875,-5.344479121025982,-8.256119053798642,-6.116690374089687
-0.9100341796875,-5.028718339096098,-7.667039898991326,-6.536033993333788
-0.90972900390625,-4.882944792186375,-7.404293561081744,-6.990817086154313
-0.909423828125,-4.911050097113251,-7.434245765280071,-7.457650803987747
-0.90911865234375,-5.115452523147516,-7.735775411960331,-7.924631505188043
-0.9088134765625,-5.49784329774276,-8.293785837056744,-8.397388101039574
-0.90850830078125,-6.059393981141322,-9.092731639690356,-8.901563776455404
-0.908203125,-6.800446363227102,-10.107452580268014,-9.481137122258978
-0.90789794921875,-7.719528106602954,-11.288725695285585,-10.195137968863682
-0.9075927734375,-8.811247973699967,-12.54430866882738,-11.1168774524516
-0.90728759765625,-10.062096766297199,-13.730728571099535,-12.339753064279053
-0.906982421875,-11.442282657112198,-14.694735068063771,-13.994541270808396
-0.90667724609375,-12.890841939238163,-15.378254187504595,-16.287133809416293
-0.9063720703125,-14.293518418226833,-15.888386699012457,-19.55610377159832
-0.90606689453125,-15.46844357884789,-16.44093974244496,-23.919117378913178
-0.90576171875,-16.2080480453279,-17.268088733662562,-24.79884684047356
-0.90545654296875,-16.407124466809087,-18.598756709484917,-20.549756843980123
-0.9051513671875,-16.156096077916956,-20.711198432854246,-17.09029586885004
-0.90484619140625,-15.665407660758701,-23.97956981999631,-14.732198225708439
-0.904541015625,-15.13482250107549,-27.75055085155192,-13.129390496848144
-0.90423583984375,-14.70367360357944,-25.91224317268648,-12.076877717945646
-0.9039306640625,-14.462893473323842,-21.5344889074942,-11.465225924776725
-0.90362548828125,-14.47853332176454,-18.364845169511824,-11.2388484485759
-0.9033203125,-14.809450860993376,-16.21615405925221,-11.37688510630099
-0.90301513671875,-15.518264377878133,-14.797553986238842,-11.88687354000487
-0.9027099609375,-16.67244715193248,-13.952362511073463,-12.807646417129991
-0.90240478515625,-18.306209583877934,-13.607939957365879,-14.223909908823373
-0.902099609375,-20.202541506107366,-13.747949279350827,-16.30483959651214
-0.90179443359375,-21.260488373393716,-14.40679639517192,-19.406223081914348
-0.9014892578125,-20.14391452305414,-15.682793763342461,-24.307316318825656
-0.90118408203125,-17.886701143938666,-17.77144362993348,-29.45149007099193
-0.90087890625,-15.807757345944593,-20.94390599183765,-24.134734045394325
-0.90057373046875,-14.250662340056628,-24.190968203438615,-19.51104149418719
-0.9002685546875,-13.229885552832766,-22.058526211066333,-16.610840000407375
-0.89996337890625,-12.720923299924436,-17.81913616303054,-14.671819399805985
-0.899658203125,-12.724469735537111,-14.602917980119255,-13.340064535404396
-0.89935302734375,-13.286096238258745,-12.27477585241083,-12.436864256977067
-0.8990478515625,-14.52006665545159,-10.567521588401096,-11.86099831360432
-0.89874267578125,-16.653527582373535,-9.318045350710024,-11.550609377500356
-0.8984375,-19.994197151884368,-8.428694898566317,-11.467006235737266
-0.89813232421875,-22.98730738054537,-7.838189726306778,-11.587767818783675
-0.8978271484375,-19.85447968914976,-7.506045057946007,-11.904569723648137
-0.89752197265625,-15.555404032550097,-7.403992949931282,-12.424073334732899
-0.897216796875,-12.452504600780898,-7.5107645046194085,-13.171713568885062
-0.89691162109375,-10.262522012729999,-7.808406828896901,-14.199852054853817
-0.8966064453125,-8.72270296570784,-8.279175987577558,-15.60527510051741
-0.89630126953125,-7.686419599998715,-8.902541152728215,-17.571631050805067
-0.89599609375,-7.075162256535895,-9.652339929608821,-20.49490846198891
-0.89569091796875,-6.851698515301214,-10.494938914096503,-25.505370382195046
-0.8953857421875,-7.008851688783002,-11.390429890197769,-38.58859467557102
-0.89508056640625,-7.567976273723213,-12.29961683735044,-27.767281871268676
-0.894775390625,-8.58659911472446,-13.197740635709316,-21.061232830659918
-0.89447021484375,-10.180911203426387,-14.090496558350928,-17.323456341964278
-0.8941650390625,-12.581599753206218,-15.023717980066628,-14.80980011059052
-0.89385986328125,-16.262476773147412,-16.08294375281275,-13.002107273362986
-0.8935546875,-21.648248560351803,-17.390939462573634,-11.679614281044442
-0.89324951171875,-21.293743370214063,-19.120601184287413,-10.730100859709522
-0.8929443359375,-16.077411614931425,-21.554228445981085,-10.09084555115798
-0.89263916015625,-12.617294885512882,-25.298808209456624,-9.725372138170002
-0.892333984375,-10.388564884125334,-32.42386167892648,-9.612884073926116
-0.89202880859375,-8.941838319615043,-40.05630271612213,-9.742979743610281
-0.8917236328125,-8.058861401928901,-28.334318520546944,-10.112760468916214
-0.89141845703125,-7.630328695322763,-23.680910786413556,-10.724889627408231
-0.89111328125,-7.604005972600493,-21.024648027798886,-11.585398297957063
-0.89080810546875,-7.964008778342194,-19.37748205356916,-12.69926405884066
-0.8905029296875,-8.72362304294031,-18.38595886236282,-14.059257741143906
-0.89019775390625,-9.924129710180999,-17.884792037713634,-15.617795445267857
-0.889892578125,-11.628918917490207,-17.78233835239722,-17.22592465518374
-0.88958740234375,-13.860057081231567,-18.017141885123042,-18.558433743143084
-0.8892822265625,-16.210643320717107,-18.533577732162296,-19.20572996403381
-0.88897705078125,-16.916326666229196,-19.261165986524514,-19.073097453107316
-0.888671875,-15.045548554099229,-20.09521633451756,-18.495821484960267
-0.88836669921875,-12.558541163512542,-20.89284814645167,-17.840279193655505
-0.8880615234375,-10.473640453012287,-21.51555355829509,-17.28750469679005
-0.88775634765625,-8.885641166346096,-21.918448353896647,-16.87859777022701
-0.887451171875,-7.721467930605419,-22.1985431495147,-16.5882638532768
-0.88714599609375,-6.90935903142768,-22.53853469258899,-16.36785795067475
-0.8868408203125,-6.398888899868096,-23.120886324642093,-16.171448901000602
-0.88653564453125,-6.158241019219616,-24.080727157903464,-15.974327496027463
-0.88623046875,-6.170045030036903,-25.44322512522545,-15.782264649552449
-0.88592529296875,-6.428751638614787,-26.85241794135065,-15.628590452962253
-0.8856201171875,-6.9397093671230845,-27.09754909833068,-15.563056161351982
-0.88531494140625,-7.719976826191201,-25.408999276344773,-15.640895545042241
-0.885009765625,-8.801364478228967,-22.97702483374623,-15.917774142402962
-0.88470458984375,-10.237152296300827,-20.763864703771894,-16.451642155889388
-0.8843994140625,-12.116048055040869,-18.9809599729563,-17.31105779439362
-0.88409423828125,-14.592152820089002,-17.600467783014967,-18.59221842764567
-0.8837890625,-17.950827247538992,-16.550328367465024,-20.4555312567186
-0.88348388671875,-22.688973785572728,-15.752591643796183,-23.222253304018594
-0.8831787109375,-27.732490703704997,-15.12546089811875,-27.723385994948323
-0.88287353515625,-25.21928889650214,-14.581859620342959,-37.342083808456806
-0.882568359375,-21.487801859917628,-14.035817006686921,-34.119161950323964
-0.88226318359375,-19.244971458911053,-13.420153711428027,-26.633883126922395
-0.8819580078125,-17.979868350186457,-12.707270031215447,-22.846370615970322
-0.88165283203125,-17.331584200346047,-11.915957461318936,-20.462893484468886
-0.88134765625,-17.056898702683423,-11.096996701712944,-18.831012763666234
-0.88104248046875,-16.941414549806723,-10.309695723565472,-17.66661388965112
-0.8807373046875,-16.780255268347908,-9.605029997644275,-16.808521354382606
-0.88043212890625,-16.43008237902631,-9.019773888758364,-16.144708243407806
-0.880126953125,-15.878882408396757,-8.577591238458346,-15.584675327187316
-0.87982177734375,-15.234885680565814,-8.292325963069782,-15.049884904920239
-0.8795166015625,-14.64188339038532,-8.170889299493876,-14.474267453407892
-0.87921142578125,-14.21553493860782,-8.214780358550263,-13.810652755276285
-0.87890625,-14.031407875610356,-8.419876065214186,-13.037814266917554
-0.87860107421875,-14.13699853809055,-8.774096669950064,-12.16226045517213
-0.8782958984375,-14.563777064722805,-9.252367632773353,-11.212433142868862
-0.87799072265625,-15.328203981152988,-9.808691999330936,-10.228370402845034
-0.877685546875,-16.407013182186873,-10.367758544749865,-9.251986327422086
-0.87738037109375,-17.647573287430212,-10.825339476253937,-8.32101007539374
-0.8770751953125,-18.580933319589963,-11.073346759205307,-7.466667665183265
-0.87677001953125,-18.47550249757341,-11.051173812628152,-6.713783826756549
-0.87646484375,-17.206478891774406,-10.783777644491245,-6.082000548451215
-0.87615966796875,-15.43660398516495,-10.363693310554618,-5.587316233515126
-0.8758544921875,-13.691678700613624,-9.898286047615928,-5.243595308416795
-0.87554931640625,-12.146541245129388,-9.472511380319617,-5.063963989004414
-0.875244140625,-10.816136160109078,-9.140784781739402,-5.0621444784545035
-0.87493896484375,-9.670813124476815,-8.933840441387202,-5.253858517257641
-0.8746337890625,-8.677039998694262,-8.86795582587941,-5.658508675349468
-0.87432861328125,-7.809920503619284,-8.95203598137572,-6.301476699306995
-0.8740234375,-7.056053611110725,-9.192251239642415,-7.217650942144468
-0.87371826171875,-6.412586159990714,-9.59499155209943,-8.457415205625058
-0.8734130859375,-5.884649428747353,-10.168846185061684,-10.09787399417297
-0.87310791015625,-5.482430944632687,-10.926019796665942,-12.266412403130593
-0.872802734375,-5.2186677026704675,-11.883204668353496,-15.197947488386696
-0.87249755859375,-5.106873203049207,-13.061154325588715,-19.40601946173671
-0.8721923828125,-5.160192003301635,-14.479980718405175,-26.350012751317102
-0.87188720703125,-5.390475028521262,-16.140178422156087,-33.39416140534888
-0.87158203125,-5.80690972549175,-17.959539896932938,-25.67933009483333
-0.87127685546875,-6.413148243567814,-19.61283261872986,-22.327245650081203
-0.8709716796875,-7.201189006018318,-20.406925760988468,-21.24751872970144
-0.87066650390625,-8.139497738369899,-19.884848499523034,-21.747631735155146
-0.870361328125,-9.154104195425779,-18.52855186964588,-23.880033140662704
-0.87005615234375,-10.111907910090833,-16.9950780548061,-27.301836070160373
-0.8697509765625,-10.84199216102727,-15.567924757246253,-25.271368646835043
-0.86944580078125,-11.232947932035959,-14.300454099587395,-19.848480564076304
-0.869140625,-11.337261871519173,-13.17254130145573,-15.853660362412716
-0.86883544921875,-11.345089295991063,-12.152969932608999,-13.001026193720921
-0.8685302734375,-11.471297219867317,-11.21967625441448,-10.917780652996758
-0.86822509765625,-11.897328304591504,-10.364683721646795,-9.399349330155744
-0.867919921875,-12.79006633348792,-9.592759060398967,-8.332135650902245
-0.86761474609375,-14.367157266611766,-8.917566722143418,-7.651619395128009
-0.8673095703125,-17.037986903055554,-8.357648190229726,-7.322857093797509
-0.86700439453125,-21.82275783935936,-7.933565696372904,-7.331410300555006
-0.86669921875,-28.450614224283164,-7.666618819239586,-7.679483440885888
-0.86639404296875,-21.121260600938232,-7.578963134631797,-8.384842436930018
-0.8660888671875,-15.722042186085341,-7.694807965984232,-9.480282911004297
-0.86578369140625,-12.416574045784149,-8.042480727909343,-11.00706692912474
-0.865478515625,-10.197162316397147,-8.65729948383739,-12.97405867431985
-0.86517333984375,-8.67108987713622,-9.585072016591807,-15.171308651590705
-0.8648681640625,-7.656420612156055,-10.884501549414722,-16.682810309223896
-0.86456298828125,-7.060142681756348,-12.618324346279346,-16.320148869755787
-0.8642578125,-6.835189631955325,-14.780903344622052,-14.759067472233
-0.86395263671875,-6.963642525685525,-16.954079374083946,-13.22659831850209
-0.8636474609375,-7.451122075266545,-17.704816858478416,-12.143189226344823
-0.86334228515625,-8.328072386352982,-16.323986601156996,-11.565749077727128
-0.863037109375,-9.657984051862025,-14.322598155463906,-11.486571414504315
-0.86273193359375,-11.555101601953774,-12.66703355785367,-11.913081085492784
-0.8624267578125,-14.20712927273941,-11.538269777924942,-12.892007359632
-0.86212158203125,-17.76486125644129,-10.929695380270712,-14.528275049915909
-0.86181640625,-20.72970110822554,-10.831882167701139,-16.994165553918705
-0.86151123046875,-18.84741823054443,-11.277118233811947,-20.292245299000097
-0.8612060546875,-15.469620200277301,-12.37141795743911,-22.206758551088633
-0.86090087890625,-12.92490474426861,-14.37282233830536,-19.62858752622383
-0.860595703125,-11.14520556604614,-17.974431840174404,-16.389659364139174
-0.86029052734375,-9.912089573258864,-26.048314479337336,-14.028043092164504
-0.8599853515625,-9.076667838421606,-27.129849199506722,-12.442798074784973
-0.85968017578125,-8.53991801259607,-17.39724540526719,-11.463581984302525
-0.859375,-8.230872116463111,-12.811997366741753,-10.988869451405872
-0.85906982421875,-8.094200219299733,-9.913784252806392,-10.972342988994582
-0.8587646484375,-8.083949463515335,-7.911938131818173,-11.41114077110056
-0.85845947265625,-8.161055996379904,-6.502982525006748,-12.345460621551192
-0.858154296875,-8.293166557087812,-5.541520675840222,-13.867688258902826
-0.85784912109375,-8.455534614198188,-4.9503853878209405,-16.119584354930318
-0.8575439453125,-8.631780838564948,-4.68807372554754,-19.048467220069004
-0.85723876953125,-8.813631172135805,-4.734937578171248,-20.66770876853974
-0.85693359375,-8.99949481777681,-5.086740839771289,-18.14641589905912
-0.85662841796875,-9.192533471777372,-5.750963434777063,-14.692181256637582
-0.8563232421875,-9.399178215837932,-6.741984313873406,-11.91390125213646
-0.85601806640625,-9.628727554135837,-8.066598387695871,-9.77792504078625
-0.855712890625,-9.894021227825812,-9.67378290102433,-8.117597569383575
-0.85540771484375,-10.212675833379418,-11.30572771481815,-6.814167721430521
-0.8551025390625,-10.608272077652025,-12.282113876784404,-5.79110474671517
-0.85479736328125,-11.111214030463364,-11.930804939527818,-4.999349094226327
-0.8544921875,-11.759536519057121,-10.616626484322842,-4.407669508535634
-0.85418701171875,-12.600489980897834,-9.125925876750184,-3.9969200353594685
-0.8538818359375,-13.694281942197485,-7.841431453720244,-3.756578080074685
-0.85357666015625,-15.122345145933663,-6.852896956636016,-3.682607784604073
-0.853271484375,-17.005217509473066,-6.15237907948658,-3.77613835245898
-0.85296630859375,-19.543278007612425,-5.7093196590417525,-4.042676935168697
-0.8526611328125,-23.118262509258415,-5.491592649064917,-4.491663871384443
-0.85235595703125,-28.501725829122506,-5.47007290968057,-5.136139251224446
-0.85205078125,-33.90662243305259,-5.6188350481428495,-5.9920364211260555
-0.85174560546875,-29.48532775352615,-5.914559917107976,-7.075830716554242
-0.8514404296875,-25.87632671552639,-6.336215289400942,-8.397031480800653
-0.85113525390625,-24.18569264908553,-6.865276367811801,-9.93612329364042
-0.850830078125,-23.825739066713982,-7.486346168127682,-11.58733972631373
-0.85052490234375,-24.671983843718724,-8.187663660870008,-13.054231822059648
-0.8502197265625,-26.91711095833601,-8.960643898893423,-13.844846710240224
-0.84991455078125,-30.369760211920877,-9.7974302643069,-13.701520346324735
-0.849609375,-29.237944127521537,-10.685646446821906,-12.957269464752368
-0.84930419921875,-24.153005753864353,-11.600437787146987,-12.095530387721098
-0.8489990234375,-20.287737250747114,-12.496338075674991,-11.384039995741333
-0.84869384765625,-17.579380893016083,-13.306486170818243,-10.914767252661367
-0.848388671875,-15.680386832089876,-13.961012136134517,-10.703668689529799
-0.84808349609375,-14.399732898789848,-14.426650637792136,-10.740736554586807
-0.8477783203125,-13.64334309095087,-14.740863790986015,-11.00819609823715
-0.84747314453125,-13.378103695418558,-15.00640345802884,-11.485805437567112
-0.84716796875,-13.621962699656136,-15.354400081886837,-12.151616138763348
-0.84686279296875,-14.4561674181095,-15.913651750651356,-12.981606440274088
-0.8465576171875,-16.075864991444426,-16.802845691371143,-13.949903700383004
-0.84625244140625,-18.96042201938535,-18.132856057526222,-15.030424816342094
-0.845947265625,-24.63459354341508,-19.974304257264972,-16.198791471832415
-0.84564208984375,-32.57792102414815,-22.10849465032814,-17.428475644984328
-0.8453369140625,-21.50378955577482,-23.219516743065164,-18.666380772731003
-0.84503173828125,-16.069827824719894,-21.8450612589338,-19.766821895417596
-0.8447265625,-12.722408649653914,-19.433450183939954,-20.407765037428906
-0.84442138671875,-10.398439390293397,-17.34319945373698,-20.20110764463162
-0.8441162109375,-8.712533016822913,-15.831886832988689,-19.124166976659946
-0.84381103515625,-7.483347846346659,-14.875373952656513,-17.586072350952403
-0.843505859375,-6.611925622012179,-14.433167428485252,-15.988237918199042
-0.84320068359375,-6.039160956706196,-14.494766650867755,-14.534646111060567
-0.8428955078125,-5.727755506794114,-15.088574401842223,-13.297157321117513
-0.84259033203125,-5.653432463840684,-16.286387216419453,-12.290765731985411
-0.84228515625,-5.800113611996118,-18.18116749303277,-11.51046018319622
-0.84197998046875,-6.156839185095726,-20.617744169893605,-10.945878875007573
-0.8416748046875,-6.715249302189923,-21.86246708389529,-10.586767950907623
-0.84136962890625,-7.466699792732245,-19.74699540342675,-10.424994995790781
-0.841064453125,-8.397906549320073,-16.65445745121144,-10.455381605215857
-0.84075927734375,-9.48356656298759,-14.120668179636525,-10.676263446312973
-0.8404541015625,-10.674290440769576,-12.238321284685373,-11.090207088237115
-0.84014892578125,-11.880817855985066,-10.89412032605084,-11.705195493685768
-0.83984375,-12.966285736675168,-9.995141587376162,-12.536678715116006
-0.83953857421875,-13.775789895262934,-9.483054177596474,-13.611200388834865
-0.8392333984375,-14.217087399298894,-9.326510486216211,-14.97310013529751
-0.83892822265625,-14.323861859123948,-9.515533830400999,-16.697870733821656
-0.838623046875,-14.217866514105687,-10.05999554895835,-18.922004584201233
-0.83831787109375,-14.018617374071084,-10.99256051362319,-21.92220573470715
-0.8380126953125,-13.792507506668898,-12.377940658212772,-26.393934176586313
-0.83770751953125,-13.550692341486133,-14.333520529668412,-35.22047087202117
-0.83740234375,-13.26726703767192,-17.070650758236624,-38.65631924489073
-0.83709716796875,-12.902624148875121,-20.92684062569913,-28.67221182622787
-0.8367919921875,-12.427163345712442,-25.450137897815132,-24.64325404252007
-0.83648681640625,-11.838404849536605,-24.836226214968264,-22.36719305765455
-0.836181640625,-11.163653864815085,-21.138591682392555,-21.013984227696966
-0.83587646484375,-10.448940198977596,-18.582000728177015,-20.290688123384967
-0.8355712890625,-9.743978432127252,-17.08177925092104,-20.078212474211796
-0.83526611328125,-9.091895895979015,-16.354576854719244,-20.337320411910383
-0.8349609375,-8.525625774669736,-16.254082500117715,-21.073630418337167
-0.83465576171875,-8.068546834814882,-16.72638535205655,-22.30313361486022
-0.8343505859375,-7.736611119972175,-17.78282217201815,-23.92799117589074
-0.83404541015625,-7.540352253174052,-19.486866036976515,-25.279237010976203
-0.833740234375,-7.486114881426696,-21.8938944539153,-24.84042793882029
-0.83343505859375,-7.576255528616953,-24.585657167625907,-22.606481971535686
-0.8331298828125,-7.808107093044498,-25.288339550230084,-20.08208886365236
-0.83282470703125,-8.171392751869874,-23.057760701827018,-17.92167288679789
-0.83251953125,-8.643792846718757,-20.503885303772556,-16.203731798113026
-0.83221435546875,-9.185082709442657,-18.56600796954507,-14.884009219029037
-0.8319091796875,-9.732727174399011,-17.23326442970318,-13.912360692527857
-0.83160400390625,-10.206418815476992,-16.391643511870086,-13.252425545443655
-0.831298828125,-10.530841727286278,-15.949919386148753,-12.882339832583048
-0.83099365234375,-10.672927331932222,-15.841782838664278,-12.793061745252515
-0.8306884765625,-10.665847486987394,-16.015270706765826,-12.987604580402664
-0.83038330078125,-10.595851897510402,-16.422985031954923,-13.481974989606261
-0.830078125,-10.567041905777101,-17.01411117260847,-14.308512029619019
-0.82977294921875,-10.67576987047313,-17.729438021100457,-15.523036483600466
-0.8294677734375,-11.005811230986337,-18.50323417211374,-17.218518024250184
-0.82916259765625,-11.638040926781452,-19.277021566513977,-19.547661093809946
-0.828857421875,-12.668764695594923,-20.024158830748135,-22.724239052233074
-0.82855224609375,-14.238699370319434,-20.771123299770984,-26.553036042014547
-0.8282470703125,-16.58058217570028,-21.59870665344674,-27.62268546826183
-0.82794189453125,-20.027017646632803,-22.624036070849908,-24.62354401913008
-0.82763671875,-23.64441692924502,-23.97543513063794,-21.81181148091345
-0.82733154296875,-21.476022714653034,-25.738329415900182,-19.908631307391598
-0.8270263671875,-17.1804341764203,-27.70361410869487,-18.719560234674383
-0.82672119140625,-14.003286762744104,-28.62104661097493,-18.077696115748306
-0.826416015625,-11.737139991877108,-27.105847164431157,-17.881745026160903
-0.82611083984375,-10.098828396522014,-24.486200589735873,-18.071567152552383
-0.8258056640625,-8.924379422731441,-22.07658419410064,-18.61070880396404
-0.82550048828125,-8.120333588218964,-20.135219976135296,-19.475582670956307
-0.8251953125,-7.63292142650536,-18.621299095772674,-20.6476965778913
-0.82489013671875,-7.4329644779757595,-17.4588173300238,-22.105214222682747
-0.8245849609375,-7.508934610419987,-16.580617114005697,-23.803131140454795
-0.82427978515625,-7.864682836191546,-15.929379244556873,-25.59784612527723
-0.823974609375,-8.52081705969905,-15.452126167671782,-27.000600715984426
-0.82366943359375,-9.520577221475174,-15.095090136727698,-26.976136606876942
-0.8233642578125,-10.943914248211776,-14.801077645952416,-25.13822317501569
-0.82305908203125,-12.940910117487554,-14.511361647615653,-22.49452585830397
-0.82275390625,-15.82138546795263,-14.17356520914215,-19.864128192170334
-0.82244873046875,-20.347589317578908,-13.753638504988942,-17.50919110374045
-0.8221435546875,-28.265027184904568,-13.24518801265614,-15.475210161864473
-0.82183837890625,-24.99819658048766,-12.669107011940328,-13.751920667728472
-0.821533203125,-18.801018924758107,-12.063465847003528,-12.318491909046873
-0.82122802734375,-15.318127051562547,-11.470616503197755,-11.154981979686735
-0.8209228515625,-13.106977918844112,-10.9281207636589,-10.2449859427342
-0.82061767578125,-11.64316924826351,-10.465216112725464,-9.575937509236146
-0.8203125,-10.699880815237828,-10.103120438402001,-9.138728586100576
-0.82000732421875,-10.16627554812124,-9.856987278026727,-8.927015043202024
-0.8197021484375,-9.988072013292719,-9.738147863972205,-8.9361203718409
-0.81939697265625,-10.145367367451962,-9.75609260401423,-9.16112058852752
-0.819091796875,-10.645403663147729,-9.92009902055615,-9.593234990457693
-0.81878662109375,-11.524317136478128,-10.240588978154756,-10.21295126129967
-0.8184814453125,-12.858630378177036,-10.73032471743047,-10.977735185506134
-0.81817626953125,-14.793645416252792,-11.405486683765076,-11.803993507462565
-0.81787109375,-17.603018806724194,-12.286460735421695,-12.55383900655422
-0.81756591796875,-21.693863757415013,-13.39751073253141,-13.060442738871881
-0.8172607421875,-25.243804649019115,-14.7624560216588,-13.21962726647824
-0.81695556640625,-21.762814235771213,-16.386993563545605,-13.076513338752047
-0.816650390625,-17.593542957490815,-18.200376086678716,-12.792338565852841
-0.81634521484375,-14.698222906370987,-19.90850038934345,-12.539319208912342
-0.8160400390625,-12.663349558872213,-20.872409247406004,-12.442088341814923
-0.81573486328125,-11.199823605414789,-20.64084234589963,-12.577477861814927
-0.8154296875,-10.144432166733663,-19.65422735307372,-12.991963314546652
-0.81512451171875,-9.39731518834012,-18.588207545113157,-13.712754818681098
-0.8148193359375,-8.889879586326842,-17.781739200707815,-14.741534463022155
-0.81451416015625,-8.568356354260287,-17.347190124039308,-16.011955273431862
-0.814208984375,-8.38471530775612,-17.325386444283904,-17.277557762717922
-0.81390380859375,-8.291894476534448,-17.751694433049806,-18.000775549070358
-0.8135986328125,-8.242858225980711,-18.677778463739617,-17.700846090265824
-0.81329345703125,-8.193899952154291,-20.158156230330817,-16.61597198896457
-0.81298828125,-8.111693743593541,-22.099086758365583,-15.34694548123091
-0.81268310546875,-7.981105266166342,-23.576609585946198,-14.256244524141593
-0.8123779296875,-7.809031183782529,-22.665410813824998,-13.469140572826667
-0.81207275390625,-7.621487162464318,-20.030906182945433,-13.01325195903745
-0.811767578125,-7.45582243896137,-17.44824527891353,-12.88966817558341
-0.81146240234375,-7.352664741416493,-15.38396813900857,-13.098805325962527
-0.8111572265625,-7.350969460683658,-13.826199731643491,-13.649379983910563
-0.81085205078125,-7.486832925381908,-12.705334090042445,-14.561440378975785
-0.810546875,-7.795190795920831,-11.967958281354196,-15.864234817284403
-0.81024169921875,-8.313536946902682,-11.58342673923377,-17.576451216506022
-0.8099365234375,-9.087653535630407,-11.541986520667983,-19.614414303767372
-0.80963134765625,-10.180692059505091,-11.854767849148546,-21.485550296049865
-0.809326171875,-11.68929776561197,-12.558497908491226,-22.04218902256175
-0.80902099609375,-13.775332500644367,-13.729106354112684,-20.932064656747137
-0.8087158203125,-16.72688059689557,-15.516448993667291,-19.265997559225035
-0.80841064453125,-20.9358066859601,-18.244247602571384,-17.796186207736497
-0.80810546875,-24.25129395736443,-22.79891348452398,-16.69760675237721
-0.80780029296875,-20.671505230633986,-33.94104432776532,-15.960203441266952
-0.8074951171875,-16.67401837843647,-29.797171778268844,-15.540834330220399
-0.80718994140625,-13.924545038116406,-21.69750456891865,-15.399211756526835
-0.806884765625,-12.026393825883865,-17.899205378143463,-15.504231965450508
-0.80657958984375,-10.710629929151631,-15.614423260962036,-15.834318010030842
-0.8062744140625,-9.830361087477137,-14.173290149844444,-16.377531104703845
-0.80596923828125,-9.302934102874616,-13.31437958593963,-17.132946700438623
-0.8056640625,-9.08099581250558,-12.916218605866316,-18.11392012651244
-0.80535888671875,-9.138625091346983,-12.92243958980915,-19.354036462351146
-0.8050537109375,-9.464577010160834,-13.316443054613528,-20.91755906422332
-0.80474853515625,-10.059189984852662,-14.115199655022074,-22.918723832647572
-0.804443359375,-10.933511824614662,-15.376320278131104,-25.55827161741819
-0.80413818359375,-12.110122555104812,-17.225168807118944,-29.163717515673632
-0.8038330078125,-13.625561443209516,-19.935138907043562,-33.64691702873661
-0.80352783203125,-15.534080093995641,-24.219955694350382,-34.12312558588758
-0.80322265625,-17.9095706656871,-33.134118146490586,-30.32275946743038
-0.80291748046875,-20.82453257188974,-34.86589741671708,-27.414998145599586
-0.8026123046875,-24.184642752820963,-25.41575737894179,-25.626502232198284
-0.80230712890625,-27.005704142229053,-21.34685063488645,-24.694915871690974
-0.802001953125,-27.351446007789477,-18.95436565473249,-24.506134921104504
-0.80169677734375,-26.0064505463021,-17.438028259522742,-25.08196687438273
-0.8013916015625,-24.644044648784423,-16.496392467389725,-26.601975339950368
-0.80108642578125,-23.573250634708774,-15.990531472905234,-29.519879747165728
-0.80078125,-22.635908587615347,-15.854771938069739,-34.23217799658448
-0.80047607421875,-21.672475175417553,-16.066612635529303,-32.90636622345607
-0.8001708984375,-20.654229474864557,-16.63765038005699,-27.013482086555886
-0.79986572265625,-19.67009268234178,-17.616458492556998,-22.958098086867636
-0.799560546875,-18.846383818017745,-19.104749417112235,-20.152166626783156
-0.79925537109375,-18.292272826975893,-21.297512974661473,-18.14135525089514
-0.7989501953125,-18.092289209899736,-24.55977274195668,-16.702132982111277
-0.79864501953125,-18.319438061750663,-29.152170870923136,-15.716730339149795
-0.79833984375,-19.042800360855377,-30.04232580494694,-15.11919239495887
-0.79803466796875,-20.285185906540164,-25.394521407639058,-14.870253689752104
-0.7977294921875,-21.749372544338016,-21.833053284305763,-14.941230255658205
-0.79742431640625,-22.092729325149037,-19.485705610645866,-15.295616962718697
-0.797119140625,-20.108169026826644,-17.966179100658067,-15.856407784520556
-0.79681396484375,-17.20034191580753,-17.07573634792847,-16.449071871681046
-0.7965087890625,-14.563542268776235,-16.73079563180474,-16.75701759863831
-0.79620361328125,-12.420839713809336,-16.923596503462136,-16.450386128134898
-0.7958984375,-10.734322660931442,-17.72120782885912,-15.508235625569608
-0.79559326171875,-9.439626248236904,-19.310315650329535,-14.239477052933012
-0.7952880859375,-8.48620495986608,-22.169503882375643,-12.962621396790116
-0.79498291015625,-7.83970100463622,-27.94398470405963,-11.853797308592874
-0.794677734375,-7.478808718116486,-43.80463431390682,-10.983535611096812
-0.79437255859375,-7.392222570835881,-25.59268860439947,-10.373936090094109
-0.7940673828125,-7.576062014460316,-19.796973864933715,-10.030555231068355
-0.79376220703125,-8.03081146302953,-16.375403078697094,-9.956797637180548
-0.79345703125,-8.755420690841525,-14.051589174267047,-10.160657393909391
-0.79315185546875,-9.7329897147384,-12.40442125597619,-10.659121056616607
-0.7928466796875,-10.89604463782762,-11.244624012310336,-11.4831952215951
-0.79254150390625,-12.05785115897623,-10.47371067777224,-12.68637090165
-0.792236328125,-12.856682518586545,-10.037389848693294,-14.361654579801744
-0.79193115234375,-12.931702653952296,-9.906910333636723,-16.680414678286986
-0.7916259765625,-12.323754155566473,-10.071078802132497,-19.994130577766928
-0.79132080078125,-11.427797116870266,-10.533463777318591,-25.119339082056914
-0.791015625,-10.591671430560574,-11.31315403938584,-31.76822427443507
-0.79071044921875,-9.991425392966661,-12.449426987847774,-26.887593794338642
-0.7904052734375,-9.700195631488537,-14.01293546995461,-22.224847424731912
-0.79010009765625,-9.754957255439512,-16.13086726613935,-19.55836832454861
-0.789794921875,-10.192659317063981,-19.046724779262046,-17.96843746254841
-0.78948974609375,-11.073623349318973,-23.26133857072046,-17.057549710169496
-0.7891845703125,-12.510997367502716,-29.24899955905234,-16.631200739844875
-0.78887939453125,-14.736207557662608,-29.036199802476474,-16.57770715400502
-0.78857421875,-18.30458125399695,-24.112844643436844,-16.821876597919022
-0.78826904296875,-25.053728824316536,-21.005512801960435,-17.304033836091335
-0.7879638671875,-30.650613333888813,-19.068573139758264,-17.970221938247604
-0.78765869140625,-20.70463780680141,-17.81341842409801,-18.770256860923233
-0.787353515625,-16.055696420102365,-16.97591899552877,-19.663702209238423
-0.78704833984375,-13.278491773055432,-16.38819101430164,-20.63231148412948
-0.7867431640625,-11.462233272474151,-15.930996421904716,-21.692336300960303
-0.78643798828125,-10.267656888524696,-15.522589363663513,-22.8965628681525
-0.7861328125,-9.53715825026994,-15.120791089086483,-24.316380356632735
-0.78582763671875,-9.190759653150167,-14.72280648219092,-25.981528267608063
-0.7855224609375,-9.18996727052195,-14.355698727518364,-27.692430582774413
-0.78521728515625,-9.524147385573652,-14.061297755855692,-28.654411489666668
-0.784912109375,-10.207166139207311,-13.883547811414989,-27.956155269362164
-0.78460693359375,-11.281567561613443,-13.862373934238745,-26.14938422633525
-0.7843017578125,-12.832786417801884,-14.033210941435616,-24.25521446937408
-0.78399658203125,-15.023266505958182,-14.429630429230667,-22.66889044106246
-0.78369140625,-18.16985980992798,-15.086903678296101,-21.441318359535465
-0.78338623046875,-22.80112454743908,-16.044340850527547,-20.53181421805689
-0.7830810546875,-26.67493777673966,-17.34058022757061,-19.88415434882207
-0.78277587890625,-22.617421036433782,-18.97865345772741,-19.445290088616034
-0.782470703125,-18.62415171284123,-20.77729231330065,-19.17169343104141
-0.78216552734375,-16.070052661862373,-21.993410718234397,-19.034798137634382
-0.7818603515625,-14.443200828647294,-21.536547770040148,-19.02683152440777
-0.78155517578125,-13.46090296724143,-19.725340626028206,-19.165193545274015
-0.78125,-12.98529617790383,-17.67362998047176,-19.493958981703198
-0.78094482421875,-12.954644976766023,-15.86759321677633,-20.08335526934311
-0.7806396484375,-13.356200715101803,-14.385130577067413,-21.028262977917244
-0.78033447265625,-14.220920386976179,-13.197320945163376,-22.434648337774394
-0.780029296875,-15.636899718092529,-12.261033177493424,-24.307506579086876
-0.77972412109375,-17.797391935124388,-11.539153389962,-25.94074052278937
-0.7794189453125,-21.160017502466708,-11.00313979947478,-25.236409899456646
-0.77911376953125,-27.20694358043219,-10.631904180415495,-22.36351761993393
-0.77880859375,-50.211825796836926,-10.410276338380179,-19.383376612595093
-0.77850341796875,-27.576310259471015,-10.32769291044253,-16.908843300336336
-0.7781982421875,-22.16127012197646,-10.377113974204628,-14.928191502864722
-0.77789306640625,-19.416809391585893,-10.55398788402247,-13.34832143954706
-0.777587890625,-17.927756577207777,-10.854947806106935,-12.08646145293104
-0.77728271484375,-17.28199568787923,-11.275668494809988,-11.075356735295689
-0.7769775390625,-17.346961933305614,-11.80679970433302,-10.257571459970743
-0.77667236328125,-18.136158145478273,-12.426029108491786,-9.580951068502394
-0.7763671875,-19.818067764120475,-13.083585246078176,-8.997233686300905
-0.77606201171875,-22.878864117649854,-13.680986876994382,-8.464145621582613
-0.7757568359375,-28.82542427648778,-14.057679087406576,-7.950178688124286
-0.77545166015625,-33.178081176850874,-14.029496186062918,-7.439640033780323
-0.775146484375,-24.35837737094799,-13.503177683550721,-6.93478638195611
-0.77484130859375,-19.57293676063287,-12.558397966863438,-6.453362379733311
-0.7745361328125,-16.60126668856676,-11.379786182414405,-6.022806253791558
-0.77423095703125,-14.59099255256558,-10.137852083223496,-5.6741095469896194
-0.77392578125,-13.203397827633,-8.941572815299024,-5.437673361714558
-0.77362060546875,-12.27058710188807,-7.8486029212980934,-5.341819452545725
-0.7733154296875,-11.695594408120938,-6.886806035738134,-5.413493761315599
-0.77301025390625,-11.414875815642949,-6.06959281533666,-5.6805397595149785
-0.772705078125,-11.381325086602356,-5.404441972080204,-6.175372079712821
-0.77239990234375,-11.555658357085974,-4.897291712165819,-6.94069819264819
-0.7720947265625,-11.902404854819608,-4.554879188092633,-8.039404719178782
-0.77178955078125,-12.389800996141673,-4.386226834888144,-9.574299407225812
-0.771484375,-12.993916930386236,-4.403956793091496,-11.734740183671853
-0.77117919921875,-13.70674079485238,-4.625906907374651,-14.934275052577018
-0.7708740234375,-14.546040261105082,-5.0775416749577476,-20.39931446083748
-0.77056884765625,-15.563358558909368,-5.795903823760451,-34.92915697988689
-0.770263671875,-16.84687817744349,-6.836458471727232,-22.117138980454047
-0.76995849609375,-18.51159736608344,-8.285350580272791,-15.973973186586532
-0.7696533203125,-20.62119255943708,-10.280624511202944,-12.60470624947626
-0.76934814453125,-22.736535425494004,-13.032682695312133,-10.40365682133729
-0.76904296875,-22.962174773050034,-16.626724650774463,-8.877503672173736
-0.76873779296875,-20.649898483718324,-18.877024270257262,-7.812463443137087
-0.7684326171875,-17.914453462648794,-16.22672046590288,-7.099891508930214
-0.76812744140625,-15.67378775812194,-12.842137808367859,-6.681186141998738
-0.767822265625,-13.995758704325103,-10.348486445002258,-6.526342960020416
-0.76751708984375,-12.814519693441762,-8.6055697280413,-6.624874814154797
-0.7672119140625,-12.07460659738146,-7.423306934129141,-6.982450670734809
-0.76690673828125,-11.747374667004207,-6.686056308746428,-7.621103795596125
-0.7666015625,-11.830376651246722,-6.330384919104919,-8.582709296142045
-0.76629638671875,-12.347812924655095,-6.3272916482790045,-9.936287394326188
-0.7659912109375,-13.354200105179984,-6.674384593485893,-11.787806298531967
-0.76568603515625,-14.934833504348681,-7.395824721314293,-14.26766076240286
-0.765380859375,-17.15077609634057,-8.55096527155766,-17.277530791826994
-0.76507568359375,-19.603678495446935,-10.259123747392158,-19.059994164573876
-0.7647705078125,-20.196786935098856,-12.76735769273133,-17.216643730497996
-0.76446533203125,-17.957979419310405,-16.6739124319086,-14.335247916294762
-0.76416015625,-15.312760749118183,-23.96117100084542,-12.03158358131569
-0.76385498046875,-13.255008595795205,-27.501169160286302,-10.379212389595185
-0.7635498046875,-11.820218595955527,-18.678745639842262,-9.257501279164806
-0.76324462890625,-10.924380496074848,-14.449417824449224,-8.573995818374453
-0.762939453125,-10.508688374584949,-11.945845079515012,-8.273695869473798
-0.76263427734375,-10.552500207617983,-10.356857303654357,-8.329399140248325
-0.7623291015625,-11.074813443571877,-9.369653556485689,-8.734428714967917
-0.76202392578125,-12.1444519929385,-8.836190435454357,-9.497362238007648
-0.76171875,-13.909628508428831,-8.679603046000079,-10.633177754290983
-0.76141357421875,-16.66124066113435,-8.860104522738455,-12.132912696014
-0.7611083984375,-20.785165924370283,-9.360190549370907,-13.854097187458303
-0.76080322265625,-23.572522791756,-10.176588689174604,-15.241024921318981
-0.760498046875,-19.498974863795063,-11.312256205707616,-15.321459453314553
-0.76019287109375,-15.517683221301013,-12.759009189782052,-14.01554940515863
-0.7598876953125,-12.838050777840333,-14.448219944145828,-12.265536365080031
-0.75958251953125,-11.043446901270853,-16.129018495679667,-10.665053978097141
-0.75927734375,-9.875784803966503,-17.23871460366895,-9.361812673196345
-0.75897216796875,-9.19858696269823,-17.26622778258954,-8.348949757670713
-0.7586669921875,-8.93979167616944,-16.474464680694865,-7.587294848359668
-0.75836181640625,-9.063727793928768,-15.503752910549668,-7.039155651092791
-0.758056640625,-9.556027990877775,-14.730847985751314,-6.676721194097359
-0.75775146484375,-10.409786202559365,-14.287795493122283,-6.484260547913868
-0.7574462890625,-11.597394537179909,-14.214342596929658,-6.4590381259123655
-0.75714111328125,-12.993781196551133,-14.53445382626344,-6.612212608788665
-0.7568359375,-14.213089864417672,-15.289687503141721,-6.97045324415423
-0.75653076171875,-14.580747515521885,-16.565627438185096,-7.579602378815471
-0.7562255859375,-13.830042079185201,-18.540456920020468,-8.513290910589072
-0.75592041015625,-12.518025215583444,-21.624021717012482,-9.89352477798436
-0.755615234375,-11.229328432157716,-27.02947797533039,-11.943682755504234
-0.75531005859375,-10.213289141805856,-37.9558861905737,-15.14994140073561
-0.7550048828125,-9.53511070582426,-27.569453920902937,-20.903773163861686
-0.75469970703125,-9.20265451867347,-21.82669387955351,-27.766221779665763
-0.75439453125,-9.215653883566636,-18.53242499322172,-18.41818116732617
-0.75408935546875,-9.582877776752168,-16.324295217190315,-13.31006178081237
-0.7537841796875,-10.330259510979616,-14.730703604655531,-10.198223629255935
-0.75347900390625,-11.508397440943165,-13.524393780562427,-8.10051050333977
-0.753173828125,-13.201020977647275,-12.571454866083903,-6.653087995804118
-0.75286865234375,-15.518219598426523,-11.78380080643903,-5.6890649482524625
-0.7525634765625,-18.43360231504207,-11.102781571983275,-5.123743389771347
-0.75225830078125,-20.75487230294477,-10.493412231021415,-4.91433361118471
-0.751953125,-19.839060441263733,-9.940889031354985,-5.043430077312476
-0.75164794921875,-17.24682871619508,-9.44585373475714,-5.511498332934885
-0.7513427734375,-15.054049112898184,-9.018060742129101,-6.332202867134466
-0.75103759765625,-13.532711360051081,-8.669811291763386,-7.524255173684447
-0.750732421875,-12.592490516457014,-8.410506491952521,-9.08318497697563
-0.75042724609375,-12.146878239694196,-8.24280052187217,-10.881956544156823
-0.7501220703125,-12.147246322921836,-8.160225634416767,-12.421521185513383
-0.74981689453125,-12.576025432166546,-8.146293384996397,-12.802625706849462
-0.74951171875,-13.434486784220903,-8.175781347534533,-11.876940789701852
-0.74920654296875,-14.713393591208288,-8.219520901948066,-10.518860015286027
-0.7489013671875,-16.291370715089048,-8.253351848108682,-9.359079360969586
-0.74859619140625,-17.650347458244248,-8.269210759698645,-8.596386655163545
-0.748291015625,-17.764551548116465,-8.283273628390406,-8.269759113336393
-0.74798583984375,-16.42071220711961,-8.336758986669143,-8.390156253034949
-0.7476806640625,-14.605281128806379,-8.490336740188354,-8.984953533200615
-0.74737548828125,-12.99199661913373,-8.817912311863003,-10.12189151085801
-0.7470703125,-11.7618860006752,-9.405658227603826,-11.944415915049941
-0.74676513671875,-10.927181497654452,-10.359675863820076,-14.756635025105307
-0.7464599609375,-10.469169824458469,-11.823552953265873,-19.239038706261855
-0.74615478515625,-10.37588092891122,-13.993565961321426,-25.35312890659061
-0.745849609375,-10.652843608163682,-16.952497067317186,-21.686240540322288
-0.74554443359375,-11.330231859786732,-18.980181318225753,-16.850393502296594
-0.7452392578125,-12.475901423576971,-16.512564596139676,-14.052117358589566
-0.74493408203125,-14.226637195518514,-12.856034027365034,-12.458635112900662
-0.74462890625,-16.875316249265406,-9.991844171822976,-11.69569103918503
-0.74432373046875,-21.189799962127346,-7.8897523873905655,-11.61397086838048
-0.7440185546875,-30.52026259852829,-6.374157541780928,-12.1758955560524
-0.74371337890625,-29.948847498947288,-5.3301861375532,-13.407160023222476
-0.743408203125,-21.38590484043403,-4.69364411467878,-15.298630249460325
-0.74310302734375,-17.49379319358844,-4.435129520620547,-17.278143645163205
-0.7427978515625,-15.217935499219328,-4.5523389708900845,-17.19154610080402
-0.74249267578125,-13.83439804938587,-5.069267413857322,-14.625521476825734
-0.7421875,-13.065792946467596,-6.041653570197409,-11.829668684843824
-0.74188232421875,-12.782838831291066,-7.567971272575359,-9.586699208350502
-0.7415771484375,-12.918034479860733,-9.788431411206016,-7.899985949481557
-0.74127197265625,-13.425276865378557,-12.688710177538422,-6.673056109781138
-0.740966796875,-14.2385857226604,-14.661724484899548,-5.825172028949348
-0.74066162109375,-15.195420091159233,-12.73806812587252,-5.298141695670122
-0.7403564453125,-15.920801642764138,-9.538597667859428,-5.049604362746283
-0.74005126953125,-15.888532470585977,-6.967347271181486,-5.046393094900468
-0.73974609375,-14.949793964879433,-5.0933027931165675,-5.259004418748681
-0.73944091796875,-13.531947669588767,-3.770355777012007,-5.6565868433400235
-0.7391357421875,-12.088499244961197,-2.888464300656171,-6.202093161724678
-0.73883056640625,-10.834947081847675,-2.378874195263589,-6.8481420939873665
-0.738525390625,-9.83455768146092,-2.2011877313653647,-7.535637061800534
-0.73822021484375,-9.09195527794336,-2.33429694120187,-8.198418870547238
-0.7379150390625,-8.594946036979037,-2.7710020625069576,-8.775347964450226
-0.73760986328125,-8.3293797945497,-3.514282822470991,-9.224011951863073
-0.7373046875,-8.283811048728417,-4.572380623949272,-9.52388151493089
-0.73699951171875,-8.450592683216932,-5.946262168652847,-9.663461970434446
-0.7366943359375,-8.825637066356911,-7.591829156655922,-9.623404718591562
-0.73638916015625,-9.407323713099663,-9.318219057397156,-9.375862158984397
-0.736083984375,-10.194036045585325,-10.631520925314774,-8.907302354463448
-0.73577880859375,-11.178607486680686,-10.922288552756639,-8.24549942578549
-0.7354736328125,-12.335856932159796,-10.244862332976702,-7.461741850406286
-0.73516845703125,-13.596742865475111,-9.227721624032032,-6.64616693571484
-0.73486328125,-14.806904114284094,-8.314177194160731,-5.880727539046141
-0.73455810546875,-15.706365174873934,-7.656100960159181,-5.226832187766348
-0.7342529296875,-16.04000558734979,-7.270892075323502,-4.726006520727343
-0.73394775390625,-15.786942740363132,-7.129871316594819,-4.405828208441252
-0.733642578125,-15.181488818677265,-7.188283983485098,-4.286239966983987
-0.73333740234375,-14.488947640366586,-7.394076280751721,-4.384762718836696
-0.7330322265625,-13.872522233137394,-7.692627963600466,-4.720820164226339
-0.73272705078125,-13.403995618637648,-8.03452649522202,-5.319997096069507
-0.732421875,-13.105719060048065,-8.387483009710255,-6.219415415433826
-0.73211669921875,-12.9782355165712,-8.747614417315562,-7.476059603135007
-0.7318115234375,-13.013606728447417,-9.142942380578408,-9.18116602272645
-0.73150634765625,-13.201050924139885,-9.627144122719958,-11.484401862796911
-0.731201171875,-13.529011789564962,-10.269482378822099,-14.607803404873419
-0.73089599609375,-13.985561749759315,-11.1489851796515,-18.479989676537404
-0.7305908203125,-14.557886239918226,-12.357731764448586,-19.917787550774943
-0.73028564453125,-15.231074881690677,-14.016329430371359,-16.806164850258178
-0.72998046875,-15.986306028389418,-16.30888250435536,-13.684324000637035
-0.72967529296875,-16.79875270765463,-19.552054847517187,-11.446267432752808
-0.7293701171875,-17.636306334183782,-24.171190105042292,-9.879009406388786
-0.72906494140625,-18.46144942905716,-27.616691229338663,-8.795555617577799
-0.728759765625,-19.239227355617576,-24.040745262073273,-8.081581388766603
-0.72845458984375,-19.951769228015944,-20.494795645193484,-7.66960741339561
-0.7281494140625,-20.613215757585394,-18.269250504090166,-7.5220089793990494
-0.72784423828125,-21.27388456977709,-16.915777264288888,-7.622511054285475
-0.7275390625,-22.0056495375457,-16.13359510678702,-7.972856903170012
-0.72723388671875,-22.862412044360255,-15.722559079228084,-8.593259653610989
-0.7269287109375,-23.787106048139094,-15.520810842939124,-9.5271196387501
-0.72662353515625,-24.412680333907808,-15.388081156272985,-10.85315728505943
-0.726318359375,-24.001417580065933,-15.226313099806386,-12.714600563554823
-0.72601318359375,-22.288321617071215,-15.013220088652767,-15.396871394200923
-0.7257080078125,-19.95566769160613,-14.808443934020216,-19.579344279618876
-0.72540283203125,-17.64212619020697,-14.72228635928936,-27.149927148768022
-0.72509765625,-15.587254313568339,-14.880754933876453,-26.481844833999354
-0.72479248046875,-13.837030437498896,-15.416635042614537,-19.52615701743189
-0.7244873046875,-12.380720676245353,-16.49223733910607,-15.784700162942437
-0.72418212890625,-11.197441985903149,-18.36145423181958,-13.500516455661957
-0.723876953125,-10.26927277889595,-21.508781532851508,-12.063230597338803
-0.72357177734375,-9.584490439003776,-26.51961583208856,-11.221411854393487
-0.7232666015625,-9.138323144138944,-26.39300038106745,-10.854378391527417
-0.72296142578125,-8.933506604189468,-20.626356882571013,-10.896501467358615
-0.72265625,-8.981534147289679,-16.71085637478311,-11.297969989477037
-0.72235107421875,-9.305306271443289,-14.123514499873151,-11.98193183703727
-0.7220458984375,-9.944339231065616,-12.38574905590998,-12.769782380193789
-0.72174072265625,-10.965003068232663,-11.271257364767388,-13.292077072904288
-0.721435546875,-12.481521738556827,-10.670584917047211,-13.100601602191551
-0.72113037109375,-14.70102598014089,-10.53370046670133,-12.129244387085315
-0.7208251953125,-18.006243151946514,-10.842814494678773,-10.774928745894215
-0.72052001953125,-22.60791295456553,-11.58671283371691,-9.43273119602084
-0.72021484375,-22.902201266638272,-12.697602295405222,-8.298070512662347
-0.71990966796875,-18.032145316416788,-13.864437932611814,-7.43733997186988
-0.7196044921875,-14.342923160488208,-14.270600933896443,-6.865862105217854
-0.71929931640625,-11.784988018056383,-13.224212684416328,-6.585392860083172
-0.718994140625,-9.9550603004477,-11.302037584733132,-6.599564654234835
-0.71868896484375,-8.632086712491517,-9.352012476586278,-6.921385265619224
-0.7183837890625,-7.693777821528846,-7.712707632572751,-7.579674321408293
-0.71807861328125,-7.06783178893549,-6.4456855861951095,-8.62905965083396
-0.7177734375,-6.708809432443794,-5.537267435471788,-10.17046048517992
-0.71746826171875,-6.586212483968818,-4.9643508274164,-12.400073142707267
-0.7171630859375,-6.677221285777226,-4.711585638505147,-15.74788404296925
-0.71685791015625,-6.960883092246245,-4.775909187250748,-21.31951183228975
-0.716552734375,-7.411695033978871,-5.169164265284919,-27.062987111602563
-0.71624755859375,-7.990996874718553,-5.922637371457994,-19.788684846257585
-0.7159423828125,-8.635863227332734,-7.09673309780574,-15.053103317596875
-0.71563720703125,-9.249951386658825,-8.802035692455252,-12.144111282168687
-0.71533203125,-9.710820246339177,-11.24730558257951,-10.180123439886863
-0.71502685546875,-9.911743079788959,-14.845576978527408,-8.799991758279642
-0.7147216796875,-9.823223774123857,-20.07867791288834,-7.82521739436895
-0.71441650390625,-9.512977983253347,-21.316611701050277,-7.153941724579349
-0.714111328125,-9.0996482903363,-16.38163555374429,-6.721413786786625
-0.71380615234375,-8.694362917027929,-12.898042570069123,-6.482623489559359
-0.7135009765625,-8.375420413512325,-10.69372528376952,-6.403612203225483
-0.71319580078125,-8.190729518430725,-9.299196540306745,-6.456606827229442
-0.712890625,-8.168876506298236,-8.476252973787679,-6.616992514549329
-0.71258544921875,-8.329185812341157,-8.099350938833656,-6.861256668315184
-0.7122802734375,-8.689030684401013,-8.096148368382144,-7.165566489398271
-0.71197509765625,-9.269402202024768,-8.416932239070412,-7.504974363671597
-0.711669921875,-10.100294356837605,-9.00979832543625,-7.85349962641006
-0.71136474609375,-11.227762132893131,-9.78579811837671,-8.185472375998344
-0.7110595703125,-12.725468974813914,-10.564592262302615,-8.478378954889754
-0.71075439453125,-14.715737855171279,-11.037798758510288,-8.716863162225405
-0.71044921875,-17.405506041945213,-10.893762401612124,-8.89667948164676
-0.71014404296875,-21.075799462007325,-10.107346725810466,-9.026940011501507
-0.7098388671875,-24.936180927877693,-8.956970753040395,-9.129625424886328
-0.70953369140625,-23.719140977522443,-7.73666582207875,-9.236802100513337
-0.709228515625,-19.94978951140717,-6.61142835706287,-9.387162346239505
-0.70892333984375,-17.10923647516957,-5.645624577738909,-9.623589929889832
-0.7086181640625,-15.149796103170312,-4.85512113379815,-9.992766501315858
-0.70831298828125,-13.810279611944793,-4.237516680708016,-10.547175484284558
-0.7080078125,-12.926250321748709,-3.785661872787289,-11.349594679825344
-0.70770263671875,-12.393315666528025,-3.4931166278521912,-12.479685941858499
-0.7073974609375,-12.13229250278861,-3.3561911911975004,-14.03767028126037
-0.70709228515625,-12.064631588403245,-3.3746247926819417,-16.107168156908887
-0.706787109375,-12.093403473802894,-3.551775414274234,-18.44232111874082
-0.70648193359375,-12.09499163509059,-3.89469937311723,-19.35686989060137
-0.7061767578125,-11.938585885902649,-4.41428313865811,-17.305397746580347
-0.70587158203125,-11.54142123081935,-5.1254568001549465,-14.363235201030914
-0.70556640625,-10.918786997577431,-6.04733124749643,-11.831399633536321
-0.70526123046875,-10.170191629372454,-7.2026250138257355,-9.834568572694414
-0.7049560546875,-9.418193742136943,-8.61433536178382,-8.289224379078604
-0.70465087890625,-8.762832661485234,-10.293365059732578,-7.11448371050715
-0.704345703125,-8.271662384946815,-12.19920771238732,-6.253137684374749
-0.70404052734375,-7.988282962449235,-14.137375345547191,-5.666620697858623
-0.7037353515625,-7.9436080988702304,-15.620717492847692,-5.328619168502183
-0.70343017578125,-8.16424294718542,-16.100506978455616,-5.219806302959686
-0.703125,-8.676727903869837,-15.695677886576444,-5.322834973962697
-0.70281982421875,-9.504852485691696,-15.032687305303254,-5.616039867425813
-0.7025146484375,-10.647631905566213,-14.553443104389075,-6.063909950730082
-0.70220947265625,-11.996888819073137,-14.442489780298452,-6.602910314379445
-0.701904296875,-13.125524210993106,-14.782303808334776,-7.1261489922591
-0.70159912109375,-13.204591665197912,-15.652775693040294,-7.485107743960392
-0.7012939453125,-11.936359263824803,-17.199035690221336,-7.539757643754307
-0.70098876953125,-10.056969185484707,-19.747947595156255,-7.246909592177873
-0.70068359375,-8.218968201185689,-24.23047111078995,-6.693346015814243
-0.70037841796875,-6.6457592082245895,-35.5642914974037,-6.028607710951751
-0.7000732421875,-5.367896457047635,-29.15463507458513,-5.383932420127118
-0.69976806640625,-4.363613711579449,-21.57363288134494,-4.843610716644366
-0.699462890625,-3.603333550267215,-17.656896602939046,-4.453020349797834
-0.69915771484375,-3.061031445727495,-15.11036623964853,-4.234195753644883
-0.6988525390625,-2.7162792496120147,-13.310167458247456,-4.19756830834669
-0.69854736328125,-2.553996255923736,-11.991648515607931,-4.349041196707307
-0.6982421875,-2.5638815641307717,-11.014300700309686,-4.694022612600934
-0.69793701171875,-2.740074124049145,-10.29181166826308,-5.239817837341146
-0.6976318359375,-3.081208176027801,-9.76515529412079,-5.997151465402285
-0.69732666015625,-3.5909726815431813,-9.390505982036753,-6.9809437274657355
-0.697021484375,-4.279353667387322,-9.133278359943933,-8.209425465639402
-0.69671630859375,-5.164927532214978,-8.96504752905767,-9.697973953651957
-0.6964111328125,-6.278989324734913,-8.861947656089699,-11.436094772630929
-0.69610595703125,-7.673274382100008,-8.803863609257498,-13.316312060007057
-0.69580078125,-9.435567978550958,-8.774051987084748,-14.977979469006783
-0.69549560546875,-11.725050068720126,-8.758997174750169,-15.769470103378506
-0.6951904296875,-14.865881884109433,-8.748402803154788,-15.408985928188045
-0.69488525390625,-19.64757938622096,-8.735257811890229,-14.435314750153097
-0.694580078125,-27.514900376159183,-8.715909447283122,-13.448758924260142
-0.69427490234375,-23.574560225579646,-8.69004956590678,-12.722952105434977
-0.6939697265625,-17.713242492430112,-8.66051495617214,-12.346535116946608
-0.69366455078125,-14.317436035744391,-8.63284321079609,-12.35456895748607
-0.693359375,-12.089516951530154,-8.61460279149562,-12.785390187862644
-0.69305419921875,-10.537280099634431,-8.614587824858248,-13.711156320210293
-0.6927490234375,-9.439402720404534,-8.641993148565373,-15.277067823834312
-0.69244384765625,-8.680360211501966,-8.705649607645208,-17.798125957174072
-0.692138671875,-8.1939040335806,-8.813320308288047,-22.09987069742229
-0.69183349609375,-7.939932566159622,-8.970963697300155,-30.939810954935545
-0.6915283203125,-7.8936943688774575,-9.181781385870755,-26.88374932968702
-0.69122314453125,-8.040190844636811,-9.444805606529169,-19.94803915971935
-0.69091796875,-8.37089754245236,-9.752783283622,-16.231616015087482
-0.69061279296875,-8.881336335417288,-10.089297789270852,-13.904741047440064
-0.6903076171875,-9.568353331667822,-10.425690177808688,-12.398340762535833
-0.69000244140625,-10.425587099304765,-10.719704126468665,-11.477983388850008
-0.689697265625,-11.43450188332052,-10.919560677462304,-11.034289165196359
-0.68939208984375,-12.546788749794358,-10.977003452635486,-11.018651673417818
-0.6890869140625,-13.655434369765263,-10.86693986323694,-11.419737217118776
-0.68878173828125,-14.570325596143762,-10.601865696579411,-12.25394122207189
-0.6884765625,-15.061900271285495,-10.229243027039258,-13.556173617036674
-0.68817138671875,-15.019163516833478,-9.814301073626599,-15.340094784626388
-0.6878662109375,-14.55827337266474,-9.421865269612024,-17.402121865174614
-0.68756103515625,-13.910916273751683,-9.106631568297049,-18.734887298045997
-0.687255859375,-13.266808654156534,-8.911949646047773,-17.94729642462421
-0.68695068359375,-12.730958537674695,-8.873251171543142,-15.844585732203413
-0.6866455078125,-12.347666333044005,-9.02317979829669,-13.763360395231071
-0.68634033203125,-12.128344345056226,-9.397508548104271,-12.07767394697976
-0.68603515625,-12.067683469596084,-10.04260934510723,-10.782431336584892
-0.68572998046875,-12.150871694114688,-11.027047735642467,-9.807020266112186
-0.6854248046875,-12.355982522094326,-12.463618120440241,-9.083354515304793
-0.68511962890625,-12.654125189678478,-14.558980329623118,-8.556439344046563
-0.684814453125,-13.008886064904562,-17.742340258247694,-8.185231033077145
-0.68450927734375,-13.376113404252962,-22.91337823771842,-7.942915699386649
-0.6842041015625,-13.704854217185524,-26.111428841215915,-7.817378449454123
-0.68389892578125,-13.940070283126344,-19.73569726534865,-7.811004180453713
-0.68359375,-14.02779461040277,-15.172068425207218,-7.939170026353402
-0.68328857421875,-13.923561503582047,-12.13117938443635,-8.22743040230312
-0.6829833984375,-13.603804733340146,-9.948100228576093,-8.707389221518255
-0.68267822265625,-13.07599953289839,-8.322658055783482,-9.40944342488319
-0.682373046875,-12.3801573273098,-7.105055631766955,-10.34479487516364
-0.68206787109375,-11.578552574622353,-6.213903710074894,-11.45473550797782
-0.6817626953125,-10.739614029056357,-5.603411653416671,-12.49005066478674
-0.68145751953125,-9.924927656202206,-5.248558021477074,-12.900293036772766
-0.68115234375,-9.18336538322018,-5.137545128718388,-12.218654534707742
-0.68084716796875,-8.550961895294428,-5.267151306489341,-10.725822250264635
-0.6805419921875,-8.053550831674002,-5.6382878438657915,-9.032059548293207
-0.68023681640625,-7.7100195549129955,-6.248390335481115,-7.4856762155342595
-0.679931640625,-7.535237177786835,-7.073882980492961,-6.197230221125456
-0.67962646484375,-7.542458208487971,-8.02958633240314,-5.180508812352897
-0.6793212890625,-7.745338012178013,-8.896423486644338,-4.420388411812028
-0.67901611328125,-8.159823846998766,-9.29289610678136,-3.895912234310235
-0.6787109375,-8.806260727991951,-8.91613068350323,-3.586836267632002
-0.67840576171875,-9.712165973817505,-7.897159662620804,-3.4747553281933357
-0.6781005859375,-10.916326344775802,-6.6351106778020705,-3.5425460672328897
-0.67779541015625,-12.475047131412431,-5.43126342998702,-3.7733963721808705
-0.677490234375,-14.470312758506028,-4.422738729058918,-4.1499791245579845
-0.67718505859375,-17.008053761918184,-3.6546625851435026,-4.65424023227029
-0.6768798828125,-20.104554932836987,-3.1353676553746967,-5.268388824843651
-0.67657470703125,-22.87142442081915,-2.8613695071174132,-5.977728182086576
-0.67626953125,-22.586242144193985,-2.826520706504803,-6.775669302945042
-0.67596435546875,-19.989537016398774,-3.0240409261520407,-7.670538723053021
-0.6756591796875,-17.439458415277265,-3.4444339679707547,-8.69316544711219
-0.67535400390625,-15.344267454800418,-4.069034006968784,-9.904905148848027
-0.675048828125,-13.601953438819368,-4.856804202078291,-11.408756420680785
-0.67474365234375,-12.102736244863074,-5.722219998522421,-13.371655283349568
-0.6744384765625,-10.783240375136758,-6.512621580877939,-16.069670980376266
-0.67413330078125,-9.616834285501433,-7.025516207581834,-19.868903344938733
-0.673828125,-8.598663188120934,-7.1168869704127395,-23.288765047395444
-0.67352294921875,-7.734216265442221,-6.824470794541329,-20.326113567363176
-0.6732177734375,-7.032556081865953,-6.333784762621152,-16.112124335660226
-0.67291259765625,-6.50327986465241,-5.839114943149234,-13.059822125569543
-0.672607421875,-6.155818682530559,-5.469620975425629,-10.860563917433163
-0.67230224609375,-5.999975944375848,-5.293365737830857,-9.237009036318266
-0.6719970703125,-6.047099163730136,-5.341435053733855,-8.025851671580735
-0.67169189453125,-6.311702144646589,-5.624949168816195,-7.124647915704769
-0.67138671875,-6.813689233150106,-6.141349137786217,-6.461377790163963
-0.67108154296875,-7.58169004636922,-6.870429971354753,-5.978895305539123
-0.6707763671875,-8.658615813788344,-7.758172835164881,-5.627047089680315
-0.67047119140625,-10.111902440658984,-8.686820812427943,-5.359533378587221
-0.670166015625,-12.054429181954301,-9.449669562957677,-5.134508555813797
-0.66986083984375,-14.692296688933311,-9.801639119289964,-4.9181081047795265
-0.6695556640625,-18.444808650241512,-9.631746254546778,-4.689120835647106
-0.66925048828125,-24.108675940840595,-9.068173975491975,-4.44207039821519
-0.6689453125,-27.513632352203267,-8.346597655174854,-4.186553060157891
-0.66864013671875,-22.22314766713662,-7.648704870016773,-3.942942903895804
-0.6683349609375,-18.55293571453557,-7.06700933798564,-3.736656892467976
-0.66802978515625,-16.385855074347184,-6.633550660474169,-3.5933918597946417
-0.667724609375,-15.113691980526857,-6.34904784595042,-3.536491968510547
-0.66741943359375,-14.45138362655664,-6.19963806761379,-3.586317006592989
-0.6671142578125,-14.252874878613365,-6.165042258343457,-3.760921558035428
-0.66680908203125,-14.430932547435907,-6.222497080119222,-4.077386182743666
-0.66650390625,-14.915516543289524,-6.34888971303903,-4.553364604819297
-0.66619873046875,-15.616321870299277,-6.522218215330887,-5.208539703394809
-0.6658935546875,-16.373309780701263,-6.722840479447195,-6.065491766501423
-0.66558837890625,-16.91468264865299,-6.934720930392921,-7.148473084367448
-0.665283203125,-16.93059853516437,-7.146835295464379,-8.475111055983348
-0.66497802734375,-16.32154648657966,-7.354855827740712,-10.025249760375699
-0.6646728515625,-15.296923286656849,-7.5630639360002725,-11.645961248836995
-0.66436767578125,-14.148107762809335,-7.786167787665099,-12.868037356203075
-0.6640625,-13.066538818365377,-8.050621629499018,-12.994488965768955
-0.66375732421875,-12.140175230442193,-8.39544220866617,-11.964161897871069
-0.6634521484375,-11.400690951113088,-8.873396961686677,-10.454266205101657
-0.66314697265625,-10.85617374874177,-9.554639298865462,-8.98655474801657
-0.662841796875,-10.506552606577483,-10.536821274432846,-7.746952850948925
-0.66253662109375,-10.349516531938201,-11.97106050803595,-6.769617653090998
-0.6622314453125,-10.381856192195176,-14.133157447672602,-6.044311099243069
-0.66192626953125,-10.598344473634354,-17.669532961072743,-5.553124564629743
-0.66162109375,-10.988793008089303,-25.057780143364894,-5.281067080031415
-0.66131591796875,-11.533428305540578,-31.16842797814003,-5.218710969679627
-0.6610107421875,-12.197397000755995,-18.77652794801156,-5.362775280094682
-0.66070556640625,-12.927891632544222,-13.75907229998999,-5.716528813412602
-0.660400390625,-13.662044902397296,-10.636655476927757,-6.290744933893063
-0.66009521484375,-14.354584435734836,-8.45917045643352,-7.105759698062433
-0.6597900390625,-15.019972697020092,-6.885638825524523,-8.195501428647663
-0.65948486328125,-15.762893315766348,-5.757534998858871,-9.615319692842442
-0.6591796875,-16.783726330861548,-4.991483463421906,-11.457921142307953
-0.65887451171875,-18.393765266493354,-4.54196448105572,-13.888526067628131
-0.6585693359375,-21.095728303340316,-4.38603995265692,-17.22910595776048
-0.65826416015625,-25.248765974556147,-4.516893862493988,-22.11787615064833
-0.657958984375,-24.37540696620208,-4.941898772898778,-27.423095867374702
-0.65765380859375,-18.458665023948207,-5.684045605454619,-23.57518750134866
-0.6573486328125,-14.042135758993657,-6.787396409619292,-19.288154178466392
-0.65704345703125,-10.822758038766612,-8.329601320958913,-16.637792708847524
-0.65673828125,-8.368901873951192,-10.45001572967129,-14.952778078702567
-0.65643310546875,-6.456094136371805,-13.41751548619295,-13.881409982107245
-0.6561279296875,-4.962003264588176,-17.793370393352028,-13.240394891326234
-0.65582275390625,-3.815527098023281,-23.95037949843838,-12.920284912325346
-0.655517578125,-2.97409523130078,-22.60286191520159,-12.845158274960193
-0.65521240234375,-2.412955822722834,-17.782303986988538,-12.95393140006851
-0.6549072265625,-2.1199886723333266,-14.926614238217368,-13.191862599502633
-0.65460205078125,-2.093446567576422,-13.301846818533837,-13.508841720223215
-0.654296875,-2.3416166165384404,-12.488424641728315,-13.863208506324307
-0.65399169921875,-2.8841890784015076,-12.302201852531487,-14.228480557728403
-0.6536865234375,-3.7556897866922547,-12.672823377898784,-14.597559090458248
-0.65338134765625,-5.011861370756075,-13.600693045716696,-14.978426682528669
-0.653076171875,-6.73975971521563,-15.145443348411545,-15.37877280761913
-0.65277099609375,-9.065320620723202,-17.409524296131814,-15.781237195267648
-0.6524658203125,-12.086092300900757,-20.337657637305036,-16.115216631940267
-0.65216064453125,-15.191275395605146,-22.45804210087423,-16.24522657273807
-0.65185546875,-15.472805607177378,-21.052888608542947,-16.019142346075338
-0.65155029296875,-12.999809016444118,-18.298935615692606,-15.38312115082861
-0.6512451171875,-10.65823785820217,-16.10378848096743,-14.443216070926404
-0.65093994140625,-9.033982519655092,-14.611891055602893,-13.386566322541327
-0.650634765625,-8.033611376282755,-13.699474373572638,-12.375030922496293
-0.65032958984375,-7.536708471800557,-13.25945828825349,-11.51036520195362
-0.6500244140625,-7.455404806075294,-13.211824261061611,-10.847917047436887
-0.64971923828125,-7.718409463348487,-13.480065183933323,-10.41811359651688
-0.6494140625,-8.245053153692997,-13.956578029892517,-10.242098097925021
-0.64910888671875,-8.91327468068743,-14.460300848970258,-10.34198505572552
-0.6488037109375,-9.534778067912487,-14.728568722805031,-10.74911478087582
-0.64849853515625,-9.889945708050966,-14.537229193285501,-11.514121958583692
-0.648193359375,-9.863559330483584,-13.895787119859166,-12.72473161302565
-0.64788818359375,-9.550140525839181,-13.031404265846316,-14.545835925815707
-0.6475830078125,-9.169957656099646,-12.187517297008178,-17.331827233407548
-0.64727783203125,-8.925549456543978,-11.517781345271722,-22.05532807507584
-0.64697265625,-8.954020668039826,-11.098255981526048,-32.45864612692429
-0.64666748046875,-9.34812222653867,-10.963272369279924,-25.304919261646198
-0.6463623046875,-10.187283469355126,-11.127140904275898,-18.57445019979993
-0.64605712890625,-11.554196082015217,-11.588189611540582,-14.821381618963665
-0.645751953125,-13.496662789903214,-12.311550103611532,-12.300060694566042
-0.64544677734375,-15.713889626158231,-13.176007634660715,-10.467656653269902
-0.6451416015625,-16.612436960213987,-13.882610376974135,-9.087561522023966
-0.64483642578125,-14.880478879235914,-13.970630300437888,-8.035985669254993
-0.64453125,-12.347779743757068,-13.213447781832508,-7.240987118090896
-0.64422607421875,-10.227085077498689,-11.914172346472885,-6.658304815800355
-0.6439208984375,-8.669564048521112,-10.51416259557098,-6.2601574983440305
-0.64361572265625,-7.609801040317947,-9.26635212446953,-6.029346425312314
-0.643310546875,-6.976824808115754,-8.262632756533915,-5.955726875349704
-0.64300537109375,-6.721173788614317,-7.522723667660877,-6.033744997076366
-0.6427001953125,-6.812847167570987,-7.041749301430533,-6.260337760251764
-0.64239501953125,-7.236685040521095,-6.808805434077571,-6.63267009733203
-0.64208984375,-7.988722470696943,-6.81313557353247,-7.145135324076016
-0.64178466796875,-9.073144074332237,-7.045506235723339,-7.784883332407151
-0.6414794921875,-10.49830440833314,-7.497533592837463,-8.525119395439747
-0.64117431640625,-12.2682518660502,-8.15972539793114,-9.31634447886577
-0.640869140625,-14.35991324050896,-9.018200907988032,-10.079375309887608
-0.64056396484375,-16.657203271046047,-10.049866360790215,-10.711334539441342
-0.6402587890625,-18.78025606351952,-11.216463094087295,-11.118309339717545
-0.63995361328125,-19.89233807273439,-12.460100609151043,-11.265309783359768
-0.6396484375,-19.290421047126905,-13.706450396299754,-11.198196502514435
-0.63934326171875,-17.425225311358933,-14.881368716469446,-11.011643763169419
-0.6390380859375,-15.134708661045766,-15.931566395287897,-10.798497508816503
-0.63873291015625,-12.876377285584276,-16.815578666113474,-10.621374234916656
-0.638427734375,-10.8320216348042,-17.43922845389107,-10.50944265592602
-0.63812255859375,-9.068246348731854,-17.59022080386872,-10.466356110167174
-0.6378173828125,-7.6051266820843155,-17.04364806516924,-10.48032011932702
-0.63751220703125,-6.444566377610267,-15.841086540486964,-10.533879836178627
-0.63720703125,-5.583444744122142,-14.300580055461353,-10.61299904366251
-0.63690185546875,-5.020337871709053,-12.736278952380637,-10.714180831233502
-0.6365966796875,-4.75960198452803,-11.324756001805325,-10.847614576655058
-0.63629150390625,-4.814929102821665,-10.137994214339388,-11.035356792941464
-0.635986328125,-5.2140515383552035,-9.196901048901946,-11.305683581439974
-0.63568115234375,-6.006817442157088,-8.502254461730082,-11.68579383287668
-0.6353759765625,-7.281033921614092,-8.048795167865396,-12.194004244124217
-0.63507080078125,-9.1966134994552,-7.831209140029806,-12.830523470380959
-0.634765625,-12.063181544378267,-7.846719414528799,-13.564754131672839
-0.63446044921875,-16.440176401261624,-8.096421348447011,-14.319964439450722
-0.6341552734375,-20.729120944640215,-8.586326401472984,-14.968676337201074
-0.63385009765625,-16.73566630880171,-9.328610025049453,-15.37024237418187
-0.633544921875,-12.402022540123724,-10.343365743025325,-15.459194699309336
-0.63323974609375,-9.60442934832219,-11.66092312593667,-15.303448187900992
-0.6329345703125,-7.781900761506614,-13.323690613478105,-15.054554149028256
-0.63262939453125,-6.6214114658580305,-15.38103407542919,-14.855254161993276
-0.63232421875,-5.96545004040236,-17.844344000068077,-14.791425184065579
-0.63201904296875,-5.73314438438582,-20.461779929715203,-14.884591429177952
-0.6317138671875,-5.8866475443811535,-22.124685933149138,-15.091013789442329
-0.63140869140625,-6.4173717631709435,-21.591260279932932,-15.29761035248054
-0.631103515625,-7.341754474435305,-19.85595564998223,-15.339913572328713
-0.63079833984375,-8.702551893206671,-18.13919726759353,-15.081998022912828
-0.6304931640625,-10.57152531255589,-16.743388438709893,-14.522241030122112
-0.63018798828125,-13.031563737155148,-15.646860953065648,-13.798303257843704
-0.6298828125,-15.997080504058694,-14.776600503878733,-13.08685744230949
-0.62957763671875,-18.32754919428052,-14.06666790191833,-12.525829280250685
-0.6292724609375,-17.845715919840227,-13.467187700177952,-12.203505073387973
-0.62896728515625,-15.812763686297677,-12.944176573341597,-12.177771483298304
-0.628662109375,-14.075319925692181,-12.477964009925904,-12.497550797213231
-0.62835693359375,-12.972208934218088,-12.06133533403192,-13.22144496059094
-0.6280517578125,-12.460997005544488,-11.69744958393682,-14.439182665027232
-0.62774658203125,-12.486652712431528,-11.397637743288435,-16.3096047029912
-0.62744140625,-13.03658209584794,-11.179356955841332,-19.152837338959475
-0.62713623046875,-14.154465331124758,-11.064635749647751,-23.717316982679613
-0.6268310546875,-15.9678561136237,-11.079306345064312,-30.699966949339835
-0.62652587890625,-18.760155961250653,-11.253273922057463,-26.81811465688388
-0.626220703125,-23.071113605202413,-11.622120320240771,-21.52210404178309
-0.62591552734375,-27.422796393638244,-12.230584024824864,-18.488280606059764
-0.6256103515625,-23.494575824806184,-13.139045480095197,-16.634686580022656
-0.62530517578125,-19.070273667675597,-14.435272984248105,-15.478793468600408
-0.625,-16.16350318219495,-16.25474402376256,-14.750992992654497
-0.62469482421875,-14.199942736674434,-18.801647692935244,-14.244673170713893
-0.6243896484375,-12.850923744747352,-22.186274534969947,-13.774473827285515
-0.62408447265625,-11.944040915864655,-24.509220191321248,-13.199595290789377
-0.623779296875,-11.381907509706455,-21.943528142370745,-12.475379958652981
-0.62347412109375,-11.106207484829575,-18.33508143565588,-11.6639541089524
-0.6231689453125,-11.080813286301527,-15.562459036363258,-10.882273885687567
-0.62286376953125,-11.282771795240391,-13.512269513105927,-10.244173836276289
-0.62255859375,-11.696375068278925,-11.980765404070421,-9.83842137165939
-0.62225341796875,-12.307693907658004,-10.834459698370997,-9.735369188829292
-0.6219482421875,-13.097340792499788,-9.989766386554294,-10.004773405115028
-0.62164306640625,-14.028866031133202,-9.393666284859295,-10.739998447508164
-0.621337890625,-15.030741365866744,-9.013078684831953,-12.09928974177468
-0.62103271484375,-15.976729683361004,-8.829539331909674,-14.40738394559001
-0.6207275390625,-16.69087340460004,-8.836839720515497,-18.519334663686355
-0.62042236328125,-17.0191421187628,-9.040462274289553,-27.872667576337733
-0.6201171875,-16.938762141736948,-9.458407340660633,-23.396505518153372
-0.61981201171875,-16.57198336914645,-10.12359419349541,-15.807210444956015
-0.6195068359375,-16.083978121922947,-11.088568383179604,-11.75108523209108
-0.61920166015625,-15.597568150116881,-12.433455192057277,-9.108421927493943
-0.618896484375,-15.179114654395052,-14.274648839133647,-7.269874271165412
-0.61859130859375,-14.857906390558037,-16.7378355809327,-5.982870195348128
-0.6182861328125,-14.64703783513836,-19.5989505925926,-5.121770494313898
-0.61798095703125,-14.557241263112319,-20.712932360142506,-4.618547139056772
-0.61767578125,-14.604086883176652,-18.37797488679707,-4.436397052199256
-0.61737060546875,-14.810189249313554,-15.44145362083626,-4.55842042695622
-0.6170654296875,-15.203377983497422,-13.123592338877607,-4.982807461622631
-0.61676025390625,-15.809900262441603,-11.430250949836456,-5.721523682079763
-0.616455078125,-16.636868708249352,-10.241796120384155,-6.801429152944374
-0.61614990234375,-17.627779211631882,-9.468560835502844,-8.267334076577363
-0.6158447265625,-18.56947622449278,-9.052935112922297,-10.185078975410683
-0.61553955078125,-19.02142878601309,-8.958431517144245,-12.632200589157122
-0.615234375,-18.59811064149161,-9.160476114610796,-15.603876826051575
-0.61492919921875,-17.476735002069418,-9.638206508470688,-18.523857417698256
-0.6146240234375,-16.170875614053607,-10.364712585549933,-19.580579099060916
-0.61431884765625,-15.041152954588004,-11.293229258603514,-18.567725935642827
-0.614013671875,-14.247688045140578,-12.340081816071237,-17.42510875028018
-0.61370849609375,-13.859713661002589,-13.378098602811747,-16.994701373124485
-0.6134033203125,-13.926709723771339,-14.274808780049643,-17.488546176827654
-0.61309814453125,-14.511115300574637,-14.989537391637576,-19.177197211992116
-0.61279296875,-15.693979903636784,-15.647457063564435,-22.925307958411775
-0.61248779296875,-17.48468682752793,-16.50693431326307,-33.78371107951154
-0.6121826171875,-19.215687499148654,-17.895121641780573,-27.487314926839126
-0.61187744140625,-18.59875686303927,-20.188833727447204,-19.184221190882788
-0.611572265625,-15.62954853260392,-23.305250357089477,-14.892684391940008
-0.61126708984375,-12.58347354624835,-22.942770840577225,-12.091840272313485
-0.6109619140625,-10.114265778773353,-18.325376392109423,-10.135664672624696
-0.61065673828125,-8.198947685752097,-14.361031064902658,-8.762417415735394
-0.6103515625,-6.743138834483648,-11.42990320252375,-7.844583243265527
-0.61004638671875,-5.674218342245599,-9.248853240505815,-7.316791330028805
-0.6097412109375,-4.9452173581950705,-7.628314029714068,-7.1497608595260935
-0.60943603515625,-4.529255422314193,-6.458753280555552,-7.341035532246209
-0.609130859375,-4.4156061033368745,-5.677564726612089,-7.914777030472076
-0.60882568359375,-4.608515954172014,-5.25108999359434,-8.930523190686788
-0.6085205078125,-5.129100626345192,-5.165670471744877,-10.508299718750278
-0.60821533203125,-6.021706376433645,-5.423109429222968,-12.897970733443477
-0.60791015625,-7.368981432474891,-6.037180952880257,-16.715476098415316
-0.60760498046875,-9.328336590883362,-7.025410230152003,-24.235512304654915
-0.6072998046875,-12.234169994812651,-8.378141214223138,-29.508841661394165
-0.60699462890625,-16.9738203910829,-9.94848812092567,-18.9126013036131
-0.606689453125,-26.728888511251935,-11.18556434998225,-14.482299663389888
-0.60638427734375,-21.700861788171512,-11.16851980369959,-11.937755228888214
-0.6060791015625,-15.05944197829746,-9.85509656375344,-10.383675383103173
-0.60577392578125,-11.563826170636677,-8.157294788582734,-9.4994711347227
-0.60546875,-9.388454504124521,-6.659240364955749,-9.144079737013573
-0.60516357421875,-7.96900995016408,-5.523757020118783,-9.24962558651118
-0.6048583984375,-7.063855809455997,-4.765686450022706,-9.771831787311854
-0.60455322265625,-6.548519578487576,-4.370279564641843,-10.630456279578366
-0.604248046875,-6.3511368336637055,-4.32750817140238,-11.578860260189304
-0.60394287109375,-6.4268028181286505,-4.642403802097822,-12.02418440670497
-0.6036376953125,-6.745530406682323,-5.341499452587661,-11.330167370497552
-0.60333251953125,-7.285730689270219,-6.483205443541098,-9.69799952652455
-0.60302734375,-8.030178171721548,-8.17968702546528,-7.825923915085909
-0.60272216796875,-8.963319440721943,-10.644310826307379,-6.121155671743916
-0.6024169921875,-10.069887069605649,-14.26589118422725,-4.703205872700792
-0.60211181640625,-11.335951579418765,-18.94878733980566,-3.580300569188053
-0.601806640625,-12.755124095669998,-18.263985578794472,-2.7308771030735244
-0.60150146484375,-14.344474670318055,-13.696000139042763,-2.129375248622716
-0.6011962890625,-16.177104164315683,-10.384460324221736,-1.7528551002074924
-0.60089111328125,-18.447946113239702,-8.099987102385063,-1.581777644854775
-0.6005859375,-21.648616682458417,-6.4640587746376355,-1.5990860897986994
-0.60028076171875,-27.385013613951376,-5.260616027586748,-1.7888091789728713
-0.5999755859375,-53.25065608713339,-4.36036481129986,-2.1345566328155465
-0.59967041015625,-25.55937022069019,-3.679190152009586,-2.618124957682105
-0.599365234375,-19.206763907051553,-3.159441652041204,-3.2185900891421455
-0.59906005859375,-15.282125057884347,-2.7616123366225107,-3.9125952318719714
-0.5987548828125,-12.419407461039643,-2.460516354985986,-4.676837114718771
-0.59844970703125,-10.1882055913852,-2.243044701297065,-5.493557309206039
-0.59814453125,-8.398869812873741,-2.106073669120709,-6.35869264957522
-0.59783935546875,-6.952315683007883,-2.05408380611605,-7.290654302668775
-0.5975341796875,-5.791477540710572,-2.0966710787346523,-8.337425702790974
-0.59722900390625,-4.881835808285255,-2.2463551381034508,-9.582785639055036
-0.596923828125,-4.202492993686966,-2.5169924141055477,-11.15915924300202
-0.59661865234375,-3.7417663014227207,-2.9228796231016596,-13.287498731731016
-0.5963134765625,-3.495013944009919,-3.4784491250914185,-16.410769125451022
-0.59600830078125,-3.4637683771553993,-4.198360593439488,-21.780564342503787
-0.595703125,-3.6558425441043196,-5.09773538290764,-35.67317304080643
-0.59539794921875,-4.086430271623893,-6.192141197588665,-23.12894615159921
-0.5950927734375,-4.780583334141143,-7.496464560039902,-16.958226260527105
-0.59478759765625,-5.778061859143435,-9.02036125056535,-13.53822200449022
-0.594482421875,-7.1429552447319775,-10.753836888730088,-11.3049761590323
-0.59417724609375,-8.9843009918989,-12.626452996122051,-9.77331840138229
-0.5938720703125,-11.506492638844286,-14.413664846778628,-8.730802130490218
-0.59356689453125,-15.160953485928207,-15.640293874618031,-8.065422974081159
-0.59326171875,-21.293940263357428,-15.825697574470066,-7.709209066281732
-0.59295654296875,-32.70063536629741,-15.06451879352533,-7.613226871651673
-0.5926513671875,-21.870512192476944,-13.863138987563746,-7.731792984648241
-0.59234619140625,-16.881486852760975,-12.584530922030684,-8.00768853956228
-0.592041015625,-14.288108198400117,-11.372811063989063,-8.355939457185311
-0.59173583984375,-12.841883124519901,-10.269813929965931,-8.652571125650004
-0.5914306640625,-12.13214360626986,-9.28636835454945,-8.750048637009213
-0.59112548828125,-11.990657263238656,-8.427522712160197,-8.539725409269593
-0.5908203125,-12.353979753464202,-7.698604934259134,-8.022851336975341
-0.59051513671875,-13.225924299692476,-7.105425387848726,-7.306373458429544
-0.5902099609375,-14.680731931164315,-6.653393215229531,-6.5285987113889075
-0.58990478515625,-16.91194502337883,-6.346807024605138,-5.79928148689622
-0.589599609375,-20.414566984158885,-6.188342428850758,-5.186015984164091
-0.58929443359375,-26.93305095229311,-6.178387144205425,-4.72430243207754
-0.5889892578125,-43.040817147988655,-6.313748186925224,-4.430094474886706
-0.58868408203125,-25.05031925903536,-6.585135197391053,-4.308029053071076
-0.58837890625,-19.793410486069053,-6.972716726045347,-4.355146272492155
-0.58807373046875,-16.79992237259743,-7.4393265451569555,-4.561065841519275
-0.5877685546875,-14.828350612008771,-7.9226833069791,-4.905220621033399
-0.58746337890625,-13.46163823483857,-8.332994173784744,-5.351640491095109
-0.587158203125,-12.508976965839986,-8.568826827161477,-5.843094875012547
-0.58685302734375,-11.868966893431669,-8.558270722036355,-6.300212908275583
-0.5865478515625,-11.483246814081372,-8.301043037940119,-6.635593418273805
-0.58624267578125,-11.316047793317281,-7.868618727654976,-6.7875561970064755
-0.5859375,-11.34224504179025,-7.362206616110775,-6.7547720252787835
-0.58563232421875,-11.537433029213979,-6.871428763840395,-6.598917067182856
-0.5853271484375,-11.86673984829662,-6.45827165963945,-6.412541020037965
-0.58502197265625,-12.27120556638819,-6.1594094063662785,-6.283712181934311
-0.584716796875,-12.655994343501018,-5.994002300799024,-6.279503589106912
-0.58441162109375,-12.896654600207341,-5.97057225464959,-6.445687108871505
-0.5841064453125,-12.88521745006662,-6.09158400539879,-6.812403826729533
-0.58380126953125,-12.600105276792807,-6.356152310679923,-7.399439789945264
-0.58349609375,-12.127724717344199,-6.761555119065664,-8.218689524826468
-0.58319091796875,-11.608436685550833,-7.304076128333474,-9.272618868854657
-0.5828857421875,-11.17261097238509,-7.979507623729347,-10.54686273563896
-0.58258056640625,-10.91680449147669,-8.783481007307563,-11.993834633857519
-0.582275390625,-10.91083300989029,-9.711624523714391,-13.506023890050024
-0.58197021484375,-11.214498533702402,-10.75931464449008,-14.893012300246324
-0.5816650390625,-11.896017329635837,-11.920425451095069,-15.90943407133937
-0.58135986328125,-13.055655354336007,-13.183961311240957,-16.362935147643917
-0.5810546875,-14.869518473241607,-14.526953676622853,-16.19408743464526
-0.58074951171875,-17.701011780077252,-15.9024728087107,-15.437281201571224
-0.5804443359375,-22.459565166908313,-17.22608158210824,-14.190380170308519
-0.58013916015625,-29.875911486063828,-18.376693371204347,-12.629664359194022
-0.579833984375,-23.785815722980534,-19.238207716157877,-10.964344520838715
-0.57952880859375,-18.29482633307848,-19.772478774504386,-9.362472543547245
-0.5792236328125,-15.061939865067302,-20.04118885274722,-7.925696611242428
-0.57891845703125,-12.964348376995524,-20.128186446315,-6.7041759299001145
-0.57861328125,-11.565532549978562,-20.03362338897261,-5.718450076909778
-0.57830810546875,-10.65798765154124,-19.633269771806326,-4.9749729265572915
-0.5780029296875,-10.122369935090521,-18.769081496961018,-4.47501381351729
-0.57769775390625,-9.87488156782514,-17.433598561392806,-4.219435466675965
-0.577392578125,-9.8417398129212,-15.814863691474159,-4.21137127461054
-0.57708740234375,-9.944413357241572,-14.145562661121842,-4.458041436321919
-0.5767822265625,-10.09392920713983,-12.585763421051032,-4.972480223231882
-0.57647705078125,-10.199466819235958,-11.21598251512581,-5.775797691106931
-0.576171875,-10.193856616434262,-10.068434077685378,-6.900747902162796
-0.57586669921875,-10.061949918514276,-9.15240695734002,-8.397945938933953
-0.5755615234375,-9.8458215715529,-8.468280367284454,-10.347497612414935
-0.57525634765625,-9.620545512588569,-8.014407499973341,-12.882058208791477
-0.574951171875,-9.462826047030312,-7.790523849617234,-16.23197067734637
-0.57464599609375,-9.432548439783588,-7.7997426912607635,-20.755930834284758
-0.5743408203125,-9.567925667964555,-8.050264665223,-25.788591474751314
-0.57403564453125,-9.885608532069604,-8.557569967413624,-25.04184852034718
-0.57373046875,-10.378156145214994,-9.347889906249765,-21.6768784629266
-0.57342529296875,-11.004290061020045,-10.46407338119578,-19.350812686722644
-0.5731201171875,-11.67201129171315,-11.97524251412845,-17.711784906048106
-0.57281494140625,-12.229320443888515,-13.98874546840508,-16.326414269257114
-0.572509765625,-12.502894591610447,-16.629660361082607,-14.975923627631255
-0.57220458984375,-12.404249943330168,-19.671564963442556,-13.634316831748446
-0.5718994140625,-12.004725790355321,-20.772303265319067,-12.380510198815104
-0.57159423828125,-11.474654925746275,-18.156114854179844,-11.307277199076855
-0.5712890625,-10.97338036843121,-14.94778699022772,-10.481555891555645
-0.57098388671875,-10.602104195459127,-12.312516279652142,-9.944551533457938
-0.5706787109375,-10.41032767257632,-10.209614374673297,-9.724057182587554
-0.57037353515625,-10.413534159454132,-8.505668299892012,-9.846498396696413
-0.570068359375,-10.604263397016906,-7.108699345663667,-10.347378608642781
-0.56976318359375,-10.954756437262477,-5.963269999789619,-11.282984720271516
-0.5694580078125,-11.4138070635742,-5.0373942384335555,-12.748664779597696
-0.56915283203125,-11.90322987800878,-4.313549277902703,-14.912822503941573
-0.56884765625,-12.324491638164105,-3.7832870804761045,-18.067628177901586
-0.56854248046875,-12.587208575306214,-3.444192469765897,-22.36343218717407
-0.5682373046875,-12.652309936241444,-3.298332023939018,-23.94932570901109
-0.56793212890625,-12.55298009691824,-3.3516917675696445,-20.028588204039707
-0.567626953125,-12.369087206255326,-3.6143495054169454,-16.547642521844985
-0.56732177734375,-12.180750546222285,-4.101313778933997,-14.087035952418221
-0.5670166015625,-12.03661095239105,-4.834123553672658,-12.254633613329514
-0.56671142578125,-11.942862113307694,-5.843449927269065,-10.775119171737565
-0.56640625,-11.86368617134578,-7.172954701367181,-9.478576198272531
-0.56610107421875,-11.730158247510767,-8.883734227254942,-8.272877887115872
-0.5657958984375,-11.46363085618442,-11.052121238785189,-7.127516937234072
-0.56549072265625,-11.013758441558515,-13.714239125792147,-6.053929355599278
-0.565185546875,-10.388961335652212,-16.515249304740827,-5.083169565191966
-0.56488037109375,-9.652042730285658,-17.79213972242868,-4.248870521603846
-0.5645751953125,-8.887311802826247,-16.441465858359592,-3.5789210105891356
-0.56427001953125,-8.170186305887645,-14.323763792271048,-3.0937006471368385
-0.56396484375,-7.5552304560071715,-12.530538779732032,-2.807298659348263
-0.56365966796875,-7.077799306311946,-11.171565865987903,-2.7292166472576884
-0.5633544921875,-6.760304251936191,-10.161838765088962,-2.86522972267309
-0.56304931640625,-6.618303010729436,-9.412920124542616,-3.2165206612788384
-0.562744140625,-6.665211970714761,-8.859541971084026,-3.7759057182244242
-0.56243896484375,-6.915931227522538,-8.459411073581554,-4.519181758104585
-0.5621337890625,-7.3900494020470315,-8.189207894210671,-5.389438111293442
-0.56182861328125,-8.1153315568572,-8.039566316326564,-6.27709521365965
-0.5615234375,-9.13212070501901,-8.009227126496562,-7.017703144568404
-0.56121826171875,-10.49862359036264,-8.098638470769373,-7.452655514332499
-0.5609130859375,-12.292479734490719,-8.303289217844785,-7.545545806717594
-0.56060791015625,-14.575706168994977,-8.606986206353822,-7.423192319885324
-0.560302734375,-17.134906774507318,-8.976003335003789,-7.28280706253712
-0.55999755859375,-18.55894770720797,-9.357470627033592,-7.294000050546266
-0.5596923828125,-17.21977732812546,-9.688645585527624,-7.575345316601018
-0.55938720703125,-14.746828739749686,-9.921786327775813,-8.212869475968034
-0.55908203125,-12.553690846215112,-10.055115767266294,-9.280619659700873
-0.55877685546875,-10.856344950664772,-10.14607863197676,-10.838008286794139
-0.5584716796875,-9.595841404099248,-10.296363554232721,-12.832396685398837
-0.55816650390625,-8.69852687701141,-10.62744474742284,-14.66065755893348
-0.557861328125,-8.111595409259316,-11.270596946930176,-14.758477576797722
-0.55755615234375,-7.802238221732971,-12.38022055547961,-12.959848947077539
-0.5572509765625,-7.753473995943692,-14.170613844539373,-10.849936398515004
-0.55694580078125,-7.961542300731821,-16.94455505367478,-9.154821807059733
-0.556640625,-8.435394250563542,-20.469950498322437,-7.967996233884456
-0.55633544921875,-9.198595007669656,-20.040291697753737,-7.2517640740373155
-0.5560302734375,-10.294794076194623,-15.71339707685727,-6.9663532049671995
-0.55572509765625,-11.800046319927926,-12.165138668362562,-7.092848275489282
-0.555419921875,-13.851298588468193,-9.625200847288912,-7.637612661830734
-0.55511474609375,-16.721623789437338,-7.813479588730804,-8.637874247491093
-0.5548095703125,-21.072767853207463,-6.552424118247874,-10.176287680453592
-0.55450439453125,-29.199442621786957,-5.744001407862324,-12.416823940803528
-0.55419921875,-31.427851090784948,-5.337915116428799,-15.693914722636439
-0.55389404296875,-23.262761645269183,-5.316086275237434,-20.667296184126155
-0.5535888671875,-19.58946824473903,-5.68772424784541,-25.608610908899514
-0.55328369140625,-17.636293347166003,-6.492805994442053,-21.428377495911146
-0.552978515625,-16.676094812816537,-7.817065576639176,-17.50945749003289
-0.55267333984375,-16.46182045265657,-9.832331483759312,-15.285733090918532
-0.5523681640625,-16.93111409636259,-12.913465435057601,-14.122781361558644
-0.55206298828125,-18.142579901944636,-18.06395674023876,-13.709150919568167
-0.5517578125,-20.276621511246468,-27.075369540948596,-13.893652736423569
-0.55145263671875,-23.48419187945585,-20.17387202648599,-14.582192626384149
-0.5511474609375,-25.628537922639897,-14.788356931170508,-15.65112342840844
-0.55084228515625,-22.355445989788656,-11.935268370850862,-16.80456120430382
-0.550537109375,-18.35676886765321,-10.346261635778033,-17.43804879928349
-0.55023193359375,-15.377643331329372,-9.598864490089237,-17.02946060039932
-0.5499267578125,-13.19670347753167,-9.541454126057467,-15.857027468012369
-0.54962158203125,-11.582522992782083,-10.157376495018717,-14.547060251512875
-0.54931640625,-10.391775815587973,-11.552564107955403,-13.44180743775029
-0.54901123046875,-9.534580547982346,-14.044436730567329,-12.634373086764581
-0.5487060546875,-8.95070562815082,-18.559356586594124,-12.117077931870694
-0.54840087890625,-8.59640023389581,-28.024992211922587,-11.848908155962402
-0.548095703125,-8.436818569553829,-21.4169087527846,-11.777211194151151
-0.54779052734375,-8.441320729902221,-15.046267328301017,-11.845173009682249
-0.5474853515625,-8.580422671899347,-11.57276747913176,-11.998307571088848
-0.54718017578125,-8.823989420359384,-9.414516768923386,-12.19411411484905
-0.546875,-9.140745227566313,-8.062286434769234,-12.41269026453863
-0.54656982421875,-9.499365790805623,-7.303063497153193,-12.662004164306321
-0.5462646484375,-9.871194215357379,-7.040409707433888,-12.973495147645586
-0.54595947265625,-10.233925413412326,-7.239768285376764,-13.390317220492083
-0.545654296875,-10.574800674685168,-7.912628829257824,-13.954156377864981
-0.54534912109375,-10.89174450438252,-9.12113639603178,-14.693670672294788
-0.5450439453125,-11.191910432968772,-11.006278609040708,-15.612253178078358
-0.54473876953125,-11.488595945276582,-13.863579587749635,-16.66963644681592
-0.54443359375,-11.79817773153382,-18.272212014823683,-17.755558806247606
-0.54412841796875,-12.138133143585012,-23.038272258245243,-18.676285820644765
-0.5438232421875,-12.525942265044643,-19.199941570003073,-19.213277754702084
-0.54351806640625,-12.977435482629708,-14.755059482522894,-19.26414639772819
-0.543212890625,-13.502092745597452,-11.914867567966374,-18.89964129017274
-0.54290771484375,-14.091552828758214,-10.053686836045442,-18.248064295867184
-0.5426025390625,-14.696692135262682,-8.820553084848914,-17.390500622778106
-0.54229736328125,-15.19460453177649,-8.02638369093162,-16.372302124745858
-0.5419921875,-15.378891380341988,-7.555329045891569,-15.255290390955981
-0.54168701171875,-15.053054277981879,-7.327004053609728,-14.133272719190996
-0.5413818359375,-14.207368312088013,-7.280485043782933,-13.11008913866326
-0.54107666015625,-13.042113671460452,-7.368686382123948,-12.27699851729849
-0.540771484375,-11.79908465942653,-7.558325184136723,-11.707819510714295
-0.54046630859375,-10.643721961791854,-7.832253831151597,-11.46778869970051
-0.5401611328125,-9.661789406650795,-8.191168793954605,-11.629573311068945
-0.53985595703125,-8.891664890087231,-8.652620986099192,-12.297435419842452
-0.53955078125,-8.349302876099108,-9.247157933902002,-13.653251945284433
-0.53924560546875,-8.041453135376592,-10.012905368928797,-16.07221119324703
-0.5389404296875,-7.97129662746769,-10.989440739942927,-20.46820193054048
-0.53863525390625,-8.139345761056298,-12.208862305215444,-26.48452143690327
-0.538330078125,-8.539897799119876,-13.675429702649627,-19.816008456652852
-0.53802490234375,-9.150585039283449,-15.312732193901882,-14.258911602760907
-0.5377197265625,-9.909823463678524,-16.856086315899105,-10.75000210835424
-0.53741455078125,-10.679965675199748,-17.804011485978236,-8.327929051730628
-0.537109375,-11.225279663722525,-17.81115992930941,-6.601279920181464
-0.53680419921875,-11.298673787276197,-17.15506150857154,-5.386201727613715
-0.5364990234375,-10.85058889234826,-16.329129176797107,-4.586740372500947
-0.53619384765625,-10.084715779338024,-15.586581606605321,-4.151287623514111
-0.535888671875,-9.266400367006502,-14.954293198377663,-4.054404757303875
-0.53558349609375,-8.57787230972276,-14.349859281163118,-4.288588979893216
-0.5352783203125,-8.114305691623384,-13.6703646117578,-4.860230119516072
-0.53497314453125,-7.923480145749185,-12.863223934811252,-5.786328268029867
-0.53466796875,-8.036790857857287,-11.958151132975383,-7.086447578268426
-0.53436279296875,-8.488382317028629,-11.041301022627096,-8.753416210049734
-0.5340576171875,-9.330239715413411,-10.206391124024421,-10.653568044485947
-0.53375244140625,-10.652502055879836,-9.525357039575859,-12.293063878616605
-0.533447265625,-12.625364829594739,-9.043839102331894,-12.832913001216244
-0.53314208984375,-15.61184849124828,-8.78757033824208,-12.171673224329025
-0.5328369140625,-20.55078389505413,-8.769385419274386,-11.146155069633455
-0.53253173828125,-28.572077393148444,-8.993212435983267,-10.373985406065724
-0.5322265625,-22.218178551347126,-9.45428777639655,-10.080517961268434
-0.53192138671875,-16.677651025551402,-10.135275708226692,-10.35611283251486
-0.5316162109375,-13.455390866431504,-10.99823623877527,-11.302609662473683
-0.53131103515625,-11.351772369142603,-11.975214835989407,-13.133065680689084
-0.531005859375,-9.91369984552501,-12.969069560801945,-16.38005430175703
-0.53070068359375,-8.925727521375594,-13.886476210037365,-22.75835714259401
-0.5303955078125,-8.263771152268305,-14.708021614577858,-27.343547250978073
-0.53009033203125,-7.842960236359722,-15.545428209426886,-18.068837716074487
-0.52978515625,-7.594500658156105,-16.63964984188983,-13.450423369922927
-0.52947998046875,-7.453761070299621,-18.361474575154574,-10.699983148414098
-0.5291748046875,-7.354751710087944,-21.387929447835,-8.956496221331589
-0.52886962890625,-7.230882017714613,-27.725890918676445,-7.895498161663852
-0.528564453125,-7.022846436682518,-31.719011899496984,-7.371179924944885
-0.52825927734375,-6.691420063389145,-21.519089728661754,-7.318523787804995
-0.5279541015625,-6.227737776292905,-16.449571250013754,-7.721220860722924
-0.52764892578125,-5.653158486916183,-13.237352862900751,-8.60432658864687
-0.52734375,-5.008510357567856,-11.01536912521272,-10.043968565845864
-0.52703857421875,-4.340281935985894,-9.456846000172888,-12.203157823671253
-0.5267333984375,-3.6909164147655544,-8.409726571738892,-15.434866712545098
-0.52642822265625,-3.0949765851762367,-7.7980414264205775,-20.58525895424419
-0.526123046875,-2.579304329645016,-7.587810175544901,-27.419640671926302
-0.52581787109375,-2.164868102591587,-7.774920344285933,-22.38058098332292
-0.5255126953125,-1.8689250503137012,-8.383882403893173,-17.885264785822255
-0.52520751953125,-1.7069989922077202,-9.476272255606426,-15.520011642794184
-0.52490234375,-1.6946565046879323,-11.175342649193771,-14.368354043044697
-0.52459716796875,-1.8492788758695131,-13.7299309356688,-14.07082036349741
-0.5242919921875,-2.192156750231502,-17.689266431691955,-14.486326373129703
-0.52398681640625,-2.751421673202575,-23.966935905628706,-15.559329458128765
-0.523681640625,-3.5667468072475095,-23.927598059461662,-17.19987575287385
-0.52337646484375,-4.697769976527621,-18.291395684164943,-18.95439372678372
-0.5230712890625,-6.240894195742319,-14.986290623915078,-19.53957478572031
-0.52276611328125,-8.367169787789845,-13.085419714370376,-18.30813241949889
-0.5224609375,-11.421677895120352,-12.080654533279562,-16.524399096943547
-0.52215576171875,-16.220567350984307,-11.759620981942353,-15.110887343533314
-0.5218505859375,-23.208596317172855,-12.044905191131285,-14.288503220482461
-0.52154541015625,-18.301637642770185,-12.945486854269053,-14.085708262104168
-0.521240234375,-13.006007406452708,-14.56168616715802,-14.530385637698329
-0.52093505859375,-9.85719268186893,-17.153456994529677,-15.708786865054181
-0.5206298828125,-7.823651157230335,-21.39707344890656,-17.802989268923216
-0.52032470703125,-6.4861264506775935,-29.323506838129077,-21.02029406730345
-0.52001953125,-5.655359802864792,-28.78728497911858,-23.957292317196583
-0.51971435546875,-5.239234987103179,-22.05575697229788,-21.72139665831851
-0.5194091796875,-5.195301081325145,-18.769368986466255,-18.026403679533555
-0.51910400390625,-5.510899920481249,-17.065453624248587,-15.420797524390942
-0.518798828125,-6.191386651482187,-16.33173403377632,-13.797996991492811
-0.51849365234375,-7.241687833875997,-16.317891661907282,-12.96017503955618
-0.5181884765625,-8.607371446681606,-16.88104773826304,-12.824565089918543
-0.51788330078125,-9.989512333994256,-17.852289551302214,-13.41371491028245
-0.517578125,-10.571955257223951,-18.88205509277422,-14.878223649651712
-0.51727294921875,-9.642790906841643,-19.389411649438355,-17.59441587758301
-0.5169677734375,-7.781616223358886,-19.066204826032717,-22.150921234232435
-0.51666259765625,-5.8541373853963545,-18.34065636765548,-23.4569436957001
-0.516357421875,-4.2045157792902055,-17.827930771183855,-17.723665454642397
-0.51605224609375,-2.893414430430915,-17.93244219805726,-13.523509656257547
-0.5157470703125,-1.9041057472477994,-18.99917646193054,-10.725491224564854
-0.51544189453125,-1.208622329010553,-21.69448208091026,-8.810334416870347
-0.51513671875,-0.7840442810704606,-28.627385867013466,-7.522373644981808
-0.51483154296875,-0.6154071234709658,-31.673977337314867,-6.732912884117761
-0.5145263671875,-0.6955061250351899,-20.23005200925062,-6.377595514850621
-0.51422119140625,-1.0242483014108574,-14.995049136069504,-6.430870399202693
-0.513916015625,-1.6080600684835613,-11.62750982940447,-6.8961015077365895
-0.51361083984375,-2.4589953292761404,-9.245658937383665,-7.80276529221765
-0.5133056640625,-3.592064365538384,-7.519613817359883,-9.203366213655569
-0.51300048828125,-5.016289156568071,-6.292602579535716,-11.143125404011299
-0.5126953125,-6.706526514339107,-5.48179432978153,-13.465951011834328
-0.51239013671875,-8.525774417300088,-5.043222640174763,-15.09040876337387
-0.5120849609375,-10.08435619482354,-4.957418485682273,-14.308813097803554
-0.51177978515625,-10.78996412320375,-5.223487121391082,-12.124246301401554
-0.511474609375,-10.494731653380994,-5.8572975410775205,-10.093531345075878
-0.51116943359375,-9.723486813072826,-6.8913296335471195,-8.583601136111167
-0.5108642578125,-8.983072292456797,-8.371112867013375,-7.575953484801401
-0.51055908203125,-8.490261416827257,-10.326657877360644,-7.007059530191294
-0.51025390625,-8.294201765397082,-12.625360253183013,-6.8279585128352585
-0.50994873046875,-8.376433595142615,-14.488661606033432,-7.008434272282546
-0.5096435546875,-8.68424264918967,-14.52348323870613,-7.532513144090887
-0.50933837890625,-9.133138254292273,-13.084214190605099,-8.391735040899295
-0.509033203125,-9.604958083876907,-11.570564318289973,-9.573044996708433
-0.50872802734375,-9.967386153415873,-10.53057734963794,-11.030989225146485
-0.5084228515625,-10.130037202284177,-10.048561922951219,-12.625861508426173
-0.50811767578125,-10.101301950936305,-10.121686603230264,-14.036395010203595
-0.5078125,-9.981164085647306,-10.757539856435585,-14.824435552469923
-0.50750732421875,-9.898124175801122,-11.986308567804574,-14.857257848138694
-0.5072021484375,-9.956528068958757,-13.808256858802219,-14.487661782211651
-0.50689697265625,-10.21872413128633,-15.893184976701502,-14.126564947450246
-0.506591796875,-10.701458614744112,-16.814834165379015,-13.979430151441637
-0.50628662109375,-11.36237522712385,-15.415279563280897,-14.075260554327365
-0.5059814453125,-12.065666497059528,-13.224022558800803,-14.313622737566494
-0.50567626953125,-12.556283166584933,-11.412661513915491,-14.474899479946702
-0.50537109375,-12.55630501779142,-10.191961765919826,-14.287702880543907
-0.50506591796875,-12.01090035279676,-9.539684995185352,-13.626788274332824
-0.5047607421875,-11.149205444318145,-9.423591530902076,-12.632458311430659
-0.50445556640625,-10.253805782283617,-9.840624633680932,-11.559263780139437
-0.504150390625,-9.501937989820032,-10.818676343268482,-10.599727137066768
-0.50384521484375,-8.968931484765474,-12.38738157764966,-9.852871277024436
-0.5035400390625,-8.670642907522222,-14.3985126336969,-9.35863636242366
-0.50323486328125,-8.588981546206515,-15.839844998500077,-9.129201459711593
-0.5029296875,-8.679101591043318,-14.971762951750069,-9.165612958774291
-0.50262451171875,-8.867144753114859,-12.629046306721863,-9.464375285602006
-0.5023193359375,-9.05045705293588,-10.409436873927065,-10.017863323069356
-0.50201416015625,-9.117008274276406,-8.723152736580518,-10.809355495076783
-0.501708984375,-8.991654693919656,-7.56145257735506,-11.800969168298593
-0.50140380859375,-8.679871925401741,-6.862681894203202,-12.912510418055144
-0.5010986328125,-8.26268803187906,-6.579173860313458,-13.99879429966193
-0.50079345703125,-7.8490132798819845,-6.682729439009121,-14.863956502927225
-0.50048828125,-7.534033577611624,-7.159416982947268,-15.365715194520966
-0.50018310546875,-7.386132837796733,-7.999171761803528,-15.543361807219167
-0.4998779296875,-7.452217796905575,-9.171420064503547,-15.595497402398987
-0.49957275390625,-7.768050781565802,-10.562653732100886,-15.745756522615864
-0.499267578125,-8.368074776677151,-11.853884950455512,-16.1709481199254
-0.49896240234375,-9.294505364107046,-12.493833030382879,-17.01669727687711
-0.4986572265625,-10.607371130490069,-12.189817877591302,-18.45398256210013
-0.49835205078125,-12.396523020063363,-11.329957923858426,-20.78447817826572
-0.498046875,-14.784376334718502,-10.451911313369834,-24.757292318104444
-0.49774169921875,-17.802601464032914,-9.84027126043729,-33.33833102915511
-0.4974365234375,-20.41263136263602,-9.594487159479817,-32.26874409998392
-0.49713134765625,-19.61927274097458,-9.74064957297469,-23.80340628258771
-0.496826171875,-16.746838065506005,-10.27606310216332,-19.5264594915365
-0.49652099609375,-14.182661265941263,-11.16228803978422,-16.74185634745769
-0.4962158203125,-12.21984431189194,-12.260544336432805,-14.725025353505178
-0.49591064453125,-10.73268735788705,-13.200140030338687,-13.170823319288264
-0.49560546875,-9.602561665849436,-13.3928839481003,-11.915854219503874
-0.49530029296875,-8.75140507960711,-12.616893343446478,-10.860298123145293
-0.4949951171875,-8.132240331453986,-11.334846102308127,-9.940332767736423
-0.49468994140625,-7.719554276969619,-10.06038004965159,-9.116830818285523
-0.494384765625,-7.502700562629409,-9.029539274549913,-8.369321938241871
-0.49407958984375,-7.481520569163463,-8.304517548189136,-7.691185730358389
-0.4937744140625,-7.663415973344847,-7.881345444515521,-7.085017710242609
-0.49346923828125,-8.061276678360743,-7.733010941340419,-6.558430782798269
-0.4931640625,-8.691490118813785,-7.81979523089432,-6.12080130168673
-0.49285888671875,-9.570434282858791,-8.086121799004022,-5.781166078951989
-0.4925537109375,-10.705519806150075,-8.452755662286798,-5.547117967303217
-0.49224853515625,-12.071122493847994,-8.813874635332969,-5.42436835111054
-0.491943359375,-13.55096668047585,-9.054143294001493,-5.416638860509683
-0.49163818359375,-14.847658144146166,-9.093217120111259,-5.5256183181744305
-0.4913330078125,-15.518683400823184,-8.929133302672053,-5.750800396709855
-0.49102783203125,-15.388074210656608,-8.633852634742162,-6.089073546497486
-0.49072265625,-14.7967349282772,-8.305053411792239,-6.533971922574215
-0.49041748046875,-14.192959127690308,-8.022213871663293,-7.074541742187616
-0.4901123046875,-13.83534756592248,-7.830375933192837,-7.693881842820721
-0.48980712890625,-13.82641742729559,-7.742038847116253,-8.367651696273535
-0.489501953125,-14.182904656681131,-7.744058508816565,-9.063258051157897
-0.48919677734375,-14.83122154250218,-7.804825978486995,-9.74092585239741
-0.4888916015625,-15.500968111349128,-7.882784044254324,-10.357930653851053
-0.48858642578125,-15.604264223220543,-7.93823888078114,-10.876087227563989
-0.48828125,-14.62316490130313,-7.947066138503666,-11.270057650843032
-0.48797607421875,-12.826530280800936,-7.910244677173544,-11.532235906759851
-0.4876708984375,-10.837677347062975,-7.8532693448550965,-11.671678631623607
-0.48736572265625,-9.003969391649381,-7.816255657183136,-11.708860525006893
-0.487060546875,-7.42699456967954,-7.841600400351652,-11.670376883291091
-0.48675537109375,-6.112036152751728,-7.965183464552169,-11.586098136700592
-0.4864501953125,-5.0381858015589644,-8.212412180446815,-11.488397993720849
-0.48614501953125,-4.181869725030998,-8.59735367432975,-11.411869385497155
-0.48583984375,-3.523729816470454,-9.12289938571453,-11.392594205274438
-0.48553466796875,-3.050288482751002,-9.780943671391833,-11.467126638963265
-0.4852294921875,-2.754147733014408,-10.552920209756088,-11.671854443454935
-0.48492431640625,-2.633937853632914,-11.41246089310669,-12.043285354878119
-0.484619140625,-2.6944596607085076,-12.33288133734636,-12.619527924723002
-0.48431396484375,-2.947287724205708,-13.30101137686152,-13.443171534360228
-0.4840087890625,-3.4121732172832786,-14.334243571117849,-14.566090285158326
-0.48370361328125,-4.119867299931486,-15.492483168730704,-16.057620484553905
-0.4833984375,-5.117667915425579,-16.875830558647856,-18.01990814725123
-0.48309326171875,-6.480731985901368,-18.590162234019015,-20.621073756479895
-0.4827880859375,-8.337254267882185,-20.576578727280257,-24.181196584462263
-0.48248291015625,-10.93337600997826,-21.95705596275189,-29.45279121433054
-0.482177734375,-14.846751428516313,-20.979129408033007,-38.239516129287935
-0.48187255859375,-22.111440585280548,-18.307411152567692,-36.23246848182586
-0.4815673828125,-30.646324281382647,-15.616156867850012,-30.494635909354663
-0.48126220703125,-18.614906234221923,-13.372735987639757,-26.977841717286083
-0.48095703125,-14.074156428191905,-11.572853954445206,-23.925045276605697
-0.48065185546875,-11.558791295718258,-10.14234961680452,-20.920716930013036
-0.4803466796875,-10.060215139873367,-9.012955708343558,-18.07484424375428
-0.48004150390625,-9.226839073233142,-8.129345890152456,-15.531349245615457
-0.479736328125,-8.903080450191451,-7.445574658982922,-13.34541143699764
-0.47943115234375,-9.014961333033149,-6.921257365259322,-11.515706131580561
-0.4791259765625,-9.53094415251949,-6.519216643575899,-10.02071599886582
-0.47882080078125,-10.445816670744348,-6.20492292600768,-8.836064256931625
-0.478515625,-11.772257544366644,-5.947772258204779,-7.940669769584616
-0.47821044921875,-13.531640312002903,-5.723815572566737,-7.318065648349137
-0.4779052734375,-15.731019361618067,-5.518863912294857,-6.95555116378832
-0.47760009765625,-18.29581664487604,-5.330427893684433,-6.841700418662532
-0.477294921875,-20.925133399911665,-5.167328247528551,-6.961305945668572
-0.47698974609375,-23.07148907938329,-5.047001301133841,-7.285301406021425
-0.4766845703125,-24.591274513982455,-4.991633934188963,-7.7518591831936465
-0.47637939453125,-26.104525332510562,-5.024470901242708,-8.238212448980454
-0.47607421875,-27.41028785278813,-5.1669916327676795,-8.545263575137813
-0.47576904296875,-25.431106640260964,-5.436761031468559,-8.459371757193479
-0.4754638671875,-21.04572595475719,-5.84501939006265,-7.907430519215529
-0.47515869140625,-17.15678608415619,-6.392445345180443,-7.025483933761805
-0.474853515625,-14.124741933935326,-7.060882236906968,-6.033028085065371
-0.47454833984375,-11.787815300916527,-7.798945669862243,-5.100086370748311
-0.4742431640625,-9.99739599514815,-8.504249804214322,-4.320536090689299
-0.47393798828125,-8.651785729295764,-9.022207544468463,-3.736985194849991
-0.4736328125,-7.68165319851356,-9.201038179598044,-3.366219920145324
-0.47332763671875,-7.0365989377553735,-8.997075156599015,-3.2143316745384527
-0.4730224609375,-6.674781787638109,-8.51607569484088,-3.284342771416192
-0.47271728515625,-6.553202927269798,-7.932354331055443,-3.5798599633116823
-0.472412109375,-6.616582738519401,-7.395025855175921,-4.1068116148518135
-0.47210693359375,-6.784967516772195,-6.999462076102757,-4.874196368044047
-0.4718017578125,-6.946712568272211,-6.799889792968683,-5.89402743295391
-0.47149658203125,-6.973948324906086,-6.828290771183255,-7.1799148875005505
-0.47119140625,-6.773495221897122,-7.108002909413948,-8.74244313067775
-0.47088623046875,-6.342464961614046,-7.662084814976629,-10.576856462514927
-0.4705810546875,-5.767112977131524,-8.518502776527146,-12.634438075102903
-0.47027587890625,-5.165851084068369,-9.713014618085404,-14.772003602516586
-0.469970703125,-4.637972387593863,-11.287141616068405,-16.7247673905548
-0.46966552734375,-4.247435909342771,-13.266815475827336,-18.256449705740405
-0.4693603515625,-4.027928525165235,-15.564922872798022,-19.463610774716503
-0.46905517578125,-3.9917412325635078,-17.67502941852859,-20.76295739988906
-0.46875,-4.13514603603565,-18.49888591066305,-22.49722754772185
-0.46844482421875,-4.438939162673658,-17.802573990206383,-24.072908891032164
-0.4681396484375,-4.864800032920532,-16.682549705521737,-22.888043999656862
-0.46783447265625,-5.349878975200299,-15.852709322764518,-19.380047482455904
-0.467529296875,-5.806205057532807,-15.472425201776339,-16.03805935960344
-0.46722412109375,-6.136374348457406,-15.474251822326764,-13.372510269277411
-0.4669189453125,-6.27053920246344,-15.628254923562633,-11.297871426488388
-0.46661376953125,-6.2027182147400275,-15.503998745122525,-9.69487439101603
-0.46630859375,-5.9900866274963,-14.668025156698523,-8.475616996652036
-0.46600341796875,-5.7152021931690395,-13.15011865695627,-7.579461146110688
-0.4656982421875,-5.44756042701273,-11.371608894895033,-6.964346445106873
-0.46539306640625,-5.226819759773285,-9.679622654368533,-6.600446756533662
-0.465087890625,-5.063440055878175,-8.226470852844853,-6.465830371819843
-0.46478271484375,-4.946567900123063,-7.054084155982542,-6.543185255582378
-0.4644775390625,-4.854216265694392,-6.162633209359517,-6.816790283552933
-0.46417236328125,-4.764395197363164,-5.540858906025643,-7.268966856135472
-0.4638671875,-4.665526219125789,-5.177301458772102,-7.875231246329997
-0.46356201171875,-4.562940149943119,-5.064183809194577,-8.597606551477169
-0.4632568359375,-4.478971580271683,-5.198803912817063,-9.376937262099897
-0.46295166015625,-4.447592677797607,-5.584314766873528,-10.1290585299896
-0.462646484375,-4.507380868179701,-6.230706379754918,-10.755632740806325
-0.46234130859375,-4.6963328523338275,-7.156535223027856,-11.178226898209049
-0.4620361328125,-5.049818091625156,-8.39211130732993,-11.379729816740259
-0.46173095703125,-5.601224958188955,-9.985531074873016,-11.414006782922172
-0.46142578125,-6.384440264361294,-12.014812495025911,-11.372602659453392
-0.46112060546875,-7.437774999900299,-14.614981469303775,-11.342816196584495
-0.4608154296875,-8.80985457294899,-18.04921699324528,-11.38624531576091
-0.46051025390625,-10.56953457038819,-22.953141516781088,-11.53665807652964
-0.460205078125,-12.825595868691986,-31.796275864329186,-11.805225675789842
-0.45989990234375,-15.77386641938536,-39.78696277331964,-12.18577107085465
-0.4595947265625,-19.839896925680943,-28.7101844981885,-12.658215209327896
-0.45928955078125,-26.310118272212016,-25.24072298864955,-13.191104553928474
-0.458984375,-41.29466158651923,-23.557799715519057,-13.744915740638099
-0.45867919921875,-28.636159057923752,-22.542521498329705,-14.277262276947374
-0.4583740234375,-23.27127776735427,-21.703205356409004,-14.749040223609168
-0.45806884765625,-20.17297650485942,-20.850249010717103,-15.12806810941473
-0.457763671875,-17.804240206077125,-20.024309591509525,-15.387180964881171
-0.45745849609375,-15.72816507723763,-19.373205311818744,-15.49903729256508
-0.4571533203125,-13.844782888202857,-19.046027148672092,-15.436065154350043
-0.45684814453125,-12.164129301630211,-19.162645359147312,-15.182553424714731
-0.45654296875,-10.711200153931273,-19.814836668623016,-14.75327750083247
-0.45623779296875,-9.497905663891244,-21.001665840763188,-14.201436748755988
-0.4559326171875,-8.52227692909191,-22.224777085356,-13.606807298528672
-0.45562744140625,-7.773521145633207,-21.798243907176715,-13.05481503379385
-0.455322265625,-7.2360081360860775,-19.163214506914315,-12.622104195100492
-0.45501708984375,-6.891272892914618,-16.082707128275576,-12.37356547628137
-0.4547119140625,-6.718612515660344,-13.422375682694645,-12.367462665810793
-0.45440673828125,-6.694985145908162,-11.271324492143567,-12.66490401123134
-0.4541015625,-6.794851595981721,-9.56480169605156,-13.342981834788416
-0.45379638671875,-6.990585239690921,-8.234445643990046,-14.513929513822601
-0.4534912109375,-7.254019891406478,-7.229271868375946,-16.35058915579276
-0.45318603515625,-7.559382761649212,-6.514431335685385,-19.0534724216551
-0.452880859375,-7.8871274846545,-6.067713782134327,-21.970400053723175
-0.45257568359375,-8.227316978097537,-5.876989993983868,-20.935884465142706
-0.4522705078125,-8.580965378819096,-5.938834329972812,-16.980943157483274
-0.45196533203125,-8.958676131650623,-6.258147204017757,-13.609990071903432
-0.45166015625,-9.377487177786469,-6.848558233887379,-11.065295284715154
-0.45135498046875,-9.857837814885622,-7.733135452042005,-9.134820618539965
-0.4510498046875,-10.422419885497032,-8.94357639071243,-7.662517103458972
-0.45074462890625,-11.097844835844825,-10.510341342768864,-6.550913056305504
-0.450439453125,-11.919292255537549,-12.413551445920579,-5.738366579462896
-0.45013427734375,-12.937935492978301,-14.396043104540148,-5.184757060143072
-0.4498291015625,-14.23064830508923,-15.592572938812978,-4.86347960513495
-0.44952392578125,-15.908261051094525,-15.083824580343864,-4.756941233820092
-0.44921875,-18.090164790600024,-13.481860067749947,-4.854007400912382
-0.44891357421875,-20.610023677877216,-11.800823638650018,-5.148632412374993
-0.4486083984375,-21.711127526562507,-10.415589206517613,-5.639349564031809
-0.44830322265625,-19.485653823787523,-9.37525220145137,-6.329598004204371
-0.447998046875,-16.31392330788548,-8.649164753917134,-7.22916943952108
-0.44769287109375,-13.635129863504517,-8.197576413940611,-8.357526305914078
-0.4473876953125,-11.550330286546586,-7.9864913200309555,-9.75067107648109
-0.44708251953125,-9.962823888049746,-7.988982552437017,-11.475422003852987
-0.44677734375,-8.79087358736604,-8.183733191400716,-13.660888572145705
-0.44647216796875,-7.982856351552094,-8.553367984177548,-16.57556202317886
-0.4461669921875,-7.510710221127558,-9.083127093352523,-20.832703002091932
-0.44586181640625,-7.364642447226054,-9.759903001470407,-27.125918536211778
-0.445556640625,-7.55118480745617,-10.571321752687272,-24.752608402538108
-0.44525146484375,-8.094697670240029,-11.50379915259268,-18.853148867761888
-0.4449462890625,-9.043355618553417,-12.536651602614587,-14.99593433433423
-0.44464111328125,-10.483044201664809,-13.62556042224655,-12.229525065235922
-0.4443359375,-12.568371973603078,-14.664581131168074,-10.095814814345474
-0.44403076171875,-15.593697219700921,-15.429921127751475,-8.384985513373023
-0.4437255859375,-20.104692013504835,-15.593667943867564,-6.989217387422296
-0.44342041015625,-25.204398861375882,-14.960829693691057,-5.84797267617203
-0.443115234375,-22.36610975971834,-13.7024796441783,-4.925143974392871
-0.44281005859375,-18.417824225570293,-12.171730391909392,-4.198524071625144
-0.4425048828125,-16.196350910354564,-10.631449517340712,-3.6546310609531325
-0.44219970703125,-15.205731813152447,-9.210157651341921,-3.2860997309612543
-0.44189453125,-15.224613763939189,-7.9567409044614585,-3.0904246844453205
-0.44158935546875,-16.311472622972577,-6.884482236327667,-3.069509247902331
-0.4412841796875,-18.927655022718497,-5.992748510088899,-3.2297968184614696
-0.44097900390625,-25.011211205324702,-5.276202133393545,-3.5829493868159714
-0.440673828125,-34.30512400636938,-4.728492721828768,-4.147185748539687
-0.44036865234375,-20.06025783940215,-4.343662784976729,-4.9495475036666114
-0.4400634765625,-14.563955562967617,-4.116621189486629,-6.029518968704798
-0.43975830078125,-11.202414231167152,-4.043235296518033,-7.444325793240878
-0.439453125,-8.894143101320827,-4.120261154120913,-9.274088368197468
-0.43914794921875,-7.258125241995223,-4.345189558989331,-11.609510311511874
-0.4388427734375,-6.1166986279990585,-4.7160152203141035,-14.406774863718192
-0.43853759765625,-5.37453286534366,-5.230882607907005,-16.71925449511425
-0.438232421875,-4.976883626386176,-5.887491573105958,-16.336544431281766
-0.43792724609375,-4.892045201532668,-6.682023571654648,-14.074910231587124
-0.4376220703125,-5.102966028235844,-7.607130319327665,-11.914962311654534
-0.43731689453125,-5.602822555326292,-8.648176357551307,-10.293582006318388
-0.43701171875,-6.392334605687937,-9.77655757005824,-9.168455145349965
-0.43670654296875,-7.477516981582609,-10.93928804732204,-8.455039649342721
-0.4364013671875,-8.866524580081274,-12.047645798919351,-8.089504235617577
-0.43609619140625,-10.563332302441264,-12.978203943948186,-8.029380290476421
-0.435791015625,-12.553762877256297,-13.610113512058714,-8.247630086592274
-0.43548583984375,-14.775595161833897,-13.89733963227914,-8.727768666785302
-0.4351806640625,-17.062685699856893,-13.910379939275447,-9.46033247979993
-0.43487548828125,-19.070805338307572,-13.79633829946378,-10.439904385245427
-0.4345703125,-20.264780927474966,-13.709706023303177,-11.661350392763975
-0.43426513671875,-20.154776263393757,-13.779953744479505,-13.112149855932834
-0.4339599609375,-18.77813759264673,-14.118778956927976,-14.752100987088168
-0.43365478515625,-16.718709997199777,-14.847748489516414,-16.458212948488672
-0.433349609375,-14.5488790664993,-16.14620716995927,-17.908574542883578
-0.43304443359375,-12.571034912510079,-18.363260780919898,-18.532845905906953
-0.4327392578125,-10.898163568166655,-22.43107285322524,-17.96939160666969
-0.43243408203125,-9.558617641570475,-33.23145605935654,-16.56887143841067
-0.43212890625,-8.55052189913501,-27.03850905346279,-14.903844450642262
-0.43182373046875,-7.8645628186853065,-18.802485309317184,-13.302435578034126
-0.4315185546875,-7.492984630193796,-14.402191021433289,-11.893264703221364
-0.43121337890625,-7.433185347051414,-11.410700786198644,-10.722146069442582
-0.430908203125,-7.6893327579418305,-9.195228573268523,-9.807981324429962
-0.43060302734375,-8.273246356818929,-7.496778232320088,-9.163760361039392
-0.4302978515625,-9.20459106861608,-6.1850254481582105,-8.80534125089835
-0.42999267578125,-10.508854996772904,-5.186540174949139,-8.757269418627558
-0.4296875,-12.207437325038628,-4.457539431026406,-9.059798585527773
-0.42938232421875,-14.28214708083647,-3.9718609273680263,-9.781078638328587
-0.4290771484375,-16.57247258181027,-3.715240492257335,-11.042756569929725
-0.42877197265625,-18.60937112421245,-3.6826756617425946,-13.08328486269333
-0.428466796875,-19.817858883318912,-3.8776426441969325,-16.448984034621425
-0.42816162109375,-20.38613424181657,-4.312810850435692,-22.637205457576233
-0.4278564453125,-21.210376246382836,-5.01248306059821,-25.139658557241017
-0.42755126953125,-23.249493788045967,-6.017686169156788,-17.219477654945628
-0.42724609375,-28.050608382961506,-7.3960915865447365,-12.698576929450509
-0.42694091796875,-31.814779806926595,-9.261437382672085,-9.806369725457964
-0.4266357421875,-22.669178599651328,-11.809856352914608,-7.807559961236292
-0.42633056640625,-17.26344462616138,-15.343687251316782,-6.400758321124042
-0.426025390625,-13.766409554529782,-19.51812238117106,-5.4389671199278355
-0.42572021484375,-11.323089607427416,-19.184570935499416,-4.843409575599309
-0.4254150390625,-9.593841792300793,-15.26291352818977,-4.571177247902314
-0.42510986328125,-8.418323160431992,-12.209066795361455,-4.601488259176793
-0.4248046875,-7.716718005556743,-10.10330779889017,-4.929785266291925
-0.42449951171875,-7.454479491913213,-8.65671181845406,-5.565920971943315
-0.4241943359375,-7.628577346616911,-7.692069008905621,-6.535127245624515
-0.42388916015625,-8.261334933027674,-7.109155803693612,-7.881283189829356
-0.423583984375,-9.389414071692727,-6.851545023798138,-9.670816616642146
-0.42327880859375,-11.006024591565,-6.889570687239841,-11.985027294814481
-0.4229736328125,-12.789245092407848,-7.212206121612686,-14.823670505509053
-0.42266845703125,-13.48927535603824,-7.8238152751645345,-17.55961592530428
-0.42236328125,-12.056360631571659,-8.744088454016715,-18.17478307079156
-0.42205810546875,-9.732914124261146,-10.010575332545034,-16.561562905714162
-0.4217529296875,-7.639715306650626,-11.682947598155724,-14.78675492752265
-0.42144775390625,-6.02546366288777,-13.84222479249628,-13.57209910662714
-0.421142578125,-4.876762214243443,-16.53896414387497,-12.957596983805932
-0.42083740234375,-4.147590136434052,-19.433301659085988,-12.896956750319104
-0.4205322265625,-3.8053236078578063,-20.769638316476765,-13.373668926344372
-0.42022705078125,-3.837696443125524,-19.371906945982765,-14.425691510005759
-0.419921875,-4.254666299592041,-17.270386807280314,-16.177028074662722
-0.41961669921875,-5.093260550698142,-15.581331970695986,-18.933975843583195
-0.4193115234375,-6.429920498503923,-14.39435375753642,-23.56749971400541
-0.41900634765625,-8.407908930410676,-13.607909954171406,-34.42471730184929
-0.418701171875,-11.290064710385037,-13.109034902649272,-30.130506132236242
-0.41839599609375,-15.423755394884854,-12.790426660485652,-22.57058636839012
-0.4180908203125,-18.88503081307367,-12.5488174795012,-18.961181105968812
-0.41778564453125,-15.852139504644317,-12.292070781339284,-16.790470429266577
-0.41748046875,-12.159191086730171,-11.957465732588531,-15.383014854203825
-0.41717529296875,-9.73682219591554,-11.52862764388443,-14.433540886733006
-0.4168701171875,-8.249898212673264,-11.034354498618715,-13.752054678768582
-0.41656494140625,-7.452135918499132,-10.5285458166271,-13.193256441671167
-0.416259765625,-7.2240081138629755,-10.067047373948421,-12.642000303454266
-0.41595458984375,-7.525650143180136,-9.694170748765126,-12.022995481986293
-0.4156494140625,-8.380712575222324,-9.43956485366774,-11.311965409661035
-0.41534423828125,-9.888492183819771,-9.320446954914493,-10.529800005077272
-0.4150390625,-12.276785027236247,-9.345085613617135,-9.720498503081295
-0.41473388671875,-16.023941254672014,-9.515710222607426,-8.928807201803052
-0.4144287109375,-21.274651506946856,-9.830421416087775,-8.188546772140157
-0.41412353515625,-19.975546634931504,-10.284188823262937,-7.521040681452106
-0.413818359375,-15.009379076927122,-10.86908739670141,-6.938474240489979
-0.41351318359375,-11.765232235377123,-11.573815254568192,-6.448255816089445
-0.4132080078125,-9.699491762947304,-12.38237186649897,-6.056648559685543
-0.41290283203125,-8.401135348329268,-13.271650113212372,-5.771260105492816
-0.41259765625,-7.665602456718933,-14.207853210409436,-5.602540911038948
-0.41229248046875,-7.385574819470802,-15.142676084533447,-5.564654668266479
-0.4119873046875,-7.501532948666052,-16.012856075617034,-5.676169098595901
-0.41168212890625,-7.976673402470061,-16.750110791934276,-5.961070338194022
-0.411376953125,-8.77703106514745,-17.30645969263557,-6.450716578009812
-0.41107177734375,-9.843108809237556,-17.68516283336288,-7.187678118874411
-0.4107666015625,-11.039917967603683,-17.953004708336827,-8.233340463279939
-0.41046142578125,-12.09917215766879,-18.224010989301622,-9.68377174472695
-0.41015625,-12.676555240025573,-18.635150360623904,-11.706587508871873
-0.40985107421875,-12.646429194416129,-19.34035831696077,-14.642972213838185
-0.4095458984375,-12.262276860594339,-20.538310866856378,-19.382856859019697
-0.40924072265625,-11.889261680021209,-22.56578929397181,-29.238798471527005
-0.408935546875,-11.77851383375274,-26.23578843153225,-24.371776112824822
-0.40863037109375,-12.070987691420035,-35.2220432798956,-17.59013291715936
-0.4083251953125,-12.856757546881175,-33.52261006235139,-14.03883674103302
-0.40802001953125,-14.184577302456137,-24.031152053512997,-11.816746252743078
-0.40771484375,-15.896838072742444,-19.305054231468585,-10.34470616138562
-0.40740966796875,-16.98301956779489,-16.152037879463887,-9.370855506658724
-0.4071044921875,-15.820032333676545,-13.832008890229655,-8.757430239295573
-0.40679931640625,-13.232044301367038,-12.050733693276449,-8.413006699227427
-0.406494140625,-10.727615590341772,-10.658217464681819,-8.26462227844807
-0.40618896484375,-8.706321590049871,-9.564376014673746,-8.244964293543646
-0.4058837890625,-7.1618034823196535,-8.707356563073933,-8.288476816793114
-0.40557861328125,-6.030996760994608,-8.039295160248809,-8.335439562434777
-0.4052734375,-5.26187539881735,-7.5193503831685256,-8.342263871799776
-0.40496826171875,-4.82105994916031,-7.110677842158434,-8.291849589731298
-0.4046630859375,-4.69225977480346,-6.7802357598873195,-8.195787090832006
-0.40435791015625,-4.87514886347597,-6.500844656026276,-8.085770934083333
-0.404052734375,-5.38677600348754,-6.2545491899645125,-7.999956412153538
-0.40374755859375,-6.2671332792232635,-6.035675095736269,-7.971919353796545
-0.4034423828125,-7.592736029984203,-5.8519109353043035,-8.025474458439158
-0.40313720703125,-9.509345353509973,-5.722764817633781,-8.174391726040307
-0.40283203125,-12.321637149113808,-5.676247099850276,-8.42493877308576
-0.40252685546875,-16.807749213034914,-5.745446063147204,-8.779857493452816
-0.4022216796875,-25.646220121371094,-5.966354829547057,-9.243164742491116
-0.40191650390625,-23.2504086638237,-6.377408054390336,-9.82546436012134
-0.401611328125,-16.18266261196265,-7.020262637036527,-10.54949113048055
-0.40130615234375,-12.56626617817953,-7.94005121533467,-11.455946464268026
-0.4010009765625,-10.374409395894,-9.17916374344699,-12.610973659198667
-0.40069580078125,-8.992946981960978,-10.742452623107086,-14.119737930123717
-0.400390625,-8.168651233372016,-12.459775800810196,-16.158639914723917
-0.40008544921875,-7.778289328912252,-13.655268643765158,-19.06740913556467
-0.3997802734375,-7.758467403308499,-13.32817466101411,-23.694565519281664
-0.39947509765625,-8.07939361370199,-11.702524350452032,-33.72275745798473
-0.399169921875,-8.73443761844963,-9.817009783541824,-31.53845425449321
-0.39886474609375,-9.736946847037963,-8.182137959439945,-23.895171144293414
-0.3985595703125,-11.121131184734082,-6.9041218371759925,-20.563729500746355
-0.39825439453125,-12.94341524302186,-5.971742021081512,-18.956734871101062
-0.39794921875,-15.266449496648786,-5.354474575419149,-18.509403119309443
-0.39764404296875,-18.021262692530836,-5.0261796685826665,-19.146307932917136
-0.3973388671875,-20.337601520111875,-4.969156783950649,-21.080177657042046
-0.39703369140625,-20.180014542522855,-5.173582692093877,-24.400049952950557
-0.396728515625,-18.06181630839095,-5.635793961919395,-24.151060564455562
-0.39642333984375,-15.854502842022825,-6.3554777466456205,-18.754322042003896
-0.3961181640625,-14.049756378906162,-7.3298780165285695,-14.382322733194732
-0.39581298828125,-12.620232735999926,-8.540054040794127,-11.20102819209295
-0.3955078125,-11.480559619458155,-9.918884318093124,-8.821719809037956
-0.39520263671875,-10.566467660999477,-11.29057861760401,-7.018454548853138
-0.3948974609375,-9.83971621372733,-12.324196921173236,-5.6644475615234215
-0.39459228515625,-9.28217347346671,-12.68369155647546,-4.685536483554043
-0.394287109375,-8.889588818993923,-12.377944198449617,-4.037676672807212
-0.39398193359375,-8.666849590235229,-11.750478903461124,-3.6959396175696657
-0.3936767578125,-8.625004101374158,-11.128506191255374,-3.6490063945289326
-0.39337158203125,-8.779970640556407,-10.683580661275352,-3.896468823377042
-0.39306640625,-9.152779041338363,-10.480752065207655,-4.447525224284247
-0.39276123046875,-9.771319782040193,-10.537535343329994,-5.319701402506353
-0.3924560546875,-10.673890692746738,-10.853694550288973,-6.534448585379455
-0.39215087890625,-11.915310283548886,-11.421629855289465,-8.099396449139972
-0.391845703125,-13.576675404807668,-12.225458340182556,-9.944272493569683
-0.39154052734375,-15.77673373683971,-13.229514278683077,-11.73905429839563
-0.3912353515625,-18.648716507523986,-14.35188446880407,-12.70912138133169
-0.39093017578125,-21.967107350426204,-15.424018177217686,-12.319343442666389
-0.390625,-23.438286792000447,-16.181194373848257,-11.146639555642084
-0.39031982421875,-21.362715764737956,-16.39176087628386,-9.930039889455655
-0.3900146484375,-18.793057798114642,-16.074854776835537,-8.953764829803589
-0.38970947265625,-16.8991781748229,-15.483707628950361,-8.244585545091633
-0.389404296875,-15.658636777300806,-14.883972689808928,-7.74165367006397
-0.38909912109375,-14.950758811333811,-14.442899004763435,-7.357504102109742
-0.3887939453125,-14.697500014027993,-14.245997271441752,-7.005533825052062
-0.38848876953125,-14.865409702194244,-14.333429648358873,-6.624989880543603
-0.38818359375,-15.461684750498911,-14.713220649752245,-6.201173548454154
-0.38787841796875,-16.541059410998034,-15.337777720841846,-5.766936454663897
-0.3875732421875,-18.23386896419184,-16.02185573225392,-5.384480073356663
-0.38726806640625,-20.827550723681316,-16.330595958204853,-5.12318741022625
-0.386962890625,-25.017308210809194,-15.754285679070549,-5.047226076109545
-0.38665771484375,-31.91434432353882,-14.318148824148313,-5.214769019774039
-0.3863525390625,-28.80082599370178,-12.545568555237569,-5.684963611863384
-0.38604736328125,-22.78471943015421,-10.853952988786741,-6.5305425590348705
-0.3857421875,-19.173245410565567,-9.417264673507056,-7.859173990932248
-0.38543701171875,-16.77860131407038,-8.28418104697787,-9.856300986601529
-0.3851318359375,-15.105713957973766,-7.461576549137186,-12.88559483880152
-0.38482666015625,-13.92689253027984,-6.9487641060953305,-17.655644509623723
-0.384521484375,-13.11951045521413,-6.750549363349652,-21.823390606688594
-0.38421630859375,-12.607527752467142,-6.883924398082146,-16.700891873194283
-0.3839111328125,-12.33555928644967,-7.38509330391431,-12.333636619709845
-0.38360595703125,-12.254479954145838,-8.322079578420746,-9.56721616907757
-0.38330078125,-12.311818184358877,-9.822914468688507,-7.753960879322271
-0.38299560546875,-12.445897509545498,-12.150613846508023,-6.577369104419525
-0.3826904296875,-12.586504135442985,-15.963331118347188,-5.877189079938251
-0.38238525390625,-12.666394168402679,-23.873965175524773,-5.564938397684065
-0.382080078125,-12.642699063893762,-27.961632659134562,-5.588801385055651
-0.38177490234375,-12.515435439622626,-17.24794075852887,-5.917327053133626
-0.3814697265625,-12.32703593358471,-12.736260007295252,-6.530648565080113
-0.38116455078125,-12.142949694302853,-10.037232093992685,-7.414576449874705
-0.380859375,-12.029268546074023,-8.272742749986072,-8.555107577379289
-0.38055419921875,-12.039685030757077,-7.117860093108785,-9.931500448347638
-0.3802490234375,-12.211983481486941,-6.419364574815774,-11.506232873977337
-0.37994384765625,-12.568564105340423,-6.096189950255562,-13.21099548966503
-0.379638671875,-13.115952293558518,-6.104301434936772,-14.93107945667264
-0.37933349609375,-13.839818752693267,-6.422490993387028,-16.49645615248118
-0.3790283203125,-14.693382036604659,-7.047134440145902,-17.691385219976187
-0.37872314453125,-15.581718915456255,-7.992552839294986,-18.295954952303365
-0.37841796875,-16.359860918549156,-9.29737056146832,-18.183933747471336
-0.37811279296875,-16.881389580437688,-11.040901288820503,-17.439526930406977
-0.3778076171875,-17.097383147432083,-13.380028684192293,-16.328523861660305
-0.37750244140625,-17.1040197325114,-16.621684534555335,-15.129263395070726
-0.377197265625,-17.07245341472062,-21.112280932505225,-14.026020888245885
-0.37689208984375,-17.1534017974156,-23.212682808358814,-13.108629333535847
-0.3765869140625,-17.436186420788683,-18.655374422732137,-12.404908233880313
-0.37628173828125,-17.93986757412017,-14.553089057863104,-11.90532542677651
-0.3759765625,-18.59175797409996,-11.577034204280778,-11.575840175604558
-0.37567138671875,-19.18107063443453,-9.32162007665058,-11.365425036431668
-0.3753662109375,-19.36949036233009,-7.556768966043878,-11.215879220415946
-0.37506103515625,-18.92681943101524,-6.16395510685373,-11.078907952661464
-0.374755859375,-17.99420011037805,-5.080196958745966,-10.937405714997299
-0.37445068359375,-16.919414363064764,-4.27147055611163,-10.818923702897962
-0.3741455078125,-15.969067158598557,-3.720225430858341,-10.792485085932222
-0.37384033203125,-15.275732450586217,-3.419527027770836,-10.955508217981457
-0.37353515625,-14.89541850642137,-3.370570347192843,-11.42703564060432
-0.37322998046875,-14.855937217832482,-3.5821875740061273,-12.360914166306305
-0.3729248046875,-15.182885064981882,-4.071924078772065,-13.995162931753942
-0.37261962890625,-15.914785728677348,-4.868947365917814,-16.78613975150003
-0.372314453125,-17.116839480123083,-6.019958063895224,-21.64765322839091
-0.37200927734375,-18.899316969130822,-7.601205068026252,-24.174034783867615
-0.3717041015625,-21.434525663598873,-9.745157520201033,-17.55738417432525
-0.37139892578125,-24.82728904797434,-12.70969161459841,-12.8993431315027
-0.37109375,-27.610405976261113,-17.11078435301313,-9.805496964635335
-0.37078857421875,-25.935302242436173,-25.24664704554838,-7.631368571461222
-0.3704833984375,-22.751019926167253,-33.825297515967165,-6.086410097628661
-0.37017822265625,-20.335878609820067,-22.130261850522327,-5.027483260460961
-0.369873046875,-18.690037868823804,-18.450423220990327,-4.3806329502863015
-0.36956787109375,-17.617256887734435,-16.916526618634624,-4.110788725930712
-0.3692626953125,-16.975150894810675,-16.588243297704842,-4.209992081296127
-0.36895751953125,-16.661702109788695,-17.16867163314626,-4.6949449938974075
-0.36865234375,-16.588264423073557,-18.48679508029354,-5.612164198881258
-0.36834716796875,-16.653762704380792,-20.074218616488267,-7.05438898830247
-0.3680419921875,-16.719952728076557,-20.54283195513095,-9.202061991968732
-0.36773681640625,-16.60413748999161,-19.043434373681198,-12.434829118507324
-0.367431640625,-16.128466303375802,-16.938822944788583,-17.619823414377358
-0.36712646484375,-15.22557452027721,-15.231875457355388,-23.203674034691936
-0.3668212890625,-13.98696967409358,-14.128837758093812,-17.62139175259182
-0.36651611328125,-12.5836567747064,-13.624496382026226,-13.260548188447498
-0.3662109375,-11.166056860789404,-13.696577364326352,-10.778399199176041
-0.36590576171875,-9.830103749142461,-14.332616216960552,-9.388867226934103
-0.3656005859375,-8.627777443027208,-15.481697582662097,-8.767300860348481
-0.36529541015625,-7.585200854470061,-16.847914143217203,-8.78232816678976
-0.364990234375,-6.715442717452788,-17.476479882595356,-9.398687615073074
-0.36468505859375,-6.025794745506996,-16.412605480614083,-10.638099509097536
-0.3643798828125,-5.52168634778794,-14.387607537220875,-12.519329778224817
-0.36407470703125,-5.208902039905955,-12.441380648370359,-14.753898847626022
-0.36376953125,-5.095075390787614,-10.920341598523308,-15.805755619884982
-0.36346435546875,-5.1910250951751244,-9.857424860973117,-14.245149496477982
-0.3631591796875,-5.5123358297732175,-9.21401841678965,-11.829303727380573
-0.36285400390625,-6.081602016438646,-8.939420697781085,-9.843027572450008
-0.362548828125,-6.9319353662638825,-8.972489531684309,-8.468990573908048
-0.36224365234375,-8.112718076973275,-9.222596973840064,-7.659175564726088
-0.3619384765625,-9.699033790656983,-9.542286670718617,-7.3653261706628514
-0.36163330078125,-11.804741467805766,-9.722709722270295,-7.573891788675365
-0.361328125,-14.57740547211484,-9.572892403110746,-8.312526782146856
-0.36102294921875,-17.95270445294669,-9.063112889936935,-9.656793132709215
-0.3607177734375,-20.06977492695659,-8.350660359235913,-11.72246733245569
-0.36041259765625,-18.29143130147268,-7.647644898308005,-14.462321311712964
-0.360107421875,-15.5183154295061,-7.114910572532471,-16.318303897038685
-0.35980224609375,-13.381834740349976,-6.85034115498881,-14.494388830289434
-0.3594970703125,-11.899867764134777,-6.915303448393759,-11.384139098429804
-0.35919189453125,-10.923596470843815,-7.359720772801081,-8.863696969304897
-0.35888671875,-10.340128690880652,-8.237679163515688,-7.035967401184976
-0.35858154296875,-10.073172987062932,-9.609111482543769,-5.7653802998590695
-0.3582763671875,-10.069844020727745,-11.49119008579385,-4.944214847802743
-0.35797119140625,-10.291493602694244,-13.584539954609735,-4.503602680015211
-0.357666015625,-10.708400042124687,-14.584586180256775,-4.4020970794330925
-0.35736083984375,-11.297108015806938,-13.341085563393193,-4.616788263599924
-0.3570556640625,-12.039656267174468,-11.211051315856654,-5.137394687674783
-0.35675048828125,-12.924102969906633,-9.378072796114763,-5.9610710554851565
-0.3564453125,-13.945434436098235,-8.088878861558285,-7.084184474542744
-0.35614013671875,-15.104966520161419,-7.332682164000584,-8.483007764484721
-0.3558349609375,-16.404192603854092,-7.077946526752992,-10.066327294442544
-0.35552978515625,-17.824151810477257,-7.320137041398893,-11.585296239859709
-0.355224609375,-19.272758097285735,-8.09604840829228,-12.596143252292881
-0.35491943359375,-20.491326150571638,-9.503988426183325,-12.77749477155159
-0.3546142578125,-21.042490427313002,-11.751299575589798,-12.34712849165652
-0.35430908203125,-20.6696416821667,-15.248653123053872,-11.78114615311846
-0.35400390625,-19.64985065821487,-20.179583651586356,-11.399980081303674
-0.35369873046875,-18.448634243199017,-20.061261276230002,-11.347335958416336
-0.3533935546875,-17.353132784753655,-15.36493623485589,-11.687630529214719
-0.35308837890625,-16.478764512040748,-12.16442093011696,-12.466090072090596
-0.352783203125,-15.861127192307842,-10.207022882935172,-13.729401970369322
-0.35247802734375,-15.507178419521564,-9.105289249459014,-15.49781855484232
-0.3521728515625,-15.412556717728714,-8.676213163952722,-17.569785387633658
-0.35186767578125,-15.558636427550795,-8.85391497155582,-18.915466971555983
-0.3515625,-15.888857735035401,-9.656831754258826,-18.122785621594485
-0.35125732421875,-16.255412100401408,-11.201540553079925,-16.057141310609044
-0.3509521484375,-16.358441255636333,-13.79065331399923,-14.080877357702622
-0.35064697265625,-15.830903354640588,-18.262407461695563,-12.57039115582452
-0.350341796875,-14.579298450156058,-27.57245446724786,-11.53084278909512
-0.35003662109375,-12.899881914490726,-23.32630612087829,-10.906906445591328
-0.3497314453125,-11.148603615178898,-16.6967498146641,-10.644723748849362
-0.34942626953125,-9.532434660754486,-13.371571913330975,-10.693868329138017
-0.34912109375,-8.135686967461332,-11.505043567794704,-10.993674901680063
-0.34881591796875,-6.984733417869874,-10.534554451527793,-11.451224394821065
-0.3485107421875,-6.085177286858611,-10.221690653290818,-11.919545698862093
-0.34820556640625,-5.438222330468937,-10.417665773808205,-12.209364826847809
-0.347900390625,-5.047709442645299,-10.932041140677518,-12.17895020711236
-0.34759521484375,-4.923871571151657,-11.382103648255722,-11.8482814900155
-0.3472900390625,-5.086721946276921,-11.180766718478953,-11.387667899841183
-0.34698486328125,-5.571060974563867,-10.06271735681086,-10.99939435370241
-0.3466796875,-6.435815408782562,-8.436787315758309,-10.843036277380307
-0.34637451171875,-7.783846691510817,-6.809731555876748,-11.03701774416397
-0.3460693359375,-9.810326944372019,-5.429291724211366,-11.690764896329405
-0.34576416015625,-12.948902089110423,-4.368644980158849,-12.941880186655869
-0.345458984375,-18.518897535943278,-3.635666563355664,-14.983742828278361
-0.34515380859375,-34.372921969083514,-3.2216472445478166,-17.895852546424326
-0.3448486328125,-19.493217136244347,-3.1184671918003737,-19.787886157252196
-0.34454345703125,-13.60850038244318,-3.324388967251031,-17.021257853757717
-0.34423828125,-10.458988111559613,-3.846332786108886,-13.257638539616309
-0.34393310546875,-8.531818620577567,-4.701278630282926,-10.354915957360223
-0.3436279296875,-7.367352259680908,-5.917157597178146,-8.226927063735122
-0.34332275390625,-6.778967216078012,-7.530947880365202,-6.68223612825653
-0.343017578125,-6.689968604209367,-9.573301612011733,-5.595474167373455
-0.34271240234375,-7.086058440504207,-11.998248241594114,-4.890236975091272
-0.3424072265625,-8.004458798763178,-14.44418884706167,-4.520108577405236
-0.34210205078125,-9.542093532896374,-15.941391027565539,-4.457377111226729
-0.341796875,-11.868589777445745,-15.921069712847927,-4.686425520333172
-0.34149169921875,-15.08355899722617,-15.307140612090732,-5.199324099056593
-0.3411865234375,-17.573868924969094,-15.011315034877201,-5.991909317714725
-0.34088134765625,-15.46706338392713,-15.38685358769917,-7.058793673434895
-0.340576171875,-12.04591996281705,-16.5849435866158,-8.38566018551111
-0.34027099609375,-9.459216816069832,-18.63245907441418,-9.938177320772963
-0.3399658203125,-7.669679821544554,-20.5710545547306,-11.652987915132035
-0.33966064453125,-6.487878250913052,-19.3428566704895,-13.453339962243884
-0.33935546875,-5.789529395803009,-16.001808105340448,-15.328039618475307
-0.33905029296875,-5.501387346642166,-13.072311707069922,-17.480442904383366
-0.3387451171875,-5.5810589705585825,-10.89872135968693,-20.53124281864374
-0.33843994140625,-6.002743798057908,-9.360077254260325,-25.95076710569205
-0.338134765625,-6.743213704861964,-8.340440513255645,-27.65322189329435
-0.33782958984375,-7.758670503574729,-7.767148967490616,-19.559055089666334
-0.3375244140625,-8.93834832137053,-7.602500273859248,-14.461658638711668
-0.33721923828125,-10.033470685794498,-7.836706448533138,-10.981543932188512
-0.3369140625,-10.661633458069023,-8.486232156472802,-8.42239314854787
-0.33660888671875,-10.587730360674367,-9.597382179907491,-6.487605510317197
-0.3363037109375,-10.006417927493661,-11.253403757668002,-5.0271953534121305
-0.33599853515625,-9.30732469653448,-13.5660997897044,-3.9562393843898858
-0.335693359375,-8.763276726038223,-16.493357593392794,-3.223421822047662
-0.33538818359375,-8.501846947779676,-18.69841932367,-2.796731598549388
-0.3350830078125,-8.575621285444608,-17.52101715112072,-2.6557015234313424
-0.33477783203125,-9.010636773734204,-14.838447847129272,-2.785755893958823
-0.33447265625,-9.826519052216668,-12.621100678064458,-3.1716905310320436
-0.33416748046875,-11.035755949514193,-11.062639082359475,-3.7866699459213486
-0.3338623046875,-12.61014640506,-10.03776041592658,-4.571463511177524
-0.33355712890625,-14.362683331062323,-9.41714960707117,-5.400690947254915
-0.333251953125,-15.71447351170152,-9.08019406376144,-6.056833360166552
-0.33294677734375,-15.877602978939473,-8.891228279830294,-6.29099726692227
-0.3326416015625,-14.96160871524825,-8.684401663647591,-6.01016980896415
-0.33233642578125,-13.790552536338232,-8.288126017906412,-5.3705967381481905
-0.33203125,-12.866492789341128,-7.601397852517071,-4.623197652144365
-0.33172607421875,-12.341584954647256,-6.654754459877053,-3.9534591913909676
-0.3314208984375,-12.24352802743056,-5.574372100465208,-3.456424253210173
-0.33111572265625,-12.576230750149408,-4.495411446042221,-3.16926763850714
-0.330810546875,-13.35182879031583,-3.5132882788693247,-3.0999429049989002
-0.33050537109375,-14.601442566273587,-2.6814019711462493,-3.241915905974231
-0.3302001953125,-16.378154772265013,-2.025146306342718,-3.5793986954742705
-0.32989501953125,-18.74106272918653,-1.5546498513106408,-4.087188500287043
-0.32958984375,-21.638161068137087,-1.2726741971390445,-4.7276408638309
-0.32928466796875,-24.393296101251956,-1.1787298616785582,-5.447442942762709
-0.3289794921875,-25.322673363187032,-1.270834171506997,-6.178914544305845
-0.32867431640625,-24.530642393796356,-1.545781048543021,-6.852283560636492
-0.328369140625,-23.749321338897143,-1.99827776985841,-7.420342229306144
-0.32806396484375,-23.620519536013063,-2.6189751577721636,-7.882363867669939
-0.3277587890625,-23.998663990991464,-3.3913356672947073,-8.286922648362516
-0.32745361328125,-24.052499507715766,-4.287701370299935,-8.71109729473248
-0.3271484375,-22.64383513438123,-5.266375620128802,-9.234962342208352
-0.32684326171875,-20.112639974531756,-6.274286256210312,-9.927346593502579
-0.3265380859375,-17.539096877816686,-7.261687935489802,-10.843755348029504
-0.32623291015625,-15.366915815578416,-8.210083487056457,-12.030222098744378
-0.325927734375,-13.651923008849192,-9.16046515495,-13.52759019244126
-0.32562255859375,-12.353852581358852,-10.224514325635873,-15.371804986394089
-0.3253173828125,-11.422841845728431,-11.5845404655072,-17.58152307724327
-0.32501220703125,-10.817022462170147,-13.522432528320305,-20.10579593415273
-0.32470703125,-10.503418651747829,-16.576684199324404,-22.663697654242757
-0.32440185546875,-10.455163360772925,-22.372860918149616,-24.50519192833248
-0.3240966796875,-10.647766883942483,-47.55889574056708,-24.86263656397423
-0.32379150390625,-11.054646826275135,-20.986138988629712,-24.03224518937405
-0.323486328125,-11.641660721078264,-15.115993837438854,-22.715348809398872
-0.32318115234375,-12.36098430704793,-11.75536438531147,-21.23658658891117
-0.3228759765625,-13.146736703212214,-9.53628451988801,-19.720580270508677
-0.32257080078125,-13.918166419105948,-8.02255670200591,-18.265688841508606
-0.322265625,-14.596909840443484,-7.021064492098757,-16.958188863253024
-0.32196044921875,-15.134409110580172,-6.431344435582185,-15.855728283139612
-0.3216552734375,-15.527661020386923,-6.195753453399582,-14.986574357738267
-0.32135009765625,-15.80399565690266,-6.277735946668876,-14.358405237378706
-0.321044921875,-15.985779875691879,-6.648636936660328,-13.967145746398284
-0.32073974609375,-16.064701997239784,-7.274951614456359,-13.803131534378162
-0.3204345703125,-16.00576035258548,-8.100692719057346,-13.855293332019883
-0.32012939453125,-15.780963244247584,-9.023168557773086,-14.114815154145894
-0.31982421875,-15.408163404014752,-9.876576858445778,-14.579630041566247
-0.31951904296875,-14.959813764222396,-10.471047697319511,-15.26080800343208
-0.3192138671875,-14.536802745606641,-10.716288490333563,-16.19141453557522
-0.31890869140625,-14.237155020707966,-10.711712633945847,-17.43734199175225
-0.318603515625,-14.142095667707133,-10.673651678223091,-19.103640055898317
-0.31829833984375,-14.318381015742759,-10.812335357417076,-21.28475984351331
-0.3179931640625,-14.827677135494518,-11.293331304247792,-23.611296623310945
-0.31768798828125,-15.736314306479233,-12.269102535304786,-23.853396723977646
-0.3173828125,-17.117297412896992,-13.944868838679758,-21.029027554239267
-0.31707763671875,-19.007878350619322,-16.70686045335242,-17.781967953934366
-0.3167724609375,-21.14421229077422,-21.42869839275376,-15.091786978158686
-0.31646728515625,-22.197961816275757,-26.725453096089353,-12.963557962483058
-0.316162109375,-20.84637221947126,-20.62243479741495,-11.293863897191159
-0.31585693359375,-18.50266380852208,-15.699019635723293,-10.001313640043158
-0.3155517578125,-16.428623379387403,-12.63543788531183,-9.030927587575006
-0.31524658203125,-14.854141996229837,-10.59956104316791,-8.346267506296007
-0.31494140625,-13.729037630949463,-9.2264370828917,-7.9231621449257785
-0.31463623046875,-12.966937593653022,-8.333498474103964,-7.745566889250341
-0.3143310546875,-12.48104014178286,-7.814418146175105,-7.802694833781658
-0.31402587890625,-12.180116870618136,-7.596668092869629,-8.086599416679736
-0.313720703125,-11.962873809002438,-7.620510024494513,-8.589412102621198
-0.31341552734375,-11.724974342651326,-7.826157816982802,-9.299240661552362
-0.3131103515625,-11.385347180082494,-8.145809401997694,-10.193363934023656
-0.31280517578125,-10.918887772979728,-8.502675026426061,-11.22735108621895
-0.3125,-10.365384458744213,-8.821844031230032,-12.321170646817388
-0.31219482421875,-9.804240460498118,-9.053146627119556,-13.352644146921065
-0.3118896484375,-9.319729086384555,-9.192805486716448,-14.183238523823077
-0.31158447265625,-8.981400865109407,-9.285018000492396,-14.729045047437868
-0.311279296875,-8.841689430095094,-9.401928199373295,-15.02107038948492
-0.31097412109375,-8.942071151144287,-9.61992656047559,-15.178946864191811
-0.3106689453125,-9.32152811424882,-10.00721502293147,-15.330650832532069
-0.31036376953125,-10.025791893078146,-10.623964011051456,-15.560198049926946
-0.31005859375,-11.119265496205063,-11.530528809994516,-15.898565454159426
-0.30975341796875,-12.70545444581212,-12.801531113564408,-16.33346243985416
-0.3094482421875,-14.972239682079579,-14.548925076095982,-16.824196734918793
-0.30914306640625,-18.319987599371963,-16.963455252588556,-17.322445703933177
-0.308837890625,-23.862372474809202,-20.36712280746673,-17.800116969148622
-0.30853271484375,-34.735249193605156,-24.706816252068265,-18.274413968727195
-0.3082275390625,-26.2799543555583,-24.889679117116778,-18.815263707819575
-0.30792236328125,-20.91398772164057,-20.54582135854676,-19.535962875650455
-0.3076171875,-18.19851310571867,-17.045485637793817,-20.58816797765365
-0.30731201171875,-16.69793615793622,-14.524025401084572,-22.190303516460506
-0.3070068359375,-15.894174190522905,-12.65066290079389,-24.74721653343058
-0.30670166015625,-15.470341296187026,-11.233569536763149,-29.360937854093176
-0.306396484375,-15.122506670371688,-10.171156844132014,-42.57016008733011
-0.30609130859375,-14.548156754091188,-9.411267774419107,-31.63131752526055
-0.3057861328125,-13.587282633700234,-8.930538186327682,-24.289268153972493
-0.30548095703125,-12.329215273586453,-8.724341507138794,-20.048917439533476
-0.30517578125,-10.993721124987683,-8.802385206179153,-16.99317334124076
-0.30487060546875,-9.764070181723225,-9.187766627008646,-14.569818487645554
-0.3045654296875,-8.741810637132513,-9.918317765462422,-12.548585584692255
-0.30426025390625,-7.972062311750911,-11.048177412455258,-10.818367304221187
-0.303955078125,-7.473069063767838,-12.639740097272787,-9.322974839191676
-0.30364990234375,-7.254247295805395,-14.694366397065155,-8.034344662609117
-0.3033447265625,-7.325929450276661,-16.80254312404996,-6.93942555962243
-0.30303955078125,-7.705453831679381,-17.465348427459656,-6.0333420627674
-0.302734375,-8.422921214169934,-15.887857085650401,-5.315894129978495
-0.30242919921875,-9.529645395246755,-13.662423161129047,-4.789953600045409
-0.3021240234375,-11.114210426496179,-11.777067527382014,-4.460971644031046
-0.30181884765625,-13.338163345713099,-10.385083216363391,-4.337173765491011
-0.301513671875,-16.528097448675446,-9.442898910285423,-4.430246334167075
-0.30120849609375,-21.441717509536456,-8.889686019655153,-4.756461824479324
-0.3009033203125,-28.61185181619035,-8.674379845390273,-5.338247776910979
-0.30059814453125,-24.86341962932485,-8.751705898352531,-6.2060608815545635
-0.30029296875,-20.00378974870599,-9.070074736607342,-7.399529732956202
-0.29998779296875,-17.392084706907745,-9.55374907120129,-8.962796708322847
-0.2996826171875,-16.025838939738538,-10.082481274450899,-10.911776456573012
-0.29937744140625,-15.50282765222671,-10.488120343426209,-13.0874778016215
-0.299072265625,-15.673122761075543,-10.607371125676927,-14.74806365676518
-0.29876708984375,-16.519456473639348,-10.385594790838903,-14.713585270891343
-0.2984619140625,-18.146016063019243,-9.918463790526799,-13.292598795316461
-0.29815673828125,-20.861559646032166,-9.371605570430512,-11.68938254824557
-0.2978515625,-25.504174150853423,-8.885818998944657,-10.422806978464646
-0.29754638671875,-32.917619645875696,-8.54683235880785,-9.57938880339924
-0.2972412109375,-27.411500248955125,-8.396200339970067,-9.141312482197456
-0.29693603515625,-21.913397589561363,-8.448140808923506,-9.083358099916358
-0.296630859375,-18.70903867004644,-8.700117694614901,-9.394985254061485
-0.29632568359375,-16.641899409517485,-9.13671261182629,-10.086786199380182
-0.2960205078125,-15.250374353556369,-9.728682180554038,-11.19749103559133
-0.29571533203125,-14.309541649838204,-10.429459420186628,-12.809278088979259
-0.29541015625,-13.689549286275952,-11.173014025617924,-15.083635541492662
-0.29510498046875,-13.307428354915679,-11.880096222461315,-18.346921422251008
-0.2947998046875,-13.109174160723153,-12.479499250546658,-23.20377024916378
-0.29449462890625,-13.063040042831314,-12.938531297507987,-27.583343494447238
-0.294189453125,-13.156355437498064,-13.279303583910774,-23.329871958305816
-0.29388427734375,-13.3919905105515,-13.564070297526424,-19.286098194076644
-0.2935791015625,-13.782486295521004,-13.862972354432824,-16.76799870055009
-0.29327392578125,-14.340394149140348,-14.228192763740662,-15.189115836452059
-0.29296875,-15.061716263368648,-14.682188449796085,-14.246833161025057
-0.29266357421875,-15.895927370309849,-15.21389104283797,-13.796154353522795
-0.2923583984375,-16.699466129850794,-15.776448351464172,-13.772141122969533
-0.29205322265625,-17.212293691364234,-16.286365376587774,-14.157871711659936
-0.291748046875,-17.180436111514783,-16.63162269095659,-14.967848270618461
-0.29144287109375,-16.607087389466898,-16.69965808286987,-16.22084309907006
-0.2911376953125,-15.762455786620448,-16.42236318505045,-17.828389227755046
-0.29083251953125,-14.936061958852997,-15.807844345300504,-19.190948527279595
-0.29052734375,-14.305537348589219,-14.930393797406483,-18.907973751136204
-0.29022216796875,-13.956463493080912,-13.891971381011958,-16.824132226898612
-0.2899169921875,-13.927648278680191,-12.788798521664793,-14.342461314154804
-0.28961181640625,-14.236547157978956,-11.696605583384333,-12.16917647177339
-0.289306640625,-14.8825065831196,-10.669023177605334,-10.416301057827999
-0.28900146484375,-15.82226837367761,-9.741217617373861,-9.05139103707955
-0.2886962890625,-16.895644641220166,-8.934504979914337,-8.027817397787773
-0.28839111328125,-17.708150071719153,-8.260391125254614,-7.3091981638206205
-0.2880859375,-17.725434038194862,-7.723683812608385,-6.871305349759819
-0.28778076171875,-16.850155823253786,-7.32475809052265,-6.700276662266739
-0.2874755859375,-15.550487924472549,-7.061185599400906,-6.790951026107787
-0.28717041015625,-14.263866332372256,-6.928949571786348,-7.145975435794161
-0.286865234375,-13.171427129217923,-6.923432449676263,-7.775729142394454
-0.28656005859375,-12.298937813876233,-7.040308062865316,-8.699075435999905
-0.2862548828125,-11.606847639758636,-7.276401785342394,-9.945044732492708
-0.28594970703125,-11.030644018867884,-7.630501474027078,-11.555677595355473
-0.28564453125,-10.502154372850432,-8.104012914030179,-13.590360565903115
-0.28533935546875,-9.968388076634168,-8.701259068248488,-16.131912634550176
-0.2850341796875,-9.407665614926877,-9.42910859988139,-19.293787172325892
-0.28472900390625,-8.834450008128103,-10.295425062940694,-23.2220347694089
-0.284423828125,-8.289557636887334,-11.30541698642961,-28.01815348519603
-0.28411865234375,-7.823552501382302,-12.454153797257032,-32.47710607689343
-0.2838134765625,-7.483584787642037,-13.712394479648687,-30.708693790276982
-0.28350830078125,-7.30742679499752,-15.003450294763901,-25.657315912976433
-0.283203125,-7.3225535942419615,-16.179070676688873,-21.174418431899092
-0.28289794921875,-7.546581774300333,-17.032685673972914,-17.48671891188151
-0.2825927734375,-7.985903758365943,-17.397812790075296,-14.473707972727755
-0.28228759765625,-8.629549285111647,-17.26052297735057,-12.016046177015445
-0.281982421875,-9.434992847677782,-16.726428714467964,-10.019402203873236
-0.28167724609375,-10.30550667683501,-15.89768431357193,-8.413248241431642
-0.2813720703125,-11.076039886913076,-14.829954233935565,-7.146066103015103
-0.28106689453125,-11.559603434900511,-13.572030591203308,-6.180848820582589
-0.28076171875,-11.679837137087837,-12.200306928345537,-5.491710988481099
-0.28045654296875,-11.556305887672604,-10.810095321190062,-5.061567496237346
-0.2801513671875,-11.41922590306715,-9.488751632740405,-4.880663228678946
-0.27984619140625,-11.486850894151942,-8.300267778174595,-4.9457412985301
-0.279541015625,-11.936483465227534,-7.285146586074866,-5.259642320851981
-0.27923583984375,-12.948752508932666,-6.466993588598689,-5.831011290589086
-0.2789306640625,-14.804203313930675,-5.859413818659036,-6.673302793774648
-0.27862548828125,-18.14608393452979,-5.471071518721139,-7.80066712894247
-0.2783203125,-25.385668588926322,-5.308840393036239,-9.21329597276348
-0.27801513671875,-29.621142820378598,-5.37939976006196,-10.851031697790152
-0.2777099609375,-18.677169556981884,-5.68933224890677,-12.474466056927952
-0.27740478515625,-13.866705093779174,-6.243019724369074,-13.527731085287911
-0.277099609375,-10.92507201198731,-7.036138394312184,-13.476218651460425
-0.27679443359375,-8.96745337960388,-8.039802482609376,-12.552681405817246
-0.2764892578125,-7.671915141175872,-9.167743389908416,-11.398276814812174
-0.27618408203125,-6.895147427448118,-10.229835803571062,-10.393700843550251
-0.27587890625,-6.573983967198181,-10.937584783985015,-9.663110725648705
-0.27557373046875,-6.694196928167537,-11.086331824888036,-9.22761815836756
-0.2752685546875,-7.284527406307686,-10.777993764245153,-9.080357750348865
-0.27496337890625,-8.429044223262489,-10.321985900702126,-9.21244520079596
-0.274658203125,-10.308940424970636,-9.991961544537169,-9.621445259764261
-0.27435302734375,-13.316768354962427,-9.9558094840959,-10.314872452287853
-0.2740478515625,-18.257270966367244,-10.321024981607989,-11.313287312688606
-0.27374267578125,-21.687005218558248,-11.191677374589403,-12.655361183633964
-0.2734375,-15.763498747342279,-12.724518080050638,-14.407736291059273
-0.27313232421875,-11.347442154392155,-15.21956618993138,-16.685680950091648
-0.2728271484375,-8.504046615626272,-19.304517678456094,-19.70004939051425
-0.27252197265625,-6.581504714736378,-24.634883514204677,-23.868880419199982
-0.272216796875,-5.277502166694079,-20.891415235794387,-29.86023204280805
-0.27191162109375,-4.441201291290323,-15.860908001102427,-32.95426259190166
-0.2716064453125,-3.9917817460500027,-12.686320981999042,-28.531288719529687
-0.27130126953125,-3.8852514848993187,-10.625975068829094,-25.57725757605447
-0.27099609375,-4.098721752400321,-9.302244499676007,-23.907625730534892
-0.27069091796875,-4.620261397860736,-8.53695354399414,-22.746018041039704
-0.2703857421875,-5.436720290624252,-8.24562254393829,-21.489183132313904
-0.27008056640625,-6.508756887215062,-8.397711179954385,-19.80793655701545
-0.269775390625,-7.7143845682367385,-9.004554033063062,-17.79227294391276
-0.26947021484375,-8.757885704752317,-10.124327055349072,-15.723962915643163
-0.2691650390625,-9.188601197693918,-11.888517513686148,-13.807498030279234
-0.26885986328125,-8.792017185264793,-14.575881591530855,-12.130129526431293
-0.2685546875,-7.875615018075925,-18.79903431575905,-10.712565592961381
-0.26824951171875,-6.884297611236889,-24.72815051747459,-9.548622589052915
-0.2679443359375,-6.081271544196278,-21.867381835476856,-8.624157607708034
-0.26763916015625,-5.575467064100876,-16.760948944450206,-7.924671254078941
-0.267333984375,-5.410985796955751,-13.616581115921043,-7.438043592280181
-0.26702880859375,-5.617983748046882,-11.615737015156364,-7.155385069566211
-0.2667236328125,-6.2377357902603405,-10.336748454519228,-7.071239242776657
-0.26641845703125,-7.340163193543992,-9.57486987946982,-7.183633108194276
-0.26611328125,-9.042816267124088,-9.219843649989834,-7.494162972570489
-0.26580810546875,-11.51482602642126,-9.207604374447968,-8.008150410265781
-0.2655029296875,-14.71621950012215,-9.499215314774137,-8.734744362676468
-0.26519775390625,-16.460665883667012,-10.07054907826253,-9.686484335645918
-0.264892578125,-13.961931953966939,-10.906592553300083,-10.876792002782988
-0.26458740234375,-10.782578979454989,-11.997718648486991,-12.310726166454593
-0.2642822265625,-8.41337946969358,-13.336323343288212,-13.955531451135064
-0.26397705078125,-6.786203749458944,-14.911937391650218,-15.660035239636416
-0.263671875,-5.741143504322894,-16.70077475951572,-17.01344401879876
-0.26336669921875,-5.173423749034843,-18.639802537976962,-17.415765716180672
-0.2630615234375,-5.0194431953043415,-20.56659825344664,-16.739595300527455
-0.26275634765625,-5.2342003287804575,-22.13028501452178,-15.509746272121907
-0.262451171875,-5.763365830562449,-22.85193731582531,-14.207081453490343
-0.26214599609375,-6.494096061150586,-22.56438816866893,-13.02577776295659
-0.2618408203125,-7.175578289807488,-21.61548983299921,-12.00367810379485
-0.26153564453125,-7.3991126754417085,-20.422952346558134,-11.125870504610443
-0.26123046875,-6.874458116137855,-19.200807616802674,-10.366660689431118
-0.26092529296875,-5.773142849156243,-18.008566879459785,-9.704176355756926
-0.2606201171875,-4.504624258104158,-16.83889251198615,-9.125047037203252
-0.26031494140625,-3.357297814886506,-15.669212355393986,-8.625228796028637
-0.260009765625,-2.4580545745327633,-14.488791820758532,-8.20907077782846
-0.25970458984375,-1.8501291479310704,-13.30915038581754,-7.887642020128246
-0.2593994140625,-1.5472579302831364,-12.160951088105277,-7.67705407612628
-0.25909423828125,-1.5587756844351086,-11.083710583745754,-7.59732240701351
-0.2587890625,-1.9015176422000746,-10.116024677743116,-7.672102826178005
-0.25848388671875,-2.6084861648486903,-9.290324623287093,-7.929506065986262
-0.2581787109375,-3.740823266126441,-8.631932275135412,-8.404215167415096
-0.25787353515625,-5.412210228557685,-8.160505081368068,-9.14133220517288
-0.257568359375,-7.850775100776116,-7.892245153961901,-10.202681972569303
-0.25726318359375,-11.601874649598676,-7.8419895788704705,-11.675937479005022
-0.2569580078125,-18.610244896099776,-8.024750011095241,-13.680058841309812
-0.25665283203125,-32.106302268884065,-8.45622934160739,-16.302827643444765
-0.25634765625,-16.1050967446351,-9.151077844569098,-19.029019563234833
-0.25604248046875,-11.294359877352147,-10.115333582638053,-19.295333302856974
-0.2557373046875,-8.686072128152105,-11.323651444470755,-16.71086753704847
-0.25543212890625,-7.132698494048943,-12.662069283784362,-14.019857048996379
-0.255126953125,-6.244193636911883,-13.83191487522273,-11.968604383023909
-0.25482177734375,-5.8412378027746055,-14.369843489392833,-10.510865666086602
-0.2545166015625,-5.82626865575178,-14.067815438733838,-9.542464624406831
-0.25421142578125,-6.138881646093903,-13.264984483192144,-8.993824750158282
-0.25390625,-6.7363716031649625,-12.426722684608436,-8.829715629659887
-0.25360107421875,-7.584091259069615,-11.822908065488054,-9.043673248550935
-0.2532958984375,-8.651645897759,-11.568631777850154,-9.657832672564538
-0.25299072265625,-9.915220609076322,-11.718752533745507,-10.731245733734909
-0.252685546875,-11.367228666264475,-12.318844286690014,-12.384276701776738
-0.25238037109375,-13.02937968546237,-13.423319795792558,-14.864361713605629
-0.2520751953125,-14.945124504860111,-15.071279733413602,-18.747821075810023
-0.25177001953125,-17.052913755035306,-17.09127966536347,-25.51415914080628
-0.25146484375,-18.651486695681356,-18.398267803009247,-26.846025920990698
-0.25115966796875,-18.141986111474232,-17.358491972023117,-19.937129128345276
-0.2508544921875,-15.787660056297527,-14.968265184821444,-16.128296847326503
-0.25054931640625,-13.24398614690992,-12.733694773997872,-13.853740349919521
-0.250244140625,-11.129653137220277,-11.020480060179509,-12.448929931243864
-0.24993896484375,-9.510425854939056,-9.819205796552753,-11.613298450200746
-0.2496337890625,-8.349822390245254,-9.077057705824972,-11.157099126973154
-0.24932861328125,-7.612996001046765,-8.759390931868863,-10.902569886399306
-0.2490234375,-7.284613622391181,-8.857147460194328,-10.638917082106643
-0.24871826171875,-7.37293903363479,-9.385943724816237,-10.144765939655105
-0.2484130859375,-7.916111680120909,-10.379582506241752,-9.296442906778728
-0.24810791015625,-8.998300480311013,-11.851022906144548,-8.151811576061503
-0.247802734375,-10.791177104007232,-13.594511837567909,-6.88263814788891
-0.24749755859375,-13.673959543367411,-14.591767243715285,-5.65101266446085
-0.2471923828125,-18.673190845681177,-13.449948915577746,-4.558614574109191
-0.24688720703125,-27.45483805334262,-11.002143928878525,-3.6564057548962565
-0.24658203125,-20.049777110567504,-8.592872145252214,-2.966657611951261
-0.24627685546875,-14.52743623622494,-6.599419983045615,-2.4988477143221943
-0.2459716796875,-11.487986412505599,-5.026415828015068,-2.2587080285902434
-0.24566650390625,-9.685035283966032,-3.8175409433936154,-2.253247906563604
-0.245361328125,-8.693952346824021,-2.921762284586647,-2.494027639844486
-0.24505615234375,-8.348903623250855,-2.3020221039299904,-3.0001915826426777
-0.2447509765625,-8.603121989876136,-1.933600467538196,-3.8025282404479457
-0.24444580078125,-9.497627993401242,-1.8015145428395574,-4.950275545890114
-0.244140625,-11.185605130646934,-1.8985061221283184,-6.524059356971107
-0.24383544921875,-14.043577302914542,-2.2235745930928608,-8.663053114983795
-0.2435302734375,-18.98201115031524,-2.780563055370954,-11.627269834525029
-0.24322509765625,-23.85633173227525,-3.575752208388699,-15.92991990254006
-0.242919921875,-17.48100658427106,-4.611977428537254,-21.730586004240543
-0.24261474609375,-12.794161554570406,-5.873137700095597,-20.727224560711516
-0.2423095703125,-9.92274339530538,-7.285862431452382,-16.231528911363846
-0.24200439453125,-8.077493736151352,-8.645145748704612,-13.526637479603039
-0.24169921875,-6.9206310742621095,-9.56596474415511,-12.05915684286091
-0.24139404296875,-6.292359464556554,-9.703130431048532,-11.456028467565787
-0.2410888671875,-6.113227994285064,-9.156306532568017,-11.5717294628169
-0.24078369140625,-6.347481565246273,-8.345222744989414,-12.391710993997467
-0.240478515625,-6.987971866328636,-7.602773419693984,-14.002239880433384
-0.24017333984375,-8.04923709566008,-7.086332012269681,-16.525635444077334
-0.2398681640625,-9.56058029069722,-6.855735267562252,-19.333498037358694
-0.23956298828125,-11.542059542625044,-6.935882639801944,-18.741891951091837
-0.2392578125,-13.903199928171324,-7.346728186382849,-15.206604240391467
-0.23895263671875,-16.122537776787137,-8.117332044467174,-12.106149715825026
-0.2386474609375,-17.071611748068918,-9.29403695614987,-9.831315374539333
-0.23834228515625,-16.556910897050333,-10.943152037218253,-8.202322463712044
-0.238037109375,-15.74757327396076,-13.12293233025329,-7.068433693505064
-0.23773193359375,-15.407047825579628,-15.674213653876514,-6.332072212408287
-0.2374267578125,-15.786538622892596,-17.411099311585613,-5.929518557107853
-0.23712158203125,-16.992756283444677,-16.56305757063621,-5.816193748618501
-0.23681640625,-18.953261168000214,-14.369381191805715,-5.956695468445772
-0.23651123046875,-20.369320375284214,-12.396677436375423,-6.31694938902492
-0.2362060546875,-18.583496796074527,-10.961414661768874,-6.856882701783528
-0.23590087890625,-15.287706693377984,-10.02993832704047,-7.523767349806869
-0.235595703125,-12.4781199831921,-9.538822634810703,-8.249460196627927
-0.23529052734375,-10.378355150569945,-9.446029370886103,-8.958544220338375
-0.2349853515625,-8.877994032465047,-9.734623674335147,-9.592819133420406
-0.23468017578125,-7.874789491401421,-10.411896919818481,-10.14277259977096
-0.234375,-7.304197227596896,-11.511160694262685,-10.660668781303519
-0.23406982421875,-7.133141295829865,-13.09670808726623,-11.242648318761647
-0.2337646484375,-7.355009297229796,-15.263414236917608,-11.99718404117916
-0.23345947265625,-7.990293744055609,-18.061508564068763,-13.018787267427605
-0.233154296875,-9.095421896895616,-20.924423750801886,-14.355419445929702
-0.23284912109375,-10.7878946119447,-21.451352732332865,-15.90857092117508
-0.2325439453125,-13.31639867770573,-19.351828998218508,-17.172705725168512
-0.23223876953125,-17.30426371875319,-17.134440613339024,-17.217118885202595
-0.23193359375,-25.19569729206705,-15.529237937689883,-15.928832855844083
-0.23162841796875,-32.15471419748761,-14.501804221610486,-14.228327169221844
-0.2313232421875,-20.276683359556912,-13.940922415330228,-12.732694303158977
-0.23101806640625,-15.958833657679246,-13.753330792225501,-11.609921978831858
-0.230712890625,-13.601681891515721,-13.861092654891758,-10.860787938861547
-0.23040771484375,-12.249204053743146,-14.18975622812473,-10.438903928353177
-0.2301025390625,-11.561900576507087,-14.661320599105421,-10.27588134743295
-0.22979736328125,-11.384359859515211,-15.198584386707738,-10.275649272138484
-0.2294921875,-11.634183871037918,-15.744911648934398,-10.305723004588632
-0.22918701171875,-12.256698749422464,-16.290949718600668,-10.21303427413779
-0.2288818359375,-13.189781612054812,-16.88476957435972,-9.885955353222709
-0.22857666015625,-14.311502522232418,-17.606706605734917,-9.324466512235341
-0.228271484375,-15.36121694839494,-18.50154602872544,-8.635675492197693
-0.22796630859375,-15.929296286452896,-19.43061363691045,-7.960186387092234
-0.2276611328125,-15.74072408381954,-19.828057468148693,-7.413213028275793
-0.22735595703125,-14.973282560080666,-18.94493925963329,-7.0720970931672555
-0.22705078125,-14.020026862277767,-16.978340532519706,-6.9880842939918
-0.22674560546875,-13.148743829697732,-14.765516106389073,-7.2018396823787985
-0.2264404296875,-12.469155397469628,-12.77977354168682,-7.756859858489288
-0.22613525390625,-12.00793085885826,-11.151720192783667,-8.712284549961945
-0.225830078125,-11.759626586028702,-9.892080606960537,-10.158929613228809
-0.22552490234375,-11.709141510648696,-8.985720140771562,-12.240958073728606
-0.2252197265625,-11.84017267096004,-8.420065660456748,-15.150889196533644
-0.22491455078125,-12.137813269949332,-8.193759824790446,-18.67070138843419
-0.224609375,-12.588573152084308,-8.321257139118295,-19.62766389986736
-0.22430419921875,-13.178978020505346,-8.839297329719145,-16.639128702120118
-0.2239990234375,-13.893192416929388,-9.820341060693035,-13.71221124963287
-0.22369384765625,-14.710155759629549,-11.403906959662617,-11.653611322581078
-0.223388671875,-15.601318020650899,-13.880609117243736,-10.296048409901221
-0.22308349609375,-16.530845756009207,-17.973558090196416,-9.476627792784884
-0.2227783203125,-17.45967582317093,-25.837756583344603,-9.092940361099867
-0.22247314453125,-18.350194077499516,-23.923447273123266,-9.082668830735127
-0.22216796875,-19.158771802333764,-16.82616669647246,-9.407304636987945
-0.22186279296875,-19.797644487487393,-12.966327445786956,-10.041644780349767
-0.2215576171875,-20.073739454527924,-10.514723065005464,-10.965370187810393
-0.22125244140625,-19.711546447163002,-8.858333611168934,-12.152514879677422
-0.220947265625,-18.59358354145129,-7.729612707122252,-13.552145260526824
-0.22064208984375,-16.94096142279316,-6.981835383992125,-15.048498937681225
-0.2203369140625,-15.102835688061592,-6.515906217443826,-16.393822238194925
-0.22003173828125,-13.320424269786535,-6.249331718519157,-17.183334183342264
-0.2197265625,-11.70496034469793,-6.10146923420336,-17.080857442586005
-0.21942138671875,-10.292613450739728,-5.9900727453599725,-16.17160342006668
-0.2191162109375,-9.085271142494781,-5.840209499738378,-14.83863775836683
-0.21881103515625,-8.0702541299931,-5.603089566953447,-13.40735748712089
-0.218505859375,-7.228461879005859,-5.272234032157183,-12.056143337957097
-0.21820068359375,-6.537426897198829,-4.882241799780351,-10.871820473068848
-0.2178955078125,-5.972473232393599,-4.490420368986535,-9.897700842636528
-0.21759033203125,-5.50756648822122,-4.155898311662735,-9.156237701339997
-0.21728515625,-5.116724794745386,-3.9276507223252812,-8.657792957218168
-0.21697998046875,-4.776366540653155,-3.842080001268966,-8.401935873875711
-0.2166748046875,-4.468367826395213,-3.9257575906431095,-8.371958174352073
-0.21636962890625,-4.182941049758899,-4.199728049170451,-8.519828360838552
-0.216064453125,-3.920142258322472,-4.6839243197313625,-8.7394043265418
-0.21575927734375,-3.689259624338082,-5.401754549562709,-8.842640744909806
-0.2154541015625,-3.506333449282466,-6.385902116024951,-8.598942994405954
-0.21514892578125,-3.3908668467921292,-7.687608089979273,-7.886766990412424
-0.21484375,-3.3628641061455267,-9.394613403088222,-6.807683662475421
-0.21453857421875,-3.4408256134804907,-11.671773398174487,-5.586533790490438
-0.2142333984375,-3.6407379666098896,-14.870474924851294,-4.414451875427877
-0.21392822265625,-3.9757530010116975,-19.88553428956145,-3.4015474447659075
-0.213623046875,-4.456164572432721,-27.557968948772537,-2.5994231445518774
-0.21331787109375,-5.0893356933840455,-21.61460486831877,-2.0300385648573593
-0.2130126953125,-5.879277671797355,-16.02770680752351,-1.7038646602744798
-0.21270751953125,-6.82555573371541,-12.620616362147954,-1.6296445638536357
-0.21240234375,-7.921004032581745,-10.258595148171914,-1.8200481238972508
-0.21209716796875,-9.14718932032978,-8.512691539673622,-2.296198624149061
-0.2117919921875,-10.465309514818234,-7.191744522476933,-3.093351866461138
-0.21148681640625,-11.798232739234368,-6.2005581139745765,-4.27068483564307
-0.211181640625,-13.000691458864013,-5.489695007295767,-5.9315720236215
-0.21087646484375,-13.837657374592816,-5.034543253214638,-8.27299858208143
-0.2105712890625,-14.050651929137974,-4.825782684828895,-11.7361743065133
-0.21026611328125,-13.553897437934545,-4.865141385004136,-17.693840197004455
-0.2099609375,-12.530388688809671,-5.164135009480814,-40.07321350723636
-0.20965576171875,-11.265968978723313,-5.745033383077079,-19.173878419307265
-0.2093505859375,-9.978569365645132,-6.644221246419395,-13.528127787822587
-0.20904541015625,-8.790237308668218,-7.919046478690071,-10.6594850210264
-0.208740234375,-7.760043581048296,-9.660436601641551,-9.013846805968267
-0.20843505859375,-6.914062253920253,-12.013169674992305,-8.12854203308989
-0.2081298828125,-6.262171026154897,-15.178537763384076,-7.818202106110067
-0.20782470703125,-5.80605901109346,-19.043940633758627,-8.010333243740025
-0.20751953125,-5.5424408279053665,-20.725902393931257,-8.700447486167105
-0.20721435546875,-5.46343232844078,-18.19443989019699,-9.949580591555259
-0.2069091796875,-5.554712415406225,-15.556222419602868,-11.920372059585166
-0.20660400390625,-5.791447009416929,-13.835437478382012,-15.00746663647956
-0.206298828125,-6.132110476088285,-12.891807116736711,-20.388904506685535
-0.20599365234375,-6.512178995927557,-12.579948686408176,-31.716844940192562
-0.2056884765625,-6.8442599376663775,-12.827047462243302,-21.556652733995165
-0.20538330078125,-7.035708053884839,-13.617025651869143,-15.824476513674925
-0.205078125,-7.026573139564726,-14.977459072166504,-12.670611361979901
-0.20477294921875,-6.82352068963819,-16.956619467094782,-10.68780837235672
-0.2044677734375,-6.495681836640973,-19.495479205560827,-9.415517903408341
-0.20416259765625,-6.137071052559358,-21.83088841846903,-8.653163783127019
-0.203857421875,-5.831640938600787,-22.04694805502598,-8.302329260457057
-0.20355224609375,-5.639835725420954,-20.41972118033525,-8.316161994466212
-0.2032470703125,-5.6005689099660785,-18.83289454526144,-8.6810210032564
-0.20294189453125,-5.737916080417334,-17.903136158344818,-9.411829701881295
-0.20263671875,-6.066890808229957,-17.677454525621748,-10.557266751085022
-0.20233154296875,-6.596551457777834,-18.099929252295176,-12.219068922318765
-0.2020263671875,-7.32964999140748,-18.98883947791781,-14.604938805837918
-0.20172119140625,-8.25699016787591,-19.69050278294342,-18.192912000846423
-0.201416015625,-9.342145816419196,-18.986876918282462,-24.41498006400101
-0.20111083984375,-10.490310254936128,-16.81450684186164,-32.32433648748308
-0.2008056640625,-11.507230006637311,-14.33526080089207,-22.849482540470383
-0.20050048828125,-12.111907863855727,-12.16889230138275,-18.132829368731134
-0.2001953125,-12.108243344207683,-10.430891761306587,-15.473534870090788
-0.19989013671875,-11.579233033761192,-9.096332545739036,-13.850868091650943
-0.1995849609375,-10.792015895952478,-8.121452597101973,-12.894362616135398
-0.19927978515625,-9.976827190268544,-7.470768254390029,-12.43586294015044
-0.198974609375,-9.256523920167117,-7.1213339018558655,-12.390965279237715
-0.19866943359375,-8.678424187679651,-7.062731977407272,-12.717701730040732
-0.1983642578125,-8.252504777802915,-7.29733254474395,-13.399637649558416
-0.19805908203125,-7.973183788279298,-7.842269707137235,-14.438362230110027
-0.19775390625,-7.829417451895248,-8.734390204831955,-15.849206834631904
-0.19744873046875,-7.809064428044195,-10.040504852428667,-17.652519201371845
-0.1971435546875,-7.900829598282581,-11.877591646890412,-19.831296573853557
-0.19683837890625,-8.09536252288694,-14.447801705586766,-22.131002190424745
-0.196533203125,-8.386237618155105,-18.02426943851306,-23.49578612870376
-0.19622802734375,-8.771136495251158,-21.791813570317835,-22.569827058925863
-0.1959228515625,-9.253339375528403,-20.531996165490234,-20.158252707698146
-0.19561767578125,-9.843536081350264,-16.790178324057123,-17.56026360401275
-0.1953125,-10.562017090005833,-14.005961415120433,-15.178352620046411
-0.19500732421875,-11.441591497855612,-12.14674176597927,-13.065383276997665
-0.1947021484375,-12.532264129329134,-10.973156974925708,-11.211867663360657
-0.19439697265625,-13.91022443031644,-10.35379580762121,-9.60369282132299
-0.194091796875,-15.697593297372354,-10.239161614541853,-8.228666320906367
-0.19378662109375,-18.111819916882766,-10.645210289682225,-7.075830821453551
-0.1934814453125,-21.61529678222836,-11.664858004806524,-6.134770221321673
-0.19317626953125,-27.543866130201753,-13.5290553516735,-5.395329460027414
-0.19287109375,-38.01201269255033,-16.826242870133463,-4.847385414861172
-0.19256591796875,-27.638648478928936,-23.493077567148333,-4.480422992766499
-0.1922607421875,-22.514422288392932,-25.96914777924491,-4.282793251623335
-0.19195556640625,-19.75256940339666,-16.89729267093674,-4.240593822946236
-0.191650390625,-18.15127444532441,-12.162809488829236,-4.33618574552168
-0.19134521484375,-17.312979163457673,-9.125297578854319,-4.546539788422226
-0.1910400390625,-17.070408187567992,-6.997337679738104,-4.841987153199067
-0.19073486328125,-17.3341107202427,-5.470730333044896,-5.186532275317509
-0.1904296875,-17.999698222190744,-4.398408125561662,-5.541296373311109
-0.19012451171875,-18.797797489734116,-3.703753948408186,-5.871936297320256
-0.1898193359375,-19.09757619235183,-3.3477307443729836,-6.158207089323336
-0.18951416015625,-18.24485205765843,-3.315615408076287,-6.400629125026257
-0.189208984375,-16.48825473378905,-3.6122658557707465,-6.619368359864081
-0.18890380859375,-14.555194237138311,-4.262454325484827,-6.845191214215333
-0.1885986328125,-12.847999664351464,-5.3155403978016205,-7.106915996664911
-0.18829345703125,-11.481414752212508,-6.854010146183049,-7.419669022345729
-0.18798828125,-10.466418917046646,-8.99563792285689,-7.775387325045449
-0.18768310546875,-9.790746484152386,-11.792524693046666,-8.136190302415558
-0.1873779296875,-9.444694731410138,-14.405256016949643,-8.434885311662294
-0.18707275390625,-9.429635700768877,-13.942517281447145,-8.59195207051232
-0.186767578125,-9.762966725728472,-11.162829823962099,-8.552660917932405
-0.18646240234375,-10.485151328261564,-8.620752998624782,-8.323186708096532
-0.1861572265625,-11.674058771784228,-6.744882028606995,-7.971746761620028
-0.18585205078125,-13.477667168500492,-5.43561476965465,-7.594584364912764
-0.185546875,-16.197376707970122,-4.580716206836748,-7.280716348456055
-0.18524169921875,-20.51375883076565,-4.1042232326569765,-7.096688508906785
-0.1849365234375,-26.835726140658622,-3.959064266215818,-7.087191091587206
-0.18463134765625,-23.37717096783085,-4.118167029487734,-7.280695473310729
-0.184326171875,-18.012496181074567,-4.568843773334902,-7.693355758662742
-0.18402099609375,-14.747268789126206,-5.309677269336022,-8.327594002423647
-0.1837158203125,-12.638954468018165,-6.348874590164984,-9.161411137709248
-0.18341064453125,-11.254960666995839,-7.702999488320032,-10.12258915334192
-0.18310546875,-10.393459813984675,-9.39392520299194,-11.048987441334912
-0.18280029296875,-9.951049458429022,-11.437572845206457,-11.681536110762579
-0.1824951171875,-9.873094415093142,-13.803879860378576,-11.798202361294292
-0.18218994140625,-10.132121995882187,-16.29427472210485,-11.43066944991197
-0.181884765625,-10.71545793149079,-18.320889957908097,-10.840414305925348
-0.18157958984375,-11.612009998650475,-19.12081203341115,-10.297832570907655
-0.1812744140625,-12.785038910619013,-18.78555483770848,-9.978418263766438
-0.18096923828125,-14.105946268586798,-18.017934462579998,-9.986894115400759
-0.1806640625,-15.236425798935883,-17.173989563108083,-10.406238712997675
-0.18035888671875,-15.642070851410425,-16.271893023140972,-11.340927006704412
-0.1800537109375,-15.100026688814253,-15.260917751436569,-12.969245927949558
-0.17974853515625,-14.015943048914687,-14.156742249037087,-15.644355554590303
-0.179443359375,-12.886014316972807,-13.043254891306441,-20.022849064692778
-0.17913818359375,-11.96192871112352,-12.017338931075948,-23.456454478062486
-0.1788330078125,-11.325605991405205,-11.151125666446118,-18.110923435076607
-0.17852783203125,-10.991447977090578,-10.486001218372516,-13.502797482234772
-0.17822265625,-10.951137550450532,-10.040581471380413,-10.425549390795716
-0.17791748046875,-11.184451259997632,-9.819149444533167,-8.275402592663255
-0.1776123046875,-11.651056410652698,-9.816237282062687,-6.749649546021907
-0.17730712890625,-12.264788526914472,-10.016799171907993,-5.695362895586574
-0.177001953125,-12.853974782349907,-10.391865912672802,-5.031220390528423
-0.17669677734375,-13.153338378749433,-10.889613342147248,-4.715156606094185
-0.1763916015625,-12.931712565105617,-11.424295300388412,-4.7305509914139545
-0.17608642578125,-12.202048139433861,-11.874020893828243,-5.080872489603223
-0.17578125,-11.201994333584846,-12.108914780911402,-5.789044835653828
-0.17547607421875,-10.177587104887039,-12.054970882201845,-6.8996566348989665
-0.1751708984375,-9.27454367748232,-11.741533203367172,-8.479362536315605
-0.17486572265625,-8.554044155046288,-11.274753449421311,-10.588412932877496
-0.174560546875,-8.030852463561173,-10.76979590526,-13.071098055819077
-0.17425537109375,-7.697155498580392,-10.308071719035768,-14.734528917594101
-0.1739501953125,-7.533425514060157,-9.930986637283091,-13.781189325575367
-0.17364501953125,-7.512681527575461,-9.649241234595019,-11.468157294578052
-0.17333984375,-7.602650653619124,-9.453033986928597,-9.373409655640247
-0.17303466796875,-7.76881569830492,-9.319463026224193,-7.806502175833482
-0.1727294921875,-7.980191335636948,-9.2179988624191,-6.725386574100282
-0.17242431640625,-8.217751698667044,-9.11552074799259,-6.0564006151517145
-0.172119140625,-8.48272503004296,-8.981520716098903,-5.742687091866433
-0.17181396484375,-8.800680991023542,-8.792797816920618,-5.74408951949281
-0.1715087890625,-9.21968995384542,-8.53623855208058,-6.029917082574185
-0.17120361328125,-9.805094935952148,-8.208852832080888,-6.569570536019581
-0.1708984375,-10.635071044447535,-7.815726774849116,-7.319038653462597
-0.17059326171875,-11.797486910110614,-7.367559481445134,-8.200247663600956
-0.1702880859375,-13.37454535099544,-6.879097824551969,-9.076685705008462
-0.16998291015625,-15.342112558200858,-6.368627321778126,-9.753338112470814
-0.169677734375,-17.11667491616389,-5.857842651997418,-10.053434623163556
-0.16937255859375,-17.06834160812772,-5.371423170207381,-9.946138751391766
-0.1690673828125,-15.000167467236775,-4.936174753504466,-9.563672320461817
-0.16876220703125,-12.58337413370402,-4.580094005863134,-9.078667313438691
-0.16845703125,-10.558282126308029,-4.331859186948489,-8.6038078015429
-0.16815185546875,-9.003622236432946,-4.22113598277095,-8.175801971324375
-0.1678466796875,-7.8639084683083915,-4.279954020725252,-7.777748290173358
-0.16754150390625,-7.076434222960253,-4.545465094635319,-7.367277366048295
-0.167236328125,-6.588520892728109,-5.064785061551919,-6.904031744086544
-0.16693115234375,-6.353909670354963,-5.903623881487804,-6.372276846592001
-0.1666259765625,-6.325496259469339,-7.162835974696505,-5.789824134904914
-0.16632080078125,-6.447808738524382,-9.013171350573941,-5.199996930613909
-0.166015625,-6.651900817956195,-11.771595351105804,-4.655257224869759
-0.16571044921875,-6.858220125042598,-15.973645817059602,-4.204014038321416
-0.1654052734375,-6.993983484965646,-19.735233117900627,-3.88514719766822
-0.16510009765625,-7.0222541967545995,-15.479158009497656,-3.7283855703873803
-0.164794921875,-6.962677690509929,-10.992271444650061,-3.7572540448059106
-0.16448974609375,-6.884551082563373,-7.950532976398666,-3.9924574293909214
-0.1641845703125,-6.88003637309815,-5.830334736892331,-4.4547476522139515
-0.16387939453125,-7.04161101460312,-4.332290912993858,-5.16662692782274
-0.16357421875,-7.45606287317451,-3.303019935750947,-6.151188311282288
-0.16326904296875,-8.212987255481742,-2.6618191049224356,-7.42215658590565
-0.1629638671875,-9.424552146520455,-2.3686341111518203,-8.945928999662227
-0.16265869140625,-11.260774436156957,-2.4107531830226367,-10.527880068879947
-0.162353515625,-14.010642588788953,-2.7989922017670006,-11.619549121543296
-0.16204833984375,-18.038706364485368,-3.571017814813324,-11.533134906326838
-0.1617431640625,-21.09199040165447,-4.804175964095975,-10.380032036799529
-0.16143798828125,-17.523309057264377,-6.6480328119768135,-8.88646802661681
-0.1611328125,-13.633534356623462,-9.409390871794706,-7.5125685666546
-0.16082763671875,-11.028709895308651,-13.783583031537525,-6.401998119043001
-0.1605224609375,-9.344741292893247,-20.084302989609878,-5.572755443067815
-0.16021728515625,-8.335511576521604,-16.329288967580197,-5.009838984033463
-0.159912109375,-7.878112374368955,-10.990144420339261,-4.695196708081358
-0.15960693359375,-7.920557278665062,-7.71425775701136,-4.61625130722102
-0.1593017578125,-8.454915968179533,-5.564607082398856,-4.768342023986233
-0.15899658203125,-9.495802229648055,-4.113362591105872,-5.156036683186142
-0.15869140625,-11.01900359809876,-3.157886563012722,-5.795188010128813
-0.15838623046875,-12.709869880048926,-2.5911758103605056,-6.717127032374693
-0.1580810546875,-13.419521628741276,-2.353385276551217,-7.977366520672131
-0.15777587890625,-12.118411809069968,-2.411559526800269,-9.6746583016945
-0.157470703125,-9.874530408202157,-2.7506640603614247,-11.997946021001022
-0.15716552734375,-7.793431636133238,-3.370120223116258,-15.368516037424683
-0.1568603515625,-6.155982367006096,-4.28399726889002,-21.07340996517118
-0.15655517578125,-4.961842567284755,-5.52508415640567,-40.90970450994833
-0.15625,-4.1670026210473265,-7.155421422609576,-23.000440508394085
-0.15594482421875,-3.7358142692364145,-9.291343095931966,-16.89180979171037
-0.1556396484375,-3.6494626879273593,-12.169550082865745,-13.630687018435214
-0.15533447265625,-3.9071528317004955,-16.366992053935522,-11.54150605341445
-0.155029296875,-4.5284476586165345,-23.967192076101487,-10.123532042990162
-0.15472412109375,-5.560222118569561,-31.473487266913764,-9.160075714397815
-0.1544189453125,-7.0934405601171004,-20.233890356049294,-8.539474201908963
-0.15411376953125,-9.303602313821612,-15.78869799598153,-8.199039643242807
-0.15380859375,-12.557617352375877,-13.210421511305961,-8.103165567088435
-0.15350341796875,-17.68673446350724,-11.51972923061078,-8.23379386368573
-0.1531982421875,-23.40045147429184,-10.36374714270108,-8.586357959946449
-0.15289306640625,-18.056540739595317,-9.581127890308402,-9.168773837242135
-0.152587890625,-13.597329021986887,-9.091383472844512,-10.002796691612513
-0.15228271484375,-10.989586805058941,-8.855775077310577,-11.128102123622867
-0.1519775390625,-9.43236829498124,-8.860638005279778,-12.61049671916609
-0.15167236328125,-8.580965620262432,-9.109788809945382,-14.556607414368992
-0.1513671875,-8.281412187817436,-9.621782293144772,-17.132301683251935
-0.15106201171875,-8.47096689831971,-10.430853859030256,-20.503315200055653
-0.1507568359375,-9.146104570319388,-11.591926986520349,-23.87717023239295
-0.15045166015625,-10.361594680992305,-13.191307500199335,-23.358575382179232
-0.150146484375,-12.261119667817393,-15.364069088016237,-20.23688994562545
-0.14984130859375,-15.184486836805346,-18.294106086161428,-17.664643802936187
-0.1495361328125,-20.106663413430468,-21.89216400326593,-15.89572374636096
-0.14923095703125,-32.102415819764175,-23.638247595104946,-14.756543756502438
-0.14892578125,-24.981846420768864,-21.184494867756033,-14.11983649282136
-0.14862060546875,-18.128866811334564,-18.326273059515454,-13.916037143890394
-0.1483154296875,-14.744665211064568,-16.292772785282075,-14.116669226313906
-0.14801025390625,-12.739815095408924,-14.977259719579305,-14.725927324638683
-0.147705078125,-11.532405775829247,-14.2221166913766,-15.781217638038534
-0.14739990234375,-10.880613385224105,-13.929736175101011,-17.36327465088735
-0.1470947265625,-10.661805090935454,-14.049454404377533,-19.61771540157594
-0.14678955078125,-10.80308306004698,-14.565398381857138,-22.762596390880255
-0.146484375,-11.248697734762757,-15.493684679466263,-26.66513043059971
-0.14617919921875,-11.933824426581957,-16.89043880489964,-27.9601570728083
-0.1458740234375,-12.75147793332543,-18.878722926223084,-24.990191372786057
-0.14556884765625,-13.51488534076601,-21.724023350335948,-22.204810310257976
-0.145263671875,-13.96405341063633,-26.068277072501786,-20.384749248471227
-0.14495849609375,-13.900828441790509,-33.2725522029629,-19.326479214353526
-0.1446533203125,-13.36185121584869,-31.789380672194874,-18.856122871400018
-0.14434814453125,-12.56858476492657,-25.54781418319682,-18.860871297742868
-0.14404296875,-11.736741388899311,-21.851597409906173,-19.246672059037643
-0.14373779296875,-10.992444639469372,-19.339938637379042,-19.882525434442538
-0.1434326171875,-10.390099925802856,-17.437721381241776,-20.52337885916525
-0.14312744140625,-9.94734562346712,-15.878488144488783,-20.777233691493603
-0.142822265625,-9.668106642809027,-14.522084712746008,-20.32036758339303
-0.14251708984375,-9.5547115339984,-13.292907355528985,-19.23286052166479
-0.1422119140625,-9.613974397515584,-12.153314630887005,-17.86438944438047
-0.14190673828125,-9.860392807715279,-11.088683906081231,-16.483718231481298
-0.1416015625,-10.31809888133945,-10.097482209757317,-15.199726244769918
-0.14129638671875,-11.022246903129453,-9.184570489877109,-14.027615351484382
-0.1409912109375,-12.01910198536087,-8.35701647206993,-12.946470495536584
-0.14068603515625,-13.35911517718886,-7.621723116238074,-11.929026475928312
-0.140380859375,-15.056705603891643,-6.984169430778689,-10.955062057409041
-0.14007568359375,-16.91752061446383,-6.447684926701323,-10.015787709229087
-0.1397705078125,-18.10521600525569,-6.012856407792478,-9.112771208257591
-0.13946533203125,-17.50213300857811,-5.676822105831253,-8.254073781838335
-0.13916015625,-15.65046591883548,-5.432338141345889,-7.449961086710556
-0.13885498046875,-13.723125699070325,-5.266653922187938,-6.709689385597932
-0.1385498046875,-12.164500594197868,-5.160480960153939,-6.039795354674482
-0.13824462890625,-11.040437767044772,-5.08773237820135,-5.443616388279616
-0.137939453125,-10.333029464067739,-5.017135852299054,-4.921557801976691
-0.13763427734375,-10.022183495589914,-4.916809680174284,-4.471702933916007
-0.1373291015625,-10.103587648526315,-4.761703202401128,-4.090518664313264
-0.13702392578125,-10.593123086959048,-4.541419247830524,-3.7735361799293115
-0.13671875,-11.52892560581287,-4.264279773888652,-3.5159622238216075
-0.13641357421875,-12.967700376799026,-3.955084741156269,-3.3132113102491485
-0.1361083984375,-14.940554636852221,-3.648090382738417,-3.161361571409804
-0.13580322265625,-17.19514091113224,-3.3792937798286755,-3.0575385573799623
-0.135498046875,-18.433678345609493,-3.181176157837303,-3.0002293779261873
-0.13519287109375,-17.28596848538404,-3.0805995514998123,-2.989527237735454
-0.1348876953125,-15.129882739911494,-3.0989658571825727,-3.0273051392603505
-0.13458251953125,-13.27298184218865,-3.253480989470596,-3.1173183807016724
-0.13427734375,-11.978419621828124,-3.55873932119918,-3.2652394404050944
-0.13397216796875,-11.227880756865174,-4.0282689936738585,-3.478636322267137
-0.1336669921875,-10.980627969571124,-4.675956720955854,-3.7669157560646087
-0.13336181640625,-11.218503642721934,-5.517410965347306,-4.141264252098891
-0.133056640625,-11.948255241889424,-6.571377290982828,-4.61463173202286
-0.13275146484375,-13.187054034088465,-7.861306612429432,-5.201815435430604
-0.1324462890625,-14.896294999795765,-9.417005474094179,-5.91972176218925
-0.13214111328125,-16.725054852930363,-11.275512302054974,-6.787924323847809
-0.1318359375,-17.569791094586712,-13.477016283019388,-7.829726697025505
-0.13153076171875,-16.62688977501919,-16.037691987960777,-9.074140926754522
-0.1312255859375,-14.931211354508623,-18.828605054869694,-10.559650843338083
-0.13092041015625,-13.483093479203314,-21.208545970023973,-12.341681025468915
-0.130615234375,-12.571454499673578,-21.955796638715345,-14.508118041701952
-0.13031005859375,-12.23504924223599,-21.04029575812872,-17.212220884060308
-0.1300048828125,-12.464075906332667,-19.60740857859795,-20.730695661320443
-0.12969970703125,-13.203662876063976,-18.22183963363399,-25.296785657043856
-0.12939453125,-14.183314010067553,-16.95938736081229,-27.463505281619657
-0.12908935546875,-14.538881479409136,-15.784462708603737,-23.387354522604706
-0.1287841796875,-13.287749937526529,-14.673225130003473,-19.445786899664988
-0.12847900390625,-10.974779688510118,-13.630400770381332,-16.478760930023235
-0.128173828125,-8.634794937693048,-12.676731977131613,-14.151928539410392
-0.12786865234375,-6.662117104845312,-11.8349049540213,-12.266171761511192
-0.1275634765625,-5.1110658312428034,-11.122088852628632,-10.723378278725232
-0.12725830078125,-3.954212876420738,-10.548233653804829,-9.47496250845664
-0.126953125,-3.1576838552191075,-10.117140804876117,-8.496668274363948
-0.12664794921875,-2.697738395989164,-9.828189057531462,-7.777296976893454
-0.1263427734375,-2.563490389982015,-9.677769269464823,-7.313969229642491
-0.12603759765625,-2.7573110369401723,-9.660149391918859,-7.110476317589423
-0.125732421875,-3.2957639931290768,-9.767724652109932,-7.177185471112674
-0.12542724609375,-4.211514412759137,-9.990608306720107,-7.531775656876655
-0.1251220703125,-5.5542930919923155,-10.315412453654227,-8.200150827440485
-0.12481689453125,-7.378999891095156,-10.722940230297596,-9.215725855715595
-0.12451171875,-9.65956098731287,-11.184511528125714,-10.61017483357169
-0.12420654296875,-11.892942473128542,-11.657171728795353,-12.369312052770471
-0.1239013671875,-12.538985782750867,-12.079853581921665,-14.27164286782023
-0.12359619140625,-11.129214408068044,-12.376065378414413,-15.563841683961856
-0.123291015625,-9.271393726694356,-12.470748093552647,-15.357924780204401
-0.12298583984375,-7.821800191161872,-12.320790581503502,-14.09713224781482
-0.1226806640625,-6.913195506449595,-11.939580882800945,-12.78117564030479
-0.12237548828125,-6.519818050260291,-11.392385145475208,-11.864924070799105
-0.1220703125,-6.60760430881799,-10.767172372674489,-11.47420095952919
-0.12176513671875,-7.150052051738111,-10.14665166676793,-11.66887369210377
-0.1214599609375,-8.093991448772096,-9.596074371473703,-12.553565495579447
-0.12115478515625,-9.24429450638707,-9.163691035233319,-14.37595161385669
-0.120849609375,-10.034951402405872,-8.886256939704811,-17.804606698977985
-0.12054443359375,-9.666635677481377,-8.795176744072638,-25.526409682833663
-0.1202392578125,-8.175155346072986,-8.922161490586355,-26.92046926134114
-0.11993408203125,-6.352711559252376,-9.30498005114719,-17.17199331822332
-0.11962890625,-4.706366633416317,-9.994899500222237,-12.535718247312403
-0.11932373046875,-3.383885666233899,-11.068961134444109,-9.6160401126604
-0.1190185546875,-2.395991373398104,-12.654334801424048,-7.617891957730354
-0.11871337890625,-1.719526093512667,-14.984240923934014,-6.237052274221169
-0.118408203125,-1.3283427579853484,-18.538695204091567,-5.329859945827744
-0.11810302734375,-1.200546147370076,-24.11062022400483,-4.823257706554131
-0.1177978515625,-1.3188092221408076,-25.251913974026515,-4.683035237804807
-0.11749267578125,-1.6683854662908681,-19.48747646517069,-4.901939871405395
-0.1171875,-2.233592537765461,-15.712697514181201,-5.497237316376749
-0.11688232421875,-2.992114826034942,-13.340437767138686,-6.515626654518979
-0.1165771484375,-3.9059183316863866,-11.842121708886124,-8.048168702533687
-0.11627197265625,-4.908623924258523,-10.983991518172353,-10.263724035144168
-0.115966796875,-5.895051617913307,-10.66742966973656,-13.467788581788799
-0.11566162109375,-6.731659188985578,-10.871787856827535,-17.915883749376057
-0.1153564453125,-7.309747147329281,-11.644205805617604,-19.964962943734744
-0.11505126953125,-7.617016904002536,-13.126821538668485,-16.055706410254967
-0.11474609375,-7.749413234774818,-15.660062331917175,-12.629757376114934
-0.11444091796875,-7.8480417669436475,-20.154322862750135,-10.392676435400901
-0.1141357421875,-8.03608475262586,-27.974913257181765,-8.977815915609616
-0.11383056640625,-8.399079500831993,-21.542226878004925,-8.159219229211146
-0.113525390625,-8.993098684846156,-15.598578891009542,-7.815771867122512
-0.11322021484375,-9.858886660286457,-12.072416939899712,-7.883500312756656
-0.1129150390625,-11.033439771788965,-9.71870987498064,-8.331476619113126
-0.11260986328125,-12.557895077759223,-8.076791428088573,-9.148570842156971
-0.1123046875,-14.480219691874387,-6.934372244365903,-10.33127426774598
-0.11199951171875,-16.8399693594574,-6.176121987855337,-11.85917407100467
-0.1116943359375,-19.571642856134773,-5.73073042412939,-13.62767277573695
-0.11138916015625,-22.119412947487124,-5.547828324608524,-15.29587272472943
-0.111083984375,-23.049087134617473,-5.585549845706694,-16.20916525556684
-0.11077880859375,-22.012805903235943,-5.802297558782319,-15.99316307963427
-0.1104736328125,-20.389670044736548,-6.150786242247563,-15.112431123817924
-0.11016845703125,-18.89172798486815,-6.5751210654834935,-14.161273802291657
-0.10986328125,-17.58471418034077,-7.013754243601228,-13.390958766910623
-0.10955810546875,-16.39032341299402,-7.410903602337741,-12.826722230377312
-0.1092529296875,-15.245023310414075,-7.7333499678169835,-12.401911854092255
-0.10894775390625,-14.128666997777144,-7.9811076889618775,-12.019217393619979
-0.108642578125,-13.052991253395383,-8.180881785385933,-11.588786529237932
-0.10833740234375,-12.04109401635763,-8.364075042809672,-11.061625610952468
-0.1080322265625,-11.112563254709462,-8.541209872423927,-10.444598206451516
-0.10772705078125,-10.27728674502728,-8.683279031061215,-9.785303251137798
-0.107421875,-9.534963070606448,-8.718921419059084,-9.14143257882014
-0.10711669921875,-8.876971787951263,-8.559976608865304,-8.5574567264966
-0.1068115234375,-8.288875476010007,-8.155987463159738,-8.055935113391257
-0.10650634765625,-7.7531212904374005,-7.537906698126689,-7.638262371365091
-0.106201171875,-7.252015797633731,-6.804700483485741,-7.288989800730695
-0.10589599609375,-6.770940112831551,-6.071290083926763,-6.981458810939952
-0.1055908203125,-6.301353638319544,-5.4301234422380285,-6.684818382166698
-0.10528564453125,-5.8428006362569365,-4.942403600334506,-6.372412928467287
-0.10498046875,-5.4032610595824595,-4.64496623016465,-6.02973507513436
-0.10467529296875,-4.997810523158349,-4.559476982959392,-5.658702211262293
-0.1043701171875,-4.64625337993393,-4.698854720608027,-5.276173626099345
-0.10406494140625,-4.370677991496609,-5.069928100057039,-4.907920583048978
-0.103759765625,-4.193660056676648,-5.6717300332982195,-4.581517937364964
-0.10345458984375,-4.137396698404809,-6.4873349765067285,-4.321030219780529
-0.1031494140625,-4.223704277534461,-7.4649743609477905,-4.144311912995846
-0.10284423828125,-4.474666494496865,-8.4860882725881,-4.062257333690729
-0.1025390625,-4.9137137022336415,-9.341667318233645,-4.078971549660423
-0.10223388671875,-5.566917995454458,-9.794025942305737,-4.192110710149122
-0.1019287109375,-6.4641034494214455,-9.759783140737543,-4.393063011912051
-0.10162353515625,-7.6385052100775885,-9.399287064431714,-4.667026029163693
-0.101318359375,-9.120540972251051,-8.966118176660792,-4.993379819709239
-0.10101318359375,-10.91043484509493,-8.650613656636937,-5.347037190822838
-0.1007080078125,-12.884095251904046,-8.552786397884805,-5.7014856558751
-0.10040283203125,-14.574306564682642,-8.708725194961918,-6.033680743477747
-0.10009765625,-15.173464330878142,-9.10657087977617,-6.329700709536008
-0.09979248046875,-14.536562781932911,-9.675183027369297,-6.588858701015542
-0.0994873046875,-13.438372039222596,-10.247969779146903,-6.824146363584025
-0.09918212890625,-12.471792898995153,-10.54802482836415,-7.05882086462611
-0.098876953125,-11.82145472177439,-10.315024286848871,-7.321061192747403
-0.09857177734375,-11.484842498521218,-9.544174311097722,-7.639108878022656
-0.0982666015625,-11.378451776765937,-8.484192761720218,-8.038218390897123
-0.09796142578125,-11.355605434175295,-7.398093517170742,-8.539389096389884
-0.09765625,-11.217886784858255,-6.439427289884259,-9.159094526210444
-0.09735107421875,-10.787625985061645,-5.670896657245253,-9.909001563380398
-0.0970458984375,-10.026258972853823,-5.107555414170393,-10.794528675419544
-0.09674072265625,-9.057352157259116,-4.743561734971273,-11.810628359440383
-0.096435546875,-8.059634905455766,-4.564698590922918,-12.932274845260888
-0.09613037109375,-7.172374357949919,-4.553727003420624,-14.096837245641058
-0.0958251953125,-6.477342681040187,-4.692876098976587,-15.181170014113148
-0.09552001953125,-6.017217771036992,-4.965651459351472,-15.999499927479269
-0.09521484375,-5.815535013278268,-5.35905505841847,-16.375586112742432
-0.09490966796875,-5.889797247674036,-5.866680820985884,-16.274035933235808
-0.0946044921875,-6.259303940788859,-6.492669785043223,-15.83168395671634
-0.09429931640625,-6.950157549138758,-7.256250173526185,-15.241458045574827
-0.093994140625,-7.998376418446453,-8.196913938424364,-14.648633225470567
-0.09368896484375,-9.448207715556599,-9.381624210185612,-14.132454644583339
-0.0933837890625,-11.32866809272646,-10.918295734146703,-13.726835107604288
-0.09307861328125,-13.536264437309924,-12.985259191636606,-13.44156622029062
-0.0927734375,-15.448446647677601,-15.892188893970827,-13.275577723161046
-0.09246826171875,-15.79398490141976,-20.056242749117324,-13.224362780312354
-0.0921630859375,-14.56735339949658,-23.197320542364004,-13.284462970197563
-0.09185791015625,-13.060470166696511,-19.345589076880028,-13.456821986604076
-0.091552734375,-11.93244640756906,-15.228395962520406,-13.749965249276492
-0.09124755859375,-11.32399624376262,-12.379533235583864,-14.183608746623586
-0.0909423828125,-11.255440581383853,-10.391807391800462,-14.793508870112927
-0.09063720703125,-11.760217952061183,-9.000347280964435,-15.639439035305195
-0.09033203125,-12.93967925364916,-8.062913332083362,-16.821214721209447
-0.09002685546875,-15.046972520617912,-7.501705620135732,-18.51703082791677
-0.0897216796875,-18.77613384551965,-7.2751814175615905,-21.095326528406627
-0.08941650390625,-27.20461487538399,-7.365217958550609,-25.570345332238688
-0.089111328125,-29.451648672293057,-7.771715040189484,-38.168800604115894
-0.08880615234375,-18.97636015132773,-8.511231784332855,-29.696381557686973
-0.0885009765625,-14.492118482758968,-9.61758815279307,-21.793598091976193
-0.08819580078125,-11.779517242268101,-11.139721269533782,-17.549443742846307
-0.087890625,-10.00202434614705,-13.11458778688185,-14.651744878009547
-0.08758544921875,-8.849563039154951,-15.40950258525844,-12.496155805402378
-0.0872802734375,-8.179095057576115,-17.155355881864153,-10.835217534068297
-0.08697509765625,-7.92038014572192,-16.781341198649145,-9.544597919927963
-0.086669921875,-8.042709395505586,-14.805050115393207,-8.553981456028776
-0.08636474609375,-8.540491000166163,-12.732846255905912,-7.820392033412672
-0.0860595703125,-9.422602392007986,-11.046910334815008,-7.315845497206617
-0.08575439453125,-10.688612650996909,-9.765714782764913,-7.020551213816455
-0.08544921875,-12.244459086418136,-8.826508317566285,-6.918175175316506
-0.08514404296875,-13.652434881992113,-8.168510988577246,-6.991326148244291
-0.0848388671875,-13.936604223634738,-7.743979867326976,-7.2159374687349125
-0.08453369140625,-12.685014591098149,-7.516414008161196,-7.553618421258676
-0.084228515625,-10.78298641685677,-7.457462586653165,-7.942605620235544
-0.08392333984375,-8.974385906741677,-7.544468307375098,-8.292680151984191
-0.0836181640625,-7.480352315768765,-7.758750034846296,-8.49701504275196
-0.08331298828125,-6.316768295906937,-8.08445115046355,-8.47187944387641
-0.0830078125,-5.453037247236158,-8.507798558371025,-8.204738547878481
-0.08270263671875,-4.856007416020275,-9.016675386795454,-7.763001171393453
-0.0823974609375,-4.499414154145284,-9.600455577860606,-7.2531128970143275
-0.08209228515625,-4.3647323139663055,-10.250065077479977,-6.774023819837484
-0.081787109375,-4.440228540846521,-10.958209214130294,-6.396944059952354
-0.08148193359375,-4.719829245867411,-11.71962763429515,-6.166555062138647
-0.0811767578125,-5.201990055637812,-12.531107034653582,-6.109116189919464
-0.08087158203125,-5.888172645604765,-13.390820203409232,-6.23955538660836
-0.08056640625,-6.779862631482262,-14.296416937989875,-6.565341199188818
-0.08026123046875,-7.871639153894173,-15.241265942530893,-7.086689205920809
-0.0799560546875,-9.13484676535928,-16.208595921589513,-7.792184331672635
-0.07965087890625,-10.482704223845571,-17.1646870647726,-8.647600176556077
-0.079345703125,-11.71663673911193,-18.055767052668678,-9.575700735631434
-0.07904052734375,-12.520902671605716,-18.817982541437136,-10.433479497797883
-0.0787353515625,-12.65609972167731,-19.407445543392768,-11.022345024727509
-0.07843017578125,-12.218293356236467,-19.83724160056608,-11.18428941030955
-0.078125,-11.531044942728803,-20.18885188254705,-10.929507625395406
-0.07781982421875,-10.866500784162664,-20.585761099460143,-10.423817371073179
-0.0775146484375,-10.367002208984227,-21.152228197955154,-9.854643744845932
-0.07720947265625,-10.090158825930962,-21.968380880295655,-9.346595948423737
-0.076904296875,-10.05327068583419,-22.971747955687547,-8.95864762859461
-0.07659912109375,-10.253277524942504,-23.700750465834822,-8.70774057228958
-0.0762939453125,-10.667777791687001,-23.21662926846985,-8.588718311711377
-0.07598876953125,-11.239887916469955,-21.31819738147289,-8.586968563834592
-0.07568359375,-11.847817755586261,-18.92927553612855,-8.687001474446927
-0.07537841796875,-12.280620086426586,-16.715208827830477,-8.879536293924641
-0.0750732421875,-12.295731613096088,-14.870242575386808,-9.16782037610055
-0.07476806640625,-11.798712832152908,-13.415814867859337,-9.572692981177122
-0.074462890625,-10.939172290030454,-12.337987719915478,-10.13601982947652
-0.07415771484375,-9.9669502477851,-11.62727689953035,-10.923333184313634
-0.0738525390625,-9.074160794901498,-11.290531733432418,-12.027069807599108
-0.07354736328125,-8.367339725595457,-11.358039045262585,-13.56582586625661
-0.0732421875,-7.899476662653022,-11.89395508461244,-15.628924887551802
-0.07293701171875,-7.700825049977205,-13.014317932241726,-17.84110306605289
-0.0726318359375,-7.797984271540244,-14.901658684653507,-18.111418151100477
-0.07232666015625,-8.226436519555849,-17.61233028191541,-15.46621241011653
-0.072021484375,-9.042849660461993,-19.15281603408031,-12.350772510634123
-0.07171630859375,-10.344200541857143,-16.0291635121044,-9.760834917125262
-0.0714111328125,-12.306142870861581,-11.975671165477843,-7.72526352721968
-0.07110595703125,-15.2628193292482,-8.74494179857351,-6.14868069472819
-0.07080078125,-19.684686848622622,-6.24044089763347,-4.953876109831915
-0.07049560546875,-22.31651714843882,-4.271285185921071,-4.090617760374626
-0.0701904296875,-17.684778145793764,-2.71136848309496,-3.5294485258088977
-0.06988525390625,-13.601313092415557,-1.482092181704835,-3.2564538552774125
-0.069580078125,-10.836119278724333,-0.5338174871700893,-3.2701391079416027
-0.06927490234375,-8.913744104492974,0.16501528038635663,-3.5794715063473004
-0.0689697265625,-7.565995346242369,0.6339223557150803,-4.201055992571991
-0.06866455078125,-6.648063718604886,0.8836977484119215,-5.149724396482746
-0.068359375,-6.075805322334475,0.9181545406981249,-6.403968146140013
-0.06805419921875,-5.796275820383192,0.7348503470879676,-7.7938826151205145
-0.0677490234375,-5.772463449664208,0.3250569664657169,-8.77103626278849
-0.06744384765625,-5.973354700408091,-0.3269205883148386,-8.536097789888064
-0.067138671875,-6.364928678523621,-1.2449806030618251,-7.123469708224421
-0.06683349609375,-6.899498408002353,-2.462560333199944,-5.342557650100219
-0.0665283203125,-7.503075526094118,-4.021838556947836,-3.715322315780493
-0.06622314453125,-8.066811014891579,-5.960995210980993,-2.397977540051954
-0.06591796875,-8.460083111595752,-8.249308944910913,-1.4081623450446246
-0.06561279296875,-8.581810603398344,-10.545146045133906,-0.7304022280441312
-0.0653076171875,-8.422294941795244,-11.825085956377393,-0.34818896925689546
-0.06500244140625,-8.067945207644861,-11.372841202148354,-0.252564152892511
-0.064697265625,-7.642673460833267,-10.130815896064494,-0.44451368372281197
-0.06439208984375,-7.252005696487364,-9.05009296022593,-0.9363829859834206
-0.0640869140625,-6.965190870604292,-8.433620349645562,-1.7539155354044635
-0.06378173828125,-6.821510148693952,-8.343390181396273,-2.9390662867653146
-0.0634765625,-6.841790743204827,-8.81295296508083,-4.550724949693309
-0.06317138671875,-7.037506533573038,-9.916013467156736,-6.645511102456202
-0.0628662109375,-7.416676721030939,-11.800506798959816,-9.14556923457326
-0.06256103515625,-7.9876396392990845,-14.644038149344967,-11.286640998327627
-0.062255859375,-8.761848738813132,-17.622166972528564,-11.364156599105485
-0.06195068359375,-9.756660056004442,-16.37962332490289,-9.664007427229276
-0.0616455078125,-10.999162875337088,-12.584565095294494,-7.861990504685648
-0.06134033203125,-12.532783569458294,-9.509387789990175,-6.544764109762252
-0.06103515625,-14.430529375156622,-7.292518222693143,-5.76179160872634
-0.06072998046875,-16.825459996664033,-5.717841504189072,-5.476657778917953
-0.0604248046875,-19.994168211982572,-4.6352743061461865,-5.665445355643376
-0.06011962890625,-24.659400797687475,-3.9544698987321154,-6.330997984140181
-0.059814453125,-33.97834232218516,-3.621552373342724,-7.496997097293047
-0.05950927734375,-34.875013766166695,-3.6044431812742643,-9.166172826287095
-0.0592041015625,-25.676114041007484,-3.8831552946433785,-11.120041142974209
-0.05889892578125,-21.35875088333365,-4.440341042842121,-12.348364424193392
-0.05859375,-18.468790223803243,-5.246217466872181,-11.521810832149002
-0.05828857421875,-16.23400092441573,-6.228766369031803,-9.457698490194588
-0.0579833984375,-14.371930780455486,-7.222341136052549,-7.459546975350896
-0.05767822265625,-12.76266256054406,-7.932167192284325,-5.905802457910367
-0.057373046875,-11.353733773442903,-8.057506330604363,-4.810050811434542
-0.05706787109375,-10.122298022551846,-7.580793939863559,-4.124416617774165
-0.0567626953125,-9.058030656011475,-6.789484583072566,-3.806488466122806
-0.05645751953125,-8.155361444073483,-5.99061741568619,-3.8291975907918423
-0.05615234375,-7.410161543507336,-5.364685339179303,-4.1803054496552905
-0.05584716796875,-6.818487609521641,-4.993603549276913,-4.861134305896281
-0.0555419921875,-6.376204029910188,-4.913989492384582,-5.886388553749296
-0.05523681640625,-6.078945405871713,-5.1494963869587815,-7.2853059030352165
-0.054931640625,-5.9222104252072585,-5.727516825493933,-9.10366359204335
-0.05462646484375,-5.901543417666797,-6.689303015196639,-11.403833113927961
-0.0543212890625,-6.012846295558253,-8.097462916556658,-14.249388841078158
-0.05401611328125,-6.2529143865706605,-10.033860392189254,-17.615604838885655
-0.0537109375,-6.620321079382528,-12.526902472699488,-21.056441244718584
-0.05340576171875,-7.11678898085922,-15.084022522395045,-23.422129880832493
-0.0531005859375,-7.749175437772671,-15.72207234120061,-24.569007039114354
-0.05279541015625,-8.532168100128885,-13.857145978810424,-25.96204475394639
-0.052490234375,-9.491720102039771,-11.64690815249213,-27.536597714494484
-0.05218505859375,-10.668983396973797,-9.971060740579668,-24.984709316933767
-0.0518798828125,-12.122940221027282,-8.885996634059936,-20.115690804025398
-0.05157470703125,-13.921311863792251,-8.331789879291259,-16.160825622477752
-0.05126953125,-16.064511732706716,-8.269952178840512,-13.187764788259233
-0.05096435546875,-18.114646600473744,-8.701938040289454,-10.941952274527328
-0.0506591796875,-18.550566000733813,-9.675139160697983,-9.245637832506135
-0.05035400390625,-16.711292250254985,-11.289695890172595,-7.9854271820301435
-0.050048828125,-14.215931330188132,-13.657401960789382,-7.086517277496954
-0.04974365234375,-11.998923951341208,-16.371260285916765,-6.496791182880985
-0.0494384765625,-10.199539754191818,-16.606294700564423,-6.1772354856682545
-0.04913330078125,-8.773973094221397,-13.548258118951802,-6.095456605153938
-0.048828125,-7.663471891622901,-10.408168538813003,-6.220375166058845
-0.04852294921875,-6.82143370980012,-7.974161874344031,-6.5169539207517815
-0.0482177734375,-6.213895493792251,-6.1444235716359294,-6.940500440146411
-0.04791259765625,-5.816438396607008,-4.777084322601402,-7.431362512895739
-0.047607421875,-5.611533762310632,-3.7725472249234295,-7.913319067845538
-0.04730224609375,-5.586797594022601,-3.064233728438011,-8.301675942034118
-0.0469970703125,-5.7340552603447525,-2.6065186063921457,-8.52480618741901
-0.04669189453125,-6.049130580477689,-2.3668039664567133,-8.550299683431499
-0.04638671875,-6.5323967599489805,-2.320567272618201,-8.395045088418282
-0.04608154296875,-7.190294860510114,-2.4480975360428068,-8.109825150440905
-0.0457763671875,-8.038287968804891,-2.7320924940966718,-7.753238559976321
-0.04547119140625,-9.10624655017547,-3.155587267838445,-7.373715888521551
-0.045166015625,-10.448550656259252,-3.6998415006067606,-7.003895282867784
-0.04486083984375,-12.164864156937119,-4.341921888535971,-6.661727584807987
-0.0445556640625,-14.449852529488119,-5.051912951820147,-6.352686165183647
-0.04425048828125,-17.743049586604076,-5.790181906552845,-6.070792542893272
-0.0439453125,-23.403961682741937,-6.506144325652236,-5.798838600886014
-0.04364013671875,-41.12415004651078,-7.141323295946954,-5.509759160469389
-0.0433349609375,-23.897492163661585,-7.639566347379363,-5.171652412061291
-0.04302978515625,-17.702452046947855,-7.963280679421646,-4.757589198397345
-0.042724609375,-14.120493890277457,-8.107199327233678,-4.257431149228638
-0.04241943359375,-11.629090910499277,-8.099256265869071,-3.68506376922928
-0.0421142578125,-9.755309553581942,-7.987698080402502,-3.0760533363128295
-0.04180908203125,-8.2893576615803,-7.82419130606664,-2.4777069664344333
-0.04150390625,-7.118196735052282,-7.652264190479325,-1.9382693011012213
-0.04119873046875,-6.171933460010159,-7.503191365346117,-1.5002461013440358
-0.0408935546875,-5.4021305184789465,-7.396809061290322,-1.1985267757259948
-0.04058837890625,-4.771704453571521,-7.344450247223322,-1.0615836304381108
-0.040283203125,-4.249861875904733,-7.352465296448489,-1.1139462612594
-0.03997802734375,-3.809626647322105,-7.425774690805172,-1.3789114036955785
-0.0396728515625,-3.4269423510893264,-7.571255543443199,-1.8810675911946215
-0.03936767578125,-3.0808376834372635,-7.800764727733485,-2.648388186282533
-0.0390625,-2.7542477414554343,-8.133576151123993,-3.713132400802357
-0.03875732421875,-2.4350264152481564,-8.598152667930384,-5.108535957081022
-0.0384521484375,-2.116644686470023,-9.233445560415907,-6.850335468206634
-0.03814697265625,-1.7981826556707179,-10.089974891114899,-8.86763357318483
-0.037841796875,-1.4835032396707792,-11.229838733994232,-10.8124764205156
-0.03753662109375,-1.17981100285724,-12.718967841550537,-11.908866949856137
-0.0372314453125,-0.8959799865785113,-14.578790958952151,-11.726393034465655
-0.03692626953125,-0.6410126391784355,-16.568477655380686,-10.932743892715157
-0.03662109375,-0.422836786044141,-17.67192061386266,-10.280364393166332
-0.03631591796875,-0.24747843462517333,-16.80469753570425,-10.093817127608695
-0.0360107421875,-0.11854422630591521,-14.875251696048657,-10.484068883953872
-0.03570556640625,-0.036924242116878996,-13.059401017368067,-11.480389176405513
-0.035400390625,-0.0006624165155680519,-11.717408077504562,-12.913662180274377
-0.03509521484375,-0.0050090646933667006,-10.898313754419915,-13.833796657307108
-0.0347900390625,-0.04274090725032097,-10.60790646323128,-12.665870911389588
-0.03448486328125,-0.10487718535285127,-10.88112069812658,-10.061805777668134
-0.0341796875,-0.18189451624313183,-11.81354849553256,-7.500690411722086
-0.03387451171875,-0.26541002814965403,-13.595393964547583,-5.420589127730161
-0.0335693359375,-0.35007116019939477,-16.453137518109877,-3.830598763872017
-0.03326416015625,-0.43516382251275065,-19.062708558380123,-2.671949263797184
-0.032958984375,-0.5253992246953259,-16.36632442367781,-1.8938945596289691
-0.03265380859375,-0.6305669010949069,-12.033027006488183,-1.4638752973478253
-0.0323486328125,-0.7641470209137285,-8.712026871638775,-1.3668635127657067
-0.03204345703125,-0.9413029155823615,-6.266846378243206,-1.6048349351923352
-0.03173828125,-1.1767319266180072,-4.455207624777422,-2.199041632597541
-0.03143310546875,-1.4826573023449479,-3.1300199424122175,-3.1973763496281107
-0.0311279296875,-1.8669607147407286,-2.206875099300263,-4.692373357346798
-0.03082275390625,-2.3312466259701297,-1.6389240279771442,-6.866876581794434
-0.030517578125,-2.8686015511770884,-1.4041707709037408,-10.1328861685151
-0.03021240234375,-3.4610713223101635,-1.500067833823496,-15.745760817343061
-0.0299072265625,-4.07759462388784,-1.9428592470889592,-34.73279788843896
-0.02960205078125,-4.674349536671267,-2.7711915923943176,-18.05957988197557
-0.029296875,-5.200433065954055,-4.054954842162519,-11.98852516307861
-0.02899169921875,-5.610246939889295,-5.909744529800447,-8.869868969119404
-0.0286865234375,-5.878175361050413,-8.49616357036435,-6.981496410470314
-0.02838134765625,-6.0055533827779195,-11.763091462101302,-5.810270488557236
-0.028076171875,-6.013610456127435,-13.649557703019843,-5.1297654668603325
-0.02777099609375,-5.92767572708407,-11.428996429180739,-4.8156450098873655
-0.0274658203125,-5.764034062339758,-8.412270850405438,-4.786655684264133
-0.02716064453125,-5.526522697605247,-6.146225526267909,-4.9803022394652885
-0.02685546875,-5.212724185066374,-4.595738926660918,-5.341683407646109
-0.02655029296875,-4.824803731770951,-3.6075650998705946,-5.819773047921908
-0.0262451171875,-4.378174688670137,-3.0787231081372237,-6.369944291567149
-0.02593994140625,-3.9030831007935523,-2.9501417712033637,-6.961512714760928
-0.025634765625,-3.4393997511031897,-3.1929572263937263,-7.586268527289958
-0.02532958984375,-3.029071308084771,-3.8004831596614204,-8.261678966657886
-0.0250244140625,-2.7105049611101713,-4.784368658435472,-9.024305306249405
-0.02471923828125,-2.5163554380538793,-6.172184065988824,-9.912820639399175
-0.0244140625,-2.474003096105695,-8.000193910912841,-10.938232982620622
-0.02410888671875,-2.6074749840168647,-10.278377774559734,-12.028995827887716
-0.0238037109375,-2.939952795267872,-12.844306944715392,-12.94531340420934
-0.02349853515625,-3.496560541236965,-14.976188191956032,-13.276131121768906
-0.023193359375,-4.307540180288861,-15.555959691692326,-12.774004195430361
-0.02288818359375,-5.4121917868563285,-14.878846930631394,-11.683711248106032
-0.0225830078125,-6.864006769305973,-14.089164675416244,-10.437138016587323
-0.02227783203125,-8.736410831119866,-13.645795929628452,-9.305884997922263
-0.02197265625,-11.12111153734421,-13.473604260552294,-8.395327607540075
-0.02166748046875,-14.065197118712277,-13.200164588003528,-7.728832532757338
-0.0213623046875,-17.165262885162292,-12.366305048654985,-7.298121163716171
-0.02105712890625,-18.615992442696193,-10.87994975588771,-7.083700903375182
-0.020751953125,-17.593854474627225,-9.094414573223847,-7.061573892680281
-0.02044677734375,-16.1749356582157,-7.37354499915912,-7.204483373907781
-0.0201416015625,-15.403879640932201,-5.89687562035309,-7.481097661782412
-0.01983642578125,-15.44845059159231,-4.720576599162944,-7.854679056965996
-0.01953125,-16.34473914368878,-3.8506299418767904,-8.282340156173484
-0.01922607421875,-18.019456436565413,-3.278519652419371,-8.716067770413996
-0.0189208984375,-19.392473954706738,-2.9951875881351615,-9.106632448333471
-0.01861572265625,-17.751185970985944,-2.9961653074026433,-9.41061998073698
-0.018310546875,-14.23446010672167,-3.283489024898988,-9.598922857560899
-0.01800537109375,-11.044804739698236,-3.866226808821506,-9.66325397691989
-0.0177001953125,-8.51237005569599,-4.759108336720764,-9.617555613284754
-0.01739501953125,-6.531811382162709,-5.974938640893722,-9.493892719863586
-0.01708984375,-4.988256359078349,-7.495411206847543,-9.335231038501144
-0.01678466796875,-3.799858517005233,-9.175911168747046,-9.188207305918636
-0.0164794921875,-2.911329372686133,-10.536420980015642,-9.097840888540942
-0.01617431640625,-2.285599605715448,-10.792388511049705,-9.104630587336587
-0.015869140625,-1.8982156557342234,-9.817546598569614,-9.243537921150768
-0.01556396484375,-1.7339436635160892,-8.349230282758715,-9.544010319739533
-0.0152587890625,-1.7848108765306916,-6.954142039362753,-10.030129955386533
-0.01495361328125,-2.0490716428848597,-5.821003930341945,-10.719851478861901
-0.0146484375,-2.5307666228394554,-4.977211610026705,-11.621782124786805
-0.01434326171875,-3.2395701824569874,-4.40782462944439,-12.726654456069985
-0.0140380859375,-4.190366728060348,-4.094105843876533,-13.98833248212531
-0.01373291015625,-5.4010052698949975,-4.024070702911337,-15.288409106569373
-0.013427734375,-6.883477273235748,-4.194756831419377,-16.394213428944514
-0.01312255859375,-8.614240014508423,-4.611788518758615,-16.98080471142672
-0.0128173828125,-10.44862523135373,-5.2866158557031495,-16.812875799225317
-0.01251220703125,-11.96090159799944,-6.2277337907231995,-15.931065461414331
-0.01220703125,-12.510185754518478,-7.413657492534265,-14.566804185794904
-0.01190185546875,-11.985399976133237,-8.717574209581496,-12.956876846115692
-0.0115966796875,-10.984999512307693,-9.763092015779645,-11.279038846455613
-0.01129150390625,-10.028862523836466,-9.94555371155145,-9.657926769499088
-0.010986328125,-9.324803480830209,-9.073814649824232,-8.177346434425985
-0.01068115234375,-8.92267249073405,-7.668462421268709,-6.890873824057105
-0.0103759765625,-8.820667627959477,-6.263361383863789,-5.832249746750744
-0.01007080078125,-9.00273442139257,-5.097158463261496,-5.024663414968009
-0.009765625,-9.445437231705805,-4.238791512122376,-4.488314343814067
-0.00946044921875,-10.109553176352922,-3.699139203575508,-4.24683847213052
-0.0091552734375,-10.917473218867062,-3.475447623435876,-4.334060469820464
-0.00885009765625,-11.717378920700831,-3.5640104218495794,-4.803601945095512
-0.008544921875,-12.26551740329291,-3.9579314571748676,-5.746649836922396
-0.00823974609375,-12.314953692937431,-4.628760277985834,-7.332288899112935
-0.0079345703125,-11.81045025228145,-5.474767576001982,-9.92128210924257
-0.00762939453125,-10.929884439912653,-6.217136527796873,-14.511820531934811
-0.00732421875,-9.901897451976613,-6.35601352070567,-25.79215559653839
-0.00701904296875,-8.8721307731239,-5.548462873695287,-18.07939902567335
-0.0067138671875,-7.899870367318552,-4.061293445785318,-11.115224379728431
-0.00640869140625,-6.995840110341762,-2.3951202536234204,-7.439968054145201
-0.006103515625,-6.152066041804649,-0.846316735442588,-5.142460307086481
-0.00579833984375,-5.358549127986791,0.4814590613756487,-3.682652823673365
-0.0054931640625,-4.610844690230684,1.56954391250414,-2.8545046709351096
-0.00518798828125,-3.911919808569007,2.426602878439193,-2.5863056222969236
-0.0048828125,-3.2706953503796345,3.066610123166334,-2.8920106352247528
-0.00457763671875,-2.699256798532406,3.5012740684463632,-3.881186301164605
-0.0042724609375,-2.2101777724693545,3.7374508159519717,-5.844418897717118
-0.00396728515625,-1.8146619584504162,3.776020077945118,-9.611250949278753
-0.003662109375,-1.5215802245274122,3.610887498806894,-19.156993267807366
-0.00335693359375,-1.3371525431180487,3.227479299035471,-15.207171226321844
-0.0030517578125,-1.264959447365765,2.600232005574579,-6.583836854143145
-0.00274658203125,-1.306033823810779,1.6885300531689595,-2.0745634137913913
-0.00244140625,-1.4588807136838056,0.4308681151965246,0.9544404879864387
-0.00213623046875,-1.7193605391562037,-1.2592845332906393,3.176763935587773
-0.0018310546875,-2.080451481439072,-3.466104948088965,4.866061942618436
-0.00152587890625,-2.5319989066654607,-6.019217937538212,6.160116624793699
-0.001220703125,-3.0606799698862868,-7.441810106520209,7.13719814702554
-0.00091552734375,-3.6505465222626166,-5.844719745366932,7.844930597194954
-0.0006103515625,-4.28458076801771,-3.0634917292363144,8.3131204238223
-0.00030517578125,-4.947550437710783,-0.6229097358379819,8.560055337454532
0.0,-5.629948465187377,1.2885778966179955,8.595731561139544
0.00030517578125,-6.332076217163128,2.750587776799703,8.423416027638936
0.0006103515625,-7.066928497910219,3.847448836059877,8.040122943410088
0.00091552734375,-7.861058438242159,4.639107839157137,7.436167040785071
0.001220703125,-8.753947759768756,5.165141763687703,6.593641133599997
0.00152587890625,-9.797761097851517,5.4506483412051505,5.483254307953484
0.0018310546875,-11.06021451925356,5.510308251733369,4.058157237630682
0.00213623046875,-12.634452956825992,5.350771069953603,2.241378933451736
0.00244140625,-14.664133157414266,4.971808048332821,-0.10239664058519483
0.00274658203125,-17.40811679234096,4.36647862143963,-3.241371191247844
0.0030517578125,-21.434970618300135,3.5203147934716372,-7.8345827198519835
0.00335693359375,-28.207958346452322,2.409235358482872,-16.502295101677714
0.003662109375,-30.349690001540285,0.9954366207401494,-22.27814977654746
0.00396728515625,-23.25393236979877,-0.7803932115489526,-11.719132765825094
0.0042724609375,-19.26377244806215,-3.013995745213159,-7.946310159716995
0.00457763671875,-16.781091119411748,-5.865521076205033,-6.057790477205092
0.0048828125,-15.113394917266715,-9.591588426033072,-5.1606786671567795
0.00518798828125,-13.963391594087442,-14.246420245901072,-4.945996725356124
0.0054931640625,-13.173720565062514,-16.45783448312574,-5.291264853925903
0.00579833984375,-12.643356309669407,-13.541525458248111,-6.164795597846159
0.006103515625,-12.292893163981123,-10.716918370052152,-7.604079632062647
0.00640869140625,-12.047306685923893,-8.812495926602153,-9.734040040395701
0.0067138671875,-11.828694477072936,-7.525111374833665,-12.85017468071777
0.00701904296875,-11.559640518300416,-6.62205002429276,-17.725933423200527
0.00732421875,-11.178115636891672,-5.966002233650858,-26.81367430415544
0.00762939453125,-10.656799273586552,-5.487191540912548,-24.687157786998153
0.0079345703125,-10.011467358768655,-5.16520668417217,-18.583619071966908
0.00823974609375,-9.289938678343926,-5.014735556906766,-15.863375158620066
0.008544921875,-8.550596740938142,-5.073608420194695,-14.735341560801396
0.00885009765625,-7.84522506484538,-5.395056372535031,-14.696978599764396
0.0091552734375,-7.2118741499315515,-6.04472222240908,-15.643809683798192
0.00946044921875,-6.674930976376107,-7.097250007811321,-17.660022592241486
0.009765625,-6.2479510287448115,-8.605717462378568,-20.554667072691302
0.01007080078125,-5.936584204686164,-10.418931731202212,-21.095495136879443
0.0103759765625,-5.740630682024123,-11.547990887268618,-17.379989105107793
0.01068115234375,-5.655104101845176,-10.432096746909885,-13.752703998395505
0.010986328125,-5.670459988199549,-7.881004783996915,-11.06491857417041
0.01129150390625,-5.772225242238962,-5.37286874432398,-9.107171022547897
0.0115966796875,-5.940346289085314,-3.312031456789014,-7.689701393974435
0.01190185546875,-6.148751155095425,-1.6978605891263507,-6.690825428495253
0.01220703125,-6.365875913731488,-0.4685767748216231,-6.0309827104689955
0.01251220703125,-6.557033522765609,0.4302273072518059,-5.65362391400148
0.0128173828125,-6.689081556866181,1.0378750752012273,-5.5130642911649
0.01312255859375,-6.736568254537625,1.3810203825407963,-5.565809814464419
0.013427734375,-6.686973131094249,1.4767730173534606,-5.763634560329672
0.01373291015625,-6.5423925883953835,1.3351767105852164,-6.04879852165939
0.0140380859375,-6.316941436723256,0.9612434545850174,-6.354284558255542
0.01434326171875,-6.031729985956878,0.3571815456726782,-6.613367754640357
0.0146484375,-5.710159477153463,-0.4740377502579619,-6.778948160572571
0.01495361328125,-5.375129959286746,-1.521537860128339,-6.842538329144395
0.0152587890625,-5.048145163816926,-2.7516011683640484,-6.837327623143754
0.01556396484375,-4.74947916804365,-4.0794167995047115,-6.821960273397426
0.015869140625,-4.498599259317444,-5.332203918385504,-6.858078018599658
0.01617431640625,-4.314421006192341,-6.25561949751614,-6.994487058906532
0.0164794921875,-4.2153028500239245,-6.655731452064378,-7.259613735075079
0.01678466796875,-4.218820590802305,-6.5825616592752905,-7.656871610684224
0.01708984375,-4.341306191693608,-6.274411396053349,-8.157462833376277
0.01739501953125,-4.596928604653051,-5.953977033776901,-8.689532440945838
0.0177001953125,-4.995717383440949,-5.739456741930939,-9.133490173241988
0.01800537109375,-5.53927579849776,-5.659377716950523,-9.34945323823952
0.018310546875,-6.211921907501168,-5.681905695906739,-9.251570716720021
0.01861572265625,-6.9643396816639624,-5.734104210269044,-8.872570996609198
0.0189208984375,-7.690731804340171,-5.722316095222282,-8.338927782212755
0.01922607421875,-8.219888183248559,-5.566723775237627,-7.7901213132284655
0.01953125,-8.371392600748287,-5.241151779763711,-7.327803040888503
0.01983642578125,-8.084319071492377,-4.786362531034755,-7.010111219234361
0.0201416015625,-7.476508476449442,-4.284151622632471,-6.863728476227107
0.02044677734375,-6.746201277846148,-3.819578838784119,-6.895259700853132
0.020751953125,-6.056967896222347,-3.4594333851458847,-7.097234379045699
0.02105712890625,-5.5068228622683915,-3.2492290167202094,-7.449194973142992
0.0213623046875,-5.145950737731937,-3.2187535951146335,-7.915367288484024
0.02166748046875,-4.9990437485496955,-3.38877651012148,-8.44133974397592
0.02197265625,-5.079890622315286,-3.776197447016345,-8.954631387001212
0.02227783203125,-5.399424074162534,-4.397052134189919,-9.376471103281892
0.0225830078125,-5.97019264298754,-5.26664989519757,-9.647650985495611
0.02288818359375,-6.809354577093082,-6.393740237046767,-9.755284571376086
0.023193359375,-7.941597522341119,-7.758738840128815,-9.737112668988035
0.02349853515625,-9.403371416884923,-9.251138396580181,-9.658635944043926
0.0238037109375,-11.250910997925391,-10.543312817269321,-9.583804840532753
0.02410888671875,-13.578458419245703,-11.067315251350387,-9.557824504486467
0.0244140625,-16.567061985906292,-10.533551425903129,-9.603452051721401
0.02471923828125,-20.644157879598758,-9.346845010714148,-9.724179223961565
0.0250244140625,-27.19716996647798,-8.0392757138796,-9.909342755596574
0.02532958984375,-36.61994183759031,-6.875301536726608,-10.139505391767795
0.025634765625,-25.868506781264387,-5.9321296298999995,-10.392027825507842
0.02593994140625,-20.392909077249698,-5.215023806781177,-10.646637772027072
0.0262451171875,-16.787107141093355,-4.708880428812191,-10.88992719064044
0.02655029296875,-14.022987367311345,-4.395983400486166,-11.117241120831313
0.02685546875,-11.787557422670682,-4.261378342612883,-11.331147085962204
0.02716064453125,-9.960590642299618,-4.294168362519929,-11.537144161336862
0.0274658203125,-8.484836934816865,-4.4875695427412285,-11.738156329638308
0.02777099609375,-7.3268122402837506,-4.838665338012956,-11.92898061535957
0.028076171875,-6.463921073515403,-5.348159867641518,-12.090941828450319
0.02838134765625,-5.879576609866351,-6.020211020591715,-12.187016072593547
0.0286865234375,-5.560384791497414,-6.862335707042332,-12.159993262568012
0.02899169921875,-5.493041175649987,-7.88530811544449,-11.94044047423382
0.029296875,-5.659305627034095,-9.10284174753124,-11.471068648979708
0.02960205078125,-6.027152303235316,-10.530545168522185,-10.73963694317661
0.0299072265625,-6.536435508601369,-12.182942528464055,-9.793728715279727
0.03021240234375,-7.082025192089553,-14.06584763950309,-8.721793601810083
0.030517578125,-7.51306605959992,-16.158910581800946,-7.619052412330273
0.03082275390625,-7.684121045079928,-18.383237478541215,-6.564460180324661
0.0311279296875,-7.5527022448945536,-20.570933402216895,-5.614850565855497
0.03143310546875,-7.220493417257391,-22.52585730690065,-4.808745512122711
0.03173828125,-6.862250853945582,-24.265253333894854,-4.172543571197927
0.03204345703125,-6.638659504354507,-26.248095508155274,-3.725889059860135
0.0323486328125,-6.669132357868851,-29.532428764579613,-3.4855676148214254
0.03265380859375,-7.047120559137196,-37.75366097526216,-3.4680902013505
0.032958984375,-7.86715331908729,-35.804689458800794,-3.691017332703455
0.03326416015625,-9.253991380613089,-25.9224141653785,-4.172267180679748
0.0335693359375,-11.385964309312598,-20.712946472733694,-4.924433703093985
0.03387451171875,-14.374697811821296,-17.083451270270075,-5.935176493558054
0.0341796875,-16.82441076406998,-14.291307589337887,-7.111655927882403
0.03448486328125,-14.901783732262107,-12.037609758171548,-8.165592240136085
0.0347900390625,-11.404074399354888,-10.170121989678405,-8.56772492948649
0.03509521484375,-8.684136980086087,-8.600140862092381,-7.984980048472218
0.035400390625,-6.777260390972985,-7.271490226695997,-6.751225307089113
0.03570556640625,-5.508468543320105,-6.146702668444784,-5.403960478501853
0.0360107421875,-4.7643667046513745,-5.200046784528678,-4.241853578696359
0.03631591796875,-4.4891251056166395,-4.413664379436177,-3.367913426392966
0.03662109375,-4.671049520278585,-3.775261794341445,-2.8052449812485225
0.03692626953125,-5.340365641053182,-3.2766312122868984,-2.5532575919198686
0.0372314453125,-6.58061247755239,-2.9126285240739405,-2.6068466384321862
0.03753662109375,-8.559134742386425,-2.6803892426024127,-2.959309395283558
0.037841796875,-11.561700705281353,-2.5786263098883215,-3.594335012326239
0.03814697265625,-15.507353585356352,-2.6068610897648132,-4.461491489112287
0.0384521484375,-15.864510662047028,-2.7644014736961653,-5.422507614595703
0.03875732421875,-11.7708908979527,-3.0487978101810937,-6.181854283605888
0.0390625,-8.408937337741778,-3.453385804290143,-6.349483400276763
0.03936767578125,-6.099876371566188,-3.963435609581481,-5.790897795840051
0.0396728515625,-4.540786534956259,-4.5506436065714215,-4.795643616374072
0.03997802734375,-3.540919537486362,-5.166958060153782,-3.741081394872989
0.040283203125,-2.995320005899316,-5.742105404681844,-2.851116553886908
0.04058837890625,-2.8488797912300163,-6.193806077569349,-2.218307429373814
0.0408935546875,-3.0780089933710046,-6.457360479403521,-1.8743093923303342
0.04119873046875,-3.6819556121964814,-6.521640470014914,-1.8309085838144297
0.04150390625,-4.6776538033574235,-6.439666769154398,-2.098586355107771
0.04180908203125,-6.089660841971309,-6.302559353388282,-2.695615289700903
0.0421142578125,-7.908060336947078,-6.203173305094374,-3.6549931335655033
0.04241943359375,-9.920123551007322,-6.21519666294963,-5.033922701637843
0.042724609375,-11.307408818154043,-6.3889508389908105,-6.932022997690548
0.04302978515625,-10.99320706395164,-6.753348267479478,-9.533482768133425
0.0433349609375,-9.452566879247627,-7.314831648695035,-13.225772452761955
0.04364013671875,-7.799947340396262,-8.046790619889281,-19.0489913168018
0.0439453125,-6.4721403532870205,-8.865063680902011,-30.2026328020647
0.04425048828125,-5.527262319403206,-9.599184538617894,-23.77169836541634
0.0445556640625,-4.930240933285956,-10.01582991205803,-19.099405230416103
0.04486083984375,-4.634009729900893,-9.967096116335219,-17.588396909073126
0.045166015625,-4.595044528677612,-9.54174217524417,-17.969257420117536
0.04547119140625,-4.7727472974684355,-8.989871169634855,-20.202318863317767
0.0457763671875,-5.124658636967528,-8.546912175664247,-23.471462247942764
0.04608154296875,-5.6001665711266,-8.371696872995429,-20.01152665176288
0.04638671875,-6.1341979351039395,-8.574855086800984,-14.523801530580116
0.04669189453125,-6.6446406588225475,-9.265392758715189,-10.600370892865076
0.0469970703125,-7.040882885787184,-10.601235176994754,-7.769274739689603
0.04730224609375,-7.249194394670803,-12.862707527890944,-5.667045953082917
0.047607421875,-7.24517877852498,-16.49150673126666,-4.096232251941153
0.04791259765625,-7.066802410938728,-19.880486717874387,-2.943687371261599
0.0482177734375,-6.795247208866709,-16.03693619228032,-2.1407971852489975
0.04852294921875,-6.523103863260895,-11.428963000989746,-1.6447674909773102
0.048828125,-6.334138257115586,-8.204144002871812,-1.4293073456923264
0.04913330078125,-6.2996636969426,-5.92164383913263,-1.479829787653474
0.0494384765625,-6.484992730017838,-4.286411143382724,-1.7910912973885718
0.04974365234375,-6.9608835373278675,-3.14148413541244,-2.366390063114317
0.050048828125,-7.820694061149701,-2.401754015939343,-3.218050761065539
0.05035400390625,-9.212094742527055,-2.022456712816293,-4.369368338260221
0.0506591796875,-11.413336983474636,-1.9852947341575347,-5.858747331349962
0.05096435546875,-15.073655944893073,-2.2934129654096207,-7.7478816194499895
0.05126953125,-22.110053576027866,-2.972347726476121,-10.1386077270053
0.05157470703125,-22.374662350068917,-4.077689290479591,-13.21151737925052
0.0518798828125,-14.554397313745916,-5.714950134255502,-17.33126867724466
0.05218505859375,-10.271939487101964,-8.08951659928381,-23.426709572937096
0.052490234375,-7.528005757473469,-11.64871288925397,-34.64822268718345
0.05279541015625,-5.6517840180458325,-17.509976012758443,-31.372568146255496
0.0531005859375,-4.370654311052614,-22.780283871636648,-27.03537009190842
0.05340576171875,-3.554815785055796,-16.01870458002846,-26.333852549041943
0.0537109375,-3.1397087874952234,-11.88741708580634,-27.120409648021763
0.05401611328125,-3.0971432661408196,-9.61593438231047,-26.060203543964423
0.0543212890625,-3.4231308013883184,-8.416392081274452,-21.96798818841166
0.05462646484375,-4.1312053730364955,-7.990610678419905,-17.963747263989042
0.054931640625,-5.241804379894322,-8.228932666891367,-14.806132970691344
0.05523681640625,-6.742959768002765,-9.109114682612894,-12.352525492623593
0.0555419921875,-8.441860304026608,-10.610571888371654,-10.431356127078448
0.05584716796875,-9.613231851841515,-12.406341102556766,-8.923316615650394
0.05615234375,-9.232638614148676,-13.044530663040433,-7.749486366567759
0.05645751953125,-7.601653396395073,-11.248004435741606,-6.857800755680998
0.0567626953125,-5.78139384471243,-8.57170253858152,-6.214577047194946
0.05706787109375,-4.258103364543521,-6.225368111984809,-5.799695349220809
0.057373046875,-3.124053762368554,-4.402975379887858,-5.604092735227692
0.05767822265625,-2.363934709059305,-3.0533074048990176,-5.6288600564527815
0.0579833984375,-1.9475911875367415,-2.107948320360701,-5.885721538684926
0.05828857421875,-1.8515887627793726,-1.516616221162107,-6.399084574849909
0.05859375,-2.062545546911727,-1.2480586578503312,-7.210258908814584
0.05889892578125,-2.5760017983343824,-1.2870214516730216,-8.384685000186739
0.0592041015625,-3.3931193134537487,-1.6323602756880118,-10.020979026917122
0.05950927734375,-4.51268760261192,-2.2969069278719227,-12.239676896076144
0.059814453125,-5.909611833974745,-3.308814680279327,-14.965640275170806
0.06011962890625,-7.479590194969685,-4.712617918825334,-16.673682547808948
0.0604248046875,-8.93413293220288,-6.560433476016371,-14.87234130750846
0.06072998046875,-9.777129695230132,-8.844246608889145,-11.753319050546251
0.06103515625,-9.713891728249331,-11.16766459851426,-9.092089918444842
0.06134033203125,-9.052395240520209,-12.11094024240619,-7.026945417960739
0.0616455078125,-8.285882391082014,-10.841046035738875,-5.440719105865835
0.06195068359375,-7.691886117610254,-8.833617010183922,-4.23186872201604
0.062255859375,-7.356189527972685,-7.088689814912167,-3.332116694733975
0.06256103515625,-7.26676365401878,-5.777296020505186,-2.697437066216264
0.0628662109375,-7.350440064381393,-4.858540792531177,-2.300189194658218
0.06317138671875,-7.4722340419418165,-4.2695822804745225,-2.1242242469597854
0.0634765625,-7.44121119293181,-3.958863223754051,-2.16210157882337
0.06378173828125,-7.0782152170575525,-3.888027266586018,-2.413673392988059
0.0640869140625,-6.334599046474078,-4.0291467245718255,-2.8855951726760365
0.06439208984375,-5.324199462942455,-4.3621582535747,-3.5914818092063583
0.064697265625,-4.221425519665162,-4.873161405458261,-4.552359992752918
0.06500244140625,-3.1631592783997435,-5.553467388876101,-5.796411984348554
0.0653076171875,-2.226786058869736,-6.399186896060199,-7.354377655901238
0.06561279296875,-1.4471282585891405,-7.4111366924485775,-9.237355999462883
0.06591796875,-0.8358487009236959,-8.594772627009984,-11.352878245623863
0.06622314453125,-0.3937292717373929,-9.959580723354883,-13.274575568791452
0.0665283203125,-0.11698135571613553,-11.516504032068006,-14.118750894585714
0.06683349609375,0.0,-13.269466594403577,-13.564790662770221
0.067138671875,-0.036100734255824475,-15.190190569633884,-12.43354973127061
0.06744384765625,-0.21694585947077327,-17.15201768348465,-11.43124761499407
0.0677490234375,-0.5308419880760161,-18.810395210567613,-10.801010118841907
0.06805419921875,-0.959822624981438,-19.618579588800646,-10.597032189298737
0.068359375,-1.4754991833984499,-19.3477567060757,-10.836796197101625
0.06866455078125,-2.0344478882561696,-18.402284717283592,-11.553633590871812
0.0689697265625,-2.5759719014353815,-17.27002038871929,-12.824087990885493
0.06927490234375,-3.0279927728254297,-16.193160845199266,-14.804274324350246
0.069580078125,-3.326306276016149,-15.250291739065517,-17.793942750969226
0.06988525390625,-3.441809691066997,-14.461266417140095,-22.115971309433103
0.0701904296875,-3.395812675308369,-13.833629192806832,-24.418516822580322
0.07049560546875,-3.2489855561648096,-13.377553037721688,-20.327999375531554
0.07080078125,-3.0747045240171906,-13.109321131367704,-16.64113498959134
0.07110595703125,-2.937850468875655,-13.051900198092273,-14.192374796948652
0.0714111328125,-2.8873423563136096,-13.236038517453386,-12.58461332629352
0.07171630859375,-2.9583114261383785,-13.703611082343588,-11.575068496244526
0.072021484375,-3.1780165462924375,-14.515152922856917,-11.03270567557672
0.07232666015625,-3.5725260654734665,-15.766031994165687,-10.886242434821389
0.0726318359375,-4.1738431319324825,-17.624330039945214,-11.099004660592533
0.07293701171875,-5.028922361763708,-20.437610693445993,-11.657014396363392
0.0732421875,-6.214285380927327,-25.151592447002894,-12.562601807933538
0.07354736328125,-7.865970390433357,-36.99192783103848,-13.82762870055107
0.0738525390625,-10.256600752950757,-31.14191769851874,-15.454147217928817
0.07415771484375,-14.062173364732278,-23.59865286420906,-17.363632041658747
0.074462890625,-22.003770079187777,-20.008530334293965,-19.181952914950372
0.07476806640625,-25.692713129544657,-17.906213995487583,-20.009001703147046
0.0750732421875,-14.695775313297162,-16.671352372947585,-19.282955397226594
0.07537841796875,-9.896019872198972,-16.060131578382922,-17.73383713450046
0.07568359375,-6.852329735737436,-15.948838752452968,-16.141660198025946
0.07598876953125,-4.6965155691212965,-16.23291919903818,-14.764366281958715
0.0762939453125,-3.1104692938496017,-16.72057540502677,-13.620307552019913
0.07659912109375,-1.9461884802638727,-16.980870631691705,-12.666972291572662
0.076904296875,-1.1267294368632232,-16.400409764963637,-11.855281496275483
0.07720947265625,-0.6111189900053061,-14.830517617363375,-11.14308505213444
0.0775146484375,-0.3797135447689706,-12.783929719888345,-10.497948980009749
0.07781982421875,-0.42763678931115123,-10.746235457819983,-9.897443064627922
0.078125,-0.761860966324061,-8.920890139871712,-9.328923237302394
0.07843017578125,-1.399672148206223,-7.354806064813923,-8.78907584153762
0.0787353515625,-2.3656874503157916,-6.041039362864014,-8.283051045198293
0.07904052734375,-3.6793144337494543,-4.959548164707267,-7.823060757862493
0.079345703125,-5.304873675920697,-4.090261041792117,-7.426563444720227
0.07965087890625,-6.988071863961741,-3.416566691743097,-7.114369768873545
0.0799560546875,-7.985017851329335,-2.9257544162616616,-6.909023724440264
0.08026123046875,-7.535817863812506,-2.608557438102361,-6.833636884006941
0.08056640625,-6.0939121475719995,-2.458470214964836,-6.9110526388418405
0.08087158203125,-4.544026586759045,-2.4710100335189598,-7.1627951472168565
0.0811767578125,-3.2826357137339923,-2.6429111985051628,-7.6064920902347355
0.08148193359375,-2.3995476939842386,-2.9711576630023466,-8.248728624950543
0.081787109375,-1.8973044569631,-3.4517076627890746,-9.06651678330542
0.08209228515625,-1.7680174179050498,-4.077737886027191,-9.965578758321737
0.0823974609375,-2.015412994454912,-4.837293524161342,-10.716071294613512
0.08270263671875,-2.662620340549022,-5.7105338335792455,-10.959454537297724
0.0830078125,-3.756819165858806,-6.667587066000645,-10.469365019755445
0.08331298828125,-5.366354482513332,-7.669525930025069,-9.420151667854588
0.0836181640625,-7.521160434521904,-8.676268989617526,-8.179919971241038
0.08392333984375,-9.833699899913096,-9.663412759449464,-7.011635585430177
0.084228515625,-10.546650092868603,-10.642865361278421,-6.034956732455362
0.08453369140625,-8.664788547584696,-11.675775594624282,-5.2897817142158345
0.0848388671875,-6.164606618727133,-12.872392903032983,-4.782982525381831
0.08514404296875,-4.0956528109967465,-14.389135558201094,-4.509811332414725
0.08544921875,-2.559578283268869,-16.439870142852126,-4.461726006825669
0.08575439453125,-1.4867713630095816,-19.310054830689246,-4.627771536393915
0.0860595703125,-0.8103476089549683,-22.99130752128743,-4.992074211339863
0.08636474609375,-0.4871619320992953,-24.113640878022153,-5.527532090972955
0.086669921875,-0.4962074779460502,-20.590078491207414,-6.184912232297574
0.08697509765625,-0.8365670144838429,-17.24701762443141,-6.878785332323734
0.0872802734375,-1.5288206217800977,-14.89851727195009,-7.481339939566107
0.08758544921875,-2.622185946785504,-13.309318984086605,-7.85012809565481
0.087890625,-4.212932146222833,-12.287602995384631,-7.9019681532739625
0.08819580078125,-6.491096714004037,-11.707819245524714,-7.673510714443083
0.0885009765625,-9.877464733704404,-11.469358617279667,-7.292540145150213
0.08880615234375,-15.534182843088473,-11.457142084656656,-6.898006900904497
0.089111328125,-23.762991123527435,-11.504333549234795,-6.592011500583878
0.08941650390625,-15.636989061434425,-11.38427982588787,-6.43600975162804
0.0897216796875,-10.674620272651845,-10.893926947221903,-6.464166904251512
0.09002685546875,-7.885546366166566,-10.00183839757277,-6.696593677578958
0.09033203125,-6.1835662044193835,-8.865773234878311,-7.148582648758508
0.09063720703125,-5.174077917496948,-7.689887798289549,-7.836935283351566
0.0909423828125,-4.682544828670848,-6.618171717568392,-8.785267507193575
0.09124755859375,-4.627432356936311,-5.725166452140228,-10.030123222026418
0.091552734375,-4.9782136883818335,-5.041953972839216,-11.62982141884527
0.09185791015625,-5.74217691542008,-4.578420553187933,-13.67741490275841
0.0921630859375,-6.966674600736327,-4.335903256975348,-16.308404672236904
0.09246826171875,-8.758493575671135,-4.313457862884118,-19.587499207764843
0.0927734375,-11.338773628931055,-4.510856036860341,-22.450148786604625
0.09307861328125,-15.194643348949377,-4.9300957613667755,-21.592867493381533
0.0933837890625,-21.25417513812912,-5.576342981583605,-18.59934307960789
0.09368896484375,-22.82919307203192,-6.458807914762677,-15.989036447002949
0.093994140625,-17.010451277986313,-7.591929646759202,-14.000013632873527
0.09429931640625,-13.38272184759671,-8.997332271154995,-12.487479458720834
0.0946044921875,-11.140905383881295,-10.707410325635822,-11.328467832933523
0.09490966796875,-9.68403320426636,-12.77248211590075,-10.442494171314811
0.09521484375,-8.714151338293249,-15.276484221962864,-9.777880214798174
0.09552001953125,-8.048447228342223,-18.37585861613912,-9.300753528820367
0.0958251953125,-7.550002622889177,-22.414469263157027,-8.988130441441502
0.09613037109375,-7.106744400197988,-28.38231802194844,-8.823577003615151
0.096435546875,-6.634875926733978,-40.72498721604671,-8.794274062363236
0.09674072265625,-6.091420714695585,-33.44370462718979,-8.888690815510687
0.0970458984375,-5.478496805333386,-27.44396494940483,-9.094257116349455
0.09735107421875,-4.830748332167928,-24.320248530682157,-9.39450579812842
0.09765625,-4.194076842444508,-22.303627632770446,-9.765304258497263
0.09796142578125,-3.608937891436258,-20.87994802641115,-10.170358177193108
0.0982666015625,-3.103273617406048,-19.83003486154351,-10.557732833964373
0.09857177734375,-2.692460475656217,-19.01472800801382,-10.861908050661464
0.098876953125,-2.382206449552842,-18.30013595634948,-11.017445734252036
0.09918212890625,-2.171958899052745,-17.53956068511012,-10.984240427064499
0.0994873046875,-2.0579564204526593,-16.60619977424554,-10.76957873821028
0.09979248046875,-2.035809307266173,-15.454637635689908,-10.42763175402377
0.10009765625,-2.1026755170974263,-14.142804650923996,-10.036964293835576
0.10040283203125,-2.2590458832180222,-12.78357561895048,-9.675862131368284
0.1007080078125,-2.5100733035132987,-11.482303003935648,-9.40979644807486
0.10101318359375,-2.86637493224779,-10.309470851303338,-9.290765316760755
0.101318359375,-3.3443052672502342,-9.302805159599526,-9.362687492141283
0.10162353515625,-3.9657469402026626,-8.47818343264208,-9.669010396063381
0.1019287109375,-4.7573014773245195,-7.839022548611519,-10.26208206753334
0.10223388671875,-5.747992012738557,-7.3822223157824665,-11.2170333972361
0.1025390625,-6.96217260702912,-7.101479443109849,-12.658411222007162
0.10284423828125,-8.397400353363457,-6.989052093652274,-14.82547288117427
0.1031494140625,-9.960934532971367,-7.036772560392696,-18.28494151015121
0.10345458984375,-11.335594870056006,-7.236855170540291,-25.077650175230207
0.103759765625,-11.937796549538213,-7.582909736375849,-35.19287507365623
0.10406494140625,-11.45786657139629,-8.071507153984719,-20.91119673165533
0.1043701171875,-10.328209115913998,-8.704603355532825,-15.681945382991977
0.10467529296875,-9.11708331970422,-9.493099886679527,-12.493355813377601
0.10498046875,-8.10510488180334,-10.461887668320763,-10.264380683638578
0.10528564453125,-7.3771124884300825,-11.657120836858574,-8.615060941158623
0.1055908203125,-6.945256231245766,-13.157567782860477,-7.366266533019628
0.10589599609375,-6.8023491044823565,-15.093561471527131,-6.418760548296211
0.106201171875,-6.939826635136309,-17.671428105035293,-5.71161119933211
0.10650634765625,-7.353148652676521,-21.082796885108984,-5.204702112222255
0.1068115234375,-8.043158611147675,-23.998113896941547,-4.8703262032256305
0.10711669921875,-9.016099538854403,-22.00562498429159,-4.688730996605492
0.107421875,-10.282633148534131,-18.279268524902403,-4.645567251134478
0.10772705078125,-11.853962633478126,-15.36327617817576,-4.730331496820472
0.1080322265625,-13.726675131377862,-13.218891522470955,-4.935376121789519
0.10833740234375,-15.824571586113901,-11.635270255862707,-5.255297152625182
0.108642578125,-17.807316127643304,-10.474262671228548,-5.686648090033585
0.10894775390625,-18.780604720239463,-9.651110908095442,-6.228026795767488
0.1092529296875,-17.976476293333604,-9.112367524798943,-6.880664306492573
0.10955810546875,-16.021125849070987,-8.823334151272144,-7.649716135025914
0.10986328125,-13.822038435316873,-8.761372287611055,-8.546522198171138
0.11016845703125,-11.74940009023642,-8.91249996646055,-9.59218490300739
0.1104736328125,-9.897672778418427,-9.27000499475396,-10.822990526284883
0.11077880859375,-8.285361551953054,-9.834544066080058,-12.298569697269677
0.111083984375,-6.913564988274164,-10.615589342198534,-14.113899820094893
0.11138916015625,-5.779803387603094,-11.634239085808296,-16.411320946860435
0.1116943359375,-4.881582305515054,-12.927085617108073,-19.332774135194942
0.11199951171875,-4.217936596754787,-14.54840173042575,-22.39545758935476
0.1123046875,-3.790642084803629,-16.55461360087615,-22.57470999736129
0.11260986328125,-3.6054608416743545,-18.887221570864856,-19.601222076637065
0.1129150390625,-3.673598583830995,-20.85802667480649,-16.679381744715602
0.11322021484375,-4.013531176842481,-20.761707033089834,-14.460453992168024
0.113525390625,-4.653181631341023,-18.677877582235563,-12.841134432700052
0.11383056640625,-5.631446082426032,-16.315352053803057,-11.699716969684372
0.1141357421875,-6.993461270695393,-14.325441874747362,-10.958895379960483
0.11444091796875,-8.75321944851674,-12.763920289646453,-10.575380013483976
0.11474609375,-10.716447846089604,-11.578947564043487,-10.528996657202018
0.11505126953125,-11.992651356971427,-10.719060208327956,-10.815963095322056
0.1153564453125,-11.339981736985202,-10.14750496300077,-11.444095759337296
0.11566162109375,-9.360659663070944,-9.840517873074827,-12.425750760942114
0.115966796875,-7.30451548794526,-9.784062303526241,-13.758248068433204
0.11627197265625,-5.599614198186176,-9.971244668828355,-15.36384301266301
0.1165771484375,-4.283717949471915,-10.400319996408012,-16.941979364315397
0.11688232421875,-3.3145931144842393,-11.072655139418849,-17.854486262137264
0.1171875,-2.64757661938114,-11.98948284851002,-17.669064218829707
0.11749267578125,-2.249188342502383,-13.145023691201763,-16.844109640736878
0.1177978515625,-2.097509221119661,-14.510803459152484,-16.06692071775148
0.11810302734375,-2.1806396605793235,-16.002177409659637,-15.704609908488257
0.118408203125,-2.49554835535518,-17.42440230984698,-15.930986628307895
0.11871337890625,-3.0476540577009317,-18.454903736883573,-16.914984901401247
0.1190185546875,-3.850997320520327,-18.81179376356591,-18.99266574070505
0.11932373046875,-4.9284043482750075,-18.524381813403988,-23.1294348841347
0.11962890625,-6.3095077482449575,-17.865766756634777,-34.83015708244365
0.11993408203125,-8.018730206012647,-17.071532863954275,-27.017236152301262
0.1202392578125,-10.02502572938883,-16.24792758319923,-19.332089423205364
0.12054443359375,-12.07521291466499,-15.42365451650888,-15.328431549662064
0.120849609375,-13.419439349971816,-14.607744863563495,-12.772175192211488
0.12115478515625,-13.307817933877729,-13.817631888243248,-11.067119977518834
0.1214599609375,-12.229983229647313,-13.083332548025703,-9.974952921604148
0.12176513671875,-11.091539122653835,-12.440686974747825,-9.387749685989702
0.1220703125,-10.306348264899412,-11.924000530638006,-9.263200322479523
0.12237548828125,-9.996293632849932,-11.56246375158303,-9.605136733432571
0.1226806640625,-10.220390401323376,-11.380209176767524,-10.465650727878721
0.12298583984375,-11.072467455852145,-11.398451272980715,-11.971012240074817
0.123291015625,-12.75812579947994,-11.638566788213735,-14.404165219419836
0.12359619140625,-15.76304199915983,-12.125796351158675,-18.503566850691968
0.1239013671875,-21.244322645452772,-12.89398821170209,-27.066214363418677
0.12420654296875,-23.16687672182486,-13.992582824783582,-26.045960777452223
0.12451171875,-15.943930914921836,-15.49822553243511,-18.115786314830558
0.12481689453125,-11.391265550389754,-17.535036218685633,-14.233195567500253
0.1251220703125,-8.402352358677133,-20.30273582773288,-11.922543677468331
0.12542724609375,-6.3082104766044225,-24.000804803803327,-10.507152783059366
0.125732421875,-4.820931910862484,-27.355195304115153,-9.720951288360638
0.12603759765625,-3.799751763453769,-25.78251867372185,-9.441035472625792
0.1263427734375,-3.1720475569228834,-22.439711308330196,-9.609564361366704
0.12664794921875,-2.9034358184549287,-19.976246444223996,-10.203468495293034
0.126953125,-2.986192434676422,-18.34535478360245,-11.216810227929429
0.12725830078125,-3.4366975209442914,-17.32982384736621,-12.63695307972364
0.1275634765625,-4.299821148560847,-16.78773174953809,-14.385456200174698
0.12786865234375,-5.662119095083847,-16.624438177200492,-16.17992167898184
0.128173828125,-7.678566184690652,-16.75657831689804,-17.42618190434197
0.12847900390625,-10.598624239230068,-17.075590104557588,-17.71299561412052
0.1287841796875,-14.409574176087226,-17.411153339768493,-17.488631246665577
0.12908935546875,-15.577742670450544,-17.53121747360388,-17.5004849749284
0.12939453125,-11.952214070479934,-17.24852459547872,-18.291116103323375
0.12969970703125,-8.56612881469448,-16.577511885326192,-20.470941500458547
0.1300048828125,-6.168357684934317,-15.720617325352492,-25.841846505896548
0.13031005859375,-4.496174073230169,-14.905791870981597,-41.339220533551256
0.130615234375,-3.3511921306468233,-14.293676108646011,-21.757131682720082
0.13092041015625,-2.6143766733252245,-13.984764549710833,-15.658683449856381
0.1312255859375,-2.212496225622625,-14.05558287278234,-11.916985980040069
0.13153076171875,-2.0977150458068277,-14.593177954296914,-9.293418726768746
0.1318359375,-2.2359619419427244,-15.732545003955892,-7.370419298619107
0.13214111328125,-2.5994403112208446,-17.715212572013694,-5.955551950244917
0.1324462890625,-3.1607872368773733,-20.94452277252449,-4.944906208342611
0.13275146484375,-3.8877872703748784,-24.702496874390036,-4.276951139053056
0.133056640625,-4.738922519499907,-22.05783043280111,-3.9128531517498284
0.13336181640625,-5.662070152086853,-17.193405240273613,-3.8260631654566164
0.1336669921875,-6.600812621474683,-13.65992747158139,-3.994772821101118
0.13397216796875,-7.511640291081088,-11.113580296929289,-4.39355004776327
0.13427734375,-8.386532014702732,-9.229305171797295,-4.9807317533433055
0.13458251953125,-9.264750324480907,-7.825709153962719,-5.678811438278432
0.1348876953125,-10.221226489061799,-6.796411470274249,-6.352529063404496
0.13519287109375,-11.332889012540834,-6.072765456529425,-6.813983422568825
0.135498046875,-12.61765652181025,-5.604683881643245,-6.903124288645868
0.13580322265625,-13.902014952901553,-5.349208951345385,-6.608628114926747
0.1361083984375,-14.627978727031445,-5.262271172855041,-6.076039978914103
0.13641357421875,-14.148245014420631,-5.292240076866712,-5.49056089287892
0.13671875,-12.678356241605615,-5.376480686095329,-4.987496837399508
0.13702392578125,-10.962954087037895,-5.44470524920043,-4.640526160287864
0.1373291015625,-9.432988582360212,-5.432931070196087,-4.481302329782624
0.13763427734375,-8.215315479827131,-5.304815361046052,-4.517394113113574
0.137939453125,-7.32223116098155,-5.066142013776808,-4.741661849566258
0.13824462890625,-6.7369471156425345,-4.759299145063966,-5.1346394220133975
0.1385498046875,-6.440548716729583,-4.442066437442932,-5.662127331108717
0.13885498046875,-6.419538019905247,-4.166578696542423,-6.270298308287171
0.13916015625,-6.667948103612547,-3.9677670898868946,-6.882904867028076
0.13946533203125,-7.188512448121812,-3.8599614314860364,-7.40938855415913
0.1397705078125,-7.99459941514658,-3.8369940217959195,-7.771741116541727
0.14007568359375,-9.114188047181317,-3.873256526654348,-7.94060740829929
0.140380859375,-10.597975254542753,-3.9264894637073895,-7.9501109479120435
0.14068603515625,-12.536359746933389,-3.945481936250737,-7.8755715697916004
0.1409912109375,-15.097518955417994,-3.885019603546805,-7.7967192999578625
0.14129638671875,-18.618679230562897,-3.7242024944893397,-7.77436000354827
0.1416015625,-23.749665584271725,-3.477102064947846,-7.8451052095725
0.14190673828125,-28.46762992147703,-3.1876552637403526,-8.025281217557529
0.1422119140625,-24.109501022702847,-2.9135739560625966,-8.316546045898152
0.14251708984375,-20.05822994261027,-2.7111261961329673,-8.710302706530967
0.142822265625,-17.529461681744138,-2.6275754548305836,-9.19047046476847
0.14312744140625,-15.89114694932114,-2.700596425624209,-9.734742328559364
0.1434326171875,-14.81807964359815,-2.961337743011594,-10.314118055881917
0.14373779296875,-14.134753660036107,-3.438734585049716,-10.890015557167487
0.14404296875,-13.72397691587924,-4.1642770487407965,-11.408660227639636
0.14434814453125,-13.48067444776561,-5.177650363349686,-11.795534095247424
0.1446533203125,-13.285118448986584,-6.534720536245532,-11.959439828547707
0.14495849609375,-12.998018209587146,-8.321004744637637,-11.819216937217412
0.145263671875,-12.493433888095629,-10.677207075127171,-11.348011400406193
0.14556884765625,-11.72038761682387,-13.847172159861206,-10.596796681698667
0.1458740234375,-10.731725402987127,-18.189563421388996,-9.6692157525737
0.14617919921875,-9.642061197422361,-22.68629461662353,-8.674503096938542
0.146484375,-8.564077028158984,-21.13246566752249,-7.698008764473304
0.14678955078125,-7.576949160403249,-17.735164321598603,-6.796044818156693
0.1470947265625,-6.726085698748627,-15.586405797693775,-6.002388058375615
0.14739990234375,-6.0335992649800705,-14.43546632684891,-5.336351605746748
0.147705078125,-5.507999009734396,-14.003304628122708,-4.808861559767395
0.14801025390625,-5.150534919305269,-14.115529795653522,-4.4262550634416655
0.1483154296875,-4.958822907314956,-14.606609809721471,-4.192359085210104
0.14862060546875,-4.92879477464423,-15.195130012481817,-4.109352331510178
0.14892578125,-5.055737609358696,-15.384151604109901,-4.177650744533988
0.14923095703125,-5.334879047319881,-14.715258813594671,-4.394777560272248
0.1495361328125,-5.761728853687956,-13.304929503477512,-4.752910118201579
0.14984130859375,-6.3321188282308425,-11.645253126913648,-5.234607173826648
0.150146484375,-7.041413226498462,-10.079445598997657,-5.806455054154441
0.15045166015625,-7.881360422516199,-8.736297284982792,-6.411996370814478
0.1507568359375,-8.830962119596354,-7.63977436828652,-6.969721356046714
0.15106201171875,-9.834289067266939,-6.777851070021694,-7.387460427018217
0.1513671875,-10.758116885795797,-6.129585019310966,-7.599379343083632
0.15167236328125,-11.351823583394218,-5.674037874215864,-7.604752926300242
0.1519775390625,-11.321617649024764,-5.392583705143461,-7.470258376134082
0.15228271484375,-10.58451756761923,-5.2688838991258145,-7.292657567363379
0.152587890625,-9.371145604987047,-5.287972973280896,-7.1585061858615155
0.15289306640625,-7.992749282196428,-5.434884759028734,-7.124701503310503
0.1531982421875,-6.654565695393809,-5.692904358040244,-7.214866147467729
0.15350341796875,-5.452871051687941,-6.04147758092903,-7.419116724764274
0.15380859375,-4.423607183169394,-6.45398080258611,-7.691155408836278
0.15411376953125,-3.5760572181945314,-6.896006842482983,-7.94609811046453
0.1544189453125,-2.9091360732163434,-7.325538119949013,-8.073282393549148
0.15472412109375,-2.4183638903693367,-7.6968862551858415,-7.979337115234953
0.155029296875,-2.0986703359542296,-7.969365214537939,-7.644469329635703
0.15533447265625,-1.9454223523911658,-8.118381615817563,-7.137213555989877
0.1556396484375,-1.954683435949618,-8.142988933965562,-6.570695563583483
0.15594482421875,-2.123100964205803,-8.064823796993034,-6.050118703759267
0.15625,-2.4475471601180168,-7.919517164255439,-5.650054219078934
0.15655517578125,-2.924504809828441,-7.746638909564804,-5.416299385127691
0.1568603515625,-3.549104936872949,-7.583229714645425,-5.375432917634663
0.15716552734375,-4.3136637513015135,-7.4619339611234325,-5.5433173420312185
0.157470703125,-5.205552922848557,-7.412170569467603,-5.930636670425379
0.15777587890625,-6.204369509547968,-7.462534888869859,-6.54587893345181
0.1580810546875,-7.278867160692713,-7.643440023541796,-7.396302333418752
0.15838623046875,-8.38523692960878,-7.989858952482896,-8.48682225525092
0.15869140625,-9.469869771053204,-8.54463016443945,-9.815746316192755
0.15899658203125,-10.479807255045968,-9.36320051219994,-11.364755941329786
0.1593017578125,-11.379307958169466,-10.52083974794926,-13.079099142198576
0.15960693359375,-12.162240249048534,-12.121633697991378,-14.837812783368978
0.159912109375,-12.847949246172663,-14.291795518880972,-16.438918863550228
0.16021728515625,-13.459628292477719,-17.01102439278492,-17.668883148072176
0.1605224609375,-13.996708118226193,-19.054534449896682,-18.4636600350419
0.16082763671875,-14.415252813414668,-17.794440861051758,-18.962308255243794
0.1611328125,-14.63097964438617,-14.885492601077495,-19.363641047975182
0.16143798828125,-14.558841415884679,-12.36924698719061,-19.797709608750132
0.1617431640625,-14.17482371320149,-10.498266582906643,-20.319584072784384
0.16204833984375,-13.542211633498436,-9.17626863434174,-20.96636536703768
0.162353515625,-12.773211008823909,-8.310412197212266,-21.819250474505736
0.16265869140625,-11.972975691949125,-7.84285512982127,-23.032803212141264
0.1629638671875,-11.212513702715484,-7.744660088216172,-24.74903320581823
0.16326904296875,-10.529048778386665,-8.009909065507495,-26.384023528071687
0.16357421875,-9.935835264450077,-8.65360914733934,-25.178754262236712
0.16387939453125,-9.43135784147544,-9.712788015331608,-21.314460171467108
0.1641845703125,-9.005710361728774,-11.24780693581021,-17.55851371962583
0.16448974609375,-8.644828220944662,-13.326833893374275,-14.494655914022204
0.164794921875,-8.333591429951575,-15.894683068029138,-12.03933069589777
0.16510009765625,-8.058413280778609,-18.1394209851675,-10.074502011316099
0.1654052734375,-7.80942775087092,-18.08435412867602,-8.515424622118017
0.16571044921875,-7.582023260328618,-16.124703954401785,-7.305462000806587
0.166015625,-7.37738412576844,-14.127844398591392,-6.407170057798482
0.16632080078125,-7.20191925786874,-12.61655958794748,-5.796260980276518
0.1666259765625,-7.065819177430721,-11.548035973605844,-5.457897017478695
0.16693115234375,-6.981235690562835,-10.780736738513694,-5.384369370245825
0.167236328125,-6.960583268480795,-10.15661753488544,-5.573430261833609
0.16754150390625,-7.0152737591663525,-9.524475167405884,-6.026566899978811
0.1678466796875,-7.154970699764362,-8.778809994662842,-6.746127290144904
0.16815185546875,-7.387299571694878,-7.8988832589180085,-7.729085629054446
0.16845703125,-7.717899816400607,-6.944446421887003,-8.952796949076433
0.16876220703125,-8.150719433244898,-6.009571247775158,-10.344862139181823
0.1690673828125,-8.688485033339333,-5.17966593493795,-11.7350540281962
0.16937255859375,-9.333284713178958,-4.515708407695521,-12.838303590727191
0.169677734375,-10.087132907090462,-4.057445572807382,-13.400140289715981
0.16998291015625,-10.952183314416335,-3.8322668121210253,-13.44552891054581
0.1702880859375,-11.929811063661148,-3.8636439871204624,-13.236321707578316
0.17059326171875,-13.016905626358463,-4.178363469197624,-12.99591320184675
0.1708984375,-14.196162977372326,-4.814031319485689,-12.775734188408274
0.17120361328125,-15.41545580624861,-5.829837004723981,-12.470996879107712
0.1715087890625,-16.554902105174317,-7.326976447481074,-11.90894363052939
0.17181396484375,-17.407659452255537,-9.496782166670114,-10.998263297673311
0.172119140625,-17.753991091399122,-12.76465424775884,-9.822229690329054
0.17242431640625,-17.542781384956825,-18.425893476338697,-8.564038551440698
0.1727294921875,-16.951698164782275,-35.46417512407958,-7.38512294800853
0.17303466796875,-16.224060537267338,-19.995274521089552,-6.3820716059337546
0.17333984375,-15.525219756391042,-14.08418601592616,-5.600231365835295
0.17364501953125,-14.922938921070726,-10.959992223055854,-5.05594818933643
0.1739501953125,-14.414403206058564,-9.030951009953883,-4.751078059732422
0.17425537109375,-13.950158783895365,-7.808379012557873,-4.679676210284961
0.174560546875,-13.45415562735819,-7.077096036950833,-4.8292692823853365
0.17486572265625,-12.851368540319568,-6.722382457933511,-5.178035352878231
0.1751708984375,-12.10233217344236,-6.674089656889982,-5.688335015837415
0.17547607421875,-11.223530538535664,-6.883200437966153,-6.297971032826942
0.17578125,-10.275896642690292,-7.309551941568399,-6.9153638399899195
0.17608642578125,-9.333927519553153,-7.913792266645013,-7.433016529303443
0.1763916015625,-8.461007648302044,-8.651200967684915,-7.770973282514428
0.17669677734375,-7.700551812205077,-9.467394388880281,-7.92786949230662
0.177001953125,-7.077486733434688,-10.29807531788585,-7.987846516245927
0.17730712890625,-6.60278534350123,-11.076307325414668,-8.075837104921565
0.1776123046875,-6.277325690416112,-11.748383693001497,-8.310449179414606
0.17791748046875,-6.094093721418108,-12.29166258572803,-8.785701843399039
0.17822265625,-6.038924197014852,-12.722085033873041,-9.572561700320584
0.17852783203125,-6.0904239377837,-13.086174894817376,-10.718447924752258
0.1788330078125,-6.2200849993514336,-13.445950847675828,-12.214295042178447
0.17913818359375,-6.394020594052918,-13.868478982046016,-13.861492321465034
0.179443359375,-6.5778175241356305,-14.4245051371051,-15.008051887457448
0.17974853515625,-6.744795955709243,-15.194788175139651,-14.83436822425815
0.1800537109375,-6.885221336018185,-16.28345178243346,-13.60330309755171
0.18035888671875,-7.011772053088119,-17.84332860080181,-12.212653875684754
0.1806640625,-7.158072305082754,-20.12892027734405,-11.133220555287762
0.18096923828125,-7.371924734101492,-23.589326937952283,-10.492957739935152
0.1812744140625,-7.708233793789225,-28.249996695188578,-10.314907689515733
0.18157958984375,-8.225862199323654,-27.211725905422817,-10.610382276859866
0.181884765625,-8.990294438590821,-22.28427831258103,-11.4084931302518
0.18218994140625,-10.083475588182033,-18.814938478572138,-12.76737293934457
0.1824951171875,-11.625733388934332,-16.486742061840356,-14.769542336025452
0.18280029296875,-13.827776392287308,-14.924308655090858,-17.423725447554833
0.18310546875,-17.1445751670209,-13.932582123310818,-20.06721677778563
0.18341064453125,-22.937242549026486,-13.407089196752914,-20.531314731317845
0.1837158203125,-34.568229711419846,-13.286245437441407,-18.888774699314283
0.18402099609375,-22.77836275611677,-13.523786413886542,-17.385725697263357
0.184326171875,-17.292847884147346,-14.06337991629677,-16.793063254441762
0.18463134765625,-14.184354091697154,-14.804499189003426,-17.336028714591457
0.1849365234375,-12.159607875776384,-15.564645216872142,-19.49040854546062
0.18524169921875,-10.778611041686126,-16.09599807022225,-25.17979017137145
0.185546875,-9.835927830472732,-16.244370733874373,-32.27339960519184
0.18585205078125,-9.214200129060929,-16.126023828247646,-19.12087716207741
0.1861572265625,-8.833996379841638,-16.056538513069164,-13.395706433869679
0.18646240234375,-8.631961120814024,-16.376188763754453,-9.746207688985209
0.186767578125,-8.549691571449808,-17.44065118014959,-7.14099911459071
0.18707275390625,-8.528431685160484,-19.840170093645252,-5.206563603471114
0.1873779296875,-8.50905160903832,-25.340043814376145,-3.766021994222109
0.18768310546875,-8.437883360449614,-31.519449411580442,-2.7234498730352747
0.18798828125,-8.276987893629382,-19.93832915114464,-2.023557295608669
0.18829345703125,-8.013452633039673,-14.243740537694862,-1.634835758740358
0.1885986328125,-7.661081280654195,-10.565772527846047,-1.541861144893384
0.18890380859375,-7.252846298534852,-7.913447573755858,-1.7418877905497265
0.189208984375,-6.829146642058884,-5.921629147929426,-2.243866540558713
0.18951416015625,-6.428168190592631,-4.417569141027694,-3.0690598780095075
0.1898193359375,-6.080937681764803,-3.308191616837071,-4.2523701397331095
0.19012451171875,-5.810138586707354,-2.5405317202274387,-5.841057355845526
0.1904296875,-5.630717711438748,-2.0852920108542747,-7.875086364686689
0.19073486328125,-5.550809339655705,-1.9295450224869635,-10.278228592042062
0.1910400390625,-5.572258726338061,-2.073907849749861,-12.451708903290266
0.19134521484375,-5.690564798629708,-2.5326256034585843,-12.997700473983452
0.191650390625,-5.894434381065024,-3.3364410071544404,-11.796054456785466
0.19195556640625,-6.165524042353532,-4.539235772590683,-10.264544578203196
0.1922607421875,-6.479410296066968,-6.230544517288958,-9.111582061131015
0.19256591796875,-6.809123157640569,-8.554337261094382,-8.46180089042546
0.19287109375,-7.132008151406941,-11.695495982992552,-8.305365859805647
0.19317626953125,-7.438659715523523,-15.37470728650913,-8.630122618353969
0.1934814453125,-7.740182512849685,-16.377655340744084,-9.452503673663873
0.19378662109375,-8.069926569303963,-13.645531844210906,-10.831968657335171
0.194091796875,-8.47937250987445,-11.033707642935642,-12.891088912548348
0.19439697265625,-9.031797056064958,-9.291954979780906,-15.833035063748985
0.1947021484375,-9.797728852422006,-8.26925432428244,-19.704072328654085
0.19500732421875,-10.85258319013372,-7.820421975793633,-22.039658281656994
0.1953125,-12.2681723298843,-7.8611883615978995,-19.61731014874006
0.19561767578125,-14.05966152583045,-8.350030211825054,-16.817026373219004
0.1959228515625,-15.943548566566212,-9.272301108657881,-15.057241775308764
0.19622802734375,-16.811099300702697,-10.625301093521566,-14.20770815017708
0.196533203125,-15.654438823584606,-12.390212878113761,-14.14154672937184
0.19683837890625,-13.519712271747878,-14.459003348823991,-14.856108215064538
0.1971435546875,-11.515743601077004,-16.484931443015387,-16.511843380073962
0.19744873046875,-9.935697558393128,-17.867984388591978,-19.622050577489674
0.19775390625,-8.786977119815127,-18.40700551335621,-26.13315995516949
0.19805908203125,-8.030320139362054,-18.710569411046084,-34.65412042873985
0.1983642578125,-7.633395855659898,-19.48296593241155,-21.80744787929001
0.19866943359375,-7.579970400358311,-21.097075071798553,-16.735966128979552
0.198974609375,-7.871322971553523,-22.930175353192425,-13.743038317306732
0.19927978515625,-8.528277049371102,-21.614828525656584,-11.782644988656921
0.1995849609375,-9.596271693676133,-17.681960451950765,-10.480987115902796
0.19989013671875,-11.153961317178107,-14.183886910234861,-9.661231897581764
0.2001953125,-13.315761760683282,-11.53226198369718,-9.224880303391842
0.20050048828125,-16.1342778210398,-9.573111196388542,-9.109366684046199
0.2008056640625,-18.789195640078052,-8.167495985024713,-9.26844097491969
0.20111083984375,-18.379930392099464,-7.228101596665635,-9.660502068033942
0.201416015625,-15.595435416278644,-6.706090893633841,-10.240162962631999
0.20172119140625,-13.016390552571092,-6.581299059525406,-10.952888399579791
0.2020263671875,-11.079517137158817,-6.858946447004616,-11.736502655509781
0.20233154296875,-9.679265856974798,-7.573033330653694,-12.535677114630257
0.20263671875,-8.695665007340779,-8.79973051359544,-13.330079802099508
0.20294189453125,-8.044630933530549,-10.69310834594422,-14.162512880368741
0.2032470703125,-7.6705877443572446,-13.588914265964124,-15.149146733586566
0.20355224609375,-7.537413928886137,-18.40515091709374,-16.475716087462917
0.203857421875,-7.622516743518486,-29.44598462867329,-18.40171762323351
0.20416259765625,-7.913103526453302,-24.23556682415463,-21.212381388396015
0.2044677734375,-8.403421374263864,-17.30958915088619,-24.074284754425598
0.20477294921875,-9.091753740407766,-14.049422511382819,-22.224369803554506
0.205078125,-9.975504182925825,-12.26836676142045,-17.925313919027467
0.20538330078125,-11.04139955785919,-11.366260972719209,-14.461097594689402
0.2056884765625,-12.245759474315268,-11.084158886281674,-11.862297681296042
0.20599365234375,-13.480624670639521,-11.244132409445474,-9.891461652312561
0.206298828125,-14.542475693355508,-11.615962915409376,-8.392619510044469
0.20660400390625,-15.179848665876662,-11.814752216107028,-7.271417720866431
0.2069091796875,-15.277618529031315,-11.399094091944077,-6.469840919608409
0.20721435546875,-14.971291910925403,-10.285852090349046,-5.952038958194508
0.20751953125,-14.49531564247833,-8.830110319548986,-5.696854173657281
0.20782470703125,-13.997083385762876,-7.403055449556458,-5.693959073785989
0.2081298828125,-13.491324777280212,-6.194142823093369,-5.942057662690675
0.20843505859375,-12.895421206229274,-5.267874060785504,-6.448399942342716
0.208740234375,-12.10040001411258,-4.636409251318609,-7.229163105931145
0.20904541015625,-11.05990050661215,-4.295671236010877,-8.3100126122872
0.2093505859375,-9.833619686925484,-4.2395652721212915,-9.724428838080343
0.20965576171875,-8.545241981970689,-4.465028091818638,-11.500028495294902
0.2099609375,-7.314278306156838,-4.973454768801394,-13.594665901151133
0.21026611328125,-6.223977961505712,-5.770263485425588,-15.66975196329694
0.2105712890625,-5.32322246123416,-6.862236035356154,-16.755873212632657
0.21087646484375,-4.6391201744588315,-8.24993464879576,-16.143426082830985
0.211181640625,-4.188229819622058,-9.908295515668403,-14.665154830097444
0.21148681640625,-3.9842608258085024,-11.743142240712759,-13.22859361276758
0.2117919921875,-4.043403373439546,-13.524839805406348,-12.122794105340004
0.21209716796875,-4.3889122008292345,-14.899597599199016,-11.375718861466561
0.21240234375,-5.05662573229004,-15.664831953867406,-10.956921846680466
0.21270751953125,-6.103736888233692,-16.028173857598542,-10.832591327208508
0.2130126953125,-7.6252605422533195,-16.357904330501427,-10.977149874475947
0.21331787109375,-9.788234915071643,-16.825057408384232,-11.374894766308257
0.213623046875,-12.902781353814305,-17.235580975512473,-12.020420313986502
0.21392822265625,-17.430966240855973,-17.01021845910429,-12.920492899152244
0.2142333984375,-20.989346306168102,-15.754493880212912,-14.099137916774652
0.21453857421875,-17.190178355309122,-13.875790489226926,-15.608692278368913
0.21484375,-13.387610626504438,-11.978321108652121,-17.552271342384323
0.21514892578125,-10.962317244852638,-10.358708884147038,-20.125846549560347
0.2154541015625,-9.457993232307196,-9.099987461960179,-23.637746377797374
0.21575927734375,-8.602928964992257,-8.210393926417233,-27.47260580658736
0.216064453125,-8.255750432033427,-7.68332441310463,-25.934419927613458
0.21636962890625,-8.339682769835123,-7.518671661696166,-21.449081653864702
0.2166748046875,-8.807933302146791,-7.732552608792148,-17.89306318650875
0.21697998046875,-9.617446582590595,-8.367101108141204,-15.178063236441151
0.21728515625,-10.692356826791173,-9.509020925927196,-13.026264982756082
0.21759033203125,-11.860753059849412,-11.334669625323595,-11.27599762700485
0.2178955078125,-12.792851519081367,-14.245561193737279,-9.836102304493451
0.21820068359375,-13.116789074572218,-19.457132188465003,-8.653008673968234
0.218505859375,-12.784628906777943,-35.70885601707432,-7.694045431381035
0.21881103515625,-12.12820337020772,-21.289737860950332,-6.939018441013223
0.2191162109375,-11.493582674014633,-14.861539302747717,-6.375853188876473
0.21942138671875,-11.060037087096601,-11.388934809064253,-5.9983214035679016
0.2197265625,-10.877742227739322,-9.150856312572039,-5.804903165901453
0.22003173828125,-10.92173512509077,-7.6361113610305695,-5.798309583067606
0.2203369140625,-11.111289999148921,-6.625153152732485,-5.985396028222086
0.22064208984375,-11.314363726801295,-6.006054670671729,-6.37722349548479
0.220947265625,-11.374579402776718,-5.716982114448705,-6.9888131956003585
0.22125244140625,-11.186682646978937,-5.723580295576149,-7.837347948272737
0.2215576171875,-10.770608440663388,-6.008755309009502,-8.935120318277171
0.22186279296875,-10.25423380537568,-6.567455210183929,-10.266468726591995
0.22216796875,-9.789285211217205,-7.403006338429748,-11.722196018556089
0.22247314453125,-9.495149381254464,-8.521612237465003,-12.9672243749159
0.2227783203125,-9.453153203258898,-9.91772325985366,-13.421445411389303
0.22308349609375,-9.723080266290129,-11.531147977661275,-12.81243442802775
0.223388671875,-10.362572285242164,-13.139740286047621,-11.58143390146497
0.22369384765625,-11.446903441858915,-14.228886757873486,-10.273361245555066
0.2239990234375,-13.095899867484043,-14.262881626793465,-9.153374996934323
0.22430419921875,-15.522974208720473,-13.391901769310586,-8.301616722772426
0.224609375,-19.11336964519107,-12.217897004806762,-7.730056822945932
0.22491455078125,-23.899077205299086,-11.133043369577358,-7.433216041576359
0.2252197265625,-23.77466941546677,-10.272160636922255,-7.405647425857441
0.22552490234375,-19.290860338105038,-9.656748208840515,-7.6476780466989815
0.225830078125,-16.03744345192617,-9.273155095195802,-8.167511087524757
0.22613525390625,-13.831003658034733,-9.100412236647172,-8.982238796150408
0.2264404296875,-12.248664468699904,-9.118683186262098,-10.117739015103826
0.22674560546875,-11.025828266898154,-9.311368433126827,-11.60398896044499
0.22705078125,-9.987515904039224,-9.66530949381861,-13.451578327762101
0.22735595703125,-9.020801460869771,-10.170494577192512,-15.560290909917182
0.2276611328125,-8.070712551407496,-10.819554183217575,-17.464242466881657
0.22796630859375,-7.133977021384023,-11.606696464217626,-18.218606381044577
0.228271484375,-6.24119971926259,-12.52487914133882,-17.563070746941293
0.22857666015625,-5.435033623744957,-13.558317834231826,-16.4044302764123
0.2288818359375,-4.754843968219361,-14.664309583787855,-15.435190327129071
0.22918701171875,-4.230575804850873,-15.736038582168952,-14.868117438757134
0.2294921875,-3.8825764745748703,-16.55467310537867,-14.7322049577263
0.22979736328125,-3.723469019484839,-16.815754138611297,-15.008901112732623
0.2301025390625,-3.759637449275094,-16.34909071655334,-15.655807845758776
0.23040771484375,-3.9909752423192058,-15.311688802121932,-16.5748105157937
0.230712890625,-4.407717007921464,-14.02137671029549,-17.533424942577874
0.23101806640625,-4.9827510331721845,-12.720175021587563,-18.116106217179183
0.2313232421875,-5.658006562819357,-11.531533637160889,-17.972149504436825
0.23162841796875,-6.328182901745617,-10.506417735398628,-17.235383525264684
0.23193359375,-6.840840980144484,-9.662997521916788,-16.35289630702264
0.23223876953125,-7.0483409669925345,-9.007122736317697,-15.666889145594684
0.2325439453125,-6.904477394249491,-8.541465701663114,-15.34945126776434
0.23284912109375,-6.502852523341744,-8.26955816275768,-15.495622403097949
0.233154296875,-6.003809935878488,-8.19779788367208,-16.201335080367848
0.23345947265625,-5.546452038970928,-8.336801497062181,-17.63004066791796
0.2337646484375,-5.219039321220644,-8.70272344916651,-20.13444552678755
0.23406982421875,-5.068662701818404,-9.31877337329411,-24.658961735580863
0.234375,-5.1179515348749405,-10.216646887535457,-33.1700752407587
0.23468017578125,-5.37698352528397,-11.435845558537512,-26.432198234173857
0.2349853515625,-5.849803371397648,-13.011825847077095,-20.40356788605934
0.23529052734375,-6.537293449198337,-14.916037546318536,-16.97289947978372
0.235595703125,-7.437771372293865,-16.831614621527724,-14.79159556099814
0.23590087890625,-8.546151516860487,-17.780702335111066,-13.39080427565946
0.2362060546875,-9.852532013267977,-16.97608899178669,-12.566821074075856
0.23651123046875,-11.342152479225442,-15.258411727205557,-12.221176906561071
0.23681640625,-13.001366867249386,-13.588025100805561,-12.307054859252311
0.23712158203125,-14.838238918445608,-12.270366929151946,-12.806402753722361
0.2374267578125,-16.92948468660891,-11.336239531189918,-13.714361993763367
0.23773193359375,-19.51278987924718,-10.756646115041864,-15.014038633549811
0.238037109375,-23.208317624545764,-10.498814334219261,-16.610358794233672
0.23834228515625,-29.693223910004658,-10.535572451907129,-18.179444885145294
0.2386474609375,-30.500501432763212,-10.842036437326755,-19.085173593830373
0.23895263671875,-22.53696877415677,-11.38594599236679,-18.966295953660037
0.2392578125,-17.809971095336973,-12.110035322134978,-18.32568030587809
0.23956298828125,-14.578083034705307,-12.905060925848925,-17.83972983217571
0.2398681640625,-12.175279103890587,-13.588751987538236,-17.888468266872618
0.24017333984375,-10.323432071376628,-13.946245847317893,-18.706744000370144
0.240478515625,-8.882386352480012,-13.870435025508893,-20.58220191643894
0.24078369140625,-7.772402940199457,-13.462258014042332,-23.846269333309415
0.2410888671875,-6.944759806624946,-12.938076979724844,-25.93834148696006
0.24139404296875,-6.368877151100824,-12.485074278587,-21.502363493706007
0.24169921875,-6.026143734741323,-12.21347550902231,-16.999441060696842
0.24200439453125,-5.906885679281743,-12.171340030389807,-13.787634845688093
0.2423095703125,-6.00907041806331,-12.361416435465458,-11.477295301636175
0.24261474609375,-6.338221819688723,-12.737800344907965,-9.806201765037667
0.242919921875,-6.908505040070967,-13.179185693667307,-8.628255524909141
0.24322509765625,-7.745381776031203,-13.460849112015614,-7.8589017245519255
0.2435302734375,-8.890944931750614,-13.312099211844643,-7.446310366619111
0.24383544921875,-10.414619629938848,-12.619032748637004,-7.354881745653273
0.244140625,-12.436132300131844,-11.5393388363222,-7.551663141831035
0.24444580078125,-15.180707504658317,-10.337230574203755,-7.988391492630848
0.2447509765625,-19.13162287607961,-9.205628313435128,-8.572246888383951
0.24505615234375,-25.373474675161276,-8.239691785047237,-9.128169092322059
0.245361328125,-28.642955595273364,-7.47352350999496,-9.400081922532486
0.24566650390625,-22.49341993906505,-6.911433552273614,-9.182925719338472
0.2459716796875,-18.797385659794653,-6.543871975573376,-8.509782904332287
0.24627685546875,-16.68082629151184,-6.353502629104232,-7.614704925378412
0.24658203125,-15.483657469876459,-6.316106686845279,-6.733542449734307
0.24688720703125,-14.927842241221986,-6.398938523384671,-6.010655000198079
0.2471923828125,-14.886145232980896,-6.558510232412039,-5.515718940302624
0.24749755859375,-15.298885065357698,-6.740499705852915,-5.280049500947066
0.247802734375,-16.129112262036017,-6.885513899212814,-5.32052853828409
0.24810791015625,-17.297059644161138,-6.942995626043428,-5.652109945919045
0.2484130859375,-18.511657597006515,-6.888943455419298,-6.293981336990123
0.24871826171875,-19.022092381782464,-6.735826612096795,-7.271419491640291
0.2490234375,-18.105005294625776,-6.526465174664794,-8.609483877826833
0.24932861328125,-16.191046110581,-6.31707792020433,-10.298072093399409
0.2496337890625,-14.106145448834415,-6.161654935307044,-12.158739581093592
0.24993896484375,-12.219077119325554,-6.104290370777887,-13.532230423899573
0.250244140625,-10.604931658597302,-6.178498999395798,-13.445187211782063
0.25054931640625,-9.250551489414221,-6.409991496216297,-12.074677831324319
0.2508544921875,-8.127292205392171,-6.820367206842625,-10.417032217296358
0.25115966796875,-7.210058834689134,-7.430664675009843,-8.983779052786025
0.25146484375,-6.480801263970296,-8.26451619942837,-7.8856973424633505
0.25177001953125,-5.928016648213147,-9.350611310949791,-7.112154065538347
0.2520751953125,-5.545468219126933,-10.722639625709888,-6.631501811228868
0.25238037109375,-5.330970684592135,-12.408387593433476,-6.416415127606424
0.252685546875,-5.285417746542393,-14.374736451057608,-6.448669658164672
0.25299072265625,-5.412020064701988,-16.326242311702934,-6.71860989384109
0.2532958984375,-5.715635911270537,-17.359201023949925,-7.222428622284407
0.25360107421875,-6.201997768033635,-16.658174259738228,-7.956028898296276
0.25390625,-6.876504701876069,-14.921787604872815,-8.900307013888293
0.25421142578125,-7.7419998001420165,-13.102089760864546,-9.986614871746767
0.2545166015625,-8.794524913697812,-11.533355743788631,-11.031240437439841
0.25482177734375,-10.015527120407622,-10.256613460868639,-11.68786817612877
0.255126953125,-11.359210692186728,-9.242388890491839,-11.620660932343094
0.25543212890625,-12.73772459935249,-8.453685970409552,-10.874683357647577
0.2557373046875,-14.019729191465007,-7.858883730434493,-9.827436895252578
0.25604248046875,-15.071356570752997,-7.432341174734045,-8.815621714513686
0.25634765625,-15.8353615422004,-7.152471707440041,-8.013034188080777
0.25665283203125,-16.362035432936352,-6.9997180443164115,-7.491038473289363
0.2569580078125,-16.732184498815613,-6.955104927419407,-7.279563537479233
0.25726318359375,-16.947272082934443,-6.999708778438805,-7.39728570773691
0.257568359375,-16.89011043988171,-7.115348499682202,-7.86265801741634
0.25787353515625,-16.416695841029142,-7.286671187887357,-8.691417220464215
0.2581787109375,-15.529362071895838,-7.504394504244486,-9.869686105155694
0.25848388671875,-14.412663930019693,-7.768852163492276,-11.258917373449286
0.2587890625,-13.292313468816985,-8.092608481201664,-12.37953816645037
0.25909423828125,-12.327846647941943,-8.501266754649077,-12.429763641596201
0.2593994140625,-11.60645701524615,-9.032644291432458,-11.282076694241049
0.25970458984375,-11.172626358296409,-9.735461852060876,-9.706178909155888
0.260009765625,-11.053114429690323,-10.668749018785633,-8.292273142061688
0.26031494140625,-11.271808833683055,-11.901571857839649,-7.2444164922223315
0.2606201171875,-11.857816445009266,-13.506454604032633,-6.608925714282866
0.26092529296875,-12.848212660015657,-15.513155927032026,-6.398689236734224
0.26123046875,-14.27857289256821,-17.686642721985837,-6.637397599063539
0.26153564453125,-16.125647581987273,-18.970761661423357,-7.380847911016985
0.2618408203125,-18.08243212784801,-18.213133838878473,-8.739934063731532
0.26214599609375,-19.15770578137009,-16.389627925506062,-10.911246920730358
0.262451171875,-18.52055375495368,-14.71826601280238,-14.094182885851517
0.26275634765625,-17.044542215335113,-13.548732901170467,-16.819875465639036
0.2630615234375,-15.743326672566402,-12.914981885232827,-14.362951141128521
0.26336669921875,-14.95672657887483,-12.800041321227303,-10.430947130075502
0.263671875,-14.759517204228063,-13.180765969457616,-7.458429152577813
0.26397705078125,-15.190767351561853,-13.97675725761182,-5.324646633468171
0.2642822265625,-16.309564121950995,-14.851612702067737,-3.8017943238055176
0.26458740234375,-18.12056323984168,-14.926258391685076,-2.749513446125789
0.264892578125,-19.979971650965037,-13.49024834229941,-2.0869998885624126
0.26519775390625,-19.53344794653425,-11.197926514300745,-1.769948594868342
0.2655029296875,-16.661721879351113,-8.915272358934283,-1.7789819209284843
0.26580810546875,-13.733649314131277,-6.9594540083428065,-2.1153625829392455
0.26611328125,-11.430234833233769,-5.375261136000301,-2.802208771479227
0.26641845703125,-9.72521635157624,-4.138166083529786,-3.8922529738656566
0.2667236328125,-8.523529091776487,-3.2161469822221744,-5.487599067713209
0.26702880859375,-7.756593565979887,-2.584359103141863,-7.78825002367009
0.267333984375,-7.38636629872829,-2.2278011449613957,-11.220395308716514
0.26763916015625,-7.401244921516364,-2.1416968684730002,-16.665147195275367
0.2679443359375,-7.815769442427412,-2.3323573892507454,-19.873407862581438
0.26824951171875,-8.677371390711976,-2.819781366629745,-13.848126633984748
0.2685546875,-10.086646262926175,-3.6436074849588227,-9.656856642869618
0.26885986328125,-12.252721038487987,-4.876097302908789,-6.96982982291352
0.2691650390625,-15.673432536256817,-6.652365512235288,-5.135176813992567
0.26947021484375,-22.04376041391612,-9.252386218149907,-3.8530826560851867
0.269775390625,-41.834313071995304,-13.394300162229744,-2.969850707072565
0.27008056640625,-20.695536229368855,-22.139920808025057,-2.3981909653902105
0.2703857421875,-15.41930268327826,-23.71517908559646,-2.08493966967145
0.27069091796875,-12.54278502553182,-14.008580663707118,-1.9961820938269716
0.27099609375,-10.775680913168241,-9.684547218133357,-2.1094056471879807
0.27130126953125,-9.693754578539366,-7.011960073288562,-2.4085590833326918
0.2716064453125,-9.101858109527852,-5.1858837637425435,-2.8800016986207533
0.27191162109375,-8.889357932509332,-3.8993197495098304,-3.508011749890538
0.272216796875,-8.979733952275383,-3.004738599711243,-4.2687344726171
0.27252197265625,-9.307284675879542,-2.422997616019957,-5.121940534424651
0.2728271484375,-9.805059106968926,-2.110535109212521,-6.002164811255924
0.27313232421875,-10.402216242614436,-2.045574562977254,-6.816671539310394
0.2734375,-11.033623735087854,-2.2220555977413565,-7.464666769126495
0.27374267578125,-11.659522138567747,-2.647441318598336,-7.883301686391686
0.2740478515625,-12.278193562119865,-3.343061028174928,-8.089438895325245
0.27435302734375,-12.904507763855559,-4.346608566603506,-8.172048003904038
0.274658203125,-13.494228528946678,-5.7161965988166274,-8.243459653586735
0.27496337890625,-13.820708015414652,-7.53073657311761,-8.397064746317987
0.2752685546875,-13.454860229285547,-9.851381963859803,-8.691336726842405
0.27557373046875,-12.165900939618313,-12.444918145894924,-9.148169715668375
0.27587890625,-10.279820982697283,-13.843727714688486,-9.750532076318484
0.27618408203125,-8.279430526212245,-12.501139568555509,-10.43396655974016
0.2764892578125,-6.4408774309279675,-10.128386262434425,-11.080953539062044
0.27679443359375,-4.863591170551988,-8.085225479230456,-11.547688110036564
0.277099609375,-3.569025878677513,-6.56809042472254,-11.74647365345712
0.27740478515625,-2.552893721951794,-5.517122476025936,-11.725393007078473
0.2777099609375,-1.8056212150760185,-4.8606630963052755,-11.647981853737353
0.27801513671875,-1.3196917548618703,-4.547674671706044,-11.707081322670286
0.2783203125,-1.092285301960539,-4.546168318829326,-12.077804680249823
0.27862548828125,-1.1263748934793638,-4.838451945411325,-12.934536770087153
0.2789306640625,-1.4313247694620157,-5.417462630011881,-14.518463620918702
0.27923583984375,-2.022948412937523,-6.284136973085205,-17.30183432523123
0.279541015625,-2.921518330764127,-7.445010701083649,-22.48280609691628
0.27984619140625,-4.142082977934287,-8.908697688423493,-27.132341760979607
0.2801513671875,-5.658477813033702,-10.678593177194251,-19.121838569654674
0.28045654296875,-7.29180521282413,-12.73610352810105,-14.059508216223415
0.28076171875,-8.502081897008901,-15.003187736866659,-10.823626675732962
0.28106689453125,-8.555522341584513,-17.270740978209997,-8.570491547469242
0.2813720703125,-7.519851837647008,-19.11694679027981,-6.958087040117675
0.28167724609375,-6.156442527444208,-19.97686918427718,-5.821496106785889
0.281982421875,-4.962156398879587,-19.534080582682225,-5.0724198474773665
0.28228759765625,-4.096496211773995,-18.03670682330257,-4.662125008342189
0.2825927734375,-3.587638012585497,-16.038351104609895,-4.565942720744907
0.28289794921875,-3.4327480083996176,-13.991096548120684,-4.776740032838313
0.283203125,-3.6310140497878214,-12.136434903408116,-5.303169579556952
0.28350830078125,-4.195032849956058,-10.573648906225312,-6.171621157792359
0.2838134765625,-5.157853754721381,-9.33426198819157,-7.432665436774062
0.28411865234375,-6.58234444782625,-8.424179590944782,-9.174908125252657
0.284423828125,-8.576041382231297,-7.843710405918669,-11.551624553169624
0.28472900390625,-11.30096644518494,-7.597205589692201,-14.811629597588636
0.2850341796875,-14.821706340523894,-7.699011592941362,-19.02986537524232
0.28533935546875,-17.65225557323728,-8.179541713978354,-21.09374900609677
0.28564453125,-16.30130460710032,-9.094736604154859,-18.0332847606001
0.28594970703125,-13.50628073114686,-10.543857754019715,-14.990906389152086
0.2862548828125,-11.432381642872434,-12.704511219276354,-12.966632095384172
0.28656005859375,-10.11977620630532,-15.882075071823218,-11.70257411411466
0.286865234375,-9.380951817679787,-20.163094742546047,-10.993154660892275
0.28717041015625,-9.052701212611362,-21.276251286524346,-10.715820837616931
0.2874755859375,-8.976209605918156,-17.31552902459456,-10.796075702110615
0.28778076171875,-8.964639030507897,-14.047130990866005,-11.18551347518368
0.2880859375,-8.810141808584353,-11.90746530556327,-11.848654312945703
0.28839111328125,-8.363962648341863,-10.569796567367511,-12.75301795488684
0.2886962890625,-7.63032824139379,-9.834132758518049,-13.858514473775717
0.28900146484375,-6.746185592533579,-9.594854140369367,-15.103046575524765
0.289306640625,-5.872287133201501,-9.799572759159922,-16.383798237615636
0.28961181640625,-5.12351489035407,-10.426649616041301,-17.54450777938678
0.2899169921875,-4.563532252299271,-11.468045641361059,-18.400587825688156
0.29022216796875,-4.222826710980318,-12.899530497883084,-18.82723226243685
0.29052734375,-4.115045692627651,-14.600364817578024,-18.8441386838417
0.29083251953125,-4.2469004558044805,-16.17566469619858,-18.58935438101323
0.2911376953125,-4.623279681854251,-16.91533694726679,-18.222949056018326
0.29144287109375,-5.249423437901224,-16.556452687012055,-17.870373911558158
0.291748046875,-6.130924811464738,-15.724452977666365,-17.61967232487898
0.29205322265625,-7.270939635798101,-15.052253702238161,-17.536812261849
0.2923583984375,-8.661748247096494,-14.825248210691313,-17.67971429013953
0.29266357421875,-10.26357829655285,-15.168796579434115,-18.108762714978702
0.29296875,-11.958661149800097,-16.20645141477732,-18.896380723480377
0.29327392578125,-13.48448576849677,-18.17704927008776,-20.13643447175561
0.2935791015625,-14.45238753520445,-21.667378008305285,-21.939428073144036
0.29388427734375,-14.62670608900418,-28.34933243499072,-24.298922972111995
0.294189453125,-14.165592648989637,-29.23786758293366,-26.249659126078505
0.29449462890625,-13.384685917071543,-21.721248126120432,-25.272303466413018
0.2947998046875,-12.486012107385502,-17.625597358276668,-22.316206137880496
0.29510498046875,-11.55193749463891,-15.126538743521348,-19.554078916645693
0.29541015625,-10.621098768575628,-13.55131847099135,-17.378836898139348
0.29571533203125,-9.731388947613445,-12.626435798657354,-15.709611946468417
0.2960205078125,-8.92728546178666,-12.226754890592634,-14.439773330878069
0.29632568359375,-8.253157851732805,-12.300004080436368,-13.489740487378965
0.296630859375,-7.747256486210762,-12.84307998645754,-12.803777936781033
0.29693603515625,-7.440402811219947,-13.902346208826996,-12.343112273411926
0.2972412109375,-7.357975702375221,-15.598995969699965,-12.081319850937964
0.29754638671875,-7.523062543859979,-18.213541786995666,-12.001768119743648
0.2978515625,-7.959381900748047,-22.506788893573848,-12.096337357267007
0.29815673828125,-8.69275118340765,-31.93981635084792,-12.364750766079718
0.2984619140625,-9.748040301037515,-31.370092160427234,-12.813855587544188
0.29876708984375,-11.131124383436092,-22.544743480347407,-13.455859253919119
0.299072265625,-12.762554574976498,-18.478694104448586,-14.303252519678427
0.29937744140625,-14.29804360527667,-15.9593645458264,-15.35442622133105
0.2996826171875,-14.98153304950447,-14.227720121250279,-16.555195633237986
0.29998779296875,-14.351213107886778,-12.977795498778438,-17.713755129367225
0.30029296875,-12.993037175541778,-12.055024445201921,-18.414173392094067
0.30059814453125,-11.614545925999103,-11.374048722144956,-18.22539569540127
0.3009033203125,-10.502874728581906,-10.889126809902784,-17.22591376074069
0.30120849609375,-9.714894634398865,-10.580901316698183,-15.902275591306976
0.301513671875,-9.23701606516396,-10.449009101941492,-14.63220933850733
0.30181884765625,-9.040427488718848,-10.507401676743678,-13.57747484724082
0.3021240234375,-9.095371537147198,-10.781842041665337,-12.784510429838784
0.30242919921875,-9.372910254012538,-11.309998644750275,-12.25636230362393
0.302734375,-9.84302922320898,-12.14513734737151,-11.981599219569237
0.30303955078125,-10.471902127081137,-13.36556543141484,-11.942225826924558
0.3033447265625,-11.219877806718516,-15.094879228220432,-12.111739669666829
0.30364990234375,-12.042032840933745,-17.543795662044644,-12.446503857970834
0.303955078125,-12.893258051004231,-21.070316240572676,-12.871508740984229
0.30426025390625,-13.73796686348477,-25.661823130152627,-13.267047436044448
0.3045654296875,-14.560038932141863,-25.87459984457682,-13.478680782144734
0.30487060546875,-15.365246415350612,-21.681514221498674,-13.378740899995536
0.30517578125,-16.171540457899646,-18.559984281332053,-12.950241872825767
0.30548095703125,-16.990437612251014,-16.536667455998945,-12.296190898689032
0.3057861328125,-17.80795347444609,-15.256851750821925,-11.561166938355736
0.30609130859375,-18.575487808342345,-14.506565645376138,-10.860300657379158
0.306396484375,-19.223538601577154,-14.145331725112573,-10.261079565968172
0.30670166015625,-19.70382131570763,-14.05187635264567,-9.794189215673194
0.3070068359375,-20.03292464979733,-14.08802217863591,-9.468125281780326
0.30731201171875,-20.289311138432208,-14.083939662724745,-9.27953794279697
0.3076171875,-20.5566343989847,-13.870379553229363,-9.219489873103011
0.30792236328125,-20.848632595067965,-13.361616581875452,-9.277368528105777
0.3082275390625,-21.039431503386968,-12.607715889447032,-9.443789856310207
0.30853271484375,-20.852414422680585,-11.743677567528083,-9.713196637234487
0.308837890625,-20.048121804849476,-10.90144682610119,-10.086360747576828
0.30914306640625,-18.705183041685768,-10.168631941172714,-10.572730571550334
0.3094482421875,-17.143868489025863,-9.591202581984966,-11.192605999349993
0.30975341796875,-15.641729966512807,-9.188833662173407,-11.979535979125952
0.31005859375,-14.342636780275054,-8.967735452024646,-12.984160199119305
0.31036376953125,-13.301355490761328,-8.9287830506218,-14.282254315971915
0.3106689453125,-12.532102212317843,-9.07247284638672,-15.993466384190887
0.31097412109375,-12.034273563214859,-9.40234207444445,-18.329419454235445
0.311279296875,-11.803408281255965,-9.927978179300895,-21.742763253765585
0.31158447265625,-11.835023790441777,-10.668381046070738,-27.61008961544224
0.3118896484375,-12.12478336545419,-11.656252681641885,-53.55527946900737
0.31219482421875,-12.665688179826882,-12.943385964134421,-29.06657397849205
0.3125,-13.441025093081262,-14.60456278507686,-23.262648427239046
0.31280517578125,-14.410133314869197,-16.719585562899024,-20.27863030361718
0.3131103515625,-15.484817086879394,-19.208117197742894,-18.52720831681841
0.31341552734375,-16.507081868220613,-21.058024568397926,-17.533273141858437
0.313720703125,-17.27479936447002,-20.236366612781215,-17.087292116430824
0.31402587890625,-17.66419195997386,-17.68252372064068,-17.058486718247007
0.3143310546875,-17.747848056068722,-15.213465752891693,-17.306182653199727
0.31463623046875,-17.735249932827372,-13.232398793823252,-17.599030243061925
0.31494140625,-17.82196115395466,-11.703628059854516,-17.57885247270583
0.31524658203125,-18.108370043372435,-10.547584399580705,-16.937472565869175
0.3155517578125,-18.565134588217447,-9.701241624112049,-15.724462323495978
0.31585693359375,-18.971564728275045,-9.119840990021387,-14.26924609491123
0.316162109375,-18.89520779090554,-8.771770445488189,-12.860010201686919
0.31646728515625,-18.005480333199802,-8.634300772478603,-11.641905196478326
0.3167724609375,-16.493483129724055,-8.690835243836956,-10.667129332905446
0.31707763671875,-14.812783809789922,-8.929428292887513,-9.94731921990843
0.3173828125,-13.265364413917247,-9.342416003926077,-9.480490268552423
0.31768798828125,-11.970924408376016,-9.92721851161415,-9.262502081962149
0.3179931640625,-10.959899618909395,-10.688603109925356,-9.291756595510568
0.31829833984375,-10.23161454006825,-11.642991992586623,-9.57134825533797
0.318603515625,-9.778480954356297,-12.826008517529194,-10.110519294973244
0.31890869140625,-9.595053162794008,-14.306180915452572,-10.926333429298571
0.3192138671875,-9.681610557269892,-16.213251080889496,-12.046241088798508
0.31951904296875,-10.046200441700835,-18.80993873335974,-13.51238747109728
0.31982421875,-10.70681261648396,-22.736162985505057,-15.389129666152026
0.32012939453125,-11.694613333239436,-30.46326253962226,-17.776462561416295
0.3204345703125,-13.058798059866541,-37.16831691469963,-20.833180766827617
0.32073974609375,-14.87184022927911,-24.887976055648725,-24.80000582560828
0.321044921875,-17.22154810391243,-20.139320933092343,-29.797856489599006
0.32135009765625,-20.097264960696748,-17.292615159923642,-33.635440220877236
0.3216552734375,-22.731453277083162,-15.399474734644599,-32.918809502327115
0.32196044921875,-22.902969376659875,-14.127065375104621,-31.9886719307631
0.322265625,-20.93200508536068,-13.32665566478531,-32.360741424287966
0.32257080078125,-18.938101752108103,-12.926139796130352,-32.57543008996563
0.3228759765625,-17.485484022817218,-12.893514846801038,-29.88026618115849
0.32318115234375,-16.5460410367368,-13.223011473487304,-25.9201385459422
0.323486328125,-16.028873333234166,-13.930897266471069,-22.55673600525956
0.32379150390625,-15.865259812903831,-15.057214925277707,-19.95575434779526
0.3240966796875,-16.017249734945626,-16.67310297680492,-17.972202650980616
0.32440185546875,-16.481419088313256,-18.894027507806065,-16.47035516891235
0.32470703125,-17.30087513319237,-21.887041998872743,-15.345059484136494
0.32501220703125,-18.59476424659576,-25.732426188577033,-14.507528918174364
0.3253173828125,-20.63353776204529,-29.204662769545223,-13.870725349543653
0.32562255859375,-24.0698029522401,-29.13482582802811,-13.33984068430752
0.325927734375,-30.42598227287327,-27.790299777734976,-12.81350467396797
0.32623291015625,-28.65493555566237,-27.786653233524135,-12.201891499864203
0.3265380859375,-21.284541130612315,-30.162952039552778,-11.456592038069422
0.32684326171875,-16.6981268847041,-37.821800006388216,-10.588684420124384
0.3271484375,-13.461101702803028,-31.042993270358792,-9.655998204143447
0.32745361328125,-11.005045514217095,-22.977405872698434,-8.731563126846726
0.3277587890625,-9.084387491989101,-18.129569853668542,-7.878665251148785
0.32806396484375,-7.575756968691084,-14.690808963784374,-7.142024288314904
0.328369140625,-6.411592671139003,-12.078229769248098,-6.549542368985407
0.32867431640625,-5.554179621877115,-10.032956714495697,-6.117315202707192
0.3289794921875,-4.984375830259257,-8.416817197781999,-5.854176772558849
0.32928466796875,-4.696704880463666,-7.147449816446182,-5.764756802009247
0.32958984375,-4.697803047635269,-6.172283203970611,-5.851056887898672
0.32989501953125,-5.007138027219096,-5.456407754845287,-6.112655426284986
0.3302001953125,-5.659611164348524,-4.976298996257203,-6.54537098290013
0.33050537109375,-6.709026103502426,-4.716313370069135,-7.137743290594538
0.330810546875,-8.225290571502748,-4.666607257615481,-7.86418088637264
0.33111572265625,-10.241944910010721,-4.821801114977449,-8.673781990815932
0.3314208984375,-12.434678882245523,-5.179961155834114,-9.477150628131547
0.33172607421875,-13.259100232643133,-5.741487325887473,-10.144298484745915
0.33203125,-11.537471568963353,-6.507272011468151,-10.539493730373447
0.33233642578125,-8.994628856123212,-7.474862339282903,-10.596050613354336
0.3326416015625,-6.7892405125425945,-8.62997593384162,-10.363625049277642
0.33294677734375,-5.081067259648526,-9.928434026181378,-9.967507445726186
0.333251953125,-3.8110802452782764,-11.263259377499615,-9.532040833590813
0.33355712890625,-2.9086856685343094,-12.429098073622512,-9.14085307816787
0.3338623046875,-2.320891535333129,-13.156175221094417,-8.836451922738956
0.33416748046875,-2.011288367429873,-13.292873151046003,-8.633281476393218
0.33447265625,-1.9558188643277057,-12.954751585048022,-8.52993837858049
0.33477783203125,-2.13944940609385,-12.396072410535563,-8.517780415353762
0.3350830078125,-2.5539988007344467,-11.815782682868718,-8.586880829272552
0.33538818359375,-3.1968668668748994,-11.310122907392177,-8.73037503017162
0.335693359375,-4.0704638140407265,-10.90578777715956,-8.947547502056798
0.33599853515625,-5.182282101508168,-10.595008796411927,-9.24551841173353
0.3363037109375,-6.545696054767899,-10.35683081160721,-9.63934352252925
0.33660888671875,-8.181650622677214,-10.169145655679213,-10.150538833853265
0.3369140625,-10.12100044157252,-10.015753536579163,-10.803979068918013
0.33721923828125,-12.4042393892168,-9.889933920795928,-11.622135642238732
0.3375244140625,-15.058851237862115,-9.794802035533179,-12.61281074456291
0.33782958984375,-17.95522037955941,-9.741023076241396,-13.740800581657966
0.338134765625,-20.2588189594537,-9.743137687638106,-14.869517803045847
0.33843994140625,-20.365905457021256,-9.815873433969834,-15.694750001599331
0.3387451171875,-18.699256942918055,-9.971288999636748,-15.841511819584706
0.33905029296875,-16.82925465176812,-10.216928575684403,-15.238082936875239
0.33935546875,-15.310538834880267,-10.554787594009339,-14.218307971168127
0.33966064453125,-14.214110717440668,-10.980899464393787,-13.154321171414246
0.3399658203125,-13.530217693395372,-11.485632318214225,-12.253405348634862
0.34027099609375,-13.258905443514594,-12.055158853849761,-11.59808717338051
0.340576171875,-13.42849638396854,-12.674773997652157,-11.21460118026816
0.34088134765625,-14.10913806747904,-13.334415756027127,-11.109393278191353
0.3411865234375,-15.445332930021348,-14.035691055036185,-11.28344217423801
0.34149169921875,-17.751531873845682,-14.798498700438763,-11.735310375957779
0.341796875,-21.881013730559076,-15.665397430718059,-12.456071543738656
0.34210205078125,-32.173299938322735,-16.704040232431304,-13.412568413313092
0.3424072265625,-28.84516965631327,-18.01124777603909,-14.510036849506013
0.34271240234375,-20.34526312498842,-19.72485233103786,-15.535506928843237
0.343017578125,-16.346724284777093,-22.0481980621391,-16.159909604872173
0.34332275390625,-13.954867827516066,-25.242507816347043,-16.157176946187512
0.3436279296875,-12.495289283524764,-28.878678273929008,-15.660848208256748
0.34393310546875,-11.722191379820789,-28.598607847913236,-15.016868590073003
0.34423828125,-11.54582368737164,-24.908947092538614,-14.502032114033359
0.34454345703125,-11.966373137873244,-21.83692822032384,-14.264390954575255
0.3448486328125,-13.0723777842748,-19.644547273746493,-14.376234080610518
0.34515380859375,-15.096802521800113,-18.074064900365773,-14.878078005345436
0.345458984375,-18.605930770925735,-16.922754464353382,-15.789099271281415
0.34576416015625,-24.677988315153485,-16.03187458546439,-17.064684891560287
0.3460693359375,-23.852699809612375,-15.258844805740491,-18.430183651809713
0.34637451171875,-17.493216960097616,-14.474896816394915,-19.11640544048141
0.3466796875,-13.640487350709623,-13.588823854876857,-18.390379871001002
0.34698486328125,-11.182920643911352,-12.575674613146475,-16.75171815949411
0.3472900390625,-9.581645445693908,-11.477207449695827,-15.072737117225529
0.34759521484375,-8.60136113839448,-10.369744817586572,-13.732865585740793
0.347900390625,-8.132997030207944,-9.328715293640604,-12.819281908911393
0.34820556640625,-8.133213531566847,-8.41142312701148,-12.339902396762728
0.3485107421875,-8.604378578215263,-7.656114708689158,-12.296585587919935
0.34881591796875,-9.593664083868156,-7.087673032688869,-12.703951464419989
0.34912109375,-11.207492674125367,-6.723908948022528,-13.584243752150432
0.34942626953125,-13.638674194739227,-6.58060370497063,-14.91305049507729
0.3497314453125,-17.096341934453445,-6.675367690722989,-16.383891958322415
0.35003662109375,-20.289968036594587,-7.030831128040217,-16.914688441617532
0.350341796875,-18.451817746091365,-7.677424252047091,-15.511435571255682
0.35064697265625,-14.934043537184035,-8.654737013002954,-13.132491525635155
0.3509521484375,-12.400818807605102,-10.005273415796644,-10.857313912825454
0.35125732421875,-10.781330418304256,-11.732603114748306,-8.9832889512624
0.3515625,-9.866191178604854,-13.618632175539071,-7.516525249347973
0.35186767578125,-9.541724000159062,-14.777501041768756,-6.410554499747153
0.3521728515625,-9.770532177422192,-14.099783226751262,-5.621470253632786
0.35247802734375,-10.580446912355283,-12.204970025273052,-5.116518739556374
0.352783203125,-12.07777076815069,-10.249646580294565,-4.873214005679754
0.35308837890625,-14.491365298816872,-8.64325295388708,-4.877039719118191
0.3533935546875,-18.16941094540819,-7.43256541489265,-5.1191510015359025
0.35369873046875,-21.726769793341454,-6.585561731057037,-5.593853994375357
0.35400390625,-18.878126717161038,-6.066454258060142,-6.294913454552327
0.35430908203125,-14.74787674466885,-5.850136102085478,-7.208832965347803
0.3546142578125,-11.886533667040709,-5.923249682854831,-8.30194046532926
0.35491943359375,-9.968812797107207,-6.28275007933931,-9.49796549920349
0.355224609375,-8.714026910675546,-6.9336424108526815,-10.651807098610956
0.35552978515625,-7.966998754668681,-7.884072343785489,-11.558175206829668
0.3558349609375,-7.6421905083554575,-9.130912697125316,-12.057536608758156
0.35614013671875,-7.69292281416919,-10.616337843432698,-12.179963239653606
0.3564453125,-8.095733314844903,-12.117189234712537,-12.129665536201475
0.35675048828125,-8.84056227212776,-13.107478428171127,-12.137859693222083
0.3570556640625,-9.919733697479414,-13.039854669734279,-12.380477912758924
0.35736083984375,-11.305065031630415,-12.080235781109996,-12.990560969209126
0.357666015625,-12.89154581006278,-10.849360730731554,-14.10745398023812
0.35797119140625,-14.389063055452397,-9.741366351887898,-15.951311208113406
0.3582763671875,-15.291540966661154,-8.886237941463923,-18.993390213208258
0.35858154296875,-15.292049724134252,-8.298145893283467,-24.549442588736902
0.35888671875,-14.706448224872249,-7.951823689779289,-30.313382663692323
0.35919189453125,-14.047203735758318,-7.8068926874684275,-21.563261423356842
0.3594970703125,-13.610880349167392,-7.812367115103638,-16.445975039806775
0.35980224609375,-13.51005453485829,-7.905974017171711,-13.207990457983623
0.360107421875,-13.779645925278356,-8.016335864224436,-10.923000142088329
0.36041259765625,-14.425749885825622,-8.074062034732766,-9.229004888115222
0.3607177734375,-15.423155007159231,-8.032086866450172,-7.950871481783974
0.36102294921875,-16.64677436797763,-7.884227279695829,-6.9916147263571835
0.361328125,-17.69325224402654,-7.66659396654385,-6.292725032407269
0.36163330078125,-17.811202878406412,-7.440397943640024,-5.816825540015364
0.3619384765625,-16.666677517281173,-7.270570798254509,-5.538885547105
0.36224365234375,-14.861865673490719,-7.2128593341851275,-5.441044629955492
0.362548828125,-13.019861393069593,-7.310843434063223,-5.508946577320554
0.36285400390625,-11.384253510003113,-7.598342672132487,-5.728536529293096
0.3631591796875,-10.002679486880627,-8.102896733828068,-6.082767417870257
0.36346435546875,-8.86471038815189,-8.847444904668532,-6.548123784785665
0.36376953125,-7.950128527117829,-9.846822187822852,-7.091713281546661
0.36407470703125,-7.2420697701788335,-11.091049357005357,-7.671160425566556
0.3643798828125,-6.729354641438475,-12.496168932538714,-8.241005834096736
0.36468505859375,-6.405779874270578,-13.8011345843203,-8.768076307569888
0.364990234375,-6.268621670981034,-14.51395591490739,-9.251597070210542
0.36529541015625,-6.316818876197209,-14.27872781191724,-9.736489711420479
0.3656005859375,-6.548596409868621,-13.358372979012191,-10.312544517715237
0.36590576171875,-6.957814452366215,-12.274274600704121,-11.10783130360918
0.3662109375,-7.52786954956436,-11.346210300313835,-12.296280476198957
0.36651611328125,-8.221877474395935,-10.69825818771579,-14.148159405311745
0.3668212890625,-8.96986457005213,-10.37163224558955,-17.204093978668876
0.36712646484375,-9.661693721214705,-10.387694690829822,-22.91436124017556
0.367431640625,-10.168219656217207,-10.776426172783287,-27.037230338008907
0.36773681640625,-10.406333233229379,-11.595293336472889,-18.369071836130477
0.3680419921875,-10.403309944128761,-12.955577626586797,-13.3591553485736
0.36834716796875,-10.28469008335292,-15.080285596754575,-10.120290810439027
0.36865234375,-10.202640449401823,-18.4558331119345,-7.823725411791671
0.36895751953125,-10.284073929007437,-23.986330018866976,-6.140964913512602
0.3692626953125,-10.621811827309212,-24.963228605243806,-4.914192023354199
0.36956787109375,-11.284362212454173,-18.663709294418396,-4.058945092857165
0.369873046875,-12.317799256421054,-14.50996062928005,-3.5284681776156104
0.37017822265625,-13.704038369184527,-11.736538007621746,-3.2987432491272717
0.3704833984375,-15.182381305864542,-9.770637824372773,-3.362047187064758
0.37078857421875,-15.912782198654373,-8.348560262874699,-3.7249384326005646
0.37109375,-15.03451697211359,-7.3348490767554395,-4.409512793613138
0.37139892578125,-13.129456100761164,-6.653779163539202,-5.4584663522496815
0.3717041015625,-11.165483024432195,-6.26116533693202,-6.946582622771881
0.37200927734375,-9.513308632182696,-6.131234621938697,-9.005571459949994
0.372314453125,-8.226974079869805,-6.249671791041484,-11.878695237305063
0.37261962890625,-7.279424481499488,-6.609082829661837,-16.011334892041717
0.3729248046875,-6.633158688540437,-7.204583485560735,-21.23485773322432
0.37322998046875,-6.2559357627172645,-8.026956368505141,-20.27932184176633
0.37353515625,-6.122616165514784,-9.049105923423822,-16.116527422746135
0.37384033203125,-6.213985214336837,-10.199203568915156,-13.473042845619874
0.3741455078125,-6.515230466442501,-11.31905460204723,-11.991764384668917
0.37445068359375,-7.014705469021841,-12.146896298671937,-11.340256314910116
0.374755859375,-7.7031577317580595,-12.432987730383232,-11.379433961032133
0.37506103515625,-8.573544310344875,-12.16256458954951,-12.094717785599478
0.3753662109375,-9.621502560712617,-11.561570309775483,-13.590965625669579
0.37567138671875,-10.846077242335978,-10.871708741294118,-16.16590256509229
0.3759765625,-12.248438797721686,-10.222848511964354,-20.506097328446494
0.37628173828125,-13.820258616103281,-9.644405618862146,-25.496737962357155
0.3765869140625,-15.496126731816029,-9.109016903204605,-20.57695385960426
0.37689208984375,-17.016353382803025,-8.568982755101501,-15.713810406052485
0.377197265625,-17.75831414684296,-7.985389884362321,-12.634921566021777
0.37750244140625,-17.160238529538123,-7.34830547015907,-10.591866983123886
0.3778076171875,-15.578558503487605,-6.681268685107346,-9.224992186767428
0.37811279296875,-13.742525988517036,-6.0302347385797015,-8.355896923588395
0.37841796875,-12.035905048065125,-5.447283695361031,-7.887444016077073
0.37872314453125,-10.571070642196167,-4.979222118724598,-7.763404229929021
0.3790283203125,-9.36085750796052,-4.6636904086362705,-7.949648964114944
0.37933349609375,-8.390907219079804,-4.530258773580102,-8.422724706525972
0.379638671875,-7.642177092379949,-4.603436631478238,-9.158465930007145
0.37994384765625,-7.0970565082004615,-4.905746455736832,-10.113301934404486
0.3802490234375,-6.740660993273623,-5.459902288098636,-11.18847647393836
0.38055419921875,-6.560864629272696,-6.288931796583407,-12.17665885083779
0.380859375,-6.548159121009788,-7.410933529220342,-12.755541594210019
0.38116455078125,-6.695690154622053,-8.818345156301849,-12.674300526710764
0.3814697265625,-6.9996058240956245,-10.415386196527257,-12.008245285549792
0.38177490234375,-7.459786790159685,-11.883353314276622,-11.059579731515345
0.382080078125,-8.080992566545138,-12.634756670172944,-10.0831860450159
0.38238525390625,-8.874396704669108,-12.355709093056841,-9.204927844357673
0.3826904296875,-9.85930910922736,-11.486732400423385,-8.464743540505527
0.38299560546875,-11.064291665824763,-10.612449293899452,-7.862178093634975
0.38330078125,-12.524671273241923,-10.031762433817716,-7.380528740717606
0.38360595703125,-14.26506009345623,-9.85133198087482,-6.997471017540659
0.3839111328125,-16.2258358909546,-10.107248572001605,-6.689686111380126
0.38421630859375,-18.03314240637877,-10.802341363065375,-6.435351508374815
0.384521484375,-18.764866463365387,-11.857880030554238,-6.216163461930195
0.38482666015625,-17.91548774143663,-12.913855480914918,-6.01938120288339
0.3851318359375,-16.315802200784272,-13.095735012095908,-5.839679545016954
0.38543701171875,-14.771569161390953,-11.815639991632597,-5.680266005608733
0.3857421875,-13.550937445421816,-9.767211347691374,-5.552833876029329
0.38604736328125,-12.692004131597512,-7.7514929224268405,-5.476400199054768
0.3863525390625,-12.174403577462208,-6.056019444809937,-5.475588363575414
0.38665771484375,-11.964016716641792,-4.722233552886333,-5.579136186931918
0.386962890625,-12.01290552372126,-3.7281215397715317,-5.819300672532903
0.38726806640625,-12.238388887417162,-3.044457179067545,-6.232606119940422
0.3875732421875,-12.48852482440218,-2.6484462556575017,-6.862286910105089
0.38787841796875,-12.5264778013572,-2.526144242549572,-7.762911388760173
0.38818359375,-12.118001965301639,-2.672406940436135,-9.007817299035967
0.38848876953125,-11.218199915404444,-3.0906338939628446,-10.698276418569282
0.3887939453125,-10.010765624570128,-3.7926445424148447,-12.956085157944528
0.38909912109375,-8.733910307640876,-4.7978785613885,-15.749461237877664
0.389404296875,-7.550109081408305,-6.128511339435684,-17.824475093639045
0.38970947265625,-6.539735592497708,-7.788262585447861,-16.587210987676833
0.3900146484375,-5.734804555753906,-9.685139760426836,-13.727294482870322
0.39031982421875,-5.145382672961666,-11.42133461392026,-11.244031092010541
0.390625,-4.773857068047981,-12.156827595826623,-9.37698791610266
0.39093017578125,-4.621966862858413,-11.503241606084352,-8.02476770593196
0.3912353515625,-4.694548324344478,-10.187482811077937,-7.088484532312497
0.39154052734375,-5.002237029087895,-8.912782884855519,-6.502182518662662
0.391845703125,-5.564530446803574,-7.92822900468904,-6.226147189693324
0.39215087890625,-6.414593901320994,-7.27363555618457,-6.240117234823889
0.3924560546875,-7.608131108392841,-6.933185233720391,-6.5399235731809355
0.39276123046875,-9.241629011144711,-6.884210966725902,-7.137478741311733
0.39306640625,-11.494521316118085,-7.110001309010537,-8.064591495164494
0.39337158203125,-14.741648873934771,-7.602935571243375,-9.382865567023405
0.3936767578125,-19.8718955554851,-8.365832431985558,-11.206089151990767
0.39398193359375,-25.961882898947096,-9.414150443213426,-13.752587636016075
0.394287109375,-20.017873063966192,-10.780736198293631,-17.467859908056266
0.39459228515625,-15.119587606796754,-12.5258402791896,-22.923509962435546
0.3948974609375,-12.074130563542806,-14.758847018516372,-23.790678648731753
0.39520263671875,-9.991924641459896,-17.68929460402571,-18.504086650940902
0.3955078125,-8.492695810883726,-21.755620682665587,-14.871324683562907
0.39581298828125,-7.3895702326646875,-27.739193969983962,-12.497811058604826
0.3961181640625,-6.577865979620303,-30.298982284357358,-10.89788095210584
0.39642333984375,-5.993381492110148,-25.02782029814516,-9.837291617389429
0.396728515625,-5.594401631429795,-21.513532176635735,-9.199672005060176
0.39703369140625,-5.353072848832589,-19.35566196906734,-8.928236213214113
0.3973388671875,-5.250965626154169,-17.97636677419541,-9.0013101758812
0.39764404296875,-5.276700947635421,-17.098245239519162,-9.421153116659763
0.39794921875,-5.424677555590672,-16.57276012974728,-10.206343043537165
0.39825439453125,-5.694423806989418,-16.308592290642608,-11.37564121721254
0.3985595703125,-6.090311549706645,-16.239381121334667,-12.88690360075699
0.39886474609375,-6.621438467326946,-16.305129428402065,-14.426407341048083
0.399169921875,-7.3014107176313825,-16.438361863382827,-15.077103733700707
0.39947509765625,-8.147396838832064,-16.5542793517186,-14.08412398608916
0.3997802734375,-9.176706665389677,-16.551872027875337,-12.191234030616329
0.40008544921875,-10.395958728886383,-16.33723200361825,-10.326518075241264
0.400390625,-11.769795953639434,-15.865956770128717,-8.813209919144697
0.40069580078125,-13.144058894273734,-15.170658380981576,-7.698194516260646
0.4010009765625,-14.135706588419406,-14.343103197760943,-6.96507295864337
0.40130615234375,-14.247036701427966,-13.490299371379086,-6.59539346617114
0.401611328125,-13.424311983140061,-12.703344753115262,-6.583028539549483
0.40191650390625,-12.145218790317474,-12.049974587397418,-6.937107986731892
0.4022216796875,-10.850760768547293,-11.580453645275142,-7.681024239237695
0.40252685546875,-9.744377495875018,-11.336930891850962,-8.841963057387868
0.40283203125,-8.89177614698424,-11.362794810488746,-10.39849649447981
0.40313720703125,-8.308827235315587,-11.712769351890763,-12.072625591241454
0.4034423828125,-8.000098239446098,-12.467135405681141,-12.909255163187725
0.40374755859375,-7.97390281928545,-13.757440691369977,-11.957832715523056
0.404052734375,-8.249698757187836,-15.819844064715923,-9.98191630026228
0.40435791015625,-8.864935028336973,-19.084472729418597,-8.032928038378198
0.4046630859375,-9.88583770529354,-23.482745753351626,-6.457257260707701
0.40496826171875,-11.42762785840185,-22.04967174292461,-5.291307616010523
0.4052734375,-13.689992411810634,-16.951154847186057,-4.506473069385515
0.40557861328125,-16.95151901162599,-13.272697541278873,-4.073909167451587
0.4058837890625,-20.485610052394428,-10.686327294278321,-3.9781826265565554
0.40618896484375,-19.02419531756181,-8.819359218694572,-4.2203247785672335
0.406494140625,-14.871120118807251,-7.475537074856492,-4.820728667932618
0.40679931640625,-11.632438530813825,-6.549872491100172,-5.825837765400717
0.4071044921875,-9.271926391490263,-5.985680354212732,-7.323150280339662
0.40740966796875,-7.520527590349985,-5.755402710870179,-9.47421220346974
0.40771484375,-6.21005694020632,-5.852382219180074,-12.582848098690981
0.40802001953125,-5.239921047120486,-6.28852339695242,-17.08116862812364
0.4083251953125,-4.547520955029345,-7.096287097589235,-20.453833115012383
0.40863037109375,-4.092417812204616,-8.33523462299089,-16.678961194973446
0.408935546875,-3.848000521139352,-10.103392173562924,-12.93554656304144
0.40924072265625,-3.7969790955738265,-12.541808931936057,-10.538567992319317
0.4095458984375,-3.928907065339379,-15.703257713419283,-9.053591334141384
0.40985107421875,-4.238826237045819,-18.426196744004823,-8.220576344963112
0.41015625,-4.726496833254887,-17.509492147195893,-7.909223383388085
0.41046142578125,-5.395723563654825,-14.76754224307702,-8.059400207653587
0.4107666015625,-6.2529627161679695,-12.581470888644262,-8.653854879994476
0.41107177734375,-7.303301385088239,-11.175933997301321,-9.704564662081175
0.411376953125,-8.53896115501825,-10.437818883921612,-11.234959224531199
0.41168212890625,-9.908921145465241,-10.290313444779393,-13.211483505908873
0.4119873046875,-11.252161532735844,-10.721737275722035,-15.269788027906399
0.41229248046875,-12.21982542958855,-11.793513333328548,-16.232179323392696
0.41259765625,-12.396850248442561,-13.675373693196882,-15.279254243948364
0.41290283203125,-11.740436671692041,-16.73557242110792,-13.542561761973445
0.4132080078125,-10.642625202935886,-21.41357027024356,-12.02029665420332
0.41351318359375,-9.491232965830283,-22.676073754515503,-10.962731200141143
0.413818359375,-8.48355861891282,-17.590859691282514,-10.376492515242475
0.41412353515625,-7.691511237319971,-13.792052841012282,-10.232906296695948
0.4144287109375,-7.135488179312861,-11.299679283267235,-10.515761637257778
0.41473388671875,-6.820332571385126,-9.647390916668982,-11.231770639747856
0.4150390625,-6.749735854153778,-8.59084364310038,-12.416430355638076
0.41534423828125,-6.932009328291472,-7.999013416171982,-14.144696658897933
0.4156494140625,-7.382834772649077,-7.794697964794592,-16.55205482511688
0.41595458984375,-8.126776928720657,-7.9243054865933615,-19.86139653363938
0.416259765625,-9.196463671915145,-8.336173803847892,-24.23638929492736
0.41656494140625,-10.621702894139474,-8.956119307594552,-27.738459651804877
0.4168701171875,-12.376928217471473,-9.656074113559143,-26.312445162035452
0.41717529296875,-14.187513382644605,-10.234421600426229,-24.231182596289166
0.41748046875,-15.17651442322678,-10.47059889465122,-23.42119257666997
0.41778564453125,-14.489980859101406,-10.27853026137619,-23.687534360499733
0.4180908203125,-12.781773419777146,-9.786417858535605,-24.144423841317874
0.41839599609375,-11.029796302913192,-9.217281917475715,-22.82089022048336
0.418701171875,-9.591012796354924,-8.749979458354163,-19.638684188276912
0.41900634765625,-8.51501498923794,-8.487006429104447,-16.37741163842501
0.4193115234375,-7.776561500346785,-8.477574208226223,-13.667507686309099
0.41961669921875,-7.3426895751530985,-8.74108586921975,-11.518531297054436
0.419921875,-7.187140258997945,-9.27632355130638,-9.843162935687333
0.42022705078125,-7.291720066936389,-10.05398179951653,-8.563551172699189
0.4205322265625,-7.644584519261407,-10.987827461219997,-7.622170183302258
0.42083740234375,-8.237312811484447,-11.886066242175648,-6.977889034165732
0.421142578125,-9.059939715438325,-12.442738526030215,-6.601277511982767
0.42144775390625,-10.09095751314814,-12.409279060140776,-6.47102930932713
0.4217529296875,-11.276203901026904,-11.847508324372056,-6.571362582878236
0.42205810546875,-12.489387315689966,-11.055018538211819,-6.8900362106634905
0.42236328125,-13.488169944144309,-10.297047910228343,-7.416690437528146
0.42266845703125,-13.958547824133124,-9.714108060173862,-8.141317027200806
0.4229736328125,-13.742980299006254,-9.359745619338707,-9.052738362815516
0.42327880859375,-12.996615648547387,-9.24557351345202,-10.136946341890905
0.423583984375,-12.003004861881683,-9.365720214352748,-11.374700274597611
0.42388916015625,-10.964703780443658,-9.707434047184247,-12.735989067470557
0.4241943359375,-9.97808915850961,-10.25531894348335,-14.164074183323416
0.42449951171875,-9.080480024010848,-10.993018822087997,-15.534220249263846
0.4248046875,-8.287018858449638,-11.903133781721378,-16.58499645936499
0.42510986328125,-7.608137867273154,-12.962009206075585,-16.933800253520623
0.4254150390625,-7.0556860609068135,-14.117239184267437,-16.385338562042936
0.42572021484375,-6.644197042201556,-15.22150684967973,-15.198046901392868
0.426025390625,-6.390763620993779,-15.919181088634717,-13.799958308113872
0.42633056640625,-6.315104170081981,-15.705150377897706,-12.478021543106523
0.4266357421875,-6.440467875464259,-14.45978018155085,-11.36630323640567
0.42694091796875,-6.795723506968531,-12.649382113716676,-10.52093391762104
0.42724609375,-7.419124921208118,-10.761191396128353,-9.969523255487907
0.42755126953125,-8.364815956360664,-9.035147243979571,-9.73528055430878
0.4278564453125,-9.714246461040489,-7.55301322421781,-9.850439126424764
0.42816162109375,-11.595868322300129,-6.334261351621192,-10.368521400494446
0.428466796875,-14.207828783043654,-5.379366985348675,-11.383314125087827
0.42877197265625,-17.693844301660057,-4.686081326106003,-13.067231918848554
0.4290771484375,-20.46318382224976,-4.255743484367632,-15.752444822890556
0.42938232421875,-18.40272433106158,-4.09659994493715,-19.9264420988754
0.4296875,-14.979292126254485,-4.227033422905426,-22.429842402807793
0.42999267578125,-12.40437275559092,-4.680599966381694,-17.509751266117092
0.4302978515625,-10.61324469297379,-5.51556272203503,-13.118762309492435
0.43060302734375,-9.406150940968732,-6.835070491341083,-10.056583407552825
0.430908203125,-8.65458409710011,-8.835723055899361,-7.832614600736205
0.43121337890625,-8.28241318391857,-11.947872418199383,-6.171241901861176
0.4315185546875,-8.244381829627319,-17.34680615782163,-4.923448886843274
0.43182373046875,-8.511813777093774,-24.629542389799862,-4.002967851493986
0.43212890625,-9.059886819224772,-16.312619940648634,-3.357317707615654
0.43243408203125,-9.848709196210116,-11.128027870818542,-2.9542357208663708
0.4327392578125,-10.78699497650292,-8.011731998352102,-2.7750634672731445
0.43304443359375,-11.672904583348018,-5.9349247721819065,-2.8116466544319674
0.433349609375,-12.17041776656379,-4.510944295092405,-3.065353014299958
0.43365478515625,-11.990850710519364,-3.5609008982679757,-3.5477893061424712
0.4339599609375,-11.193191509475653,-2.9919734217909273,-4.283498285117859
0.43426513671875,-10.105118943616231,-2.75471381148803,-5.3158587611844315
0.4345703125,-9.01149914662811,-2.825821773423195,-6.71945864027049
0.43487548828125,-8.055933175829725,-3.2013029930514407,-8.627977446369187
0.4351806640625,-7.289632896460612,-3.895320194699189,-11.306713999869864
0.43548583984375,-6.722989681026057,-4.944053177059851,-15.390406322436602
0.435791015625,-6.3524576951218,-6.417128695459494,-22.952534264493806
0.43609619140625,-6.172240199229682,-8.445821364295162,-25.073646888007367
0.4364013671875,-6.179227021074803,-11.30002275388419,-16.806785326033438
0.43670654296875,-6.3752644229351665,-15.660642534976702,-12.707383803236441
0.43701171875,-6.768441258750099,-24.364139245150525,-10.235270150381181
0.43731689453125,-7.373926014975789,-28.792795328556743,-8.646309514161882
0.4376220703125,-8.213993867528389,-18.274572301265234,-7.652989228799462
0.43792724609375,-9.3150085320079,-14.267021311031044,-7.125012953368818
0.438232421875,-10.693127773295103,-12.083469117978678,-7.004410025256545
0.43853759765625,-12.301503733084559,-10.850779164169639,-7.277057950509784
0.4388427734375,-13.874372284365748,-10.255565203563732,-7.966061627288067
0.43914794921875,-14.718021639403574,-10.160795473855256,-9.140612510287466
0.439453125,-14.201064030281616,-10.509312468405788,-10.949492034810383
0.43975830078125,-12.752644064383144,-11.29452777514284,-13.724503292797605
0.4400634765625,-11.161408690758032,-12.557670371083184,-18.394602767792243
0.44036865234375,-9.801493959578051,-14.407484854448002,-30.2266154464046
0.440673828125,-8.768708038750894,-17.081159704926073,-24.558624829389842
0.44097900390625,-8.071104710000016,-21.101594476600557,-16.82118930231996
0.4412841796875,-7.701412251206275,-26.985806402818895,-13.109250729643582
0.44158935546875,-7.659160089641542,-25.912837969045572,-10.858566594010103
0.44189453125,-7.958905834291151,-20.49072358938342,-9.426772041580822
0.44219970703125,-8.637373939882062,-16.966394990108142,-8.556506980391402
0.4425048828125,-9.766263953379795,-14.577262381519418,-8.122165532385155
0.44281005859375,-11.480685343568258,-12.84963621396355,-8.056490040218186
0.443115234375,-14.049540958872358,-11.553259146826127,-8.322508767723512
0.44342041015625,-18.059507214784457,-10.566154284604465,-8.900350698174819
0.4437255859375,-24.147345988274097,-9.820261884607035,-9.77905819879045
0.44403076171875,-22.445190079179476,-9.277619886841718,-10.948423926689998
0.4443359375,-16.929948752238268,-8.91847461059802,-12.386144322375115
0.44464111328125,-13.539439459604415,-8.734683279823708,-14.034429726688014
0.4449462890625,-11.394098373430843,-8.725850252001855,-15.764848634415227
0.44525146484375,-10.033310437958916,-8.897115150867068,-17.362573574167804
0.445556640625,-9.24778189769316,-9.2580843586335,-18.618970741909454
0.44586181640625,-8.938348907471095,-9.822658103612286,-19.529789828234495
0.4461669921875,-9.063126678559836,-10.609677384252524,-20.334285381512395
0.44647216796875,-9.615743596704004,-11.644498219676333,-21.3196171584555
0.44677734375,-10.611435099938271,-12.961876123481282,-22.627619735057714
0.44708251953125,-12.056113833035404,-14.611049783738286,-24.02328377020963
0.4473876953125,-13.82237692072007,-16.664954725806123,-24.546461130154213
0.44769287109375,-15.26266079620444,-19.237671024643536,-23.412646874674707
0.447998046875,-15.117699004333375,-22.517161398479992,-21.492247509709202
0.44830322265625,-13.406554886695442,-26.797472588730486,-19.758014419939997
0.4486083984375,-11.379656396583922,-31.977907454927788,-18.51780234246484
0.44891357421875,-9.655974222730231,-33.50673289735414,-17.80913667530552
0.44921875,-8.343310783131344,-30.513087343286458,-17.612087736836482
0.44952392578125,-7.416707987559844,-27.988618200108416,-17.89196620152013
0.4498291015625,-6.8355745409045205,-26.07730164380461,-18.565426179999484
0.45013427734375,-6.568293124754282,-24.339477662986077,-19.37988855213878
0.450439453125,-6.595572283826893,-22.58761748189112,-19.751573541296853
0.45074462890625,-6.910126549544683,-20.852187450221177,-19.080795533499952
0.4510498046875,-7.516859665196783,-19.23530404903851,-17.57809885885986
0.45135498046875,-8.434951037151738,-17.815689731432748,-15.92017349956961
0.45166015625,-9.703275907318549,-16.631221086489507,-14.510016852277918
0.45196533203125,-11.392011243407392,-15.692188373218265,-13.478843907722979
0.4522705078125,-13.626253221327493,-14.995415260136298,-12.853692455585833
0.45257568359375,-16.626900767575687,-14.532626922407195,-12.637273041139514
0.452880859375,-20.659963709510176,-14.294004238251222,-12.833955371710758
0.45318603515625,-24.174345454205554,-14.268229318119772,-13.453686879562678
0.4534912109375,-21.765539785210496,-14.43903496703844,-14.496954489008203
0.45379638671875,-17.951056767280697,-14.776721324353922,-15.892175423557283
0.4541015625,-15.103711940645209,-15.22211670771888,-17.313453823743544
0.45440673828125,-12.986123035000931,-15.663956167631813,-17.985464338166324
0.4547119140625,-11.344387662592139,-15.929082136734074,-17.365974699426165
0.45501708984375,-10.035542712860622,-15.835164399141268,-16.058845885912966
0.455322265625,-8.983589282111284,-15.316286102518399,-14.858457890466223
0.45562744140625,-8.149931808819673,-14.486025908404525,-14.122123300254096
0.4559326171875,-7.516913527960237,-13.544839893813137,-13.990935106137073
0.45623779296875,-7.07856585063142,-12.664996820012522,-14.600110800933614
0.45654296875,-6.8353848162707465,-11.9577011171407,-16.232374058652834
0.45684814453125,-6.791319870814454,-11.490800703055644,-19.685279239462478
0.4571533203125,-6.951706640974493,-11.313030281225323,-28.981881479623254
0.45745849609375,-7.320948550501756,-11.47171773999452,-26.25992843464731
0.457763671875,-7.89832242490332,-12.023897790780108,-16.834186880565177
0.45806884765625,-8.669141177236982,-13.036364334286258,-12.153466970010813
0.4583740234375,-9.586904031005743,-14.53409247017759,-9.072839451633127
0.45867919921875,-10.543806926980748,-16.19497698943217,-6.865541375242015
0.458984375,-11.347027453016654,-16.56716835422964,-5.24542179655216
0.45928955078125,-11.767893169865069,-14.505394588755232,-4.072325002792975
0.4595947265625,-11.707004020236663,-11.585998270324575,-3.270100097371152
0.45989990234375,-11.297505299992267,-8.963772778726906,-2.7965046129642612
0.460205078125,-10.78294724977447,-6.824854094183293,-2.630512755853078
0.46051025390625,-10.361056706878509,-5.121982847921798,-2.7669689686883863
0.4608154296875,-10.146709458943565,-3.789964341141495,-3.2152210759563475
0.46112060546875,-10.197879695646282,-2.7796270092774806,-4.000789339848664
0.46142578125,-10.540983288229624,-2.0587310595555577,-5.1703184258623045
0.46173095703125,-11.177241470666443,-1.6088351209923775,-6.800333631154528
0.4620361328125,-12.061642126944642,-1.4230193416340815,-9.005013418995462
0.46234130859375,-13.037738097581386,-1.5051203125145007,-11.887033990993823
0.462646484375,-13.7448160916815,-1.8706096885981538,-15.001649893226967
0.46295166015625,-13.717172949875454,-2.5494890327369406,-15.6985982460678
0.4632568359375,-12.86915908333037,-3.5920253202264707,-13.294740668493276
0.46356201171875,-11.612758873238253,-5.078220934008627,-10.737261002059501
0.4638671875,-10.367105551660718,-7.1268954706764776,-8.812717544704219
0.46417236328125,-9.341072997589007,-9.851116781005164,-7.436415279151061
0.4644775390625,-8.609091357067975,-12.836448862742941,-6.462152156917127
0.46478271484375,-8.195170204573541,-13.426353358921403,-5.775342785845528
0.465087890625,-8.113872805478234,-10.84664195074514,-5.290747106207602
0.46539306640625,-8.389266070342847,-8.119641302354324,-4.946845063359896
0.4656982421875,-9.06856001647422,-6.069527665849609,-4.704841441445559
0.46600341796875,-10.24165197250435,-4.628671596183805,-4.549548027531491
0.46630859375,-12.082560083067994,-3.674369453168093,-4.4887165137591
0.46661376953125,-14.95335430137565,-3.1226602432475365,-4.549584363206795
0.4669189453125,-19.62134579702671,-2.9236094567154343,-4.774175543661656
0.46722412109375,-24.081577828851568,-3.051762336723286,-5.216090845076868
0.467529296875,-18.482395546828712,-3.500729852536317,-5.940686791977066
0.46783447265625,-13.726387701939338,-4.2817587128291805,-7.028231227322911
0.4681396484375,-10.633965576586785,-5.426126817560332,-8.57216550509898
0.46844482421875,-8.491716619011777,-6.9923539212086725,-10.623625099183622
0.46875,-6.9662633638619855,-9.080181841347551,-12.826195715972847
0.46905517578125,-5.891858397750378,-11.846821169097359,-13.459931888179186
0.4693603515625,-5.178679446681752,-15.427820102796517,-11.467621505429884
0.46966552734375,-4.776359182176221,-18.845583228739507,-8.810684950680429
0.469970703125,-4.658114093066534,-18.184002869635187,-6.573253447406414
0.47027587890625,-4.813611012394732,-15.184149186761575,-4.866356451722545
0.4705810546875,-5.246283390796861,-12.702540101167594,-3.620449905974864
0.47088623046875,-5.973634710284468,-10.873747355189385,-2.7660234022683476
0.47119140625,-7.030439939882899,-9.472632168113957,-2.255335112111593
0.47149658203125,-8.475690977948192,-8.32619969603408,-2.0601124983009913
0.4718017578125,-10.404088167035043,-7.328838502887026,-2.1679136033675057
0.47210693359375,-12.953186430596515,-6.42991193529067,-2.580462104800964
0.472412109375,-16.199682237319315,-5.6193691483727095,-3.314509107834447
0.47271728515625,-19.174320303376547,-4.911797305351127,-4.406119533197455
0.4730224609375,-18.602846683955534,-4.332377964590322,-5.921066567385564
0.47332763671875,-15.808781184717331,-3.907970164535425,-7.979072252796576
0.4736328125,-13.400399396560429,-3.663556817504533,-10.81711581352807
0.47393798828125,-11.654102969193277,-3.6224130490899804,-14.999156611604661
0.4742431640625,-10.41271628700292,-3.808359188401465,-22.55625252676036
0.47454833984375,-9.527678196394714,-4.249338420949046,-34.98061089296182
0.474853515625,-8.885470757458599,-4.982604702969652,-20.45835636427062
0.47515869140625,-8.397117010427381,-6.063139233938051,-16.199370315931382
0.4754638671875,-7.992986599302009,-7.5796412786990786,-14.10697897023333
0.47576904296875,-7.6242342289838305,-9.690472079583362,-13.053225219956776
0.47607421875,-7.266298672833954,-12.722930395423731,-12.607920832702519
0.47637939453125,-6.919135472391385,-17.55226437774353,-12.492247042284472
0.4766845703125,-6.601836159988407,-28.680630145503898,-12.436856020554837
0.47698974609375,-6.343796634345029,-25.378793164691142,-12.180593681963778
0.477294921875,-6.176484000935519,-17.5524973571656,-11.585286658172793
0.47760009765625,-6.128241125113954,-14.074295302609158,-10.720243044626237
0.4779052734375,-6.2220691433126945,-12.136302378808125,-9.772368682067384
0.47821044921875,-6.474968446555191,-11.065848134845233,-8.908524544718965
0.478515625,-6.897144523377575,-10.600361105324648,-8.228466064806897
0.47882080078125,-7.489326182571756,-10.61175377578066,-7.780589667099105
0.4791259765625,-8.236046272570169,-11.019986123044156,-7.586606134793693
0.47943115234375,-9.09241015272247,-11.740580569230087,-7.658128311158495
0.479736328125,-9.964751864135774,-12.618461978144037,-8.005903390242967
0.48004150390625,-10.70000520669983,-13.34366287308865,-8.644847497092897
0.4803466796875,-11.124743173267742,-13.487090710262839,-9.59643263994119
0.48065185546875,-11.15299406259962,-12.857855907236551,-10.886796436345405
0.48095703125,-10.8609456876146,-11.728965907801642,-12.53030603341205
0.48126220703125,-10.42353834609668,-10.492244579283998,-14.460009467382253
0.4815673828125,-10.003688393856,-9.37818942933124,-16.3098868308729
0.48187255859375,-9.706665107608183,-8.473536567206635,-17.180208857379625
0.482177734375,-9.588632728361054,-7.797794317580207,-16.52716479663485
0.48248291015625,-9.676848658124172,-7.347032564789318,-15.123975886225676
0.4827880859375,-9.984483003876216,-7.112099160360277,-13.783032147013623
0.48309326171875,-10.518982151160838,-7.0851954990752395,-12.793494330178198
0.4833984375,-11.28633829811479,-7.261546883111961,-12.214707493663246
0.48370361328125,-12.293183558235349,-7.638430337996855,-12.0574177899265
0.4840087890625,-13.547761994307914,-8.21143677992821,-12.340690655430413
0.48431396484375,-15.059989210130944,-8.965884276851527,-13.107812994925625
0.484619140625,-16.838984365801362,-9.859140058636973,-14.417199551467196
0.48492431640625,-18.87958313446889,-10.790152978238412,-16.23064453610953
0.4852294921875,-21.103267367973718,-11.570198177045627,-17.83272250078499
0.48553466796875,-23.154773372971963,-11.96124546688303,-17.226138624846147
0.48583984375,-24.114537286284996,-11.842864995601312,-14.519395344887139
0.48614501953125,-23.2967973811692,-11.34014563916135,-11.67238835840249
0.4864501953125,-21.452928301152664,-10.709552881764813,-9.31608619693081
0.48675537109375,-19.493186714654556,-10.166927094570477,-7.45971049122876
0.487060546875,-17.761107952843386,-9.842041388077295,-6.02549679937225
0.48736572265625,-16.333306672720653,-9.806788178932617,-4.946890576178641
0.4876708984375,-15.216393695019955,-10.105882289546242,-4.176811004811633
0.48797607421875,-14.40461013888524,-10.769829143227604,-3.683107853237098
0.48828125,-13.893681186163105,-11.799582858520921,-3.4435013666051475
0.48858642578125,-13.683582202968381,-13.082672028096914,-3.441125321718457
0.4888916015625,-13.778075344553383,-14.168080244695451,-3.659809400409568
0.48919677734375,-14.181562022560538,-14.190404300018933,-4.077635913976927
0.489501953125,-14.88994106600197,-12.887477438829176,-4.65695819180341
0.48980712890625,-15.86659904773585,-11.053223890050221,-5.330039759449752
0.4901123046875,-16.98821210450403,-9.340998435864524,-5.98570831512048
0.49041748046875,-17.96862520079525,-7.964483917288709,-6.478055334776389
0.49072265625,-18.410780829585914,-6.952577285844345,-6.68521528672566
0.49102783203125,-18.17676747071221,-6.287151566389408,-6.592984930501102
0.4913330078125,-17.593369449991496,-5.944180333380762,-6.308953094694615
0.49163818359375,-17.10157710425412,-5.9021168415422585,-5.988244605123282
0.491943359375,-17.003194969234052,-6.139286029088043,-5.762403715532388
0.49224853515625,-17.50678996997804,-6.624353215938504,-5.720212722714177
0.4925537109375,-18.844499095014104,-7.297628404785508,-5.9190393988715675
0.49285888671875,-21.34691167205311,-8.041845192561878,-6.4013546440256235
0.4931640625,-24.57716921134914,-8.660995558002513,-7.208021519982526
0.49346923828125,-22.7857670737642,-8.931782110314883,-8.388442985732592
0.4937744140625,-17.830485771063607,-8.761881920159686,-10.008312977702937
0.49407958984375,-13.985475094465157,-8.282305077019139,-12.148047328383516
0.494384765625,-11.164120447662679,-7.729175012017543,-14.840818259913902
0.49468994140625,-9.056255234128813,-7.297639079680921,-17.69051834356944
0.4949951171875,-7.479751738629659,-7.108616186146113,-18.98261626338614
0.49530029296875,-6.331714711591103,-7.237138545464568,-17.822113507636292
0.49560546875,-5.553874634747013,-7.745823548277083,-16.126320383066112
0.49591064453125,-5.115617200482915,-8.713148168092685,-14.913640372239922
0.4962158203125,-5.006196268855483,-10.266735687049753,-14.275226365928093
0.49652099609375,-5.231992408754477,-12.644746151781888,-14.08883948873985
0.496826171875,-5.817127843966076,-16.323648687895965,-14.141858270234142
0.49713134765625,-6.806481461244913,-21.63064896583863,-14.107031332037394
0.4974365234375,-8.267558684843888,-20.97448498163384,-13.627014565521689
0.49774169921875,-10.268372826938295,-15.869759631082278,-12.597339161885088
0.498046875,-12.697040790127982,-12.491342884839439,-11.256098404374344
0.49835205078125,-14.475869877350387,-10.319028327651099,-9.910237617598458
0.4986572265625,-13.659638044110164,-8.908648343548135,-8.748153485500401
0.49896240234375,-11.296276187099059,-8.027285520093205,-7.850839684062057
0.499267578125,-9.106108791211957,-7.531107434290742,-7.246312166572255
0.49957275390625,-7.458688868904542,-7.305159286816939,-6.944363093947915
0.4998779296875,-6.318887939126299,-7.230674829422656,-6.95363928030532
0.50018310546875,-5.613506520790276,-7.171932750920732,-7.290835737713054
0.50048828125,-5.288264130936432,-6.993853956215089,-7.988498350363994
0.50079345703125,-5.309813502326436,-6.613545943092534,-9.106625437685267
0.5010986328125,-5.660879395599205,-6.044252799761369,-10.756579720064178
0.50140380859375,-6.335144756680266,-5.379051096071419,-13.16159151144005
0.501708984375,-7.3305295781399735,-4.732707256894166,-16.8536743585721
0.50201416015625,-8.635159048725574,-4.199360387881004,-23.708597552481613
0.5023193359375,-10.192319383687579,-3.8433842166387784,-38.497152385268365
0.50262451171875,-11.82231543595151,-3.7076492913287935,-21.468767856707412
0.5029296875,-13.131120715730386,-3.8249166510174097,-16.489863238129463
0.50323486328125,-13.667551899782357,-4.227666301700966,-13.717784991797119
0.5035400390625,-13.433786659958209,-4.956651861894687,-11.951349964425845
0.50384521484375,-12.878660457528454,-6.069704338379282,-10.762997848745965
0.504150390625,-12.38067340954239,-7.650554298443635,-9.928754110109608
0.50445556640625,-12.084088811955347,-9.80235870475775,-9.296448338228878
0.5047607421875,-11.974113412162664,-12.50425380530957,-8.747670388527538
0.50506591796875,-11.935833008487249,-14.731327159917742,-8.194595594754626
0.50537109375,-11.79145063393448,-13.971103162993321,-7.59033020311092
0.50567626953125,-11.376693815793049,-11.31788130609786,-6.9342959978214145
0.5059814453125,-10.648618512946138,-8.895040482133016,-6.262021130260479
0.50628662109375,-9.708906042955178,-7.066123449769849,-5.625048458826061
0.506591796875,-8.712263645305514,-5.750937805781811,-5.073863850381529
0.50689697265625,-7.779513196400801,-4.8487722297940365,-4.650051747352471
0.5072021484375,-6.976549272591594,-4.286284265270597,-4.385858624317712
0.50750732421875,-6.328359472511051,-4.012838775973837,-4.307146609278914
0.5078125,-5.8365371758573374,-3.992126884919542,-4.4370116497757675
0.50811767578125,-5.49131517245276,-4.195253135071571,-4.798784185940851
0.5084228515625,-5.278891597264663,-4.594669689920607,-5.417433331789612
0.50872802734375,-5.186152575600871,-5.157914157756832,-6.316772948345305
0.509033203125,-5.204051547389294,-5.8408297800915365,-7.503562837177919
0.50933837890625,-5.329983362947004,-6.581995024644024,-8.9109053161024
0.5096435546875,-5.568933772209918,-7.303967947555822,-10.24592577505258
0.50994873046875,-5.9329893103961915,-7.929650802750832,-10.836242963083018
0.51025390625,-6.438670135166542,-8.414021973272288,-10.16128278362567
0.51055908203125,-7.100880409912364,-8.770572068815245,-8.657426241397454
0.5108642578125,-7.920170689353813,-9.066311030658849,-7.027604041111667
0.51116943359375,-8.856034799078483,-9.388455721089066,-5.604150496352428
0.511474609375,-9.778623496766532,-9.808314978097906,-4.470187019845388
0.51177978515625,-10.425768291986666,-10.353308171933786,-3.6241962170184774
0.5120849609375,-10.494988574294544,-10.976039851933148,-3.044343693571394
0.51239013671875,-9.927130482350133,-11.513648136015275,-2.707189895581718
0.5126953125,-8.98823367101243,-11.69095527769074,-2.5916395786155895
0.51300048828125,-8.00123814215517,-11.290021556443845,-2.6783252219693265
0.5133056640625,-7.168251290129439,-10.38159218703004,-2.9473602213879784
0.51361083984375,-6.5843946198292524,-9.253693689508387,-3.375214641232419
0.513916015625,-6.292383914505788,-8.16682956651123,-3.931050375763718
0.51422119140625,-6.317858371650191,-7.267326854561751,-4.57339553029489
0.5145263671875,-6.6876096074088975,-6.621520679551962,-5.249410437030022
0.51483154296875,-7.439881719319386,-6.259436587396971,-5.900370405218379
0.51513671875,-8.630639458079022,-6.200753492713618,-6.475531670349218
0.51544189453125,-10.3276690210794,-6.468918779651301,-6.9494749175634905
0.5157470703125,-12.530482517807348,-7.1013371428971,-7.330375546718208
0.51605224609375,-14.72678311241678,-8.162042766711032,-7.650634315474861
0.516357421875,-15.114183846546453,-9.765795943284306,-7.945800260020377
0.51666259765625,-13.167312112247696,-12.137067867826989,-8.235208569112443
0.5169677734375,-10.790508530069099,-15.796242126101834,-8.513021414196821
0.51727294921875,-8.834630179537143,-22.459898738247766,-8.752448040260669
0.517578125,-7.362664667436636,-33.30894359764989,-8.923184122075938
0.51788330078125,-6.294406385912808,-20.717544025060448,-9.016317945370929
0.5181884765625,-5.546836691593182,-16.088280382304564,-9.062166996873199
0.51849365234375,-5.050087227276747,-13.740491363646004,-9.128755902122634
0.518798828125,-4.74413346212488,-12.59328788044191,-9.305718481200984
0.51910400390625,-4.575174742085901,-12.327758989664304,-9.689535888558268
0.5194091796875,-4.495142874620874,-12.887543167470163,-10.37998821359336
0.51971435546875,-4.464663289058191,-14.411736217036111,-11.486761738940949
0.52001953125,-4.45801468934485,-17.360029886498147,-13.133527413355102
0.52032470703125,-4.467056688480405,-22.843461017426186,-15.388634332538608
0.5206298828125,-4.501175081839832,-24.119172978949738,-17.713874791851886
0.52093505859375,-4.582697465310101,-17.102837810231403,-17.771724944432822
0.521240234375,-4.739992648794161,-12.715443476827566,-15.215105056367012
0.52154541015625,-5.0011353133302,-9.86556817844752,-12.527981934625094
0.5218505859375,-5.389617447881165,-7.914233089671642,-10.475654086966973
0.52215576171875,-5.921903258328099,-6.58061324662889,-9.047580708214824
0.5224609375,-6.605824209409401,-5.723536118963761,-8.157862797081755
0.52276611328125,-7.438918004125195,-5.264907164857176,-7.749708374819488
0.5230712890625,-8.40657142573272,-5.157599447617662,-7.79966490501478
0.52337646484375,-9.481252869644127,-5.367015963872358,-8.309874228537094
0.523681640625,-10.626067612876538,-5.853087239841152,-9.290672598416817
0.52398681640625,-11.806445755164209,-6.5424175057921286,-10.695897467683855
0.5242919921875,-13.008499687744159,-7.28402277101059,-12.186825612894555
0.52459716796875,-14.249503586289986,-7.815893185766992,-12.736439251870543
0.52490234375,-15.55174945873407,-7.8524625175615945,-11.540061185872524
0.52520751953125,-16.837229954125974,-7.327165838241939,-9.491542513736157
0.5255126953125,-17.71631845879368,-6.462355121820698,-7.558836834390153
0.52581787109375,-17.50535435985281,-5.5427488512550855,-6.033961327702261
0.526123046875,-16.099760368543766,-4.7519323479333355,-4.941277032516813
0.52642822265625,-14.209450819930838,-4.174063466157627,-4.252357947949802
0.5267333984375,-12.412546138179401,-3.838770464811737,-3.9410413136485793
0.52703857421875,-10.92124820114721,-3.751412591481922,-3.9941721300950137
0.52734375,-9.779307477188787,-3.9065845402880566,-4.411825977495878
0.52764892578125,-8.981390831189987,-4.291436495805076,-5.202792280190922
0.5279541015625,-8.514029882193135,-4.882209343027866,-6.368569362472205
0.52825927734375,-8.367439285224046,-5.634445104677398,-7.848067740069023
0.528564453125,-8.537972122872711,-6.4675255430741245,-9.357189488376282
0.52886962890625,-9.02649861846635,-7.252167081008406,-10.18202397513745
0.5291748046875,-9.831439878297543,-7.828119911540191,-9.69915959240383
0.52947998046875,-10.928062163188354,-8.07886326169966,-8.3600274077088
0.52978515625,-12.21274838312484,-8.014739276198167,-6.946807620330382
0.53009033203125,-13.390733915178645,-7.760910118677607,-5.822099108572925
0.5303955078125,-13.933928391558885,-7.466289761407763,-5.077735206164177
0.53070068359375,-13.503230301794783,-7.238952701169054,-4.723553285340262
0.531005859375,-12.4034478423652,-7.1366514193518595,-4.759039256325884
0.53131103515625,-11.140371161548392,-7.180992202678306,-5.197158255773515
0.5316162109375,-9.985072797520994,-7.372472794177247,-6.077453635077101
0.53192138671875,-9.008954268782496,-7.701204704754146,-7.484914181700125
0.5322265625,-8.196791505254573,-8.154743690014213,-9.594207655157133
0.53253173828125,-7.505592948638265,-8.724965163417211,-12.802030588648115
0.5328369140625,-6.890252820961069,-9.414744083793803,-18.296290352039346
0.53314208984375,-6.316465106147168,-10.244076775230786,-34.143848324951165
0.533447265625,-5.767116653525885,-11.255188742315044,-21.187325578841133
0.53375244140625,-5.242618105759584,-12.517531223928831,-15.142074706757644
0.5340576171875,-4.756014442387945,-14.135777168881855,-12.148076414382302
0.53436279296875,-4.325749472285361,-16.264635742988858,-10.460130536945025
0.53466796875,-3.96926069138381,-19.116505479607447,-9.57381516703651
0.53497314453125,-3.69902892793335,-22.730219612929684,-9.28631649532002
0.5352783203125,-3.5210678960748574,-24.98703073724078,-9.511999586548397
0.53558349609375,-3.435166510354853,-22.789406204067376,-10.229362357464904
0.535888671875,-3.436314141949274,-19.891330419847304,-11.468202193872301
0.53619384765625,-3.517074225359616,-17.90131974187053,-13.31923796851279
0.5364990234375,-3.670824930181213,-16.761599555740418,-15.967892521017802
0.53680419921875,-3.8956265142853135,-16.342929295244666,-19.72740192229674
0.537109375,-4.198143147609983,-16.602301919019368,-24.303659412656728
0.53741455078125,-4.596921383554143,-17.59095599595743,-24.252759262179808
0.5377197265625,-5.124792816671082,-19.48861154387292,-20.58341025422996
0.53802490234375,-5.831284283368494,-22.69999708533899,-17.929040246936744
0.538330078125,-6.78752404751917,-27.54691391064188,-16.2911503034166
0.53863525390625,-8.098786372029892,-27.58414492746948,-15.345435110484043
0.5389404296875,-9.93715689681347,-22.565313660937107,-14.888953149154062
0.53924560546875,-12.635722850633694,-19.164145117424223,-14.796365320988158
0.53955078125,-17.046048023600846,-17.099237947167477,-14.988523051934417
0.53985595703125,-27.25674771133709,-15.96594935031376,-15.422466698943085
0.5401611328125,-24.724925996180875,-15.592755035103753,-16.09306047619062
0.54046630859375,-16.295998280287705,-15.951221286626902,-17.03745269847947
0.540771484375,-12.367740682549792,-17.145627092680268,-18.329498545920398
0.54107666015625,-10.00652860584426,-19.50864575621041,-20.017946343290053
0.5413818359375,-8.520265891119454,-24.044292070426163,-21.788273355219307
0.54168701171875,-7.63956523389877,-33.80144221625093,-22.111106407777946
0.5419921875,-7.2310397936363895,-25.74740787391579,-19.895993880889794
0.54229736328125,-7.207999410162853,-19.538785873409626,-16.882684508003763
0.5426025390625,-7.478422710217406,-16.13793990778597,-14.206848523266505
0.54290771484375,-7.887870895431877,-14.06766340195893,-12.027749053947186
0.543212890625,-8.163316560987694,-12.86238355315094,-10.288613834099742
0.54351806640625,-7.966292217189677,-12.348473815611003,-8.918426625593431
0.5438232421875,-7.1583036108895435,-12.486825623305844,-7.860910354817863
0.54412841796875,-5.9492698972938225,-13.346656969746567,-7.073715267994768
0.54443359375,-4.6595881419025655,-15.161175985250164,-6.524134303221798
0.54473876953125,-3.502802565943605,-18.583669418391082,-6.1854308169048355
0.5450439453125,-2.5769893269525217,-26.054401761476583,-6.034083934280662
0.54534912109375,-1.918911744224898,-26.695214550664225,-6.047776630916263
0.545654296875,-1.542009363161937,-17.72902955838912,-6.204065241164183
0.54595947265625,-1.4552881742158597,-13.208791126368522,-6.479873093541867
0.5462646484375,-1.6727405916929015,-10.340243863657685,-6.852095521200463
0.54656982421875,-2.219749366470904,-8.374165118900006,-7.299532485029465
0.546875,-3.140320275875558,-7.014226288344805,-7.805916907755228
0.54718017578125,-4.508390587009949,-6.116454003303228,-8.363022074497513
0.5474853515625,-6.446162546660902,-5.603679589956274,-8.972152316169872
0.54779052734375,-9.137651454402159,-5.434116017320943,-9.64232547817277
0.548095703125,-12.636066783884878,-5.588260366687365,-10.384103707406236
0.54840087890625,-15.002099772435692,-6.063680177775303,-11.198456248628831
0.5487060546875,-12.796039976146075,-6.87442203613011,-12.059870720996654
0.54901123046875,-9.621044956586756,-8.054807843912295,-12.894918562822186
0.54931640625,-7.258173961570042,-9.670196126072193,-13.56968121722926
0.54962158203125,-5.627242974357144,-11.84342449635114,-13.92308913927673
0.5499267578125,-4.537011330008822,-14.82668421537104,-13.866440885085343
0.55023193359375,-3.8533560429387,-19.25119975079564,-13.459628963747043
0.550537109375,-3.481744273727406,-27.597212739424705,-12.858685389109025
0.55084228515625,-3.345933129221228,-33.08776121543849,-12.20840651675102
0.5511474609375,-3.373977490026301,-22.521106791045025,-11.592248354198844
0.55145263671875,-3.4912332644291713,-18.32193627744902,-11.037739798211776
0.5517578125,-3.6221664920279113,-15.819895863451436,-10.537907109975908
0.55206298828125,-3.7026978308450555,-14.08055988005361,-10.071128517930523
0.5523681640625,-3.698240658796528,-12.756216113435443,-9.61677714952747
0.55267333984375,-3.614074568993372,-11.693432181726473,-9.165981219859873
0.552978515625,-3.4878520616316813,-10.827111687964772,-8.725878443549377
0.55328369140625,-3.369463821821353,-10.134826288504556,-8.317138002445555
0.5535888671875,-3.3018817799776645,-9.610428153229591,-7.967434656972657
0.55389404296875,-3.3103418629965233,-9.247164802316258,-7.70470238262221
0.55419921875,-3.3987175451953067,-9.026008242407194,-7.552524288917295
0.55450439453125,-3.549833284022144,-8.906592743405248,-7.527852368934038
0.5548095703125,-3.728933436287893,-8.821700279067294,-7.640024410213215
0.55511474609375,-3.8923079015547386,-8.682434247013038,-7.889829511397056
0.555419921875,-4.002624406022205,-8.403996867161528,-8.26759738278051
0.55572509765625,-4.046883519162445,-7.946977732028686,-8.749660418291436
0.5560302734375,-4.046740551263074,-7.3417082761425965,-9.293360408115909
0.55633544921875,-4.054216246434959,-6.6702062537599645,-9.832913282025451
0.556640625,-4.137754777859065,-6.025607831056351,-10.282380863981446
0.55694580078125,-4.369927616288653,-5.483808363325629,-10.554191042784248
0.5572509765625,-4.823644730655056,-5.09619659617798,-10.592234397872634
0.55755615234375,-5.577610210522616,-4.893656373405125,-10.397555023119814
0.557861328125,-6.730933949115753,-4.892327411021558,-10.02243070683048
0.55816650390625,-8.431559681442259,-5.096821613753081,-9.540054364790068
0.5584716796875,-10.932345875568064,-5.499356861626822,-9.01760759677903
0.55877685546875,-14.658482472914496,-6.073831033854713,-8.506137047001706
0.55908203125,-19.07884878491152,-6.764536966651545,-8.042263623868598
0.55938720703125,-17.13896648511513,-7.474021507279587,-7.653338532651441
0.5596923828125,-12.674506814963157,-8.068020440246983,-7.361666671513484
0.55999755859375,-9.584194649710296,-8.425141523394359,-7.186845922787713
0.560302734375,-7.5258754865937885,-8.51852156263501,-7.146622324281376
0.56060791015625,-6.1737006587875785,-8.44496122928778,-7.256770779966505
0.5609130859375,-5.357779992624321,-8.3645661443123,-7.530127496606327
0.56121826171875,-4.9935628747852885,-8.429138516517824,-7.9743273386274875
0.5615234375,-5.047114977387002,-8.759564272988912,-8.587059619954287
0.56182861328125,-5.522591154884621,-9.461260531248906,-9.346823955027991
0.5621337890625,-6.463087702237763,-10.656927519791957,-10.197334260296113
0.56243896484375,-7.963576118187618,-12.541704878717248,-11.029411324103883
0.562744140625,-10.193255993814896,-15.517206555931706,-11.683247170101616
0.56304931640625,-13.337767408796314,-20.692298413101085,-12.011441616853684
0.5633544921875,-16.42509100656336,-30.977243184766714,-11.985522294038597
0.56365966796875,-15.007603329891197,-22.295121859202283,-11.72268050667687
0.56396484375,-11.285609779784838,-16.61986079244162,-11.3929999538169
0.56427001953125,-8.305382175399806,-13.5785686014965,-11.12712883209949
0.5645751953125,-6.129601897549268,-11.788706900471942,-10.98946815796345
0.56488037109375,-4.536582060223841,-10.797959059711408,-10.985401837653807
0.565185546875,-3.3742517378047228,-10.41427408389403,-11.070531625656006
0.56549072265625,-2.5482676573030254,-10.53886411643883,-11.158512187776378
0.5657958984375,-1.9991249982440162,-11.087856957617968,-11.142233057577787
0.56610107421875,-1.6886950824511473,-11.896125527968369,-10.940591012768826
0.56640625,-1.5929474592494897,-12.556775263002521,-10.548250929285704
0.56671142578125,-1.6980841042041224,-12.419776001287321,-10.039701574579347
0.5670166015625,-1.9986304286906282,-11.250065984143173,-9.524211643754159
0.56732177734375,-2.496791200703058,-9.566724208260025,-9.100097909929351
0.567626953125,-3.2028004683830313,-7.910425030452966,-8.837084202508441
0.56793212890625,-4.136249132081159,-6.513846725737,-8.778636914088676
0.5682373046875,-5.3284888383329365,-5.435041535108757,-8.948834484679807
0.56854248046875,-6.825853456152132,-4.674302642020361,-9.354815589439346
0.56884765625,-8.690653613404516,-4.220625372474271,-9.978992401545154
0.56915283203125,-10.981206845702339,-4.067425252526439,-10.752960416084377
0.5694580078125,-13.611602003417024,-4.2187023819114735,-11.507047507362632
0.56976318359375,-15.7659916113967,-4.693810745232744,-11.935311163776365
0.570068359375,-15.69598564358666,-5.535057051333704,-11.725340036028705
0.57037353515625,-13.80276686390896,-6.8233829530888634,-10.856225281383633
0.5706787109375,-11.764174152547396,-8.714729749205578,-9.612558696060834
0.57098388671875,-10.113463429948442,-11.536751079040922,-8.289304071141498
0.5712890625,-8.865742923193778,-16.084925423733022,-7.048551845100538
0.57159423828125,-7.95386842463281,-23.097582926216322,-5.9513306811342
0.5718994140625,-7.317734035590979,-18.238292842778844,-5.01135392800088
0.57220458984375,-6.915470821584515,-12.556006596395118,-4.225860114315797
0.572509765625,-6.72208238712508,-9.073823599239203,-3.589356162172571
0.57281494140625,-6.727392726400082,-6.687417154407388,-3.0990537611964837
0.5731201171875,-6.935166455608708,-4.946390922000911,-2.756709450576993
0.57342529296875,-7.363745635739784,-3.639281236063205,-2.5690454569838344
0.57373046875,-8.04883734759046,-2.65205283527832,-2.5478065560042253
0.57403564453125,-9.050188430250019,-1.91760717853497,-2.710048398874019
0.5743408203125,-10.466469052752247,-1.3947431216136543,-3.0790831606904674
0.57464599609375,-12.469650415408626,-1.058356972400298,-3.686499745616783
0.574951171875,-15.390438960289218,-0.8945921175793775,-4.575766006791516
0.57525634765625,-19.906027414904706,-0.8984869189061319,-5.807841017725717
0.5755615234375,-25.30414913450468,-1.0731229045783144,-7.467196028316188
0.57586669921875,-21.195844913559007,-1.4299474880841037,-9.651011709999189
0.576171875,-16.498530065857658,-1.9903888987850813,-12.320427391106552
0.57647705078125,-13.62321449361426,-2.789382058399949,-14.473627450644408
0.5767822265625,-11.858831517711257,-3.882304966534487,-13.781650816560997
0.57708740234375,-10.87436079870953,-5.358729015339332,-11.219300686853765
0.577392578125,-10.543158226985463,-7.37060444977676,-8.803468549897444
0.57769775390625,-10.857261154613747,-10.187209398578077,-6.921817307777614
0.5780029296875,-11.924871928821537,-14.191666874846238,-5.505923463874442
0.57830810546875,-14.059703122304212,-17.766497144003704,-4.454838221075109
0.57861328125,-18.162368836291066,-14.617029676085265,-3.6907320022918224
0.57891845703125,-26.864600488266348,-10.461336779104473,-3.158268053679797
0.5792236328125,-20.285712409862914,-7.530137823322683,-2.8194884692917244
0.57952880859375,-13.517441463512368,-5.4653858126627375,-2.6507323709712445
0.579833984375,-9.573878790664072,-3.9913507553969403,-2.6415649255622924
0.58013916015625,-6.903894890364148,-2.9567153195281053,-2.795041233614071
0.5804443359375,-4.9916766734361095,-2.2771220302653643,-3.1289986997606363
0.58074951171875,-3.6115798642962,-1.9051649595914082,-3.6788495957645315
0.5810546875,-2.6483808655906826,-1.8161307814358454,-4.503698942444227
0.58135986328125,-2.0390530801823106,-2.0014321106565096,-5.700512349544809
0.5816650390625,-1.749811051297208,-2.4663401190024965,-7.439472980945176
0.58197021484375,-1.7661203210250767,-3.23099839155238,-10.066363709808204
0.582275390625,-2.0884564972958883,-4.335383387187675,-14.503152997891839
0.58258056640625,-2.7310018458251824,-5.851360293807076,-25.567161158336482
0.5828857421875,-3.721465990590871,-7.911432341271616,-20.275179631567465
0.58319091796875,-5.098091421689906,-10.786957173275608,-12.262984317548595
0.58349609375,-6.887956079559737,-15.166545610236827,-8.228216597060955
0.58380126953125,-9.0009391958492,-23.966520160652166,-5.64044233141192
0.5841064453125,-10.866328197988864,-27.724552446570414,-3.859984027931983
0.58441162109375,-11.214024573927306,-17.347069220432914,-2.632185784015509
0.584716796875,-9.871586220016884,-13.185787330043715,-1.8350307734386404
0.58502197265625,-8.10497635671235,-10.731258630882143,-1.4066080487708008
0.5853271484375,-6.612641301121061,-9.099264949784146,-1.3187343965691403
0.58563232421875,-5.52588447210611,-7.948058462152822,-1.5669728837517334
0.5859375,-4.8204892117464,-7.106118587301465,-2.168726126042743
0.58624267578125,-4.449359584793079,-6.477661942173642,-3.1678818054531273
0.5865478515625,-4.368959057391434,-6.010335774958362,-4.64899162971181
0.58685302734375,-4.5401303066486225,-5.680864778017659,-6.772002823298319
0.587158203125,-4.922763323272053,-5.485929263528978,-9.861753143773537
0.58746337890625,-5.468589891461807,-5.434566838409491,-14.635035311219644
0.5877685546875,-6.114340067965865,-5.541368769755887,-20.81684851102183
0.58807373046875,-6.780203217999848,-5.820046418599717,-16.794354713288843
0.58837890625,-7.382127286172243,-6.2758878373754525,-12.12990542299667
0.58868408203125,-7.861846638132479,-6.8940169923087495,-9.433799146269532
0.5889892578125,-8.21875477392783,-7.619561511855052,-7.878281248754996
0.58929443359375,-8.515068498087064,-8.33173774236762,-7.094010878861898
0.589599609375,-8.850137010262332,-8.840533138247949,-6.925526444045119
0.58990478515625,-9.330964956693675,-8.968029941401308,-7.3235601279270215
0.5902099609375,-10.061331929516184,-8.696097310069419,-8.313200930923358
0.59051513671875,-11.152200270708487,-8.194989563558128,-9.994423488101827
0.5908203125,-12.753192526500879,-7.690006539927985,-12.534498831513957
0.59112548828125,-15.125958725548607,-7.35476354292695,-15.796027697863709
0.5914306640625,-18.864160287842292,-7.30125381024402,-16.916101653390466
0.59173583984375,-25.795806110650346,-7.609232513682325,-13.82424817710286
0.592041015625,-28.648932733598713,-8.354700022139713,-10.566110371987012
0.59234619140625,-20.183179216161456,-9.626056377611851,-8.165234961427442
0.5926513671875,-15.778307182534341,-11.495505448619824,-6.462196527916889
0.59295654296875,-13.004014640341623,-13.729323945210206,-5.281651243091609
0.59326171875,-11.071739342201287,-14.712705004621684,-4.510426021725492
0.59356689453125,-9.659498412430686,-12.802554477726675,-4.07798896933394
0.5938720703125,-8.602564160869667,-9.969641926067872,-3.940310204963262
0.59417724609375,-7.804061021173437,-7.5736282305209865,-4.0708023458785
0.594482421875,-7.202488285764285,-5.760993088131978,-4.455753869677864
0.59478759765625,-6.7582717387407785,-4.452036531243333,-5.092629471125059
0.5950927734375,-6.4477414388531535,-3.5686585952314887,-5.9905989688295165
0.59539794921875,-6.260158423174876,-3.059485700968155,-7.173303437189551
0.595703125,-6.195951332982405,-2.89691967625817,-8.684112965365014
0.59600830078125,-6.2654966596543815,-3.0735755395618005,-10.592510325798921
0.5963134765625,-6.48843994488277,-3.602070510438096,-12.986324523493245
0.59661865234375,-6.893940738133823,-4.519626504758926,-15.839856839894978
0.596923828125,-7.522450369467873,-5.9009863201789745,-18.23246042698325
0.59722900390625,-8.429778958425244,-7.890023345615777,-17.779376670798378
0.5975341796875,-9.693915679589022,-10.783469603343594,-15.25374033132081
0.59783935546875,-11.4209034248833,-15.286509657236602,-12.782253413431697
0.59814453125,-13.713153685527754,-22.617603960514636,-10.812230392475328
0.59844970703125,-16.342002578281434,-19.92956110342271,-9.2911697570944
0.5987548828125,-17.439452059332158,-14.201281958071363,-8.130282629012951
0.59906005859375,-15.32650232121589,-10.956501540112715,-7.26539334643555
0.599365234375,-12.416674759448243,-8.96285032248619,-6.655659228548125
0.59967041015625,-10.012024668961798,-7.715555867568984,-6.2770496711809525
0.5999755859375,-8.186433274616666,-6.98403796728635,-6.117834734212135
0.60028076171875,-6.8395730759023765,-6.645817366295079,-6.176351918577093
0.6005859375,-5.888031059109999,-6.628547818061071,-6.46071421757961
0.60089111328125,-5.278298338948989,-6.886281339962972,-6.990506126717317
0.6011962890625,-4.979932589689373,-7.388669421471629,-7.801259114536992
0.60150146484375,-4.979734411280382,-8.115943112216753,-8.954035596661207
0.601806640625,-5.27854520773812,-9.056747457755773,-10.556512617051421
0.60211181640625,-5.889885115777421,-10.206765389849718,-12.815328010870717
0.6024169921875,-6.838916783627161,-11.564419696072202,-16.19694911518238
0.60272216796875,-8.157310793777844,-13.113548184876137,-22.15461618269375
0.60302734375,-9.857256197609754,-14.766191287007597,-34.840765947485465
0.60333251953125,-11.823660298864102,-16.224138120964604,-21.534814107208994
0.6036376953125,-13.50155021307119,-16.880748776412965,-16.04080097402575
0.60394287109375,-13.812108520809216,-16.326878872815286,-12.913619738169565
0.604248046875,-12.641094725207882,-14.976276901420684,-10.873462135138134
0.60455322265625,-11.059911388156092,-13.464052615319046,-9.499012701460337
0.6048583984375,-9.720631629882176,-12.112915083844022,-8.605580085505485
0.60516357421875,-8.781561449881556,-11.020303150977671,-8.101137014880456
0.60546875,-8.245831414583778,-10.199237502789511,-7.9381002101227685
0.60577392578125,-8.089926128678286,-9.63855489109616,-8.092488048034285
0.6060791015625,-8.295156423300845,-9.322372129427936,-8.550835176711793
0.60638427734375,-8.85258275574904,-9.235490290986343,-9.294142725749694
0.606689453125,-9.759697240330523,-9.364485810780145,-10.26492362255252
0.60699462890625,-11.009149516510057,-9.697769634816908,-11.297314732892698
0.6072998046875,-12.558462959153223,-10.225919057827886,-12.031429658533979
0.60760498046875,-14.257140678517546,-10.943143499014784,-12.028810796930694
0.60791015625,-15.738254404011396,-11.850795785449835,-11.232157550822482
0.60821533203125,-16.50585740816885,-12.963978377542754,-10.042404282792925
0.6085205078125,-16.46312122189319,-14.322390739819642,-8.856423437161995
0.60882568359375,-16.050241699355258,-16.006724410267886,-7.871857041059047
0.609130859375,-15.690265382797612,-18.160491597865185,-7.157560021953897
0.60943603515625,-15.534895122684162,-20.987588284528908,-6.730909176852108
0.6097412109375,-15.514435257423456,-24.351141827189835,-6.594638799124157
0.61004638671875,-15.397980735902582,-25.345738905511624,-6.751056013882498
0.6103515625,-14.910850043105226,-22.18286196192297,-7.206666615844205
0.61065673828125,-13.968430546138102,-18.87684803720542,-7.971427850438937
0.6109619140625,-12.759760615394114,-16.406653114868035,-9.049840295371702
0.61126708984375,-11.55179186373082,-14.636348032353428,-10.409605975948217
0.611572265625,-10.528197752300423,-13.413114219652844,-11.891347564024866
0.61187744140625,-9.78162827488775,-12.639116841591369,-13.04431415095721
0.6121826171875,-9.355393324140676,-12.247901719530114,-13.217098987718089
0.61248779296875,-9.275771320225509,-12.176419197587077,-12.333695996113354
0.61279296875,-9.57074606768835,-12.328921102142097,-11.01052950270357
0.61309814453125,-10.282539802830549,-12.526782759813454,-9.750662727395703
0.6134033203125,-11.480241944318498,-12.482000192233153,-8.744574254679549
0.61370849609375,-13.276329381854096,-11.916876742624734,-8.031467777824952
0.614013671875,-15.835534529739823,-10.814243378602548,-7.603368640803151
0.61431884765625,-19.207724584448446,-9.427779559598548,-7.442720874364445
0.6146240234375,-21.83162444530587,-8.032782566140389,-7.533631315525585
0.61492919921875,-20.36678959914449,-6.792942998717026,-7.86452665875686
0.615234375,-17.648173830301918,-5.7794828722423395,-8.428001201237068
0.61553955078125,-15.757019334953755,-5.017067851924231,-9.219200013152008
0.6158447265625,-14.769897805669004,-4.512459468953449,-10.231895165820873
0.61614990234375,-14.573226693434297,-4.26837791710149,-11.448775642642662
0.616455078125,-15.096717150407082,-4.290096163305671,-12.817424907979195
0.61676025390625,-16.211120820405093,-4.589324848851051,-14.197766488574779
0.6170654296875,-17.28615921685625,-5.187880258151557,-15.290102955324823
0.61737060546875,-16.748940974711996,-6.123064838044165,-15.685546107532488
0.61767578125,-14.342254796040644,-7.457581951373405,-15.215616837941061
0.61798095703125,-11.613181364310298,-9.30043695821374,-14.152073817183915
0.6182861328125,-9.297463985518052,-11.85775762660695,-12.875420223385415
0.61859130859375,-7.484934217651612,-15.58444936028396,-11.614463396698742
0.618896484375,-6.126416824884946,-21.809237265277627,-10.4625332585638
0.61920166015625,-5.166837380665062,-31.790743501982025,-9.44860282714409
0.6195068359375,-4.567382749978711,-22.27598182510359,-8.577822905796173
0.61981201171875,-4.306566239450593,-17.684721924057214,-7.847881156915468
0.6201171875,-4.378991703327846,-15.426791734897602,-7.254518964314393
0.62042236328125,-4.795623046117194,-14.358394888803316,-6.792968241130279
0.6207275390625,-5.586718834230064,-14.086161708555558,-6.458024391732481
0.62103271484375,-6.8084854115095705,-14.40912381882508,-6.243748580909777
0.621337890625,-8.553744108171518,-15.104411419205332,-6.143142645387275
0.62164306640625,-10.954173970023142,-15.706498073286443,-6.147923750223391
0.6219482421875,-14.04497381874396,-15.475640255149806,-6.248470563187456
0.62225341796875,-16.677488950662585,-14.160998323622621,-6.433994847619532
0.62255859375,-15.772296518998651,-12.360526260129447,-6.69293831768749
0.62286376953125,-13.015644224620635,-10.646395607162972,-7.013448308982174
0.6231689453125,-10.737040626843255,-9.242980917076022,-7.383520569447754
0.62347412109375,-9.171793795042163,-8.19907454883076,-7.790057369605825
0.623779296875,-8.194066644191158,-7.512552605824654,-8.215843297681936
0.62408447265625,-7.695597198993511,-7.176318034098425,-8.633675841176306
0.6243896484375,-7.609729470783546,-7.194021029522323,-8.998429359097218
0.62469482421875,-7.901167920280821,-7.588292884822732,-9.241971265515966
0.625,-8.557980518993675,-8.41099186520645,-9.281915935676755
0.62530517578125,-9.58793959245791,-9.763375733753806,-9.053547290906392
0.6256103515625,-11.017750086648883,-11.84115269743141,-8.550672971749563
0.62591552734375,-12.891414755068746,-15.031531040289108,-7.836928796928974
0.626220703125,-15.250562820709742,-19.783585862648888,-7.01435158268551
0.62652587890625,-18.00996678133388,-20.96714883480544,-6.182029086214797
0.6268310546875,-20.431900055918568,-15.801850861869745,-5.414791245402192
0.62713623046875,-20.78692055107939,-11.89934861008378,-4.761881169867231
0.62744140625,-19.175057560396084,-9.245719833534158,-4.253781666795703
0.62774658203125,-17.233357351618388,-7.371919546041742,-3.909509412800981
0.6280517578125,-15.541747813611892,-6.030618622520272,-3.7420075501982755
0.62835693359375,-14.115559498155081,-5.087171000527028,-3.7616433680766863
0.628662109375,-12.887401875421942,-4.462097799178083,-3.978346909228834
0.62896728515625,-11.81339537136921,-4.105098260318495,-4.40279437283849
0.6292724609375,-10.880586607913456,-3.982309569767871,-5.046696301802483
0.62957763671875,-10.09472335208339,-4.0693358062062055,-5.921675861352858
0.6298828125,-9.468053446333766,-4.346876499017968,-7.035049134224178
0.63018798828125,-9.011907170846541,-4.797451629175893,-8.37824092806756
0.6304931640625,-8.733515482752976,-5.402402764052168,-9.898915751884278
0.63079833984375,-8.635097051584665,-6.138680634187592,-11.447246274723392
0.631103515625,-8.713573296653976,-6.975218864801084,-12.728305696965066
0.63140869140625,-8.959957623307234,-7.869195016254756,-13.41637507196701
0.6317138671875,-9.358013439224107,-8.763416136179703,-13.478274588806674
0.63201904296875,-9.882247296838615,-9.587332077428016,-13.22392047577788
0.63232421875,-10.495953845217944,-10.26468980352438,-12.987340017941394
0.63262939453125,-11.150985719655226,-10.728523789638002,-12.954345971370369
0.6329345703125,-11.79163670029293,-10.938691369738471,-13.185322553387145
0.63323974609375,-12.363804718293057,-10.893241559760746,-13.65549834140353
0.633544921875,-12.82612126061853,-10.627904024592738,-14.258325042182172
0.63385009765625,-13.155326806209073,-10.205215684738175,-14.797199600836235
0.6341552734375,-13.341206799630879,-9.699389272210851,-15.043892558517825
0.63446044921875,-13.376768969430465,-9.183060798433381,-14.908637179701085
0.634765625,-13.255290974561625,-8.719385954129944,-14.541128483315717
0.63507080078125,-12.97919586037612,-8.35974033063951,-14.208080753864659
0.6353759765625,-12.572514303079833,-8.145321546448846,-14.146747325827151
0.63568115234375,-12.083567328839592,-8.11074296653339,-14.545881914355125
0.635986328125,-11.574388116911397,-8.288490792326185,-15.605602070591193
0.63629150390625,-11.105767956069343,-8.714095896465167,-17.636769903901023
0.6365966796875,-10.727352428206702,-9.43286327856126,-21.141316249249407
0.63690185546875,-10.474943751405357,-10.510450310868524,-24.44037814735593
0.63720703125,-10.372346729353069,-12.052908655384106,-20.011670542516097
0.63751220703125,-10.434807294240937,-14.251562461385989,-15.10388780118944
0.6378173828125,-10.672505148904591,-17.500808265802977,-11.661825246686313
0.63812255859375,-11.09372539764143,-22.702791564953916,-9.176384155487497
0.638427734375,-11.707873997477627,-27.963308602425858,-7.337020674583137
0.63873291015625,-12.528539394035345,-21.920176210339033,-5.977961122991159
0.6390380859375,-13.57624195558002,-17.312011131793444,-5.005095001146692
0.63934326171875,-14.878378138910959,-14.4601553217022,-4.362336388288896
0.6396484375,-16.456105037426287,-12.562387222321332,-4.0158879990059315
0.63995361328125,-18.26040491618754,-11.265441793748522,-3.9464366035855947
0.6402587890625,-19.956543621882798,-10.391136454327851,-4.145181881506374
0.64056396484375,-20.643569491844985,-9.836066378844363,-4.611949501471959
0.640869140625,-19.70197465949229,-9.532655035673624,-5.354633852237809
0.64117431640625,-17.916916983274042,-9.431689458063836,-6.389680592460022
0.6414794921875,-16.166139615020416,-9.49348116004888,-7.743506456858715
0.64178466796875,-14.766927086551213,-9.682946963804373,-9.454454242040997
0.64208984375,-13.787300291982724,-9.96667909068506,-11.572401708778221
0.64239501953125,-13.241527202767806,-10.311143914181212,-14.13922697876255
0.6427001953125,-13.151521827975,-10.681650789502724,-17.061321950410107
0.64300537109375,-13.569044982293779,-11.04210366286782,-19.563999247272122
0.643310546875,-14.59146265084997,-11.355936941751928,-19.8514345387495
0.64361572265625,-16.360268337593986,-11.588867503774678,-18.060072890756558
0.6439208984375,-18.83042411703237,-11.713639678728923,-15.862006325462897
0.64422607421875,-20.149307423531347,-11.715458470424387,-13.849735501541938
0.64453125,-17.485071720886115,-11.59521307684232,-12.081378511762793
0.64483642578125,-13.827687854676597,-11.367923244444572,-10.543624980754746
0.6451416015625,-10.87306207796135,-11.0566656496903,-9.234871239906916
0.64544677734375,-8.628042068459417,-10.685098275710189,-8.164297130175237
0.645751953125,-6.938662827199558,-10.272039132488002,-7.344444295395977
0.64605712890625,-5.6936396102088445,-9.82976118777726,-6.788729268154022
0.6463623046875,-4.822839811452717,-9.36569192366587,-6.512731643869515
0.64666748046875,-4.283311745477572,-8.88605902432642,-6.53754837568999
0.64697265625,-4.049696682511503,-8.39965086160074,-6.894975793941547
0.64727783203125,-4.107980407480219,-7.9201266376998,-7.636003771558743
0.6475830078125,-4.45021863002499,-7.466164138350834,-8.847052532814747
0.64788818359375,-5.067249655858548,-7.059800768460731,-10.686671499520159
0.648193359375,-5.934174919886621,-6.723980870639215,-13.487237837609552
0.64849853515625,-6.979320972757157,-6.480263860948268,-18.142246264275947
0.6488037109375,-8.030061498443263,-6.3471211018965645,-28.988067160996177
0.64910888671875,-8.779524023654027,-6.338689322254297,-24.588405289465708
0.6494140625,-8.930013814113689,-6.463481958913116,-17.137412950302966
0.64971923828125,-8.494561423657238,-6.722377146350118,-13.635323018571981
0.6500244140625,-7.785925974957189,-7.105169800673417,-11.652132006499086
0.65032958984375,-7.1138253432842475,-7.585324405457179,-10.567155041929793
0.650634765625,-6.653741848132665,-8.114094891770925,-10.145802065250207
0.65093994140625,-6.484223724188371,-8.619064716268888,-10.291158502454948
0.6512451171875,-6.639921485289655,-9.017078291128923,-10.966593264671038
0.65155029296875,-7.139671723106753,-9.247707052947767,-12.140844312896657
0.65185546875,-7.99354000888817,-9.310586855076991,-13.66090535276526
0.65216064453125,-9.187731898587415,-9.272535481864603,-14.919998941394182
0.6524658203125,-10.625539523865786,-9.23784753266564,-14.817899926766698
0.65277099609375,-11.991024899165414,-9.313191101023806,-13.318017309194957
0.653076171875,-12.680266514486592,-9.592417147037906,-11.508839711887056
0.65338134765625,-12.331024610292953,-10.161290424417802,-10.012438111731615
0.6536865234375,-11.368228273533088,-11.114622526203153,-8.97816544383187
0.65399169921875,-10.39616919916802,-12.586811113958824,-8.418604067793074
0.654296875,-9.726559948549385,-14.817731790454696,-8.335157470076274
0.65460205078125,-9.47356180592519,-18.35305981756071,-8.757010546595389
0.6549072265625,-9.692504407489777,-25.047036599220924,-9.768066182330772
0.65521240234375,-10.450946377742625,-35.65661548863564,-11.56191785469958
0.655517578125,-11.880749832520943,-22.265349159279864,-14.616139121950766
0.65582275390625,-14.27532698080097,-17.418333190343393,-20.556689524119157
0.6561279296875,-18.428615529716467,-14.766877817395743,-40.45114999387667
0.65643310546875,-27.877007815405364,-13.226559288823642,-18.967647949531287
0.65673828125,-25.75835643754811,-12.441328679709766,-13.325887731018312
0.65704345703125,-17.5049419955058,-12.273471179508954,-10.13211160284766
0.6573486328125,-13.55840488335737,-12.683534550873691,-8.065669796344322
0.65765380859375,-11.18078515298701,-13.686519493172906,-6.700471226612939
0.657958984375,-9.686503412795117,-15.289764653579148,-5.84994805240905
0.65826416015625,-8.809534630264285,-17.20149223472828,-5.4224843931015325
0.6585693359375,-8.429892469520363,-17.974918944003168,-5.375175719899062
0.65887451171875,-8.49791534607485,-16.22539839320335,-5.697277378887891
0.6591796875,-9.010217441781826,-13.539294601470303,-6.406549635911358
0.65948486328125,-10.006285853186894,-11.186476746339851,-7.554999179639541
0.6597900390625,-11.577568921945616,-9.366958289711537,-9.247060468809183
0.66009521484375,-13.873700504951692,-8.027803336641213,-11.679492771859499
0.660400390625,-16.937978199856197,-7.100594742138091,-15.188691566562182
0.66070556640625,-19.193772613029857,-6.537051811911444,-19.576603604873714
0.6610107421875,-17.19958010552258,-6.3098368237285705,-19.23219848567453
0.66131591796875,-13.81832737171856,-6.409812583677988,-15.019803957530675
0.66162109375,-11.125167361114766,-6.844655731689443,-11.848134331217004
0.66192626953125,-9.146802825617478,-7.638714069507983,-9.694016821832696
0.6622314453125,-7.714507767385666,-8.830596128549622,-8.230143236681371
0.66253662109375,-6.710726141512007,-10.451848629488342,-7.267945007039649
0.662841796875,-6.066287715145071,-12.412210454413879,-6.7046557516985
0.66314697265625,-5.74512655483958,-14.076986791800593,-6.485999796847237
0.6634521484375,-5.735486352241161,-14.022384721888553,-6.58875778265431
0.66375732421875,-6.046962909865517,-12.195193150984295,-7.013949485763662
0.6640625,-6.712798831520069,-10.01873674373895,-7.7868095339544
0.66436767578125,-7.799149877581273,-8.16249905359011,-8.963643138922258
0.6646728515625,-9.42744766349946,-6.725165336992753,-10.64988568689298
0.66497802734375,-11.825835709157584,-5.673861401360974,-13.041667443027174
0.665283203125,-15.429033103600087,-4.966643563778773,-16.51079872721462
0.66558837890625,-20.392691917726236,-4.575563351362579,-21.44263811654185
0.6658935546875,-19.891384647568167,-4.489490610145489,-23.13150286043088
0.66619873046875,-15.037177415859396,-4.714733560751348,-18.64499795841826
0.66650390625,-11.674965659541733,-5.278048771227076,-15.266607116802241
0.66680908203125,-9.479444776570475,-6.235146107637933,-13.191518128540938
0.6671142578125,-8.053779901027815,-7.691374107914593,-12.008752309949724
0.66741943359375,-7.196393879694131,-9.855310514820129,-11.521429812776844
0.667724609375,-6.804257256296285,-13.208829030807046,-11.666788275078844
0.66802978515625,-6.824021590087659,-19.334168817260988,-12.482823518582668
0.6683349609375,-7.225584852568011,-41.32081290890334,-14.13202565604147
0.66864013671875,-7.97610152648536,-18.648744498120326,-17.010537702122758
0.6689453125,-8.989701795460242,-13.15192040914497,-21.857835715871733
0.66925048828125,-10.02089971515465,-10.161216898361804,-23.90023976789013
0.6695556640625,-10.565441737044946,-8.324212140899883,-17.931648912967802
0.66986083984375,-10.161884161292141,-7.218954154473094,-13.667111582373494
0.670166015625,-8.991622495923652,-6.672801026582528,-10.88437163991539
0.67047119140625,-7.606707572290946,-6.616547658928803,-9.006963682552033
0.6707763671875,-6.3647601986448565,-7.04267622610029,-7.7633432979137105
0.67108154296875,-5.395049520539209,-8.000208651133127,-7.018168172103813
0.67138671875,-4.723394514241654,-9.618979732612825,-6.70019086680714
0.67169189453125,-4.341598309570934,-12.193929974576253,-6.769328012600696
0.6719970703125,-4.232244083554584,-16.474793102955452,-7.192819663603926
0.67230224609375,-4.374586690022269,-24.31300336079252,-7.909373771324829
0.672607421875,-4.742224313005697,-21.183071712632472,-8.75465624078756
0.67291259765625,-5.295336043098059,-14.825523930529695,-9.35404472468039
0.6732177734375,-5.96811272486423,-11.326444575656051,-9.206820220525762
0.67352294921875,-6.6557333773679215,-9.174990678460338,-8.202606938794824
0.673828125,-7.2176162212138,-7.827512204148411,-6.76942137320517
0.67413330078125,-7.523019661991031,-7.040930963713908,-5.343847942624241
0.6744384765625,-7.5281669236124635,-6.677126595450162,-4.135718387751426
0.67474365234375,-7.305616848977249,-6.628731960257742,-3.21202986477158
0.675048828125,-6.986682351211329,-6.774982637604399,-2.585561565734349
0.67535400390625,-6.6880106915058155,-6.950754783185539,-2.255437572157744
0.6756591796875,-6.481865716225883,-6.953714594305939,-2.2228809950876425
0.67596435546875,-6.400259606195363,-6.630216875506136,-2.4982570885538986
0.67626953125,-6.4478335501720805,-5.985883263255424,-3.1066398322512443
0.67657470703125,-6.61271394651885,-5.173249488556633,-4.0961966808625005
0.6768798828125,-6.874451897669827,-4.373248889728373,-5.555212718355857
0.67718505859375,-7.210662139980299,-3.717662513300923,-7.652658298319715
0.677490234375,-7.603205916210124,-3.2845691786334448,-10.75576154176073
0.67779541015625,-8.043025039713228,-3.120262939438352,-15.908452072040083
0.6781005859375,-8.531462721433073,-3.259758083798437,-29.206961536249956
0.67840576171875,-9.076104828873744,-3.7419233855159577,-20.41130214431859
0.6787109375,-9.680510255593369,-4.623343206553324,-13.740617042020535
0.67901611328125,-10.328476954625378,-5.997848710951546,-10.467615434460985
0.6793212890625,-10.965724506867137,-8.035132624565314,-8.561395673143206
0.67962646484375,-11.490407176026082,-11.072118999424736,-7.466740359620152
0.679931640625,-11.778999626390302,-15.78833153907981,-6.966422350909733
0.68023681640625,-11.762217102765828,-20.75104976653472,-6.972052694348001
0.6805419921875,-11.491736873072382,-16.289125256892476,-7.467339259118338
0.68084716796875,-11.115457600021351,-11.936624936937834,-8.499364983080282
0.68115234375,-10.796956623672877,-9.30481352459585,-10.205377575288452
0.68145751953125,-10.667768825264572,-7.723839816711547,-12.912725220102736
0.6817626953125,-10.827969990673035,-6.872948958089113,-17.51504900299546
0.68206787109375,-11.368830669345,-6.608453034144784,-26.536200787303862
0.682373046875,-12.404303238613636,-6.8732755500676,-20.71946081855606
0.68267822265625,-14.120948438852883,-7.656542630982614,-14.367823998425651
0.6829833984375,-16.888203192327843,-8.949935449082401,-10.80645823354554
0.68328857421875,-21.49925730980022,-10.604224574931127,-8.490038523498107
0.68359375,-26.1858025650076,-11.883980860065828,-6.90103605055624
0.68389892578125,-20.481535892353637,-11.431480240553114,-5.812727359569498
0.6842041015625,-15.649477092569338,-9.436659840148362,-5.10914058613074
0.68450927734375,-12.548376357203178,-7.235092774699656,-4.7268166175042
0.684814453125,-10.428078740897739,-5.3927456710280826,-4.632127208997307
0.68511962890625,-8.940975390206022,-3.984075261877305,-4.811935148982331
0.6854248046875,-7.910968076786578,-2.9720459251274036,-5.2707603765025635
0.68572998046875,-7.23716512855909,-2.3122070202734175,-6.032693759714977
0.68603515625,-6.855491162139852,-1.9724183220016702,-7.149268721795195
0.68634033203125,-6.721357752372446,-1.9348486712093862,-8.71896952464572
0.6866455078125,-6.801001006156598,-2.195597464751298,-10.93704431449865
0.68695068359375,-7.06700652495753,-2.7655275778599986,-14.248773375358816
0.687255859375,-7.49637711336784,-3.6738074497033595,-20.03614145301084
0.68756103515625,-8.070626553887827,-4.976311090108415,-34.03896106836064
0.6878662109375,-8.77775565898872,-6.773831875139916,-20.0579100774455
0.68817138671875,-9.61586013615802,-9.252139460553096,-14.299015962238347
0.6884765625,-10.597770795939097,-12.764551427911124,-11.00951046396905
0.68878173828125,-11.755988369375189,-17.733289084036304,-8.806084006208517
0.6890869140625,-13.1476856727199,-20.04565369608637,-7.240384677382483
0.68939208984375,-14.860251443581568,-15.693004040075103,-6.1128640535651
0.689697265625,-17.01461309255834,-12.225325840672967,-5.319124925595055
0.69000244140625,-19.730279256965225,-10.03522059155962,-4.799345837919205
0.6903076171875,-22.78710350881753,-8.678616007163743,-4.517506741032379
0.69061279296875,-24.285047248115838,-7.918027822674309,-4.451383281518922
0.69091796875,-22.581293186451322,-7.6368948044496605,-4.586890641508228
0.69122314453125,-20.15257796461032,-7.785533563417636,-4.9140256192120875
0.6915283203125,-18.277706728257893,-8.360526114080827,-5.4227323169851305
0.69183349609375,-17.012047798040854,-9.40268264835338,-6.097088638917225
0.692138671875,-16.231696792834235,-11.010785644293883,-6.905917757606051
0.69244384765625,-15.808752804103543,-13.373373736384707,-7.788530999238679
0.6927490234375,-15.611416747675326,-16.760244176354192,-8.63964476936879
0.69305419921875,-15.49180980498523,-20.43877877094513,-9.313016609797156
0.693359375,-15.301129509172677,-19.16431083109733,-9.675513989060033
0.69366455078125,-14.944242860469474,-15.219961058529073,-9.69684039504999
0.6939697265625,-14.431826576264449,-12.20626264132794,-9.477396063248419
0.69427490234375,-13.866615341194162,-10.094007500304393,-9.176378117116254
0.694580078125,-13.379530311889283,-8.618632356955398,-8.932345709332921
0.69488525390625,-13.082610955352667,-7.616739168321805,-8.838184745097845
0.6951904296875,-13.060140683403162,-6.993621051520097,-8.95138660194722
0.69549560546875,-13.379474891731881,-6.694046030767221,-9.310997592829542
0.69580078125,-14.103386132554851,-6.686835557637116,-9.950943108722981
0.69610595703125,-15.289503689796195,-6.957130604920312,-10.909367320038543
0.6964111328125,-16.933020192498947,-7.502816132276132,-12.235111572255041
0.69671630859375,-18.681861061799154,-8.333538119363187,-13.988293587456731
0.697021484375,-19.264347164098904,-9.47179651102457,-16.211380916421167
0.69732666015625,-17.771059633129646,-10.956180221458967,-18.75410929479632
0.6976318359375,-15.475460665611056,-12.846769972263363,-20.672490475865533
0.69793701171875,-13.42004998746157,-15.229353758356615,-20.438177654269147
0.6982421875,-11.825850269930227,-18.18975876422693,-18.76794313175755
0.69854736328125,-10.669307190631486,-21.568645408822267,-17.136559178031753
0.6988525390625,-9.890820579593516,-23.89941390968355,-15.985136900442367
0.69915771484375,-9.433465481707913,-23.212013737086824,-15.339343711838199
0.699462890625,-9.242747907150772,-21.326328552794656,-15.162103633344401
0.69976806640625,-9.257402473414837,-19.78525235794352,-15.42842185159361
0.7000732421875,-9.398206034568904,-18.744583318240508,-16.13457579005469
0.70037841796875,-9.561547145145587,-18.06981106135991,-17.287663933920335
0.70068359375,-9.631118807782336,-17.607230850036682,-18.85637784835073
0.70098876953125,-9.518089730350619,-17.223928401249605,-20.58355613378733
0.7012939453125,-9.208416229278093,-16.82489210581972,-21.585943081946176
0.70159912109375,-8.769032034443862,-16.36769251533092,-20.865662501418043
0.701904296875,-8.305143103307453,-15.860935369470827,-19.02701660377248
0.70220947265625,-7.914029126663861,-15.343267964070645,-17.130473220311398
0.7025146484375,-7.665898069503314,-14.857987036775555,-15.561695235313076
0.70281982421875,-7.605822138126719,-14.437435550319966,-14.367700207522935
0.703125,-7.7621873105448795,-14.099000473691707,-13.517209095665649
0.70343017578125,-8.154018892687318,-13.847811516991602,-12.973675697269094
0.7037353515625,-8.795051851783324,-13.681712849362578,-12.710769992243506
0.70404052734375,-9.693773104504585,-13.596308828021364,-12.714690403624854
0.704345703125,-10.84727255495546,-13.589213153853619,-12.984499121871744
0.70465087890625,-12.22316136136052,-13.663087122633149,-13.533468069920577
0.7049560546875,-13.720311494316455,-13.827269693301593,-14.392915920972452
0.70526123046875,-15.114850815362646,-14.098114457521117,-15.620728418765164
0.70556640625,-16.08253505846978,-14.498480554771847,-17.31954004483839
0.70587158203125,-16.43897503330202,-15.056891102162028,-19.676647748432153
0.7061767578125,-16.35730206433527,-15.806339307904384,-23.047241664061747
0.70648193359375,-16.18206265318272,-16.780863400109524,-27.874378536828562
0.706787109375,-16.17288772329876,-18.00214367668185,-30.160033402715328
0.70709228515625,-16.467746206371018,-19.429955596317754,-25.630180754439593
0.7073974609375,-17.138621564567483,-20.811620401080013,-21.95495186879195
0.70770263671875,-18.237862426980435,-21.460401859561507,-19.563223697718193
0.7080078125,-19.826414365062256,-20.69684283983293,-18.003292010313487
0.70831298828125,-21.99802297822821,-18.90256180737218,-17.032309112283965
0.7086181640625,-24.919299345654807,-16.878701464557402,-16.52699756354854
0.70892333984375,-28.921932186231032,-15.011468891763633,-16.425316681774213
0.709228515625,-34.46441648211166,-13.393849295533453,-16.698136917095823
0.70953369140625,-36.43169553428642,-12.024035871892329,-17.328750483209433
0.7098388671875,-30.870440989472108,-10.880444280694423,-18.27830204724782
0.71014404296875,-26.208441187909763,-9.942488573102473,-19.395428702674742
0.71044921875,-22.507244873687085,-9.194980261068228,-20.232295090779115
0.71075439453125,-19.42022482879299,-8.628148124590808,-20.066969038578478
0.7110595703125,-16.814737083651366,-8.236708380059204,-18.729193988376412
0.71136474609375,-14.625262471856837,-8.01890329230914,-16.862352093285498
0.711669921875,-12.805959631650946,-7.975680150988145,-15.019883893976754
0.71197509765625,-11.320422166620416,-8.109926297422307,-13.404650613847977
0.7122802734375,-10.139822946206623,-8.425516523235778,-12.051188536816792
0.71258544921875,-9.242279548331382,-8.925698169888326,-10.943330165833057
0.712890625,-8.612192325057194,-9.609891404218429,-10.055019924363311
0.71319580078125,-8.239430069520752,-10.467163238570574,-9.361792394686905
0.7135009765625,-8.118214505857265,-11.463580952838392,-8.843143283291193
0.71380615234375,-8.24516876277725,-12.521340470859922,-8.482300336317191
0.714111328125,-8.615148993592419,-13.497800266345694,-8.265363924095011
0.71441650390625,-9.211659578600099,-14.202408556184638,-8.180400649203044
0.7147216796875,-9.985407384727047,-14.499052061207596,-8.21666855521912
0.71502685546875,-10.813300073863758,-14.424363856114644,-8.364057806333227
0.71533203125,-11.453461221026904,-14.160072201436034,-8.61283709077522
0.71563720703125,-11.597140811690599,-13.901516546315476,-8.953826937051783
0.7159423828125,-11.112175620410902,-13.78306999696084,-9.379129207273824
0.71624755859375,-10.190635675583481,-13.87783256111906,-9.883481832970483
0.716552734375,-9.141081924375506,-14.215848434075188,-10.46614954550152
0.71685791015625,-8.178131425503622,-14.789157455081096,-11.133028303752095
0.7171630859375,-7.404131666816464,-15.530898157608508,-11.898422553277028
0.71746826171875,-6.857898644855517,-16.263078372978185,-12.785810433527434
0.7177734375,-6.551310971813972,-16.66030772136091,-13.826617571298685
0.71807861328125,-6.48744869022304,-16.40175591599366,-15.054605662923116
0.7183837890625,-6.668442951886129,-15.497527736198236,-16.488268204676753
0.71868896484375,-7.098583353484046,-14.271291113676385,-18.079077128394722
0.718994140625,-7.78507306851968,-13.032496341918938,-19.58626065359459
0.71929931640625,-8.736811084236427,-11.944146887706943,-20.45714168287839
0.7196044921875,-9.959725506007464,-11.066979554163417,-20.224819896751008
0.71990966796875,-11.444176495641823,-10.415401875463887,-19.20230631489864
0.72021484375,-13.13509610794516,-9.987197435942793,-18.038293465925676
0.72052001953125,-14.876627046483609,-9.77610767822601,-17.109956293976648
0.7208251953125,-16.373337938366987,-9.776642389966192,-16.561435841615374
0.72113037109375,-17.335337598904616,-9.9856488552354,-16.45648532520385
0.721435546875,-17.808186003421465,-10.402402483045838,-16.858865138104388
0.72174072265625,-18.181722028563925,-11.02762835868542,-17.879574789897458
0.7220458984375,-18.88850992358281,-11.860967198239043,-19.735888860104886
0.72235107421875,-20.321497822962307,-12.895334205827405,-22.84467135756072
0.72265625,-23.05683577465601,-14.10504352005578,-27.192997482852896
0.72296142578125,-28.76612500716506,-15.423504772165352,-25.862384418628576
0.7232666015625,-38.172467495279804,-16.712921663922828,-20.689964390901775
0.72357177734375,-25.470629464630512,-17.760944077668434,-16.970368754989906
0.723876953125,-20.001316254016594,-18.37925843046036,-14.37603614890097
0.72418212890625,-16.744638498605873,-18.571931463589188,-12.522440747395557
0.7244873046875,-14.582316923641347,-18.547789000676154,-11.205413593314642
0.72479248046875,-13.120560316245323,-18.560949816767245,-10.312291726924503
0.72509765625,-12.174959188989758,-18.809246714105615,-9.775839755752871
0.72540283203125,-11.642126824995794,-19.446190739411698,-9.550799430012916
0.7257080078125,-11.452492845017606,-20.64230743315918,-9.597982433241576
0.72601318359375,-11.545604061061024,-22.688643140655568,-9.867511495681175
0.726318359375,-11.851695675058096,-26.26167102879102,-10.275771353753395
0.72662353515625,-12.277044037043447,-33.034965895437374,-10.678958795173765
0.7269287109375,-12.703074932279755,-30.908672136518575,-10.87398764883865
0.72723388671875,-13.019051499174395,-23.631558307059702,-10.68413410135581
0.7275390625,-13.187107908416431,-19.214482225137957,-10.09608838937969
0.72784423828125,-13.28438960878903,-16.11532649857279,-9.270625170180063
0.7281494140625,-13.47725872712449,-13.753441981942661,-8.410098052828271
0.72845458984375,-13.973236356501745,-11.876232624924617,-7.661254485739207
0.728759765625,-15.02333509009283,-10.355347151332246,-7.106730723706612
0.72906494140625,-17.027960703404727,-9.119472610551364,-6.789515090078093
0.7293701171875,-20.96478772329187,-8.1274239839134,-6.734662736224233
0.72967529296875,-31.03587953099058,-7.3557539211479455,-6.962292374943843
0.72998046875,-23.877509010891455,-6.792532546010723,-7.494172056073161
0.73028564453125,-16.256839431044362,-6.434160176641475,-8.354875173431884
0.7305908203125,-11.971510852816177,-6.283924825155987,-9.562336225482326
0.73089599609375,-9.053409231952699,-6.351797208936447,-11.08497532672224
0.731201171875,-6.9291273514236345,-6.655391714255574,-12.701019058857693
0.73150634765625,-5.357439578996236,-7.222418624543635,-13.749303852221086
0.7318115234375,-4.21731487104222,-8.095565252692731,-13.459400573256628
0.73211669921875,-3.443263508839189,-9.342039195707612,-12.122495782053328
0.732421875,-3.000698590800605,-11.073231132555307,-10.593173229106473
0.73272705078125,-2.8756314945283616,-13.488752967385075,-9.311154811819462
0.7330322265625,-3.07086242571665,-16.980277693956292,-8.389746960009075
0.73333740234375,-3.606094955103856,-22.2068450536541,-7.837201650736802
0.733642578125,-4.521359257905584,-25.32520378062159,-7.642703354090107
0.73394775390625,-5.883390805449823,-20.407176400191368,-7.801176644984561
0.7342529296875,-7.7891058668512,-16.72058101286786,-8.319913518226288
0.73455810546875,-10.315659863631975,-14.517445669714675,-9.2193152036064
0.73486328125,-13.083387877392274,-13.261970513594825,-10.525983921538067
0.73516845703125,-13.92046165789591,-12.707934393562121,-12.23607756748496
0.7354736328125,-11.791379197051429,-12.760330549605934,-14.166096059056168
0.73577880859375,-9.242004003729823,-13.417522402704032,-15.576935942164518
0.736083984375,-7.266106507796315,-14.766020123743866,-15.38409761166438
0.73638916015625,-5.87297939225763,-17.011419155043203,-13.90394427324527
0.7366943359375,-4.953760286761577,-20.449348801637637,-12.254045915122212
0.73699951171875,-4.41736425351118,-23.716981082146134,-10.931710858872474
0.7373046875,-4.193464159924685,-21.008706874848613,-10.028223641870849
0.73760986328125,-4.219949316999714,-16.849166750268285,-9.530793521519925
0.7379150390625,-4.429774045670031,-13.852637862612816,-9.416879469117136
0.73822021484375,-4.740076759604768,-11.760787233034405,-9.676801513305158
0.738525390625,-5.049990256297439,-10.301164362942307,-10.32021163071409
0.73883056640625,-5.258475850172745,-9.314424143023453,-11.382118177176611
0.7391357421875,-5.304155409540493,-8.706092316255514,-12.935582598585508
0.73944091796875,-5.199427851434928,-8.416915200722077,-15.12203412665909
0.73974609375,-5.0232092831378825,-8.407470566012156,-18.231633436922834
0.74005126953125,-4.880582695450389,-8.649879450172605,-22.954367656254146
0.7403564453125,-4.868544519216829,-9.12327922155576,-30.794187398853488
0.74066162109375,-5.065855654878924,-9.811955579603705,-29.383096021343977
0.740966796875,-5.539811100288283,-10.706487764724981,-23.764061218581247
0.74127197265625,-6.360244112860416,-11.809531587721416,-20.895518602866446
0.7415771484375,-7.618538568481962,-13.149183008540978,-19.341012106796434
0.74188232421875,-9.456876381519573,-14.804989383751884,-18.449445243684718
0.7421875,-12.116309644137232,-16.95871291868025,-17.787300923369717
0.74249267578125,-15.92078651543918,-20.005599980610214,-16.99136067965439
0.7427978515625,-19.556010502083353,-24.697422372647146,-15.865956159494058
0.74310302734375,-17.164097196976208,-27.647736240675115,-14.477419581935099
0.743408203125,-13.267941479854295,-21.673996550133722,-13.033200588547142
0.74371337890625,-10.53110909601678,-16.87482775182178,-11.711124960105412
0.7440185546875,-8.696795664111512,-13.53613802375563,-10.610278055484397
0.74432373046875,-7.494164611304829,-11.062134325934593,-9.77462090494308
0.74462890625,-6.765994695260571,-9.168181866396726,-9.221989145214138
0.74493408203125,-6.419154300710624,-7.710633603929801,-8.961577879500036
0.7452392578125,-6.393482561002742,-6.6107828325605125,-9.002232096189113
0.74554443359375,-6.643821479758849,-5.823918825222246,-9.354431326793982
0.745849609375,-7.12695805926776,-5.325788647791975,-10.024259243154884
0.74615478515625,-7.789044730604109,-5.106537175204476,-10.987658905365066
0.7464599609375,-8.552818927352394,-5.168408679429746,-12.112074076044783
0.74676513671875,-9.311126966733053,-5.525794595640379,-12.99580534755096
0.7470703125,-9.943604569156003,-6.207080064845233,-12.976752883408547
0.74737548828125,-10.368139457059463,-7.257485465192268,-11.846793427296072
0.7476806640625,-10.595127041794354,-8.738208800804674,-10.173195293488185
0.74798583984375,-10.72532483891363,-10.694784457845705,-8.507832768856531
0.748291015625,-10.89531271414678,-12.95677390499469,-7.077357332201467
0.74859619140625,-11.231440804444992,-14.435147112685796,-5.934124391801813
0.7489013671875,-11.840701268000199,-13.520742105109125,-5.0740214381138795
0.74920654296875,-12.827183170059044,-11.225226215751842,-4.480986801898699
0.74951171875,-14.32272242677711,-9.035634002361379,-4.140853064009936
0.74981689453125,-16.535128117595292,-7.307621407754624,-4.045283682923632
0.7501220703125,-19.801736815382057,-6.023906561165421,-4.192939604921396
0.75042724609375,-23.991916728466855,-5.120007164124656,-4.590208946412157
0.750732421875,-23.734214322197804,-4.5435303823485,-5.252295476291123
0.75103759765625,-19.362075634817348,-4.25943000717806,-6.204855320831632
0.7513427734375,-15.976397263377235,-4.247268270644584,-7.485480047062396
0.75164794921875,-13.623972205358367,-4.498600683235291,-9.14072206667299
0.751953125,-11.977780855372693,-5.015607551063114,-11.198078540575114
0.75225830078125,-10.848413106186793,-5.810850024200739,-13.525540602229718
0.7525634765625,-10.134082340175565,-6.907564122687079,-15.382293065074723
0.75286865234375,-9.7823582124577,-8.338443958046005,-15.431005189777094
0.753173828125,-9.770920400956173,-10.134664643610513,-13.932130662578166
0.75347900390625,-10.096268743393695,-12.272181012309911,-12.222868577150274
0.7537841796875,-10.760721463805664,-14.469386609047987,-10.855524190780512
0.75408935546875,-11.739707157121675,-15.813304337855605,-9.904957283149836
0.75439453125,-12.883600643238475,-15.436249291782671,-9.339431429947979
0.75469970703125,-13.708361417643633,-14.052356667927711,-9.120952226454387
0.7550048828125,-13.438079584624347,-12.656910621414973,-9.224480123181628
0.75531005859375,-11.967421057859829,-11.595734286703106,-9.640263348616632
0.755615234375,-10.037253215301412,-10.911054002028786,-10.374018678904001
0.75592041015625,-8.21057491394859,-10.573458653174761,-11.448143578129862
0.7562255859375,-6.677390676835204,-10.54447146008781,-12.904000870900017
0.75653076171875,-5.468963975131408,-10.785797276234558,-14.800651634895676
0.7568359375,-4.574549704364262,-11.25239434922237,-17.182039330199103
0.75714111328125,-3.9793210496914644,-11.876612774267217,-19.868445806541942
0.7574462890625,-3.6751500199377762,-12.54596397159391,-21.727893014001275
0.75775146484375,-3.6638981792999052,-13.09040736199513,-21.14742412698474
0.758056640625,-3.959382712077674,-13.322303698012771,-19.22149321713793
0.75836181640625,-4.590001090027735,-13.148243414006433,-17.427615457233276
0.7586669921875,-5.602272051502358,-12.643584935972768,-16.10076604931937
0.75897216796875,-7.061654195258459,-11.982572934387116,-15.218353103713774
0.75927734375,-9.026157864560474,-11.323963288412289,-14.71686087509317
0.75958251953125,-11.358494779100624,-10.766558167841907,-14.548360253793494
0.7598876953125,-12.990156147358986,-10.359267112917923,-14.686229852213135
0.76019287109375,-12.151771742473585,-10.121630094778997,-15.124477133919605
0.760498046875,-9.842450168898116,-10.058130643440442,-15.878773985057613
0.76080322265625,-7.6695575670442295,-10.165474122411265,-16.99052184414628
0.7611083984375,-6.0094660293986655,-10.435013523986047,-18.530998946910394
0.76141357421875,-4.844812340099558,-10.851713141724861,-20.578835699033917
0.76171875,-4.115833351485968,-11.389959413257456,-22.990216260088335
0.76202392578125,-3.781762533935329,-12.006161470404145,-24.34503880019017
0.7623291015625,-3.827554466591981,-12.629653735756325,-22.571313986486864
0.76263427734375,-4.265109429726522,-13.159023624679442,-19.449819090050333
0.762939453125,-5.139043524725854,-13.479094409831538,-16.62113594034661
0.76324462890625,-6.542377096308432,-13.507627547470973,-14.29521945404696
0.7635498046875,-8.650088902269234,-13.242955358384043,-12.39333581899908
0.76385498046875,-11.758850532883793,-12.761718663957563,-10.832878606624817
0.76416015625,-15.812957308750356,-12.169370530896774,-9.557437748193781
0.76446533203125,-16.19847642940576,-11.555173554535848,-8.531951083023317
0.7647705078125,-12.036940657095137,-10.977283459136762,-7.736229604859998
0.76507568359375,-8.613155543966702,-10.467406470323883,-7.160627335171988
0.765380859375,-6.219339612404854,-10.040276241570146,-6.803616835921128
0.76568603515625,-4.540165956560336,-9.701497529236732,-6.670758700474458
0.7659912109375,-3.3775938883471293,-9.452708604140959,-6.774754570317324
0.76629638671875,-2.619089495965028,-9.294671174683911,-7.1364518976655145
0.7666015625,-2.1998902363728376,-9.229019279854258,-7.786670935452806
0.76690673828125,-2.0834683971625916,-9.259187351739971,-8.768065364562073
0.7672119140625,-2.251823090808545,-9.390851621491851,-10.13263766831024
0.76751708984375,-2.7005887852256425,-9.632104676419255,-11.913416375463362
0.767822265625,-3.4362330040527818,-9.993508504624591,-13.976023901245242
0.76812744140625,-4.472731221541737,-10.488091467769669,-15.532831399188872
0.7684326171875,-5.821910662101937,-11.131203160642647,-15.188243564099446
0.76873779296875,-7.459633401935033,-11.939765015842209,-13.304371928590301
0.76904296875,-9.219029095528068,-12.929422561690417,-11.263531903151392
0.76934814453125,-10.57461692638195,-14.105206295127601,-9.586691588473451
0.7696533203125,-10.753604605497124,-15.433736046065981,-8.3252525751052
0.76995849609375,-9.752031280547449,-16.771910133385866,-7.4305203311635415
0.770263671875,-8.337574762157713,-17.751119467655702,-6.845442915693604
0.77056884765625,-7.0320951353713905,-17.843302114540222,-6.518497528141973
0.7708740234375,-5.997495662373279,-16.910549222374797,-6.401542207805491
0.77117919921875,-5.251275447544691,-15.401109271850718,-6.4456404040351645
0.771484375,-4.773004060911791,-13.77890394218438,-6.599070294586616
0.77178955078125,-4.5373179856318595,-12.263461275202465,-6.810432026571646
0.7720947265625,-4.522113434500328,-10.922778948277665,-7.038657082059587
0.77239990234375,-4.709408553034696,-9.768280254963472,-7.267540458710241
0.772705078125,-5.0839173509601565,-8.796192827936377,-7.517056875761327
0.77301025390625,-5.63042953540045,-8.001834297367378,-7.844566990865713
0.7733154296875,-6.329699004371696,-7.383900822686169,-8.338354179853503
0.77362060546875,-7.151907557244498,-6.9455197793674595,-9.1145579891003
0.77392578125,-8.046866723653268,-6.694482304812475,-10.330631319331598
0.77423095703125,-8.932580207197434,-6.643482708794956,-12.232933823742647
0.7745361328125,-9.691702180415282,-6.810557637056651,-15.27359395960757
0.77484130859375,-10.195938584325681,-7.219423101250745,-20.032926116899414
0.775146484375,-10.36606380608344,-7.898265888279228,-20.686228983584044
0.77545166015625,-10.222055349658179,-8.871723005803913,-14.920978096172863
0.7757568359375,-9.864359038045238,-10.127800533101794,-10.735863384240304
0.77606201171875,-9.40966348037993,-11.506362366620564,-7.847308535731782
0.7763671875,-8.946426500163833,-12.460406956676325,-5.76018802315745
0.77667236328125,-8.526742936636708,-12.165758164451839,-4.226795366719122
0.7769775390625,-8.175477732704117,-10.644496700921344,-3.115382729888634
0.77728271484375,-7.901141675439885,-8.729587700402982,-2.3501969045107645
0.777587890625,-7.703653183224929,-6.95561403524192,-1.8853589988815993
0.77789306640625,-7.579015182715034,-5.478663011402446,-1.692303550264562
0.7781982421875,-7.521944024230481,-4.31321927308309,-1.7529055561006914
0.77850341796875,-7.527305372183502,-3.440051366269942,-2.054833188931628
0.77880859375,-7.590889816637809,-2.8382373548467985,-2.587053092891532
0.77911376953125,-7.709833253826032,-2.4932414814344335,-3.333468928875845
0.7794189453125,-7.882855671246364,-2.3986516447806907,-4.2620062578511595
0.77972412109375,-8.110421593651653,-2.5567599252271793,-5.30635709844958
0.780029296875,-8.394888892907781,-2.9796300287156474,-6.343320405340114
0.78033447265625,-8.740695200595585,-3.6914697854531564,-7.191050248328553
0.7806396484375,-9.154627212708048,-4.733197195176809,-7.678760320293119
0.78094482421875,-9.646228103298679,-6.1704566240800265,-7.7723331430447775
0.78125,-10.228426988943633,-8.105471331819311,-7.604720580755641
0.78155517578125,-10.918532881138121,-10.67833682633579,-7.364770802645727
0.7818603515625,-11.739847185568708,-13.906654977126811,-7.195361159752124
0.78216552734375,-12.724365200172407,-16.4539191817831,-7.172572873258921
0.782470703125,-13.917474869353711,-15.273499426994029,-7.322902180206517
0.78277587890625,-15.386478521730565,-12.478077018877986,-7.640927673630035
0.7830810546875,-17.236623438243733,-10.210974264339367,-8.099159783552366
0.78338623046875,-19.640560686848293,-8.629403932150419,-8.653666134582934
0.78369140625,-22.867045917256306,-7.597277733723234,-9.251676755392355
0.78399658203125,-26.894813097681446,-7.0027521035637665,-9.846178542150254
0.7843017578125,-27.965318817045826,-6.772283780283007,-10.416138649641592
0.78460693359375,-24.22787555146408,-6.857060726501406,-10.981835377741117
0.784912109375,-20.776498442201436,-7.220624117480197,-11.604629203771887
0.78521728515625,-18.250840612204325,-7.827379305845838,-12.37379416411155
0.7855224609375,-16.379645734121716,-8.628674232505514,-13.393570750680679
0.78582763671875,-14.968013057333234,-9.544225135049224,-14.778818632336307
0.7861328125,-13.901179930815657,-10.444404863502545,-16.64991998198131
0.78643798828125,-13.110441525086733,-11.15937373389247,-19.055014502148634
0.7867431640625,-12.553472667219465,-11.550716233895406,-21.453080251136676
0.78704833984375,-12.203880698596826,-11.6094217494984,-21.727305259108597
0.787353515625,-12.045445330296369,-11.459664494877,-19.500056540522344
0.78765869140625,-12.068695012666224,-11.261320186491211,-17.002480061374555
0.7879638671875,-12.268560029351768,-11.130763649677526,-15.0099886362076
0.78826904296875,-12.642239976998951,-11.123995234856531,-13.521540313993333
0.78857421875,-13.186367910928878,-11.247740468594285,-12.431979287475315
0.78887939453125,-13.892052642464199,-11.471092031974003,-11.64911988938707
0.7891845703125,-14.735393741566007,-11.733390534210395,-11.103645438467712
0.78948974609375,-15.660277501856651,-11.955395207290193,-10.74662769617154
0.789794921875,-16.553952174334142,-12.061651306921014,-10.548034087919865
0.79010009765625,-17.235834519831783,-12.01028104966582,-10.496510536675743
0.7904052734375,-17.51383048004555,-11.809802011934497,-10.599026487132804
0.79071044921875,-17.31927959994257,-11.507416077176252,-10.87965906592851
0.791015625,-16.7708739824946,-11.160431816779155,-11.377951352974565
0.79132080078125,-16.071098580421236,-10.813854470463998,-12.147731159007773
0.7916259765625,-15.385605340585037,-10.493187432191437,-13.255734170112133
0.79193115234375,-14.812278524423576,-10.207919679287238,-14.771629755454912
0.792236328125,-14.400710946435353,-9.958901816067595,-16.706486831679264
0.79254150390625,-14.175695903816393,-9.745301298281344,-18.7315344439692
0.7928466796875,-14.152293399494289,-9.56895505504028,-19.612753146078838
0.79315185546875,-14.34384853904655,-9.43526993452372,-18.446779337116787
0.79345703125,-14.76555895449017,-9.350940261116582,-16.49835169695007
0.79376220703125,-15.434069716584414,-9.319588334202482,-14.843421964326373
0.7940673828125,-16.359404385210134,-9.336758200710838,-13.747854080838788
0.79437255859375,-17.515565916974644,-9.385817132998188,-13.24663187288259
0.794677734375,-18.755650400803216,-9.436854699210395,-13.372210172316464
0.79498291015625,-19.655201815320638,-9.45144439839696,-14.231181819369676
0.7952880859375,-19.580977770880686,-9.395137810803343,-16.099423232803677
0.79559326171875,-18.422276831414393,-9.254349342431293,-19.726038117873223
0.7958984375,-16.766052265660896,-9.047765651472064,-27.32565375203485
0.79620361328125,-15.124815304523747,-8.823971887669217,-23.676273917611784
0.7965087890625,-13.703709573692098,-8.648166260283471,-16.39026812787891
0.79681396484375,-12.550834667045716,-8.588590166523101,-12.194825955847541
0.797119140625,-11.66335297291061,-8.710083788492556,-9.378462498552908
0.79742431640625,-11.0270554376726,-9.0754650317636,-7.365253060980117
0.7977294921875,-10.62835285926629,-9.752712201890025,-5.906543602256328
0.79803466796875,-10.456919535139932,-10.827049700449336,-4.87528770305975
0.79833984375,-10.504932534392484,-12.41852995341985,-4.200357517037742
0.79864501953125,-10.764151421078008,-14.696405620866182,-3.840729896470178
0.7989501953125,-11.219905330960554,-17.76128185590878,-3.7739357976530856
0.79925537109375,-11.839395696305278,-20.378287714659407,-3.9905615709458453
0.799560546875,-12.551186876140942,-18.925706652690323,-4.491687202113655
0.79986572265625,-13.219628376700662,-15.680963435245305,-5.287817607495818
0.8001708984375,-13.645820545009128,-13.103905315179738,-6.398120906338044
0.80047607421875,-13.655000106503197,-11.317096369698714,-7.847453996717162
0.80078125,-13.238039484547796,-10.163647331606494,-9.652909938005806
0.80108642578125,-12.563504916478392,-9.535389469060657,-11.771876397072383
0.8013916015625,-11.84200144224506,-9.379982801437178,-13.93944882086442
0.80169677734375,-11.227541352857966,-9.690620238152174,-15.424892581973983
0.802001953125,-10.810406163591706,-10.507279015446198,-15.529364488152094
0.80230712890625,-10.64384511375459,-11.937704416331647,-14.706184961152795
0.8026123046875,-10.76875611455776,-14.224769515312484,-13.79062593738201
0.80291748046875,-11.23183013364816,-17.977918152405337,-13.155590900359147
0.80322265625,-12.102756192615052,-25.27349402353724,-12.875636837438343
0.80352783203125,-13.499510217597397,-28.101006869085094,-12.927114449911022
0.8038330078125,-15.637057064015059,-19.259330659118458,-13.253015364890423
0.80413818359375,-18.905593847834258,-14.980957600424105,-13.770036364616312
0.804443359375,-23.312099476767933,-12.409851529229352,-14.357415941926114
0.80474853515625,-22.64005037085806,-10.744193047671946,-14.8514926998162
0.8050537109375,-17.728283963848067,-9.66343766880681,-15.077030071085032
0.80535888671875,-14.070472781581794,-9.00184583970408,-14.925519941496702
0.8056640625,-11.489892243680938,-8.654028163536369,-14.413895751043519
0.80596923828125,-9.61241450405103,-8.537810228799396,-13.651258067646939
0.8062744140625,-8.234056068108547,-8.576591239487026,-12.761543122210771
0.80657958984375,-7.24338363155804,-8.692170336166466,-11.841889087810639
0.806884765625,-6.577948113376174,-8.807529607140532,-10.960990835035266
0.80718994140625,-6.204300174620991,-8.859341139809564,-10.169353220008556
0.8074951171875,-6.109073014859806,-8.813429131204614,-9.507096801267945
0.80780029296875,-6.295956976233369,-8.670529549847073,-9.008017768630989
0.80810546875,-6.787035998303673,-8.455993694812896,-8.7019036251186
0.80841064453125,-7.629418855217026,-8.2012902708684,-8.616374636953578
0.8087158203125,-8.911792721329695,-7.930012911179601,-8.778299485283254
0.80902099609375,-10.805785791153813,-7.654096660201539,-9.213538549955715
0.809326171875,-13.687632227025112,-7.378318598280495,-9.940956728560094
0.80963134765625,-18.63709581485208,-7.108271254306093,-10.948401223431738
0.8099365234375,-31.538121072283175,-6.857164170737759,-12.118442465345126
0.81024169921875,-21.61484241468201,-6.648512785924451,-13.07113467060326
0.810546875,-14.811862639276299,-6.5144534576708875,-13.151709636104428
0.81085205078125,-11.114398463932833,-6.4916359691058965,-12.116353520632028
0.8111572265625,-8.667658899848089,-6.616932418503513,-10.51243168237759
0.81146240234375,-6.929601464592469,-6.923692599294262,-8.906815999441655
0.811767578125,-5.66893350476012,-7.436917964435597,-7.539982281229616
0.81207275390625,-4.766733918301019,-8.16245780618566,-6.47036852453354
0.8123779296875,-4.154980981286967,-9.059967762846814,-5.696328491006501
0.81268310546875,-3.7923431632718776,-9.986199544554061,-5.203085341196218
0.81298828125,-3.653085215199824,-10.633740379253101,-4.977522451331162
0.81329345703125,-3.721433345319722,-10.63534775942103,-5.01249525286458
0.8135986328125,-3.988502085224277,-9.929398210374204,-5.308130429239193
0.81390380859375,-4.450533680224548,-8.84534405571203,-5.872399618990923
0.814208984375,-5.1078465855621955,-7.745325802387086,-6.7212408639061465
0.81451416015625,-5.964157033314677,-6.831941341080281,-7.8765825222367125
0.8148193359375,-7.0260332418516,-6.188186175691875,-9.355381302020009
0.81512451171875,-8.302229983493378,-5.844323722144038,-11.125181210165216
0.8154296875,-9.802533660841945,-5.8146544005958445,-12.957557907606853
0.81573486328125,-11.53549162577735,-6.113933759963658,-14.16507046423641
0.8160400390625,-13.503969064403114,-6.764754854553025,-13.954817639371655
0.81634521484375,-15.69691399429681,-7.800006469431928,-12.651146515557386
0.816650390625,-18.075067327171535,-9.255517477406691,-11.129066770937836
0.81695556640625,-20.545683956436104,-11.122387435966585,-9.818489501209362
0.8172607421875,-22.903998945189446,-13.14546299288011,-8.820424439022526
0.81756591796875,-24.681928925909517,-14.376697636109931,-8.13315942084512
0.81787109375,-25.077998149065056,-13.786000417594877,-7.736339021837896
0.81817626953125,-23.797479907651464,-12.117056964332452,-7.614191088460177
0.8184814453125,-21.6347219656067,-10.47447457318032,-7.7615120198409
0.81878662109375,-19.366564076992777,-9.221670327819092,-8.185975555865326
0.819091796875,-17.30301554174266,-8.393266564990716,-8.911095261363371
0.81939697265625,-15.515878165287287,-7.954587402941099,-9.982233276006987
0.8197021484375,-13.998468031255483,-7.86762430751362,-11.478936764455376
0.82000732421875,-12.722414210031236,-8.10199901044017,-13.539959647541718
0.8203125,-11.655380936148095,-8.632618381367386,-16.40789053524373
0.82061767578125,-10.766408908967529,-9.432547802570031,-20.38810646570983
0.8209228515625,-10.027463115108608,-10.461010957439004,-23.90266728703859
0.82122802734375,-9.413910522023919,-11.644954784322586,-21.35775209633508
0.821533203125,-8.904772215523874,-12.859045719931322,-17.609243727402145
0.82183837890625,-8.482934975920829,-13.93076694769293,-14.989273742281235
0.8221435546875,-8.13525803712041,-14.713628683316342,-13.236163597597015
0.82244873046875,-7.852443194255939,-15.198583391390247,-12.095710685221913
0.82275390625,-7.628577621380403,-15.526842623462054,-11.424899681514113
0.82305908203125,-7.460357711798771,-15.884044957659258,-11.146200419399934
0.8233642578125,-7.346101830228728,-16.410820292851447,-11.220805464558453
0.82366943359375,-7.284714606764021,-17.181939719673032,-11.636258634272721
0.823974609375,-7.274762888296485,-18.212259321921152,-12.402004577028052
0.82427978515625,-7.31378309962762,-19.45518816070782,-13.550147390756148
0.8245849609375,-7.397891842476177,-20.792684917574466,-15.140660504859849
0.82489013671875,-7.521736252810651,-22.052765863457577,-17.269248131455065
0.8251953125,-7.678800250428522,-23.102619261965465,-20.058318016428103
0.82550048828125,-7.862066501788617,-23.94644412873191,-23.474345346412736
0.8258056640625,-8.065007957584728,-24.627050127629673,-26.2372086809131
0.82611083984375,-8.282841125403177,-24.919018486377094,-25.83651549043151
0.826416015625,-8.513924712586494,-24.2485550983913,-24.10051592719867
0.82672119140625,-8.761156480103129,-22.48002431372777,-23.07608121196077
0.8270263671875,-9.033239428760446,-20.270611589350427,-23.1838158780999
0.82733154296875,-9.345778996666029,-18.209730269226775,-24.755841310606804
0.82763671875,-9.722341603165923,-16.529679056837466,-28.908477800198074
0.82794189453125,-10.195850465491505,-15.287548314019272,-35.57751432690394
0.8282470703125,-10.811046302142056,-14.491698205058167,-25.778632034864852
0.82855224609375,-11.629323809254304,-14.149237735904954,-19.613653707469453
0.828857421875,-12.7383805712061,-14.28276586560155,-15.637493861572187
0.82916259765625,-14.271152810337204,-14.934827647613533,-12.763267579893473
0.8294677734375,-16.438032080448373,-16.14774376102721,-10.583978012907512
0.82977294921875,-19.50930675690899,-17.817111346901157,-8.907664791924677
0.830078125,-22.736244316414236,-19.082506401183327,-7.630785166235335
0.83038330078125,-21.12958372836962,-18.169362857001765,-6.69357551418119
0.8306884765625,-16.83483019090412,-15.56318525542686,-6.061269997840165
0.83099365234375,-13.365903596510137,-12.942251029642344,-5.7152869872688665
0.831298828125,-10.741120014688848,-10.814044432257399,-5.648861295529435
0.83160400390625,-8.71067142432033,-9.186985677331931,-5.864806801780538
0.8319091796875,-7.11478217583725,-7.994351564003805,-6.373999677064294
0.83221435546875,-5.85794102114884,-7.17755060201693,-7.192655732905784
0.83251953125,-4.881214408995969,-6.69449333549783,-8.333415077946952
0.83282470703125,-4.147010999494745,-6.5154583370037935,-9.775282102458224
0.8331298828125,-3.630961415254677,-6.61684986540466,-11.374081743696333
0.83343505859375,-3.3174726190204473,-6.972853210237149,-12.687195921659033
0.833740234375,-3.1972417117762286,-7.542120661068016,-13.034971747552571
0.83404541015625,-3.2658835615197397,-8.246094999238068,-12.314789197217074
0.8343505859375,-3.523246010465368,-8.942895084206473,-11.178594180359283
0.83465576171875,-3.9731913433175388,-9.42931850858136,-10.171402155118123
0.8349609375,-4.623713612216796,-9.53073158176431,-9.511074401902782
0.83526611328125,-5.487256102205818,-9.241935964614472,-9.265492915279346
0.8355712890625,-6.580913707723558,-8.734144623863,-9.46867882741934
0.83587646484375,-7.925542625385934,-8.217576581046123,-10.17045021249983
0.836181640625,-9.540642290696294,-7.845268906412459,-11.470090927184946
0.83648681640625,-11.42514896388495,-7.707808982932496,-13.570634761272782
0.8367919921875,-13.496416406211374,-7.8605817497307555,-16.907800131295808
0.83709716796875,-15.443939507597067,-8.348753286747407,-22.240282454326863
0.83740234375,-16.633120808539818,-9.226068648118567,-24.058101632367222
0.83770751953125,-16.659371773679663,-10.57314015963554,-18.37673635639917
0.8380126953125,-15.972251622797911,-12.522639323537962,-14.545401348309488
0.83831787109375,-15.20919471124219,-15.290203671815751,-12.161583028090607
0.838623046875,-14.67575652599038,-19.047072520928698,-10.66672008505578
0.83892822265625,-14.449178612671105,-21.91317423248657,-9.79579242378537
0.8392333984375,-14.506896228632108,-19.557621726452535,-9.408972733747659
0.83953857421875,-14.7553872847223,-16.23176135534154,-9.416817355057326
0.83984375,-15.002864443352859,-13.902979709726866,-9.73776476070082
0.84014892578125,-14.952097785668661,-12.414245959824285,-10.25875468590356
0.8404541015625,-14.346950154637366,-11.557043681373521,-10.7950762325289
0.84075927734375,-13.211279834056853,-11.209099545719166,-11.093099840376684
0.841064453125,-11.811472374923706,-11.304855438721159,-10.957361049002966
0.84136962890625,-10.408069207628042,-11.810589417120116,-10.422170875041036
0.8416748046875,-9.14852228117355,-12.70259439789112,-9.712531397353342
0.84197998046875,-8.093945725795358,-13.929174355547678,-9.058158617333827
0.84228515625,-7.262183469920976,-15.319395829967839,-8.605572913761035
0.84259033203125,-6.6527464154513325,-16.428581568222032,-8.433399970811502
0.8428955078125,-6.257421342244114,-16.634373263403074,-8.58811580138939
0.84320068359375,-6.063067540987365,-15.863518232269818,-9.110422815197873
0.843505859375,-6.049806682092404,-14.703108693761502,-10.054457125438798
0.84381103515625,-6.185536279809761,-13.648195016891565,-11.50946597254194
0.8441162109375,-6.417279609702106,-12.899954049783943,-13.640870571324644
0.84442138671875,-6.662582608381894,-12.513799314028644,-16.801223073166373
0.8447265625,-6.811580635140092,-12.500410670955818,-21.95858035958411
0.84503173828125,-6.756199631697086,-12.861873459066205,-33.66144642409281
0.8453369140625,-6.444182090413085,-13.595624485545898,-27.408253501121898
0.84564208984375,-5.912555591484219,-14.669369803755,-21.03000150229316
0.845947265625,-5.261730501708404,-15.934790380790316,-18.082970174406483
0.84625244140625,-4.600693732790798,-16.947213804784283,-16.537833676096067
0.8465576171875,-4.012953281402867,-16.992592939299552,-15.784633078299365
0.84686279296875,-3.5514051500858024,-15.906010073726865,-15.507886185023311
0.84716796875,-3.246274967291698,-14.326061105716466,-15.453230192338061
0.84747314453125,-3.1143076901264144,-12.802036508426164,-15.378037642753084
0.8477783203125,-3.165507039790766,-11.5353170561512,-15.11788097810616
0.84808349609375,-3.4074655210244598,-10.558763078240085,-14.685453547860847
0.848388671875,-3.8481766070383245,-9.853329452666326,-14.251893048976847
0.84869384765625,-4.498159666291063,-9.388978594069021,-14.034054576962575
0.8489990234375,-5.372581483455569,-9.136921645444458,-14.23336568340515
0.84930419921875,-6.494078009293929,-9.073605773520509,-15.062004512088546
0.849609375,-7.897308267516578,-9.18327452765954,-16.831589815037205
0.84991455078125,-9.637213019235954,-9.461267787887396,-20.06091204921395
0.8502197265625,-11.80534554448457,-9.918556081274131,-23.625041597236244
0.85052490234375,-14.56462421361541,-10.587276926369212,-19.421127943571477
0.850830078125,-18.22291260493301,-11.526380120322163,-14.177214131766064
0.85113525390625,-23.243970397186544,-12.822664627564889,-10.467867866645737
0.8514404296875,-27.073471552797862,-14.555889684417346,-7.761529466923212
0.85174560546875,-23.344159560451814,-16.54293216650797,-5.725007033444051
0.85205078125,-19.618728755445854,-17.39332709240606,-4.181997382348324
0.85235595703125,-17.10903132744191,-15.414032030342323,-3.0330242311693523
0.8526611328125,-15.31681408864234,-12.256337288871975,-2.219027911623554
0.85296630859375,-13.941457001639815,-9.383644427514346,-1.7046162752493648
0.853271484375,-12.81653255779619,-7.0189047576516295,-1.4699648484831072
0.85357666015625,-11.847330030982608,-5.102059486029763,-1.5069465934280868
0.8538818359375,-10.982082428926516,-3.557050616078976,-1.8177064692796552
0.85418701171875,-10.197310435360649,-2.3272674003702196,-2.4150773047008975
0.8544921875,-9.488559819296853,-1.3741425619939027,-3.324954481845169
0.85479736328125,-8.863530293737107,-0.672326726363184,-4.59146998296481
0.8551025390625,-8.336867121062287,-0.206082937411647,-6.286803664228012
0.85540771484375,-7.926499666976085,0.0329378572067389,-8.528105404723208
0.855712890625,-7.6513396175353865,0.04690051557203076,-11.49347617391738
0.85601806640625,-7.529927611298994,-0.167746426121532,-15.285179553781257
0.8563232421875,-7.579406892994821,-0.6203589577782644,-18.37925970572408
0.85662841796875,-7.813908377143017,-1.3265787372229827,-16.95650833469597
0.85693359375,-8.240779350802326,-2.3088267364278874,-14.057691947120055
0.85723876953125,-8.85169468851453,-3.595467986704766,-11.881766840052258
0.8575439453125,-9.603647506080527,-5.213743880036067,-10.391847029190004
0.85784912109375,-10.386207468063622,-7.159015603322679,-9.357872889437688
0.858154296875,-10.993986477179538,-9.286639561887325,-8.59870601366994
0.85845947265625,-11.18247979588343,-11.06219027067869,-7.980420026809362
0.8587646484375,-10.856314045410247,-11.618659670964135,-7.412738074014351
0.85906982421875,-10.175585915952132,-10.92474775425371,-6.852396594556419
0.859375,-9.406424836030983,-9.845056151347526,-6.30047599957901
0.85968017578125,-8.754937286850652,-8.944247526849853,-5.788313451192933
0.8599853515625,-8.34008221644346,-8.376928035296878,-5.35899273319563
0.86029052734375,-8.229780689708456,-8.13545711505798,-5.053771739222972
0.860595703125,-8.476247634592532,-8.154171338275704,-4.906423816244386
0.86090087890625,-9.141637237309617,-8.328287611023184,-4.9431526095532705
0.8612060546875,-10.323239056799665,-8.5132501044356,-5.184811282620657
0.86151123046875,-12.193068669482594,-8.548335727622776,-5.649245553786679
0.86181640625,-15.070072299706037,-8.327193973763793,-6.352413485837355
0.86212158203125,-19.33843418258196,-7.8650267389854225,-7.30657347702976
0.8624267578125,-21.671151429234964,-7.279102836966771,-8.511422696343974
0.86273193359375,-17.297228503904265,-6.707777746108523,-9.927924155925043
0.863037109375,-13.394597418628608,-6.255981640252262,-11.416517798406971
0.86334228515625,-10.775300198757522,-5.987591525690366,-12.650155899092784
0.8636474609375,-9.014486509175718,-5.937815395568005,-13.18718675670161
0.86395263671875,-7.861935980482451,-6.126036305689126,-12.904510083708292
0.8642578125,-7.184042497671554,-6.563744707642922,-12.16467857923548
0.86456298828125,-6.907783233541174,-7.257342459665991,-11.38118702293043
0.8648681640625,-6.993907275795435,-8.205203681418514,-10.772148227475157
0.86517333984375,-7.423520258648119,-9.385280581805812,-10.412186100971981
0.865478515625,-8.189618525551614,-10.724871556725553,-10.310003660352532
0.86578369140625,-9.287745744073263,-12.047212219457187,-10.44202391853641
0.8660888671875,-10.697511031515175,-13.042091197033992,-10.754795642627622
0.86639404296875,-12.338972778003011,-13.416080088241815,-11.148861033717957
0.86669921875,-13.987754229836169,-13.188640882584819,-11.460311647208112
0.86700439453125,-15.224056202192795,-12.667482431606192,-11.483448560931087
0.8673095703125,-15.699786542242695,-12.149266339268722,-11.079489572690147
0.86761474609375,-15.572569767664408,-11.796616582701569,-10.288174417794927
0.867919921875,-15.297431968755525,-11.677542459341089,-9.285538134822586
0.86822509765625,-15.18302312334598,-11.819593070923062,-8.251180525379997
0.8685302734375,-15.311634041841327,-12.242317254652313,-7.3010421896289825
0.86883544921875,-15.587770713225495,-12.976562324822476,-6.492080009531715
0.869140625,-15.76179704285823,-14.081937520913483,-5.845104379884798
0.86944580078125,-15.533969977945308,-15.67362412608384,-5.3615775601988505
0.8697509765625,-14.814141274793247,-17.978236238967977,-5.0322776870871
0.87005615234375,-13.820108816200815,-21.45350477902433,-4.8407587595805275
0.870361328125,-12.851112276192161,-26.4834702646203,-4.764200532198598
0.87066650390625,-12.11024755349256,-26.038243748558113,-4.773554020801149
0.8709716796875,-11.704910073740338,-20.57210906033609,-4.834711798945076
0.87127685546875,-11.698599884683471,-16.711740928425346,-4.912336384239733
0.87158203125,-12.152149893688616,-14.025530640705874,-4.977022018976033
0.87188720703125,-13.15673878280588,-12.072778787251615,-5.014062079253904
0.8721923828125,-14.879147494242622,-10.632618233269945,-5.02961302895241
0.87249755859375,-17.660801452070253,-9.586823855202812,-5.050546462383178
0.872802734375,-22.232792086748077,-8.866463064640012,-5.118395870606402
0.87310791015625,-27.339039629322848,-8.42783286684907,-5.281591930438282
0.8734130859375,-22.41039093172671,-8.24006514418005,-5.590186376184819
0.87371826171875,-17.80852822957336,-8.277306587949855,-6.094784577890076
0.8740234375,-15.032620124002403,-8.512252083771553,-6.8495266123838086
0.87432861328125,-13.344908226740255,-8.90945553972068,-7.918865866908613
0.8746337890625,-12.400610488624766,-9.418333737504629,-9.389141947082253
0.87493896484375,-12.02728226228717,-9.968586473729905,-11.38742478241352
0.875244140625,-12.109921297257728,-10.475039655308931,-14.103665050185635
0.87554931640625,-12.510689228827642,-10.859468605534392,-17.70332058949988
0.8758544921875,-12.971674699336317,-11.083456969853723,-21.018010954194995
0.87615966796875,-13.05912619567431,-11.165563510353763,-19.90923884718179
0.87646484375,-12.408874090377877,-11.162968181199123,-16.918620771187232
0.87677001953125,-11.140985940576648,-11.132954563944368,-14.742709750408967
0.8770751953125,-9.68328711814326,-11.102373569182165,-13.452947077091613
0.87738037109375,-8.352387102583203,-11.056148326167836,-12.87861099791421
0.877685546875,-7.2854019632522595,-10.944295395326213,-12.919836752624896
0.87799072265625,-6.524672270910146,-10.707569775328789,-13.539735506231922
0.8782958984375,-6.078584240855617,-10.315030244678091,-14.733758567458288
0.87860107421875,-5.948523535540326,-9.789321946036562,-16.45330462505973
0.87890625,-6.13970539374526,-9.198326947668939,-18.327954628398174
0.87921142578125,-6.665950084538046,-8.62423751740327,-19.178755644171257
0.8795166015625,-7.552054737620128,-8.137560482827032,-18.18605176939068
0.87982177734375,-8.832766700511806,-7.787427593443693,-16.49252429367888
0.880126953125,-10.537473871318998,-7.602717052502102,-15.117589837202656
0.88043212890625,-12.61338255838957,-7.595985735190311,-14.340634546647795
0.8807373046875,-14.645885066754667,-7.765858383623112,-14.208246968944353
0.88104248046875,-15.511408336060493,-8.096473408727531,-14.733852363975677
0.88134765625,-14.64013914041291,-8.554270522746807,-15.871294023490975
0.88165283203125,-13.107806604767283,-9.084524402802888,-17.15483138436575
0.8819580078125,-11.778457940703117,-9.613879080268774,-17.008220638822234
0.88226318359375,-10.87703217523487,-10.068019781271136,-14.67056381528889
0.882568359375,-10.410670356611547,-10.405576791822948,-11.774664406265426
0.88287353515625,-10.345492045930705,-10.647549309118101,-9.268936749786167
0.8831787109375,-10.645101473497984,-10.875395985501427,-7.281029644900433
0.88348388671875,-11.268251968899714,-11.201951489831082,-5.755812186398531
0.8837890625,-12.146958213871745,-11.744334045718379,-4.627447224553796
0.88409423828125,-13.144108161038943,-12.614166113246778,-3.845835291578031
0.8843994140625,-14.008415587398362,-13.9127992341284,-3.376117849591425
0.88470458984375,-14.427707552833443,-15.674507227031398,-3.1943793007662475
0.885009765625,-14.269682232345133,-17.531621607193916,-3.2830113571416297
0.88531494140625,-13.722172682115088,-17.96255382985059,-3.6251239701392466
0.8856201171875,-13.085342336511276,-16.026816627797345,-4.195918711965941
0.88592529296875,-12.565103850170916,-13.369745729544897,-4.947874266258064
0.88623046875,-12.254630913640021,-11.037155044888111,-5.787961200129725
0.88653564453125,-12.180724089164471,-9.177412990545736,-6.5578337331555545
0.8868408203125,-12.33767382259532,-7.733124897694184,-7.06027276922068
0.88714599609375,-12.702473487667865,-6.6317351353356,-7.173179484696775
0.887451171875,-13.239925800329033,-5.814751923898017,-6.956694038463123
0.88775634765625,-13.90477049043838,-5.237761247245699,-6.6003513531492075
0.8880615234375,-14.646337757620813,-4.866873799714652,-6.288893134678315
0.88836669921875,-15.419451378635971,-4.675865586198563,-6.138138005416129
0.888671875,-16.19997037042554,-4.6443828413926616,-6.197173721917952
0.88897705078125,-16.99502334337891,-4.756905636818538,-6.46011748332424
0.8892822265625,-17.834644716079023,-5.002024183006944,-6.861651487151471
0.88958740234375,-18.736130900598344,-5.371467575710623,-7.25925536001927
0.889892578125,-19.63336539448849,-5.858141880221045,-7.440932230024727
0.89019775390625,-20.27602025977656,-6.452170846848445,-7.22617179600279
0.8905029296875,-20.240854210968152,-7.133695929536753,-6.616536687626171
0.89080810546875,-19.31875618773716,-7.861656501919053,-5.7942238715056185
0.89111328125,-17.813422958314312,-8.561220819037821,-4.97227809379376
0.89141845703125,-16.16579774984628,-9.12255951915577,-4.298688358603146
0.8917236328125,-14.629446201930564,-9.43434230781753,-3.8554918160264133
0.89202880859375,-13.295109851323373,-9.45311640324574,-3.6874296502674553
0.892333984375,-12.179809510978835,-9.24722373489811,-3.8254923563501815
0.89263916015625,-11.275825098993026,-8.961483847834357,-4.3017984633049515
0.8929443359375,-10.570656907121077,-8.749048074606433,-5.15965595078142
0.89324951171875,-10.054483778815342,-8.737190021427272,-6.460826758794324
0.8935546875,-9.722854691746113,-9.032667540601974,-8.281871950928227
0.89385986328125,-9.577603551531723,-9.746899172327126,-10.637568906725683
0.8941650390625,-9.627072157637182,-11.036067658727433,-13.023046049936092
0.89447021484375,-9.885900304962515,-13.178219157559631,-13.542009079843158
0.894775390625,-10.373906372656062,-16.750758281625277,-11.64816012279515
0.89508056640625,-11.111934131744945,-22.21984542054423,-9.373562550276963
0.8953857421875,-12.107714422018104,-19.973835524710314,-7.580010127138403
0.89569091796875,-13.31151061319499,-14.197364124228514,-6.323191684479799
0.89599609375,-14.501066923885048,-10.430694849476119,-5.526548310975174
0.89630126953125,-15.138322129077185,-7.867079722150779,-5.116988862640364
0.8966064453125,-14.67206704866739,-6.056868474727896,-5.036404553062393
0.89691162109375,-13.299365270946883,-4.7853546486906815,-5.2329322844927715
0.897216796875,-11.664144149891483,-3.940452173330282,-5.648126823677233
0.89752197265625,-10.163074272632684,-3.4607173704103693,-6.202633777338004
0.8978271484375,-8.92755071018462,-3.3131837540128446,-6.786560260110309
0.89813232421875,-7.97891427903327,-3.482734754007385,-7.27172518617131
0.8984375,-7.306346774098509,-3.965820851746456,-7.5621918910576955
0.89874267578125,-6.893258227622356,-4.76407896026829,-7.656165117181492
0.8990478515625,-6.724566883966684,-5.871606086180003,-7.652419802176266
0.89935302734375,-6.787467650507503,-7.242018079951672,-7.6942905391564445
0.899658203125,-7.069424077558835,-8.710030617563778,-7.916731144813199
0.89996337890625,-7.553798685671673,-9.883534030110063,-8.433057317241921
0.9002685546875,-8.212056773577416,-10.270873828517873,-9.349853716352872
0.90057373046875,-8.99118281312652,-9.839833131723344,-10.793747413536764
0.90087890625,-9.798166115159773,-9.07911958445192,-12.940100014878373
0.90118408203125,-10.495526184668611,-8.435564978067546,-15.961916138021053
0.9014892578125,-10.938358942233538,-8.130859392358596,-19.059607354948795
0.90179443359375,-11.059417588959384,-8.269067761435704,-18.248839229761817
0.902099609375,-10.923803393684315,-8.936319352086588,-14.891810096729479
0.90240478515625,-10.681273860107341,-10.270516750384779,-12.16257663387718
0.9027099609375,-10.480043135317649,-12.565916072697153,-10.290112516777942
0.90301513671875,-10.425749928285477,-16.61824896662325,-9.090761972788698
0.9033203125,-10.583851195351958,-26.201989398337687,-8.431205209864851
0.90362548828125,-10.993774826670888,-24.42675989698444,-8.235192930527699
0.9039306640625,-11.677446419718125,-15.634454394096544,-8.462648203690245
0.90423583984375,-12.634141570130327,-11.521401302861193,-9.092016213771364
0.904541015625,-13.80898974179565,-9.011993713554642,-10.096881875038886
0.90484619140625,-15.014478794551945,-7.386158210867462,-11.393452436424559
0.9051513671875,-15.843145663994612,-6.363568179901814,-12.722857369725808
0.90545654296875,-15.850900348021636,-5.810412983440876,-13.542949522252904
0.90576171875,-15.076064172336693,-5.657550137204056,-13.387403159666336
0.90606689453125,-13.987387407518677,-5.870312052985437,-12.512222836361888
0.9063720703125,-12.968320648300793,-6.435091628237224,-11.52228273365047
0.90667724609375,-12.184872826176791,-7.3513645857269,-10.786610947713953
0.906982421875,-11.678521245893947,-8.621941450924664,-10.447924873287185
0.90728759765625,-11.434378762042506,-10.228968531996305,-10.563222935924015
0.9075927734375,-11.401222224955148,-12.064805429000087,-11.177410625123304
0.90789794921875,-11.485010806258952,-13.775694296055615,-12.34985240761246
0.908203125,-11.538001191200618,-14.691363548195241,-14.134481098054918
0.90850830078125,-11.380830058129687,-14.447314768440595,-16.36438865539447
0.9088134765625,-10.89040564157807,-13.518609516419032,-17.779366714951877
0.90911865234375,-10.09121263629998,-12.478715611822924,-16.533925713052675
0.909423828125,-9.13045877548283,-11.552530797033283,-14.010604479048565
0.90972900390625,-8.172550018413824,-10.754339225701095,-11.788124068852659
0.9100341796875,-7.335176885772015,-10.037011132348642,-10.146372143733064
0.91033935546875,-6.686400839934387,-9.36334732918429,-9.032216544279576
0.91064453125,-6.263023339967266,-8.733307762443843,-8.3678488595968
0.91094970703125,-6.087009114723331,-8.183291378073935,-8.092877119798596
0.9112548828125,-6.175795483781586,-7.771136880822146,-8.159784482866458
0.91156005859375,-6.548017667699755,-7.562195539487115,-8.519972486332005
0.911865234375,-7.225815468398162,-7.624979654029666,-9.102501120962112
0.91217041015625,-8.231981135806569,-8.03756258949986,-9.784920046431441
0.9124755859375,-9.572275534052245,-8.905726112596206,-10.374608934615296
0.91278076171875,-11.170592081781228,-10.402814935160784,-10.659853856061623
0.9130859375,-12.692224543335405,-12.871612974979511,-10.55675366193756
0.91339111328125,-13.389718687078783,-17.150203132045498,-10.192694607344944
0.9136962890625,-12.785469694789523,-24.579070528939077,-9.798836551287188
0.91400146484375,-11.453189989257556,-19.38110342099182,-9.57619634292543
0.914306640625,-10.1139797725579,-13.329171295835621,-9.665655511574677
0.91461181640625,-9.071420222493254,-9.758558383252586,-10.1805878824381
0.9149169921875,-8.397445624261861,-7.42325049333851,-11.255506250252743
0.91522216796875,-8.096460707362773,-5.858909672725784,-13.116509041505061
0.91552734375,-8.164526615194918,-4.864181553057274,-16.233508170383114
0.91583251953125,-8.608074986308683,-4.346526835662849,-21.517658458764785
0.9161376953125,-9.452257390666158,-4.27233452040365,-23.089346888905105
0.91644287109375,-10.749785870978501,-4.652330348921916,-16.69182125733562
0.916748046875,-12.596056500130855,-5.546843220342667,-12.429179062000053
0.91705322265625,-15.153427748937707,-7.0969324509186285,-9.63085336152381
0.9173583984375,-18.640154098553054,-9.623575741470729,-7.696727011402325
0.91766357421875,-22.649573196877675,-14.016128421429865,-6.35126138896347
0.91796875,-23.1557096140125,-24.585191288872792,-5.453363816858246
0.91827392578125,-20.215165283296468,-19.63967315406238,-4.924173017515846
0.9185791015625,-17.82441467231369,-11.96662064159323,-4.717441010304569
0.91888427734375,-16.372781545190335,-8.120575399491997,-4.805582114262821
0.919189453125,-15.637210247279418,-5.732035444041279,-5.171813013121183
0.91949462890625,-15.436713693722444,-4.174610138257753,-5.804063661495452
0.9197998046875,-15.626936964578578,-3.197330711611868,-6.68755088171144
0.92010498046875,-16.05102957498232,-2.6813259274796577,-7.792334482598964
0.92041015625,-16.498944524896327,-2.5687484937100664,-9.051589425874347
0.92071533203125,-16.71627080556015,-2.8362334765670267,-10.33249388006805
0.9210205078125,-16.511445714867087,-3.482764026688991,-11.431134982776982
0.92132568359375,-15.873522235162723,-4.519611098939389,-12.16106831234832
0.921630859375,-14.926029556276283,-5.946377023457692,-12.513308716173661
0.92193603515625,-13.79004341529242,-7.668226467118959,-12.678563487813253
0.9222412109375,-12.531507395575133,-9.262104703835504,-12.894424837423642
0.92254638671875,-11.189103458921688,-9.814875211061366,-13.32515343218304
0.9228515625,-9.807440508356834,-8.941049103887531,-14.02442736833147
0.92315673828125,-8.443389166623392,-7.466091572507564,-14.879062380218784
0.9234619140625,-7.154654697789664,-6.120972633628635,-15.474895549120335
0.92376708984375,-5.988497961599305,-5.1489599193227855,-15.17263330200587
0.924072265625,-4.977928148009672,-4.592916755626397,-13.845710147828072
0.92437744140625,-4.143472196941607,-4.453439439185476,-12.071624043110615
0.9246826171875,-3.4968315969320463,-4.739174325993002,-10.357143654017396
0.92498779296875,-3.0442741738308428,-5.486539396804982,-8.898911192581718
0.92529296875,-2.7890760958347682,-6.779968382841631,-7.733985208713676
0.92559814453125,-2.733002569265928,-8.793823840913271,-6.8464592159604765
0.9259033203125,-2.8769720584378735,-11.896063938463303,-6.206596987697164
0.92620849609375,-3.2209858753045975,-16.804995910643065,-5.781928762410234
0.926513671875,-3.7632707825653284,-20.549428338469532,-5.538973726293773
0.92681884765625,-4.4984505555422745,-15.23551077879446,-5.442194777581938
0.9271240234375,-5.414547977369515,-11.013932916995797,-5.452798073240715
0.92742919921875,-6.489035023738477,-8.354789352504234,-5.529035154229902
0.927734375,-7.68565730262975,-6.632198033878526,-5.629383645418455
0.92803955078125,-8.956951642186002,-5.546332210752004,-5.7189686133223026
0.9283447265625,-10.260434451922759,-4.949638998668304,-5.777272850636438
0.92864990234375,-11.59226309777484,-4.767809449240393,-5.802978065008377
0.928955078125,-13.027108839645908,-4.968611913863493,-5.812477973986923
0.92926025390625,-14.748364007002694,-5.550251005480416,-5.832498358328214
0.9295654296875,-17.087534905124446,-6.539832587087055,-5.890566662687304
0.92987060546875,-20.645718692406795,-7.999490585465702,-6.006807283728923
0.93017578125,-25.94270914629525,-10.038442595682437,-6.188098483844988
0.93048095703125,-24.523252099297856,-12.804056858543163,-6.423966475793469
0.9307861328125,-18.821760756271512,-16.17437240315954,-6.684024525654671
0.93109130859375,-15.036416656785931,-17.912817422845976,-6.919033705535169
0.931396484375,-12.487306420400202,-15.70102098139613,-7.07007576355131
0.93170166015625,-10.723780822749333,-12.850152144660186,-7.088450432825483
0.9320068359375,-9.526143326684362,-10.707553979441437,-6.958908162440234
0.93231201171875,-8.775910669309487,-9.218201978372797,-6.709433933806135
0.9326171875,-8.401287684439646,-8.223722085191953,-6.399227768827388
0.93292236328125,-8.350848865235928,-7.608893209083306,-6.096130423352819
0.9332275390625,-8.575954649120805,-7.2937493788039065,-5.8596957046904645
0.93353271484375,-9.013665113119009,-7.218168146255394,-5.735245711991635
0.933837890625,-9.568443487281087,-7.330819546181774,-5.7552663393076156
0.93414306640625,-10.103016723739671,-7.58165170710855,-5.943366186901413
0.9344482421875,-10.46665067540571,-7.917438104380996,-6.318136064440312
0.93475341796875,-10.57476723028766,-8.281490926090026,-6.89595145089865
0.93505859375,-10.47275588212601,-8.619402790008293,-7.692318430201
0.93536376953125,-10.29947292618318,-8.890707994010546,-8.72090804766944
0.9356689453125,-10.194915056528497,-9.081292395708955,-9.987651804352097
0.93597412109375,-10.239653499430885,-9.20812887055742,-11.472970030571485
0.936279296875,-10.429156888383808,-9.31261521513208,-13.087987366631364
0.93658447265625,-10.64948556407713,-9.447749015858555,-14.597647449376527
0.9368896484375,-10.667538700838497,-9.667430434339952,-15.60464827043978
0.93719482421875,-10.23304240398835,-10.021990486027601,-15.835123802893456
0.9375,-9.302989632327801,-10.55939172652833,-15.48268930967506
0.93780517578125,-8.092194511978583,-11.330284043713183,-14.974113157457944
0.9381103515625,-6.868351207088973,-12.396347561883536,-14.611430150671794
0.93841552734375,-5.808364774570066,-13.843788810372654,-14.537043970010101
0.938720703125,-4.999795077083201,-15.807875879842673,-14.812314260783225
0.93902587890625,-4.482006981397261,-18.520947324497484,-15.465871013371606
0.9393310546875,-4.2755657600833725,-22.37098319119456,-16.494004183078193
0.93963623046875,-4.396935175706563,-27.071146030735576,-17.784023890821878
0.93994140625,-4.863155122447647,-26.321246311614583,-18.885672150819317
0.94024658203125,-5.685177283331511,-22.25021221537588,-18.898257150260626
0.9405517578125,-6.833422158532448,-19.44984537178931,-17.500191218959877
0.94085693359375,-8.126761006842367,-17.745953104303304,-15.49475825476147
0.941162109375,-9.02029781440499,-16.827028432438,-13.5557983467314
0.94146728515625,-8.764382373694625,-16.531040557247792,-11.893343243021764
0.9417724609375,-7.4156178920903155,-16.76630991015076,-10.523117539289279
0.94207763671875,-5.740279662920404,-17.41952801148013,-9.411230694836217
0.9423828125,-4.236940329663529,-18.174965046626788,-8.516871794041293
0.94268798828125,-3.061116346357538,-18.27962965671467,-7.802145214442355
0.9429931640625,-2.2347806855936514,-17.05303966586266,-7.233299129418953
0.94329833984375,-1.7473048465858667,-14.93618834569562,-6.780270069633189
0.943603515625,-1.587599339595759,-12.724446802517402,-6.416496148687339
0.94390869140625,-1.7536180087653173,-10.772806057689941,-6.119498405549313
0.9442138671875,-2.2559675875074277,-9.154372461096298,-5.872145788564142
0.94451904296875,-3.1208424897836444,-7.85540864075735,-5.664140670090562
0.94482421875,-4.393392616789134,-6.845356964546828,-5.493062629622544
0.94512939453125,-6.1376127496677055,-6.0955230189477705,-5.364424107496663
0.9454345703125,-8.405622072100236,-5.582610313796014,-5.290616005636806
0.94573974609375,-11.031152994882326,-5.2881127320408075,-5.289102971503345
0.946044921875,-12.876192331458338,-5.196476160654719,-5.380459760183744
0.94635009765625,-12.267040661832418,-5.292516253690261,-5.586717287171773
0.9466552734375,-10.333875166681883,-5.557739912638344,-5.93012763415971
0.94696044921875,-8.599778128041054,-5.96487194895856,-6.431993156000104
0.947265625,-7.403468837493779,-6.470117715805495,-7.110569539172609
0.94757080078125,-6.723578114084239,-7.0046112356516,-7.975857228674639
0.9478759765625,-6.498713726847943,-7.471915023135325,-9.016625758144913
0.94818115234375,-6.678599720286979,-7.765279480446931,-10.171390686578068
0.948486328125,-7.218570226119921,-7.811237668661337,-11.279139823010837
0.94879150390625,-8.053223318293906,-7.612029563526015,-12.054884626482366
0.9490966796875,-9.04256257421132,-7.242325572467584,-12.230518521233893
0.94940185546875,-9.897221243194716,-6.803912976692555,-11.828785523080121
0.94970703125,-10.212323298775608,-6.3842017711986525,-11.149472329469512
0.95001220703125,-9.797614919164515,-6.041598025781011,-10.494693674464168
0.9503173828125,-8.90274933842063,-5.808931667242648,-10.046134622132069
0.95062255859375,-7.907977260358143,-5.701721714787869,-9.898660124931162
0.950927734375,-7.046146131016301,-5.725214417928931,-10.11472221911115
0.95123291015625,-6.407053634430564,-5.879106425606601,-10.763267294846383
0.9515380859375,-6.008406816107932,-6.160515195395645,-11.955689396017796
0.95184326171875,-5.837891772625781,-6.565940038262793,-13.909333792372859
0.9521484375,-5.8698031543736375,-7.092761500619207,-17.132665317911904
0.95245361328125,-6.069551649386749,-7.740606501098154,-23.275968031890176
0.9527587890625,-6.393584558252831,-8.512726078250886,-31.93210895536104
0.95306396484375,-6.789141277497315,-9.417383282631896,-20.31173136585693
0.953369140625,-7.197633879438653,-10.469099676354343,-15.155047306684308
0.95367431640625,-7.564427336572024,-11.689355196805575,-12.099369682471558
0.9539794921875,-7.853437095763269,-13.105597451880332,-10.079030706195502
0.95428466796875,-8.058472284260693,-14.744913194747406,-8.71694929534618
0.95458984375,-8.202544876249467,-16.610473076026025,-7.841411585275569
0.95489501953125,-8.325393084833284,-18.60633536047779,-7.364966156766583
0.9552001953125,-8.468248780863004,-20.360736918678967,-7.243020121352392
0.95550537109375,-8.663860619771386,-21.157476714402893,-7.4572060163221
0.955810546875,-8.93340557847597,-20.67380127774754,-8.0082796542067
0.95611572265625,-9.28801671168656,-19.49290150117545,-8.912629298589724
0.9564208984375,-9.732396686889128,-18.219207852391538,-10.196873978356697
0.95672607421875,-10.268991424506666,-17.070852038859755,-11.874917429238494
0.95703125,-10.901916016645533,-16.054909885365344,-13.849832000337495
0.95733642578125,-11.640064662798483,-15.11169813192955,-15.602437553315355
0.9576416015625,-12.498919623649327,-14.178563436271874,-15.998699606404791
0.95794677734375,-13.50072201626364,-13.22004566305309,-14.769263706205162
0.958251953125,-14.672721762521501,-12.237673817989387,-13.011380955255916
0.95855712890625,-16.042564626970336,-11.261877740850526,-11.432738450474718
0.9588623046875,-17.62719438227128,-10.335116322759525,-10.191206476855484
0.95916748046875,-19.404174855779765,-9.497626850530509,-9.26819454071392
0.95947265625,-21.23993884952536,-8.780658853042889,-8.6113815883225
0.95977783203125,-22.763047520998192,-8.205643322711483,-8.168780660959955
0.9600830078125,-23.38593233897319,-7.786053112883241,-7.8950473555376535
0.96038818359375,-22.852776759961632,-7.529730825185067,-7.752337721581925
0.960693359375,-21.545111842083323,-7.4407207359016505,-7.710963897926205
0.96099853515625,-19.921148983856053,-7.520348150399138,-7.750583377867476
0.9613037109375,-18.217136836162744,-7.767543657176552,-7.861307515027677
0.96160888671875,-16.539702918919666,-8.17845182530846,-8.043865666772286
0.9619140625,-14.953549964082981,-8.745370079700752,-8.308384178520223
0.96221923828125,-13.506081224057304,-9.455178659848766,-8.6720273676417
0.9625244140625,-12.229966496412723,-10.287823586068892,-9.156159494543806
0.96282958984375,-11.144307960383653,-11.21627333850834,-9.783506739793307
0.963134765625,-10.257472731767725,-12.210513794060434,-10.575046262438937
0.96343994140625,-9.570130790403912,-13.248378687635698,-11.545021964410173
0.9637451171875,-9.077376561066743,-14.333331660495165,-12.690134111847138
0.96405029296875,-8.769626863556454,-15.51445474063705,-13.96511570783743
0.96435546875,-8.632397589136087,-16.90431512595762,-15.236411304923951
0.96466064453125,-8.645269548011495,-18.70517099038415,-16.23815166275811
0.9649658203125,-8.780665328366071,-21.29327329183755,-16.656491949115377
0.96527099609375,-9.003651522890918,-25.57119815272493,-16.410861547840312
0.965576171875,-9.274669827454504,-35.05580188248263,-15.751371429269927
0.96588134765625,-9.556945206483903,-30.62019553790748,-14.996149504618007
0.9661865234375,-9.827914407242881,-22.99690340213367,-14.344923917886444
0.96649169921875,-10.089820647894225,-18.905986200630377,-13.888490213233435
0.966796875,-10.373030356042161,-16.21010980692267,-13.663331279458692
0.96710205078125,-10.730351830082514,-14.297830064512594,-13.687324831304746
0.9674072265625,-11.227462188160853,-12.912914415308878,-13.977527503572936
0.96771240234375,-11.936226143362097,-11.923101671375708,-14.559068959455036
0.968017578125,-12.934195327662188,-11.250170835631383,-15.469602285999247
0.96832275390625,-14.309537202340563,-10.842742894167575,-16.756766251856767
0.9686279296875,-16.165397944063468,-10.663763235033688,-18.4457029905044
0.96893310546875,-18.590447194534047,-10.683998395937115,-20.374922883832394
0.96923828125,-21.39855725923804,-10.878384326237953,-21.698458781870592
0.96954345703125,-23.110802242006002,-11.223919241362504,-21.08429162467116
0.9698486328125,-21.948049508075975,-11.698385789601055,-19.045861781164046
0.97015380859375,-19.684289539001316,-12.27909957484105,-16.91773019454296
0.970458984375,-17.74001656383978,-12.940232108967777,-15.177823656600385
0.97076416015625,-16.227963018360608,-13.646277320823298,-13.879394471692626
0.9710693359375,-14.963272636456956,-14.339120023423115,-12.991413513400262
0.97137451171875,-13.745684124971136,-14.920904065705287,-12.483760253538005
0.9716796875,-12.446958319425502,-15.251332534771652,-12.343541395360447
0.97198486328125,-11.052507492744656,-15.196388930151342,-12.578922510304292
0.9722900390625,-9.636334854588991,-14.724509904771066,-13.224251242658426
0.97259521484375,-8.297128893817845,-13.946555836458337,-14.352877106085346
0.972900390625,-7.114606051484435,-13.041827330101516,-16.1088867844783
0.97320556640625,-6.140351445053844,-12.167609838866806,-18.791836177529483
0.9735107421875,-5.405591257011526,-11.429008233583428,-23.113423676067974
0.97381591796875,-4.931534025972612,-10.890021323068723,-30.14741945731302
0.97412109375,-4.737734921394111,-10.59266844076861,-26.918272474690156
0.97442626953125,-4.848717553480228,-10.57232429847807,-21.11008393461121
0.9747314453125,-5.300418467937166,-10.869582488935176,-17.684061506747966
0.97503662109375,-6.1483213613737275,-11.542453967772843,-15.44626698670793
0.975341796875,-7.478765115836774,-12.684888607700266,-13.881415901454483
0.97564697265625,-9.417957345552283,-14.463809950319273,-12.728596335298567
0.9759521484375,-12.067706090851178,-17.204073399198258,-11.825837837084812
0.97625732421875,-14.822429671636609,-21.520778716770494,-11.062254775942739
0.9765625,-14.716259150728966,-25.79314577064487,-10.367393461801333
0.97686767578125,-11.816474084471631,-21.260583061867703,-9.711554514950597
0.9771728515625,-9.062342221366862,-16.63436397028144,-9.102679785444325
0.97747802734375,-7.032396821652679,-13.589353517008886,-8.575518145279673
0.977783203125,-5.629144980845261,-11.509758137277835,-8.178080945210603
0.97808837890625,-4.737170020877603,-10.07105334169908,-7.962236126513056
0.9783935546875,-4.285175858490141,-9.109278371945589,-7.981251777807041
0.97869873046875,-4.239329080037065,-8.536840947487077,-8.293719686642474
0.97900390625,-4.596549306502225,-8.307442875738012,-8.973289774681684
0.97930908203125,-5.384539146478761,-8.401344145045027,-10.126176013054076
0.9796142578125,-6.670361290828906,-8.82020273158087,-11.921495547923405
0.97991943359375,-8.58157389756023,-9.588251357074295,-14.622044981369676
0.980224609375,-11.338666959330501,-10.760686372772263,-18.241076324613307
0.98052978515625,-15.139472479694936,-12.445492794878541,-19.238230176551273
0.9808349609375,-18.06882737635063,-14.859283483997586,-15.374891740511513
0.98114013671875,-15.568604603709828,-18.490861219801285,-11.779346812902308
0.9814453125,-12.165087023758435,-24.599324561044543,-9.205570671922668
0.98175048828125,-9.811029961120656,-28.42392258612403,-7.389819092196048
0.9820556640625,-8.313446852675781,-21.153521493585934,-6.1395475635823455
0.98236083984375,-7.450950378405363,-16.84610852426475,-5.346610371881253
0.982666015625,-7.090099760636795,-14.186638751649019,-4.954668973943409
0.98297119140625,-7.14657592295144,-12.422960510105472,-4.941714404658844
0.9832763671875,-7.549735717415729,-11.247676241452178,-5.31393140517785
0.98358154296875,-8.204373724829612,-10.51682108600218,-6.108403455102992
0.98388671875,-8.940180284243905,-10.160964595660268,-7.407496809367534
0.98419189453125,-9.479072203502287,-10.152692988199822,-9.378911253926068
0.9844970703125,-9.536341102448482,-10.494150471556596,-12.396383855854832
0.98480224609375,-9.068456430300415,-11.213234530874985,-17.539220901036753
0.985107421875,-8.316004173573631,-12.36213235544792,-31.071495840910185
0.98541259765625,-7.563987666304312,-14.001615126562069,-21.302671619153188
0.9857177734375,-6.99150668894435,-16.08614237644012,-14.813719001355611
0.98602294921875,-6.681838255461406,-17.920859627946474,-11.58359881408938
0.986328125,-6.667064860597978,-17.666299930612016,-9.710249659275386
0.98663330078125,-6.954731700402378,-15.393169472263736,-8.660553795247253
0.9869384765625,-7.534138818901884,-12.927952656795743,-8.225428263114114
0.98724365234375,-8.363779942313617,-10.918841598503482,-8.321278174744359
0.987548828125,-9.335980230365987,-9.3995894994408,-8.935586778200665
0.98785400390625,-10.22828733638524,-8.304628330933578,-10.118721015611447
0.9881591796875,-10.72752867546251,-7.573686525139813,-12.01022468186219
0.98846435546875,-10.652677004855718,-7.16276662995416,-14.935570461108288
0.98876953125,-10.15811840655886,-7.039610394054458,-19.761080415902608
0.98907470703125,-9.568687281284857,-7.176659309661444,-28.712665328155367
0.9893798828125,-9.138428148180344,-7.542175352773349,-23.810303629660183
0.98968505859375,-9.009628157322037,-8.087899049307985,-17.975641259397918
0.989990234375,-9.265632684877701,-8.733188687536925,-14.944921449661543
0.99029541015625,-9.981602600243013,-9.354354282703136,-13.208208112814594
0.9906005859375,-11.266768290406567,-9.805084720903212,-12.2136818069858
0.99090576171875,-13.325717146984545,-9.98932591119614,-11.649804363294923
0.9912109375,-16.614488857006172,-9.93621810647921,-11.242067319218227
0.99151611328125,-22.379602218248134,-9.785024686248878,-10.708346420080218
0.9918212890625,-28.35200733824708,-9.701066614593845,-9.84693207720763
0.99212646484375,-20.41795939986301,-9.816967364818094,-8.660714600426706
0.992431640625,-15.817066134180351,-10.220178251375092,-7.319598639598702
0.99273681640625,-13.140547018805863,-10.94784128611105,-6.0083129843316065
0.9930419921875,-11.474234565012084,-11.936166387793936,-4.845595600402014
0.99334716796875,-10.444610644426815,-12.8576253869697,-3.8885701373492596
0.99365234375,-9.84863495512065,-12.981005076640281,-3.158858582884676
0.99395751953125,-9.538515978453994,-11.833518119579931,-2.661979579920495
0.9942626953125,-9.377535374770492,-9.959938467743244,-2.3979410712406075
0.99456787109375,-9.232160441162057,-8.061104819198517,-2.3665136285180894
0.994873046875,-8.99768064373268,-6.433043762769264,-2.569936767345879
0.99517822265625,-8.639469625431376,-5.139361077246826,-3.014610171386774
0.9954833984375,-8.206327777011248,-4.171629744038626,-3.712633207376403
0.99578857421875,-7.7979181817278755,-3.5071988780916525,-4.683793661092322
0.99609375,-7.520768370216857,-3.125385804995366,-5.958638665530449
0.99639892578125,-7.466909639787779,-3.010917115490951,-7.583540470648941
0.9967041015625,-7.716599445703131,-3.153644336863341,-9.62905458430112
0.99700927734375,-8.354481311745321,-3.5469065718855535,-12.201652412593349
0.997314453125,-9.49674154592371,-4.184668769115284,-15.44051470227324
0.99761962890625,-11.344664990059126,-5.056432879522813,-19.310413415096935
0.9979248046875,-14.332993282510174,-6.13797363564175,-22.154537114529383
0.99822998046875,-19.764487831861857,-7.375886824074418,-21.048827382958294
0.99853515625,-33.90810267325221,-8.668981933847661,-18.555975324666626
0.99884033203125,-20.510966075358418,-9.868144577148088,-16.44936083196527
0.9991455078125,-14.679541104981226,-10.83739707385269,-14.715497148261178
0.99945068359375,-11.570283447530814,-11.568408601820398,-13.163837407850243
0.999755859375,-9.722432386338546,-12.226625427484167,-11.696983023749542
1.00006103515625,-8.695707208468873,-13.078587043879146,-10.306621495769692
1.0003662109375,-8.327466743284123,-14.434201037055965,-9.027191269225762
1.00067138671875,-8.58067284122409,-16.729061899135917,-7.898427704035601
1.0009765625,-9.513159204214233,-20.967535242838316,-6.949494331647691
1.00128173828125,-11.301120953630415,-32.45785655653614,-6.197601996783763
1.0015869140625,-14.284621668890289,-25.496077262041826,-5.651797712798608
1.00189208984375,-18.209374722932843,-17.725706898986296,-5.317113436384943
1.002197265625,-17.007525028570292,-13.75130992609,-5.197704939686625
1.00250244140625,-12.249408996096085,-11.241191920667617,-5.298991550659061
1.0028076171875,-8.694130920886874,-9.583521436388262,-5.629099563007767
1.00311279296875,-6.20360178216846,-8.532079183488747,-6.19978909463409
1.00341796875,-4.440926172518429,-7.969229958561761,-7.026669561959431
1.00372314453125,-3.2171987702584453,-7.835263390585147,-8.12759477074502
1.0040283203125,-2.429733377536823,-8.098407339267792,-9.515600980944882
1.00433349609375,-2.023949810785206,-8.731878913251125,-11.175756767174104
1.004638671875,-1.9758633893489521,-9.675017818880356,-13.000263054978674
1.00494384765625,-2.2851106405323045,-10.74661155108431,-14.660708694579556
1.0052490234375,-2.9742511154784546,-11.520417376137658,-15.596413386884452
1.00555419921875,-4.093038179647929,-11.455593201966362,-15.550101902434758
1.005859375,-5.726114989214688,-10.51620758931978,-14.950570785162123
1.00616455078125,-7.987582461086013,-9.219666908092348,-14.322543908509957
1.0064697265625,-10.862082455929343,-8.008603143159599,-13.902602926997575
1.00677490234375,-13.151324040465397,-7.070974428513097,-13.70499563102279
1.007080078125,-12.115319890042063,-6.457069598613433,-13.602756013033535
1.00738525390625,-9.367437044081518,-6.166341676029918,-13.364625011234285
1.0076904296875,-7.024792888800075,-6.177907328279877,-12.756547508841576
1.00799560546875,-5.341036061260933,-6.450478463386516,-11.724379536943129
1.00830078125,-4.210059795803925,-6.9017172034347185,-10.43599231399066
1.00860595703125,-3.530921116737606,-7.372542409716737,-9.118654767900004
1.0089111328125,-3.2385683778862653,-7.613877151990448,-7.931544451892555
1.00921630859375,-3.2964765112204457,-7.389440500858794,-6.956113044670903
1.009521484375,-3.6896253135129515,-6.675376920614421,-6.227622914710128
1.00982666015625,-4.421224025695484,-5.679655147045581,-5.7610569750535765
1.0101318359375,-5.512915248616994,-4.6480258628099245,-5.565647667693312
1.01043701171875,-7.0084387672192445,-3.739969154404363,-5.652459176724035
1.0107421875,-8.980790699116957,-3.031955684808242,-6.038772502964531
1.01104736328125,-11.537832087495012,-2.554077725931669,-6.7510877326631435
1.0113525390625,-14.777138744102658,-2.3161198150458704,-7.8263630345212745
1.01165771484375,-18.340429672341056,-2.3207958991756965,-9.305465513609423
1.011962890625,-19.949649029165244,-2.569454425655027,-11.190562819996185
1.01226806640625,-18.542637696074713,-3.063667733871333,-13.260239490626153
1.0125732421875,-16.851955822892716,-3.8036475236086185,-14.62305393823911
1.01287841796875,-15.879729219747588,-4.782104824218734,-14.180527397336151
1.01318359375,-15.629662884120892,-5.969190367217326,-12.570303747556274
1.01348876953125,-15.978852527804467,-7.281370045063503,-10.947456015452117
1.0137939453125,-16.74118598803603,-8.536329034280765,-9.721116701325052
1.01409912109375,-17.522681404342116,-9.452385366150649,-8.942245861568086
1.014404296875,-17.648566750805813,-9.813744500082198,-8.583192991805607
1.01470947265625,-16.74506021758711,-9.695447218502316,-8.607548280424691
1.0150146484375,-15.263161316077342,-9.390580497063588,-8.973187000767837
1.01531982421875,-13.78912780520124,-9.169174033736095,-9.605486761418629
1.015625,-12.592422969780774,-9.193029881456818,-10.337502747295728
1.01593017578125,-11.740685730677445,-9.549027018648923,-10.840466054378236
1.0162353515625,-11.230939320492663,-10.288491135027138,-10.71527107481906
1.01654052734375,-11.04174802354753,-11.433530065934672,-9.866714977957919
1.016845703125,-11.147415907579445,-12.911323023826517,-8.612764769858348
1.01715087890625,-11.517399317830755,-14.310674392613834,-7.31483151012729
1.0174560546875,-12.107782926522157,-14.631842010056971,-6.168771540096544
1.01776123046875,-12.846278656958646,-13.36499975451202,-5.243556896478867
1.01806640625,-13.616007206689426,-11.407868845606297,-4.549712970744179
1.01837158203125,-14.259688582969055,-9.556919935287581,-4.07564373655774
1.0186767578125,-14.63855092790684,-8.047145261560448,-3.8020261232549837
1.01898193359375,-14.727420902278414,-6.8930879735082415,-3.706391770433128
1.019287109375,-14.639437410932029,-6.060190777671073,-3.7637487467316877
1.01959228515625,-14.54712267091487,-5.510526390981437,-3.945722381333706
1.0198974609375,-14.603147788321982,-5.211317812121321,-4.219463990844336
1.02020263671875,-14.921813427898783,-5.133850002249741,-4.5473339013755885
1.0205078125,-15.599036379235296,-5.249471759936365,-4.888403576967636
1.02081298828125,-16.746187808171854,-5.523857346265518,-5.2025000236221475
1.0211181640625,-18.542179215690496,-5.909668760846813,-5.456304151507387
1.02142333984375,-21.351040523124297,-6.33916715245684,-5.629231993074958
1.021728515625,-26.08880529018167,-6.722604627764943,-5.7161055649666945
1.02203369140625,-33.38303368157214,-6.963084369348522,-5.725341146680662
1.0223388671875,-27.0381484723099,-6.992399034653495,-5.674309470239544
1.02264404296875,-21.43700539115497,-6.8065182704527505,-5.584822517294779
1.02294921875,-18.025107082958428,-6.465661040562348,-5.480539528456916
1.02325439453125,-15.688020843243088,-6.058535176991706,-5.386184367393737
1.0235595703125,-13.990143330776535,-5.665579305795488,-5.327516249622972
1.02386474609375,-12.72540172246363,-5.34293156138502,-5.331176715873704
1.024169921875,-11.780906941701279,-5.122809480308862,-5.4241369317718195
1.02447509765625,-11.08860466137488,-5.019498586559315,-5.632854214239659
1.0247802734375,-10.604816877276608,-5.0349669422199215,-5.98220046540746
1.02508544921875,-10.300263057611616,-5.162561265885563,-6.493791864957361
1.025390625,-10.154533514349353,-5.389105557220103,-7.182520586940519
1.02569580078125,-10.15263176502575,-5.69622254453424,-8.048632611872891
1.0260009765625,-10.28257691678453,-6.061766127844268,-9.060564218508663
1.02630615234375,-10.533678443902275,-6.462140935825071,-10.124008540439215
1.026611328125,-10.895463992334353,-6.875870484628434,-11.05070270352077
1.02691650390625,-11.357537355224922,-7.287941217704325,-11.597142819240485
1.0272216796875,-11.910895417159225,-7.693508233459596,-11.641957778640364
1.02752685546875,-12.551337154049694,-8.09930410947847,-11.323646301200828
1.02783203125,-13.285399292266142,-8.522072012152918,-10.918786532208824
1.02813720703125,-14.138844933169368,-8.984928267090014,-10.663122954957734
1.0284423828125,-15.167947922009166,-9.513474476598478,-10.71178164822545
1.02874755859375,-16.47659811463175,-10.133219061476215,-11.179875349942435
1.029052734375,-18.251673951234416,-10.869045809285204,-12.194792879986968
1.02935791015625,-20.859747787659742,-11.746891912684989,-13.955727610568953
1.0296630859375,-25.16601852899364,-12.797782411050013,-16.81039448724314
1.02996826171875,-32.26726678198873,-14.064861895387386,-20.90312663603347
1.0302734375,-26.67977874721376,-15.61506398276395,-21.1951783581083
1.03057861328125,-20.48956639045413,-17.558566266379444,-16.37417579247346
1.0308837890625,-16.614078730257546,-20.07719408120224,-12.561559918747811
1.03118896484375,-13.87663640424583,-23.398392417867765,-9.895940774338111
1.031494140625,-11.824237196978283,-26.86636459682765,-7.999651631067909
1.03179931640625,-10.249885357689106,-26.052967539317017,-6.656526856117687
1.0321044921875,-9.044248874404309,-22.295173112188806,-5.74777897208636
1.03240966796875,-8.143949135685089,-19.176374392777934,-5.206502018843943
1.03271484375,-7.51017833658527,-16.882962933227972,-4.996036889503358
1.03302001953125,-7.118657073557487,-15.203619261870037,-5.099849284510753
1.0333251953125,-6.954431051072883,-13.99608316192197,-5.517175821052438
1.03363037109375,-7.008912453652906,-13.179815749248498,-6.26213031278224
1.033935546875,-7.2779533316224,-12.711960805086592,-7.365533008212689
1.03424072265625,-7.760222175552684,-12.57360922653403,-8.87933006477214
1.0345458984375,-8.455212418437613,-12.762831404240817,-10.88206640795767
1.03485107421875,-9.359937764299596,-13.290825648008699,-13.470868726288348
1.03515625,-10.462726375447247,-14.177387906307196,-16.63835015202701
1.03546142578125,-11.731674976695325,-15.436999688073964,-19.549361289365873
1.0357666015625,-13.095850173829728,-17.027916890878,-19.898018225228274
1.03607177734375,-14.425245824063708,-18.692834380464802,-18.255792050661576
1.036376953125,-15.539088456600595,-19.71201478168437,-16.765745080423407
1.03668212890625,-16.284052620884044,-19.372089304837235,-15.92169753425162
1.0369873046875,-16.637456889475,-18.10486145911811,-15.632786457442311
1.03729248046875,-16.694001376086568,-16.75730403413001,-15.658349472969972
1.03759765625,-16.541990699622872,-15.71944847124451,-15.605810319023945
1.03790283203125,-16.18364578799459,-15.077191244431848,-15.024329658245069
1.0382080078125,-15.564133048718753,-14.812011470807212,-13.7921071614703
1.03851318359375,-14.663864878918314,-14.85675277965443,-12.225793084639065
1.038818359375,-13.55620633673687,-15.07926895546892,-10.687723777143193
1.03912353515625,-12.374253445715752,-15.243115515957065,-9.371422233055865
1.0394287109375,-11.244384975059667,-15.038964525729499,-8.345412123672117
1.03973388671875,-10.254184486254097,-14.293129829430125,-7.624478748021386
1.0400390625,-9.455094500008778,-13.141849334805297,-7.207164515871794
1.04034423828125,-8.876078873089327,-11.875504713143117,-7.091472772783357
1.0406494140625,-8.535774244410513,-10.718910946995665,-7.281630524702264
1.04095458984375,-8.451024702763686,-9.78911052446862,-7.792219376866328
1.041259765625,-8.643225817218331,-9.13806902079919,-8.65277302175114
1.04156494140625,-9.144557306330803,-8.791798758975174,-9.915146905418855
1.0418701171875,-10.006684727009638,-8.772900198896085,-11.666339850443354
1.04217529296875,-11.316395929832105,-9.114480172512256,-14.047503139802428
1.04248046875,-13.228398463717802,-9.873801949353712,-17.240826443055536
1.04278564453125,-16.04080620694146,-11.155059229263372,-20.96117329324685
1.0430908203125,-20.326005415090496,-13.161613083187353,-21.955832803152546
1.04339599609375,-25.185688483541938,-16.34653160214509,-19.17008625196649
1.043701171875,-21.611205828651443,-21.944624459034507,-16.467057144532255
1.04400634765625,-16.997609098030633,-27.968936805795863,-14.56211038181346
1.0443115234375,-14.003649671838787,-19.823107125967688,-13.268782118936302
1.04461669921875,-12.01913222710692,-14.952920447645688,-12.398523888765494
1.044921875,-10.700460261355698,-12.00608202538902,-11.813016215561502
1.04522705078125,-9.876510511117791,-10.063833504338772,-11.40791265364497
1.0455322265625,-9.459134869396332,-8.768143385920835,-11.10430855716884
1.04583740234375,-9.40592017302129,-7.949187814082447,-10.84875399943485
1.046142578125,-9.705568202595003,-7.515479478999247,-10.614935240009222
1.04644775390625,-10.374838994265783,-7.412823285868917,-10.400548502125082
1.0467529296875,-11.465202770225833,-7.604572321019095,-10.217595108582207
1.04705810546875,-13.08509386441963,-8.057890379908235,-10.07943334968385
1.04736328125,-15.462077932551647,-8.728600926424463,-9.989055214290433
1.04766845703125,-19.149782402811674,-9.539937618546372,-9.93116625933938
1.0479736328125,-26.095181122741778,-10.358137416616719,-9.869681853268947
1.04827880859375,-34.47019232516552,-10.993044344892429,-9.75344968445139
1.048583984375,-22.387190688019896,-11.276481204320113,-9.532810195099543
1.04888916015625,-17.545451672092558,-11.191623058914109,-9.182675369870752
1.0491943359375,-14.688259820288739,-10.890819726156494,-8.7175770690038
1.04949951171875,-12.78866992651368,-10.574109936256207,-8.18649552649246
1.0498046875,-11.47847984325286,-10.390785070480543,-7.65292417252244
1.05010986328125,-10.584910044313691,-10.42254722497434,-7.176052719722302
1.0504150390625,-10.014897938567497,-10.695980600821562,-6.801843774356837
1.05072021484375,-9.715161553970288,-11.181491944605387,-6.562518094287297
1.051025390625,-9.655851546626058,-11.761856286961013,-6.479775996303511
1.05133056640625,-9.823488105009448,-12.18476956466364,-6.568555732114046
1.0516357421875,-10.218447981320773,-12.110955468674323,-6.840040734681826
1.05194091796875,-10.855427642504731,-11.383780273947359,-7.303604593789256
1.05224609375,-11.766693810137145,-10.206225554870883,-7.967561636340877
1.05255126953125,-13.008633019513855,-8.907824969426992,-8.8382082099307
1.0528564453125,-14.670922512608886,-7.7098993020892355,-9.915583719209257
1.05316162109375,-16.872034990539923,-6.711149423282369,-11.182155752963926
1.053466796875,-19.598025366923473,-5.943633607970571,-12.577235869561159
1.05377197265625,-21.62548199805169,-5.412137353458432,-13.951936507291837
1.0540771484375,-20.19757508546062,-5.112797240776641,-15.037542241442738
1.05438232421875,-16.99788475872772,-5.040804775715907,-15.550615001233421
1.0546875,-14.130868498738087,-5.193315458279951,-15.454077165558584
1.05499267578125,-11.83471897281203,-5.570182749482776,-15.003849683127067
1.0552978515625,-9.997702082498613,-6.173185593914852,-14.498365495167683
1.05560302734375,-8.513940950341127,-7.002960213249096,-14.125442985352962
1.055908203125,-7.311356805806993,-8.05072995184982,-13.977009971760472
1.05621337890625,-6.342789110315677,-9.277971310278065,-14.098939694722198
1.0565185546875,-5.577237265352314,-10.572944290245442,-14.524536587185668
1.05682373046875,-4.994043279838377,-11.689896455688178,-15.294052788606038
1.05712890625,-4.579132258957453,-12.27407826855595,-16.470211478173574
1.05743408203125,-4.322422659616263,-12.131733472330223,-18.158561928315944
1.0577392578125,-4.215793550005275,-11.455778438791665,-20.539968431099005
1.05804443359375,-4.251167153746334,-10.598679182431885,-23.876432110248125
1.058349609375,-4.418347764414291,-9.803042331153728,-27.730546742356438
1.05865478515625,-4.702334893703783,-9.176933325297965,-27.318802753423057
1.0589599609375,-5.080054227748796,-8.754123771786531,-23.452308821649154
1.05926513671875,-5.517105648269082,-8.536495035259144,-20.28854248651529
1.0595703125,-5.966515272751467,-8.512746810258122,-17.964494880725567
1.05987548828125,-6.373205895262034,-8.664217270103741,-16.188941101875887
1.0601806640625,-6.6874943100138,-8.964470003476267,-14.76300121006216
1.06048583984375,-6.884732444445873,-9.375874600090123,-13.564808075963533
1.060791015625,-6.979056387361094,-9.84591146168941,-12.524454832222247
1.06109619140625,-7.020067172566976,-10.307827247450591,-11.609598746008436
1.0614013671875,-7.075768370734012,-10.692170511319397,-10.814866673654366
1.06170654296875,-7.215395801138272,-10.951199417545652,-10.152299347112967
1.06201171875,-7.5011123549289485,-11.083683513550433,-9.643402096279965
1.06231689453125,-7.988584297775142,-11.139221984005053,-9.313866544947906
1.0626220703125,-8.733194324489466,-11.198218605431522,-9.19106097206782
1.06292724609375,-9.800408970036587,-11.346172854668271,-9.303418256608015
1.063232421875,-11.282774824488563,-11.659123777920534,-9.680128342740165
1.06353759765625,-13.333571725881326,-12.201593284417973,-10.348029288847542
1.0638427734375,-16.249799648855095,-13.030076232127515,-11.317440586952884
1.06414794921875,-20.725652706419098,-14.193461402938263,-12.533437947492509
1.064453125,-28.23785827579107,-15.71444842243885,-13.745908101919394
1.06475830078125,-26.33659529614818,-17.503903188184164,-14.360133165388397
1.0650634765625,-20.32145124215289,-19.113122448192676,-13.832319974475215
1.06536865234375,-16.983227003718497,-19.60564625854774,-12.466330677564168
1.065673828125,-14.947221679068733,-18.6867147879751,-10.944228051976737
1.06597900390625,-13.668301703524294,-17.246174631872794,-9.642521333174209
1.0662841796875,-12.900907464752054,-15.987680997613698,-8.679685192843465
1.06658935546875,-12.51600456609393,-15.128471799828649,-8.079643962868708
1.06689453125,-12.441105484956985,-14.692624969549303,-7.845865571140424
1.06719970703125,-12.638953630399454,-14.64721525941731,-7.987416202601966
1.0675048828125,-13.100985598291912,-14.919406686905653,-8.530071470421559
1.06781005859375,-13.845903378988611,-15.354196032701353,-9.525608708450775
1.068115234375,-14.912895337202936,-15.649400032542061,-11.064501301997645
1.06842041015625,-16.315653588259845,-15.413159236250298,-13.287033494486186
1.0687255859375,-17.82317830217921,-14.495344457050122,-16.30280257592332
1.06903076171875,-18.39002310785913,-13.159765889614972,-19.28353672296639
1.0693359375,-16.81005479112728,-11.769340861356103,-18.819084916774404
1.06964111328125,-14.02677573708069,-10.543385703134131,-15.948247606069874
1.0699462890625,-11.28261998419578,-9.571410695799397,-13.554811455136493
1.07025146484375,-8.924450566313345,-8.880673861714081,-11.99006016819234
1.070556640625,-6.964001837638042,-8.476716567472598,-11.133155709042192
1.07086181640625,-5.354806887643085,-8.361461983166096,-10.894974043914004
1.0711669921875,-4.0528975192989005,-8.541096533639351,-11.25545257067561
1.07147216796875,-3.0256482889790712,-9.030244152494861,-12.268396318176613
1.07177734375,-2.250896512435707,-9.855064851154431,-14.087973758459215
1.07208251953125,-1.7150476550246179,-11.055137049317223,-17.014950509772532
1.0723876953125,-1.4117919863078887,-12.677513076801501,-21.069543196617623
1.07269287109375,-1.3416681088203841,-14.728213557237503,-21.437105764317156
1.072998046875,-1.5125572643853071,-16.936065217390954,-17.046655577282227
1.07330322265625,-1.9413771931831012,-18.169570811875953,-13.542243090223769
1.0736083984375,-2.6576854694186185,-17.269239935992168,-11.14582100767576
1.07391357421875,-3.7108981818234703,-15.285523048794898,-9.505400782187786
1.07421875,-5.185422619313261,-13.401576851728368,-8.401156915993145
1.07452392578125,-7.23600652718983,-11.91345867261306,-7.695923394852608
1.0748291015625,-10.186603507070709,-10.812467445782737,-7.289075900193556
1.07513427734375,-14.908541906446562,-10.042293719943718,-7.090359279020494
1.075439453125,-25.840709890977198,-9.553315143551934,-7.006347709255212
1.07574462890625,-22.30089572343139,-9.3100649656927,-6.940480994346786
1.0760498046875,-14.329398370905402,-9.29027255912963,-6.810488993488542
1.07635498046875,-10.592346836805477,-9.483235943054487,-6.5766473653166235
1.07666015625,-8.327327095269286,-9.888865965222607,-6.257901497842596
1.07696533203125,-6.855128452946459,-10.517457330157452,-5.918952033127
1.0772705078125,-5.901538159493718,-11.389922422040012,-5.640622875338787
1.07757568359375,-5.327516995098741,-12.53762839332694,-5.4973268014562695
1.077880859375,-5.051635827493977,-13.998479249556198,-5.550374687132468
1.07818603515625,-5.020239686342625,-15.795890891574242,-5.852309260524304
1.0784912109375,-5.193187604127409,-17.851537972455493,-6.456424004308978
1.07879638671875,-5.535283485324436,-19.71818556361475,-7.430210586009327
1.0791015625,-6.009642104679319,-20.38665886239389,-8.877438880233301
1.07940673828125,-6.571666533979089,-19.500245765863337,-10.985592440518651
1.0797119140625,-7.164373901845154,-18.02457856937876,-14.160392199494908
1.08001708984375,-7.718648579496328,-16.70633459272297,-19.572277768515992
1.080322265625,-8.164194433815108,-15.759008312051886,-31.276081758507313
1.08062744140625,-8.452845969099467,-15.19967423393059,-21.11564835896653
1.0809326171875,-8.58242431054925,-15.001583450278757,-15.264956797183672
1.08123779296875,-8.601350583903038,-15.13107227243886,-12.015138790018662
1.08154296875,-8.589971706160327,-15.546099680175487,-9.889924187022343
1.08184814453125,-8.636120799495417,-16.173304959263103,-8.3977156507532
1.0821533203125,-8.821632084815482,-16.858494340927187,-7.309530652346289
1.08245849609375,-9.222558242716328,-17.30564758468213,-6.497194260929326
1.082763671875,-9.919200119640298,-17.132896235826326,-5.882593298247171
1.08306884765625,-11.015303076241253,-16.18135218735491,-5.418744809190983
1.0833740234375,-12.676186155626413,-14.686291675211645,-5.081378622590504
1.08367919921875,-15.226862252628413,-12.994060875667774,-4.863590649344459
1.083984375,-19.514320445806742,-11.32531353110685,-4.770956919602948
1.08428955078125,-29.68540158189633,-9.778525700757804,-4.816639193876774
1.0845947265625,-26.88772567572755,-8.391415654013148,-5.016652062531056
1.08489990234375,-18.33761527875766,-7.178612645301779,-5.385034237664184
1.085205078125,-14.263784350133102,-6.147616676189775,-5.927580164260034
1.08551025390625,-11.727120556404994,-5.304620696030552,-6.631331167549471
1.0858154296875,-10.026195996395222,-4.656547246018961,-7.446114399585487
1.08612060546875,-8.88014058579606,-4.211913491671489,-8.259077897954894
1.08642578125,-8.144701002573369,-3.981445386043246,-8.886692426358042
1.08673095703125,-7.72999017180112,-3.9786581348411953,-9.144001612975876
1.0870361328125,-7.566995995414995,-4.220215078324995,-8.989654910183301
1.08734130859375,-7.589790439877209,-4.725246614205728,-8.57419846495661
1.087646484375,-7.725346735803576,-5.511070064275864,-8.118028170620303
1.08795166015625,-7.892115511472996,-6.5776166260007605,-7.795002537763103
1.0882568359375,-8.012327542708045,-7.859631745970662,-7.711904624419192
1.08856201171875,-8.037374733675232,-9.11142131325407,-7.931824258612109
1.0888671875,-7.9702855301289155,-9.796728414517064,-8.4952523575373
1.08917236328125,-7.864748954526426,-9.444320483387664,-9.422482559107454
1.0894775390625,-7.801711872904477,-8.305166436775554,-10.676551925273955
1.08978271484375,-7.864701450098705,-6.983674849551722,-12.03005008471887
1.090087890625,-8.128752918659673,-5.843040456840457,-12.841794327778402
1.09039306640625,-8.66274300606592,-5.0114382422593025,-12.389074232382345
1.0906982421875,-9.540117572624757,-4.521702298215657,-10.940998132332961
1.09100341796875,-10.856917988559747,-4.38268451410066,-9.300619387176846
1.09130859375,-12.76387519869434,-4.606696399363464,-7.893373205250164
1.09161376953125,-15.533752707101662,-5.2223865854314635,-6.830475620217279
1.0919189453125,-19.686440168081372,-6.287023736362417,-6.115372571586746
1.09222412109375,-24.997297137495636,-7.908235950502741,-5.72729815516845
1.092529296875,-22.92353167910793,-10.292711323655837,-5.645162293450495
1.09283447265625,-18.363503146490494,-13.861689446248157,-5.852626204302696
1.0931396484375,-15.475229191618682,-19.258223711403062,-6.337439264928425
1.09344482421875,-13.686196288242154,-21.23215470029571,-7.088259235254089
1.09375,-12.606803017759969,-16.12349941877753,-8.088877402082966
1.09405517578125,-12.02239278083945,-12.62651841000398,-9.308539545157167
1.0943603515625,-11.787891692418048,-10.544103280221762,-10.687938274477553
1.09466552734375,-11.775822772801325,-9.360634460027322,-12.127449516992538
1.094970703125,-11.853385817161598,-8.826922400512823,-13.501214212772641
1.09527587890625,-11.888547388470537,-8.811976939468448,-14.726061119500411
1.0955810546875,-11.787773086104874,-9.223809387987266,-15.854195367236079
1.09588623046875,-11.53729837010123,-9.944221282785216,-17.095121863446995
1.09619140625,-11.200155330729753,-10.740700616374992,-18.771447116005596
1.09649658203125,-10.868046206450398,-11.204473474189793,-21.341794622542302
1.0968017578125,-10.613745936801811,-10.959154978583443,-25.60622593253925
1.09710693359375,-10.469078803677947,-10.08170327749906,-30.934784736464543
1.097412109375,-10.420705408322641,-8.991163723357703,-26.148240486545497
1.09771728515625,-10.41356239706408,-8.025062675616956,-21.19776573186182
1.0980224609375,-10.364814690466668,-7.342025485217566,-18.203130521964702
1.09832763671875,-10.197468118272484,-7.001825781022239,-16.39273728289849
1.0986328125,-9.885772562231766,-7.030301855389894,-15.428565965416528
1.09893798828125,-9.477260183182368,-7.450471859378237,-15.184802491187508
1.0992431640625,-9.07046525114554,-8.296977449756163,-15.655406812315762
1.09954833984375,-8.77502326501115,-9.622626154307444,-16.932759940859683
1.099853515625,-8.688904013695034,-11.488318323698476,-19.16275215565892
1.10015869140625,-8.899194223746663,-13.86321748844274,-21.840238002935305
1.1004638671875,-9.498104250943447,-16.130035520911285,-21.217672006595375
1.10076904296875,-10.612379214335032,-16.489927810903897,-17.355110961016
1.10107421875,-12.464297964655868,-14.778047721652767,-13.924013741529306
1.10137939453125,-15.549009627842338,-12.826428613988119,-11.363521341479313
1.1016845703125,-21.458776082853902,-11.362223247445966,-9.480449919763736
1.10198974609375,-33.82834851760843,-10.434459327480534,-8.11740345710072
1.102294921875,-19.56215122436393,-9.966043995923888,-7.176642974922189
1.10260009765625,-14.09923916473761,-9.862805498686445,-6.599733758846423
1.1029052734375,-10.971481337169015,-10.008908532634145,-6.3538228893536015
1.10321044921875,-8.961265924285492,-10.240274045240218,-6.424546125845495
1.103515625,-7.663726939886519,-10.34058970638742,-6.813253230348709
1.10382080078125,-6.9023472909539105,-10.11796248335594,-7.53750347595868
1.1041259765625,-6.593233412321066,-9.537551476549227,-8.634964038363274
1.10443115234375,-6.700974946548691,-8.7405184985046,-10.171878073842917
1.104736328125,-7.222458407511621,-7.917832511029462,-12.257005834873144
1.10504150390625,-8.181671542253884,-7.209207013656699,-15.046575666772375
1.1053466796875,-9.627730224408998,-6.689478625037687,-18.563102795004205
1.10565185546875,-11.619701200958492,-6.390703120561568,-21.196979451327422
1.10595703125,-14.117857565581659,-6.322889525983194,-19.745667603389414
1.10626220703125,-16.47004324503446,-6.486408697485598,-17.00164901521713
1.1065673828125,-16.888746390247604,-6.8787981005176135,-14.942666253522107
1.10687255859375,-15.34117480873449,-7.499380150914844,-13.612630201117744
1.107177734375,-13.647138099490926,-8.354537089091817,-12.854208831031038
1.10748291015625,-12.517262848177728,-9.466646094474537,-12.552025326608728
1.1077880859375,-12.036416366215095,-10.89135750205974,-12.630316953909208
1.10809326171875,-12.202158627017575,-12.753990126477625,-13.03278401215945
1.1083984375,-13.053866326170422,-15.340933199294923,-13.701509825185965
1.10870361328125,-14.715755987738453,-19.419744950946868,-14.550324356358983
1.1090087890625,-17.416961904736823,-28.446367682077558,-15.43292913096349
1.10931396484375,-21.0298719591471,-28.114729693622817,-16.135826129675788
1.109619140625,-21.591671752338776,-18.468302633522512,-16.464993331666022
1.10992431640625,-17.8080494815496,-13.83527408272389,-16.405935469134892
1.1102294921875,-14.543898351138093,-10.797577691169645,-16.149937469948455
1.11053466796875,-12.334441899000176,-8.608445915363387,-15.947986960137628
1.11083984375,-10.920567710952598,-6.987372864980901,-16.00475531298683
1.11114501953125,-10.123536035633897,-5.803627635396672,-16.48132175062386
1.1114501953125,-9.846363766902508,-4.990555313814936,-17.541454723733406
1.11175537109375,-10.040682733588444,-4.515234652569826,-19.38091660796182
1.112060546875,-10.682544827165595,-4.366602209068816,-21.963594315509887
1.11236572265625,-11.74083128848483,-4.551631267513285,-22.914404564528116
1.1126708984375,-13.099842921899716,-5.096576113026722,-19.49322390913422
1.11297607421875,-14.379416474887545,-6.053510775563142,-15.52361656288376
1.11328125,-14.84274226359268,-7.515216102555492,-12.373595065114998
1.11358642578125,-14.126323437767226,-9.644824912577999,-9.928098349567707
1.1138916015625,-12.820895467705512,-12.713364621198481,-8.009322493602296
1.11419677734375,-11.576750126162153,-16.7988618185696,-6.498705119863917
1.114501953125,-10.660082316107875,-18.33518203862099,-5.320622901255917
1.11480712890625,-10.12941503994298,-14.732487641004855,-4.425364031385718
1.1151123046875,-9.975508210079933,-11.442966218610495,-3.778631404983991
1.11541748046875,-10.164978697655496,-9.221083183120559,-3.355027912948904
1.11572265625,-10.638701456038921,-7.772469117487075,-3.1334468939824034
1.11602783203125,-11.285627773345876,-6.8862030835095585,-3.093057325482838
1.1163330078125,-11.909690755207855,-6.43327451345649,-3.2090319510580674
1.11663818359375,-12.253338735246555,-6.323660531400873,-3.4476332821658877
1.116943359375,-12.156776404004093,-6.476392956781259,-3.761297892867113
1.11724853515625,-11.713905964544782,-6.796198524772976,-4.086558139913729
1.1175537109375,-11.1801318157756,-7.157918117857909,-4.350431823347117
1.11785888671875,-10.784235103666909,-7.41564252037295,-4.489874470013395
1.1181640625,-10.666245379831501,-7.456260716339251,-4.47795130146517
1.11846923828125,-10.900096488106767,-7.268794517896201,-4.337007580206458
1.1187744140625,-11.514259926674267,-6.951241990971891,-4.126035774006688
1.11907958984375,-12.466570593483056,-6.645601475714987,-3.9137382828130853
1.119384765625,-13.523137057755857,-6.477234615186972,-3.757153310155878
1.11968994140625,-14.070702004478438,-6.538322335604275,-3.6928250791780695
1.1199951171875,-13.45631228900658,-6.898804513388196,-3.7360166417560836
1.12030029296875,-11.934620888646425,-7.624066024479379,-3.8821391818965663
1.12060546875,-10.248810382476973,-8.791937689237326,-4.1078153907658645
1.12091064453125,-8.812731947781655,-10.504914283227025,-4.372408120339202
1.1212158203125,-7.749975517827568,-12.861517895553726,-4.623436511536987
1.12152099609375,-7.082044093642288,-15.618573863500282,-4.809574445537918
1.121826171875,-6.811754510518569,-16.832881332773567,-4.8998201392037615
1.12213134765625,-6.952689390449103,-14.848752675972523,-4.898498175930554
1.1224365234375,-7.5446043311729145,-12.167533396324622,-4.844453853112062
1.12274169921875,-8.673485058123598,-10.05547832537664,-4.795189071200268
1.123046875,-10.51639879128236,-8.567222929203362,-4.808036148403775
1.12335205078125,-13.46872611687247,-7.597545471747179,-4.927690481358702
1.1236572265625,-18.59218078223785,-7.062778722682877,-5.180208117599971
1.12396240234375,-26.13889646313149,-6.911948958382812,-5.5685809809555655
1.124267578125,-18.540806784935416,-7.120398559464749,-6.065086719302524
1.12457275390625,-13.272513449425528,-7.685642135992134,-6.599207101839884
1.1248779296875,-10.179892704824148,-8.627305318390293,-7.050143302486457
1.12518310546875,-8.184720661273397,-9.990770286386516,-7.270630716607172
1.12548828125,-6.880343636331188,-11.850319842213963,-7.162264976904899
1.12579345703125,-6.077624573664315,-14.278053251572945,-6.748560459799506
1.1260986328125,-5.675099647117183,-17.052361693560073,-6.155250300844886
1.12640380859375,-5.612052020252264,-18.47324621437617,-5.524654977343441
1.126708984375,-5.846861487470471,-16.726339433884878,-4.958716399840172
1.12701416015625,-6.343403264969304,-13.946662936201431,-4.511296174282789
1.1273193359375,-7.0587182748187915,-11.525364428640563,-4.200445562902459
1.12762451171875,-7.929492229213243,-9.570885560070701,-4.020452384092983
1.1279296875,-8.861041816522173,-7.979793625487504,-3.949143532119481
1.12823486328125,-9.73441508989474,-6.659920343360728,-3.952241431055044
1.1285400390625,-10.452660587368772,-5.549408837978759,-3.98795169651019
1.12884521484375,-11.011084740583769,-4.609362431398741,-4.014458917151615
1.129150390625,-11.522470678720488,-3.8157130508763286,-4.000586742630377
1.12945556640625,-12.170614990983095,-3.153176391089147,-3.93586914064181
1.1297607421875,-13.153895584008957,-2.611120860663969,-3.834194910442043
1.13006591796875,-14.65265128510331,-2.180893998083407,-3.728651202336369
1.13037109375,-16.694477554415702,-1.8542164691117156,-3.661361221823382
1.13067626953125,-18.314809444809416,-1.6223580404994102,-3.6743508207246616
1.1309814453125,-17.024588601542384,-1.475911617124751,-3.8047078647001698
1.13128662109375,-13.818324472803932,-1.4050579985280853,-4.083809594465732
1.131591796875,-10.840695284328142,-1.4002422420264873,-4.538990666110046
1.13189697265625,-8.477006676279931,-1.4531499781770338,-5.1963056345247445
1.1322021484375,-6.648989231592747,-1.5577921198228608,-6.083790520509009
1.13250732421875,-5.254049732655178,-1.711426847027651,-7.23523505539534
1.1328125,-4.2171977452959775,-1.9150344092460048,-8.69479910987571
1.13311767578125,-3.4876907343361054,-2.173151404730315,-10.522511535225608
1.1334228515625,-3.0318340828427415,-2.4930346547130084,-12.797388049299132
1.13372802734375,-2.827854456867387,-2.8832676022001276,-15.594179735606097
1.134033203125,-2.862703940674737,-3.351955221148508,-18.793579278248703
1.13433837890625,-3.1301387469437456,-3.9045530466655247,-21.287215989518934
1.1346435546875,-3.6295668922027797,-4.541194725129436,-21.20039753349287
1.13494873046875,-4.365259977100113,-5.253237711049308,-19.666898458201807
1.13525390625,-5.345429977082378,-6.018862954626503,-18.366529474467768
1.13555908203125,-6.580187590953494,-6.798391076276639,-17.671711227303078
1.1358642578125,-8.075999661224063,-7.532112739267646,-17.582673295085925
1.13616943359375,-9.820765733154813,-8.146411362979991,-18.085358197464846
1.136474609375,-11.747004305109021,-8.573422349306064,-19.22178017728987
1.13677978515625,-13.661248324251513,-8.778700517050867,-21.113599873578405
1.1370849609375,-15.199028996149801,-8.776846447566617,-23.9059304135772
1.13739013671875,-16.032926113194073,-8.620815091875413,-26.766128759587943
1.1376953125,-16.262032750678543,-8.376016928982695,-25.535030812860057
1.13800048828125,-16.308012002328248,-8.100232779709653,-21.683326593642462
1.1383056640625,-16.5242102652218,-7.837153477746957,-18.41572955203588
1.13861083984375,-17.097612905609683,-7.61888199481012,-15.908542995205394
1.138916015625,-18.106310102265375,-7.4710140624653585,-13.94958247129432
1.13922119140625,-19.511388151583457,-7.416936595567169,-12.383406121684313
1.1395263671875,-20.935063903141803,-7.480587113875801,-11.112175016307296
1.13983154296875,-21.312531863060418,-7.688135896256801,-10.074156635959415
1.14013671875,-19.94248192716335,-8.069397507158877,-9.230064754449767
1.14044189453125,-17.759755912082245,-8.659794523495998,-8.555289824049554
1.1407470703125,-15.651912173605133,-9.503757573250939,-8.035407497803806
1.14105224609375,-13.859679645367224,-10.660857307036505,-7.66347508024449
1.141357421875,-12.378594885771669,-12.217124542632629,-7.43831311465653
1.14166259765625,-11.15507561344769,-14.30644024498003,-7.363293181168594
1.1419677734375,-10.13639506526528,-17.14771698440263,-7.445239340229691
1.14227294921875,-9.280554817479585,-21.038302060659795,-7.692904745949796
1.142578125,-8.557007819935635,-25.206344346407615,-8.113953005752698
1.14288330078125,-7.945477801814586,-24.31756782164532,-8.708051324573903
1.1431884765625,-7.434386996937849,-20.96531402145386,-9.450953125439234
1.14349365234375,-7.019184271733343,-18.668065636208993,-10.26126935655563
1.143798828125,-6.700710885327678,-17.379542239257503,-10.95068127304418
1.14410400390625,-6.483765523513054,-16.842413752353508,-11.220225062153684
1.1444091796875,-6.376017524368256,-16.863725645921733,-10.839365716483432
1.14471435546875,-6.387356936597415,-17.19868292960125,-9.889610093910747
1.14501953125,-6.529706589083504,-17.379229673709684,-8.674814459838798
1.14532470703125,-6.817291370772419,-16.77049081242268,-7.458918662522186
1.1456298828125,-7.267377999418649,-15.229386910556176,-6.382738364954026
1.14593505859375,-7.901568413197388,-13.275751606962682,-5.5035144316451765
1.146240234375,-8.747862176870312,-11.38867585529903,-4.839449545480615
1.14654541015625,-9.843930617893395,-9.764302849227182,-4.394085356813924
1.1468505859375,-11.24242332665504,-8.445796282934634,-4.167352852560725
1.14715576171875,-13.019618781788258,-7.424944751086581,-4.160445371441627
1.1474609375,-15.288147330610775,-6.6819038194167355,-4.3782696508461445
1.14776611328125,-18.201623932671325,-6.197833774403364,-4.831266393337675
1.1480712890625,-21.81565788699458,-5.958255549640974,-5.537622085016013
1.14837646484375,-24.92642249639569,-5.953423517465738,-6.5268370211327795
1.148681640625,-24.38289541398192,-6.1776279199363735,-7.8462078465070375
1.14898681640625,-22.123887043725855,-6.6276531645795895,-9.573553501609238
1.1492919921875,-20.477673333366454,-7.299539373683866,-11.844316528607024
1.14959716796875,-19.66721278223377,-8.18124460944912,-14.914077335525203
1.14990234375,-19.586304152021043,-9.235970364654767,-19.28905170044031
1.15020751953125,-20.116440860437784,-10.367949227274977,-25.036099495413225
1.1505126953125,-21.01252242446966,-11.373143380449687,-23.739998190453385
1.15081787109375,-21.578175012123893,-11.942097792122732,-19.10627697158595
1.151123046875,-20.80747515836412,-11.847551913511175,-16.11312693481961
1.15142822265625,-18.84512810715519,-11.176144555771666,-14.16340533440287
1.1517333984375,-16.683090584637995,-10.221421273611139,-12.833471523138734
1.15203857421875,-14.83886456971282,-9.228380193092585,-11.901023107142528
1.15234375,-13.429953761510717,-8.32006073048125,-11.239816928773998
1.15264892578125,-12.456056255497653,-7.5384519645002435,-10.775017381435806
1.1529541015625,-11.902096209430466,-6.887805898303235,-10.463634560010917
1.15325927734375,-11.766528655148257,-6.358168981913783,-10.28394744890001
1.153564453125,-12.071023216100844,-5.936063203134269,-10.227686549452898
1.15386962890625,-12.867800480845087,-5.609092015782498,-10.292742635298797
1.1541748046875,-14.244217205020995,-5.367892240151646,-10.475577479294135
1.15447998046875,-16.281203761026365,-5.2069012640623855,-10.762668280367773
1.15478515625,-18.653598319338162,-5.124547642717468,-11.12046086336987
1.15509033203125,-19.229500214675113,-5.123139981015603,-11.485391616299554
1.1553955078125,-16.695374731991578,-5.208617924396841,-11.761934117456383
1.15570068359375,-13.651951290644263,-5.390299330836274,-11.84429498765512
1.156005859375,-11.189505050819735,-5.680751374400681,-11.666819378048825
1.15631103515625,-9.321939658198096,-6.095915622559711,-11.24732750252678
1.1566162109375,-7.936079671515755,-6.655636810231154,-10.675651042131697
1.15692138671875,-6.9417104064292925,-7.384806528893221,-10.06128101638543
1.1572265625,-6.277676347152993,-8.315481551130032,-9.492442641911879
1.15753173828125,-5.903607107563518,-9.490665102524341,-9.025247415678653
1.1578369140625,-5.793301033841203,-10.971161432525014,-8.689760251065861
1.15814208984375,-5.930662304105755,-12.848523933171588,-8.499278784936653
1.158447265625,-6.307577439513501,-15.270474292060978,-8.457547058278102
1.15875244140625,-6.923399090329036,-18.487081323022878,-8.563337955095061
1.1590576171875,-7.786242620158403,-22.83060692338831,-8.813090130919992
1.15936279296875,-8.917098581611583,-26.927629326216422,-9.202207641988402
1.15966796875,-10.35932435097834,-24.92446780413788,-9.725229709986516
1.15997314453125,-12.199980365872683,-21.49981345033,-10.37460835670913
1.1602783203125,-14.62171995239782,-19.222442775889466,-11.137305637421074
1.16058349609375,-18.053405869875178,-17.80809734060844,-11.987939101081281
1.160888671875,-23.752714279706023,-16.952632186286532,-12.877506541811613
1.16119384765625,-31.927731746398322,-16.439860702414293,-13.720358363134908
1.1614990234375,-22.55987575557232,-16.088936976457916,-14.393083636406418
1.16180419921875,-17.071923194931227,-15.740073221512622,-14.770577803426896
1.162109375,-13.628136687321286,-15.282138943570061,-14.798960439669802
1.16241455078125,-11.155531684755996,-14.69070758056331,-14.536766933295294
1.1627197265625,-9.272918838935016,-14.026161844801923,-14.109859395134299
1.16302490234375,-7.809709406602915,-13.387647183134472,-13.63489277583219
1.163330078125,-6.678254270500674,-12.868011382397055,-13.179827071177336
1.16363525390625,-5.8295914566485685,-12.536604627458141,-12.762510779293606
1.1639404296875,-5.235261576331199,-12.442542923786121,-12.364311999106743
1.16424560546875,-4.879035607478308,-12.624656756604143,-11.94825071128496
1.16455078125,-4.752975229658374,-13.12179058024192,-11.47998761799773
1.16485595703125,-4.855616705121732,-13.983116429401836,-10.947354311528713
1.1651611328125,-5.191310015347897,-15.281209276294314,-10.36931240665348
1.16546630859375,-5.770199728843988,-17.133436083666574,-9.789677436689978
1.165771484375,-6.608315626836053,-19.74044722186995,-9.261997800429297
1.16607666015625,-7.726459524152731,-23.419377758774026,-8.83602134236989
1.1663818359375,-9.14353154457784,-27.912774233705196,-8.55054238092672
1.16668701171875,-10.84952034730742,-28.02435201408546,-8.430982349248682
1.1669921875,-12.714148719865324,-24.421095367562526,-8.487706168362765
1.16729736328125,-14.273447873610221,-21.793887923754372,-8.711189762398817
1.1676025390625,-14.718093380722834,-20.212952817054184,-9.060850146619968
1.16790771484375,-13.863501029049399,-19.34311771261453,-9.44762167903803
1.168212890625,-12.455882222719532,-18.91916756485816,-9.723896345496538
1.16851806640625,-11.091759185269241,-18.670970380821828,-9.719148301118716
1.1688232421875,-9.96882127261132,-18.2863217361327,-9.342011807776114
1.16912841796875,-9.112665843719316,-17.513997094821065,-8.65710546572341
1.16943359375,-8.502897842496393,-16.340646577668604,-7.830888051030481
1.16973876953125,-8.112863606315297,-14.965901465817717,-7.0238770240455075
1.1700439453125,-7.919334436908862,-13.606131470825213,-6.34177550143456
1.17034912109375,-7.903139859433216,-12.391171294791368,-5.84128614656707
1.170654296875,-8.046875314456283,-11.374279187774324,-5.549506962087328
1.17095947265625,-8.33132286457763,-10.566082995026626,-5.478834194244323
1.1712646484375,-8.73119001928977,-9.957284908616044,-5.63565435979158
1.17156982421875,-9.211262396535119,-9.529829885373406,-6.025088685762593
1.171875,-9.725751121295115,-9.26179529152672,-6.653920575551519
1.17218017578125,-10.225529254578372,-9.129588666312962,-7.533351976182412
1.1724853515625,-10.676466081769,-9.109336116991555,-8.683366404589204
1.17279052734375,-11.083364537158065,-9.178315865313117,-10.141717040214026
1.173095703125,-11.50487199980396,-9.316573488939877,-11.98422965570693
1.17340087890625,-12.051653991995288,-9.508222381955132,-14.37429585948864
1.1737060546875,-12.881073787443428,-9.741455067794996,-17.7020548031864
1.17401123046875,-14.216213761770817,-10.006200985197397,-23.07868851994104
1.17431640625,-16.433980254175566,-10.288806947805739,-30.78983126453336
1.17462158203125,-20.34253238501636,-10.564131237888507,-22.413192397147842
1.1749267578125,-26.35510651264348,-10.787434758088105,-16.747863310647425
1.17523193359375,-21.023989622950676,-10.892153174328945,-13.138396095168076
1.175537109375,-14.967870167199571,-10.803066338106152,-10.526773982249253
1.17584228515625,-11.047545698143374,-10.468082512665218,-8.534431969453546
1.1761474609375,-8.251635611527195,-9.889811687106025,-6.994536847524621
1.17645263671875,-6.151992446034101,-9.12689407145463,-5.823304608995006
1.1767578125,-4.546774088747526,-8.263805134794403,-4.975692646696572
1.17706298828125,-3.3281346773304614,-7.378321831497285,-4.427424076445175
1.1773681640625,-2.433998659636296,-6.526535985683641,-4.1665947053413745
1.17767333984375,-1.82786605234989,-5.742986605935178,-4.188598980539294
1.177978515625,-1.4895344588469464,-5.046630805398137,-4.490650374666595
1.17828369140625,-1.410797847952736,-4.446945173100364,-5.0611128065252755
1.1785888671875,-1.5938819659381838,-3.948357310567663,-5.854227250633565
1.17889404296875,-2.051862041158623,-3.5529606589544978,-6.735233393735606
1.17919921875,-2.811129300444866,-3.261896985939583,-7.406387428373176
1.17950439453125,-3.9167113405166343,-3.075752780467492,-7.464254018024208
1.1798095703125,-5.442111454237255,-2.9941759009700797,-6.762171758730147
1.18011474609375,-7.505023393174631,-3.0147832824562233,-5.5951074535683665
1.180419921875,-10.273302791631977,-3.1313316716120942,-4.349230196522177
1.18072509765625,-13.75723289582028,-3.3311201797549,-3.248913076280882
1.1810302734375,-16.107507448276582,-3.591841345339977,-2.381075219569596
1.18133544921875,-14.19149246300236,-3.878872555497466,-1.7681185423737908
1.181640625,-11.221689409433127,-4.145461078140836,-1.408789403380832
1.18194580078125,-8.978369945956752,-4.339531015133402,-1.2947605132477369
1.1822509765625,-7.441575088749594,-4.418982326453694,-1.4158598928790562
1.18255615234375,-6.446236469170586,-4.369952242737038,-1.7599376012925219
1.182861328125,-5.8786180793250455,-4.215520506151319,-2.30898683353681
1.18316650390625,-5.669870220408228,-4.007590140781724,-3.0308940604532935
1.1834716796875,-5.781072897161224,-3.8089767335722957,-3.865692178033801
1.18377685546875,-6.194644594887327,-3.6782688347807833,-4.709241435183954
1.18408203125,-6.911127704252986,-3.6631660707406732,-5.411802692870572
1.18438720703125,-7.9506209968510575,-3.800514944773223,-5.825312755172481
1.1846923828125,-9.360222905488566,-4.119298973866662,-5.8962418726817445
1.18499755859375,-11.233086710765496,-4.644054136393098,-5.708495204000759
1.185302734375,-13.757208358753104,-5.397537411138282,-5.417593575000521
1.18560791015625,-17.362799927229467,-6.401917332564665,-5.163207912091686
1.1859130859375,-23.332100239944516,-7.677003284657124,-5.036427299134569
1.18621826171875,-33.5254724675903,-9.231223440466266,-5.087596797055914
1.1865234375,-23.46864389011808,-11.034017021470753,-5.342883572131177
1.18682861328125,-18.185077314943044,-12.948130191690852,-5.816871262926261
1.1871337890625,-15.112596313054995,-14.63061136588665,-6.520221570125825
1.18743896484375,-13.029191112454782,-15.61560511138709,-7.464206296365736
1.187744140625,-11.50659523080436,-15.805471700971335,-8.663680155659163
1.18804931640625,-10.346921784445275,-15.621782067536161,-10.139292409333184
1.1883544921875,-9.442557539353384,-15.49914981845098,-11.91841172803419
1.18865966796875,-8.727528771106794,-15.634010298558907,-14.029870662372474
1.18896484375,-8.156346984889618,-16.029534709621732,-16.469313658244406
1.18927001953125,-7.69326775287508,-16.52911850615122,-19.042580065288504
1.1895751953125,-7.306528131289434,-16.826482873998565,-20.92749643832091
1.18988037109375,-6.965820577640867,-16.62596526532971,-20.872561111832425
1.190185546875,-6.642555280785935,-15.942741938632059,-19.252616744403923
1.19049072265625,-6.312589704521532,-15.090560032736418,-17.280992786207214
1.1907958984375,-5.960386519070456,-14.389160581535172,-15.436191196894464
1.19110107421875,-5.58260687879482,-14.043044822902681,-13.786550536436772
1.19140625,-5.1890608054136695,-14.191202916570463,-12.313220450033386
1.19171142578125,-4.8003098325268425,-14.990956772212396,-10.994079989533954
1.1920166015625,-4.443112552488955,-16.73483728033863,-9.815537180509104
1.19232177734375,-4.145749709868777,-20.186845292643227,-8.769879189438308
1.192626953125,-3.9346616054742487,-28.868528318550485,-7.851559137841171
1.19293212890625,-3.832672827622226,-27.770641445177095,-7.054684147188701
1.1932373046875,-3.858254645421169,-18.0216247439723,-6.3715274227400664
1.19354248046875,-4.02494441562913,-13.246732248707021,-5.7916260222784075
1.19384765625,-4.339909005387112,-10.089112139687732,-5.301259990814344
1.19415283203125,-4.800401091479076,-7.7859944918148996,-4.883398981264565
1.1944580078125,-5.386498223027596,-6.035989463890773,-4.518426585609648
1.19476318359375,-6.048899022527163,-4.687441767640015,-4.186004278452825
1.195068359375,-6.694878425981966,-3.6523797551796244,-3.8681664739982775
1.19537353515625,-7.188963026436906,-2.8746473113458917,-3.5530958882308754
1.1956787109375,-7.3984427500995995,-2.315765429767763,-3.2383211454380953
1.19598388671875,-7.278982479712876,-1.9477806162342304,-2.931952541866869
1.1962890625,-6.91437142321952,-1.7491954038598503,-2.651400325108106
1.19659423828125,-6.4577827439397435,-1.7023027990579653,-2.420290994029709
1.1968994140625,-6.051162510016436,-1.7910662335052843,-2.2650249263938123
1.19720458984375,-5.793258776268849,-1.9990095765268465,-2.2121990369814633
1.197509765625,-5.746105184859913,-2.306739683917616,-2.2873997094117997
1.19781494140625,-5.951117436280644,-2.6889243673867806,-2.5152806301886326
1.1981201171875,-6.4423508726523675,-3.1110453983066986,-2.920631195387839
1.19842529296875,-7.2554004205442135,-3.527341098702666,-3.5302372211127597
1.19873046875,-8.432538071667885,-3.8829584054599837,-4.375598103655668
1.19903564453125,-10.021186171712287,-4.123834377347286,-5.4969546526899835
1.1993408203125,-12.047830404305923,-4.213868285467151,-6.949709356002542
1.19964599609375,-14.395149561807386,-4.150506893479546,-8.81545846879531
1.199951171875,-16.4360129762542,-3.966643394969514,-11.221591897917103
1.20025634765625,-17.016882609821813,-3.7170257898581105,-14.370204180552859
1.2005615234375,-16.23983268023087,-3.459965191007128,-18.485819808357938
1.20086669921875,-15.342482350515096,-3.2450142981466126,-22.53381694052653
1.201171875,-15.010584483352405,-3.108889721027728,-21.81497168120963
1.20147705078125,-15.52154384842967,-3.0765343529941647,-18.988590767138625
1.2017822265625,-17.19906488638149,-3.1639403047209758,-17.034650324837116
1.20208740234375,-20.887822485495867,-3.380904346162057,-15.92216078799444
1.202392578125,-28.61634388731069,-3.733119555231581,-15.367826184602649
1.20269775390625,-22.40862859316325,-4.223571044779694,-15.124948318030052
1.2030029296875,-15.64726765782213,-4.8533452955327485,-14.964279180492827
1.20330810546875,-11.617095696811464,-5.6218924403359,-14.694978297738183
1.20361328125,-8.879059599795443,-6.526566136367721,-14.231931364640893
1.20391845703125,-6.928819729962933,-7.560865326866822,-13.620403655834556
1.2042236328125,-5.543529449403945,-8.71013889089282,-12.967987429294158
1.20452880859375,-4.610738907882886,-9.942734206111615,-12.357227166531894
1.204833984375,-4.072188830517946,-11.19504919652057,-11.804217930191728
1.20513916015625,-3.90221293872141,-12.3556515042893,-11.257086046673221
1.2054443359375,-4.099644434340044,-13.273429970951788,-10.620072823107535
1.20574951171875,-4.68679928310207,-13.827248223963693,-9.80457071429112
1.2060546875,-5.713693599282078,-14.028012851987818,-8.788067186926533
1.20635986328125,-7.265675491020476,-14.032429344934341,-7.630486003400891
1.2066650390625,-9.456758517799798,-14.050810360760796,-6.4337989823023936
1.20697021484375,-12.259882433014598,-14.268781894408534,-5.29237068223121
1.207275390625,-14.412794288084353,-14.832208279771288,-4.270908972285952
1.20758056640625,-13.212773484331118,-15.84763645498213,-3.4057372489074664
1.2078857421875,-10.401921636287408,-17.288959050751288,-2.713624156379434
1.20819091796875,-8.02987722058456,-18.507848561474212,-2.1997719561486186
1.20849609375,-6.326398880999502,-17.78362476414832,-1.8630911450326482
1.20880126953125,-5.18576143169874,-15.08924846545286,-1.6992623359326675
1.2091064453125,-4.511169630754955,-12.152792399491297,-1.7024448568336568
1.20941162109375,-4.243142727334115,-9.650090019604084,-1.8663274463691395
1.209716796875,-4.352756971856165,-7.632750697778475,-2.185040619047819
1.21002197265625,-4.836041751732609,-6.039465190482137,-2.654359106066223
1.2103271484375,-5.712989935674164,-4.810133739224163,-3.2735946324001293
1.21063232421875,-7.031207419227474,-3.901190145796079,-4.0485811007564045
1.2109375,-8.872784132480367,-3.2840890746323366,-4.996209557564853
1.21124267578125,-11.348343625384718,-2.9423141715418573,-6.151270017585856
1.2115478515625,-14.44703081143545,-2.8694200217035917,-7.577480725461623
1.21185302734375,-17.056526389425496,-3.068375033197931,-9.388116189946722
1.212158203125,-16.499740060431634,-3.552266797017592,-11.792684302856207
1.21246337890625,-14.174349723496483,-4.346683366130248,-15.224635033023539
1.2127685546875,-12.244382505156107,-5.494556217355732,-20.710991005040796
1.21307373046875,-11.0257327023992,-7.064882287294018,-26.202676042665743
1.21337890625,-10.445918066977393,-9.166304856062228,-19.620194175275753
1.21368408203125,-10.442500350916164,-11.952434849991748,-15.079641025731442
1.2139892578125,-11.010313471273108,-15.461273986393625,-12.392280348328192
1.21429443359375,-12.213684446248855,-18.25841358460525,-10.756088365789394
1.214599609375,-14.208805112435083,-17.10051712894761,-9.863154809049568
1.21490478515625,-17.207340100091322,-14.445474632320384,-9.603080863463296
1.2152099609375,-20.33525440657129,-12.426240757197736,-9.977118375651088
1.21551513671875,-18.733075417916027,-11.136585610036283,-11.095467425847975
1.2158203125,-14.650451795551511,-10.41660562246523,-13.248089531352406
1.21612548828125,-11.39051894764849,-10.131718098465484,-17.08696847871134
1.2164306640625,-8.964043221543939,-10.1648462871698,-21.761109353044397
1.21673583984375,-7.12122971519373,-10.377296403985266,-16.856500954609903
1.217041015625,-5.698183640870814,-10.567742913792946,-11.529669834840586
1.21734619140625,-4.594780731771979,-10.473277669972996,-7.980746236654035
1.2176513671875,-3.74836247821214,-9.886872504109816,-5.46843519320114
1.21795654296875,-3.118860112628882,-8.818834712104795,-3.623622683435616
1.21826171875,-2.6806205670129124,-7.466025108775871,-2.2609855958386396
1.21856689453125,-2.417700275828096,-6.0373199113242295,-1.2775194206352645
1.2188720703125,-2.320988108909031,-4.664080088644142,-0.6114439747741245
1.21917724609375,-2.3863410228948427,-3.409463695278749,-0.22373322300322881
1.219482421875,-2.613308486506181,-2.299250708058183,-0.08870772497667917
1.21978759765625,-3.0042039552615885,-1.3428754393556328,-0.18840092563155078
1.2200927734375,-3.563357689466782,-0.5439384626584942,-0.5081584118745068
1.22039794921875,-4.296400856383542,0.0952286988635226,-1.0316956864195124
1.220703125,-5.209403371063632,0.5717544685490044,-1.7337321316539045
1.22100830078125,-6.307620881107199,0.8815413274936827,-2.5680754357673212
1.2213134765625,-7.593501928279444,1.0189580975806196,-3.450771808673844
1.22161865234375,-9.063481477114475,0.9765958478175174,-4.247323408817055
1.221923828125,-10.70297130084315,0.744972944921567,-4.793052339689648
1.22222900390625,-12.478722426198761,0.3121814480531103,-4.972987386854647
1.2225341796875,-14.326286763728923,-0.33642405390278896,-4.80515977559026
1.22283935546875,-16.124316195676712,-1.2181589032971367,-4.421111084787862
1.22314453125,-17.63941337198978,-2.3515819495686254,-3.9706667014954626
1.22344970703125,-18.47661015625083,-3.7509155054812426,-3.5600692458099195
1.2237548828125,-18.27010837903933,-5.408618598048794,-3.2461480776278977
1.22406005859375,-17.125497779133283,-7.247806237699834,-3.052335572313401
1.224365234375,-15.53826115448553,-9.023652802579418,-2.984175979073242
1.22467041015625,-13.923064454092264,-10.265785655614888,-3.0394972660121464
1.2249755859375,-12.484952412287456,-10.61248404798996,-3.214426636394585
1.22528076171875,-11.303249548064219,-10.292814025261398,-3.5069239139162085
1.2255859375,-10.404362484394738,-9.81330179832027,-3.9188669656420423
1.22589111328125,-9.796618006560415,-9.488744263430291,-4.457216004243357
1.2261962890625,-9.485152763580869,-9.420087507728452,-5.134556204884672
1.22650146484375,-9.478736651795343,-9.588573266131462,-5.969260836486578
1.226806640625,-9.793735862516733,-9.897651623793069,-6.985485096392398
1.22711181640625,-10.457187356959691,-10.185215983139347,-8.21304491009262
1.2274169921875,-11.508639573415465,-10.2666099043757,-9.686714290101074
1.22772216796875,-12.994591874244287,-10.039699473755867,-11.442916664462693
1.22802734375,-14.924433364893206,-9.562679075384198,-13.507103921932973
1.22833251953125,-17.060811258327327,-8.998525328098136,-15.85210990303282
1.2286376953125,-18.384080053299495,-8.505322210787897,-18.286989213015417
1.22894287109375,-17.707675102924036,-8.186339506028503,-20.312555663350874
1.229248046875,-15.894143847744074,-8.094692803491467,-21.411870991119187
1.22955322265625,-14.155452738211151,-8.250246071337992,-21.835868598377196
1.2298583984375,-12.84370080545932,-8.649436765893777,-22.349642892676837
1.23016357421875,-11.970854995798607,-9.264471181737246,-23.546306259493978
1.23046875,-11.484090222607353,-10.032420691478334,-25.761971989674088
1.23077392578125,-11.325344288825587,-10.839554311632805,-28.02182357572002
1.2310791015625,-11.434822916158033,-11.52229587699649,-25.80128862643194
1.23138427734375,-11.741126507597865,-11.921795253391663,-21.44012886291557
1.231689453125,-12.149651083824939,-11.980104243206704,-17.939398022650106
1.23199462890625,-12.541189045108625,-11.768141600651962,-15.328476329289927
1.2322998046875,-12.798491912403405,-11.399949284654166,-13.37681520310223
1.23260498046875,-12.86149015156602,-10.94163709136363,-11.93008414042966
1.23291015625,-12.765637623554243,-10.392014401395127,-10.895720714690466
1.23321533203125,-12.61843559120696,-9.718954648410818,-10.220086516884283
1.2335205078125,-12.542369569822895,-8.911578208694236,-9.875936352206377
1.23382568359375,-12.63839084490188,-8.009062227251437,-9.857045456641941
1.234130859375,-12.980599378287152,-7.088678369238091,-10.177908774868614
1.23443603515625,-13.624953356309998,-6.234293799843536,-10.878597280168327
1.2347412109375,-14.617011981736512,-5.5145362557757425,-12.037498122027293
1.23504638671875,-15.986716065490006,-4.977860702960418,-13.799201509874772
1.2353515625,-17.70193691768165,-4.6570053088505645,-16.428242502884437
1.23565673828125,-19.50400536484665,-4.575498255941457,-20.278130713515562
1.2359619140625,-20.637883297493687,-4.753037915423987,-23.42737597151767
1.23626708984375,-20.352889606445782,-5.208930683774535,-19.985859935733504
1.236572265625,-19.126072813693597,-5.962946551392706,-15.845226080790194
1.23687744140625,-17.837864825714433,-7.031004058238684,-12.927396255620632
1.2371826171875,-16.871620915557383,-8.407079089338312,-10.878659433771777
1.23748779296875,-16.304006772649565,-10.008535410430913,-9.432596699550437
1.23779296875,-16.117125317375457,-11.555090616047476,-8.439843620252704
1.23809814453125,-16.263602141320888,-12.50045688475632,-7.812314594213849
1.2384033203125,-16.66911282160491,-12.478257821685348,-7.4916793838931035
1.23870849609375,-17.209932742425956,-11.844147819081822,-7.430059812253143
1.239013671875,-17.6915541519807,-11.192419407860058,-7.5736878989377265
1.23931884765625,-17.886307955318845,-10.87221549701188,-7.845090191795729
1.2396240234375,-17.671668397745414,-11.04751061981337,-8.126842701690455
1.23992919921875,-17.13338988753931,-11.845845681766537,-8.265993812052384
1.240234375,-16.475617963815232,-13.474852913263698,-8.128365593431123
1.24053955078125,-15.874212491144274,-16.42193023456263,-7.683842869672832
1.2408447265625,-15.426733967739573,-22.297348971501382,-7.028246203605603
1.24114990234375,-15.168257926455189,-32.06792107221694,-6.311618828222594
1.241455078125,-15.09417894214929,-19.538476529554327,-5.662618720759318
1.24176025390625,-15.172219862585962,-14.186645307511885,-5.16509400330237
1.2420654296875,-15.345736977563167,-11.037352060620385,-4.867643786756556
1.24237060546875,-15.535360670942325,-8.959677525572417,-4.799168767880693
1.24267578125,-15.648180948579212,-7.555333332437436,-4.980733221906254
1.24298095703125,-15.601289607061485,-6.6370448498615175,-5.433515103302392
1.2432861328125,-15.35225978465208,-6.099721965775725,-6.184893489728202
1.24359130859375,-14.913141987516092,-5.87479926967703,-7.274973008829432
1.243896484375,-14.335029981904082,-5.90917793969674,-8.766547990053342
1.24420166015625,-13.679439322770591,-6.152928026917548,-10.764490792470243
1.2445068359375,-12.998997879029533,-6.55122962628619,-13.46095397618938
1.24481201171875,-12.33271368271297,-7.041142680742601,-17.26391323708421
1.2451171875,-11.70904365317872,-7.557136684858734,-23.26809764564544
1.24542236328125,-11.150093177777663,-8.048508461056688,-32.38447938931327
1.2457275390625,-10.674178859119133,-8.502818388961316,-25.23977417382868
1.24603271484375,-10.296581972661622,-8.958930192460716,-20.6450639233821
1.246337890625,-10.029150801503267,-9.498815819936498,-18.199572598824357
1.24664306640625,-9.87931142788531,-10.226124097312594,-16.61729689775309
1.2469482421875,-9.848709111866063,-11.24294285390091,-15.317639479224969
1.24725341796875,-9.931488191691477,-12.607130581712287,-14.00303037255292
1.24755859375,-10.112304520445754,-14.16850300535913,-12.601673024354696
1.24786376953125,-10.364690938494741,-15.11076226628117,-11.193901807085634
1.2481689453125,-10.651411732493969,-14.201717715601966,-9.897232758430848
1.24847412109375,-10.929411723083025,-11.92797151479241,-8.799232391089557
1.248779296875,-11.161113752463912,-9.540379696131115,-7.949057719070711
1.24908447265625,-11.329286800229344,-7.502162031210499,-7.370772540448022
1.2493896484375,-11.44709664007178,-5.863384550787992,-7.0762185352072375
1.24969482421875,-11.556051138170968,-4.583547484569568,-7.072186961251626
1.25,-11.71385887804077,-3.616434015456525,-7.3614395401258435
1.25030517578125,-11.981152893123326,-2.9259121014004386,-7.935107017861549
1.2506103515625,-12.413696132508406,-2.4869127665624116,-8.747485116256241
1.25091552734375,-13.060653339566429,-2.284030486382922,-9.656019571609075
1.251220703125,-13.966249174831631,-2.3104027989239593,-10.335966188118753
1.25152587890625,-15.171740564278808,-2.567396671756427,-10.345716033388246
1.2518310546875,-16.714345114847696,-3.065253071118961,-9.545253145170427
1.25213623046875,-18.616931937554867,-3.8248888166439095,-8.276963857804688
1.25244140625,-20.85473141794032,-4.881174510341808,-6.9477821513790765
1.25274658203125,-23.281507494412722,-6.2877608905700955,-5.775448327146201
1.2530517578125,-25.568759975062214,-8.120623084994977,-4.835077057587598
1.25335693359375,-27.417733682290297,-10.458086083752022,-4.139233169681458
1.253662109375,-28.915427210151915,-13.199799242968432,-3.6788733573904633
1.25396728515625,-29.748555591843157,-15.241858877077076,-3.439240860237571
1.2542724609375,-27.971873441288892,-14.560128451719972,-3.4051667969075856
1.25457763671875,-24.05580511887484,-12.288627790302657,-3.5623025926195777
1.2548828125,-20.228818373345444,-10.188387496248549,-3.896750171500642
1.25518798828125,-17.054385592168394,-8.611227443437095,-4.3939274905405385
1.2554931640625,-14.484741371888557,-7.510957656298924,-5.036871977691243
1.25579833984375,-12.409670441036463,-6.807597790396281,-5.803931175181198
1.256103515625,-10.739870054791743,-6.439840436979608,-6.665726622666833
1.25640869140625,-9.40970385465738,-6.364729400382608,-7.581446367976058
1.2567138671875,-8.370701887916763,-6.551137529772032,-8.49518971482248
1.25701904296875,-7.585909918825079,-6.973432026912471,-9.334674046040298
1.25732421875,-7.025877925336968,-7.605328964619923,-10.01692314546398
1.25762939453125,-6.66588094650713,-8.413278775601372,-10.465717120014448
1.2579345703125,-6.4840030729685445,-9.349680541569253,-10.637998368246965
1.25823974609375,-6.459888965754457,-10.348844271941083,-10.543110246533121
1.258544921875,-6.574097784024907,-11.332303625168297,-10.23831395885525
1.25885009765625,-6.80802886249134,-12.228988271973837,-9.804473299279366
1.2591552734375,-7.144266863764946,-13.000641002352767,-9.321082096635935
1.25946044921875,-7.566859325595864,-13.643209829070157,-8.852838747377927
1.259765625,-8.060508649859214,-14.144699152334608,-8.446977317056882
1.26007080078125,-8.607117434358589,-14.423037450622259,-8.135887952898472
1.2603759765625,-9.178052930012626,-14.315322233660106,-7.941026712739006
1.26068115234375,-9.722109429513676,-13.696263447453447,-7.876405910714791
1.260986328125,-10.155112532800946,-12.635304003859174,-7.951256633045944
1.26129150390625,-10.368624041119755,-11.360528361072733,-8.17193805097272
1.2615966796875,-10.276808873555808,-10.093309194026519,-8.543260750460655
1.26190185546875,-9.879731967277136,-8.9699888814812,-9.069322005448658
1.26220703125,-9.275156836268867,-8.055414867801499,-9.753770732278682
1.26251220703125,-8.603324920542896,-7.3746312134026235,-10.599045364036852
1.2628173828125,-7.988605729529713,-6.93433757659076,-11.603304550266829
1.26312255859375,-7.5189262839308775,-6.733838092428056,-12.751985536839367
1.263427734375,-7.251564132284992,-6.769794254696498,-13.99773688570016
1.26373291015625,-7.225178313618924,-7.037635116721422,-15.221102651040454
1.2640380859375,-7.4688534266881055,-7.5308840539819215,-16.186234244589073
1.26434326171875,-8.005172733182697,-8.238696405755583,-16.588361270410495
1.2646484375,-8.842857628793281,-9.141506764531389,-16.290484429123097
1.26495361328125,-9.944688814236788,-10.205176846691845,-15.477939781613708
1.2652587890625,-11.138996785213921,-11.376445415349748,-14.460871948800097
1.26556396484375,-11.984024481471403,-12.58750975620912,-13.460503445624383
1.265869140625,-11.914519850158618,-13.780563926814972,-12.585433104178277
1.26617431640625,-10.926075699210418,-14.950382097810714,-11.878841316238116
1.2664794921875,-9.588208322405917,-16.17453078250255,-11.355104336593257
1.26678466796875,-8.358628552841855,-17.59426456445739,-11.018122486186424
1.26708984375,-7.425896381506156,-19.31337269052001,-10.869356209621197
1.26739501953125,-6.846150491284913,-21.041067520539606,-10.911285436649198
1.2677001953125,-6.636055322787424,-21.36730568954934,-11.149047048862954
1.26800537109375,-6.810199640276159,-19.375931596868202,-11.591448721183502
1.268310546875,-7.395510230358509,-16.645584542995636,-12.251848260673835
1.26861572265625,-8.436154632221138,-14.242681214864113,-13.148994102149903
1.2689208984375,-9.981088884128654,-12.341182457668936,-14.307414377112167
1.26922607421875,-11.985360609431002,-10.89669055771634,-15.755535193265356
1.26953125,-13.858769874331019,-9.844239505667726,-17.515012636535992
1.26983642578125,-13.94834622364354,-9.130448429586405,-19.559499112545097
1.2701416015625,-12.01007802202004,-8.713685066216128,-21.685576914278
1.27044677734375,-9.727022642931775,-8.559008623001285,-23.287477587130596
1.270751953125,-7.851931198502616,-8.632277715132929,-23.63034770880727
1.27105712890625,-6.465314477256614,-8.893796563150364,-22.92258431973145
1.2713623046875,-5.5144591737625905,-9.29204137127623,-21.96064191735255
1.27166748046875,-4.943800893458491,-9.76028042493973,-21.17223871227445
1.27197265625,-4.7143067312723,-10.222402152837697,-20.629203760477473
1.27227783203125,-4.803055391643615,-10.614089918919609,-20.23905529867871
1.2725830078125,-5.200774837571531,-10.91354434587348,-19.825764889037348
1.27288818359375,-5.9104394563210425,-11.159232170006035,-19.19755967512218
1.273193359375,-6.947392091917333,-11.438958880700854,-18.256311696964637
1.27349853515625,-8.341142343928107,-11.86424416046637,-17.06206559564659
1.2738037109375,-10.138982868256125,-12.555640507954266,-15.767585597921975
1.27410888671875,-12.410547193880179,-13.652012694556877,-14.51436989806834
1.2744140625,-15.244571526917811,-15.352702512022438,-13.39042875671016
1.27471923828125,-18.678820660995495,-18.038347102484465,-12.43762850553252
1.2750244140625,-22.245648598637892,-22.748757071868624,-11.66973721718268
1.27532958984375,-23.938869759239086,-36.17611097167152,-11.08553666354293
1.275634765625,-22.966668929404854,-27.089457838455836,-10.675871001354768
1.27593994140625,-21.373671189395544,-19.717037478743205,-10.426755010004253
1.2762451171875,-19.883648958645693,-15.970889208878274,-10.320381553651849
1.27655029296875,-18.381683545735928,-13.607917431507644,-10.335265260011862
1.27685546875,-16.78415065069118,-12.030486387080664,-10.446471899846518
1.27716064453125,-15.179458972567556,-10.989732528496772,-10.626810877669765
1.2774658203125,-13.7109458706873,-10.357389636935718,-10.84968720335089
1.27777099609375,-12.483044664389656,-10.0570934409781,-11.093636572663533
1.278076171875,-11.550525437784515,-10.036542682656084,-11.347349409087553
1.27838134765625,-10.939209457079262,-10.252747022677827,-11.612976677683442
1.2786865234375,-10.665556036333886,-10.661365973093224,-11.905875718600027
1.27899169921875,-10.750182780659895,-11.20676945450683,-12.250806668814922
1.279296875,-11.22911328745792,-11.813007495833432,-12.676378731321446
1.27960205078125,-12.168660105379027,-12.381053467213244,-13.209774615401475
1.2799072265625,-13.694544365603118,-12.80314936424932,-13.872629685379605
1.28021240234375,-16.064875388759138,-12.999149369976573,-14.67754733003185
1.280517578125,-19.90150160573863,-12.95316163118899,-15.623699390086738
1.28082275390625,-27.023066516192685,-12.714275175011416,-16.68903448794245
1.2811279296875,-27.74662810755182,-12.36099390962445,-17.815422651963676
1.28143310546875,-20.199400643171547,-11.965465844154117,-18.883387398067175
1.28173828125,-16.118716224841997,-11.579552846260302,-19.685805432747173
1.28204345703125,-13.5534219310994,-11.237598092365552,-19.954880545407413
1.2823486328125,-11.818109322713333,-10.964196061565117,-19.515343920473804
1.28265380859375,-10.622707059488235,-10.78055007165987,-18.44541465885864
1.282958984375,-9.816646086850065,-10.707923857466216,-17.0043054325735
1.28326416015625,-9.309680818200473,-10.768821388505195,-15.442479550893086
1.2835693359375,-9.041343470027927,-10.98690110740889,-13.922278576137316
1.28387451171875,-8.967278124641242,-11.386172250698332,-12.532194447628804
1.2841796875,-9.052604253342132,-11.989076559769636,-11.317225482233738
1.28448486328125,-9.26867810589625,-12.811352741634277,-10.299687592676815
1.2847900390625,-9.591656437691402,-13.847985128785488,-9.490794203024622
1.28509521484375,-10.001940482329806,-15.037768096524733,-8.89687219803992
1.285400390625,-10.483766613357302,-16.193000233281836,-8.522781803269584
1.28570556640625,-11.024292956838737,-16.946716905959256,-8.373886184605428
1.2860107421875,-11.611716674310157,-16.945387823421896,-8.457216213446536
1.28631591796875,-12.232337183838478,-16.252602892441878,-8.78204931164664
1.28662109375,-12.867077003837917,-15.271982547713254,-9.359710713229338
1.28692626953125,-13.488791193151762,-14.342239435723913,-10.201690852627205
1.2872314453125,-14.062583035923858,-13.625785763861717,-11.313537167210661
1.28753662109375,-14.551453275529017,-13.180152585715703,-12.67826760963973
1.287841796875,-14.927296945743418,-13.020779782952816,-14.217107509244904
1.28814697265625,-15.182344300227275,-13.15014851983024,-15.721775793944978
1.2884521484375,-15.333198910068004,-13.56829523379978,-16.836439446773042
1.28875732421875,-15.4140709392694,-14.274091067952128,-17.298495283272707
1.2890625,-15.464053650516918,-15.258880954948388,-17.268883855115384
1.28936767578125,-15.516114238650157,-16.487338293690406,-17.171108449238368
1.2896728515625,-15.591626247616368,-17.854096571627423,-17.357549083796027
1.28997802734375,-15.699855551757915,-19.11741423944678,-18.064273976112332
1.290283203125,-15.840292771625538,-19.908002899133336,-19.51572156575129
1.29058837890625,-16.00617559393013,-19.998449864229812,-22.05064842006161
1.2908935546875,-16.1883088740879,-19.567078368307797,-26.042951079902963
1.29119873046875,-16.378729453559203,-18.972925908344248,-27.83800701748398
1.29150390625,-16.57394831908753,-18.45165348730258,-23.089957417583015
1.29180908203125,-16.777639081325205,-18.074835275000428,-19.003805651990117
1.2921142578125,-17.00279892692,-17.805515060333633,-16.212538112769955
1.29241943359375,-17.273555131547162,-17.54269146550575,-14.279770804016803
1.292724609375,-17.6269650519815,-17.165533684889873,-12.946872644687517
1.29302978515625,-18.11554408210653,-16.59558741029913,-12.064661685990064
1.2933349609375,-18.81212093205208,-15.8454156232693,-11.534326219429483
1.29364013671875,-19.8203874313229,-15.005538805185223,-11.275782989935813
1.2939453125,-21.298157433356284,-14.188209695076361,-11.208360223719577
1.29425048828125,-23.505409714455592,-13.485323390071981,-11.239721875492227
1.2945556640625,-26.83449848075756,-12.95866117981755,-11.267980978044385
1.29486083984375,-30.463741730586733,-12.647334207993218,-11.204608829035509
1.295166015625,-27.924430824019908,-12.578102055704658,-11.011078364602948
1.29547119140625,-23.222497084676675,-12.773418240655367,-10.71858932191643
1.2957763671875,-19.747305326258207,-13.256675630450163,-10.409510429275688
1.29608154296875,-17.22371345449231,-14.054693644272959,-10.180020622911176
1.29638671875,-15.352540078314995,-15.195239673978605,-10.114976843721008
1.29669189453125,-13.965278347251246,-16.689576240655956,-10.28269810662434
1.2969970703125,-12.964279249970332,-18.46665080608845,-10.740855424486973
1.29730224609375,-12.28761633214094,-20.191178609399188,-11.544264527660506
1.297607421875,-11.889920344642778,-21.106171852549952,-12.746586668739488
1.29791259765625,-11.729394243818936,-20.748799032293476,-14.374691260618748
1.2982177734375,-11.756071602716583,-19.73819298928221,-16.291980297146598
1.29852294921875,-11.900004103075473,-18.827264712878357,-17.77754943386392
1.298828125,-12.06386851645443,-18.353029905155694,-17.566561725598305
1.29913330078125,-12.13340749616181,-18.445868438330898,-15.89160105365778
1.2994384765625,-12.018513335194767,-19.21283011073161,-14.025878755637235
1.29974365234375,-11.705523515211027,-20.825818217907536,-12.522447803006141
1.300048828125,-11.268112947749868,-23.508736614428276,-11.466899421268957
1.30035400390625,-10.823763569439384,-26.376119907003584,-10.833693410381937
1.3006591796875,-10.483934136941489,-24.462159793895605,-10.58774678642351
1.30096435546875,-10.332697737938854,-20.162391245229895,-10.704349302388865
1.30126953125,-10.427018002426685,-16.777327809939774,-11.170301897510253
1.30157470703125,-10.799401398580397,-14.295287182708611,-11.980217504203473
1.3018798828125,-11.445067094582669,-12.465047132240443,-13.128631940945539
1.30218505859375,-12.26786203137198,-11.125038505895471,-14.592379168205895
1.302490234375,-12.959843153039188,-10.177901041313788,-16.29154317533818
1.30279541015625,-12.96070251806717,-9.563476001589875,-18.023745887355627
1.3031005859375,-11.943469408064633,-9.243757317969425,-19.446296179882225
1.30340576171875,-10.281244757296335,-9.194703302829533,-20.303516450698524
1.3037109375,-8.517214658912248,-9.401553444460301,-20.738641662192386
1.30401611328125,-6.9324821852334715,-9.855900779909174,-21.11986950632989
1.3043212890625,-5.612465812541299,-10.553533966968551,-21.627614654708495
1.30462646484375,-4.565776609302626,-11.492327504372518,-21.993921507213336
1.304931640625,-3.7788943624870774,-12.669377431528165,-21.49949524934028
1.30523681640625,-3.2351619648085963,-14.076107321562548,-19.857364926621084
1.3055419921875,-2.920592877779969,-15.68896616342653,-17.728557463619467
1.30584716796875,-2.825336202538607,-17.451313170126614,-15.744085660631233
1.30615234375,-2.9438218829621636,-19.240362082857953,-14.140226178264593
1.30645751953125,-3.274542958787629,-20.82245771451509,-12.963530980829333
1.3067626953125,-3.819650686510511,-21.853570636022717,-12.209430775665076
1.30706787109375,-4.584045082064142,-22.049390366461225,-11.869790840221663
1.307373046875,-5.5728532563153745,-21.438970579537923,-11.946021267592286
1.30767822265625,-6.784255580983746,-20.321968776942473,-12.44871452434486
1.3079833984375,-8.189880608447583,-19.00982912164841,-13.37998505593071
1.30828857421875,-9.68656215446379,-17.704151021805906,-14.660303855106795
1.30859375,-11.010295564748851,-16.509525496486642,-15.902336358082165
1.30889892578125,-11.720107073662794,-15.47034367308062,-16.179897147706118
1.3092041015625,-11.525255900031583,-14.59629409027201,-14.967261688044777
1.30950927734375,-10.644800002906932,-13.8770476942463,-13.061756216477374
1.309814453125,-9.511248126447798,-13.291256533826903,-11.255422047902595
1.31011962890625,-8.399112587024579,-12.813608490147221,-9.80988862199162
1.3104248046875,-7.412513065584404,-12.421901376944792,-8.756878108229255
1.31072998046875,-6.573268408342356,-12.104193365864248,-8.071672303132898
1.31103515625,-5.874315683870427,-11.864434234101246,-7.721869770356211
1.31134033203125,-5.301780562962017,-11.724731943072266,-7.675037867543465
1.3116455078125,-4.842789536080109,-11.724039676643896,-7.89244751717312
1.31195068359375,-4.487701647277134,-11.915107953677275,-8.313896429512594
1.312255859375,-4.230242168305539,-12.36181244560955,-8.834709635625137
1.31256103515625,-4.066886083199234,-13.135732339705939,-9.28847829272922
1.3128662109375,-3.996018891908472,-14.298521656038607,-9.479938132861838
1.31317138671875,-4.017067991330068,-15.806767727151508,-9.300452117067454
1.3134765625,-4.12964124710202,-17.139007457697215,-8.821926439473087
1.31378173828125,-4.332624409542802,-16.92353253475452,-8.234547306450168
1.3140869140625,-4.6231423010648935,-14.837966502001423,-7.721151985504335
1.31439208984375,-4.995277777847903,-12.27886724490985,-7.404915771421696
1.314697265625,-5.438491870414608,-10.025115046561277,-7.36040605133229
1.31500244140625,-5.935858556045711,-8.213666412427864,-7.6378340227936565
1.3153076171875,-6.462605776736234,-6.818115604542646,-8.279775830119135
1.31561279296875,-6.986058902878919,-5.794846747774524,-9.323893205589481
1.31591796875,-7.468591161458012,-5.1116271678771765,-10.770875336703345
1.31622314453125,-7.874653530742153,-4.751066451072515,-12.434173222523837
1.3165283203125,-8.180414233789783,-4.7102184795446025,-13.555819790427908
1.31683349609375,-8.381126636942472,-5.000894242392437,-13.038426944305709
1.317138671875,-8.491069214209421,-5.651737765038688,-11.227751500947276
1.31744384765625,-8.535715369694,-6.711928023671616,-9.24521205203327
1.3177490234375,-8.541147804483753,-8.252369912811849,-7.569478313744228
1.31805419921875,-8.526368467983321,-10.335899303391816,-6.273482835165786
1.318359375,-8.501051929729236,-12.792853700709955,-5.324453754516181
1.31866455078125,-8.4683430986232,-14.356075600272163,-4.673671109415064
1.3189697265625,-8.430863532101029,-13.252893370531798,-4.2745311081878175
1.31927490234375,-8.39744535229666,-10.885532153057886,-4.083046235290994
1.319580078125,-8.38804047270819,-8.793385092266076,-4.054809204725984
1.31988525390625,-8.43532548523139,-7.253284566858714,-4.1424854976717125
1.3201904296875,-8.583584855728807,-6.217424013095208,-4.2961192236584935
1.32049560546875,-8.887173362830659,-5.613131592182052,-4.468153373539259
1.32080078125,-9.41126459119156,-5.3851047627996635,-4.623207304641101
1.32110595703125,-10.237196565551933,-5.492138087232372,-4.7486747009020895
1.3214111328125,-11.474411286007772,-5.894804338754257,-4.859504618270768
1.32171630859375,-13.277682100790853,-6.535485557166403,-4.993717828470022
1.322021484375,-15.823687465114908,-7.306314363887438,-5.202190992574715
1.32232666015625,-18.7651962715278,-8.013883497877302,-5.539477511421343
1.3226318359375,-18.938008411152364,-8.400952655842628,-6.059854715962169
1.32293701171875,-15.564417186002677,-8.304413876246295,-6.819102021703747
1.3232421875,-12.259948472718081,-7.8130431978868025,-7.881413979408275
1.32354736328125,-9.731157324896975,-7.177452577319193,-9.33256852433608
1.3238525390625,-7.832285491997508,-6.6210643714156605,-11.30498332343988
1.32415771484375,-6.411168621253572,-6.2775204883495945,-14.029789131417276
1.324462890625,-5.367046906909185,-6.21714980619902,-17.930680067666838
1.32476806640625,-4.63450259350444,-6.482332120601728,-23.111043229021053
1.3250732421875,-4.169362983552001,-7.110283152388961,-22.93594775657553
1.32537841796875,-3.939947941400192,-8.145652420131864,-18.435175303431073
1.32568359375,-3.9215865388778717,-9.643513266985513,-15.320839238586002
1.32598876953125,-4.0929060708134095,-11.641828930876452,-13.29775663990727
1.3262939453125,-4.433149181112315,-13.991944332685582,-11.952173418454253
1.32659912109375,-4.920345539650836,-15.77748795792708,-11.049890926567983
1.326904296875,-5.530648107338934,-15.48514689405213,-10.446099668018752
1.32720947265625,-6.239467322989015,-13.767387901890158,-10.041390896067863
1.3275146484375,-7.024786290056405,-12.093345815760113,-9.765364991370571
1.32781982421875,-7.871554174940345,-10.921417611546788,-9.572623806969903
1.328125,-8.773027717814484,-10.28289796135982,-9.442407087521591
1.32843017578125,-9.72092154589446,-10.136767998640384,-9.376355443650604
1.3287353515625,-10.672177659855457,-10.438763797471493,-9.392572184883104
1.32904052734375,-11.482937976133009,-11.127538893746573,-9.51761905558104
1.329345703125,-11.85392430561997,-12.05725188082647,-9.779096602200214
1.32965087890625,-11.472406988599499,-12.869879264242744,-10.20004546154842
1.3299560546875,-10.363109001896847,-12.994813712826216,-10.794444755862436
1.33026123046875,-8.884754330471035,-12.181922884669337,-11.561907632787658
1.33056640625,-7.377435711891618,-10.850943091545233,-12.479683749744195
1.33087158203125,-6.020312089417424,-9.514400341603851,-13.492428517192003
1.3311767578125,-4.881605081681278,-8.425032175325045,-14.508021406357386
1.33148193359375,-3.9794098485442526,-7.661792895479942,-15.420187199425673
1.331787109375,-3.3134444301653962,-7.239252120721378,-16.171891987246813
1.33209228515625,-2.878463049990615,-7.156498497252501,-16.819641366531734
1.3323974609375,-2.6695585919421387,-7.414506681646927,-17.53155091477079
1.33270263671875,-2.684249203629644,-8.021562098315755,-18.5357657257398
1.3330078125,-2.9233800959750305,-8.992884431697398,-20.095122704184
1.33331298828125,-3.3916619725014607,-10.341357352653059,-22.508666527766877
1.3336181640625,-4.098176534143115,-12.040883876206323,-25.683980886970375
1.33392333984375,-5.05694849054947,-13.9097622478467,-26.09097613380556
1.334228515625,-6.287468210148479,-15.38731034710175,-22.203014048304638
1.33453369140625,-7.8145732516882305,-15.714080133701998,-18.600460399425213
1.3348388671875,-9.665695266964299,-14.995711654100436,-15.979758333406583
1.33514404296875,-11.859237942854971,-14.045017630450424,-14.112962874884687
1.33544921875,-14.3662194652048,-13.379417805555011,-12.817232592340009
1.33575439453125,-17.009006874027158,-13.180984234268271,-11.979134336446117
1.3360595703125,-19.325939576446437,-13.519480047510182,-11.523277044545672
1.33636474609375,-20.810514187940377,-14.45840533745033,-11.387057839171845
1.336669921875,-21.63891180809206,-16.07773667942427,-11.496225220889622
1.33697509765625,-22.467949929983714,-18.338170496849767,-11.735433483212576
1.3372802734375,-23.54119965018764,-20.200400272493294,-11.92324278605347
1.33758544921875,-23.899660293513023,-19.128270704795,-11.838515721529713
1.337890625,-21.937991069129275,-16.208479371826776,-11.344347673533843
1.33819580078125,-18.682476211570474,-13.566448199882773,-10.501689621930733
1.3385009765625,-15.603262155834352,-11.56074055164632,-9.50496286196978
1.33880615234375,-13.024000017662111,-10.107342591112644,-8.537708491670374
1.339111328125,-10.901106477670972,-9.103737567359191,-7.712106100648101
1.33941650390625,-9.148616672704168,-8.476640942765293,-7.080816475153789
1.3397216796875,-7.695736816328226,-8.177498916520431,-6.662211827223743
1.34002685546875,-6.490930883355057,-8.174556408373112,-6.457270631831271
1.34033203125,-5.498065127541786,-8.446574711720324,-6.457783302372788
1.34063720703125,-4.692447076171332,-8.977221546034414,-6.649251787674223
1.3409423828125,-4.057729701002775,-9.747932649278692,-7.0110870186417165
1.34124755859375,-3.583516593781135,-10.725816231873335,-7.516082289469566
1.341552734375,-3.2633911664137267,-11.842054353837948,-8.131403346149193
1.34185791015625,-3.093109003854571,-12.9611112093514,-8.823941409933006
1.3421630859375,-3.068668762294979,-13.869236498822863,-9.572163332966806
1.34246826171875,-3.183890621967266,-14.35577603299761,-10.38273719845488
1.3427734375,-3.42701309413999,-14.382591869043429,-11.304948498147473
1.34307861328125,-3.775813545190947,-14.126193696008823,-12.43510235522212
1.3433837890625,-4.1913205603019525,-13.825545306616881,-13.903142671313809
1.34368896484375,-4.612299334512768,-13.658548319236994,-15.789510986187663
1.343994140625,-4.957091772048498,-13.730254130126774,-17.659250840410596
1.34429931640625,-5.142510947829011,-14.099713859240692,-17.56204034820996
1.3446044921875,-5.119729848621947,-14.790709264618709,-14.857910571025215
1.34490966796875,-4.9026677992006436,-15.75089720326467,-11.72345152661765
1.34521484375,-4.5604693089155255,-16.693923960694704,-9.059417575656807
1.34552001953125,-4.182061605175869,-16.88448716523454,-6.9119014163956045
1.3458251953125,-3.8449387800568395,-15.680610175771486,-5.1968839117070065
1.34613037109375,-3.6032178539824953,-13.554302624707352,-3.8387193321058306
1.346435546875,-3.4889659784437352,-11.298161913671233,-2.782816817527118
1.34674072265625,-3.517330378505556,-9.263658911425507,-1.9911750104542238
1.3470458984375,-3.6904892443906463,-7.5261513012728685,-1.437514634487608
1.34735107421875,-3.998992062843147,-6.07574036425897,-1.1038933371207358
1.34765625,-4.420584916371413,-4.885574874870732,-0.9785486373117238
1.34796142578125,-4.91754951409276,-3.9302813189147754,-1.0545754575722885
1.3482666015625,-5.435214594335468,-3.1897545858919085,-1.3291670191981588
1.34857177734375,-5.906722912314834,-2.649122321575073,-1.8032621061128586
1.348876953125,-6.269261332592684,-2.2979095275122337,-2.4815233366510165
1.34918212890625,-6.488930503531355,-2.129197285075691,-3.372631386788148
1.3494873046875,-6.578072590264492,-2.1389352270786715,-4.489929045914953
1.34979248046875,-6.589631605579452,-2.3253828969353543,-5.852480841967812
1.35009765625,-6.593943379033947,-2.6885846085533944,-7.4865627610951435
1.35040283203125,-6.656745517722341,-3.229710304038445,-9.42713529194164
1.3507080078125,-6.828743097296032,-3.9499480511813183,-11.716459114240749
1.35101318359375,-7.1445375910612805,-4.848307074098858,-14.385504652563412
1.351318359375,-7.62495094142997,-5.916993085772191,-17.351757452051274
1.35162353515625,-8.278420415866407,-7.131705705325709,-20.023214625597348
1.3519287109375,-9.098928328261023,-8.432642487952828,-20.94245027266462
1.35223388671875,-10.058573248851388,-9.694495737757938,-19.82164934110456
1.3525390625,-11.094113786707531,-10.705875634854959,-18.05977922803346
1.35284423828125,-12.093621204272244,-11.227330782360776,-16.38252354501106
1.3531494140625,-12.907018429295068,-11.158686448427098,-14.911126791214748
1.35345458984375,-13.41204596868868,-10.626451509680239,-13.635714400133898
1.353759765625,-13.605185665953226,-9.854093348870238,-12.543489437042547
1.35406494140625,-13.61158138094197,-9.016713472383286,-11.63322662511683
1.3543701171875,-13.600966047111733,-8.212601481042402,-10.909669251044424
1.35467529296875,-13.71382792084258,-7.49080036101017,-10.378536504537504
1.35498046875,-14.04338153550415,-6.877601476812756,-10.044517325463968
1.35528564453125,-14.642568130584825,-6.3908147257381955,-9.910996831093698
1.3555908203125,-15.519331187247893,-6.045831527538911,-9.980184043911397
1.35589599609375,-16.58544370354274,-5.85790787520123,-10.252666409543439
1.356201171875,-17.52317281150716,-5.843167417124143,-10.725382959556914
1.35650634765625,-17.71852976543288,-6.019453973218311,-11.38636145040697
1.3568115234375,-16.802868974424285,-6.407477673302633,-12.203309923917844
1.35711669921875,-15.19978458231419,-7.032416008887874,-13.102605258631254
1.357421875,-13.500457708297112,-7.925962315843681,-13.94232250512146
1.35772705078125,-11.991021432092577,-9.128320912997722,-14.512867281769523
1.3580322265625,-10.74862495123006,-10.68743173779066,-14.629858475456004
1.35833740234375,-9.773229056207875,-12.64297269665715,-14.283321687825312
1.358642578125,-9.04293821706229,-14.942629898143236,-13.645286751055988
1.35894775390625,-8.531110160401413,-17.135154320487924,-12.923834188653604
1.3592529296875,-8.209865861517818,-18.032409348477106,-12.262478690427658
1.35955810546875,-8.04896955332108,-17.16072253448416,-11.73509141968627
1.35986328125,-8.01319119989665,-15.68860054516124,-11.372682339023934
1.36016845703125,-8.059837222048015,-14.43540501155825,-11.185349380842924
1.3604736328125,-8.138494763764953,-13.578123081188574,-11.174537230657204
1.36077880859375,-8.195659589628534,-13.079071506247788,-11.338933003202051
1.361083984375,-8.18568106123898,-12.83891151139655,-11.676916162030754
1.36138916015625,-8.084673765424464,-12.72106841141391,-12.187017517824803
1.3616943359375,-7.898857797216071,-12.560557564279966,-12.866732235194327
1.36199951171875,-7.6607766747146835,-12.208890846302818,-13.709136334007146
1.3623046875,-7.416228633045025,-11.61082853937213,-14.695843882872467
1.36260986328125,-7.210769473738999,-10.834291914474965,-15.784267687314085
1.3629150390625,-7.081740218217315,-10.012589272184583,-16.88946603315182
1.36322021484375,-7.056018552887718,-9.270388186257026,-17.873019392532164
1.363525390625,-7.150981698814331,-8.694358517407856,-18.574308043267834
1.36383056640625,-7.3764064888997485,-8.338753997727329,-18.90520458096233
1.3641357421875,-7.736093275480243,-8.240349168348716,-18.92525285967001
1.36444091796875,-8.228771613419223,-8.431655662461049,-18.79176795356898
1.36474609375,-8.848203089024544,-8.951534389213984,-18.647132101741555
1.36505126953125,-9.582521784951858,-9.855385330397281,-18.55014489379128
1.3653564453125,-10.41292492370517,-11.226655086472771,-18.451990504687554
1.36566162109375,-11.311982681414543,-13.182613777864313,-18.195001115848825
1.365966796875,-12.242185626883256,-15.794974176719593,-17.574892594679376
1.36627197265625,-13.155904759855744,-18.38160961997174,-16.49755299510552
1.3665771484375,-13.998400199879896,-18.123732015929686,-15.07620656670754
1.36688232421875,-14.71503457281531,-15.263806459591851,-13.5278308961975
1.3671875,-15.261529692735634,-12.508863424992589,-12.031324631782354
1.36749267578125,-15.612788840161363,-10.40872195588199,-10.688683689137228
1.3677978515625,-15.764925177060956,-8.875070764211863,-9.547068919058313
1.36810302734375,-15.72898939644677,-7.791238548362486,-8.625463656383491
1.368408203125,-15.520401282413223,-7.0755194919799305,-7.931267259860812
1.36871337890625,-15.150382338647963,-6.674384906922086,-7.468962654221186
1.3690185546875,-14.624010916527084,-6.551962834315397,-7.244596712029878
1.36932373046875,-13.9457958352587,-6.681375997789049,-7.268438214895395
1.36962890625,-13.129137982248782,-7.035998930811633,-7.557059813493457
1.36993408203125,-12.202913443327883,-7.57736499602043,-8.135396527566055
1.3702392578125,-11.210256092339568,-8.236231130289415,-9.03851178994405
1.37054443359375,-10.200794208444577,-8.888218376004607,-10.31022560102941
1.370849609375,-9.221827108294654,-9.346855777212948,-11.98501166156958
1.37115478515625,-8.312724166708135,-9.426690039224608,-13.995936508167617
1.3714599609375,-7.503284536299152,-9.07382263894155,-15.84729319507253
1.37176513671875,-6.814670989038142,-8.412262224850638,-16.322486160149978
1.3720703125,-6.261340305094263,-7.6359000449164025,-15.07049728179502
1.37237548828125,-5.85299621847458,-6.898007980003183,-13.304876510774262
1.3726806640625,-5.596156828982722,-6.286402558805273,-11.804535383591352
1.37298583984375,-5.495237931507272,-5.842752879145711,-10.744495301326591
1.373291015625,-5.553160495057944,-5.5843443083769735,-10.12074524052765
1.37359619140625,-5.771480144369049,-5.517817969431741,-9.899831554256835
1.3739013671875,-6.149955255504672,-5.646522730906526,-10.045578024425623
1.37420654296875,-6.685324769470881,-5.974355272467785,-10.505622329220055
1.37451171875,-7.368843745392568,-6.507938631169442,-11.16645565576822
1.37481689453125,-8.181844683839875,-7.258055462798245,-11.774228969917807
1.3751220703125,-9.088490919206581,-8.240505382014412,-11.913530133925228
1.37542724609375,-10.025902063546388,-9.475384175813675,-11.286879843872338
1.375732421875,-10.896196928771849,-10.980410790799304,-10.064209191114672
1.37603759765625,-11.574051239686217,-12.742783883689645,-8.654411736078648
1.3763427734375,-11.946250492628357,-14.622819871317297,-7.340751817423936
1.37664794921875,-11.970198433618977,-16.1303953638412,-6.240840528864254
1.376953125,-11.696072660074982,-16.435040766549676,-5.384946380671395
1.37725830078125,-11.227817417487193,-15.395427395979766,-4.768999979822207
1.3775634765625,-10.66990308087798,-13.790537627833173,-4.37723813557877
1.37786865234375,-10.102544899826771,-12.202996213734888,-4.190062276291165
1.378173828125,-9.582214289401733,-10.81533053910622,-4.185902544934487
1.37847900390625,-9.149942336191755,-9.645720034112099,-4.340841451442982
1.3787841796875,-8.838257086077535,-8.670431143994497,-4.62773945262059
1.37908935546875,-8.675161666315224,-7.861637395695295,-5.016095833792548
1.37939453125,-8.685979919872747,-7.1970246217001,-5.473862477339109
1.37969970703125,-8.893697947128588,-6.661492016231411,-5.972057962195084
1.3800048828125,-9.317293364464055,-6.246908897446254,-6.491555959424467
1.38031005859375,-9.965528308819831,-5.951601377684177,-7.029064910923272
1.380615234375,-10.819764489586634,-5.7800367062515,-7.5979604394759885
1.38092041015625,-11.793737389832199,-5.742872735673855,-8.22093089102507
1.3812255859375,-12.667193287195971,-5.857530503464949,-8.913635124875249
1.38153076171875,-13.078426297700599,-6.149569172316368,-9.658441341750736
1.3818359375,-12.77399145462657,-6.655388251112803,-10.368000906119484
1.38214111328125,-11.910750004873051,-7.427228328982497,-10.858963414001686
1.3824462890625,-10.871155422698667,-8.542170166278213,-10.909891941286993
1.38275146484375,-9.940928626345084,-10.11712840763337,-10.442107021939503
1.383056640625,-9.258559700544147,-12.32232273194981,-9.616603075432797
1.38336181640625,-8.882462052398532,-15.26944392975935,-8.691588521581187
1.3836669921875,-8.843616273427031,-17.7641247269798,-7.8661154454343185
1.38397216796875,-9.173381548969143,-16.116401853404604,-7.253549539559893
1.38427734375,-9.921116017725723,-12.556870046235316,-6.914874966169318
1.38458251953125,-11.174456351000092,-9.610169297700425,-6.891215927984584
1.3848876953125,-13.098568520348959,-7.3983654115025,-7.225749248784371
1.38519287109375,-16.035030644059894,-5.753493751678454,-7.981564263951424
1.385498046875,-20.771331354302372,-4.552745127162444,-9.264928086781705
1.38580322265625,-27.059579923783808,-3.72225648342448,-11.26755299258042
1.3861083984375,-22.191715811401327,-3.2209595776527737,-14.33467681199685
1.38641357421875,-17.306408208923447,-3.030569631960627,-18.612552555886296
1.38671875,-14.457313843416571,-3.151233705890864,-19.095387769355867
1.38702392578125,-12.75254632178754,-3.601602400658201,-14.426600345577608
1.3873291015625,-11.816750880940818,-4.423721719349631,-10.732521337841902
1.38763427734375,-11.490857580418632,-5.695842566535369,-8.162007393892045
1.387939453125,-11.719877143933196,-7.562541540396409,-6.336788451043811
1.38824462890625,-12.519860937220402,-10.310133831515962,-5.038390592977903
1.3885498046875,-13.98040129615439,-14.560812980854996,-4.144401662466493
1.38885498046875,-16.289430343837175,-20.73598723579188,-3.582494868127454
1.38916015625,-19.66820458479637,-18.26378136941384,-3.3079299142165604
1.38946533203125,-22.76459057671719,-13.05368736915378,-3.2919573431958797
1.3897705078125,-20.56121531420681,-9.91599652797348,-3.5148777032948115
1.39007568359375,-16.748299629334017,-7.991503452533212,-3.9604954539840396
1.390380859375,-13.931918338393228,-6.857140324017519,-4.609504830296981
1.39068603515625,-11.968817744363347,-6.328753840286758,-5.429014607002608
1.3909912109375,-10.607971890186931,-6.334715184047055,-6.355245428444426
1.39129638671875,-9.687782864524678,-6.875253717289107,-7.270981326543828
1.3916015625,-9.102556466750215,-8.02143276956899,-7.99906636083514
1.39190673828125,-8.776139623612076,-9.950708447901466,-8.360980514620032
1.3922119140625,-8.648331752526454,-13.04259052613704,-8.300703116808364
1.39251708984375,-8.66964935712345,-17.79238479068934,-7.934845324740614
1.392822265625,-8.802071466139576,-19.17904783524025,-7.454979331213133
1.39312744140625,-9.023866475839057,-13.953748852146543,-7.019625789105617
1.3934326171875,-9.33569327108843,-10.059887052279922,-6.726688136731416
1.39373779296875,-9.764951805139658,-7.4826003873866584,-6.631453390924996
1.39404296875,-10.367709242325558,-5.738656741847427,-6.7693912182812035
1.39434814453125,-11.232008896058435,-4.58015455136324,-7.172731262019561
1.3946533203125,-12.491839960508253,-3.8777789826550357,-7.8829552544819315
1.39495849609375,-14.372702899152149,-3.561547518668137,-8.964299166719346
1.395263671875,-17.339881499786852,-3.5949352386322553,-10.525878909161246
1.39556884765625,-22.73243766165262,-3.9629492774928115,-12.768658349948321
1.3958740234375,-32.95256632991422,-4.666121986696478,-16.096150596969622
1.39617919921875,-21.76433896039231,-5.716085820330507,-21.183130730716595
1.396484375,-15.991974311440076,-7.127253180568307,-23.634241548685107
1.39678955078125,-12.544024588184062,-8.89031628984933,-18.21631027456904
1.3970947265625,-10.175153486115631,-10.887601715214155,-14.185488182062176
1.39739990234375,-8.45404734519864,-12.698044650630262,-11.551280055835386
1.397705078125,-7.179528636039835,-13.568073532023519,-9.76183752759977
1.39801025390625,-6.239086653038274,-13.279392066885148,-8.54757769490618
1.3983154296875,-5.56111939601445,-12.534683173411539,-7.771165587781425
1.39862060546875,-5.095391117639093,-11.96888961785642,-7.358758158492087
1.39892578125,-4.804258531930575,-11.844422405814948,-7.271089460697037
1.39923095703125,-4.658851317254862,-12.261850729583335,-7.490363449706662
1.3995361328125,-4.6378381143708,-13.29745464346585,-8.013802630488703
1.39984130859375,-4.72746203355272,-15.039646988150338,-8.849565252506933
1.400146484375,-4.921781206344709,-17.443350327249526,-10.010989610543827
1.40045166015625,-5.222086793805802,-19.353809808879838,-11.500209424056605
1.4007568359375,-5.634469852614897,-18.168344668373045,-13.255736889550471
1.40106201171875,-6.164277860535151,-15.288239563742035,-15.012077379674533
1.4013671875,-6.805313120725748,-12.790900801896166,-16.13797176563504
1.40167236328125,-7.5202389529607485,-10.970000539909393,-16.078024016488335
1.4019775390625,-8.21073278667576,-9.733317015132322,-15.190551876291005
1.40228271484375,-8.695913916248317,-8.985561005393217,-14.18868838883117
1.402587890625,-8.763346983517335,-8.667295924651645,-13.447615202025894
1.40289306640625,-8.326914621673486,-8.75104022676095,-13.086493332218422
1.4031982421875,-7.519494513414726,-9.237694836415201,-13.140814939715707
1.40350341796875,-6.575104909788683,-10.15943113296659,-13.639670634847555
1.40380859375,-5.682041643747485,-11.593558141322031,-14.640965179313405
1.40411376953125,-4.947811836587311,-13.701365291262547,-16.26741896824313
1.4044189453125,-4.424429748590159,-16.845493178482187,-18.787525677506874
1.40472412109375,-4.136256133892707,-22.077088752933083,-22.883393801823082
1.405029296875,-4.097011250924071,-36.185411566911114,-30.806118299562293
1.40533447265625,-4.3188612665601775,-26.8578353316285,-30.51756232846309
1.4056396484375,-4.8176313653932565,-20.193218062460012,-22.932062501820127
1.40594482421875,-5.616798782766885,-17.001763537007943,-19.02736189625992
1.40625,-6.752094903643146,-15.17290069153117,-16.616519372747952
1.40655517578125,-8.278687453637616,-14.12690697170223,-15.015764050284728
1.4068603515625,-10.284465729894709,-13.61835295361653,-13.931882014447298
1.40716552734375,-12.917899328071377,-13.517160576331973,-13.203871527214533
1.407470703125,-16.45493380600192,-13.741409308851125,-12.724073577174089
1.40777587890625,-21.48415959754403,-14.230263571015742,-12.40834873583253
1.4080810546875,-29.167503338679026,-14.931773437543427,-12.185302861733023
1.40838623046875,-31.254017823789184,-15.799200132974427,-11.99596336363964
1.40869140625,-26.967445828474528,-16.79466480339491,-11.799354704651241
1.40899658203125,-25.456530424298034,-17.897706967539403,-11.578346996166893
1.4093017578125,-24.95209556939426,-19.109123743760378,-11.340064806755324
1.40960693359375,-23.065003930499664,-20.427489994492085,-11.109193464701356
1.409912109375,-19.537577727355263,-21.753674320501872,-10.917707170149322
1.41021728515625,-16.043041008203424,-22.683545299785337,-10.795821757305
1.4105224609375,-13.169461073332887,-22.50925646689996,-10.766325449616406
1.41082763671875,-10.90497396460078,-21.09737945973731,-10.841495137463733
1.4111328125,-9.147911836719233,-19.161576265103847,-11.020592001483717
1.41143798828125,-7.809398677960418,-17.291833118322817,-11.286155029076983
1.4117431640625,-6.821978088810434,-15.70198188184069,-11.598552143141704
1.41204833984375,-6.133795192131512,-14.431175793475168,-11.891249383819297
1.412353515625,-5.701966184276031,-13.46570470637413,-12.074787770528957
1.41265869140625,-5.486821985426303,-12.779514512143678,-12.060667513786552
1.4129638671875,-5.447001818046278,-12.344238096659359,-11.802797607902226
1.41326904296875,-5.535801239472429,-12.128942923796389,-11.32536869542223
1.41357421875,-5.7003213816555665,-12.095522965317995,-10.70802918830966
1.41387939453125,-5.885943696002359,-12.191526524585708,-10.044907560629625
1.4141845703125,-6.047516443971058,-12.342856359742495,-9.414035618595488
1.41448974609375,-6.16371148928578,-12.453246540510065,-8.868813138466194
1.414794921875,-6.2456535994204625,-12.42213039877775,-8.44223192221346
1.41510009765625,-6.3331215600136055,-12.183863960269179,-8.154004663486775
1.4154052734375,-6.481469708584267,-11.74246882416898,-8.016377967528856
1.41571044921875,-6.748546389855843,-11.166323482842769,-8.037857742341963
1.416015625,-7.187702830514693,-10.548661745228012,-8.225102713831756
1.41632080078125,-7.84702803704619,-9.971909999304083,-8.583142090144841
1.4166259765625,-8.772181593312883,-9.494692990266223,-9.113477927265226
1.41693115234375,-10.010122721234643,-9.154560317608064,-9.808581849162936
1.417236328125,-11.61042607073604,-8.9753922007073,-10.639733362994665
1.41754150390625,-13.61461353122645,-8.974030938127086,-11.534446355621641
1.4178466796875,-15.99688820582612,-9.1648309980822,-12.3477153349205
1.41815185546875,-18.445038179039386,-9.56212042857541,-12.864998310117308
1.41845703125,-20.010341969228026,-10.180138896456798,-12.90685860369724
1.41876220703125,-19.937800728165627,-11.027998586868716,-12.485405588479475
1.4190673828125,-19.034488573773572,-12.091920371780912,-11.796810940509378
1.41937255859375,-18.231805158562434,-13.285750202412576,-11.06223462656606
1.419677734375,-17.814883604236563,-14.34869883912545,-10.431643167584696
1.41998291015625,-17.76685643707636,-14.791591024919544,-9.985939558480489
1.4202880859375,-17.96313697143599,-14.256389778270222,-9.76697253407876
1.42059326171875,-18.22466223480874,-12.994811115265401,-9.800980662261319
1.4208984375,-18.373832959229834,-11.518430194860809,-10.112880744643283
1.42120361328125,-18.328823217639435,-10.139605810341795,-10.7361786012324
1.4215087890625,-18.14328147333347,-8.97206924776551,-11.723479008895296
1.42181396484375,-17.917004972551073,-8.04059183771762,-13.163839573271387
1.422119140625,-17.659507961516503,-7.340896233232497,-15.220515604626568
1.42242431640625,-17.208865911487997,-6.862581426814725,-18.231728166408914
1.4227294921875,-16.2979170120857,-6.596933433280824,-23.044369793770972
1.42303466796875,-14.822324787218708,-6.539449562110611,-31.156596947094933
1.42333984375,-12.989664182202887,-6.690670437026891,-26.278334392533075
1.42364501953125,-11.10661166861033,-7.056503284142915,-20.57557411793328
1.4239501953125,-9.377423544812038,-7.648173885942948,-17.355539773875975
1.42425537109375,-7.893371499260418,-8.480967780376837,-15.318797383393864
1.424560546875,-6.682982199205187,-9.568674024867686,-13.97727199876716
1.42486572265625,-5.747757437301235,-10.904091664668712,-13.103493127510708
1.4251708984375,-5.078778818585925,-12.399211769611483,-12.571118992263024
1.42547607421875,-4.662279074066078,-13.746126378582527,-12.301840705548358
1.42578125,-4.47903344401135,-14.330834354640015,-12.246113825063869
1.42608642578125,-4.499004967918977,-13.755457166573263,-12.377698201870404
1.4263916015625,-4.671146631316258,-12.432870187131273,-12.695029889705186
1.42669677734375,-4.91006064008559,-10.975012506297757,-13.226653818296594
1.427001953125,-5.090136415108279,-9.685496687898075,-14.04124034487609
1.42730712890625,-5.071819841386493,-8.651491212842066,-15.26923425284531
1.4276123046875,-4.772084134658164,-7.881305491621886,-17.161831236173793
1.42791748046875,-4.224071082871237,-7.36306099994772,-20.29363088109692
1.42822265625,-3.552537729731217,-7.08385173122612,-26.65076716721118
1.42852783203125,-2.897612411261517,-7.035372923605692,-36.5270450355506
1.4288330078125,-2.3669538541222725,-7.215535973768549,-22.114323897205136
1.42913818359375,-2.0311677556098036,-7.629269631710125,-16.56909398223337
1.429443359375,-1.937458308363247,-8.289736859856355,-13.1116376221353
1.42974853515625,-2.124670648266479,-9.220795904605488,-10.659863261091482
1.4300537109375,-2.6363544833974335,-10.461940409164647,-8.837980853646187
1.43035888671875,-3.534807544893763,-12.078453301390866,-7.4718077660608415
1.4306640625,-4.923422259362846,-14.183996530585137,-6.466549645690316
1.43096923828125,-6.996279632325263,-16.998396213339912,-5.7643247570007965
1.4312744140625,-10.184243497187332,-21.03395522314409,-5.325400612631038
1.43157958984375,-15.794386341000951,-28.030213145036274,-5.117634460312459
1.431884765625,-30.881591432988756,-41.21197410230569,-5.108461395338356
1.43218994140625,-16.85683576013733,-26.66299180095764,-5.256989311826521
1.4324951171875,-11.047153786003271,-21.757300747979617,-5.505920864691048
1.43280029296875,-7.9440418165141224,-18.90992470058084,-5.776639180168861
1.43310546875,-6.048416298783129,-16.891976808741468,-5.976164691435947
1.43341064453125,-4.897948485006425,-15.26505611459141,-6.024753951506981
1.4337158203125,-4.29986312533564,-13.834290446027907,-5.894776262309737
1.43402099609375,-4.168036537827821,-12.520729289905784,-5.627658501671002
1.434326171875,-4.473778961515043,-11.30782537596261,-5.310682550407875
1.43463134765625,-5.231754649222905,-10.20775421244802,-5.038095477262049
1.4349365234375,-6.504146382989618,-9.240553386967896,-4.887143765950911
1.43524169921875,-8.423600108752657,-8.424205800000331,-4.913680057219379
1.435546875,-11.239891067686262,-7.771888072628079,-5.157263096516292
1.43585205078125,-15.250659746531365,-7.292580227019206,-5.647207808239868
1.4361572265625,-18.351024936282933,-6.992675013504445,-6.405197387602655
1.43646240234375,-15.199687110388131,-6.877544993166127,-7.440362470944773
1.436767578125,-11.448403797318266,-6.952745336462735,-8.727527630522772
1.43707275390625,-8.869070218742435,-7.224791054828094,-10.149448839837342
1.4373779296875,-7.139417155925411,-7.701444201965828,-11.400586305725241
1.43768310546875,-6.003900840974957,-8.391253546235353,-12.015969795964324
1.43798828125,-5.31629106213277,-9.301636604668488,-11.803654822908642
1.43829345703125,-4.990932247263568,-10.433859771642268,-11.118244406120263
1.4385986328125,-4.975611048905643,-11.771613448317652,-10.425817193794138
1.43890380859375,-5.237802259560777,-13.25843783941506,-9.995614495627446
1.439208984375,-5.757375441953808,-14.765444289336791,-9.949381967849975
1.43951416015625,-6.52244512189576,-16.08543953676419,-10.360397938536625
1.4398193359375,-7.526744500405417,-17.037500142584175,-11.316328735187028
1.44012451171875,-8.767572515205309,-17.652788005346384,-12.974999803690784
1.4404296875,-10.243442861213055,-18.188217745938225,-15.670205822056825
1.44073486328125,-11.949992755136961,-18.937023761507398,-20.201395915815755
1.4410400390625,-13.870815897623146,-20.03330776637042,-26.644824356550536
1.44134521484375,-15.955068856336156,-21.08017526781292,-21.4937929441157
1.441650390625,-18.06574584798378,-20.612277456477027,-16.258558353621968
1.44195556640625,-19.895026115069776,-18.067037115885164,-13.129576033269911
1.4422607421875,-20.974415641966285,-14.992116863789807,-11.13649414874843
1.44256591796875,-21.03720580431045,-12.265507307875726,-9.871440961377715
1.44287109375,-20.33250947490867,-10.015039073189605,-9.14497042265618
1.44317626953125,-19.288257241329077,-8.192061295011898,-8.86070926493807
1.4434814453125,-18.17351537634219,-6.733654481692101,-8.969453515388144
1.44378662109375,-17.100812482030136,-5.590074519181388,-9.449824751502135
1.444091796875,-16.106163743970715,-4.725736423778989,-10.298508527294707
1.44439697265625,-15.195285011157418,-4.116358178024166,-11.521875064420604
1.4447021484375,-14.363721388765638,-3.746411167189457,-13.11854838040966
1.44500732421875,-13.606089563087204,-3.607419585920364,-15.026665197540678
1.4453125,-12.920801806943096,-3.6970246039696724,-16.980318384689262
1.44561767578125,-12.312089912077575,-4.018697866382089,-18.330663649991624
1.4459228515625,-11.789957933468532,-4.582073277993733,-18.47910880147049
1.44622802734375,-11.368781462137774,-5.4039816351710215,-17.766180224948247
1.446533203125,-11.065446999797565,-6.510424697461436,-16.897380031777782
1.44683837890625,-10.897768819043332,-7.939936440958411,-16.20106943290777
1.4471435546875,-10.883530670943411,-9.749005814460148,-15.703313425406956
1.44744873046875,-11.040111225171536,-12.019878661672985,-15.298885307468652
1.44775390625,-11.384358448583352,-14.865663269526632,-14.841573696264616
1.44805908203125,-11.932061802770981,-18.385350729979997,-14.219607219669243
1.4483642578125,-12.695692490295158,-22.246342581443386,-13.41612181217651
1.44866943359375,-13.677332680533512,-24.310533382186804,-12.50452514811317
1.448974609375,-14.849669260191096,-23.38344901742264,-11.588586853694558
1.44927978515625,-16.112108630428786,-21.972521868665545,-10.751737575944771
1.4495849609375,-17.220942625792503,-20.939965082307932,-10.042358688216426
1.44989013671875,-17.793387729939017,-19.949798526226093,-9.479840662867838
1.4501953125,-17.588544985957647,-18.550815981538847,-9.064522259086171
1.45050048828125,-16.79327603089385,-16.690646975070976,-8.785198370500826
1.4508056640625,-15.78872056629547,-14.673902116801788,-8.62371057322458
1.45111083984375,-14.836469541520913,-12.781477402572607,-8.557602437476412
1.451416015625,-14.04954421667712,-11.140979349973378,-8.561715824982418
1.45172119140625,-13.463383861255075,-9.781582589453219,-8.609218804363685
1.4520263671875,-13.085636744882411,-8.690958012958324,-8.672310231356956
1.45233154296875,-12.919842772245445,-7.842513301898492,-8.722899627896757
1.45263671875,-12.976492879975108,-7.205462069011074,-8.733897357749242
1.45294189453125,-13.279739345498013,-6.7477668775619986,-8.682003504689938
1.4532470703125,-13.874095509698659,-6.436687011809937,-8.552360426842277
1.45355224609375,-14.83418705936936,-6.239092504868639,-8.343823437971828
1.453857421875,-16.279183301282213,-6.12266176215161,-8.072024034005366
1.45416259765625,-18.374706543091154,-6.0584324734435855,-7.7678759292666255
1.4544677734375,-21.11115530656476,-6.024367920762391,-7.4719207274443376
1.45477294921875,-22.62668267772865,-6.008689220803926,-7.227329148996575
1.455078125,-19.9548525430968,-6.0113423159024215,-7.074272702359674
1.45538330078125,-16.22678437880618,-6.042684827797928,-7.046465954952126
1.4556884765625,-13.170202751217152,-6.119911668974166,-7.168793419714234
1.45599365234375,-10.776229373126542,-6.262742071003898,-7.4537131225982485
1.456298828125,-8.884736815468909,-6.489796725702904,-7.893053474780372
1.45660400390625,-7.381429042358825,-6.816294875692516,-8.440903806702131
1.4569091796875,-6.193268462507664,-7.252951965200762,-8.98682635995702
1.45721435546875,-5.273649186976359,-7.805610946469093,-9.340979778950658
1.45751953125,-4.592804802474195,-8.475096836350188,-9.295423066849468
1.45782470703125,-4.13231507283075,-9.256796531903857,-8.779774337725481
1.4581298828125,-3.8820639614876744,-10.139326252981745,-7.932884555292345
1.45843505859375,-3.8386759123872722,-11.10126014476582,-6.978744527448529
1.458740234375,-4.004931584942601,-12.104485871579167,-6.092541860048774
1.45904541015625,-4.389937170451292,-13.083656484731737,-5.373265919877664
1.4593505859375,-5.009963023043862,-13.937077416912139,-4.868842509142034
1.45965576171875,-5.889851125283095,-14.538056933851811,-4.602211564844849
1.4599609375,-7.064404371946768,-14.789726829888675,-4.587218077729478
1.46026611328125,-8.57679229467022,-14.698297577882006,-4.8372016929819
1.4605712890625,-10.460607535052606,-14.383468456740534,-5.369956875536382
1.46087646484375,-12.650101078250621,-14.011461525265336,-6.211198853975359
1.461181640625,-14.662765313744368,-13.729761496342638,-7.3970552463404085
1.46148681640625,-15.30490605193604,-13.647198214847036,-8.972940567669887
1.4617919921875,-14.193630081945443,-13.840654462809454,-10.974302059159825
1.46209716796875,-12.509868354070544,-14.359992896595585,-13.326660481642511
1.46240234375,-11.039738644381059,-15.203355728550154,-15.491496484297375
1.46270751953125,-9.96359754675834,-16.20615099046512,-16.20424201717036
1.4630126953125,-9.27700537380947,-16.79935842741863,-15.227411970303503
1.46331787109375,-8.945800972187982,-16.156572018715355,-13.841636074321732
1.463623046875,-8.939948048465462,-14.351481221352758,-12.794058465239113
1.46392822265625,-9.235631070441789,-12.232433257877029,-12.249637381897145
1.4642333984375,-9.806189049836236,-10.317047005561745,-12.218929646305467
1.46453857421875,-10.60049520352198,-8.751554201659989,-12.700792147313587
1.46484375,-11.49908694871039,-7.54879323924923,-13.709812539298394
1.46514892578125,-12.253457652056362,-6.692281458827372,-15.251317197769334
1.4654541015625,-12.507169491909844,-6.167116931817046,-17.164890117673664
1.46575927734375,-12.055956881894748,-5.96859333395105,-18.60620791028613
1.466064453125,-11.075858099671095,-6.105687322128932,-18.122205553843767
1.46636962890625,-9.90897075279343,-6.605023985526533,-16.151823940346798
1.4666748046875,-8.793268345399396,-7.518299242921148,-14.1023158594531
1.46697998046875,-7.832395975141039,-8.936731338970668,-12.465260216012572
1.46728515625,-7.0544456082539275,-11.016810103167511,-11.273415812543767
1.46759033203125,-6.4551372187187726,-13.995172176309296,-10.467101763555835
1.4678955078125,-6.018155273401016,-17.758547595064112,-9.979043244186352
1.46820068359375,-5.723481126123246,-18.72309457883039,-9.743891479944452
1.468505859375,-5.550724795685299,-15.311774799647084,-9.692156588278877
1.46881103515625,-5.480619338805153,-12.18343925814839,-9.742893558902612
1.4691162109375,-5.495916653525566,-10.028758918395637,-9.802852055363394
1.46942138671875,-5.582026174894741,-8.618591986164327,-9.780319029876113
1.4697265625,-5.727289966455569,-7.776172190748357,-9.614337922645452
1.47003173828125,-5.922581018200845,-7.398623557254854,-9.30049269625518
1.4703369140625,-6.159899057112512,-7.42577318033643,-8.888236783860526
1.47064208984375,-6.429804044906588,-7.815378734157425,-8.451783148221407
1.470947265625,-6.717871238161546,-8.515228640099085,-8.060479310188674
1.47125244140625,-7.000959867829309,-9.414178965693047,-7.764834178242039
1.4715576171875,-7.2451134376061175,-10.262257161667481,-7.5955971566760905
1.47186279296875,-7.408099796768733,-10.648837465927567,-7.5677713173022285
1.47216796875,-7.449326614773667,-10.27892635373446,-7.68444484145679
1.47247314453125,-7.3455385370367345,-9.322061619120177,-7.9386098768678455
1.4727783203125,-7.10360699307917,-8.18890348888889,-8.312697355592073
1.47308349609375,-6.760633369692586,-7.16757914940422,-8.776250797950452
1.473388671875,-6.371344831910646,-6.3820025584502655,-9.28312283626908
1.47369384765625,-5.992477754827556,-5.869757148106559,-9.771515022255732
1.4739990234375,-5.672706553033472,-5.6352332332193615,-10.172218881869151
1.47430419921875,-5.449623192951332,-5.671995241931352,-10.428235347141477
1.474609375,-5.351052978731178,-5.9689957592774245,-10.518331774847795
1.47491455078125,-5.397828906903087,-6.507513042350657,-10.46696405135698
1.4752197265625,-5.606372120244307,-7.24865530097877,-10.33170952571072
1.47552490234375,-5.99030914284686,-8.107448497985038,-10.180046977025283
1.475830078125,-6.560502856357098,-8.916480818810555,-10.07246921902725
1.47613525390625,-7.322221059905405,-9.42331036318116,-10.05741462273062
1.4764404296875,-8.266407807800991,-9.414258866701832,-10.174238574756858
1.47674560546875,-9.348937076388557,-8.905776956964921,-10.459562320948518
1.47705078125,-10.451111470863218,-8.12371780365355,-10.954970579876537
1.47735595703125,-11.338802149864932,-7.305579994713933,-11.716659853466078
1.4776611328125,-11.718831164180356,-6.5989027515584535,-12.830302985836017
1.47796630859375,-11.474348638154456,-6.074592213591435,-14.439325804755953
1.478271484375,-10.798671512062892,-5.763570421267982,-16.806565688198038
1.47857666015625,-9.99466642023139,-5.681689294362991,-20.428563357134195
1.4788818359375,-9.275538156843961,-5.843214667513584,-25.168848617773506
1.47918701171875,-8.746798790694719,-6.268588406618646,-22.928324842236844
1.4794921875,-8.452243732523275,-6.9905542542839525,-17.71923231048335
1.47979736328125,-8.408667990465219,-8.061291797267137,-14.077982178669595
1.4801025390625,-8.62214345938142,-9.562019865566276,-11.496725040071338
1.48040771484375,-9.092091362469942,-11.609791568589397,-9.600343255101091
1.480712890625,-9.805368762594407,-14.300386805863234,-8.199933127314868
1.48101806640625,-10.716376755561473,-17.14296980078172,-7.196907663579635
1.4813232421875,-11.705756891552054,-17.510642949518086,-6.5398917279744
1.48162841796875,-12.531714892330498,-14.934227107689741,-6.206032594046985
1.48193359375,-12.877046622382604,-12.263780360423873,-6.193063440734652
1.48223876953125,-12.601120468763757,-10.2583201627482,-6.516725454135658
1.4825439453125,-11.903720962155266,-8.86525269171538,-7.21077519351082
1.48284912109375,-11.110325486096764,-7.979888110959761,-8.324818231964597
1.483154296875,-10.448972924395342,-7.53666679806123,-9.899049076759933
1.48345947265625,-10.030707465884133,-7.50855308027163,-11.8168674908867
1.4837646484375,-9.898685522527101,-7.902952283382251,-13.261203900596676
1.48406982421875,-10.059175202136284,-8.765196836326236,-12.657540219085952
1.484375,-10.48165026714295,-10.193585490283825,-10.409834105419936
1.48468017578125,-11.063749867259121,-12.369928344773378,-8.04764999180265
1.4849853515625,-11.562624482921368,-15.555076554836846,-6.0958516307581405
1.48529052734375,-11.58644510324645,-19.156843888645987,-4.589656684859878
1.485595703125,-10.863442988355343,-18.196243853145294,-3.476073007792444
1.48590087890625,-9.55800083824147,-14.244635527974784,-2.70405696668546
1.4862060546875,-8.057588563483751,-11.152025953352618,-2.237399224517696
1.48651123046875,-6.636015898809742,-8.983959454171238,-2.0536882923515516
1.48681640625,-5.411273208227873,-7.479400086900312,-2.141886967973837
1.48712158203125,-4.416913618387986,-6.471633670048165,-2.5007028612917006
1.4874267578125,-3.6527941386307687,-5.862607666691969,-3.137939154424414
1.48773193359375,-3.1077263949255296,-5.593307340519554,-4.07060689815683
1.488037109375,-2.7679473916861945,-5.6269747941637815,-5.3251880720020655
1.48834228515625,-2.6196688893373214,-5.939128714104497,-6.935944153975027
1.4886474609375,-2.6491652835746575,-6.509994857724023,-8.933369836261063
1.48895263671875,-2.841664721498041,-7.316256552199326,-11.293958534875854
1.4892578125,-3.179439097782331,-8.319479502533161,-13.768983309984124
1.48956298828125,-3.639245611468742,-9.450249916466099,-15.594498540703023
1.4898681640625,-4.189486572602109,-10.595219748985652,-16.009411417881008
1.49017333984375,-4.7882119553611915,-11.61310489484114,-15.550890327366409
1.490478515625,-5.384313258867727,-12.409069911409143,-15.166895660584887
1.49078369140625,-5.924860777497396,-13.026562361595381,-15.287367667970093
1.4910888671875,-6.369026827835435,-13.653181756534474,-16.018485760890194
1.49139404296875,-6.702566684320287,-14.552592408292961,-17.24105430790713
1.49169921875,-6.942566691678705,-16.048996663765728,-18.25312323967654
1.49200439453125,-7.12817086096165,-18.67852585918466,-17.64824545911903
1.4923095703125,-7.304107133304351,-23.972111290410133,-15.480294343163436
1.49261474609375,-7.506861322617674,-42.45170170837639,-13.114135802531873
1.492919921875,-7.757574321580196,-22.445762929386394,-11.160679833452843
1.49322509765625,-8.060272978808555,-16.205150340772608,-9.705357856214455
1.4935302734375,-8.403027008206422,-12.516495943307895,-8.715772972955788
1.49383544921875,-8.761161565493573,-9.974623788519354,-8.155867876373911
1.494140625,-9.103162750446446,-8.130187962802278,-8.009600662977048
1.49444580078125,-9.399796757034974,-6.783686060476476,-8.287869658546322
1.4947509765625,-9.63467157591254,-5.832026734867681,-9.0381806043693
1.49505615234375,-9.811709250803762,-5.218952631176306,-10.368961352385512
1.495361328125,-9.955449306092792,-4.915618944759396,-12.517031816768691
1.49566650390625,-10.104685021878444,-4.912688435133107,-16.080022965584217
1.4959716796875,-10.304151846025594,-5.218266843060872,-23.351516215497984
1.49627685546875,-10.598874019840627,-5.860403175942639,-30.761635520737126
1.49658203125,-11.032893589324155,-6.895709775731618,-18.110664386168274
1.49688720703125,-11.651983816330997,-8.43034096312003,-13.236371588553004
1.4971923828125,-12.509850384872438,-10.673555935919012,-10.313273682059968
1.49749755859375,-13.678828988137193,-14.102385370367937,-8.347926244832529
1.497802734375,-15.269278848738537,-20.165985682072517,-6.981780147720072
1.49810791015625,-17.46851285899302,-28.90686964088634,-6.0439079669559295
1.4984130859375,-20.61654030578728,-18.584211988925357,-5.439280226482531
1.49871826171875,-25.111063482343333,-13.570474526920641,-5.109627084710251
1.4990234375,-27.284278292028624,-10.68102952942879,-5.016761651648729
1.49932861328125,-22.738554590662208,-8.83399054397225,-5.134492963880487
1.4996337890625,-18.78834087560194,-7.6444570985309905,-5.444330971262667
1.49993896484375,-16.04952767314937,-6.937737991595006,-5.933041990776192
