row,truth_row,scene,snr_db,record_id,seed,frontend,eta_in,eta_out,input_usable,input_hash,duration_s,eta_in_matlab_check,eta_out_matlab_check,eta_in_matlab_abs_diff,eta_out_matlab_abs_diff
0,0,S0,-14,1,73270916,VS,0.957214486934547,0.97028280670171,1,74c71ce7c3f6c3893294dfe3c48c0bea,150,0.957214486934547,0.97028280670171,4.44089209850063e-16,2.22044604925031e-16
1,1,S0,-14,2,73270917,VS,0.950717886869845,0.972339756496339,1,bbc87d4cfe102205d94f09f9396d19c4,150,0.950717886869845,0.972339756496339,4.44089209850063e-16,2.22044604925031e-16
2,2,S0,-14,3,73270918,VS,0.949828033386771,0.984251049981499,1,565ca27317e47fa6c96f572e451803d3,150,0.949828033386771,0.984251049981499,3.33066907387547e-16,1.11022302462516e-16
3,3,S0,-14,4,73270919,VS,0.856071467532952,0.935790227819176,1,e53d91d8e4b202eee4d31c4b94957f42,150,0.856071467532952,0.935790227819176,2.22044604925031e-16,2.22044604925031e-16
4,4,S0,-14,5,73270920,VS,0.9601015897514,0.956423947545565,1,25eb38e4877d656b284441412f789751,150,0.9601015897514,0.956423947545565,1.11022302462516e-16,2.22044604925031e-16
5,5,S0,-14,6,73270921,VS,0.858212996015597,0.973895406328198,1,af57d963673702c1dcc0c04543bd1f4c,150,0.858212996015597,0.973895406328198,3.33066907387547e-16,2.22044604925031e-16
6,6,S0,-14,7,73270922,VS,0.935419964418725,0.980657342503083,1,f1761575bcf0978aaa8e557a28984224,150,0.935419964418725,0.980657342503083,4.44089209850063e-16,2.22044604925031e-16
7,7,S0,-14,8,73270923,VS,0.875104641875939,0.956010432324114,1,a9405ba365e67b11531ebc3f9c067d85,150,0.875104641875939,0.956010432324114,0,3.33066907387547e-16
8,8,S0,-14,9,73270924,VS,0.950731841229625,0.958080667591086,1,dfd425ee46e7e8942a706b4e578665ac,150,0.950731841229625,0.958080667591086,1.11022302462516e-16,3.33066907387547e-16
9,9,S0,-14,10,73270925,VS,0.877407788010686,0.919317849192939,1,ecb5feb1392541eb7eded85d6dd89071,150,0.877407788010686,0.919317849192939,3.33066907387547e-16,2.22044604925031e-16
10,10,S0,-14,11,73270926,VS,0.954698010916156,0.942367733668496,1,1a076e619c3dba8d0a776b47ab06486a,150,0.954698010916156,0.942367733668496,1.11022302462516e-16,2.22044604925031e-16
11,11,S0,-14,12,73270927,VS,0.957928391593412,0.965242675379855,1,222b5757c2e9b495833676337c488317,150,0.957928391593412,0.965242675379855,1.11022302462516e-16,0
12,12,S0,-14,13,73270928,VS,0.941818706005526,0.963835780606687,1,4df37795ad9f121371e9f40acf4c696c,150,0.941818706005526,0.963835780606687,1.11022302462516e-16,3.33066907387547e-16
13,13,S0,-14,14,73270929,VS,0.845292834844173,0.952512839251354,1,82d9dcc7a0629e5d9687f3009c4d4bea,150,0.845292834844173,0.952512839251354,4.44089209850063e-16,2.22044604925031e-16
14,14,S0,-14,15,73270930,VS,0.935633760406814,0.950427359945318,1,bf13c63d8cb76f57ecfcf290e0145c73,150,0.935633760406814,0.950427359945318,2.22044604925031e-16,3.33066907387547e-16
15,15,S0,-14,16,73270931,VS,0.887359520906573,0.976711418887874,1,09a1a6820241ab53fc93bde77fe3dabc,150,0.887359520906573,0.976711418887874,2.22044604925031e-16,4.44089209850063e-16
16,16,S0,-14,17,73270932,VS,0.956465119212528,0.98045164995864,1,82c0734b842d6ec9af9b40acfaf30bb8,150,0.956465119212528,0.98045164995864,2.22044604925031e-16,1.11022302462516e-16
17,17,S0,-14,18,73270933,VS,0.933853297500811,0.956002080254264,1,78d9a586416e9c09a39f2ab9e8c45b5a,150,0.933853297500811,0.956002080254264,2.22044604925031e-16,3.33066907387547e-16
18,18,S0,-14,19,73270934,VS,0.950377161540748,0.969449735372708,1,1673a5e9a1280eb48498fbb59916628d,150,0.950377161540748,0.969449735372708,3.33066907387547e-16,4.44089209850063e-16
19,19,S0,-14,20,73270935,VS,0.9838611729978,0.988914998380424,1,ad09b01e21d101571c992927f8a38070,150,0.9838611729978,0.988914998380424,1.11022302462516e-16,1.11022302462516e-16
20,20,S0,-14,21,73270936,VS,0.951786710443025,0.963656103770226,1,7eaf98abb74366a01cd3655a9d3210a5,150,0.951786710443025,0.963656103770226,3.33066907387547e-16,3.33066907387547e-16
21,21,S0,-14,22,73270937,VS,0.963012896237178,0.960752182724507,1,f50544e220250477cc95058544ec43a3,150,0.963012896237178,0.960752182724507,2.22044604925031e-16,1.11022302462516e-16
22,22,S0,-14,23,73270938,VS,0.950836696293098,0.925054145677422,1,e7f5106d35d58a183502e1ded87a57ca,150,0.950836696293098,0.925054145677422,3.33066907387547e-16,0
23,23,S0,-14,24,73270939,VS,0.910484644608604,0.98324853171681,1,6bce35df81bf918f9dd8e8f83dcf72bc,150,0.910484644608604,0.98324853171681,4.44089209850063e-16,1.11022302462516e-16
24,24,S0,-14,25,73270940,VS,0.959712043429815,0.960622892854348,1,7524fee0ed5f783b426611e1ffe750e0,150,0.959712043429815,0.960622892854348,3.33066907387547e-16,3.33066907387547e-16
25,25,S0,-14,26,73270941,VS,0.981136394886699,0.979688544381416,1,e02672915c738acb4b641a9f3045ccd7,150,0.981136394886699,0.979688544381416,0,3.33066907387547e-16
26,26,S0,-14,27,73270942,VS,0.952807654802821,0.955414326030293,1,95e9db035806ae3cc5ffe4264c5811a9,150,0.952807654802821,0.955414326030293,4.44089209850063e-16,0
27,27,S0,-14,28,73270943,VS,0.941960185900703,0.938031635278313,1,efd57765701100abfc25bec96e291c70,150,0.941960185900703,0.938031635278313,4.44089209850063e-16,1.11022302462516e-16
28,28,S0,-14,29,73270944,VS,0.946121679342146,0.95486568362462,1,1e526e65e922bf8471e3e46b766b02d6,150,0.946121679342146,0.95486568362462,0,3.33066907387547e-16
29,29,S0,-14,30,73270945,VS,0.944870548691536,0.981917742255004,1,6ba935e133ea888d1c0aa837ee4de750,150,0.944870548691536,0.981917742255004,1.11022302462516e-16,2.22044604925031e-16
30,30,S0,-14,31,73270946,VS,0.655234323181938,0.947901414689952,1,1e817ec150f0fff87878f8d98fd82d1a,150,0.655234323181938,0.947901414689952,2.22044604925031e-16,1.11022302462516e-16
31,31,S0,-14,32,73270947,VS,0.956667783299548,0.970645082538903,1,2d34281f0fbad344ac607d5feb3f48a1,150,0.956667783299548,0.970645082538903,1.11022302462516e-16,3.33066907387547e-16
32,32,S0,-14,33,73270948,VS,0.955182062005079,0.959694708247807,1,34164c41483b1e50c8d5294431d5703a,150,0.955182062005079,0.959694708247807,2.22044604925031e-16,3.33066907387547e-16
33,33,S0,-14,34,73270949,VS,0.961692749172125,0.954978684198139,1,70e936470c23de8ba2b64fb862b7f27e,150,0.961692749172125,0.954978684198139,1.11022302462516e-16,4.44089209850063e-16
34,34,S0,-14,35,73270950,VS,0.923627614385899,0.955092659351933,1,e1b8cf2058bfe15d6d47ac38bab2696c,150,0.923627614385899,0.955092659351933,0,3.33066907387547e-16
35,35,S0,-14,36,73270951,VS,0.976141060779462,0.974628855015643,1,810735c60006a57d1cc705ee396eb14c,150,0.976141060779462,0.974628855015643,5.55111512312578e-16,2.22044604925031e-16
36,36,S0,-14,37,73270952,VS,0.93282611420851,0.973300870712741,1,faba35fe2ade2898b380de86b9a78c86,150,0.93282611420851,0.973300870712741,2.22044604925031e-16,1.11022302462516e-16
37,37,S0,-14,38,73270953,VS,0.818971552750583,0.953260568927264,1,5f5b5bd49f94a443dcb8c47ad2858fa8,150,0.818971552750583,0.953260568927264,1.11022302462516e-16,1.11022302462516e-16
38,38,S0,-14,39,73270954,VS,0.874523631403738,0.951855307396089,1,dbfb0e4705586754d9e1fcec57f674f7,150,0.874523631403738,0.951855307396089,1.11022302462516e-16,1.11022302462516e-16
39,39,S0,-14,40,73270955,VS,0.606481720162095,0.926299214594419,1,75f32db72ed5e0c76139def1ff039c77,150,0.606481720162095,0.926299214594419,1.11022302462516e-16,4.44089209850063e-16
40,40,S0,-14,41,73270956,VS,0.928253943696426,0.979768841422606,1,a89633789b63d1aa550a21b84e1f0a1d,150,0.928253943696426,0.979768841422606,2.22044604925031e-16,3.33066907387547e-16
41,41,S0,-14,42,73270957,VS,0.945702912728704,0.953103482586138,1,7662732078368e75fce943d7674edcdc,150,0.945702912728704,0.953103482586138,3.33066907387547e-16,0
42,42,S0,-14,43,73270958,VS,0.955857287879916,0.977521061081583,1,4f6f8b7a5a5baca1e308e9435514c5cb,150,0.955857287879916,0.977521061081583,2.22044604925031e-16,4.44089209850063e-16
43,43,S0,-14,44,73270959,VS,0.95588293758942,0.944870342826242,1,0a61f7cef524fdd0996f567e4b49505c,150,0.95588293758942,0.944870342826242,3.33066907387547e-16,3.33066907387547e-16
44,44,S0,-14,45,73270960,VS,0.62169928696327,0.94453647454867,1,07b268a326201fde82d6b9e21beffe4c,150,0.62169928696327,0.94453647454867,4.44089209850063e-16,4.44089209850063e-16
45,45,S0,-14,46,73270961,VS,0.949583559336988,0.947864058476836,1,f175ce8cff9122a6d554876c49ed2e81,150,0.949583559336988,0.947864058476836,2.22044604925031e-16,3.33066907387547e-16
46,46,S0,-14,47,73270962,VS,0.648815044485512,0.970868829759177,1,89f5b1b2f4e6f3b5cd74e106261323ae,150,0.648815044485512,0.970868829759177,0,1.11022302462516e-16
47,47,S0,-14,48,73270963,VS,0.785474628210057,0.965765322310155,1,d7aa7b6e8cf16a9bab3f5972488e8d39,150,0.785474628210057,0.965765322310155,1.11022302462516e-16,3.33066907387547e-16
48,48,S0,-14,49,73270964,VS,0.883553594094785,0.981784960304163,1,2dfb6bb94cc4d711945a3f34239cee58,150,0.883553594094785,0.981784960304163,1.11022302462516e-16,2.22044604925031e-16
49,49,S0,-14,50,73270965,VS,0.95364939182128,0.941187120412414,1,efa69b47f25396a36ee9e2eac80634d4,150,0.95364939182128,0.941187120412414,2.22044604925031e-16,3.33066907387547e-16
50,50,S0,-14,51,73270966,VS,0.950594423754717,0.965556406525708,1,f3d16daa17d1abdc04a9df9a620176fa,150,0.950594423754717,0.965556406525708,1.11022302462516e-16,2.22044604925031e-16
51,51,S0,-14,52,73270967,VS,0.969732366042846,0.961937365228549,1,104dbf0ddf8a9d4b64152974ab93c77d,150,0.969732366042846,0.961937365228549,1.11022302462516e-16,4.44089209850063e-16
52,52,S0,-14,53,73270968,VS,0.949322160770983,0.979697694324456,1,43d7fc5a8f3f088b40f14766eef40807,150,0.949322160770983,0.979697694324456,2.22044604925031e-16,2.22044604925031e-16
53,53,S0,-14,54,73270969,VS,0.954516752996445,0.972691990343584,1,78204ce370314eda8dc66c18d521a55b,150,0.954516752996445,0.972691990343584,0,3.33066907387547e-16
54,54,S0,-14,55,73270970,VS,0.984802391087694,0.985021896135958,1,748bb4b38620c6af6606ff47d48a814d,150,0.984802391087694,0.985021896135958,0,3.33066907387547e-16
55,55,S0,-14,56,73270971,VS,0.849855659796397,0.902770321403293,1,ee36efcfa39dc1e0d7627ab5caccbc7d,150,0.849855659796397,0.902770321403293,2.22044604925031e-16,1.11022302462516e-16
56,56,S0,-14,57,73270972,VS,0.949577532917253,0.94587846867972,1,7e2fec3251c95e37784adcad45d06c1a,150,0.949577532917253,0.94587846867972,0,4.44089209850063e-16
57,57,S0,-14,58,73270973,VS,0.931425881641846,0.951192451096101,1,93ad8d09defd88750f2df8867f9bdbf0,150,0.931425881641846,0.951192451096101,2.22044604925031e-16,4.44089209850063e-16
58,58,S0,-14,59,73270974,VS,0.814217571428123,0.943549955569525,1,7cf940aff46cee89aea2fcc7f2d6be69,150,0.814217571428123,0.943549955569525,3.33066907387547e-16,2.22044604925031e-16
59,59,S0,-14,60,73270975,VS,0.928846023852248,0.944581358075643,1,9265cb283633a9ad0f5b7cee5f8d9be1,150,0.928846023852248,0.944581358075643,2.22044604925031e-16,1.11022302462516e-16
60,60,S0,-14,61,73270976,VS,0.94296593127297,0.933455225718015,1,0383fb7f0eee4a9af8ed3b97596eb823,150,0.94296593127297,0.933455225718015,4.44089209850063e-16,2.22044604925031e-16
61,61,S0,-14,62,73270977,VS,0.609865176274735,0.940008255567704,1,6cd7092a7b58bade3a96e1c86c076c38,150,0.609865176274735,0.940008255567704,3.33066907387547e-16,0
62,62,S0,-14,63,73270978,VS,0.96297077067279,0.979357519724281,1,1d003584faa8a7aa92efc179a302f477,150,0.96297077067279,0.979357519724281,1.11022302462516e-16,3.33066907387547e-16
63,63,S0,-14,64,73270979,VS,0.917807056231662,0.953558571613245,1,7009aefb57984a164348ba489bbafcfa,150,0.917807056231662,0.953558571613245,3.33066907387547e-16,1.11022302462516e-16
64,64,S0,-14,65,73270980,VS,0.952632136751607,0.944045067902336,1,edc134649127e6a9fdaf1cb71e72cadd,150,0.952632136751607,0.944045067902336,3.33066907387547e-16,3.33066907387547e-16
65,65,S0,-14,66,73270981,VS,0.938460451681773,0.984414869112293,1,6af344ab8aba80a74a0e97dc9a9ca3bf,150,0.938460451681773,0.984414869112293,1.11022302462516e-16,3.33066907387547e-16
66,66,S0,-14,67,73270982,VS,0.870116536407422,0.970529985901239,1,7ea2ed904ef843994a2471ec60becb03,150,0.870116536407422,0.970529985901239,3.33066907387547e-16,1.11022302462516e-16
67,67,S0,-14,68,73270983,VS,0.936619776091049,0.970994725676943,1,9af1526e30ec2884f4d51293551580c0,150,0.936619776091049,0.970994725676943,1.11022302462516e-16,3.33066907387547e-16
68,68,S0,-14,69,73270984,VS,0.964352323690905,0.964920161574213,1,def038fcc184dd6af7a7951d01762add,150,0.964352323690905,0.964920161574213,2.22044604925031e-16,3.33066907387547e-16
69,69,S0,-14,70,73270985,VS,0.969718703010324,0.974523069161779,1,84edba5f92bd1b7f52609f4a7b5e16f4,150,0.969718703010324,0.974523069161779,2.22044604925031e-16,0
70,70,S0,-14,71,73270986,VS,0.954375485949013,0.949130044791793,1,7eca5169b016b43229443e84bab6b3d1,150,0.954375485949013,0.949130044791793,4.44089209850063e-16,0
71,71,S0,-14,72,73270987,VS,0.97674508755838,0.968363400343326,1,6149f59842e5792f2585297419a57174,150,0.97674508755838,0.968363400343326,3.33066907387547e-16,2.22044604925031e-16
72,72,S0,-14,73,73270988,VS,0.954404070871952,0.95568826795331,1,f4f504224a8e8c8b508d93b7758aad3e,150,0.954404070871952,0.95568826795331,3.33066907387547e-16,1.11022302462516e-16
73,73,S0,-14,74,73270989,VS,0.962199270914909,0.969665924060315,1,506fa7d3ff20a6dfd6666fcfe25bcfd0,150,0.962199270914909,0.969665924060315,3.33066907387547e-16,4.44089209850063e-16
74,74,S0,-14,75,73270990,VS,0.949995504382611,0.971457589075686,1,8ac863dbb693e8375f6f441aba5fefe8,150,0.949995504382611,0.971457589075686,3.33066907387547e-16,2.22044604925031e-16
75,75,S0,-14,76,73270991,VS,0.934174165652836,0.959126260532408,1,61429e9d9203c76e582bb62939c2879a,150,0.934174165652836,0.959126260532408,4.44089209850063e-16,4.44089209850063e-16
76,76,S0,-14,77,73270992,VS,0.954984439926366,0.914989330424351,1,39bdcb5a7b6e5187b81b4b589a6fc404,150,0.954984439926366,0.914989330424351,2.22044604925031e-16,1.11022302462516e-16
77,77,S0,-14,78,73270993,VS,0.839403977175624,0.939398248369402,1,d4924ae632489b3bfcb8a55242c63e66,150,0.839403977175624,0.939398248369402,4.44089209850063e-16,1.11022302462516e-16
78,78,S0,-14,79,73270994,VS,0.938726393198133,0.914234325356932,1,c8b7c50db2fc6f408a999d7ef69f4a18,150,0.938726393198133,0.914234325356932,3.33066907387547e-16,0
79,79,S0,-14,80,73270995,VS,0.90609182565978,0.911594690093272,1,24c0c1fdbbf8524b54016a5844207642,150,0.90609182565978,0.911594690093272,3.33066907387547e-16,4.44089209850063e-16
80,80,S0,-14,81,73270996,VS,0.9508653512467,0.966394658082772,1,0bc7be4b8cd745c14d5e28c50a9fa03d,150,0.9508653512467,0.966394658082772,1.11022302462516e-16,1.11022302462516e-16
81,81,S0,-14,82,73270997,VS,0.963102111026772,0.976902714414304,1,f6accc64c12bddbc1d007f049b000ecd,150,0.963102111026772,0.976902714414304,2.22044604925031e-16,2.22044604925031e-16
82,82,S0,-14,83,73270998,VS,0.974053514432349,0.961886521291117,1,a6662655dfbf8e1aaa393a82298044ee,150,0.974053514432349,0.961886521291117,4.44089209850063e-16,3.33066907387547e-16
83,83,S0,-14,84,73270999,VS,0.814753008625406,0.934096988359571,1,1982b592c95a320313f82d793b0c8cb3,150,0.814753008625406,0.934096988359571,0,1.11022302462516e-16
84,84,S0,-14,85,73271000,VS,0.907025486207323,0.960173890800771,1,b45bbb436bba5e0d5ac5916f1aa02548,150,0.907025486207323,0.960173890800771,2.22044604925031e-16,2.22044604925031e-16
85,85,S0,-14,86,73271001,VS,0.929536084832606,0.936508413804285,1,9c526a89aa031ea4c89a274a0f1c20bf,150,0.929536084832606,0.936508413804285,3.33066907387547e-16,1.11022302462516e-16
86,86,S0,-14,87,73271002,VS,0.925907269479172,0.973417821038062,1,10cdf5a4f0ab95d00911fc6dc56e4657,150,0.925907269479172,0.973417821038062,1.11022302462516e-16,3.33066907387547e-16
87,87,S0,-14,88,73271003,VS,0.922008568944207,0.971869255022505,1,8a0da80e0c2ec6149a313414f542545f,150,0.922008568944207,0.971869255022505,1.11022302462516e-16,2.22044604925031e-16
88,88,S0,-14,89,73271004,VS,0.458860982164083,0.937247711757687,1,56f7ad30746a1eea46b9f7f69563c364,150,0.458860982164083,0.937247711757687,3.88578058618805e-16,2.22044604925031e-16
89,89,S0,-14,90,73271005,VS,0.386157335760013,0.947780864873447,1,86ea537ccc962dff3a753c2c9b9143b2,150,0.386157335760013,0.947780864873447,1.11022302462516e-16,1.11022302462516e-16
90,90,S0,-14,91,73271006,VS,0.924635779922433,0.986037025180063,1,091833c85f2d2cf8f64594a2b503646a,150,0.924635779922433,0.986037025180063,1.11022302462516e-16,4.44089209850063e-16
91,91,S0,-14,92,73271007,VS,0.911316343442141,0.961124661217783,1,e8025b1b86808e348181b78ab031c540,150,0.911316343442141,0.961124661217783,4.44089209850063e-16,1.11022302462516e-16
92,92,S0,-14,93,73271008,VS,0.973082046040242,0.968921586511747,1,1e06fcaecc3a8a03b51eb234edda7fe0,150,0.973082046040242,0.968921586511747,0,2.22044604925031e-16
93,93,S0,-14,94,73271009,VS,0.918244689192942,0.962395134772665,1,1330996d5dc84d3f48760df247b3b803,150,0.918244689192942,0.962395134772665,3.33066907387547e-16,2.22044604925031e-16
94,94,S0,-14,95,73271010,VS,0.948677065146992,0.94710198047517,1,f9b5f39640a2952f42e2711c29dfc8f4,150,0.948677065146992,0.94710198047517,2.22044604925031e-16,3.33066907387547e-16
95,95,S0,-14,96,73271011,VS,0.898357645110169,0.920261982758276,1,7ee26d6b18b24c1e27ef1c7ddca82760,150,0.898357645110169,0.920261982758276,3.33066907387547e-16,0
96,96,S0,-14,97,73271012,VS,0.901589301225129,0.970769053566613,1,cdf7471625f36d95208a5280743dfe68,150,0.901589301225129,0.970769053566613,4.44089209850063e-16,4.44089209850063e-16
97,97,S0,-14,98,73271013,VS,0.939135467020854,0.936846321949886,1,2a1ff5b3824bb1e5bd071f79cf398249,150,0.939135467020854,0.936846321949886,0,1.11022302462516e-16
98,98,S0,-14,99,73271014,VS,0.850757216856898,0.944722303764343,1,21eb05f4dea54c1bc1b6a803f3de01dc,150,0.850757216856898,0.944722303764343,2.22044604925031e-16,1.11022302462516e-16
99,99,S0,-14,100,73271015,VS,0.969711554178615,0.977528146663277,1,edc2654b0d55d024e51056862f76992c,150,0.969711554178615,0.977528146663277,1.11022302462516e-16,0
100,100,S0,-17,1,73270916,VS,0.925411651321648,0.953214785498953,1,596c7f9a23022329de98c2f9081226b6,150,0.925411651321648,0.953214785498953,1.11022302462516e-16,4.44089209850063e-16
101,101,S0,-17,2,73270917,VS,0.849038123572549,0.964197018989111,1,5024b199f74bd11263880195aa7f1b29,150,0.849038123572549,0.964197018989111,0,3.33066907387547e-16
102,102,S0,-17,3,73270918,VS,0.808290364120735,0.980478032027207,1,fd790ce9b26156beb0b6af3fd8c9dd6f,150,0.808290364120735,0.980478032027207,2.22044604925031e-16,2.22044604925031e-16
103,103,S0,-17,4,73270919,VS,0.486587650193676,0.869107085536622,1,c291ee56994c7c01649060a9cef888b9,150,0.486587650193676,0.869107085536622,3.33066907387547e-16,3.33066907387547e-16
104,104,S0,-17,5,73270920,VS,0.821664205567675,0.93281059596964,1,2ed1b1ba976b74a35845f3292b5d3053,150,0.821664205567675,0.93281059596964,4.44089209850063e-16,4.44089209850063e-16
105,105,S0,-17,6,73270921,VS,0.554400115068148,0.91545917610422,1,6c2bb92b8c825cee661a41247866d53e,150,0.554400115068148,0.91545917610422,1.11022302462516e-16,4.44089209850063e-16
106,106,S0,-17,7,73270922,VS,0.507562098016072,0.938816750158837,1,24c138bf900bfb34b35a730da3c15b62,150,0.507562098016072,0.938816750158837,4.44089209850063e-16,3.33066907387547e-16
107,107,S0,-17,8,73270923,VS,0.617722042178054,0.813684641988183,1,422f3bab131248897ea34d472d6a2f0b,150,0.617722042178054,0.813684641988183,4.44089209850063e-16,4.44089209850063e-16
108,108,S0,-17,9,73270924,VS,0.844543122223138,0.926226846117813,1,d16cd412486a7e714b2d74f3d757b3a2,150,0.844543122223138,0.926226846117813,4.44089209850063e-16,1.11022302462516e-16
109,109,S0,-17,10,73270925,VS,0.739540967549978,0.875762819926577,1,45d2bac93b7c70557570b8955df4d4d1,150,0.739540967549978,0.875762819926577,1.11022302462516e-16,1.11022302462516e-16
110,110,S0,-17,11,73270926,VS,0.881537221526552,0.88193921592383,1,49c5627dc42e8d0447bf096d1eb8a59e,150,0.881537221526552,0.88193921592383,4.44089209850063e-16,2.22044604925031e-16
111,111,S0,-17,12,73270927,VS,0.876564257646866,0.936577235825155,1,1a2dcc4b59907af35534ca41c9c5c3a5,150,0.876564257646866,0.936577235825155,0,0
112,112,S0,-17,13,73270928,VS,0.678688602778574,0.708101527269212,1,91a7dc45cf4ffb98bfa2742d7136bd3b,150,0.678688602778574,0.708101527269212,1.11022302462516e-16,2.22044604925031e-16
113,113,S0,-17,14,73270929,VS,0.510224936918989,0.91193883536911,1,b9f0d62b3602a60d69fb95d54fc839b2,150,0.510224936918989,0.91193883536911,4.44089209850063e-16,3.33066907387547e-16
114,114,S0,-17,15,73270930,VS,0.621152680236228,0.909393145039584,1,490bf6e62cc477a280aa60e1ab43ba0e,150,0.621152680236228,0.909393145039584,3.33066907387547e-16,0
115,115,S0,-17,16,73270931,VS,0.531745970499295,0.927058945240643,1,74e7020bb7064adbd01aff67be7f3059,150,0.531745970499295,0.927058945240643,1.11022302462516e-16,4.44089209850063e-16
116,116,S0,-17,17,73270932,VS,0.737597342762005,0.786027637766823,1,349020e9ddf59218910c40b91750bb3e,150,0.737597342762005,0.786027637766823,1.11022302462516e-16,0
117,117,S0,-17,18,73270933,VS,0.687191000222073,0.941899525666847,1,fe406aa651ad90a35ea14328a147afdc,150,0.687191000222073,0.941899525666847,1.11022302462516e-16,4.44089209850063e-16
118,118,S0,-17,19,73270934,VS,0.939358312287762,0.954092697385465,1,c8d5dba9e7128393a216fbe24efc47b3,150,0.939358312287762,0.954092697385465,3.33066907387547e-16,3.33066907387547e-16
119,119,S0,-17,20,73270935,VS,0.954609319748369,0.985154807326033,1,1af1a3596331863690dd0bb5d4e780d9,150,0.954609319748369,0.985154807326033,0,2.22044604925031e-16
120,120,S0,-17,21,73270936,VS,0.785499690053438,0.938800519314051,1,53facd44945dd16323fe2e9987c536e4,150,0.785499690053438,0.938800519314051,4.44089209850063e-16,4.44089209850063e-16
121,121,S0,-17,22,73270937,VS,0.889300853718671,0.930296003535558,1,19cef0c3985f84c15e092cfdcf270ee4,150,0.889300853718671,0.930296003535558,3.33066907387547e-16,0
122,122,S0,-17,23,73270938,VS,0.891044098106918,0.865580051978945,1,96d7989e06bd4a1afadc9c6abfb26a77,150,0.891044098106918,0.865580051978945,2.22044604925031e-16,2.22044604925031e-16
123,123,S0,-17,24,73270939,VS,0.0637244936804684,0.111603218811354,1,e21481dcea0be9c33e6d4142c567f88f,150,0.0637244936804684,0.111603218811354,4.16333634234434e-17,4.16333634234434e-16
124,124,S0,-17,25,73270940,VS,0.786421033193144,0.937243665421113,1,9cbe003bb6b3e6c15e4d6284f5450dc7,150,0.786421033193144,0.937243665421113,4.44089209850063e-16,3.33066907387547e-16
125,125,S0,-17,26,73270941,VS,0.810594420503317,0.95075607392249,1,828d256e13e6aa3f14880c72dd87c4c8,150,0.810594420503317,0.95075607392249,1.11022302462516e-16,2.22044604925031e-16
126,126,S0,-17,27,73270942,VS,0.75314102827529,0.920165256906881,1,dfef4083a7194a6205a6e70ad61008fb,150,0.75314102827529,0.920165256906881,2.22044604925031e-16,3.33066907387547e-16
127,127,S0,-17,28,73270943,VS,0.935957669630015,0.914463293238406,1,f9afae04bfda69fecda612ffe6478f97,150,0.935957669630015,0.914463293238406,4.44089209850063e-16,1.11022302462516e-16
128,128,S0,-17,29,73270944,VS,0.899459993206076,0.936204033035037,1,fb364bdcab9ffc574e6e722e217e8ac1,150,0.899459993206076,0.936204033035037,2.22044604925031e-16,2.22044604925031e-16
129,129,S0,-17,30,73270945,VS,0.738136340969978,0.965457058326256,1,d9b709ce2e2da4e4b85baa8dfc6526d6,150,0.738136340969978,0.965457058326256,3.33066907387547e-16,2.22044604925031e-16
130,130,S0,-17,31,73270946,VS,0.382610674311346,0.854525399697702,1,a8ec9418792d057daa4618a5bf61a971,150,0.382610674311346,0.854525399697702,0,3.33066907387547e-16
131,131,S0,-17,32,73270947,VS,0.644105482278338,0.688469317017991,1,b0e59c4b0e6adc5caf0a81577f6378c1,150,0.644105482278338,0.688469317017991,4.44089209850063e-16,3.33066907387547e-16
132,132,S0,-17,33,73270948,VS,0.955810255918327,0.942739048557437,1,b786c90719603c9ffe19d7fc547c86b5,150,0.955810255918327,0.942739048557437,2.22044604925031e-16,2.22044604925031e-16
133,133,S0,-17,34,73270949,VS,0.953929620780129,0.911481658393584,1,c9e7555c3d97a9343772eb5f1a87cfbf,150,0.953929620780129,0.911481658393584,4.44089209850063e-16,0
134,134,S0,-17,35,73270950,VS,0.783373965221932,0.926271921027701,1,8a17cdf6074f221011024ade6b4ce4b9,150,0.783373965221932,0.926271921027701,4.44089209850063e-16,1.11022302462516e-16
135,135,S0,-17,36,73270951,VS,0.0473461465462434,0.055673873134882,1,de55f36fe5e8018569c330b0839e8fef,150,0.0473461465462434,0.055673873134882,3.46944695195361e-17,6.93889390390723e-18
136,136,S0,-17,37,73270952,VS,0.55090793271174,0.923460569438904,1,164bb8cde8c7c8e47638315f79b2c86a,150,0.55090793271174,0.923460569438904,3.33066907387547e-16,0
137,137,S0,-17,38,73270953,VS,0.0487649726307251,0.0513671517815291,0,7361bcc6c3e2df7b6cc740296b446aa6,150,0.0487649726307251,0.0513671517815291,3.46944695195361e-17,4.16333634234434e-17
138,138,S0,-17,39,73270954,VS,0.618637211334736,0.888034189801285,1,6214951e7438c724c542f00f3a7bc874,150,0.618637211334736,0.888034189801285,1.11022302462516e-16,0
139,139,S0,-17,40,73270955,VS,0.508495513907679,0.691812112318276,1,276a8ace5861fdfbf0251177b7bd2119,150,0.508495513907679,0.691812112318276,2.22044604925031e-16,0
140,140,S0,-17,41,73270956,VS,0.328182872179726,0.925207605934791,1,a97cb0b8458e63412318ed1171ac61b9,150,0.328182872179726,0.925207605934791,1.66533453693773e-16,3.33066907387547e-16
141,141,S0,-17,42,73270957,VS,0.856132941961989,0.909603634240226,1,ea4e8feeb9d97bd66a5e74b6cfb42244,150,0.856132941961989,0.909603634240226,1.11022302462516e-16,2.22044604925031e-16
142,142,S0,-17,43,73270958,VS,0.835177655442197,0.960697527839484,1,a053620f18db6ece45d3860d0be5ab27,150,0.835177655442197,0.960697527839484,3.33066907387547e-16,1.11022302462516e-16
143,143,S0,-17,44,73270959,VS,0.919632039904883,0.902286493499115,1,9fcce681c579f0e2a7662d42cc39d548,150,0.919632039904883,0.902286493499115,2.22044604925031e-16,1.11022302462516e-16
144,144,S0,-17,45,73270960,VS,0.494958669739084,0.882711646013821,1,e1ae0e7f4ee9531f8a299a551e91768b,150,0.494958669739084,0.882711646013821,5.55111512312578e-17,1.11022302462516e-16
145,145,S0,-17,46,73270961,VS,0.920250690883473,0.915160549226402,1,2383a3725455e4150b4ea536f7ec2fd6,150,0.920250690883473,0.915160549226402,4.44089209850063e-16,0
146,146,S0,-17,47,73270962,VS,0.671883315947266,0.959706332614612,1,8456fda68dc1ccf203a9a257d91dc1b4,150,0.671883315947266,0.959706332614612,0,1.11022302462516e-16
147,147,S0,-17,48,73270963,VS,0.45874001145555,0.941491335361418,1,13d576ab242a49fcddb3ddd12b5c32f0,150,0.45874001145555,0.941491335361418,1.66533453693773e-16,2.22044604925031e-16
148,148,S0,-17,49,73270964,VS,0.510049342005956,0.67572368575559,1,dad53efd65e3333945f7374810db9dd2,150,0.510049342005956,0.67572368575559,3.33066907387547e-16,1.11022302462516e-16
149,149,S0,-17,50,73270965,VS,0.800892457743532,0.888490258805684,1,1024a837839cac67bb6df72e430d8a3d,150,0.800892457743532,0.888490258805684,2.22044604925031e-16,1.11022302462516e-16
150,150,S0,-17,51,73270966,VS,0.628851411269034,0.954149887081466,1,7fa788b7d6a712820d2c69d81a452200,150,0.628851411269034,0.954149887081466,0,2.22044604925031e-16
151,151,S0,-17,52,73270967,VS,0.883126523290376,0.932754994111554,1,5bb6166182d2456941afe1cb97ac16d3,150,0.883126523290376,0.932754994111554,4.44089209850063e-16,3.33066907387547e-16
152,152,S0,-17,53,73270968,VS,0.862979996805091,0.967034416400068,1,d0837e40c7ab91beeee9b756356e72b7,150,0.862979996805091,0.967034416400068,1.11022302462516e-16,0
153,153,S0,-17,54,73270969,VS,0.329569935949527,0.643983065532415,1,18051e54558d99cbc1081a342a6767b2,150,0.329569935949527,0.643983065532415,1.66533453693773e-16,1.11022302462516e-16
154,154,S0,-17,55,73270970,VS,0.948954503670607,0.979518516382069,1,28e192795c50b5700cef6e06c07f5356,150,0.948954503670607,0.979518516382069,3.33066907387547e-16,3.33066907387547e-16
155,155,S0,-17,56,73270971,VS,0.353471304588842,0.532550509060335,1,6c78684216cda35fa28202d478e7b49b,150,0.353471304588842,0.532550509060335,1.11022302462516e-16,3.33066907387547e-16
156,156,S0,-17,57,73270972,VS,0.3534177999175,0.90189022951276,1,37d919caee7d257cc76fad6e2c846f4c,150,0.3534177999175,0.90189022951276,1.11022302462516e-16,1.11022302462516e-16
157,157,S0,-17,58,73270973,VS,0.539066609554344,0.894549658680837,1,49394cc4bca6615e3143e845a739e7bc,150,0.539066609554344,0.894549658680837,1.11022302462516e-16,0
158,158,S0,-17,59,73270974,VS,0.36091537287283,0.867451930819116,1,e19afdd59694447830d344ec3c0fceab,150,0.36091537287283,0.867451930819116,4.9960036108132e-16,3.33066907387547e-16
159,159,S0,-17,60,73270975,VS,0.594431713778364,0.915289447592154,1,babc3242e669629186ae1e189acf367c,150,0.594431713778364,0.915289447592154,4.44089209850063e-16,1.11022302462516e-16
160,160,S0,-17,61,73270976,VS,0.797838657758975,0.879820478574497,1,f622dc7b491e9a1e988edbfb805c6af2,150,0.797838657758975,0.879820478574497,2.22044604925031e-16,0
161,161,S0,-17,62,73270977,VS,0.633521331529496,0.716782117920929,1,d05af593f8f7656446239009c3b54649,150,0.633521331529496,0.716782117920929,1.11022302462516e-16,3.33066907387547e-16
162,162,S0,-17,63,73270978,VS,0.776408466389547,0.950667290872072,1,49ac76e34383a16c3ff2ae9d30493fd5,150,0.776408466389547,0.950667290872072,1.11022302462516e-16,2.22044604925031e-16
163,163,S0,-17,64,73270979,VS,0.868263851781,0.924291545560716,1,648b3bd01f1360bb1ce49c0bec2798b6,150,0.868263851781,0.924291545560716,2.22044604925031e-16,3.33066907387547e-16
164,164,S0,-17,65,73270980,VS,0.917965352060658,0.906069076338616,1,90ebe66cd2201e1a5142fdcf76e9f6f0,150,0.917965352060658,0.906069076338616,4.44089209850063e-16,1.11022302462516e-16
165,165,S0,-17,66,73270981,VS,0.726904204962395,0.972328925899375,1,1056029f4b517dcc70209f0ea787a32a,150,0.726904204962395,0.972328925899375,3.33066907387547e-16,1.11022302462516e-16
166,166,S0,-17,67,73270982,VS,0.505706012958138,0.688587220204208,1,d073d93005c888768d71857881045b4b,150,0.505706012958138,0.688587220204208,1.11022302462516e-16,0
167,167,S0,-17,68,73270983,VS,0.810651055299696,0.950661689109131,1,893ab5d2ba1ed3099c7c7568a39b4f82,150,0.810651055299696,0.950661689109131,3.33066907387547e-16,4.44089209850063e-16
168,168,S0,-17,69,73270984,VS,0.964114061969426,0.946080843779533,1,c652bbd44622c685f11ac6fde7bfcd2a,150,0.964114061969426,0.946080843779533,0,2.22044604925031e-16
169,169,S0,-17,70,73270985,VS,0.0790453047832871,0.0599973124909386,1,b13eb8dd622be7ca6bbb3ada696bcdb0,150,0.0790453047832871,0.0599973124909386,1.38777878078145e-17,1.38777878078145e-17
170,170,S0,-17,71,73270986,VS,0.941488800651541,0.924125444484828,1,0dbbc5b4a91d58acbdc5d5e53acdc27e,150,0.941488800651541,0.924125444484828,3.33066907387547e-16,2.22044604925031e-16
171,171,S0,-17,72,73270987,VS,0.912273688738683,0.946811284052816,1,f656ee596e13d00aae26924c6674046b,150,0.912273688738683,0.946811284052816,3.33066907387547e-16,3.33066907387547e-16
172,172,S0,-17,73,73270988,VS,0.872563253655205,0.917471788165059,1,cf377428bce1ec136b4fee7b6e373822,150,0.872563253655205,0.917471788165059,4.44089209850063e-16,1.11022302462516e-16
173,173,S0,-17,74,73270989,VS,0.939344367315499,0.955567995734975,1,e3aac929ebf6501a04bf57e224174036,150,0.939344367315499,0.955567995734975,4.44089209850063e-16,0
174,174,S0,-17,75,73270990,VS,0.886576326325622,0.950759580267898,1,b0c5f18216a6d43aad9610c5138d57e4,150,0.886576326325622,0.950759580267898,3.33066907387547e-16,4.44089209850063e-16
175,175,S0,-17,76,73270991,VS,0.897825363229297,0.928246481713975,1,76847f9c3629e5e0552ff21fcb4e6589,150,0.897825363229297,0.928246481713975,2.22044604925031e-16,4.44089209850063e-16
176,176,S0,-17,77,73270992,VS,0.861422857990753,0.872971058352204,1,e5f0cc43ac6e15fb2c9b910136d48245,150,0.861422857990753,0.872971058352204,1.11022302462516e-16,1.11022302462516e-16
177,177,S0,-17,78,73270993,VS,0.692975718608292,0.674138200107587,1,bdaa79a4c654b5ba407d0b0ff1f8e5be,150,0.692975718608292,0.674138200107587,3.33066907387547e-16,3.33066907387547e-16
178,178,S0,-17,79,73270994,VS,0.92316431874664,0.875989839668167,1,12a559ebcafb1af248016e5f4995e6a2,150,0.92316431874664,0.875989839668167,3.33066907387547e-16,2.22044604925031e-16
179,179,S0,-17,80,73270995,VS,0.882629786605657,0.851348391877832,1,2ce1a533790d5fb87f94fee3fe897b95,150,0.882629786605657,0.851348391877832,3.33066907387547e-16,1.11022302462516e-16
180,180,S0,-17,81,73270996,VS,0.832186591497111,0.94347868307405,1,4f997ce9d3a1cb42ee4137e1299f1405,150,0.832186591497111,0.94347868307405,2.22044604925031e-16,4.44089209850063e-16
181,181,S0,-17,82,73270997,VS,0.731319998081121,0.955790212066279,1,7db7de15ca873968000b034da11986c4,150,0.731319998081121,0.955790212066279,2.22044604925031e-16,3.33066907387547e-16
182,182,S0,-17,83,73270998,VS,0.949747050486774,0.935679801172915,1,7a8ce23c0dbc6e5f80a2b7d2a6fc1c12,150,0.949747050486774,0.935679801172915,2.22044604925031e-16,4.44089209850063e-16
183,183,S0,-17,84,73270999,VS,0.410342518493772,0.881060716150089,1,f629ab75f09b99c622de9960c59b499f,150,0.410342518493772,0.881060716150089,3.33066907387547e-16,1.11022302462516e-16
184,184,S0,-17,85,73271000,VS,0.592884794864537,0.939286684599896,1,e9f593e7ba53feb60df9b2250c775f32,150,0.592884794864537,0.939286684599896,4.44089209850063e-16,4.44089209850063e-16
185,185,S0,-17,86,73271001,VS,0.50579856564871,0.845514212338493,1,c3932f919a9725c32a5d08fb46e987e2,150,0.50579856564871,0.845514212338493,2.22044604925031e-16,3.33066907387547e-16
186,186,S0,-17,87,73271002,VS,0.574837173586949,0.651004077660307,0,bbd67274b2477e6f08d5bacfd370e8e6,150,0.574837173586949,0.651004077660307,0,4.44089209850063e-16
187,187,S0,-17,88,73271003,VS,0.513219696583232,0.950473321257402,1,8b0eb10b0f5f08b8aadff6b5f92a29c3,150,0.513219696583232,0.950473321257402,4.44089209850063e-16,2.22044604925031e-16
188,188,S0,-17,89,73271004,VS,0.314727730710608,0.389693441045309,1,54bc1a631f8727832cec44eea5ebf0cc,150,0.314727730710608,0.389693441045309,3.33066907387547e-16,3.33066907387547e-16
189,189,S0,-17,90,73271005,VS,0.565402351398796,0.665182971576852,1,9135945e1bd8c206516a5ba1751e0ed6,150,0.565402351398796,0.665182971576852,4.44089209850063e-16,3.33066907387547e-16
190,190,S0,-17,91,73271006,VS,0.0546600648782265,0.0556027338619337,1,28cc19051548b18ad21ce58d97e82f4f,150,0.0546600648782265,0.0556027338619337,2.77555756156289e-17,2.08166817117217e-17
191,191,S0,-17,92,73271007,VS,0.558985867097418,0.936314577125586,1,721e3da3722dc327d95877c8fd777684,150,0.558985867097418,0.936314577125586,4.44089209850063e-16,0
192,192,S0,-17,93,73271008,VS,0.884208432202092,0.951351814321006,1,f998da2cf6da7a57d1ef5b4c3cfc2994,150,0.884208432202092,0.951351814321006,1.11022302462516e-16,4.44089209850063e-16
193,193,S0,-17,94,73271009,VS,0.82505562681002,0.881537997316091,1,87410bbada6964a674bdbfe339ea1cf0,150,0.82505562681002,0.881537997316091,3.33066907387547e-16,0
194,194,S0,-17,95,73271010,VS,0.89415006791809,0.910001888229244,1,48cbfb55c0bdcee987295ef423dee6c1,150,0.89415006791809,0.910001888229244,2.22044604925031e-16,2.22044604925031e-16
195,195,S0,-17,96,73271011,VS,0.508871438336102,0.829642342041345,1,c9090433eaebb98e5e67cb6ff4ce5ff0,150,0.508871438336102,0.829642342041345,2.22044604925031e-16,0
196,196,S0,-17,97,73271012,VS,0.585184686260414,0.932572962630277,1,9e77cc75af16daa594dc0971718e1385,150,0.585184686260414,0.932572962630277,3.33066907387547e-16,3.33066907387547e-16
197,197,S0,-17,98,73271013,VS,0.774280705972605,0.904833624651486,1,9ae1287b85fa7550139fc528d56ebc83,150,0.774280705972605,0.904833624651486,2.22044604925031e-16,1.11022302462516e-16
198,198,S0,-17,99,73271014,VS,0.431041017886047,0.890035894766415,1,5571950c95df175e6d7d62e8d5973950,150,0.431041017886047,0.890035894766415,3.33066907387547e-16,1.11022302462516e-16
199,199,S0,-17,100,73271015,VS,0.266167673839238,0.646894278101288,1,0e8032cd5de1d1f250a57aed15e1bbae,150,0.266167673839238,0.646894278101288,4.9960036108132e-16,4.44089209850063e-16
200,200,S0,-20,1,73270916,VS,0.0329437721950319,0.0392671972851613,0,7dbe30e08d555daea3fc2e1c7af2dbe7,150,0.0329437721950319,0.0392671972851613,0,4.85722573273506e-17
201,201,S0,-20,2,73270917,VS,0.443258441366874,0.563841483415912,1,18b937871fecdb9188e58839d1510c45,150,0.443258441366874,0.563841483415912,5.55111512312578e-17,3.33066907387547e-16
202,202,S0,-20,3,73270918,VS,0.0771724767591369,0.0670574556689545,1,9c50153bc198accbdedd68358aeba1b8,150,0.0771724767591369,0.0670574556689545,4.16333634234434e-17,2.77555756156289e-17
203,203,S0,-20,4,73270919,VS,0.0509458432537011,0.0808856197118644,1,4f1e56a10409078cc703b0272c4c7503,150,0.0509458432537011,0.0808856197118644,1.38777878078145e-17,0
204,204,S0,-20,5,73270920,VS,0.0713222066589959,0.0759446266794757,1,2c2edaa381b4a96eae0cb196204c1d40,150,0.0713222066589959,0.0759446266794757,1.38777878078145e-17,0
205,205,S0,-20,6,73270921,VS,0.0620772324082417,0.0620772324082417,1,7c37ffb5e35e245fe0417edc75442042,150,0.0620772324082417,0.0620772324082417,4.16333634234434e-17,4.16333634234434e-17
206,206,S0,-20,7,73270922,VS,0.0714394347438841,0.0714394347438841,1,ea12147387866d5e10d9763e39ba4198,150,0.0714394347438841,0.0714394347438841,4.16333634234434e-17,4.16333634234434e-17
207,207,S0,-20,8,73270923,VS,0.0394314716989305,0.0414260364364842,0,1df523e96e8678403934d319cc361f9a,150,0.0394314716989305,0.0414260364364842,6.93889390390723e-18,1.38777878078145e-17
208,208,S0,-20,9,73270924,VS,0.467839701832568,0.626414261099758,1,76a88dd3a6e8bb688ae0ff2329bb680e,150,0.467839701832568,0.626414261099758,3.33066907387547e-16,3.33066907387547e-16
209,209,S0,-20,10,73270925,VS,0.0443060023967732,0.0512593275851204,0,52c465b1b02934f8c257b0254f8cb3d0,150,0.0443060023967732,0.0512593275851204,1.38777878078145e-17,4.16333634234434e-17
210,210,S0,-20,11,73270926,VS,0.0498431862034579,0.053721976939053,1,54ea7c35375486e0c87c4f3536fa9475,150,0.0498431862034579,0.053721976939053,6.93889390390723e-18,0
211,211,S0,-20,12,73270927,VS,0.0813472776084056,0.0888820901057941,1,dac4980275660d733dc99629330e5d96,150,0.0813472776084056,0.0888820901057941,0,2.77555756156289e-17
212,212,S0,-20,13,73270928,VS,0.0367137571453867,0.040131781777538,0,6200856bc2b17171b4caedc4b8a9dde0,150,0.0367137571453867,0.040131781777538,0,3.46944695195361e-17
213,213,S0,-20,14,73270929,VS,0.045539321858733,0.0642902114817126,1,73130cc810fa46011c1ac14a92dff185,150,0.045539321858733,0.0642902114817126,3.46944695195361e-17,2.77555756156289e-17
214,214,S0,-20,15,73270930,VS,0.070145383034033,0.125294769185328,1,faf87006bf9c1c8530b843384b429511,150,0.070145383034033,0.125294769185328,4.16333634234434e-17,4.16333634234434e-16
215,215,S0,-20,16,73270931,VS,0.0414434381087381,0.0422559960717604,0,5109f3c2ff9fd4bf25d8d2bd5b5bc64b,150,0.0414434381087381,0.0422559960717604,6.93889390390723e-18,3.46944695195361e-17
216,216,S0,-20,17,73270932,VS,0.453825845952223,0.718984591116871,1,4a7c626792657959e7e19a384a6f75ac,150,0.453825845952223,0.718984591116871,2.77555756156289e-16,1.11022302462516e-16
217,217,S0,-20,18,73270933,VS,0.306212714941792,0.449018764650358,1,514478fae0044b86e1fb1131361d08a5,150,0.306212714941792,0.449018764650358,2.77555756156289e-16,3.33066907387547e-16
218,218,S0,-20,19,73270934,VS,0.583767448020939,0.583767448020939,1,771774495b822b6c907ef38110e0f6f7,150,0.583767448020939,0.583767448020939,2.22044604925031e-16,2.22044604925031e-16
219,219,S0,-20,20,73270935,VS,0.0636269245793506,0.0706537045001849,1,74bea2d79fabadb18c562dcd434d11c3,150,0.0636269245793506,0.0706537045001849,0,4.16333634234434e-17
220,220,S0,-20,21,73270936,VS,0.0602594687501267,0.0648080841656485,1,0e94f687ba9b0fd2c09a1f91e82393b5,150,0.0602594687501267,0.0648080841656485,6.93889390390723e-18,4.16333634234434e-17
221,221,S0,-20,22,73270937,VS,0.0664078698099157,0.0762626276400086,1,0053e2bc011f0b5b79cb9bdd74a0a32e,150,0.0664078698099157,0.0762626276400086,2.77555756156289e-17,4.16333634234434e-17
222,222,S0,-20,23,73270938,VS,0.0312963117859159,0.0384197302414898,0,e2171545853bb905dc7a507e42b44ab9,150,0.0312963117859159,0.0384197302414898,2.77555756156289e-17,1.38777878078145e-17
223,223,S0,-20,24,73270939,VS,0.0637246007897,0.111902178698429,1,4ffafe77bae5541f32458cd6f5af55db,150,0.0637246007897,0.111902178698429,1.38777878078145e-17,4.02455846426619e-16
224,224,S0,-20,25,73270940,VS,0.0375938662058378,0.0342326348670206,0,51d129dbddfda0d290e1ea7b8fdf0508,150,0.0375938662058378,0.0342326348670206,2.08166817117217e-17,3.46944695195361e-17
225,225,S0,-20,26,73270941,VS,0.633584041397801,0.756564067034255,1,103dbc062c58a58a7b2f05acceb9c766,150,0.633584041397801,0.756564067034255,3.33066907387547e-16,4.44089209850063e-16
226,226,S0,-20,27,73270942,VS,0.526958631909893,0.806021476098837,1,d06ee70ac965a17a3451ee445bbc5e6b,150,0.526958631909893,0.806021476098837,3.33066907387547e-16,4.44089209850063e-16
227,227,S0,-20,28,73270943,VS,0.0398091667530432,0.0382767976748525,0,6379a86382f4650aaef139c9e5e90bf4,150,0.0398091667530432,0.0382767976748525,4.85722573273506e-17,2.08166817117217e-17
228,228,S0,-20,29,73270944,VS,0.0542528954879711,0.0518501371554386,0,d9ccc1e735c27bbc2ba8c3a791be8306,150,0.0542528954879711,0.0518501371554386,2.77555756156289e-17,4.16333634234434e-17
229,229,S0,-20,30,73270945,VS,0.0739660766758299,0.046976293115895,1,18958c2378101d3cd9ecfc5db5090e09,150,0.0739660766758299,0.046976293115895,1.38777878078145e-17,2.77555756156289e-17
230,230,S0,-20,31,73270946,VS,0.0406052693452515,0.0362628077960377,0,fdfbc78302920528f82d924cc9fa0a71,150,0.0406052693452515,0.0362628077960377,4.85722573273506e-17,2.77555756156289e-17
231,231,S0,-20,32,73270947,VS,0.409524003685901,0.671729103213713,1,de0c282747fc4c30700ab4059697adf1,150,0.409524003685901,0.671729103213713,2.77555756156289e-16,2.22044604925031e-16
232,232,S0,-20,33,73270948,VS,0.0321885520877781,0.0342496929867829,0,8a6a0cb529db450900a6ff7a702a1d8e,150,0.0321885520877781,0.0342496929867829,2.77555756156289e-17,2.77555756156289e-17
233,233,S0,-20,34,73270949,VS,0.645421867451325,0.774698986359873,1,698c850670cce95aa4d13da6742baefb,150,0.645421867451325,0.774698986359873,1.11022302462516e-16,4.44089209850063e-16
234,234,S0,-20,35,73270950,VS,0.0757106092408069,0.125258595713262,1,e6d5901abd9cfc37c972446037c6ef59,150,0.0757106092408069,0.125258595713262,0,5.55111512312578e-17
235,235,S0,-20,36,73270951,VS,0.0473461678373234,0.0555904177159748,1,004eab1f2d564264b11327a0129a67db,150,0.0473461678373234,0.0555904177159748,4.16333634234434e-17,6.93889390390723e-18
236,236,S0,-20,37,73270952,VS,0.055330621782481,0.0615779294708232,1,e73c09de55a643f586883b07758ad946,150,0.055330621782481,0.0615779294708232,2.77555756156289e-17,6.93889390390723e-18
237,237,S0,-20,38,73270953,VS,0.0487646138147504,0.0514879202406913,0,233a19efcbc684a41a4e165af527ada7,150,0.0487646138147504,0.0514879202406913,2.08166817117217e-17,4.85722573273506e-17
238,238,S0,-20,39,73270954,VS,0.0584226221849321,0.0916778286663469,1,cbe77bea4303a06fcbf5582759661e69,150,0.0584226221849321,0.0916778286663469,3.46944695195361e-17,4.16333634234434e-17
239,239,S0,-20,40,73270955,VS,0.476060813373351,0.526115433388225,1,7da9b08a1c9e11eb3d1687b2f0e62872,150,0.476060813373351,0.526115433388225,3.33066907387547e-16,2.22044604925031e-16
240,240,S0,-20,41,73270956,VS,0.0376614458931375,0.0317839140535623,0,3105f52fd56087cbdca99546d52bcc5b,150,0.0376614458931375,0.0317839140535623,2.77555756156289e-17,6.93889390390723e-18
241,241,S0,-20,42,73270957,VS,0.0562526480899303,0.055823119086311,1,d01461e6d345cb4a03ae987b9e2bfb6f,150,0.0562526480899303,0.055823119086311,1.38777878078145e-17,6.93889390390723e-18
242,242,S0,-20,43,73270958,VS,0.416636099572743,0.669771401392174,1,e8512f402d12c3c60fc64ddb46bcae80,150,0.416636099572743,0.669771401392174,1.66533453693773e-16,2.22044604925031e-16
243,243,S0,-20,44,73270959,VS,0.0391869731584404,0.0807261034037608,0,e9be0a435cee6210ddfe4075bf3e9d25,150,0.0391869731584404,0.0807261034037608,4.16333634234434e-17,1.38777878078145e-17
244,244,S0,-20,45,73270960,VS,0.0463811057491508,0.0479527606325712,1,bc1a893fe5921a0abf59330514b526a0,150,0.0463811057491508,0.0479527606325712,1.38777878078145e-17,2.77555756156289e-17
245,245,S0,-20,46,73270961,VS,0.0297035675229578,0.0389178373873175,0,eeb07051b2fa17954050b37f170eb9b5,150,0.0297035675229578,0.0389178373873175,3.12250225675825e-17,0
246,246,S0,-20,47,73270962,VS,0.801003537376212,0.577124857297321,1,2503689cfcdab2a2eac72496b833c679,150,0.801003537376212,0.577124857297321,0,0
247,247,S0,-20,48,73270963,VS,0.0426968680649523,0.0482654819879917,0,e7a4edff0f46267fffef91f1a05bc10d,150,0.0426968680649523,0.0482654819879917,6.93889390390723e-18,6.93889390390723e-18
248,248,S0,-20,49,73270964,VS,0.0658813888389023,0.0631070264988157,1,057197c65e21c15fb014a03e213b1007,150,0.0658813888389023,0.0631070264988157,2.77555756156289e-17,4.16333634234434e-17
249,249,S0,-20,50,73270965,VS,0.0737209054305511,0.0738623195865774,1,6d09e2e62fb8e51cfed9cc8c2e0845fe,150,0.0737209054305511,0.0738623195865774,1.38777878078145e-17,4.16333634234434e-17
250,250,S0,-20,51,73270966,VS,0.0628315185284766,0.0653251406834846,1,1f08d63b5d051b64d3defb4b00dda131,150,0.0628315185284766,0.0653251406834846,1.38777878078145e-17,2.77555756156289e-17
251,251,S0,-20,52,73270967,VS,0.0423738798568609,0.0520439876067009,0,e5d024cef10a661ed842b0d76aa487c2,150,0.0423738798568609,0.0520439876067009,2.77555756156289e-17,1.38777878078145e-17
252,252,S0,-20,53,73270968,VS,0.0685578576319627,0.13314577199903,1,281dba05590c167862654ef33273e738,150,0.0685578576319627,0.13314577199903,1.38777878078145e-17,3.33066907387547e-16
253,253,S0,-20,54,73270969,VS,0.319726699841202,0.428750631071374,1,b3da19243600fae031ae571c7ae6a3f3,150,0.319726699841202,0.428750631071374,4.44089209850063e-16,2.22044604925031e-16
254,254,S0,-20,55,73270970,VS,0.0536773787057035,0.0633979898397461,1,a56809e326ab4f6cfcd51a5d242b1893,150,0.0536773787057035,0.0633979898397461,3.46944695195361e-17,2.77555756156289e-17
255,255,S0,-20,56,73270971,VS,0.0401464796407326,0.0371326781839886,0,14d838ecdc402fead1cdd3b7c2b44c1b,150,0.0401464796407326,0.0371326781839886,1.38777878078145e-17,4.16333634234434e-17
256,256,S0,-20,57,73270972,VS,0.0619810474251269,0.0635167793856002,1,5096dc6e2d2496d00ffae02699f38f80,150,0.0619810474251269,0.0635167793856002,3.46944695195361e-17,2.77555756156289e-17
257,257,S0,-20,58,73270973,VS,0.0667117768502483,0.0934859517852924,1,4d4d5cb2b06a2194408018fabfe8340c,150,0.0667117768502483,0.0934859517852924,1.38777878078145e-17,0
258,258,S0,-20,59,73270974,VS,0.0809594856134235,0.0923093036162937,1,195565a072873e264d5adf26ed3d707e,150,0.0809594856134235,0.0923093036162937,4.16333634234434e-17,0
259,259,S0,-20,60,73270975,VS,0.062348890863265,0.0626437771298149,1,c67fde33c91a06e439946ce0ea828604,150,0.062348890863265,0.0626437771298149,1.38777878078145e-17,0
260,260,S0,-20,61,73270976,VS,0.0451838319534575,0.0410516583620897,0,7fd67c74e9af300e23cfa51ce7872d6c,150,0.0451838319534575,0.0410516583620897,6.93889390390723e-18,3.46944695195361e-17
261,261,S0,-20,62,73270977,VS,0.0537636608103332,0.0525859689410087,1,d61c424dab195b85eeb885b09b0d1da4,150,0.0537636608103332,0.0525859689410087,2.08166817117217e-17,2.77555756156289e-17
262,262,S0,-20,63,73270978,VS,0.0339449770524436,0.0372619655922717,0,e14307b4df6ae4d6bbb4e331907e47ba,150,0.0339449770524436,0.0372619655922717,4.85722573273506e-17,4.16333634234434e-17
263,263,S0,-20,64,73270979,VS,0.046466860002364,0.0523384393072714,0,4d6e17185c1f5ac39766051140155f6c,150,0.046466860002364,0.0523384393072714,2.77555756156289e-17,1.38777878078145e-17
264,264,S0,-20,65,73270980,VS,0.0780031341523085,0.0880638649601362,1,300e0b74fabee5cb40b4d58d1eb56831,150,0.0780031341523085,0.0880638649601362,1.38777878078145e-17,1.38777878078145e-17
265,265,S0,-20,66,73270981,VS,0.489871999322302,0.923273129991023,1,b27d3fd44a0f6ea09c3a7f691cda3f11,150,0.489871999322302,0.923273129991023,2.77555756156289e-16,1.11022302462516e-16
266,266,S0,-20,67,73270982,VS,0.602955827253508,0.64895167173178,1,80e628aec35426edcc49bcac6931e316,150,0.602955827253508,0.64895167173178,4.44089209850063e-16,1.11022302462516e-16
267,267,S0,-20,68,73270983,VS,0.0439837386925432,0.0409515081608681,0,8e364563ad0b0037d96253bec4468bd3,150,0.0439837386925432,0.0409515081608681,3.46944695195361e-17,2.77555756156289e-17
268,268,S0,-20,69,73270984,VS,0.0432509450624898,0.0336607666245875,0,17a0f3919cfde1e4a84a2eaa7b3e7e53,150,0.0432509450624898,0.0336607666245875,2.08166817117217e-17,4.16333634234434e-17
269,269,S0,-20,70,73270985,VS,0.0790452352779948,0.0599276960956217,1,5593c6b7cfdaaf5402d51d7dc304c60f,150,0.0790452352779948,0.0599276960956217,1.38777878078145e-17,4.16333634234434e-17
270,270,S0,-20,71,73270986,VS,0.0571453799021655,0.0469703810961118,1,c29be664ab0cd1377e52eb1be9412970,150,0.0571453799021655,0.0469703810961118,4.16333634234434e-17,2.08166817117217e-17
271,271,S0,-20,72,73270987,VS,0.0470151752457179,0.0646922852530974,0,2ecd2e72e14bda80cb0a6a63669cc764,150,0.0470151752457179,0.0646922852530974,4.16333634234434e-17,5.55111512312578e-17
272,272,S0,-20,73,73270988,VS,0.0468484125714104,0.0415975197000509,0,85cef54e2909485a6420644638483e0d,150,0.0468484125714104,0.0415975197000509,2.08166817117217e-17,3.46944695195361e-17
273,273,S0,-20,74,73270989,VS,0.835565017845255,0.918843223198016,1,5c5f42bdf345fd08ecebde83966a30ec,150,0.835565017845255,0.918843223198016,1.11022302462516e-16,0
274,274,S0,-20,75,73270990,VS,0.0334163499814168,0.0360521897312296,0,b89adf0d284794513f76e166098fdea7,150,0.0334163499814168,0.0360521897312296,2.08166817117217e-17,1.38777878078145e-17
275,275,S0,-20,76,73270991,VS,0.640543434595618,0.885319377764244,1,51b27aa1b84decc079ea6bdf5aa7c9e3,150,0.640543434595618,0.885319377764244,3.33066907387547e-16,2.22044604925031e-16
276,276,S0,-20,77,73270992,VS,0.0636996326946262,0.119803226949081,1,a11fd181dae0bb3829c43dbd5580fb12,150,0.0636996326946262,0.119803226949081,2.77555756156289e-17,4.57966997657877e-16
277,277,S0,-20,78,73270993,VS,0.0473248803469239,0.0480674235748085,0,d59979d091851b6873cfdffd2039b9b9,150,0.0473248803469239,0.0480674235748085,1.38777878078145e-17,4.16333634234434e-17
278,278,S0,-20,79,73270994,VS,0.0498552795430043,0.0499147637178213,1,11df00276fd07c81314ef30e879f4afe,150,0.0498552795430043,0.0499147637178213,4.16333634234434e-17,3.46944695195361e-17
279,279,S0,-20,80,73270995,VS,0.622501266414524,0.762668559121596,1,ee7c42baa4d0d3883385c2652eb939f3,150,0.622501266414524,0.762668559121596,2.22044604925031e-16,3.33066907387547e-16
280,280,S0,-20,81,73270996,VS,0.0406914879787691,0.051331258523432,0,6a93bf8d300276a4062768e6770f73f3,150,0.0406914879787691,0.051331258523432,2.08166817117217e-17,1.38777878078145e-17
281,281,S0,-20,82,73270997,VS,0.541729601297364,0.482753269625032,1,a3fefd6a9279d0783b699c8f8e602e8a,150,0.541729601297364,0.482753269625032,4.44089209850063e-16,4.44089209850063e-16
282,282,S0,-20,83,73270998,VS,0.0474282374144864,0.0784548447821685,1,766fe3ca7eaf774848681006da0ad984,150,0.0474282374144864,0.0784548447821685,1.38777878078145e-17,1.38777878078145e-17
283,283,S0,-20,84,73270999,VS,0.204340388127551,0.547408059263448,1,e40b1a5c6904c7e0afd0cc793fc787f0,150,0.204340388127551,0.547408059263448,1.11022302462516e-16,4.44089209850063e-16
284,284,S0,-20,85,73271000,VS,0.357419510413775,0.611251473833166,1,322ceb76afa5f1b1433389e013e17abc,150,0.357419510413775,0.611251473833166,1.66533453693773e-16,3.33066907387547e-16
285,285,S0,-20,86,73271001,VS,0.0830107757180504,0.081913876611718,1,62d2c907c65ff0d8df8f96aa8baf4014,150,0.0830107757180504,0.081913876611718,4.16333634234434e-17,4.16333634234434e-17
286,286,S0,-20,87,73271002,VS,0.0351768846034484,0.0427209983562406,0,d00547e2d272cebb3498ac4a171cab92,150,0.0351768846034484,0.0427209983562406,2.77555756156289e-17,0
287,287,S0,-20,88,73271003,VS,0.0433664233520842,0.0503432457351139,0,99752511eb8b565ba59159e6cf6377f8,150,0.0433664233520842,0.0503432457351139,1.38777878078145e-17,4.85722573273506e-17
288,288,S0,-20,89,73271004,VS,0.0573505187845234,0.0518814790453344,1,4fdb5a87a77a34d75deb902da850150a,150,0.0573505187845234,0.0518814790453344,4.85722573273506e-17,2.77555756156289e-17
289,289,S0,-20,90,73271005,VS,0.0473319273272752,0.0326695786415069,0,5e4609dfc3c17cb06bd140900db779c4,150,0.0473319273272752,0.0326695786415069,3.46944695195361e-17,2.77555756156289e-17
290,290,S0,-20,91,73271006,VS,0.0546627041640162,0.0556019797930074,1,4d385be1458f3a278aa9b3cdd5bc407e,150,0.0546627041640162,0.0556019797930074,1.38777878078145e-17,6.93889390390723e-18
291,291,S0,-20,92,73271007,VS,0.42940036098476,0.8215162494792,1,3dbcc1b976d945b1c232cc9a7255b5fc,150,0.42940036098476,0.8215162494792,2.22044604925031e-16,2.22044604925031e-16
292,292,S0,-20,93,73271008,VS,0.254220617107119,0.350682261438053,1,351d3e8a431e776a3a97b8f5880409b9,150,0.254220617107119,0.350682261438053,3.88578058618805e-16,3.33066907387547e-16
293,293,S0,-20,94,73271009,VS,0.0718257651718863,0.0541701516173339,1,3ca8fa500a863028c5e17f084b05b75e,150,0.0718257651718863,0.0541701516173339,1.38777878078145e-17,4.85722573273506e-17
294,294,S0,-20,95,73271010,VS,0.0331411159964901,0.0304962750307783,0,3803b65b20cc3764201a6b150154c720,150,0.0331411159964901,0.0304962750307783,2.77555756156289e-17,2.08166817117217e-17
295,295,S0,-20,96,73271011,VS,0.0337576620435614,0.0347158527909376,0,66a4db84d7e666a9440fe4f4fb248b13,150,0.0337576620435614,0.0347158527909376,0,2.08166817117217e-17
296,296,S0,-20,97,73271012,VS,0.0590198113472167,0.187952833179208,1,edcedadf0ce02b50147b02c701a5d59e,150,0.0590198113472167,0.187952833179208,4.16333634234434e-17,3.33066907387547e-16
297,297,S0,-20,98,73271013,VS,0.0455201481618321,0.0419158796306019,0,1e57e0a2ca669c53df31741d678bea35,150,0.0455201481618321,0.0419158796306019,3.46944695195361e-17,4.85722573273506e-17
298,298,S0,-20,99,73271014,VS,0.430811851644533,0.517236647977105,1,5dc079e527fe4ae0521797f8ef0bcd08,150,0.430811851644533,0.517236647977105,0,1.11022302462516e-16
299,299,S0,-20,100,73271015,VS,0.0847719163499054,0.0552491084754175,1,f943fa6da5819e2f309be9abbe1e2d7a,150,0.0847719163499054,0.0552491084754175,1.38777878078145e-17,6.93889390390723e-18
300,300,S2,-14,1,73290916,VS,0.4693740195763,0.45665966347126,1,ab2f3b8e2854e5ced8d4b31d8cc66a3e,150,0.4693740195763,0.45665966347126,2.22044604925031e-16,0
301,301,S2,-14,2,73290917,VS,0.612268563270581,0.662210811443038,1,41cc49401a48a9a320ba7b9fa2f4dfa9,150,0.612268563270581,0.662210811443038,4.44089209850063e-16,2.22044604925031e-16
302,302,S2,-14,3,73290918,VS,0.469141765366425,0.551351805512243,0,c77fe99fe2eaab806cfdaa4adc9439f9,150,0.469141765366425,0.551351805512243,5.55111512312578e-17,2.22044604925031e-16
303,303,S2,-14,4,73290919,VS,0.5354230067654,0.428155845732004,1,d9e2f144bbdda56e0d95149949f8ebf3,150,0.5354230067654,0.428155845732004,4.44089209850063e-16,3.88578058618805e-16
304,304,S2,-14,5,73290920,VS,0.491525831127942,0.558461767471932,0,92b899f4532b6201300f943e0950d781,150,0.491525831127942,0.558461767471932,3.33066907387547e-16,4.44089209850063e-16
305,305,S2,-14,6,73290921,VS,0.350747109761369,0.434259469706753,0,3680f1ac93bcfc884717f5dd0ca61ccb,150,0.350747109761369,0.434259469706753,1.11022302462516e-16,3.33066907387547e-16
306,306,S2,-14,7,73290922,VS,0.502965724606269,0.618166050289114,1,61d9543bc5384c69485d7c5b57e70abd,150,0.502965724606269,0.618166050289114,4.44089209850063e-16,0
307,307,S2,-14,8,73290923,VS,0.590830374073793,0.607872035574433,1,25253c32af55390f0d6bc90734f33a0b,150,0.590830374073793,0.607872035574433,3.33066907387547e-16,4.44089209850063e-16
308,308,S2,-14,9,73290924,VS,0.41510399510861,0.405659446022603,0,e06523b6d602d56199d108580b622c43,150,0.41510399510861,0.405659446022603,2.22044604925031e-16,0
309,309,S2,-14,10,73290925,VS,0.498741906059815,0.39300276608954,0,9935ea4a373dfe42d8307f08197d9166,150,0.498741906059815,0.39300276608954,1.11022302462516e-16,1.11022302462516e-16
310,310,S2,-14,11,73290926,VS,0.503569438033047,0.386630877348514,1,370f3ea43b777bc906517ab8a627aa41,150,0.503569438033047,0.386630877348514,4.44089209850063e-16,3.33066907387547e-16
311,311,S2,-14,12,73290927,VS,0.600177811049928,0.622250679549423,1,c8251048bd6b07835a746d5eaa3330ae,150,0.600177811049928,0.622250679549423,0,2.22044604925031e-16
312,312,S2,-14,13,73290928,VS,0.582280307258025,0.590403642695163,1,c172de0393ffd1fe74b450e37d61bee1,150,0.582280307258025,0.590403642695163,2.22044604925031e-16,4.44089209850063e-16
313,313,S2,-14,14,73290929,VS,0.49426241079293,0.552989505913982,0,d0fa3feab85f133ce070dc6c0522f8e1,150,0.49426241079293,0.552989505913982,4.44089209850063e-16,2.22044604925031e-16
314,314,S2,-14,15,73290930,VS,0.50025851713524,0.546262289034503,1,138ae1b32b6f3ea82436d7289cf640c5,150,0.50025851713524,0.546262289034503,2.22044604925031e-16,2.22044604925031e-16
315,315,S2,-14,16,73290931,VS,0.359587451095977,0.449945797253349,0,65f1d22e8a7afc7fcda7ab0d9671d6c8,150,0.359587451095977,0.449945797253349,3.33066907387547e-16,2.77555756156289e-16
316,316,S2,-14,17,73290932,VS,0.534343090329548,0.553786151981215,0,970a35ab16409e9408aed2c47b2a418b,150,0.534343090329548,0.553786151981215,2.22044604925031e-16,1.11022302462516e-16
317,317,S2,-14,18,73290933,VS,0.491104127089952,0.538171648495275,0,556e1c5bce0fb19779d23fd62af7f061,150,0.491104127089952,0.538171648495275,1.11022302462516e-16,1.11022302462516e-16
318,318,S2,-14,19,73290934,VS,0.584054951649362,0.403459512473611,1,f6c63ff07a0c9847a13a268f59f417ec,150,0.584054951649362,0.403459512473611,4.44089209850063e-16,1.66533453693773e-16
319,319,S2,-14,20,73290935,VS,0.567444370359795,0.644169591259372,1,89ae86e801ae52cc0b6362a1a3295651,150,0.567444370359795,0.644169591259372,4.44089209850063e-16,3.33066907387547e-16
320,320,S2,-14,21,73290936,VS,0.444838585156126,0.532698541666145,1,678a9cd1f6b7bb9c37084c241a6853d0,150,0.444838585156126,0.532698541666145,5.55111512312578e-17,3.33066907387547e-16
321,321,S2,-14,22,73290937,VS,0.504392134678893,0.544626328767257,0,a6ae13b15f25d3d19c6b2fd7482ed66f,150,0.504392134678893,0.544626328767257,3.33066907387547e-16,2.22044604925031e-16
322,322,S2,-14,23,73290938,VS,0.457936786138222,0.363100810446065,0,3c8b8bf367903dab8bf30fcfdb5234cd,150,0.457936786138222,0.363100810446065,3.33066907387547e-16,2.22044604925031e-16
323,323,S2,-14,24,73290939,VS,0.436413179335869,0.369663851420221,0,60a5b972be615de05a07a801ebf3cc47,150,0.436413179335869,0.369663851420221,3.33066907387547e-16,2.77555756156289e-16
324,324,S2,-14,25,73290940,VS,0.441156882738333,0.497057818739434,0,e00dfe64fef231cc731d6b147fcbaafd,150,0.441156882738333,0.497057818739434,2.77555756156289e-16,4.9960036108132e-16
325,325,S2,-14,26,73290941,VS,0.434787943190155,0.413272802250185,1,e2855e7f46481e01b340fd5448f5e354,150,0.434787943190155,0.413272802250185,2.77555756156289e-16,4.44089209850063e-16
326,326,S2,-14,27,73290942,VS,0.31603414523511,0.257170591360771,0,0d4055a94fa32590cc742d3674113c92,150,0.31603414523511,0.257170591360771,1.11022302462516e-16,3.33066907387547e-16
327,327,S2,-14,28,73290943,VS,0.369461598344624,0.337781173346769,0,903a282011169cf90b80154dbc8db053,150,0.369461598344624,0.337781173346769,4.9960036108132e-16,1.11022302462516e-16
328,328,S2,-14,29,73290944,VS,0.570233367499649,0.62920909409473,1,261953f98ad297b41d6dee8c185d5039,150,0.570233367499649,0.62920909409473,0,1.11022302462516e-16
329,329,S2,-14,30,73290945,VS,0.45978129075135,0.540493250117984,1,ea1f7d4dc0c638477b9effdb405e5c0d,150,0.45978129075135,0.540493250117984,5.55111512312578e-17,1.11022302462516e-16
330,330,S2,-14,31,73290946,VS,0.51164503045025,0.56635558190803,0,5c572b0842ee23518f5bd6d42fe96d1b,150,0.51164503045025,0.56635558190803,4.44089209850063e-16,1.11022302462516e-16
331,331,S2,-14,32,73290947,VS,0.427854068253675,0.564512416441723,0,2141f6feef396e28a138a59e688ccac2,150,0.427854068253675,0.564512416441723,2.22044604925031e-16,1.11022302462516e-16
332,332,S2,-14,33,73290948,VS,0.306422890939819,0.418885791115796,1,145c4860880a71bd0cd5eda7ec8c9fa1,150,0.306422890939819,0.418885791115796,3.33066907387547e-16,0
333,333,S2,-14,34,73290949,VS,0.49213602703016,0.522548435370833,0,1fa9dcd18d46f0751604159649d5d29a,150,0.49213602703016,0.522548435370833,3.88578058618805e-16,1.11022302462516e-16
334,334,S2,-14,35,73290950,VS,0.408687562215954,0.467413385108311,0,f7b56f3c945341310cbfcdbd01cdb8fe,150,0.408687562215954,0.467413385108311,3.88578058618805e-16,2.22044604925031e-16
335,335,S2,-14,36,73290951,VS,0.456513631389052,0.611639876419678,1,c944959b84297c07708cf7e30aba1913,150,0.456513631389052,0.611639876419678,0,0
336,336,S2,-14,37,73290952,VS,0.568740429925167,0.57322048319301,1,a9b118d68c12e20b691c13704661b1c7,150,0.568740429925167,0.57322048319301,1.11022302462516e-16,4.44089209850063e-16
337,337,S2,-14,38,73290953,VS,0.570673610272907,0.596789067295447,1,d310f4b3df4d1f11affbaf87fd2ab167,150,0.570673610272907,0.596789067295447,0,0
338,338,S2,-14,39,73290954,VS,0.454631836479561,0.44827886588072,0,7b56aa2f1c9a9e7b97b4f0f30c1bb4d8,150,0.454631836479561,0.44827886588072,1.11022302462516e-16,2.77555756156289e-16
339,339,S2,-14,40,73290955,VS,0.466014422502273,0.509478488589811,1,4b550b2ca0b53ee4a4c25368b5fc7f81,150,0.466014422502273,0.509478488589811,3.88578058618805e-16,3.33066907387547e-16
340,340,S2,-14,41,73290956,VS,0.362547478121573,0.289109375517701,0,b3a980d388d00d60b2192265874fd6f6,150,0.362547478121573,0.289109375517701,2.77555756156289e-16,3.33066907387547e-16
341,341,S2,-14,42,73290957,VS,0.574821883603092,0.443861874344629,1,788cf354c58b51e751b336d7dd95029e,150,0.574821883603092,0.443861874344629,2.22044604925031e-16,3.33066907387547e-16
342,342,S2,-14,43,73290958,VS,0.49754330035162,0.372192422906173,0,0b474794e3ebf49c2d6093509f2f499e,150,0.49754330035162,0.372192422906173,4.9960036108132e-16,1.66533453693773e-16
343,343,S2,-14,44,73290959,VS,0.591523792911929,0.608485734998997,1,223551439dc4ddaa4627881ebe6bbd29,150,0.591523792911929,0.608485734998997,1.11022302462516e-16,0
344,344,S2,-14,45,73290960,VS,0.522882405628026,0.582899273244321,0,dd6b821b4c7d89373196118284ec84d5,150,0.522882405628026,0.582899273244321,3.33066907387547e-16,0
345,345,S2,-14,46,73290961,VS,0.419941548478227,0.461007753074766,0,bf0ec9b81e4db67b65026df3d5cdcfe7,150,0.419941548478227,0.461007753074766,1.66533453693773e-16,2.22044604925031e-16
346,346,S2,-14,47,73290962,VS,0.502222274545963,0.435631668263791,1,2a4b94f8a06ce4bfe7ad1b5675578a35,150,0.502222274545963,0.435631668263791,4.44089209850063e-16,2.77555756156289e-16
347,347,S2,-14,48,73290963,VS,0.519944693525504,0.457937765547493,0,c5eb84493f68c8965f06b9de5f8acc76,150,0.519944693525504,0.457937765547493,4.44089209850063e-16,2.77555756156289e-16
348,348,S2,-14,49,73290964,VS,0.546877949825209,0.64479275993289,1,53362fe6c84dc961fd18511a43dce5fb,150,0.546877949825209,0.64479275993289,3.33066907387547e-16,1.11022302462516e-16
349,349,S2,-14,50,73290965,VS,0.496767860823199,0.454910751677511,0,3864c6921d006d1970e0111ae8ac7e28,150,0.496767860823199,0.454910751677511,3.88578058618805e-16,1.66533453693773e-16
350,350,S2,-14,51,73290966,VS,0.499561879291998,0.54976396327017,1,0db3f38899b218e89f02f4ad6072f2f0,150,0.499561879291998,0.54976396327017,4.44089209850063e-16,2.22044604925031e-16
351,351,S2,-14,52,73290967,VS,0.464155521697293,0.538445622158334,1,e02dcc97884e94b31975572283bc71ad,150,0.464155521697293,0.538445622158334,1.66533453693773e-16,2.22044604925031e-16
352,352,S2,-14,53,73290968,VS,0.543937845970712,0.423367788713659,1,103b79cb3468372ed95e38fff3dac405,150,0.543937845970712,0.423367788713659,1.11022302462516e-16,3.33066907387547e-16
353,353,S2,-14,54,73290969,VS,0.570349219186253,0.640191467859158,1,34d45e2a4a9bf1270dcdf4f62d80a051,150,0.570349219186253,0.640191467859158,3.33066907387547e-16,0
354,354,S2,-14,55,73290970,VS,0.538270055213698,0.539124412480965,0,ebd40ee68f977a91088e13a54d67bf47,150,0.538270055213698,0.539124412480965,2.22044604925031e-16,4.44089209850063e-16
355,355,S2,-14,56,73290971,VS,0.40655089965965,0.475008041755178,0,3344aba989ac5cfd4d3efe3d8b33e32c,150,0.40655089965965,0.475008041755178,1.11022302462516e-16,3.88578058618805e-16
356,356,S2,-14,57,73290972,VS,0.50444888953739,0.558259947915819,1,802e3abb8e50f0acde369f3f071915c3,150,0.50444888953739,0.558259947915819,3.33066907387547e-16,3.33066907387547e-16
357,357,S2,-14,58,73290973,VS,0.463272399566484,0.47296641608269,0,7b3a443d84399af50a1e7d34fa88092a,150,0.463272399566484,0.47296641608269,3.88578058618805e-16,4.44089209850063e-16
358,358,S2,-14,59,73290974,VS,0.471613458816783,0.538417221892125,0,b70881fd5e086ec68379d3ea9156735f,150,0.471613458816783,0.538417221892125,2.77555756156289e-16,0
359,359,S2,-14,60,73290975,VS,0.57363228160188,0.610477730048674,1,6f874c5e471d176e74c28c151c28e745,150,0.57363228160188,0.610477730048674,3.33066907387547e-16,2.22044604925031e-16
360,360,S2,-14,61,73290976,VS,0.53541005376737,0.548910080400481,0,130849d8e2340526273c8723a2e982a5,150,0.53541005376737,0.548910080400481,4.44089209850063e-16,2.22044604925031e-16
361,361,S2,-14,62,73290977,VS,0.454880966151337,0.509041902303069,0,2df1c6b0adf6c762ecaa4a49e820ab09,150,0.454880966151337,0.509041902303069,3.88578058618805e-16,2.22044604925031e-16
362,362,S2,-14,63,73290978,VS,0.425158954955752,0.370312663449842,0,55df8e83c2f2b1b02cddade02318d8f1,150,0.425158954955752,0.370312663449842,3.88578058618805e-16,4.44089209850063e-16
363,363,S2,-14,64,73290979,VS,0.528012164273875,0.537252328027325,0,da0fd1b4c02e000b848e2384a01ff104,150,0.528012164273875,0.537252328027325,2.22044604925031e-16,3.33066907387547e-16
364,364,S2,-14,65,73290980,VS,0.487220262385147,0.552011696610825,0,94e72a45a90adb6d7c0ddd85f94462c2,150,0.487220262385147,0.552011696610825,2.22044604925031e-16,3.33066907387547e-16
365,365,S2,-14,66,73290981,VS,0.526639160798768,0.555229832014171,0,acf36d41d6c7db73300bf741fdac6bba,150,0.526639160798768,0.555229832014171,3.33066907387547e-16,3.33066907387547e-16
366,366,S2,-14,67,73290982,VS,0.532842785000236,0.60753258807765,1,ab5537ce4422ffec6b61c41d10d518b9,150,0.532842785000236,0.60753258807765,2.22044604925031e-16,1.11022302462516e-16
367,367,S2,-14,68,73290983,VS,0.335148822092301,0.463414327315399,0,b7101ea380d3f490fe819d7166e9f44d,150,0.335148822092301,0.463414327315399,3.88578058618805e-16,3.88578058618805e-16
368,368,S2,-14,69,73290984,VS,0.516305240738868,0.485323698092189,0,196808060470a4a30ad79f0a483dc10f,150,0.516305240738868,0.485323698092189,3.33066907387547e-16,1.11022302462516e-16
369,369,S2,-14,70,73290985,VS,0.432258996994304,0.492155380199121,0,61b193eeb6e64a36bf5b3bdb4093899f,150,0.432258996994304,0.492155380199121,2.22044604925031e-16,4.9960036108132e-16
370,370,S2,-14,71,73290986,VS,0.49700361348484,0.436596675754626,0,898610655f045c4a718cd692b2579317,150,0.49700361348484,0.436596675754626,4.44089209850063e-16,1.11022302462516e-16
371,371,S2,-14,72,73290987,VS,0.571029433295174,0.631565107215381,1,ec348bb50176be6418bf3561a1523d01,150,0.571029433295174,0.631565107215381,2.22044604925031e-16,3.33066907387547e-16
372,372,S2,-14,73,73290988,VS,0.591346066258421,0.617058641966814,1,6207f37964a32ef469dfb503d17cc1f1,150,0.591346066258421,0.617058641966814,1.11022302462516e-16,0
373,373,S2,-14,74,73290989,VS,0.554337848330464,0.405412776392723,1,469bc3ff48a78112597f05cad74d13fc,150,0.554337848330464,0.405412776392723,0,2.77555756156289e-16
374,374,S2,-14,75,73290990,VS,0.508551870468781,0.622193286945614,1,5df1bc8d3701c3ffbbe89e1addb76b10,150,0.508551870468781,0.622193286945614,4.44089209850063e-16,2.22044604925031e-16
375,375,S2,-14,76,73290991,VS,0.440238128013475,0.368957782530831,0,c8bf02801d7572f1b8b21374b6fc184c,150,0.440238128013475,0.368957782530831,1.11022302462516e-16,5.55111512312578e-17
376,376,S2,-14,77,73290992,VS,0.554181314048196,0.484052584134879,0,9872829d81d3dfd44e1d3086c3f0eabb,150,0.554181314048196,0.484052584134879,1.11022302462516e-16,1.11022302462516e-16
377,377,S2,-14,78,73290993,VS,0.419480689219368,0.473198694322934,0,d64866f116b18fb7731603354d32263d,150,0.419480689219368,0.473198694322934,1.11022302462516e-16,3.88578058618805e-16
378,378,S2,-14,79,73290994,VS,0.465263229658142,0.502032178838991,0,f87fad72fea75d9a26b24fb261806616,150,0.465263229658142,0.502032178838991,2.77555756156289e-16,1.11022302462516e-16
379,379,S2,-14,80,73290995,VS,0.530766862240995,0.357514562993867,0,7078d0b08071fb5ca3e0c2282465622a,150,0.530766862240995,0.357514562993867,2.22044604925031e-16,1.66533453693773e-16
380,380,S2,-14,81,73290996,VS,0.548142362464285,0.615121162965376,1,47b2aaa19ce547002ac73b06fddfdbe9,150,0.548142362464285,0.615121162965376,4.44089209850063e-16,4.44089209850063e-16
381,381,S2,-14,82,73290997,VS,0.220180748662482,0.460608755495713,1,e83c45815374623af0b9f1a0e5063787,150,0.220180748662482,0.460608755495713,4.16333634234434e-16,1.11022302462516e-16
382,382,S2,-14,83,73290998,VS,0.584989240969827,0.608644727254291,1,80bb48eebf539df0344201974871d9f2,150,0.584989240969827,0.608644727254291,2.22044604925031e-16,1.11022302462516e-16
383,383,S2,-14,84,73290999,VS,0.448134298828216,0.511829709993237,0,958cd52837dcc1283025d20eebc68372,150,0.448134298828216,0.511829709993237,3.88578058618805e-16,4.44089209850063e-16
384,384,S2,-14,85,73291000,VS,0.604565014596223,0.604856897856873,1,2b8eafb975d4fa71d4760e6240758672,150,0.604565014596223,0.604856897856873,3.33066907387547e-16,2.22044604925031e-16
385,385,S2,-14,86,73291001,VS,0.485622436712521,0.459998800519144,0,a48937470c248e135d007dfdf1ed2bc2,150,0.485622436712521,0.459998800519144,3.33066907387547e-16,1.11022302462516e-16
386,386,S2,-14,87,73291002,VS,0.473153957110637,0.505232130726569,1,9609f7d06039954b63f92444f7e14dd6,150,0.473153957110637,0.505232130726569,3.88578058618805e-16,2.22044604925031e-16
387,387,S2,-14,88,73291003,VS,0.459818808585431,0.543888384913081,0,b429fd8866946d61aa149039a83e31ab,150,0.459818808585431,0.543888384913081,1.11022302462516e-16,2.22044604925031e-16
388,388,S2,-14,89,73291004,VS,0.526376750602489,0.561489291344925,0,1b52910198aec261f404d02669a35e9e,150,0.526376750602489,0.561489291344925,3.33066907387547e-16,4.44089209850063e-16
389,389,S2,-14,90,73291005,VS,0.58481651945021,0.604328937150518,1,85a4395e3eb348b1eb62bc9014fc1a4f,150,0.58481651945021,0.604328937150518,2.22044604925031e-16,3.33066907387547e-16
390,390,S2,-14,91,73291006,VS,0.551970223465207,0.487976724800239,1,a065b2a7321386fd37fc857e8a28adab,150,0.551970223465207,0.487976724800239,0,3.33066907387547e-16
391,391,S2,-14,92,73291007,VS,0.521726907583722,0.538909943289462,1,214c98359af622eef133b5307b67d17c,150,0.521726907583722,0.538909943289462,4.44089209850063e-16,1.11022302462516e-16
392,392,S2,-14,93,73291008,VS,0.538125251688755,0.476152698518078,0,aa614b42e20bbbe080d7f7f9be104a2c,150,0.538125251688755,0.476152698518078,1.11022302462516e-16,3.33066907387547e-16
393,393,S2,-14,94,73291009,VS,0.19870332814125,0.499549928985548,0,846e49b55e6a5a7d7acdd711295f476a,150,0.19870332814125,0.499549928985548,5.55111512312578e-17,0
394,394,S2,-14,95,73291010,VS,0.530605996092689,0.639081907034881,1,95578b3bdfa3bb7e6f3e4ead2a51c741,150,0.530605996092689,0.639081907034881,0,4.44089209850063e-16
395,395,S2,-14,96,73291011,VS,0.434270447140019,0.464083051321734,1,807e82b88098ee6988a287c6678dfb2a,150,0.434270447140019,0.464083051321734,2.77555756156289e-16,1.66533453693773e-16
396,396,S2,-14,97,73291012,VS,0.591757792451493,0.501417281831644,1,a61031754a44f6916d87b8e0fb457f31,150,0.591757792451493,0.501417281831644,3.33066907387547e-16,4.44089209850063e-16
397,397,S2,-14,98,73291013,VS,0.506962629101556,0.465431991456783,0,fb03ba1ba734dbaecb5b980f30d4191f,150,0.506962629101556,0.465431991456783,2.22044604925031e-16,1.11022302462516e-16
398,398,S2,-14,99,73291014,VS,0.425772255013172,0.423978267491037,0,e367148458b611836b5e605a41e16fce,150,0.425772255013172,0.423978267491037,2.77555756156289e-16,4.44089209850063e-16
399,399,S2,-14,100,73291015,VS,0.511576610897022,0.579856877880121,0,de268e034802634416de841c4eb44c65,150,0.511576610897022,0.579856877880121,1.11022302462516e-16,1.11022302462516e-16
400,400,S2,-17,1,73290916,VS,0.364505474817573,0.323474762625699,0,f6534bcf1d0855f4c696f311f4cac632,150,0.364505474817573,0.323474762625699,3.33066907387547e-16,1.66533453693773e-16
401,401,S2,-17,2,73290917,VS,0.579482672023882,0.631147860013295,1,da3c5b6c36f947742e1c4bbe988ef9ee,150,0.579482672023882,0.631147860013295,1.11022302462516e-16,2.22044604925031e-16
402,402,S2,-17,3,73290918,VS,0.389529250647022,0.43977692198756,0,b843f6cbfcc008ff035daa26f15eecab,150,0.389529250647022,0.43977692198756,5.55111512312578e-17,4.44089209850063e-16
403,403,S2,-17,4,73290919,VS,0.480669203137002,0.402769537207116,0,97011aa88fc9213e17a120c9a1c9d922,150,0.480669203137002,0.402769537207116,3.88578058618805e-16,5.55111512312578e-17
404,404,S2,-17,5,73290920,VS,0.275430630365799,0.306737643445905,1,211d1dd0c1664204150f4ed0df8b6d5e,150,0.275430630365799,0.306737643445905,4.44089209850063e-16,3.33066907387547e-16
405,405,S2,-17,6,73290921,VS,0.308018101935326,0.241184228062213,0,f58c6a1dfab5760802fe6601a0291a45,150,0.308018101935326,0.241184228062213,1.11022302462516e-16,4.71844785465692e-16
406,406,S2,-17,7,73290922,VS,0.38758993605927,0.39804112244653,0,4c678fc9f35a95b152ffb42ded74dc1c,150,0.38758993605927,0.39804112244653,5.55111512312578e-17,0
407,407,S2,-17,8,73290923,VS,0.265771132459973,0.279417406326544,1,cc65af0ec37f974cf98dc8ff6d8be50e,150,0.265771132459973,0.279417406326544,0,1.66533453693773e-16
408,408,S2,-17,9,73290924,VS,0.0958922463818609,0.104203354659561,0,2f1b3e3f25a23ad8b21a06e5df95da29,150,0.0958922463818609,0.104203354659561,4.16333634234434e-17,6.93889390390723e-17
409,409,S2,-17,10,73290925,VS,0.360341858193456,0.312269781082164,0,4e2b4efe85b4c3e20cc37faecc80865c,150,0.360341858193456,0.312269781082164,1.66533453693773e-16,2.77555756156289e-16
410,410,S2,-17,11,73290926,VS,0.413944613796151,0.303253697176607,1,e232141527b3de20e24ad72dd36e9078,150,0.413944613796151,0.303253697176607,1.66533453693773e-16,1.66533453693773e-16
411,411,S2,-17,12,73290927,VS,0.42424020137338,0.432017970874363,0,4df3c4a5e9ea529fcf20d68c6e15533f,150,0.42424020137338,0.432017970874363,2.77555756156289e-16,3.33066907387547e-16
412,412,S2,-17,13,73290928,VS,0.43718766767499,0.407036096552932,0,fe5cf5a9ca4479ab02b23fffa41a6e34,150,0.43718766767499,0.407036096552932,2.77555756156289e-16,2.22044604925031e-16
413,413,S2,-17,14,73290929,VS,0.486488505876046,0.550993219217911,0,9b0a3b1d5ed7c77109b3d0c7627edf6a,150,0.486488505876046,0.550993219217911,3.33066907387547e-16,3.33066907387547e-16
414,414,S2,-17,15,73290930,VS,0.485009849739878,0.354137501602644,0,723c930a3c3668f874c38560279bebde,150,0.485009849739878,0.354137501602644,2.77555756156289e-16,5.55111512312578e-17
415,415,S2,-17,16,73290931,VS,0.172426840653375,0.28670410111395,1,0c43a5f7601786344ef1f444fa9213e4,150,0.172426840653375,0.28670410111395,8.32667268468867e-17,1.11022302462516e-16
416,416,S2,-17,17,73290932,VS,0.495629605882024,0.472862090527375,0,11a52d0ba244ff28f547acda82abb8cb,150,0.495629605882024,0.472862090527375,4.9960036108132e-16,0
417,417,S2,-17,18,73290933,VS,0.335069261676258,0.3299206772253,0,c3f9e4ffe6a63161dc93832972f7723e,150,0.335069261676258,0.3299206772253,4.44089209850063e-16,1.11022302462516e-16
418,418,S2,-17,19,73290934,VS,0.454387989292518,0.439226952568662,1,d7620b2adcb26b373de69d13cdbd1a33,150,0.454387989292518,0.439226952568662,3.88578058618805e-16,4.44089209850063e-16
419,419,S2,-17,20,73290935,VS,0.415687042030895,0.427937208137419,1,488468b9ae02e00cbf19bae9d8c61353,150,0.415687042030895,0.427937208137419,3.88578058618805e-16,3.88578058618805e-16
420,420,S2,-17,21,73290936,VS,0.355555672516631,0.383313751826078,0,d4292101408e46ff73bdab2f9ba62221,150,0.355555672516631,0.383313751826078,1.66533453693773e-16,5.55111512312578e-17
421,421,S2,-17,22,73290937,VS,0.412126294982029,0.376876403732923,0,a7845f56d9a51da80c331d9129c901f5,150,0.412126294982029,0.376876403732923,2.22044604925031e-16,2.77555756156289e-16
422,422,S2,-17,23,73290938,VS,0.313779791244632,0.371244280503683,0,c7a88fb53f9627dba247e28d3a998f55,150,0.313779791244632,0.371244280503683,0,1.66533453693773e-16
423,423,S2,-17,24,73290939,VS,0.356298945920323,0.373259759450554,0,fd4cc839d86ee854785f3ad9658f30c4,150,0.356298945920323,0.373259759450554,1.11022302462516e-16,2.77555756156289e-16
424,424,S2,-17,25,73290940,VS,0.296788203884466,0.327818644246669,0,f0c1c5d03654e0e78f4135152908f5fc,150,0.296788203884466,0.327818644246669,3.88578058618805e-16,1.66533453693773e-16
425,425,S2,-17,26,73290941,VS,0.184433266626008,0.267558482474845,0,a4b2325f146ee9ca17b2cbb8aab30073,150,0.184433266626008,0.267558482474845,3.60822483003176e-16,2.77555756156289e-16
426,426,S2,-17,27,73290942,VS,0.249863251246075,0.23195639725527,0,e4fdf24d5203fb1a2b9a3738263cd105,150,0.249863251246075,0.23195639725527,4.16333634234434e-16,2.4980018054066e-16
427,427,S2,-17,28,73290943,VS,0.316664767286997,0.324818948403489,0,b0d98e59357424075f00d815a9b7e473,150,0.316664767286997,0.324818948403489,5.55111512312578e-17,4.9960036108132e-16
428,428,S2,-17,29,73290944,VS,0.521135997663005,0.603045407780135,1,488f456a9f23e0899e699b4b75f8747d,150,0.521135997663005,0.603045407780135,4.44089209850063e-16,3.33066907387547e-16
429,429,S2,-17,30,73290945,VS,0.442178649361633,0.316198082404568,0,dd20844101f2efece625a61ccb822480,150,0.442178649361633,0.316198082404568,2.22044604925031e-16,2.77555756156289e-16
430,430,S2,-17,31,73290946,VS,0.44714342894031,0.486306869982276,0,3268f79f0b9bc8cc6200ab7c0bb6e1ba,150,0.44714342894031,0.486306869982276,3.33066907387547e-16,1.66533453693773e-16
431,431,S2,-17,32,73290947,VS,0.233946876601051,0.362485010276452,1,8df076c493cba85b4cc96dab9b7b297d,150,0.233946876601051,0.362485010276452,4.9960036108132e-16,3.88578058618805e-16
432,432,S2,-17,33,73290948,VS,0.118535210926449,0.141151556048937,1,ca83888408616f3719e6afbb54139380,150,0.118535210926449,0.141151556048937,1.66533453693773e-16,1.38777878078145e-16
433,433,S2,-17,34,73290949,VS,0.351705798177266,0.35505207795593,0,10265dbb4261caf229c9f2c67a8e9de7,150,0.351705798177266,0.35505207795593,2.77555756156289e-16,2.77555756156289e-16
434,434,S2,-17,35,73290950,VS,0.376973474389703,0.380732310730695,0,665d1557c0224cbaabe80767a0ce7721,150,0.376973474389703,0.380732310730695,1.66533453693773e-16,3.88578058618805e-16
435,435,S2,-17,36,73290951,VS,0.323587584355772,0.368211512000713,1,c673d820c263f350567ae8ce1dc7059a,150,0.323587584355772,0.368211512000713,3.33066907387547e-16,3.88578058618805e-16
436,436,S2,-17,37,73290952,VS,0.129006599541351,0.084165290801864,0,26e8b331f58c6e677804c86a11e608f5,150,0.129006599541351,0.084165290801864,2.22044604925031e-16,2.77555756156289e-17
437,437,S2,-17,38,73290953,VS,0.377509305580803,0.557977263122663,1,3a73f89956cd1d13119c531566d3bc87,150,0.377509305580803,0.557977263122663,5.55111512312578e-17,2.22044604925031e-16
438,438,S2,-17,39,73290954,VS,0.350572652228421,0.446034041509307,0,5fcdbb7b8aeaaeb3e01e04b00676a819,150,0.350572652228421,0.446034041509307,2.77555756156289e-16,2.22044604925031e-16
439,439,S2,-17,40,73290955,VS,0.354019024611953,0.473878495436679,1,cc1d697aa59655a5d050a4b8f6c8c72e,150,0.354019024611953,0.473878495436679,3.33066907387547e-16,4.9960036108132e-16
440,440,S2,-17,41,73290956,VS,0.232165840030175,0.159019904208777,1,e4cd04ad439677efe5635b17d9f712fa,150,0.232165840030175,0.159019904208777,2.4980018054066e-16,3.88578058618805e-16
441,441,S2,-17,42,73290957,VS,0.444505753705738,0.474549679544209,0,900c6f6266706f03ed6ca58c5519d50a,150,0.444505753705738,0.474549679544209,5.55111512312578e-17,4.44089209850063e-16
442,442,S2,-17,43,73290958,VS,0.281543952999323,0.358284074574275,0,2e34df81ef2f7c5de44ae3f0e6649aba,150,0.281543952999323,0.358284074574275,4.44089209850063e-16,5.55111512312578e-17
443,443,S2,-17,44,73290959,VS,0.353100033878182,0.378217256655178,1,14c7caccc7b3d2236da4f3157436937f,150,0.353100033878182,0.378217256655178,1.11022302462516e-16,1.11022302462516e-16
444,444,S2,-17,45,73290960,VS,0.463211814389472,0.225841904630155,0,361a2c491c96090ccec163f1d1391b3d,150,0.463211814389472,0.225841904630155,2.77555756156289e-16,8.32667268468867e-17
445,445,S2,-17,46,73290961,VS,0.365028767166248,0.447057949102149,0,d3e96e299f21cdfd5a4425574d945133,150,0.365028767166248,0.447057949102149,3.88578058618805e-16,3.33066907387547e-16
446,446,S2,-17,47,73290962,VS,0.417117804179342,0.430596359771287,0,c5df7a2f593d74249195104edc6d1b58,150,0.417117804179342,0.430596359771287,1.11022302462516e-16,2.77555756156289e-16
447,447,S2,-17,48,73290963,VS,0.410929630983193,0.383137508802481,0,d4d544b99607428282bac748889b1fce,150,0.410929630983193,0.383137508802481,3.33066907387547e-16,2.22044604925031e-16
448,448,S2,-17,49,73290964,VS,0.299074770164467,0.324255040101793,0,a0bc5241a3d3b31d597acab66d4da432,150,0.299074770164467,0.324255040101793,4.44089209850063e-16,2.22044604925031e-16
449,449,S2,-17,50,73290965,VS,0.246258300801931,0.166529791552267,1,9669aa43deb74a66561fa30760fc01d8,150,0.246258300801931,0.166529791552267,1.94289029309402e-16,2.22044604925031e-16
450,450,S2,-17,51,73290966,VS,0.383462976628049,0.267108790466178,0,9d15e22d0b624924dbc41a2468e22009,150,0.383462976628049,0.267108790466178,1.66533453693773e-16,1.11022302462516e-16
451,451,S2,-17,52,73290967,VS,0.461090956967071,0.525104478723167,1,efe7d33c26f066f1e41fd79298060f63,150,0.461090956967071,0.525104478723167,2.22044604925031e-16,1.11022302462516e-16
452,452,S2,-17,53,73290968,VS,0.546794076037589,0.50021322240092,0,800bd7d119f7f6975d0124dcb90efdca,150,0.546794076037589,0.50021322240092,4.44089209850063e-16,1.11022302462516e-16
453,453,S2,-17,54,73290969,VS,0.44032528505275,0.435522443680604,1,ab1beaa40a486e09d9fb8735b9597033,150,0.44032528505275,0.435522443680604,1.11022302462516e-16,2.22044604925031e-16
454,454,S2,-17,55,73290970,VS,0.5314584978279,0.463695314515267,0,518f01c835224feec9a0028f7b635b0a,150,0.5314584978279,0.463695314515267,0,1.11022302462516e-16
455,455,S2,-17,56,73290971,VS,0.447525806303435,0.493205105424448,0,bd7b960bcaa311f80ec162ac75c1b0d3,150,0.447525806303435,0.493205105424448,1.66533453693773e-16,2.77555756156289e-16
456,456,S2,-17,57,73290972,VS,0.230110744640201,0.244192237019868,0,5daf73eb89ad722fbed7406e4d30f179,150,0.230110744640201,0.244192237019868,4.16333634234434e-16,3.33066907387547e-16
457,457,S2,-17,58,73290973,VS,0.238033736295843,0.280705833799931,0,e0da289b035bd7e54c5d4bdf6eaf9be9,150,0.238033736295843,0.280705833799931,1.94289029309402e-16,3.33066907387547e-16
458,458,S2,-17,59,73290974,VS,0.368180807294324,0.487153981643691,0,dae936f14ac2d3054e8d116cb337c95a,150,0.368180807294324,0.487153981643691,2.77555756156289e-16,3.33066907387547e-16
459,459,S2,-17,60,73290975,VS,0.398821358579019,0.45190203043277,0,fef303f112d00e43db1aa6ffe7846b1d,150,0.398821358579019,0.45190203043277,1.11022302462516e-16,4.9960036108132e-16
460,460,S2,-17,61,73290976,VS,0.346381515937812,0.490806450317872,0,57a012881135f94c8c97eb8b2db66052,150,0.346381515937812,0.490806450317872,5.55111512312578e-17,2.22044604925031e-16
461,461,S2,-17,62,73290977,VS,0.412080357128004,0.400398584119954,0,4a3fdb73b2038b1f3b52311064408cb6,150,0.412080357128004,0.400398584119954,4.9960036108132e-16,1.11022302462516e-16
462,462,S2,-17,63,73290978,VS,0.234930053279858,0.264043120481388,0,094b2b84520debc54c504f781c0334e9,150,0.234930053279858,0.264043120481388,2.4980018054066e-16,1.11022302462516e-16
463,463,S2,-17,64,73290979,VS,0.382889785963142,0.33846502348423,0,f3de9664ff6346267e2a954a75b68087,150,0.382889785963142,0.33846502348423,2.22044604925031e-16,3.33066907387547e-16
464,464,S2,-17,65,73290980,VS,0.506412531303989,0.484993374490542,0,69658699f274fbeaea2011f9d9bc675e,150,0.506412531303989,0.484993374490542,0,5.55111512312578e-17
465,465,S2,-17,66,73290981,VS,0.515515205867005,0.401502903827211,0,f17748e3a3bb0dbf344b4abe75a78d5a,150,0.515515205867005,0.401502903827211,3.33066907387547e-16,3.33066907387547e-16
466,466,S2,-17,67,73290982,VS,0.446263136123226,0.404828787480532,0,761a7cd8956a9f1717e5aa79201b9c83,150,0.446263136123226,0.404828787480532,1.66533453693773e-16,2.77555756156289e-16
467,467,S2,-17,68,73290983,VS,0.293737279626326,0.240097067653207,0,73952cbb1942c5cdedf58a46c8ebc4fd,150,0.293737279626326,0.240097067653207,4.44089209850063e-16,1.66533453693773e-16
468,468,S2,-17,69,73290984,VS,0.239546565626155,0.232877045560976,1,3948de52d9742c25ffa5072649dd9a11,150,0.239546565626155,0.232877045560976,1.66533453693773e-16,1.11022302462516e-16
469,469,S2,-17,70,73290985,VS,0.421132143677812,0.387960566830498,0,040a6bb446bdf54fd7a1f3ff8c91a4eb,150,0.421132143677812,0.387960566830498,2.22044604925031e-16,3.33066907387547e-16
470,470,S2,-17,71,73290986,VS,0.399576455974794,0.401278612424308,0,3487a135e88bb948a10551194df31501,150,0.399576455974794,0.401278612424308,1.66533453693773e-16,2.77555756156289e-16
471,471,S2,-17,72,73290987,VS,0.522045428588798,0.397403576961014,1,c8f7765caa42d01e773e4f8f2063fa4b,150,0.522045428588798,0.397403576961014,0,3.88578058618805e-16
472,472,S2,-17,73,73290988,VS,0.500510836357874,0.536709737602282,1,66dc6b44e3d43a3f792c9385b928a385,150,0.500510836357874,0.536709737602282,2.22044604925031e-16,4.44089209850063e-16
473,473,S2,-17,74,73290989,VS,0.299747044136227,0.296199370813789,1,2d7a535eb2de1daa13b7fa7a0c4ed2a2,150,0.299747044136227,0.296199370813789,3.88578058618805e-16,2.22044604925031e-16
474,474,S2,-17,75,73290990,VS,0.251357505831373,0.178260280248527,1,fa05b3428128da37b8f52b7227a76622,150,0.251357505831373,0.178260280248527,4.44089209850063e-16,0
475,475,S2,-17,76,73290991,VS,0.31442419675385,0.302886542916735,0,2d600891558bf41c579deb61c3090617,150,0.31442419675385,0.302886542916735,5.55111512312578e-17,1.11022302462516e-16
476,476,S2,-17,77,73290992,VS,0.517270812695604,0.469953817526497,0,2fa233d3c2553de7978997365838f32a,150,0.517270812695604,0.469953817526497,3.33066907387547e-16,1.11022302462516e-16
477,477,S2,-17,78,73290993,VS,0.31986465311403,0.323151882061955,0,2b49862cf7c3c786e5f16163a85a7af9,150,0.31986465311403,0.323151882061955,3.88578058618805e-16,2.22044604925031e-16
478,478,S2,-17,79,73290994,VS,0.207037500972649,0.380273202758114,0,602eff03208e206c362760077bfddc05,150,0.207037500972649,0.380273202758114,1.11022302462516e-16,0
479,479,S2,-17,80,73290995,VS,0.50071827609703,0.3303530445738,0,330b5afd2d8c5ac26ed38e03cf5b1ddb,150,0.50071827609703,0.3303530445738,3.33066907387547e-16,3.88578058618805e-16
480,480,S2,-17,81,73290996,VS,0.478298691792805,0.512884347785831,1,ed5879e829d2a7123a1c79c1d159f325,150,0.478298691792805,0.512884347785831,3.33066907387547e-16,3.33066907387547e-16
481,481,S2,-17,82,73290997,VS,0.178197017191614,0.275689213777935,0,d9db7f81b691f8fa62a2c4a31a439d9c,150,0.178197017191614,0.275689213777935,3.33066907387547e-16,5.55111512312578e-17
482,482,S2,-17,83,73290998,VS,0.434885288442525,0.423121007357675,0,1892b6d5e2e62e6da05a2bf576605177,150,0.434885288442525,0.423121007357675,0,3.88578058618805e-16
483,483,S2,-17,84,73290999,VS,0.417926075867811,0.420337226266513,0,ef099b412ddf6ce595e8e0077b2211be,150,0.417926075867811,0.420337226266513,4.9960036108132e-16,3.33066907387547e-16
484,484,S2,-17,85,73291000,VS,0.276448624052776,0.297444868097472,1,7bc7d40579ff04c3840fd3428013ca4e,150,0.276448624052776,0.297444868097472,4.9960036108132e-16,3.88578058618805e-16
485,485,S2,-17,86,73291001,VS,0.314185691738898,0.430668808684906,0,44b622f8fe81cb638ae9c6e69b730475,150,0.314185691738898,0.430668808684906,4.9960036108132e-16,2.22044604925031e-16
486,486,S2,-17,87,73291002,VS,0.347163346740463,0.219526821610648,0,556d2551cc5de3086d2a4efe9784fd2d,150,0.347163346740463,0.219526821610648,5.55111512312578e-17,4.44089209850063e-16
487,487,S2,-17,88,73291003,VS,0.24498628470846,0.318681662012922,1,dfc47a3a8f0e18fbc6400363542b6880,150,0.24498628470846,0.318681662012922,5.55111512312578e-17,2.22044604925031e-16
488,488,S2,-17,89,73291004,VS,0.458612990509009,0.354171469178571,0,d427bd5b9e4fac6245a202ad39466a0b,150,0.458612990509009,0.354171469178571,1.11022302462516e-16,1.11022302462516e-16
489,489,S2,-17,90,73291005,VS,0.527958223472575,0.563236714746373,1,5c6ee0b73d17d9a9f9ea7a6f495e2057,150,0.527958223472575,0.563236714746373,2.22044604925031e-16,4.44089209850063e-16
490,490,S2,-17,91,73291006,VS,0.378088110772609,0.47353692299086,0,b30c865472a4b37f0ca259693b416cad,150,0.378088110772609,0.47353692299086,1.66533453693773e-16,2.77555756156289e-16
491,491,S2,-17,92,73291007,VS,0.42005747736462,0.378559561704463,0,371a590bd833333ea8a542bd97f2c994,150,0.42005747736462,0.378559561704463,2.77555756156289e-16,3.88578058618805e-16
492,492,S2,-17,93,73291008,VS,0.259355967587764,0.257338136343751,1,b78534e709cd0feeb51b37359f3fec1e,150,0.259355967587764,0.257338136343751,3.33066907387547e-16,2.22044604925031e-16
493,493,S2,-17,94,73291009,VS,0.193155180681824,0.210354233835376,0,519935afc1c1e99868f13adef12b2be4,150,0.193155180681824,0.210354233835376,4.16333634234434e-16,1.11022302462516e-16
494,494,S2,-17,95,73291010,VS,0.190947827242958,0.179818613862149,1,aaacb68b82a687bfdb7f6c35c55752cf,150,0.190947827242958,0.179818613862149,3.33066907387547e-16,2.77555756156289e-16
495,495,S2,-17,96,73291011,VS,0.269310946987699,0.39406877456154,0,0b6f4aeda64865db827dfd53879a5edc,150,0.269310946987699,0.39406877456154,4.44089209850063e-16,1.11022302462516e-16
496,496,S2,-17,97,73291012,VS,0.572868021408348,0.431158173799964,1,dcc5754e88868c78110e2505c5e26087,150,0.572868021408348,0.431158173799964,4.44089209850063e-16,1.11022302462516e-16
497,497,S2,-17,98,73291013,VS,0.426906273428839,0.395370521229293,0,23d1f13ceb1be56160f3770237844bec,150,0.426906273428839,0.395370521229293,1.11022302462516e-16,4.44089209850063e-16
498,498,S2,-17,99,73291014,VS,0.458920334973678,0.414755310448228,0,bf43a700bd21ab73a1f485ed3a18ec8a,150,0.458920334973678,0.414755310448228,3.33066907387547e-16,1.11022302462516e-16
499,499,S2,-17,100,73291015,VS,0.291445113889461,0.446546573736131,0,7eb8a0f79631996ce6ce3178969c3b56,150,0.291445113889461,0.446546573736131,4.9960036108132e-16,5.55111512312578e-17
500,500,S2,-20,1,73290916,VS,0.296833418218567,0.322099889265009,0,ebb2fd6d938888bfe0a2c34343ecf8fd,150,0.296833418218567,0.322099889265009,1.66533453693773e-16,3.88578058618805e-16
501,501,S2,-20,2,73290917,VS,0.530513071916111,0.389979646363257,1,a9fccfc7d48d4e1e1780b0437521b532,150,0.530513071916111,0.389979646363257,4.44089209850063e-16,3.88578058618805e-16
502,502,S2,-20,3,73290918,VS,0.289202597965937,0.322651408658026,0,81ce816e9a085b44c049480c40ce481b,150,0.289202597965937,0.322651408658026,1.11022302462516e-16,3.33066907387547e-16
503,503,S2,-20,4,73290919,VS,0.33718074368604,0.33718074368604,0,bfcb83c169856baf6ebcce96fa13e2b4,150,0.33718074368604,0.33718074368604,1.11022302462516e-16,1.11022302462516e-16
504,504,S2,-20,5,73290920,VS,0.208438703238645,0.148344507835642,1,33720c934a4bc37ff231a8d826b3a8d5,150,0.208438703238645,0.148344507835642,1.66533453693773e-16,1.94289029309402e-16
505,505,S2,-20,6,73290921,VS,0.235403695752867,0.23303926595972,0,6e7a5cf10a63d5943fa93db8f296e0ef,150,0.235403695752867,0.23303926595972,5.55111512312578e-17,5.55111512312578e-17
506,506,S2,-20,7,73290922,VS,0.295991871506894,0.398860691838864,0,c2dbcf2b5ae8c7d4e854c01f766057f2,150,0.295991871506894,0.398860691838864,3.33066907387547e-16,4.44089209850063e-16
507,507,S2,-20,8,73290923,VS,0.123873941974529,0.106897707865809,1,c4a83c0f214e603ada8ccc122b6c958b,150,0.123873941974529,0.106897707865809,4.30211422042248e-16,1.66533453693773e-16
508,508,S2,-20,9,73290924,VS,0.0722035274949733,0.0900248636470596,0,96202bc5ddbccf19931c04a6744145e2,150,0.0722035274949733,0.0900248636470596,4.16333634234434e-17,4.16333634234434e-17
509,509,S2,-20,10,73290925,VS,0.21532731167219,0.247272444236233,0,cbf0cac01d6401c139475e03faca0bab,150,0.21532731167219,0.247272444236233,2.22044604925031e-16,2.77555756156289e-16
510,510,S2,-20,11,73290926,VS,0.172322962837602,0.195245565101283,0,523a97ac1cf678a03cb7c13dbfaa6286,150,0.172322962837602,0.195245565101283,3.88578058618805e-16,2.22044604925031e-16
511,511,S2,-20,12,73290927,VS,0.284254297893093,0.353624847780587,0,8364d643f28ea3894eb14f093b12071f,150,0.284254297893093,0.353624847780587,2.77555756156289e-16,2.22044604925031e-16
512,512,S2,-20,13,73290928,VS,0.266219124195326,0.347270945990424,0,674528cd02ca2ca4d62133583835de51,150,0.266219124195326,0.347270945990424,2.22044604925031e-16,5.55111512312578e-17
513,513,S2,-20,14,73290929,VS,0.124357077844317,0.0392015204593182,0,58cd6dd19ab78f5f84c02b0c81200821,150,0.124357077844317,0.0392015204593182,2.4980018054066e-16,6.93889390390723e-18
514,514,S2,-20,15,73290930,VS,0.384593605857217,0.481366278133014,1,e4604cb733803671a7efc7f5942a3293,150,0.384593605857217,0.481366278133014,2.77555756156289e-16,5.55111512312578e-17
515,515,S2,-20,16,73290931,VS,0.112008522404403,0.0944275418627596,1,6557a26009d7838b3ec049e697f84693,150,0.112008522404403,0.0944275418627596,4.71844785465692e-16,1.38777878078145e-17
516,516,S2,-20,17,73290932,VS,0.336585568686027,0.35023555625158,0,1fa765156cf5ba699d63dfe457ee2bfc,150,0.336585568686027,0.35023555625158,5.55111512312578e-17,4.9960036108132e-16
517,517,S2,-20,18,73290933,VS,0.171842218957089,0.296401839417313,0,189edbe5cfa4e6fcb77ee03b0b2e9505,150,0.171842218957089,0.296401839417313,4.44089209850063e-16,2.77555756156289e-16
518,518,S2,-20,19,73290934,VS,0.299388851360068,0.354187689710739,1,52aeb8ff44e941a589000eeb326b4bcf,150,0.299388851360068,0.354187689710739,1.11022302462516e-16,2.22044604925031e-16
519,519,S2,-20,20,73290935,VS,0.100533065253841,0.114509133746255,0,39e731013ecbe886fed5b9d9e55175d7,150,0.100533065253841,0.114509133746255,9.71445146547012e-17,4.30211422042248e-16
520,520,S2,-20,21,73290936,VS,0.167272941606008,0.291159320978744,0,ea00183a015d40601f7387d637a1a0a7,150,0.167272941606008,0.291159320978744,1.11022302462516e-16,2.22044604925031e-16
521,521,S2,-20,22,73290937,VS,0.110645917948796,0.108514000311749,0,dcb9c656091165f9e31877439a344cfe,150,0.110645917948796,0.108514000311749,2.63677968348475e-16,2.22044604925031e-16
522,522,S2,-20,23,73290938,VS,0.141518306548885,0.13000830197335,0,37bab596c5c2bd66b90a4725dc555a3c,150,0.141518306548885,0.13000830197335,1.11022302462516e-16,2.22044604925031e-16
523,523,S2,-20,24,73290939,VS,0.296430027037791,0.337163006129082,0,ba115a6de776de81a420df26f123a223,150,0.296430027037791,0.337163006129082,5.55111512312578e-17,3.88578058618805e-16
524,524,S2,-20,25,73290940,VS,0.180750085136038,0.20107492365381,1,a97386d0cda22723cd996be7aba2f27c,150,0.180750085136038,0.20107492365381,4.16333634234434e-16,4.71844785465692e-16
525,525,S2,-20,26,73290941,VS,0.15614951914652,0.103389353400435,0,b4078124380edf597e3a7cbc1b635c7d,150,0.15614951914652,0.103389353400435,4.16333634234434e-16,4.16333634234434e-16
526,526,S2,-20,27,73290942,VS,0.161388669626289,0.156804833872857,1,a7737151dbe8eded88190c3a07822db0,150,0.161388669626289,0.156804833872857,2.4980018054066e-16,1.11022302462516e-16
527,527,S2,-20,28,73290943,VS,0.196895619161526,0.259979072265763,0,fd6cc45f2bef2820df210a836b6c0a41,150,0.196895619161526,0.259979072265763,3.88578058618805e-16,3.88578058618805e-16
528,528,S2,-20,29,73290944,VS,0.390027377965644,0.418635028046507,1,167e96fc9dd8d12a3e8049e2047e6f9a,150,0.390027377965644,0.418635028046507,3.33066907387547e-16,1.11022302462516e-16
529,529,S2,-20,30,73290945,VS,0.0710802224410335,0.0795433125865955,0,661004cd66343e1c35b1a0084dc3b0ed,150,0.0710802224410335,0.0795433125865955,2.77555756156289e-17,0
530,530,S2,-20,31,73290946,VS,0.362291032768293,0.38317306429267,0,a1d766b5d5425ed73b9aac0841b69769,150,0.362291032768293,0.38317306429267,3.33066907387547e-16,4.44089209850063e-16
531,531,S2,-20,32,73290947,VS,0.119379552475588,0.158562734773986,0,19ad97250e3cbf87444dc8de5455b206,150,0.119379552475588,0.158562734773986,4.30211422042248e-16,4.71844785465692e-16
532,532,S2,-20,33,73290948,VS,0.133696996836595,0.126774586155237,1,54ff5918ee4e2b5cb748859c43e170e8,150,0.133696996836595,0.126774586155237,2.4980018054066e-16,4.71844785465692e-16
533,533,S2,-20,34,73290949,VS,0.0387781031369337,0.0602546115491431,0,a41c8ffaecee9ccba77c83ad3d90a5fa,150,0.0387781031369337,0.0602546115491431,2.77555756156289e-17,3.46944695195361e-17
534,534,S2,-20,35,73290950,VS,0.267821951205623,0.305164376529292,0,e0c28baa8c79e69dd34f039f2fc08ff7,150,0.267821951205623,0.305164376529292,1.66533453693773e-16,1.66533453693773e-16
535,535,S2,-20,36,73290951,VS,0.240406160488336,0.166872664862064,0,7fb6aa4607c9b22c1aaf38bf8b8bd972,150,0.240406160488336,0.166872664862064,2.77555756156289e-16,3.05311331771918e-16
536,536,S2,-20,37,73290952,VS,0.0536314136804059,0.0669688114145709,0,1b43bd5a8ed61fd34e5a46efb121162b,150,0.0536314136804059,0.0669688114145709,2.77555756156289e-17,2.77555756156289e-17
537,537,S2,-20,38,73290953,VS,0.172074309025518,0.210900446338935,1,9b1e1b3119cce4f1de4ad66c7eec1eb0,150,0.172074309025518,0.210900446338935,3.88578058618805e-16,2.22044604925031e-16
538,538,S2,-20,39,73290954,VS,0.123619433051595,0.137365887120817,0,83dd2fd4c3c46789970194ed2f21a082,150,0.123619433051595,0.137365887120817,8.32667268468867e-17,4.44089209850063e-16
539,539,S2,-20,40,73290955,VS,0.0496567686258694,0.0385601220707274,0,e109594e7fc73b4b0ad051dba4e981ba,150,0.0496567686258694,0.0385601220707274,3.46944695195361e-17,0
540,540,S2,-20,41,73290956,VS,0.104716842122851,0.112198993578404,0,14de4d739e2dcd2e9f49b40ab38dbe29,150,0.104716842122851,0.112198993578404,3.19189119579733e-16,4.30211422042248e-16
541,541,S2,-20,42,73290957,VS,0.15604531329804,0.217443950992492,1,8567fa6248acda0fcf74132f9a9445ae,150,0.15604531329804,0.217443950992492,8.32667268468867e-17,4.16333634234434e-16
542,542,S2,-20,43,73290958,VS,0.0956473796419466,0.0906961616170597,0,ebc0b1f58d5ee8c186e8fbb5357913e0,150,0.0956473796419466,0.0906961616170597,2.77555756156289e-17,2.77555756156289e-17
543,543,S2,-20,44,73290959,VS,0.148637298580092,0.18242612789575,0,ad624487d62a146fe21c251f375cd2f4,150,0.148637298580092,0.18242612789575,1.38777878078145e-16,8.32667268468867e-17
544,544,S2,-20,45,73290960,VS,0.122563041512625,0.117741019592991,1,35c4c26d5fc210f9b7c7b54733e46ce1,150,0.122563041512625,0.117741019592991,1.38777878078145e-16,1.80411241501588e-16
545,545,S2,-20,46,73290961,VS,0.210425271888984,0.215097039859513,0,9f776e07f9bf35d4c1568c7c39a04891,150,0.210425271888984,0.215097039859513,4.9960036108132e-16,3.05311331771918e-16
546,546,S2,-20,47,73290962,VS,0.304593924284434,0.409551263586301,0,1b900f0ea18a53e0ffdc98560d8373b1,150,0.304593924284434,0.409551263586301,2.77555756156289e-16,4.44089209850063e-16
547,547,S2,-20,48,73290963,VS,0.154467819347391,0.12879988676481,1,673b6d0d2322658f17feb6340e5e50c3,150,0.154467819347391,0.12879988676481,8.32667268468867e-17,1.11022302462516e-16
548,548,S2,-20,49,73290964,VS,0.200583167740245,0.231029759447728,0,0b974cf62ddc723488027eed2de23343,150,0.200583167740245,0.231029759447728,2.22044604925031e-16,2.77555756156289e-16
549,549,S2,-20,50,73290965,VS,0.10459506324874,0.104795498208219,1,18a1a640911dac287759a4518cdee783,150,0.10459506324874,0.104795498208219,4.16333634234434e-16,3.33066907387547e-16
550,550,S2,-20,51,73290966,VS,0.272562647299111,0.255407558863993,0,c73df61a846b85ffae5335e71be09dea,150,0.272562647299111,0.255407558863993,4.44089209850063e-16,3.33066907387547e-16
551,551,S2,-20,52,73290967,VS,0.409398620512184,0.370544483173599,1,de03fd07ddfdee32b4861d7b6d6e8719,150,0.409398620512184,0.370544483173599,4.44089209850063e-16,3.88578058618805e-16
552,552,S2,-20,53,73290968,VS,0.144284812165475,0.0969349326427314,0,88dc628ae5226b077a59b19297e50b5f,150,0.144284812165475,0.0969349326427314,4.71844785465692e-16,0
553,553,S2,-20,54,73290969,VS,0.183196077415982,0.19101688608974,1,d128d5a4ae58379e0fe3d17a83cb099e,150,0.183196077415982,0.19101688608974,3.05311331771918e-16,4.16333634234434e-16
554,554,S2,-20,55,73290970,VS,0.377491801167939,0.136696381412442,0,7df4f44cf402b08b70d8c6ac2ab4d40f,150,0.377491801167939,0.136696381412442,3.33066907387547e-16,4.71844785465692e-16
555,555,S2,-20,56,73290971,VS,0.261972064863494,0.240269526047624,0,853b2459a43db4ffa1cde8410ad9ce8f,150,0.261972064863494,0.240269526047624,1.11022302462516e-16,1.11022302462516e-16
556,556,S2,-20,57,73290972,VS,0.147750329895778,0.195429634810938,1,04be537638d4f5bc0d7e141527a769bd,150,0.147750329895778,0.195429634810938,2.77555756156289e-17,2.77555756156289e-16
557,557,S2,-20,58,73290973,VS,0.179845065212565,0.260589759971107,0,c584982b8e37d1d589e17c88ea49b66f,150,0.179845065212565,0.260589759971107,1.66533453693773e-16,3.33066907387547e-16
558,558,S2,-20,59,73290974,VS,0.210410619959576,0.292068084832779,0,5fe45836ab8e5a20094532508bac534a,150,0.210410619959576,0.292068084832779,2.22044604925031e-16,4.44089209850063e-16
559,559,S2,-20,60,73290975,VS,0.250559355133925,0.275703026260888,0,9e0c5c086dda67af7186b97ed893114f,150,0.250559355133925,0.275703026260888,1.11022302462516e-16,3.33066907387547e-16
560,560,S2,-20,61,73290976,VS,0.111463915355205,0.12268919391522,0,e6115918ee28766490d3b86c8ac613c2,150,0.111463915355205,0.12268919391522,3.46944695195361e-16,3.60822483003176e-16
561,561,S2,-20,62,73290977,VS,0.298484995604042,0.288331183214218,0,73505075305777aac9137914ca494de5,150,0.298484995604042,0.288331183214218,2.22044604925031e-16,1.66533453693773e-16
562,562,S2,-20,63,73290978,VS,0.289067953144201,0.309882096343807,0,67379b20503db20ed3ef6fe3f828aaff,150,0.289067953144201,0.309882096343807,1.66533453693773e-16,5.55111512312578e-17
563,563,S2,-20,64,73290979,VS,0.181383806268057,0.19106527537804,0,e81a9faef8882d3c05796a0575718449,150,0.181383806268057,0.19106527537804,1.38777878078145e-16,3.33066907387547e-16
564,564,S2,-20,65,73290980,VS,0.458459911344641,0.336570276318678,0,984da7824a1b1f0ec16dc970930c8a41,150,0.458459911344641,0.336570276318678,2.22044604925031e-16,2.22044604925031e-16
565,565,S2,-20,66,73290981,VS,0.131549423804299,0.096732546768058,0,ec2f264253f793d6e75a585283544e49,150,0.131549423804299,0.096732546768058,1.94289029309402e-16,4.16333634234434e-17
566,566,S2,-20,67,73290982,VS,0.197533609366676,0.286078288950972,0,e8d5ff266238a7b72af02c4d363a5876,150,0.197533609366676,0.286078288950972,1.38777878078145e-16,0
567,567,S2,-20,68,73290983,VS,0.227012365531741,0.187408604012013,0,be5cf9476f6e28ae3dae9f5a66b4b9aa,150,0.227012365531741,0.187408604012013,4.16333634234434e-16,2.22044604925031e-16
568,568,S2,-20,69,73290984,VS,0.14522549565406,0.167492041473828,0,af829f211be3ed5b5423f3d52094181f,150,0.14522549565406,0.167492041473828,0,1.66533453693773e-16
569,569,S2,-20,70,73290985,VS,0.177119984185693,0.15550197042264,1,4b03dac18ebbb80a735f2e74b3425915,150,0.177119984185693,0.15550197042264,4.71844785465692e-16,4.71844785465692e-16
570,570,S2,-20,71,73290986,VS,0.370842718115207,0.347025837907813,0,4d13d934484f1a2b5f492e9d2a0b41c8,150,0.370842718115207,0.347025837907813,5.55111512312578e-17,3.33066907387547e-16
571,571,S2,-20,72,73290987,VS,0.184245935708547,0.228104370277689,0,11fb3ec7acc2f5699aa070458f9fe1d4,150,0.184245935708547,0.228104370277689,1.94289029309402e-16,3.33066907387547e-16
572,572,S2,-20,73,73290988,VS,0.366563669289887,0.465451184106289,1,9577c0af67e6ba47e203367870da1152,150,0.366563669289887,0.465451184106289,1.11022302462516e-16,2.77555756156289e-16
573,573,S2,-20,74,73290989,VS,0.12270344206971,0.0885157547521829,0,cdde2dd01e307fe640b1531c6f032e20,150,0.12270344206971,0.0885157547521829,1.2490009027033e-16,0
574,574,S2,-20,75,73290990,VS,0.0891864299936865,0.0996125101803888,0,78e845701677e8ae16e6c023c30b696f,150,0.0891864299936865,0.0996125101803888,4.16333634234434e-17,2.77555756156289e-17
575,575,S2,-20,76,73290991,VS,0.0647196519592134,0.0835444215245501,0,c34a7d079abe22e48cdaa70da1f7896d,150,0.0647196519592134,0.0835444215245501,4.16333634234434e-17,4.16333634234434e-17
576,576,S2,-20,77,73290992,VS,0.255349641760615,0.250066611182409,0,54adaf696a159007197db9c88b070587,150,0.255349641760615,0.250066611182409,3.33066907387547e-16,3.88578058618805e-16
577,577,S2,-20,78,73290993,VS,0.251317254047657,0.257004048114096,0,5370e08ba3b44f2c628ee7560ef50000,150,0.251317254047657,0.257004048114096,4.44089209850063e-16,5.55111512312578e-17
578,578,S2,-20,79,73290994,VS,0.0883428601081812,0.101795227335212,0,5eec85e279c21fdf79ff8b12ceb3f71c,150,0.0883428601081812,0.101795227335212,1.38777878078145e-17,4.44089209850063e-16
579,579,S2,-20,80,73290995,VS,0.204327368193843,0.319112651847095,0,9f216e1095e200cfe825625157ece64d,150,0.204327368193843,0.319112651847095,2.77555756156289e-16,4.44089209850063e-16
580,580,S2,-20,81,73290996,VS,0.178662361050641,0.116368814509305,0,5e09fb95a19497b5187488d032e41e7d,150,0.178662361050641,0.116368814509305,2.77555756156289e-16,8.32667268468867e-17
581,581,S2,-20,82,73290997,VS,0.119573568181412,0.124893531704783,0,81d7f88eaff2ecd9770db0f3a76e8d2e,150,0.119573568181412,0.124893531704783,1.94289029309402e-16,4.85722573273506e-16
582,582,S2,-20,83,73290998,VS,0.311474264919535,0.247451767073062,0,66a294f53033feb122df1553c2b8f1e6,150,0.311474264919535,0.247451767073062,5.55111512312578e-17,3.33066907387547e-16
583,583,S2,-20,84,73290999,VS,0.0936106877898201,0.103165777122314,0,1a4ae5cb9b57936eabb3acacda9d48da,150,0.0936106877898201,0.103165777122314,2.77555756156289e-17,3.33066907387547e-16
584,584,S2,-20,85,73291000,VS,0.239115668594017,0.202913455060147,0,11f11edfae8e52cc34b6a22bb920a523,150,0.239115668594017,0.202913455060147,2.77555756156289e-17,8.32667268468867e-17
585,585,S2,-20,86,73291001,VS,0.233870874594611,0.20708534881502,0,3bea9c75ec9e2c999d1cf8b790e203f0,150,0.233870874594611,0.20708534881502,1.94289029309402e-16,4.16333634234434e-16
586,586,S2,-20,87,73291002,VS,0.288620272402042,0.215976043757747,0,53c4f82e1bcbaa98b415b2226e9e83d0,150,0.288620272402042,0.215976043757747,1.66533453693773e-16,2.4980018054066e-16
587,587,S2,-20,88,73291003,VS,0.2512850134041,0.335974317740546,1,357e0085ec3cc99b9cc11c2bc88ba915,150,0.2512850134041,0.335974317740546,3.33066907387547e-16,1.66533453693773e-16
588,588,S2,-20,89,73291004,VS,0.335809163085947,0.263418364154083,0,6097bd29d2b309237722393f3814c058,150,0.335809163085947,0.263418364154083,2.77555756156289e-16,5.55111512312578e-17
589,589,S2,-20,90,73291005,VS,0.227429026825551,0.174601625782128,0,b86793f88fb4185cf2c990679c9b9e7d,150,0.227429026825551,0.174601625782128,1.11022302462516e-16,1.11022302462516e-16
590,590,S2,-20,91,73291006,VS,0.0899609573598866,0.0529680860352001,0,775c9181ec4b2e8644a5042223d19f6f,150,0.0899609573598866,0.0529680860352001,1.38777878078145e-17,4.16333634234434e-17
591,591,S2,-20,92,73291007,VS,0.12756702745591,0.109759864865796,0,4cd4c001d2841e59f8eee4882028e840,150,0.12756702745591,0.109759864865796,1.38777878078145e-16,3.33066907387547e-16
592,592,S2,-20,93,73291008,VS,0.175563655973305,0.149598735795096,1,27f29431bb66d3bcf84760b9f00a91e4,150,0.175563655973305,0.149598735795096,3.88578058618805e-16,1.66533453693773e-16
593,593,S2,-20,94,73291009,VS,0.146347929169087,0.147204492864066,1,0924a118063cd6fff89affbfe869bbb5,150,0.146347929169087,0.147204492864066,2.77555756156289e-17,1.66533453693773e-16
594,594,S2,-20,95,73291010,VS,0.0931702848767277,0.127917556599277,1,17f8c7c8c606eaedcbda68f25638e8bf,150,0.0931702848767277,0.127917556599277,0,5.55111512312578e-17
595,595,S2,-20,96,73291011,VS,0.128698219821519,0.181205772056882,0,e099addb9dcff5064a0e53417f44692d,150,0.128698219821519,0.181205772056882,4.16333634234434e-16,1.38777878078145e-16
596,596,S2,-20,97,73291012,VS,0.131055530222898,0.146349266370453,1,ecbd74ac219d5fbca7ff139c6cfee725,150,0.131055530222898,0.146349266370453,3.60822483003176e-16,8.32667268468867e-17
597,597,S2,-20,98,73291013,VS,0.243373812091909,0.293852223803397,0,725cba06a8fe2f6c9697715f0dbcfe09,150,0.243373812091909,0.293852223803397,2.22044604925031e-16,5.55111512312578e-17
598,598,S2,-20,99,73291014,VS,0.429826551465104,0.396025711956318,0,4d382549d297dadbd64932d28699a97c,150,0.429826551465104,0.396025711956318,2.77555756156289e-16,1.66533453693773e-16
599,599,S2,-20,100,73291015,VS,0.245685299520857,0.354944135221514,0,468968d0050bf5b3233f832349590980,150,0.245685299520857,0.354944135221514,2.22044604925031e-16,3.88578058618805e-16
