time_s,GPS_Hz,SMR,F02,VS_FM,UNB,MFT,MFT_FM,SUV,SUV_FM
0,112.18415712,112.177815818439,112.178628153722,112.178628153722,112.178628153722,112.176,112.178534524715,112.17578125,112.176918544445
0.05,112.18415712,112.177804986689,112.1786138618,112.1786138618,112.1786138618,112.176,112.178521033642,112.17578125,112.176919341652
0.1,112.18415712,112.177794154939,112.178599569879,112.178599569879,112.178599569879,112.176,112.178507542568,112.17578125,112.176920138858
0.15,112.18415712,112.17778332319,112.178585277958,112.178585277958,112.178585277958,112.176,112.178494051494,112.17578125,112.176920936064
0.2,112.18415712,112.17777249144,112.178570986036,112.178570986036,112.178570986036,112.176,112.17848056042,112.17578125,112.17692173327
0.25,112.18415712,112.17776165969,112.178556694115,112.178556694115,112.178556694115,112.176,112.178467069346,112.17578125,112.176922530476
0.3,112.18415712,112.177750827941,112.178542402194,112.178542402194,112.178542402194,112.176,112.178453578272,112.17578125,112.176923327682
0.35,112.18415712,112.177739996191,112.178528110273,112.178528110273,112.178528110273,112.176,112.178440087198,112.17578125,112.176924124889
0.4,112.18415712,112.177729164441,112.178513818351,112.178513818351,112.178513818351,112.176,112.178426596125,112.17578125,112.176924922095
0.45,112.18415712,112.177718332692,112.17849952643,112.17849952643,112.17849952643,112.176,112.178413105051,112.17578125,112.176925719301
0.5,112.18415712,112.177707500942,112.178485234509,112.178485234509,112.178485234509,112.176,112.178399613977,112.17578125,112.176926516507
0.55,112.18415712,112.177696669192,112.178470942588,112.178470942588,112.178470942588,112.176,112.178386122903,112.17578125,112.176927313713
0.6,112.18415712,112.177685837443,112.178456650666,112.178456650666,112.178456650666,112.176,112.178372631829,112.17578125,112.176928110919
0.65,112.18415712,112.177675005693,112.178442358745,112.178442358745,112.178442358745,112.176,112.178359140755,112.17578125,112.176928908125
0.7,112.18415712,112.177664173944,112.178428066824,112.178428066824,112.178428066824,112.176,112.178345649681,112.17578125,112.176929705332
0.75,112.18415712,112.177653342194,112.178413774902,112.178413774902,112.178413774902,112.176,112.178332158608,112.17578125,112.176930502538
0.8,112.18415712,112.177642510444,112.178399482981,112.178399482981,112.178399482981,112.176,112.178318667534,112.17578125,112.176931299744
0.85,112.18415712,112.177631678695,112.17838519106,112.17838519106,112.17838519106,112.176,112.17830517646,112.17578125,112.17693209695
0.9,112.18415712,112.177620846945,112.178370899139,112.178370899139,112.178370899139,112.176,112.178291685386,112.17578125,112.176932894156
0.95,112.18415712,112.177610015195,112.178356607217,112.178356607217,112.178356607217,112.176,112.178278194312,112.17578125,112.176933691362
1,112.18415712,112.177599183446,112.178342315296,112.178342315296,112.178342315296,112.176,112.178264703238,112.17578125,112.176934488569
1.05,112.18415712,112.177588351696,112.178328023375,112.178328023375,112.178328023375,112.176,112.178251212164,112.17578125,112.176935285775
1.1,112.18415712,112.177577519946,112.178313731453,112.178313731453,112.178313731453,112.176,112.17823772109,112.17578125,112.176936082981
1.15,112.18415712,112.177566688197,112.178299439532,112.178299439532,112.178299439532,112.176,112.178224230017,112.17578125,112.176936880187
1.2,112.18415712,112.177555856447,112.178285147611,112.178285147611,112.178285147611,112.176,112.178210738943,112.17578125,112.176937677393
1.25,112.18415712,112.177545024698,112.17827085569,112.17827085569,112.17827085569,112.176,112.178197247869,112.17578125,112.176938474599
1.3,112.18415712,112.177534192948,112.178256563768,112.178256563768,112.178256563768,112.176,112.178183756795,112.17578125,112.176939271806
1.35,112.18415712,112.177523361198,112.178242271847,112.178242271847,112.178242271847,112.176,112.178170265721,112.17578125,112.176940069012
1.4,112.18415712,112.177512529449,112.178227979926,112.178227979926,112.178227979926,112.176,112.178156774647,112.17578125,112.176940866218
1.45,112.18415712,112.177501697699,112.178213688004,112.178213688004,112.178213688004,112.176,112.178143283573,112.17578125,112.176941663424
1.5,112.18415712,112.177490865949,112.178199396083,112.178199396083,112.178199396083,112.176,112.1781297925,112.17578125,112.17694246063
1.55,112.18415712,112.1774800342,112.178185104162,112.178185104162,112.178185104162,112.176,112.178116301426,112.17578125,112.176943257836
1.6,112.18415712,112.17746920245,112.178170812241,112.178170812241,112.178170812241,112.176,112.178102810352,112.17578125,112.176944055043
1.65,112.18415712,112.1774583707,112.178156520319,112.178156520319,112.178156520319,112.176,112.178089319278,112.17578125,112.176944852249
1.7,112.18415712,112.177447538951,112.178142228398,112.178142228398,112.178142228398,112.176,112.178075828204,112.17578125,112.176945649455
1.75,112.18415712,112.177436707201,112.178127936477,112.178127936477,112.178127936477,112.176,112.17806233713,112.17578125,112.176946446661
1.8,112.18415712,112.177425875451,112.178113644555,112.178113644555,112.178113644555,112.176,112.178048846056,112.17578125,112.176947243867
1.85,112.18415712,112.177415043702,112.178099352634,112.178099352634,112.178099352634,112.176,112.178035354983,112.17578125,112.176948041073
1.9,112.18415712,112.177404211952,112.178085060713,112.178085060713,112.178085060713,112.176,112.178021863909,112.17578125,112.17694883828
1.95,112.18415712,112.177393380203,112.178070768792,112.178070768792,112.178070768792,112.176,112.178008372835,112.17578125,112.176949635486
2,112.18415712,112.177382548453,112.17805647687,112.17805647687,112.17805647687,112.176,112.177994881761,112.17578125,112.176950432692
2.05,112.18415712,112.177371716703,112.178042184949,112.178042184949,112.178042184949,112.176,112.177981390687,112.17578125,112.176951229898
2.1,112.18415712,112.177360884954,112.178027893028,112.178027893028,112.178027893028,112.176,112.177967899613,112.17578125,112.176952027104
2.15,112.18415712,112.177350053204,112.178013601106,112.178013601106,112.178013601106,112.176,112.177954408539,112.17578125,112.17695282431
2.2,112.18415712,112.177339221454,112.177999309185,112.177999309185,112.177999309185,112.176,112.177940917465,112.17578125,112.176953621517
2.25,112.18415712,112.177328389705,112.177985017264,112.177985017264,112.177985017264,112.176,112.177927426392,112.17578125,112.176954418723
2.3,112.18415712,112.177317557955,112.177970725343,112.177970725343,112.177970725343,112.176,112.177913935318,112.17578125,112.176955215929
2.35,112.18415712,112.177306726205,112.177956433421,112.177956433421,112.177956433421,112.176,112.177900444244,112.17578125,112.176956013135
2.4,112.18415712,112.177295894456,112.1779421415,112.1779421415,112.1779421415,112.176,112.17788695317,112.17578125,112.176956810341
2.45,112.18415712,112.177285062706,112.177927849579,112.177927849579,112.177927849579,112.176,112.177873462096,112.17578125,112.176957607547
2.5,112.18415712,112.177274230956,112.177913557657,112.177913557657,112.177913557657,112.176,112.177859971022,112.17578125,112.176958404754
2.55,112.18415712,112.177263399207,112.177899265736,112.177899265736,112.177899265736,112.176,112.177846479948,112.17578125,112.17695920196
2.6,112.18415712,112.177252567457,112.177884973815,112.177884973815,112.177884973815,112.176,112.177832988875,112.17578125,112.176959999166
2.65,112.18415712,112.177241735707,112.177870681894,112.177870681894,112.177870681894,112.176,112.177819497801,112.17578125,112.176960796372
2.7,112.18415712,112.177230903958,112.177856389972,112.177856389972,112.177856389972,112.176,112.177806006727,112.17578125,112.176961593578
2.75,112.18415712,112.177220072208,112.177842098051,112.177842098051,112.177842098051,112.176,112.177792515653,112.17578125,112.176962390784
2.8,112.18415712,112.177209240459,112.17782780613,112.17782780613,112.17782780613,112.176,112.177779024579,112.17578125,112.176963187991
2.85,112.18415712,112.177198408709,112.177813514208,112.177813514208,112.177813514208,112.176,112.177765533505,112.17578125,112.176963985197
2.9,112.18415712,112.177187576959,112.177799222287,112.177799222287,112.177799222287,112.176,112.177752042431,112.17578125,112.176964782403
2.95,112.18415712,112.17717674521,112.177784930366,112.177784930366,112.177784930366,112.176,112.177738551358,112.17578125,112.176965579609
3,112.18415712,112.17716591346,112.177770638445,112.177770638445,112.177770638445,112.176,112.177725060284,112.17578125,112.176966376815
3.05,112.18415712,112.17715508171,112.177756346523,112.177756346523,112.177756346523,112.176,112.17771156921,112.17578125,112.176967174021
3.1,112.18415712,112.177144249961,112.177742054602,112.177742054602,112.177742054602,112.176,112.177698078136,112.17578125,112.176967971227
3.15,112.18415712,112.177133418211,112.177727762681,112.177727762681,112.177727762681,112.176,112.177684587062,112.17578125,112.176968768434
3.2,112.18415712,112.177122586461,112.177713470759,112.177713470759,112.177713470759,112.176,112.177671095988,112.17578125,112.17696956564
3.25,112.18415712,112.177111754712,112.177699178838,112.177699178838,112.177699178838,112.176,112.177657604914,112.17578125,112.176970362846
3.3,112.18415712,112.177100922962,112.177684886917,112.177684886917,112.177684886917,112.176,112.17764411384,112.17578125,112.176971160052
3.35,112.18415712,112.177090091213,112.177670594996,112.177670594996,112.177670594996,112.176,112.177630622767,112.17578125,112.176971957258
3.4,112.18415712,112.177079259463,112.177656303074,112.177656303074,112.177656303074,112.176,112.177617131693,112.17578125,112.176972754464
3.45,112.18415712,112.177068427713,112.177642011153,112.177642011153,112.177642011153,112.176,112.177603640619,112.17578125,112.176973551671
3.5,112.18415712,112.177057595964,112.177627719232,112.177627719232,112.177627719232,112.176,112.177590149545,112.17578125,112.176974348877
3.55,112.18415712,112.177046764214,112.17761342731,112.17761342731,112.17761342731,112.176,112.177576658471,112.17578125,112.176975146083
3.6,112.18415712,112.177035932464,112.177599135389,112.177599135389,112.177599135389,112.176,112.177563167397,112.17578125,112.176975943289
3.65,112.18415712,112.177025100715,112.177584843468,112.177584843468,112.177584843468,112.176,112.177549676323,112.17578125,112.176976740495
3.7,112.18415712,112.177014268965,112.177570551547,112.177570551547,112.177570551547,112.176,112.17753618525,112.17578125,112.176977537701
3.75,112.18415712,112.177003437215,112.177556259625,112.177556259625,112.177556259625,112.176,112.177522694176,112.17578125,112.176978334908
3.8,112.18415712,112.176992605466,112.177541967704,112.177541967704,112.177541967704,112.176,112.177509203102,112.17578125,112.176979132114
3.85,112.18415712,112.176981773716,112.177527675783,112.177527675783,112.177527675783,112.176,112.177495712028,112.17578125,112.17697992932
3.9,112.18415712,112.176970941966,112.177513383861,112.177513383861,112.177513383861,112.176,112.177482220954,112.17578125,112.176980726526
3.95,112.18415712,112.176960110217,112.17749909194,112.17749909194,112.17749909194,112.176,112.17746872988,112.17578125,112.176981523732
4,112.18415712,112.176949278467,112.177484800019,112.177484800019,112.177484800019,112.176,112.177455238806,112.17578125,112.176982320938
4.05,112.18415712,112.176938446718,112.177470508098,112.177470508098,112.177470508098,112.176,112.177441747733,112.17578125,112.176983118145
4.1,112.18415712,112.176927614968,112.177456216176,112.177456216176,112.177456216176,112.176,112.177428256659,112.17578125,112.176983915351
4.15,112.18415712,112.176916783218,112.177441924255,112.177441924255,112.177441924255,112.176,112.177414765585,112.17578125,112.176984712557
4.2,112.18415712,112.176905951469,112.177427632334,112.177427632334,112.177427632334,112.176,112.177401274511,112.17578125,112.176985509763
4.25,112.18415712,112.176895119719,112.177413340412,112.177413340412,112.177413340412,112.176,112.177387783437,112.17578125,112.176986306969
4.3,112.18415712,112.176884287969,112.177399048491,112.177399048491,112.177399048491,112.176,112.177374292363,112.17578125,112.176987104175
4.35,112.18415712,112.17687345622,112.17738475657,112.17738475657,112.17738475657,112.176,112.177360801289,112.17578125,112.176987901382
4.4,112.18415712,112.17686262447,112.177370464649,112.177370464649,112.177370464649,112.176,112.177347310215,112.17578125,112.176988698588
4.45,112.18415712,112.17685179272,112.177356172727,112.177356172727,112.177356172727,112.176,112.177333819142,112.17578125,112.176989495794
4.5,112.18415712,112.176840960971,112.177341880806,112.177341880806,112.177341880806,112.176,112.177320328068,112.17578125,112.176990293
4.55,112.18415712,112.176830129221,112.177327588885,112.177327588885,112.177327588885,112.176,112.177306836994,112.17578125,112.176991090206
4.6,112.18415712,112.176819297471,112.177313296963,112.177313296963,112.177313296963,112.176,112.17729334592,112.17578125,112.176991887412
4.65,112.18415712,112.176808465722,112.177299005042,112.177299005042,112.177299005042,112.176,112.177279854846,112.17578125,112.176992684619
4.7,112.18415712,112.176797633972,112.177284713121,112.177284713121,112.177284713121,112.176,112.177266363772,112.17578125,112.176993481825
4.75,112.18415712,112.176786802222,112.1772704212,112.1772704212,112.1772704212,112.176,112.177252872698,112.17578125,112.176994279031
4.8,112.18415712,112.176775970473,112.177256129278,112.177256129278,112.177256129278,112.176,112.177239381625,112.17578125,112.176995076237
4.85,112.18415712,112.176765138723,112.177241837357,112.177241837357,112.177241837357,112.176,112.177225890551,112.17578125,112.176995873443
4.9,112.18415712,112.176754306974,112.177227545436,112.177227545436,112.177227545436,112.176,112.177212399477,112.17578125,112.176996670649
4.95,112.18415712,112.176743475224,112.177213253515,112.177213253515,112.177213253515,112.176,112.177198908403,112.17578125,112.176997467856
5,112.18415712,112.176732643474,112.177198961593,112.177198961593,112.177198961593,112.176075,112.177260417329,112.17578125,112.176998265062
5.05,112.18415712,112.176721811725,112.177184669672,112.177184669672,112.177184669672,112.176225,112.177396926255,112.17578125,112.176999062268
5.1,112.18415712,112.176710979975,112.177170377751,112.177170377751,112.177170377751,112.176375,112.177533435181,112.17578125,112.176999859474
5.15,112.18415712,112.176700148225,112.177156085829,112.177156085829,112.177156085829,112.176525,112.177669944108,112.17578125,112.17700065668
5.2,112.18415712,112.176689316476,112.177141793908,112.177141793908,112.177141793908,112.176675,112.177806453034,112.17578125,112.177001453886
5.25,112.18415712,112.176678484726,112.177127501987,112.177127501987,112.177127501987,112.176825,112.17794296196,112.17578125,112.177002251093
5.3,112.18415712,112.176667652976,112.177113210066,112.177113210066,112.177113210066,112.176975,112.178079470886,112.17578125,112.177003048299
5.35,112.18415712,112.176656821227,112.177098918144,112.177098918144,112.177098918144,112.177125,112.178215979812,112.17578125,112.177003845505
5.4,112.18415712,112.176645989477,112.177084626223,112.177084626223,112.177084626223,112.177275,112.178352488738,112.17578125,112.177004642711
5.45,112.18415712,112.176635157728,112.177070334302,112.177070334302,112.177070334302,112.177425,112.178488997664,112.17578125,112.177005439917
5.5,112.18415712,112.176624325978,112.17705604238,112.17705604238,112.17705604238,112.177575,112.17862550659,112.17578125,112.177006237123
5.55,112.18415712,112.176613494228,112.177041750459,112.177041750459,112.177041750459,112.177725,112.178762015517,112.17578125,112.17700703433
5.6,112.18415712,112.176602662479,112.177027458538,112.177027458538,112.177027458538,112.177875,112.178898524443,112.17578125,112.177007831536
5.65,112.18415712,112.176591830729,112.177013166617,112.177013166617,112.177013166617,112.178025,112.179035033369,112.17578125,112.177008628742
5.7,112.18415712,112.176580998979,112.176998874695,112.176998874695,112.176998874695,112.178175,112.179171542295,112.17578125,112.177009425948
5.75,112.18415712,112.17657016723,112.176984582774,112.176984582774,112.176984582774,112.178325,112.179308051221,112.17578125,112.177010223154
5.8,112.18415712,112.17655933548,112.176970290853,112.176970290853,112.176970290853,112.178475,112.179444560147,112.17578125,112.17701102036
5.85,112.18415712,112.17654850373,112.176955998931,112.176955998931,112.176955998931,112.178625,112.179581069073,112.17578125,112.177011817566
5.9,112.18415712,112.176537671981,112.17694170701,112.17694170701,112.17694170701,112.178775,112.179717578,112.17578125,112.177012614773
5.95,112.18415712,112.176526840231,112.176927415089,112.176927415089,112.176927415089,112.178925,112.179854086926,112.17578125,112.177013411979
6,112.18415712,112.176516008481,112.176913123168,112.176913123168,112.176913123168,112.17895,112.179865595852,112.17578125,112.177014209185
6.05,112.18415712,112.176505176732,112.176898831246,112.176898831246,112.176898831246,112.17885,112.179752104778,112.17578125,112.177015006391
6.1,112.18415712,112.176494344982,112.176884539325,112.176884539325,112.176884539325,112.17875,112.179638613704,112.17578125,112.177015803597
6.15,112.18415712,112.176483513232,112.176870247404,112.176870247404,112.176870247404,112.17865,112.17952512263,112.17578125,112.177016600803
6.2,112.18415712,112.176472681483,112.176855955482,112.176855955482,112.176855955482,112.17855,112.179411631556,112.17578125,112.17701739801
6.25,112.18415712,112.176461849733,112.176841663561,112.176841663561,112.176841663561,112.17845,112.179298140483,112.17578125,112.177018195216
6.3,112.18415712,112.176451017984,112.17682737164,112.17682737164,112.17682737164,112.17835,112.179184649409,112.17578125,112.177018992422
6.35,112.18415712,112.176440186234,112.176813079719,112.176813079719,112.176813079719,112.17825,112.179071158335,112.17578125,112.177019789628
6.4,112.18415712,112.176429354484,112.176798787797,112.176798787797,112.176798787797,112.17815,112.178957667261,112.17578125,112.177020586834
6.45,112.18415712,112.176418522735,112.176784495876,112.176784495876,112.176784495876,112.17805,112.178844176187,112.17578125,112.17702138404
6.5,112.18415712,112.176407690985,112.176770203955,112.176770203955,112.176770203955,112.17795,112.178730685113,112.17578125,112.177022181247
6.55,112.18415712,112.176396859235,112.176755912033,112.176755912033,112.176755912033,112.17785,112.178617194039,112.17578125,112.177022978453
6.6,112.18415712,112.176386027486,112.176741620112,112.176741620112,112.176741620112,112.17775,112.178503702965,112.17578125,112.177023775659
6.65,112.18415712,112.176375195736,112.176727328191,112.176727328191,112.176727328191,112.17765,112.178390211892,112.17578125,112.177024572865
6.7,112.18415712,112.176364363986,112.17671303627,112.17671303627,112.17671303627,112.17755,112.178276720818,112.17578125,112.177025370071
6.75,112.18415712,112.176353532237,112.176698744348,112.176698744348,112.176698744348,112.17745,112.178163229744,112.17578125,112.177026167277
6.8,112.184156,112.176342700487,112.176684452427,112.176684452427,112.176684452427,112.17735,112.17804973867,112.17578125,112.177026964484
6.85,112.184156,112.176331868737,112.176670160506,112.176670160506,112.176670160506,112.17725,112.177936247596,112.17578125,112.17702776169
6.9,112.184156,112.176321036988,112.176655868584,112.176655868584,112.176655868584,112.17715,112.177822756522,112.17578125,112.177028558896
6.95,112.184156,112.176310205238,112.176641576663,112.176641576663,112.176641576663,112.17705,112.177709265448,112.17578125,112.177029356102
7,112.184156,112.176299373489,112.176627284742,112.176627284742,112.176627284742,112.177,112.177645774375,112.17578125,112.177030153308
7.05,112.184156,112.176288541739,112.176612992821,112.176612992821,112.176612992821,112.177,112.177632283301,112.17578125,112.177030950514
7.1,112.184156,112.176277709989,112.176598700899,112.176598700899,112.176598700899,112.177,112.177618792227,112.17578125,112.177031747721
7.15,112.184156,112.17626687824,112.176584408978,112.176584408978,112.176584408978,112.177,112.177605301153,112.17578125,112.177032544927
7.2,112.184156,112.17625604649,112.176570117057,112.176570117057,112.176570117057,112.177,112.177591810079,112.17578125,112.177033342133
7.25,112.184156,112.17624521474,112.176555825135,112.176555825135,112.176555825135,112.177,112.177578319005,112.17578125,112.177034139339
7.3,112.184156,112.176234382991,112.176541533214,112.176541533214,112.176541533214,112.177,112.177564827931,112.17578125,112.177034936545
7.35,112.184156,112.176223551241,112.176527241293,112.176527241293,112.176527241293,112.177,112.177551336858,112.17578125,112.177035733751
7.4,112.184156,112.176212719491,112.176512949372,112.176512949372,112.176512949372,112.177,112.177537845784,112.17578125,112.177036530958
7.45,112.184156,112.176201887742,112.17649865745,112.17649865745,112.17649865745,112.177,112.17752435471,112.17578125,112.177037328164
7.5,112.184156,112.176191055992,112.176484365529,112.176484365529,112.176484365529,112.177,112.177510863636,112.17578125,112.17703812537
7.55,112.184156,112.176180224242,112.176470073608,112.176470073608,112.176470073608,112.177,112.177497372562,112.17578125,112.177038922576
7.6,112.184156,112.176169392493,112.176455781686,112.176455781686,112.176455781686,112.177,112.177483881488,112.17578125,112.177039719782
7.65,112.184156,112.176158560743,112.176441489765,112.176441489765,112.176441489765,112.177,112.177470390414,112.17578125,112.177040516988
7.7,112.184156,112.176147728994,112.176427197844,112.176427197844,112.176427197844,112.177,112.17745689934,112.17578125,112.177041314195
7.75,112.184156,112.176136897244,112.176412905923,112.176412905923,112.176412905923,112.177,112.177443408267,112.17578125,112.177042111401
7.8,112.184156,112.176126065494,112.176398614001,112.176398614001,112.176398614001,112.177,112.177429917193,112.17578125,112.177042908607
7.85,112.184156,112.176115233745,112.17638432208,112.17638432208,112.17638432208,112.177,112.177416426119,112.17578125,112.177043705813
7.9,112.184156,112.176104401995,112.176370030159,112.176370030159,112.176370030159,112.177,112.177402935045,112.17578125,112.177044503019
7.95,112.184156,112.176093570245,112.176355738237,112.176355738237,112.176355738237,112.177,112.177389443971,112.17578125,112.177045300225
8,112.184156,112.176082738496,112.176341446316,112.176341446316,112.176341446316,112.177,112.177375952897,112.17578125,112.177046097432
8.05,112.184156,112.176071906746,112.176327154395,112.176327154395,112.176327154395,112.177,112.177362461823,112.17578125,112.177046894638
8.1,112.184156,112.176061074996,112.176312862474,112.176312862474,112.176312862474,112.177,112.17734897075,112.17578125,112.177047691844
8.15,112.184156,112.176050243247,112.176298570552,112.176298570552,112.176298570552,112.177,112.177335479676,112.17578125,112.17704848905
8.2,112.184156,112.176039411497,112.176284278631,112.176284278631,112.176284278631,112.177,112.177321988602,112.17578125,112.177049286256
8.25,112.184156,112.176028579747,112.17626998671,112.17626998671,112.17626998671,112.177,112.177308497528,112.17578125,112.177050083462
8.3,112.184156,112.176017747998,112.176255694788,112.176255694788,112.176255694788,112.177,112.177295006454,112.17578125,112.177050880668
8.35,112.184156,112.176006916248,112.176241402867,112.176241402867,112.176241402867,112.177,112.17728151538,112.17578125,112.177051677875
8.4,112.184156,112.175996084499,112.176227110946,112.176227110946,112.176227110946,112.177,112.177268024306,112.17578125,112.177052475081
8.45,112.184156,112.175985252749,112.176212819025,112.176212819025,112.176212819025,112.177,112.177254533233,112.17578125,112.177053272287
8.5,112.184156,112.175974420999,112.176198527103,112.176198527103,112.176198527103,112.177,112.177241042159,112.17578125,112.177054069493
8.55,112.184156,112.17596358925,112.176184235182,112.176184235182,112.176184235182,112.177,112.177227551085,112.17578125,112.177054866699
8.6,112.184156,112.1759527575,112.176169943261,112.176169943261,112.176169943261,112.177,112.177214060011,112.17578125,112.177055663905
8.65,112.184156,112.17594192575,112.176155651339,112.176155651339,112.176155651339,112.177,112.177200568937,112.17578125,112.177056461112
8.7,112.184156,112.175931094001,112.176141359418,112.176141359418,112.176141359418,112.177,112.177187077863,112.17578125,112.177057258318
8.75,112.184156,112.175920262251,112.176127067497,112.176127067497,112.176127067497,112.177,112.177173586789,112.17578125,112.177058055524
8.8,112.184156,112.175909430501,112.176112775576,112.176112775576,112.176112775576,112.177,112.177160095715,112.17578125,112.17705885273
8.85,112.184156,112.175898598752,112.176098483654,112.176098483654,112.176098483654,112.177,112.177146604642,112.17578125,112.177059649936
8.9,112.184156,112.175887767002,112.176084191733,112.176084191733,112.176084191733,112.177,112.177133113568,112.17578125,112.177060447142
8.95,112.184156,112.175876935252,112.176069899812,112.176069899812,112.176069899812,112.177,112.177119622494,112.17578125,112.177061244349
9,112.184156,112.175866103503,112.17605560789,112.17605560789,112.17605560789,112.176875,112.17698113142,112.17578125,112.177062041555
9.05,112.184156,112.175855271753,112.176041315969,112.176041315969,112.176041315969,112.176625,112.176717640346,112.17578125,112.177062838761
9.1,112.184156,112.175844440004,112.176027024048,112.176027024048,112.176027024048,112.176375,112.176454149272,112.17578125,112.177063635967
9.15,112.184156,112.175833608254,112.176012732127,112.176012732127,112.176012732127,112.176125,112.176190658198,112.17578125,112.177064433173
9.2,112.184156,112.175822776504,112.175998440205,112.175998440205,112.175998440205,112.175875,112.175927167125,112.17578125,112.177065230379
9.25,112.184156,112.175811944755,112.175984148284,112.175984148284,112.175984148284,112.175625,112.175663676051,112.17578125,112.177066027586
9.3,112.184156,112.175801113005,112.175969856363,112.175969856363,112.175969856363,112.175375,112.175400184977,112.17578125,112.177066824792
9.35,112.184156,112.175790281255,112.175955564442,112.175955564442,112.175955564442,112.175125,112.175136693903,112.17578125,112.177067621998
9.4,112.184156,112.175779449506,112.17594127252,112.17594127252,112.17594127252,112.174875,112.174873202829,112.17578125,112.177068419204
9.45,112.184156,112.175768617756,112.175926980599,112.175926980599,112.175926980599,112.174625,112.174609711755,112.17578125,112.17706921641
9.5,112.184156,112.175757786006,112.175912688678,112.175912688678,112.175912688678,112.174375,112.174346220681,112.17578125,112.177070013616
9.55,112.184156,112.175746954257,112.175898396756,112.175898396756,112.175898396756,112.174125,112.174082729608,112.17578125,112.177070810823
9.6,112.184156,112.175736122507,112.175884104835,112.175884104835,112.175884104835,112.173875,112.173819238534,112.17578125,112.177071608029
9.65,112.184156,112.175725290757,112.175869812914,112.175869812914,112.175869812914,112.173625,112.17355574746,112.17578125,112.177072405235
9.7,112.184156,112.175714459008,112.175855520993,112.175855520993,112.175855520993,112.173375,112.173292256386,112.17578125,112.177073202441
9.75,112.184156,112.175703627258,112.175841229071,112.175841229071,112.175841229071,112.173125,112.173028765312,112.17578125,112.177073999647
9.8,112.184156,112.175692795509,112.17582693715,112.17582693715,112.17582693715,112.172875,112.172765274238,112.17578125,112.177074796853
9.85,112.184156,112.175681963759,112.175812645229,112.175812645229,112.175812645229,112.172625,112.172501783164,112.17578125,112.17707559406
9.9,112.184156,112.175671132009,112.175798353307,112.175798353307,112.175798353307,112.172375,112.17223829209,112.17578125,112.177076391266
9.95,112.184156,112.17566030026,112.175784061386,112.175784061386,112.175784061386,112.172125,112.171974801017,112.17578125,112.177077188472
10,112.184156,112.17564946851,112.175769769465,112.175769769465,112.175769769465,112.172,112.171836309943,112.17578125,112.177077985678
10.05,112.184156,112.175639151453,112.175760676302,112.175760676302,112.175760676302,112.172,112.171828910693,112.17578125,112.177082108251
10.1,112.184156,112.175628834397,112.175751583139,112.175751583139,112.175751583139,112.172,112.171821511442,112.17578125,112.177086230824
10.15,112.184156,112.17561851734,112.175742489976,112.175742489976,112.175742489976,112.172,112.171814112192,112.17578125,112.177090353396
10.2,112.184156,112.175608200283,112.175733396814,112.175733396814,112.175733396814,112.172,112.171806712942,112.17578125,112.177094475969
10.25,112.184156,112.175597883227,112.175724303651,112.175724303651,112.175724303651,112.172,112.171799313692,112.17578125,112.177098598542
10.3,112.184156,112.17558756617,112.175715210488,112.175715210488,112.175715210488,112.172,112.171791914442,112.17578125,112.177102721115
10.35,112.184156,112.175577249113,112.175706117325,112.175706117325,112.175706117325,112.172,112.171784515192,112.17578125,112.177106843687
10.4,112.184156,112.175566932057,112.175697024163,112.175697024163,112.175697024163,112.172,112.171777115942,112.17578125,112.17711096626
10.45,112.184156,112.175556615,112.175687931,112.175687931,112.175687931,112.172,112.171769716692,112.17578125,112.177115088833
10.5,112.184156,112.175546297943,112.175678837837,112.175678837837,112.175678837837,112.172,112.171762317441,112.17578125,112.177119211406
10.55,112.184156,112.175535980887,112.175669744674,112.175669744674,112.175669744674,112.172,112.171754918191,112.17578125,112.177123333978
10.6,112.184156,112.17552566383,112.175660651511,112.175660651511,112.175660651511,112.172,112.171747518941,112.17578125,112.177127456551
10.65,112.184156,112.175515346774,112.175651558349,112.175651558349,112.175651558349,112.172,112.171740119691,112.17578125,112.177131579124
10.7,112.184156,112.175505029717,112.175642465186,112.175642465186,112.175642465186,112.172,112.171732720441,112.17578125,112.177135701696
10.75,112.184156,112.17549471266,112.175633372023,112.175633372023,112.175633372023,112.172,112.171725321191,112.17578125,112.177139824269
10.8,112.184156,112.175484395604,112.17562427886,112.17562427886,112.17562427886,112.172,112.171717921941,112.17578125,112.177143946842
10.85,112.184156,112.175474078547,112.175615185698,112.175615185698,112.175615185698,112.172,112.171710522691,112.17578125,112.177148069415
10.9,112.184156,112.17546376149,112.175606092535,112.175606092535,112.175606092535,112.172,112.17170312344,112.17578125,112.177152191987
10.95,112.184156,112.175453444434,112.175596999372,112.175596999372,112.175596999372,112.172,112.17169572419,112.17578125,112.17715631456
11,112.184156,112.175443127377,112.175587906209,112.175587906209,112.175587906209,112.172,112.17168832494,112.17578125,112.177160437133
11.05,112.184156,112.17543281032,112.175578813046,112.175578813046,112.175578813046,112.172,112.17168092569,112.17578125,112.177164559706
11.1,112.184156,112.175422493264,112.175569719884,112.175569719884,112.175569719884,112.172,112.17167352644,112.17578125,112.177168682278
11.15,112.184156,112.175412176207,112.175560626721,112.175560626721,112.175560626721,112.172,112.17166612719,112.17578125,112.177172804851
11.2,112.184156,112.17540185915,112.175551533558,112.175551533558,112.175551533558,112.172,112.17165872794,112.17578125,112.177176927424
11.25,112.184156,112.175391542094,112.175542440395,112.175542440395,112.175542440395,112.172,112.171651328689,112.17578125,112.177181049997
11.3,112.184156,112.175381225037,112.175533347233,112.175533347233,112.175533347233,112.172,112.171643929439,112.17578125,112.177185172569
11.35,112.184156,112.17537090798,112.17552425407,112.17552425407,112.17552425407,112.172,112.171636530189,112.17578125,112.177189295142
11.4,112.184156,112.175360590924,112.175515160907,112.175515160907,112.175515160907,112.172,112.171629130939,112.17578125,112.177193417715
11.45,112.184156,112.175350273867,112.175506067744,112.175506067744,112.175506067744,112.172,112.171621731689,112.17578125,112.177197540288
11.5,112.184156,112.17533995681,112.175496974581,112.175496974581,112.175496974581,112.172,112.171614332439,112.17578125,112.17720166286
11.55,112.184156,112.175329639754,112.175487881419,112.175487881419,112.175487881419,112.172,112.171606933189,112.17578125,112.177205785433
11.6,112.184156,112.175319322697,112.175478788256,112.175478788256,112.175478788256,112.172,112.171599533939,112.17578125,112.177209908006
11.65,112.184156,112.17530900564,112.175469695093,112.175469695093,112.175469695093,112.172,112.171592134688,112.17578125,112.177214030579
11.7,112.184156,112.175298688584,112.17546060193,112.17546060193,112.17546060193,112.172,112.171584735438,112.17578125,112.177218153151
11.75,112.184156,112.175288371527,112.175451508768,112.175451508768,112.175451508768,112.172,112.171577336188,112.17578125,112.177222275724
11.8,112.184156,112.17527805447,112.175442415605,112.175442415605,112.175442415605,112.172,112.171569936938,112.17578125,112.177226398297
11.85,112.184156,112.175267737414,112.175433322442,112.175433322442,112.175433322442,112.172,112.171562537688,112.17578125,112.17723052087
11.9,112.184156,112.175257420357,112.175424229279,112.175424229279,112.175424229279,112.172,112.171555138438,112.17578125,112.177234643442
11.95,112.184156,112.175247103301,112.175415136116,112.175415136116,112.175415136116,112.172,112.171547739188,112.17578125,112.177238766015
12,112.184156,112.175236786244,112.175406042954,112.175406042954,112.175406042954,112.172075,112.171615339937,112.17578125,112.177242888588
12.05,112.184156,112.175226469187,112.175396949791,112.175396949791,112.175396949791,112.172225,112.171757940687,112.17578125,112.177247011161
12.1,112.184156,112.175216152131,112.175387856628,112.175387856628,112.175387856628,112.172375,112.171900541437,112.17578125,112.177251133733
12.15,112.184156,112.175205835074,112.175378763465,112.175378763465,112.175378763465,112.172525,112.172043142187,112.17578125,112.177255256306
12.2,112.184156,112.175195518017,112.175369670303,112.175369670303,112.175369670303,112.172675,112.172185742937,112.17578125,112.177259378879
12.25,112.184156,112.175185200961,112.17536057714,112.17536057714,112.17536057714,112.172825,112.172328343687,112.17578125,112.177263501452
12.3,112.184156,112.175174883904,112.175351483977,112.175351483977,112.175351483977,112.172975,112.172470944437,112.17578125,112.177267624024
12.35,112.184156,112.175164566847,112.175342390814,112.175342390814,112.175342390814,112.173125,112.172613545187,112.17578125,112.177271746597
12.4,112.184156,112.175154249791,112.175333297651,112.175333297651,112.175333297651,112.173275,112.172756145936,112.17578125,112.17727586917
12.45,112.184156,112.175143932734,112.175324204489,112.175324204489,112.175324204489,112.173425,112.172898746686,112.17578125,112.177279991743
12.5,112.184156,112.175133615677,112.175315111326,112.175315111326,112.175315111326,112.173575,112.173041347436,112.17578125,112.177284114315
12.55,112.184156,112.175123298621,112.175306018163,112.175306018163,112.175306018163,112.173725,112.173183948186,112.17578125,112.177288236888
12.6,112.184156,112.175112981564,112.175296925,112.175296925,112.175296925,112.173875,112.173326548936,112.17578125,112.177292359461
12.65,112.184156,112.175102664507,112.175287831838,112.175287831838,112.175287831838,112.174025,112.173469149686,112.17578125,112.177296482034
12.7,112.184156,112.175092347451,112.175278738675,112.175278738675,112.175278738675,112.174175,112.173611750436,112.17578125,112.177300604606
12.75,112.184156,112.175082030394,112.175269645512,112.175269645512,112.175269645512,112.174325,112.173754351185,112.17578125,112.177304727179
12.8,112.184156,112.175071713337,112.175260552349,112.175260552349,112.175260552349,112.174475,112.173896951935,112.17578125,112.177308849752
12.85,112.184156,112.175061396281,112.175251459186,112.175251459186,112.175251459186,112.174625,112.174039552685,112.17578125,112.177312972325
12.9,112.184156,112.175051079224,112.175242366024,112.175242366024,112.175242366024,112.174775,112.174182153435,112.17578125,112.177317094897
12.95,112.184156,112.175040762167,112.175233272861,112.175233272861,112.175233272861,112.174925,112.174324754185,112.17578125,112.17732121747
13,112.184156,112.175030445111,112.175224179698,112.175224179698,112.175224179698,112.1751,112.174492354935,112.175756835938,112.17730092598
13.05,112.184156,112.175020128054,112.175215086535,112.175215086535,112.175215086535,112.1753,112.174684955685,112.175708007813,112.177256220428
13.1,112.184156,112.175009810998,112.175205993373,112.175205993373,112.175205993373,112.1755,112.174877556435,112.175659179688,112.177211514876
13.15,112.184156,112.174999493941,112.17519690021,112.17519690021,112.17519690021,112.1757,112.175070157184,112.175610351562,112.177166809324
13.2,112.184156,112.174989176884,112.175187807047,112.175187807047,112.175187807047,112.1759,112.175262757934,112.175561523437,112.177122103771
13.25,112.184156,112.174978859828,112.175178713884,112.175178713884,112.175178713884,112.1761,112.175455358684,112.175512695313,112.177077398219
13.3,112.184156,112.174968542771,112.175169620722,112.175169620722,112.175169620722,112.1763,112.175647959434,112.175463867188,112.177032692667
13.35,112.184156,112.174958225714,112.175160527559,112.175160527559,112.175160527559,112.1765,112.175840560184,112.175415039062,112.176987987115
13.4,112.184156,112.174947908658,112.175151434396,112.175151434396,112.175151434396,112.1767,112.176033160934,112.175366210937,112.176943281562
13.45,112.184156,112.174937591601,112.175142341233,112.175142341233,112.175142341233,112.1769,112.176225761684,112.175317382812,112.17689857601
13.5,112.184156,112.174927274544,112.17513324807,112.17513324807,112.17513324807,112.1771,112.176418362434,112.175268554688,112.176853870458
13.55,112.184156,112.174916957488,112.175124154908,112.175124154908,112.175124154908,112.1773,112.176610963183,112.175219726563,112.176809164906
13.6,112.184156,112.174906640431,112.175115061745,112.175115061745,112.175115061745,112.1775,112.176803563933,112.175170898438,112.176764459353
13.65,112.184156,112.174896323374,112.175105968582,112.175105968582,112.175105968582,112.1777,112.176996164683,112.175122070312,112.176719753801
13.7,112.184156,112.174886006318,112.175096875419,112.175096875419,112.175096875419,112.1779,112.177188765433,112.175073242187,112.176675048249
13.75,112.184156,112.174875689261,112.175087782256,112.175087782256,112.175087782256,112.1781,112.177381366183,112.175024414063,112.176630342697
13.8,112.184156,112.174865372204,112.175078689094,112.175078689094,112.175078689094,112.1783,112.177573966933,112.174975585938,112.176585637144
13.85,112.184156,112.174855055148,112.175069595931,112.175069595931,112.175069595931,112.1785,112.177766567683,112.174926757812,112.176540931592
13.9,112.184156,112.174844738091,112.175060502768,112.175060502768,112.175060502768,112.1787,112.177959168432,112.174877929687,112.17649622604
13.95,112.184156,112.174834421034,112.175051409605,112.175051409605,112.175051409605,112.1789,112.178151769182,112.174829101562,112.176451520488
14,112.184156,112.174824103978,112.175042316443,112.175042316443,112.175042316443,112.179,112.178244369932,112.174780273438,112.176406814935
14.05,112.184156,112.174813786921,112.17503322328,112.17503322328,112.17503322328,112.179,112.178236970682,112.174731445313,112.176362109383
14.1,112.184156,112.174803469865,112.175024130117,112.175024130117,112.175024130117,112.179,112.178229571432,112.174682617188,112.176317403831
14.15,112.184156,112.174793152808,112.175015036954,112.175015036954,112.175015036954,112.179,112.178222172182,112.174633789062,112.176272698279
14.2,112.184156,112.174782835751,112.175005943792,112.175005943792,112.175005943792,112.179,112.178214772932,112.174584960937,112.176227992726
14.25,112.184156,112.174772518695,112.174996850629,112.174996850629,112.174996850629,112.179,112.178207373682,112.174536132813,112.176183287174
14.3,112.184156,112.174762201638,112.174987757466,112.174987757466,112.174987757466,112.179,112.178199974431,112.174487304688,112.176138581622
14.35,112.184156,112.174751884581,112.174978664303,112.174978664303,112.174978664303,112.179,112.178192575181,112.174438476562,112.17609387607
14.4,112.184156,112.174741567525,112.17496957114,112.17496957114,112.17496957114,112.179,112.178185175931,112.174389648437,112.176049170517
14.45,112.184156,112.174731250468,112.174960477978,112.174960477978,112.174960477978,112.179,112.178177776681,112.174340820312,112.176004464965
14.5,112.184156,112.174720933411,112.174951384815,112.174951384815,112.174951384815,112.179,112.178170377431,112.174291992188,112.175959759413
14.55,112.184156,112.174710616355,112.174942291652,112.174942291652,112.174942291652,112.179,112.178162978181,112.174243164063,112.175915053861
14.6,112.184156,112.174700299298,112.174933198489,112.174933198489,112.174933198489,112.179,112.178155578931,112.174194335938,112.175870348308
14.65,112.184156,112.174689982241,112.174924105327,112.174924105327,112.174924105327,112.179,112.17814817968,112.174145507812,112.175825642756
14.7,112.184156,112.174679665185,112.174915012164,112.174915012164,112.174915012164,112.179,112.17814078043,112.174096679687,112.175780937204
14.75,112.184156,112.174669348128,112.174905919001,112.174905919001,112.174905919001,112.179,112.17813338118,112.174047851563,112.175736231652
14.8,112.184156,112.174659031071,112.174896825838,112.174896825838,112.174896825838,112.179,112.17812598193,112.173999023438,112.175691526099
14.85,112.184156,112.174648714015,112.174887732675,112.174887732675,112.174887732675,112.179,112.17811858268,112.173950195312,112.175646820547
14.9,112.184156,112.174638396958,112.174878639513,112.174878639513,112.174878639513,112.179,112.17811118343,112.173901367187,112.175602114995
14.95,112.184156,112.174628079901,112.17486954635,112.17486954635,112.17486954635,112.179,112.17810378418,112.173852539062,112.175557409443
15,112.184156,112.174617762845,112.174860453187,112.174860453187,112.174860453187,112.179,112.17809638493,112.173803710938,112.17551270389
15.05,112.184156,112.174607445788,112.174851360024,112.174851360024,112.174851360024,112.179,112.178088985679,112.173754882813,112.175467998338
15.1,112.184156,112.174597128731,112.174842266862,112.174842266862,112.174842266862,112.179,112.178081586429,112.173706054688,112.175423292786
15.15,112.184156,112.174586811675,112.174833173699,112.174833173699,112.174833173699,112.179,112.178074187179,112.173657226562,112.175378587233
15.2,112.184156,112.174576494618,112.174824080536,112.174824080536,112.174824080536,112.179,112.178066787929,112.173608398437,112.175333881681
15.25,112.184156,112.174566177561,112.174814987373,112.174814987373,112.174814987373,112.179,112.178059388679,112.173559570313,112.175289176129
15.3,112.184156,112.174555860505,112.17480589421,112.17480589421,112.17480589421,112.179,112.178051989429,112.173510742188,112.175244470577
15.35,112.184156,112.174545543448,112.174796801048,112.174796801048,112.174796801048,112.179,112.178044590179,112.173461914062,112.175199765024
15.4,112.184156,112.174535226392,112.174787707885,112.174787707885,112.174787707885,112.179,112.178037190929,112.173413085937,112.175155059472
15.45,112.184156,112.174524909335,112.174778614722,112.174778614722,112.174778614722,112.179,112.178029791678,112.173364257812,112.17511035392
15.5,112.184156,112.174514592278,112.174769521559,112.174769521559,112.174769521559,112.179,112.178022392428,112.173315429688,112.175065648368
15.55,112.184156,112.174504275222,112.174760428397,112.174760428397,112.174760428397,112.179,112.178014993178,112.173266601563,112.175020942815
15.6,112.184156,112.174493958165,112.174751335234,112.174751335234,112.174751335234,112.179,112.178007593928,112.173217773438,112.174976237263
15.65,112.184156,112.174483641108,112.174742242071,112.174742242071,112.174742242071,112.179,112.178000194678,112.173168945312,112.174931531711
15.7,112.184156,112.174473324052,112.174733148908,112.174733148908,112.174733148908,112.179,112.177992795428,112.173120117187,112.174886826159
15.75,112.184156,112.174463006995,112.174724055745,112.174724055745,112.174724055745,112.179,112.177985396178,112.173071289063,112.174842120606
15.8,112.184156,112.174452689938,112.174714962583,112.174714962583,112.174714962583,112.179,112.177977996927,112.173022460938,112.174797415054
15.85,112.184156,112.174442372882,112.17470586942,112.17470586942,112.17470586942,112.179,112.177970597677,112.172973632812,112.174752709502
15.9,112.184156,112.174432055825,112.174696776257,112.174696776257,112.174696776257,112.179,112.177963198427,112.172924804687,112.17470800395
15.95,112.184156,112.174421738768,112.174687683094,112.174687683094,112.174687683094,112.179,112.177955799177,112.172875976562,112.174663298397
16,112.184156,112.174411421712,112.174678589932,112.174678589932,112.174678589932,112.179,112.177948399927,112.172827148438,112.174618592845
16.05,112.184156,112.174401104655,112.174669496769,112.174669496769,112.174669496769,112.179,112.177941000677,112.172778320313,112.174573887293
16.1,112.184156,112.174390787598,112.174660403606,112.174660403606,112.174660403606,112.179,112.177933601427,112.172729492188,112.174529181741
16.15,112.184156,112.174380470542,112.174651310443,112.174651310443,112.174651310443,112.179,112.177926202177,112.172680664062,112.174484476188
16.2,112.184156,112.174370153485,112.17464221728,112.17464221728,112.17464221728,112.179,112.177918802926,112.172631835937,112.174439770636
16.25,112.184156,112.174359836428,112.174633124118,112.174633124118,112.174633124118,112.179,112.177911403676,112.172583007813,112.174395065084
16.3,112.184156,112.174349519372,112.174624030955,112.174624030955,112.174624030955,112.179,112.177904004426,112.172534179688,112.174350359532
16.35,112.184156,112.174339202315,112.174614937792,112.174614937792,112.174614937792,112.179,112.177896605176,112.172485351562,112.174305653979
16.4,112.184156,112.174328885258,112.174605844629,112.174605844629,112.174605844629,112.179,112.177889205926,112.172436523437,112.174260948427
16.45,112.184156,112.174318568202,112.174596751467,112.174596751467,112.174596751467,112.179,112.177881806676,112.172387695312,112.174216242875
16.5,112.184156,112.174308251145,112.174587658304,112.174587658304,112.174587658304,112.179,112.177874407426,112.172338867188,112.174171537323
16.55,112.184156,112.174297934089,112.174578565141,112.174578565141,112.174578565141,112.179,112.177867008175,112.172290039063,112.17412683177
16.6,112.184156,112.174287617032,112.174569471978,112.174569471978,112.174569471978,112.179,112.177859608925,112.172241210938,112.174082126218
16.65,112.184156,112.174277299975,112.174560378815,112.174560378815,112.174560378815,112.179,112.177852209675,112.172192382812,112.174037420666
16.7,112.184156,112.174266982919,112.174551285653,112.174551285653,112.174551285653,112.179,112.177844810425,112.172143554687,112.173992715114
16.75,112.184156,112.174256665862,112.17454219249,112.17454219249,112.17454219249,112.179,112.177837411175,112.172094726563,112.173948009561
16.8,112.184156,112.174246348805,112.174533099327,112.174533099327,112.174533099327,112.179,112.177830011925,112.172045898438,112.173903304009
16.85,112.184156,112.174236031749,112.174524006164,112.174524006164,112.174524006164,112.179,112.177822612675,112.171997070312,112.173858598457
16.9,112.18415488,112.174225714692,112.174514913002,112.174514913002,112.174514913002,112.179,112.177815213425,112.171948242187,112.173813892905
16.95,112.18415488,112.174215397635,112.174505819839,112.174505819839,112.174505819839,112.179,112.177807814174,112.171899414062,112.173769187352
17,112.18415488,112.174205080579,112.174496726676,112.174496726676,112.174496726676,112.17885,112.177650414924,112.171850585938,112.1737244818
17.05,112.18415488,112.174194763522,112.174487633513,112.174487633513,112.174487633513,112.17855,112.177343015674,112.171801757813,112.173679776248
17.1,112.18415488,112.174184446465,112.17447854035,112.17447854035,112.17447854035,112.17825,112.177035616424,112.171752929688,112.173635070696
17.15,112.18415488,112.174174129409,112.174469447188,112.174469447188,112.174469447188,112.17795,112.176728217174,112.171704101562,112.173590365143
17.2,112.18415488,112.174163812352,112.174460354025,112.174460354025,112.174460354025,112.17765,112.176420817924,112.171655273437,112.173545659591
17.25,112.18415488,112.174153495295,112.174451260862,112.174451260862,112.174451260862,112.17735,112.176113418674,112.171606445313,112.173500954039
17.3,112.18415488,112.174143178239,112.174442167699,112.174442167699,112.174442167699,112.17705,112.175806019424,112.171557617188,112.173456248487
17.35,112.18415488,112.174132861182,112.174433074537,112.174433074537,112.174433074537,112.17675,112.175498620173,112.171508789062,112.173411542934
17.4,112.18415488,112.174122544125,112.174423981374,112.174423981374,112.174423981374,112.17645,112.175191220923,112.171459960937,112.173366837382
17.45,112.18415488,112.174112227069,112.174414888211,112.174414888211,112.174414888211,112.17615,112.174883821673,112.171411132812,112.17332213183
17.5,112.18415488,112.174101910012,112.174405795048,112.174405795048,112.174405795048,112.17585,112.174576422423,112.171362304688,112.173277426278
17.55,112.18415488,112.174091592955,112.174396701885,112.174396701885,112.174396701885,112.17555,112.174269023173,112.171313476563,112.173232720725
17.6,112.18415488,112.174081275899,112.174387608723,112.174387608723,112.174387608723,112.17525,112.173961623923,112.171264648438,112.173188015173
17.65,112.18415488,112.174070958842,112.17437851556,112.17437851556,112.17437851556,112.17495,112.173654224673,112.171215820312,112.173143309621
17.7,112.18415488,112.174060641786,112.174369422397,112.174369422397,112.174369422397,112.17465,112.173346825422,112.171166992187,112.173098604069
17.75,112.18415488,112.174050324729,112.174360329234,112.174360329234,112.174360329234,112.17435,112.173039426172,112.171118164063,112.173053898516
17.8,112.18415488,112.174040007672,112.174351236072,112.174351236072,112.174351236072,112.17405,112.172732026922,112.171069335938,112.173009192964
17.85,112.18415488,112.174029690616,112.174342142909,112.174342142909,112.174342142909,112.17375,112.172424627672,112.171020507812,112.172964487412
17.9,112.18415488,112.174019373559,112.174333049746,112.174333049746,112.174333049746,112.17345,112.172117228422,112.170971679687,112.17291978186
17.95,112.18415488,112.174009056502,112.174323956583,112.174323956583,112.174323956583,112.17315,112.171809829172,112.170922851562,112.172875076307
18,112.18415488,112.173998739446,112.17431486342,112.17431486342,112.17431486342,112.1729,112.171552429922,112.170874023438,112.172830370755
18.05,112.18415488,112.173988422389,112.174305770258,112.174305770258,112.174305770258,112.1727,112.171345030672,112.170825195313,112.172785665203
18.1,112.18415488,112.173978105332,112.174296677095,112.174296677095,112.174296677095,112.1725,112.171137631421,112.170776367188,112.172740959651
18.15,112.18415488,112.173967788276,112.174287583932,112.174287583932,112.174287583932,112.1723,112.170930232171,112.170727539062,112.172696254098
18.2,112.18415488,112.173957471219,112.174278490769,112.174278490769,112.174278490769,112.1721,112.170722832921,112.170678710937,112.172651548546
18.25,112.18415488,112.173947154162,112.174269397607,112.174269397607,112.174269397607,112.1719,112.170515433671,112.170629882813,112.172606842994
18.3,112.18415488,112.173936837106,112.174260304444,112.174260304444,112.174260304444,112.1717,112.170308034421,112.170581054688,112.172562137442
18.35,112.18415488,112.173926520049,112.174251211281,112.174251211281,112.174251211281,112.1715,112.170100635171,112.170532226562,112.172517431889
18.4,112.18415488,112.173916202992,112.174242118118,112.174242118118,112.174242118118,112.1713,112.169893235921,112.170483398437,112.172472726337
18.45,112.18415488,112.173905885936,112.174233024955,112.174233024955,112.174233024955,112.1711,112.16968583667,112.170434570312,112.172428020785
18.5,112.18415488,112.173895568879,112.174223931793,112.174223931793,112.174223931793,112.1709,112.16947843742,112.170385742188,112.172383315233
18.55,112.18415488,112.173885251822,112.17421483863,112.17421483863,112.17421483863,112.1707,112.16927103817,112.170336914063,112.17233860968
18.6,112.18415488,112.173874934766,112.174205745467,112.174205745467,112.174205745467,112.1705,112.16906363892,112.170288085938,112.172293904128
18.65,112.18415488,112.173864617709,112.174196652304,112.174196652304,112.174196652304,112.1703,112.16885623967,112.170239257812,112.172249198576
18.7,112.18415488,112.173854300652,112.174187559142,112.174187559142,112.174187559142,112.1701,112.16864884042,112.170190429687,112.172204493024
18.75,112.18415488,112.173843983596,112.174178465979,112.174178465979,112.174178465979,112.1699,112.16844144117,112.170141601563,112.172159787471
18.8,112.18415488,112.173833666539,112.174169372816,112.174169372816,112.174169372816,112.1697,112.16823404192,112.170092773438,112.172115081919
18.85,112.18415488,112.173823349483,112.174160279653,112.174160279653,112.174160279653,112.1695,112.168026642669,112.170043945312,112.172070376367
18.9,112.18415488,112.173813032426,112.17415118649,112.17415118649,112.17415118649,112.1693,112.167819243419,112.169995117187,112.172025670815
18.95,112.18415488,112.173802715369,112.174142093328,112.174142093328,112.174142093328,112.1691,112.167611844169,112.169946289062,112.171980965262
19,112.18415488,112.173792398313,112.174133000165,112.174133000165,112.174133000165,112.169,112.167504444919,112.169897460938,112.17193625971
19.05,112.18415488,112.173782081256,112.174123907002,112.174123907002,112.174123907002,112.169,112.167497045669,112.169848632813,112.171891554158
19.1,112.18415488,112.173771764199,112.174114813839,112.174114813839,112.174114813839,112.169,112.167489646419,112.169799804688,112.171846848606
19.15,112.18415488,112.173761447143,112.174105720677,112.174105720677,112.174105720677,112.169,112.167482247169,112.169750976562,112.171802143053
19.2,112.18415488,112.173751130086,112.174096627514,112.174096627514,112.174096627514,112.169,112.167474847918,112.169702148437,112.171757437501
19.25,112.18415488,112.173740813029,112.174087534351,112.174087534351,112.174087534351,112.169,112.167467448668,112.169653320313,112.171712731949
19.3,112.18415488,112.173730495973,112.174078441188,112.174078441188,112.174078441188,112.169,112.167460049418,112.169604492188,112.171668026397
19.35,112.18415488,112.173720178916,112.174069348025,112.174069348025,112.174069348025,112.169,112.167452650168,112.169555664062,112.171623320844
19.4,112.18415488,112.173709861859,112.174060254863,112.174060254863,112.174060254863,112.169,112.167445250918,112.169506835937,112.171578615292
19.45,112.18415488,112.173699544803,112.1740511617,112.1740511617,112.1740511617,112.169,112.167437851668,112.169458007812,112.17153390974
19.5,112.18415488,112.173689227746,112.174042068537,112.174042068537,112.174042068537,112.169,112.167430452418,112.169409179688,112.171489204187
19.55,112.18415488,112.173678910689,112.174032975374,112.174032975374,112.174032975374,112.169,112.167423053168,112.169360351563,112.171444498635
19.6,112.18415488,112.173668593633,112.174023882212,112.174023882212,112.174023882212,112.169,112.167415653917,112.169311523438,112.171399793083
19.65,112.18415488,112.173658276576,112.174014789049,112.174014789049,112.174014789049,112.169,112.167408254667,112.169262695312,112.171355087531
19.7,112.18415488,112.173647959519,112.174005695886,112.174005695886,112.174005695886,112.169,112.167400855417,112.169213867187,112.171310381978
19.75,112.18415488,112.173637642463,112.173996602723,112.173996602723,112.173996602723,112.169,112.167393456167,112.169165039063,112.171265676426
19.8,112.18415488,112.173627325406,112.17398750956,112.17398750956,112.17398750956,112.169,112.167386056917,112.169116210938,112.171220970874
19.85,112.18415488,112.173617008349,112.173978416398,112.173978416398,112.173978416398,112.169,112.167378657667,112.169067382812,112.171176265322
19.9,112.18415488,112.173606691293,112.173969323235,112.173969323235,112.173969323235,112.169,112.167371258417,112.169018554687,112.171131559769
19.95,112.18415488,112.173596374236,112.173960230072,112.173960230072,112.173960230072,112.169,112.167363859167,112.168969726562,112.171086854217
20,112.18415488,112.17358605718,112.173951136909,112.173951136909,112.173951136909,112.169,112.167356459916,112.168920898438,112.171042148665
20.05,112.18415488,112.173576042637,112.173941762393,112.173941762393,112.173941762393,112.169,112.16736471783,112.168872070313,112.170982610715
20.1,112.18415488,112.173566028094,112.173932387877,112.173932387877,112.173932387877,112.169,112.167372975743,112.168823242188,112.170923072765
20.15,112.18415488,112.173556013551,112.17392301336,112.17392301336,112.17392301336,112.169,112.167381233657,112.168774414062,112.170863534815
20.2,112.18415488,112.173545999009,112.173913638844,112.173913638844,112.173913638844,112.169,112.16738949157,112.168725585937,112.170803996865
20.25,112.18415488,112.173535984466,112.173904264328,112.173904264328,112.173904264328,112.169,112.167397749483,112.168676757813,112.170744458915
20.3,112.18415488,112.173525969923,112.173894889811,112.173894889811,112.173894889811,112.169,112.167406007397,112.168627929688,112.170684920965
20.35,112.18415488,112.173515955381,112.173885515295,112.173885515295,112.173885515295,112.169,112.16741426531,112.168579101562,112.170625383016
20.4,112.18415488,112.173505940838,112.173876140779,112.173876140779,112.173876140779,112.169,112.167422523223,112.168530273437,112.170565845066
20.45,112.18415488,112.173495926295,112.173866766263,112.173866766263,112.173866766263,112.169,112.167430781137,112.168481445312,112.170506307116
20.5,112.18415488,112.173485911752,112.173857391746,112.173857391746,112.173857391746,112.169,112.16743903905,112.168432617188,112.170446769166
20.55,112.18415488,112.17347589721,112.17384801723,112.17384801723,112.17384801723,112.169,112.167447296964,112.168383789063,112.170387231216
20.6,112.18415488,112.173465882667,112.173838642714,112.173838642714,112.173838642714,112.169,112.167455554877,112.168334960938,112.170327693266
20.65,112.18415488,112.173455868124,112.173829268197,112.173829268197,112.173829268197,112.169,112.16746381279,112.168286132812,112.170268155316
20.7,112.18415488,112.173445853581,112.173819893681,112.173819893681,112.173819893681,112.169,112.167472070704,112.168237304687,112.170208617366
20.75,112.18415488,112.173435839039,112.173810519165,112.173810519165,112.173810519165,112.169,112.167480328617,112.168188476563,112.170149079416
20.8,112.18415488,112.173425824496,112.173801144648,112.173801144648,112.173801144648,112.169,112.167488586531,112.168139648438,112.170089541466
20.85,112.18415488,112.173415809953,112.173791770132,112.173791770132,112.173791770132,112.169,112.167496844444,112.168090820312,112.170030003516
20.9,112.18415488,112.173405795411,112.173782395616,112.173782395616,112.173782395616,112.169,112.167505102357,112.168041992187,112.169970465567
20.95,112.18415488,112.173395780868,112.173773021099,112.173773021099,112.173773021099,112.169,112.167513360271,112.167993164062,112.169910927617
21,112.18415488,112.173385766325,112.173763646583,112.173763646583,112.173763646583,112.169225,112.167746618184,112.167993164062,112.169900217792
21.05,112.18415488,112.173375751782,112.173754272067,112.173754272067,112.173754272067,112.169675,112.168204876097,112.168041992187,112.169938336092
21.1,112.18415488,112.17336573724,112.17374489755,112.17374489755,112.17374489755,112.170125,112.168663134011,112.168090820312,112.169976454392
21.15,112.18415488,112.173355722697,112.173735523034,112.173735523034,112.173735523034,112.170575,112.169121391924,112.168139648438,112.170014572692
21.2,112.18415488,112.173345708154,112.173726148518,112.173726148518,112.173726148518,112.171025,112.169579649838,112.168188476563,112.170052690992
21.25,112.18415488,112.173335693612,112.173716774002,112.173716774002,112.173716774002,112.171475,112.170037907751,112.168237304687,112.170090809292
21.3,112.18415488,112.173325679069,112.173707399485,112.173707399485,112.173707399485,112.171925,112.170496165664,112.168286132812,112.170128927592
21.35,112.18415488,112.173315664526,112.173698024969,112.173698024969,112.173698024969,112.172375,112.170954423578,112.168334960938,112.170167045892
21.4,112.18415488,112.173305649983,112.173688650453,112.173688650453,112.173688650453,112.172825,112.171412681491,112.168383789063,112.170205164192
21.45,112.18415488,112.173295635441,112.173679275936,112.173679275936,112.173679275936,112.173275,112.171870939405,112.168432617188,112.170243282493
21.5,112.18415488,112.173285620898,112.17366990142,112.17366990142,112.17366990142,112.173725,112.172329197318,112.168481445312,112.170281400793
21.55,112.18415488,112.173275606355,112.173660526904,112.173660526904,112.173660526904,112.174175,112.172787455231,112.168530273437,112.170319519093
21.6,112.18415488,112.173265591813,112.173651152387,112.173651152387,112.173651152387,112.174625,112.173245713145,112.168579101562,112.170357637393
21.65,112.18415488,112.17325557727,112.173641777871,112.173641777871,112.173641777871,112.175075,112.173703971058,112.168627929688,112.170395755693
21.7,112.18415488,112.173245562727,112.173632403355,112.173632403355,112.173632403355,112.175525,112.174162228972,112.168676757813,112.170433873993
21.75,112.18415488,112.173235548184,112.173623028838,112.173623028838,112.173623028838,112.175975,112.174620486885,112.168725585937,112.170471992293
21.8,112.18415488,112.173225533642,112.173613654322,112.173613654322,112.173613654322,112.176425,112.175078744798,112.168774414062,112.170510110593
21.85,112.18415488,112.173215519099,112.173604279806,112.173604279806,112.173604279806,112.176875,112.175537002712,112.168823242188,112.170548228893
21.9,112.18415488,112.173205504556,112.173594905289,112.173594905289,112.173594905289,112.177325,112.175995260625,112.168872070313,112.170586347193
21.95,112.18415488,112.173195490014,112.173585530773,112.173585530773,112.173585530773,112.177775,112.176453518538,112.168920898438,112.170624465493
22,112.18415488,112.173185475471,112.173576156257,112.173576156257,112.173576156257,112.178,112.176686776452,112.168969726562,112.170662583793
22.05,112.18415488,112.173175460928,112.173566781741,112.173566781741,112.173566781741,112.178,112.176695034365,112.169018554687,112.170700702094
22.1,112.18415488,112.173165446385,112.173557407224,112.173557407224,112.173557407224,112.178,112.176703292279,112.169067382812,112.170738820394
22.15,112.18415488,112.173155431843,112.173548032708,112.173548032708,112.173548032708,112.178,112.176711550192,112.169116210938,112.170776938694
22.2,112.18415488,112.1731454173,112.173538658192,112.173538658192,112.173538658192,112.178,112.176719808105,112.169165039063,112.170815056994
22.25,112.18415488,112.173135402757,112.173529283675,112.173529283675,112.173529283675,112.178,112.176728066019,112.169213867187,112.170853175294
22.3,112.18415488,112.173125388215,112.173519909159,112.173519909159,112.173519909159,112.178,112.176736323932,112.169262695312,112.170891293594
22.35,112.18415488,112.173115373672,112.173510534643,112.173510534643,112.173510534643,112.178,112.176744581846,112.169311523438,112.170929411894
22.4,112.18415488,112.173105359129,112.173501160126,112.173501160126,112.173501160126,112.178,112.176752839759,112.169360351563,112.170967530194
22.45,112.18415488,112.173095344586,112.17349178561,112.17349178561,112.17349178561,112.178,112.176761097672,112.169409179688,112.171005648494
22.5,112.18415488,112.173085330044,112.173482411094,112.173482411094,112.173482411094,112.178,112.176769355586,112.169458007812,112.171043766794
22.55,112.18415488,112.173075315501,112.173473036577,112.173473036577,112.173473036577,112.178,112.176777613499,112.169506835937,112.171081885094
22.6,112.18415488,112.173065300958,112.173463662061,112.173463662061,112.173463662061,112.178,112.176785871412,112.169555664062,112.171120003395
22.65,112.18415488,112.173055286416,112.173454287545,112.173454287545,112.173454287545,112.178,112.176794129326,112.169604492188,112.171158121695
22.7,112.18415488,112.173045271873,112.173444913028,112.173444913028,112.173444913028,112.178,112.176802387239,112.169653320313,112.171196239995
22.75,112.18415488,112.17303525733,112.173435538512,112.173435538512,112.173435538512,112.178,112.176810645153,112.169702148437,112.171234358295
22.8,112.18415488,112.173025242787,112.173426163996,112.173426163996,112.173426163996,112.178,112.176818903066,112.169750976562,112.171272476595
22.85,112.18415488,112.173015228245,112.17341678948,112.17341678948,112.17341678948,112.178,112.176827160979,112.169799804688,112.171310594895
22.9,112.18415488,112.173005213702,112.173407414963,112.173407414963,112.173407414963,112.178,112.176835418893,112.169848632813,112.171348713195
22.95,112.18415488,112.172995199159,112.173398040447,112.173398040447,112.173398040447,112.178,112.176843676806,112.169897460938,112.171386831495
23,112.18415488,112.172985184617,112.173388665931,112.173388665931,112.173388665931,112.178,112.17685193472,112.169946289062,112.171424949795
23.05,112.18415488,112.172975170074,112.173379291414,112.173379291414,112.173379291414,112.178,112.176860192633,112.169995117187,112.171463068095
23.1,112.18415488,112.172965155531,112.173369916898,112.173369916898,112.173369916898,112.178,112.176868450546,112.170043945312,112.171501186395
23.15,112.18415488,112.172955140988,112.173360542382,112.173360542382,112.173360542382,112.178,112.17687670846,112.170092773438,112.171539304696
23.2,112.18415488,112.172945126446,112.173351167865,112.173351167865,112.173351167865,112.178,112.176884966373,112.170141601563,112.171577422996
23.25,112.18415488,112.172935111903,112.173341793349,112.173341793349,112.173341793349,112.178,112.176893224286,112.170190429687,112.171615541296
23.3,112.18415488,112.17292509736,112.173332418833,112.173332418833,112.173332418833,112.178,112.1769014822,112.170239257812,112.171653659596
23.35,112.18415488,112.172915082818,112.173323044316,112.173323044316,112.173323044316,112.178,112.176909740113,112.170288085938,112.171691777896
23.4,112.18415488,112.172905068275,112.1733136698,112.1733136698,112.1733136698,112.178,112.176917998027,112.170336914063,112.171729896196
23.45,112.18415488,112.172895053732,112.173304295284,112.173304295284,112.173304295284,112.178,112.17692625594,112.170385742188,112.171768014496
23.5,112.18415488,112.172885039189,112.173294920768,112.173294920768,112.173294920768,112.178,112.176934513853,112.170434570312,112.171806132796
23.55,112.18415488,112.172875024647,112.173285546251,112.173285546251,112.173285546251,112.178,112.176942771767,112.170483398437,112.171844251096
23.6,112.18415488,112.172865010104,112.173276171735,112.173276171735,112.173276171735,112.178,112.17695102968,112.170532226562,112.171882369396
23.65,112.18415488,112.172854995561,112.173266797219,112.173266797219,112.173266797219,112.178,112.176959287594,112.170581054688,112.171920487696
23.7,112.18415488,112.172844981019,112.173257422702,112.173257422702,112.173257422702,112.178,112.176967545507,112.170629882813,112.171958605996
23.75,112.18415488,112.172834966476,112.173248048186,112.173248048186,112.173248048186,112.178,112.17697580342,112.170678710937,112.171996724297
23.8,112.18415488,112.172824951933,112.17323867367,112.17323867367,112.17323867367,112.178,112.176984061334,112.170727539062,112.172034842597
23.85,112.18415488,112.17281493739,112.173229299153,112.173229299153,112.173229299153,112.178,112.176992319247,112.170776367188,112.172072960897
23.9,112.18415488,112.172804922848,112.173219924637,112.173219924637,112.173219924637,112.178,112.17700057716,112.170825195313,112.172111079197
23.95,112.18415488,112.172794908305,112.173210550121,112.173210550121,112.173210550121,112.178,112.177008835074,112.170874023438,112.172149197497
24,112.18415488,112.172784893762,112.173201175604,112.173201175604,112.173201175604,112.17795,112.176967092987,112.170922851562,112.172187315797
24.05,112.18415488,112.17277487922,112.173191801088,112.173191801088,112.173191801088,112.17785,112.176875350901,112.170971679687,112.172225434097
24.1,112.18415488,112.172764864677,112.173182426572,112.173182426572,112.173182426572,112.17775,112.176783608814,112.171020507812,112.172263552397
24.15,112.18415488,112.172754850134,112.173173052055,112.173173052055,112.173173052055,112.17765,112.176691866727,112.171069335938,112.172301670697
24.2,112.18415488,112.172744835591,112.173163677539,112.173163677539,112.173163677539,112.17755,112.176600124641,112.171118164063,112.172339788997
24.25,112.18415488,112.172734821049,112.173154303023,112.173154303023,112.173154303023,112.17745,112.176508382554,112.171166992187,112.172377907297
24.3,112.18415488,112.172724806506,112.173144928507,112.173144928507,112.173144928507,112.17735,112.176416640468,112.171215820312,112.172416025598
24.35,112.18415488,112.172714791963,112.17313555399,112.17313555399,112.17313555399,112.17725,112.176324898381,112.171264648438,112.172454143898
24.4,112.18415488,112.172704777421,112.173126179474,112.173126179474,112.173126179474,112.17715,112.176233156294,112.171313476563,112.172492262198
24.45,112.18415488,112.172694762878,112.173116804958,112.173116804958,112.173116804958,112.17705,112.176141414208,112.171362304688,112.172530380498
24.5,112.18415488,112.172684748335,112.173107430441,112.173107430441,112.173107430441,112.17695,112.176049672121,112.171411132812,112.172568498798
24.55,112.18415488,112.172674733792,112.173098055925,112.173098055925,112.173098055925,112.17685,112.175957930034,112.171459960937,112.172606617098
24.6,112.18415488,112.17266471925,112.173088681409,112.173088681409,112.173088681409,112.17675,112.175866187948,112.171508789062,112.172644735398
24.65,112.18415488,112.172654704707,112.173079306892,112.173079306892,112.173079306892,112.17665,112.175774445861,112.171557617188,112.172682853698
24.7,112.18415488,112.172644690164,112.173069932376,112.173069932376,112.173069932376,112.17655,112.175682703775,112.171606445313,112.172720971998
24.75,112.18415488,112.172634675622,112.17306055786,112.17306055786,112.17306055786,112.17645,112.175590961688,112.171655273437,112.172759090298
24.8,112.18415488,112.172624661079,112.173051183343,112.173051183343,112.173051183343,112.17635,112.175499219601,112.171704101562,112.172797208598
24.85,112.18415488,112.172614646536,112.173041808827,112.173041808827,112.173041808827,112.17625,112.175407477515,112.171752929688,112.172835326898
24.9,112.18415488,112.172604631993,112.173032434311,112.173032434311,112.173032434311,112.17615,112.175315735428,112.171801757813,112.172873445199
24.95,112.18415488,112.172594617451,112.173023059794,112.173023059794,112.173023059794,112.17605,112.175223993342,112.171850585938,112.172911563499
25,112.18415488,112.172584602908,112.173013685278,112.173013685278,112.173013685278,112.176,112.175182251255,112.171899414062,112.172949681799
25.05,112.18415488,112.172574588365,112.173004310762,112.173004310762,112.173004310762,112.176,112.175190509168,112.171948242187,112.172987800099
25.1,112.18415488,112.172564573823,112.172994936246,112.172994936246,112.172994936246,112.176,112.175198767082,112.171997070312,112.173025918399
25.15,112.18415488,112.17255455928,112.172985561729,112.172985561729,112.172985561729,112.176,112.175207024995,112.172045898438,112.173064036699
25.2,112.18415488,112.172544544737,112.172976187213,112.172976187213,112.172976187213,112.176,112.175215282909,112.172094726563,112.173102154999
25.25,112.18415488,112.172534530194,112.172966812697,112.172966812697,112.172966812697,112.176,112.175223540822,112.172143554687,112.173140273299
25.3,112.18415488,112.172524515652,112.17295743818,112.17295743818,112.17295743818,112.176,112.175231798735,112.172192382812,112.173178391599
25.35,112.18415488,112.172514501109,112.172948063664,112.172948063664,112.172948063664,112.176,112.175240056649,112.172241210938,112.173216509899
25.4,112.18415488,112.172504486566,112.172938689148,112.172938689148,112.172938689148,112.176,112.175248314562,112.172290039063,112.173254628199
25.45,112.18415488,112.172494472024,112.172929314631,112.172929314631,112.172929314631,112.176,112.175256572475,112.172338867188,112.1732927465
25.5,112.18415488,112.172484457481,112.172919940115,112.172919940115,112.172919940115,112.176,112.175264830389,112.172387695312,112.1733308648
25.55,112.18415488,112.172474442938,112.172910565599,112.172910565599,112.172910565599,112.176,112.175273088302,112.172436523437,112.1733689831
25.6,112.18415488,112.172464428395,112.172901191082,112.172901191082,112.172901191082,112.176,112.175281346216,112.172485351562,112.1734071014
25.65,112.18415488,112.172454413853,112.172891816566,112.172891816566,112.172891816566,112.176,112.175289604129,112.172534179688,112.1734452197
25.7,112.18415488,112.17244439931,112.17288244205,112.17288244205,112.17288244205,112.176,112.175297862042,112.172583007813,112.173483338
25.75,112.18415488,112.172434384767,112.172873067533,112.172873067533,112.172873067533,112.176,112.175306119956,112.172631835937,112.1735214563
25.8,112.18415488,112.172424370225,112.172863693017,112.172863693017,112.172863693017,112.176,112.175314377869,112.172680664062,112.1735595746
25.85,112.18415488,112.172414355682,112.172854318501,112.172854318501,112.172854318501,112.176,112.175322635783,112.172729492188,112.1735976929
25.9,112.18415488,112.172404341139,112.172844943985,112.172844943985,112.172844943985,112.176,112.175330893696,112.172778320313,112.1736358112
25.95,112.18415488,112.172394326596,112.172835569468,112.172835569468,112.172835569468,112.176,112.175339151609,112.172827148438,112.1736739295
26,112.18415488,112.172384312054,112.172826194952,112.172826194952,112.172826194952,112.176,112.175347409523,112.172875976562,112.173712047801
26.05,112.18415488,112.172374297511,112.172816820436,112.172816820436,112.172816820436,112.176,112.175355667436,112.172924804687,112.173750166101
26.1,112.18415488,112.172364282968,112.172807445919,112.172807445919,112.172807445919,112.176,112.175363925349,112.172973632812,112.173788284401
26.15,112.18415488,112.172354268426,112.172798071403,112.172798071403,112.172798071403,112.176,112.175372183263,112.173022460938,112.173826402701
26.2,112.18415488,112.172344253883,112.172788696887,112.172788696887,112.172788696887,112.176,112.175380441176,112.173071289063,112.173864521001
26.25,112.18415488,112.17233423934,112.17277932237,112.17277932237,112.17277932237,112.176,112.17538869909,112.173120117187,112.173902639301
26.3,112.18415488,112.172324224797,112.172769947854,112.172769947854,112.172769947854,112.176,112.175396957003,112.173168945312,112.173940757601
26.35,112.18415488,112.172314210255,112.172760573338,112.172760573338,112.172760573338,112.176,112.175405214916,112.173217773438,112.173978875901
26.4,112.18415488,112.172304195712,112.172751198821,112.172751198821,112.172751198821,112.176,112.17541347283,112.173266601563,112.174016994201
26.45,112.18415488,112.172294181169,112.172741824305,112.172741824305,112.172741824305,112.176,112.175421730743,112.173315429688,112.174055112501
26.5,112.18415488,112.172284166627,112.172732449789,112.172732449789,112.172732449789,112.176,112.175429988657,112.173364257812,112.174093230801
26.55,112.18415488,112.172274152084,112.172723075273,112.172723075273,112.172723075273,112.176,112.17543824657,112.173413085937,112.174131349101
26.6,112.18415488,112.172264137541,112.172713700756,112.172713700756,112.172713700756,112.176,112.175446504483,112.173461914062,112.174169467402
26.65,112.18415488,112.172254122998,112.17270432624,112.17270432624,112.17270432624,112.176,112.175454762397,112.173510742188,112.174207585702
26.7,112.18415488,112.172244108456,112.172694951724,112.172694951724,112.172694951724,112.176,112.17546302031,112.173559570313,112.174245704002
26.75,112.18415488,112.172234093913,112.172685577207,112.172685577207,112.172685577207,112.176,112.175471278223,112.173608398437,112.174283822302
26.8,112.18415488,112.17222407937,112.172676202691,112.172676202691,112.172676202691,112.176,112.175479536137,112.173657226562,112.174321940602
26.85,112.18415488,112.172214064828,112.172666828175,112.172666828175,112.172666828175,112.176,112.17548779405,112.173706054688,112.174360058902
26.9,112.18415488,112.172204050285,112.172657453658,112.172657453658,112.172657453658,112.176,112.175496051964,112.173754882813,112.174398177202
26.95,112.18415488,112.172194035742,112.172648079142,112.172648079142,112.172648079142,112.176,112.175504309877,112.173803710938,112.174436295502
27,112.18415488,112.172184021199,112.172638704626,112.172638704626,112.172638704626,112.176075,112.17558756779,112.173852539062,112.174474413802
27.05,112.18415488,112.172174006657,112.172629330109,112.172629330109,112.172629330109,112.176225,112.175745825704,112.173901367187,112.174512532102
27.1,112.18415488,112.172163992114,112.172619955593,112.172619955593,112.172619955593,112.176375,112.175904083617,112.173950195312,112.174550650402
27.15,112.18415488,112.172153977571,112.172610581077,112.172610581077,112.172610581077,112.176525,112.176062341531,112.173999023438,112.174588768703
27.2,112.18415488,112.172143963029,112.17260120656,112.17260120656,112.17260120656,112.176675,112.176220599444,112.174047851563,112.174626887003
27.25,112.18415488,112.172133948486,112.172591832044,112.172591832044,112.172591832044,112.176825,112.176378857357,112.174096679687,112.174665005303
27.3,112.18415488,112.172123933943,112.172582457528,112.172582457528,112.172582457528,112.176975,112.176537115271,112.174145507812,112.174703123603
27.35,112.18415488,112.1721139194,112.172573083012,112.172573083012,112.172573083012,112.177125,112.176695373184,112.174194335938,112.174741241903
27.4,112.18415488,112.172103904858,112.172563708495,112.172563708495,112.172563708495,112.177275,112.176853631097,112.174243164063,112.174779360203
27.45,112.18415488,112.172093890315,112.172554333979,112.172554333979,112.172554333979,112.177425,112.177011889011,112.174291992188,112.174817478503
27.5,112.18415488,112.172083875772,112.172544959463,112.172544959463,112.172544959463,112.177575,112.177170146924,112.174340820312,112.174855596803
27.55,112.18415488,112.172073861229,112.172535584946,112.172535584946,112.172535584946,112.177725,112.177328404838,112.174389648437,112.174893715103
27.6,112.18415488,112.172063846687,112.17252621043,112.17252621043,112.17252621043,112.177875,112.177486662751,112.174438476562,112.174931833403
27.65,112.18415488,112.172053832144,112.172516835914,112.172516835914,112.172516835914,112.178025,112.177644920664,112.174487304688,112.174969951703
27.7,112.18415488,112.172043817601,112.172507461397,112.172507461397,112.172507461397,112.178175,112.177803178578,112.174536132813,112.175008070003
27.75,112.18415488,112.172033803059,112.172498086881,112.172498086881,112.172498086881,112.178325,112.177961436491,112.174584960937,112.175046188304
27.8,112.18415488,112.172023788516,112.172488712365,112.172488712365,112.172488712365,112.178475,112.178119694405,112.174633789062,112.175084306604
27.85,112.18415488,112.172013773973,112.172479337848,112.172479337848,112.172479337848,112.178625,112.178277952318,112.174682617188,112.175122424904
27.9,112.18415488,112.17200375943,112.172469963332,112.172469963332,112.172469963332,112.178775,112.178436210231,112.174731445313,112.175160543204
27.95,112.18415488,112.171993744888,112.172460588816,112.172460588816,112.172460588816,112.178925,112.178594468145,112.174780273438,112.175198661504
28,112.18415488,112.171983730345,112.172451214299,112.172451214299,112.172451214299,112.179,112.178677726058,112.174829101562,112.175236779804
28.05,112.18415488,112.171973715802,112.172441839783,112.172441839783,112.172441839783,112.179,112.178685983971,112.174877929687,112.175274898104
28.1,112.18415488,112.17196370126,112.172432465267,112.172432465267,112.172432465267,112.179,112.178694241885,112.174926757812,112.175313016404
28.15,112.18415488,112.171953686717,112.172423090751,112.172423090751,112.172423090751,112.179,112.178702499798,112.174975585938,112.175351134704
28.2,112.18415488,112.171943672174,112.172413716234,112.172413716234,112.172413716234,112.179,112.178710757712,112.175024414063,112.175389253004
28.25,112.18415488,112.171933657631,112.172404341718,112.172404341718,112.172404341718,112.179,112.178719015625,112.175073242187,112.175427371304
28.3,112.18415488,112.171923643089,112.172394967202,112.172394967202,112.172394967202,112.179,112.178727273538,112.175122070312,112.175465489605
28.35,112.18415488,112.171913628546,112.172385592685,112.172385592685,112.172385592685,112.179,112.178735531452,112.175170898438,112.175503607905
28.4,112.18415488,112.171903614003,112.172376218169,112.172376218169,112.172376218169,112.179,112.178743789365,112.175219726563,112.175541726205
28.45,112.18415488,112.171893599461,112.172366843653,112.172366843653,112.172366843653,112.179,112.178752047279,112.175268554688,112.175579844505
28.5,112.18415488,112.171883584918,112.172357469136,112.172357469136,112.172357469136,112.179,112.178760305192,112.175317382812,112.175617962805
28.55,112.18415488,112.171873570375,112.17234809462,112.17234809462,112.17234809462,112.179,112.178768563105,112.175366210937,112.175656081105
28.6,112.18415488,112.171863555832,112.172338720104,112.172338720104,112.172338720104,112.179,112.178776821019,112.175415039062,112.175694199405
28.65,112.18415488,112.17185354129,112.172329345587,112.172329345587,112.172329345587,112.179,112.178785078932,112.175463867188,112.175732317705
28.7,112.18415488,112.171843526747,112.172319971071,112.172319971071,112.172319971071,112.179,112.178793336846,112.175512695313,112.175770436005
28.75,112.18415488,112.171833512204,112.172310596555,112.172310596555,112.172310596555,112.179,112.178801594759,112.175561523437,112.175808554305
28.8,112.18415488,112.171823497662,112.172301222038,112.172301222038,112.172301222038,112.179,112.178809852672,112.175610351562,112.175846672605
28.85,112.18415488,112.171813483119,112.172291847522,112.172291847522,112.172291847522,112.179,112.178818110586,112.175659179688,112.175884790906
28.9,112.18415488,112.171803468576,112.172282473006,112.172282473006,112.172282473006,112.179,112.178826368499,112.175708007813,112.175922909206
28.95,112.18415488,112.171793454033,112.17227309849,112.17227309849,112.17227309849,112.179,112.178834626412,112.175756835938,112.175961027506
29,112.18415488,112.171783439491,112.172263723973,112.172263723973,112.172263723973,112.179,112.178842884326,112.175756835938,112.175950317681
29.05,112.18415488,112.171773424948,112.172254349457,112.172254349457,112.172254349457,112.179,112.178851142239,112.175708007813,112.175890779731
29.1,112.18415488,112.171763410405,112.172244974941,112.172244974941,112.172244974941,112.179,112.178859400153,112.175659179688,112.175831241781
29.15,112.18415488,112.171753395863,112.172235600424,112.172235600424,112.172235600424,112.179,112.178867658066,112.175610351562,112.175771703831
29.2,112.18415488,112.17174338132,112.172226225908,112.172226225908,112.172226225908,112.179,112.178875915979,112.175561523437,112.175712165881
29.25,112.18415488,112.171733366777,112.172216851392,112.172216851392,112.172216851392,112.179,112.178884173893,112.175512695313,112.175652627931
29.3,112.18415488,112.171723352234,112.172207476875,112.172207476875,112.172207476875,112.179,112.178892431806,112.175463867188,112.175593089981
29.35,112.18415488,112.171713337692,112.172198102359,112.172198102359,112.172198102359,112.179,112.17890068972,112.175415039062,112.175533552031
29.4,112.18415488,112.171703323149,112.172188727843,112.172188727843,112.172188727843,112.179,112.178908947633,112.175366210937,112.175474014082
29.45,112.18415488,112.171693308606,112.172179353326,112.172179353326,112.172179353326,112.179,112.178917205546,112.175317382812,112.175414476132
29.5,112.18415488,112.171683294064,112.17216997881,112.17216997881,112.17216997881,112.179,112.17892546346,112.175268554688,112.175354938182
29.55,112.18415488,112.171673279521,112.172160604294,112.172160604294,112.172160604294,112.179,112.178933721373,112.175219726563,112.175295400232
29.6,112.18415488,112.171663264978,112.172151229777,112.172151229777,112.172151229777,112.179,112.178941979286,112.175170898438,112.175235862282
29.65,112.18415488,112.171653250435,112.172141855261,112.172141855261,112.172141855261,112.179,112.1789502372,112.175122070312,112.175176324332
29.7,112.18415488,112.171643235893,112.172132480745,112.172132480745,112.172132480745,112.179,112.178958495113,112.175073242187,112.175116786382
29.75,112.18415488,112.17163322135,112.172123106229,112.172123106229,112.172123106229,112.179,112.178966753027,112.175024414063,112.175057248432
29.8,112.18415488,112.171623206807,112.172113731712,112.172113731712,112.172113731712,112.179,112.17897501094,112.174975585938,112.174997710482
29.85,112.18415488,112.171613192265,112.172104357196,112.172104357196,112.172104357196,112.179,112.178983268853,112.174926757812,112.174938172532
29.9,112.18415488,112.171603177722,112.17209498268,112.17209498268,112.17209498268,112.179,112.178991526767,112.174877929687,112.174878634582
29.95,112.18415488,112.171593163179,112.172085608163,112.172085608163,112.172085608163,112.179,112.17899978468,112.174829101562,112.174819096632
30,112.18415488,112.171583148636,112.172076233647,112.172076233647,112.172076233647,112.1788,112.178808042594,112.174780273438,112.174759558683
30.05,112.18415488,112.171571098056,112.172057855756,112.172057855756,112.172057855756,112.1784,112.1784070344,112.174731445313,112.174701839006
30.1,112.18415488,112.171559047476,112.172039477865,112.172039477865,112.172039477865,112.178,112.178006026207,112.174682617188,112.174644119329
30.15,112.18415488,112.171546996896,112.172021099974,112.172021099974,112.172021099974,112.1776,112.177605018013,112.174633789062,112.174586399652
30.2,112.18415488,112.171534946316,112.172002722083,112.172002722083,112.172002722083,112.1772,112.17720400982,112.174584960937,112.174528679975
30.25,112.18415488,112.171522895736,112.171984344192,112.171984344192,112.171984344192,112.1768,112.176803001626,112.174536132813,112.174470960298
30.3,112.18415488,112.171510845156,112.171965966301,112.171965966301,112.171965966301,112.1764,112.176401993433,112.174487304688,112.174413240621
30.35,112.18415488,112.171498794576,112.171947588411,112.171947588411,112.171947588411,112.176,112.176000985239,112.174438476562,112.174355520944
30.4,112.18415488,112.171486743996,112.17192921052,112.17192921052,112.17192921052,112.1756,112.175599977046,112.174389648437,112.174297801267
30.45,112.18415488,112.171474693416,112.171910832629,112.171910832629,112.171910832629,112.1752,112.175198968852,112.174340820312,112.17424008159
30.5,112.18415488,112.171462642836,112.171892454738,112.171892454738,112.171892454738,112.1748,112.174797960659,112.174291992188,112.174182361913
30.55,112.18415488,112.171450592256,112.171874076847,112.171874076847,112.171874076847,112.1744,112.174396952466,112.174243164063,112.174124642236
30.6,112.18415488,112.171438541676,112.171855698956,112.171855698956,112.171855698956,112.174,112.173995944272,112.174194335938,112.174066922559
30.65,112.18415488,112.171426491096,112.171837321065,112.171837321065,112.171837321065,112.1736,112.173594936079,112.174145507812,112.174009202882
30.7,112.18415488,112.171414440516,112.171818943174,112.171818943174,112.171818943174,112.1732,112.173193927885,112.174096679687,112.173951483205
30.75,112.18415488,112.171402389936,112.171800565283,112.171800565283,112.171800565283,112.1728,112.172792919692,112.174047851563,112.173893763528
30.8,112.18415488,112.171390339356,112.171782187392,112.171782187392,112.171782187392,112.1724,112.172391911498,112.173999023438,112.173836043851
30.85,112.18415488,112.171378288776,112.171763809501,112.171763809501,112.171763809501,112.172,112.171990903305,112.173950195312,112.173778324174
30.9,112.18415488,112.171366238196,112.17174543161,112.17174543161,112.17174543161,112.1716,112.171589895111,112.173901367187,112.173720604497
30.95,112.18415488,112.171354187616,112.171727053719,112.171727053719,112.171727053719,112.1712,112.171188886918,112.173852539062,112.17366288482
31,112.18415488,112.171342137036,112.171708675829,112.171708675829,112.171708675829,112.17085,112.170837878724,112.173803710938,112.173605165143
31.05,112.18415488,112.171330086456,112.171690297938,112.171690297938,112.171690297938,112.17055,112.170536870531,112.173754882813,112.173547445466
31.1,112.18415488,112.171318035876,112.171671920047,112.171671920047,112.171671920047,112.17025,112.170235862337,112.173706054688,112.173489725789
31.15,112.18415488,112.171305985296,112.171653542156,112.171653542156,112.171653542156,112.16995,112.169934854144,112.173657226562,112.173432006112
31.2,112.18415488,112.171293934716,112.171635164265,112.171635164265,112.171635164265,112.16965,112.169633845951,112.173608398437,112.173374286435
31.25,112.18415488,112.171281884136,112.171616786374,112.171616786374,112.171616786374,112.16935,112.169332837757,112.173559570313,112.173316566758
31.3,112.18415488,112.171269833556,112.171598408483,112.171598408483,112.171598408483,112.16905,112.169031829564,112.173510742188,112.173258847081
31.35,112.18415488,112.171257782976,112.171580030592,112.171580030592,112.171580030592,112.16875,112.16873082137,112.173461914062,112.173201127404
31.4,112.18415488,112.171245732396,112.171561652701,112.171561652701,112.171561652701,112.16845,112.168429813177,112.173413085937,112.173143407727
31.45,112.18415488,112.171233681816,112.17154327481,112.17154327481,112.17154327481,112.16815,112.168128804983,112.173364257812,112.17308568805
31.5,112.18415488,112.171221631236,112.171524896919,112.171524896919,112.171524896919,112.16785,112.16782779679,112.173315429688,112.173027968373
31.55,112.18415488,112.171209580656,112.171506519028,112.171506519028,112.171506519028,112.16755,112.167526788596,112.173266601563,112.172970248696
31.6,112.18415488,112.171197530076,112.171488141137,112.171488141137,112.171488141137,112.16725,112.167225780403,112.173217773438,112.172912529019
31.65,112.18415488,112.171185479495,112.171469763247,112.171469763247,112.171469763247,112.16695,112.166924772209,112.173168945312,112.172854809342
31.7,112.18415488,112.171173428915,112.171451385356,112.171451385356,112.171451385356,112.16665,112.166623764016,112.173120117187,112.172797089664
31.75,112.18415488,112.171161378335,112.171433007465,112.171433007465,112.171433007465,112.16635,112.166322755823,112.173071289063,112.172739369987
31.8,112.18415488,112.171149327755,112.171414629574,112.171414629574,112.171414629574,112.16605,112.166021747629,112.173022460938,112.17268165031
31.85,112.18415488,112.171137277175,112.171396251683,112.171396251683,112.171396251683,112.16575,112.165720739436,112.172973632812,112.172623930633
31.9,112.18415488,112.171125226595,112.171377873792,112.171377873792,112.171377873792,112.16545,112.165419731242,112.172924804687,112.172566210956
31.95,112.18415488,112.171113176015,112.171359495901,112.171359495901,112.171359495901,112.16515,112.165118723049,112.172875976562,112.172508491279
32,112.18415488,112.171101125435,112.17134111801,112.17134111801,112.17134111801,112.165,112.164967714855,112.172827148438,112.172450771602
32.05,112.18415488,112.171089074855,112.171322740119,112.171322740119,112.171322740119,112.165,112.164966706662,112.172778320313,112.172393051925
32.1,112.18415488,112.171077024275,112.171304362228,112.171304362228,112.171304362228,112.165,112.164965698468,112.172729492188,112.172335332248
32.15,112.18415488,112.171064973695,112.171285984337,112.171285984337,112.171285984337,112.165,112.164964690275,112.172680664062,112.172277612571
32.2,112.18415488,112.171052923115,112.171267606446,112.171267606446,112.171267606446,112.165,112.164963682081,112.172631835937,112.172219892894
32.25,112.18415488,112.171040872535,112.171249228555,112.171249228555,112.171249228555,112.165,112.164962673888,112.172583007813,112.172162173217
32.3,112.18415488,112.171028821955,112.171230850665,112.171230850665,112.171230850665,112.165,112.164961665695,112.172534179688,112.17210445354
32.35,112.18415488,112.171016771375,112.171212472774,112.171212472774,112.171212472774,112.165,112.164960657501,112.172485351562,112.172046733863
32.4,112.18415488,112.171004720795,112.171194094883,112.171194094883,112.171194094883,112.165,112.164959649308,112.172436523437,112.171989014186
32.45,112.18415488,112.170992670215,112.171175716992,112.171175716992,112.171175716992,112.165,112.164958641114,112.172387695312,112.171931294509
32.5,112.18415488,112.170980619635,112.171157339101,112.171157339101,112.171157339101,112.165,112.164957632921,112.172338867188,112.171873574832
32.55,112.18415488,112.170968569055,112.17113896121,112.17113896121,112.17113896121,112.165,112.164956624727,112.172290039063,112.171815855155
32.6,112.18415488,112.170956518475,112.171120583319,112.171120583319,112.171120583319,112.165,112.164955616534,112.172241210938,112.171758135478
32.65,112.18415488,112.170944467895,112.171102205428,112.171102205428,112.171102205428,112.165,112.16495460834,112.172192382812,112.171700415801
32.7,112.18415488,112.170932417315,112.171083827537,112.171083827537,112.171083827537,112.165,112.164953600147,112.172143554687,112.171642696124
32.75,112.18415488,112.170920366735,112.171065449646,112.171065449646,112.171065449646,112.165,112.164952591953,112.172094726563,112.171584976447
32.8,112.18415488,112.170908316155,112.171047071755,112.171047071755,112.171047071755,112.165,112.16495158376,112.172045898438,112.17152725677
32.85,112.18415488,112.170896265575,112.171028693864,112.171028693864,112.171028693864,112.165,112.164950575567,112.171997070312,112.171469537093
32.9,112.18415488,112.170884214995,112.171010315973,112.171010315973,112.171010315973,112.165,112.164949567373,112.171948242187,112.171411817416
32.95,112.18415488,112.170872164415,112.170991938082,112.170991938082,112.170991938082,112.165,112.16494855918,112.171899414062,112.171354097739
33,112.18415488,112.170860113835,112.170973560192,112.170973560192,112.170973560192,112.165,112.164947550986,112.171850585938,112.171296378062
33.05,112.18415488,112.170848063255,112.170955182301,112.170955182301,112.170955182301,112.165,112.164946542793,112.171801757813,112.171238658385
33.1,112.18415488,112.170836012675,112.17093680441,112.17093680441,112.17093680441,112.165,112.164945534599,112.171752929688,112.171180938708
33.15,112.18415488,112.170823962095,112.170918426519,112.170918426519,112.170918426519,112.165,112.164944526406,112.171704101562,112.171123219031
33.2,112.18415488,112.170811911515,112.170900048628,112.170900048628,112.170900048628,112.165,112.164943518212,112.171655273437,112.171065499354
33.25,112.18415488,112.170799860935,112.170881670737,112.170881670737,112.170881670737,112.165,112.164942510019,112.171606445313,112.171007779677
33.3,112.18415488,112.170787810355,112.170863292846,112.170863292846,112.170863292846,112.165,112.164941501825,112.171557617188,112.17095006
33.35,112.18415488,112.170775759775,112.170844914955,112.170844914955,112.170844914955,112.165,112.164940493632,112.171508789062,112.170892340323
33.4,112.18415488,112.170763709194,112.170826537064,112.170826537064,112.170826537064,112.165,112.164939485438,112.171459960937,112.170834620646
33.45,112.18415488,112.170751658614,112.170808159173,112.170808159173,112.170808159173,112.165,112.164938477245,112.171411132812,112.170776900969
33.5,112.18415488,112.170739608034,112.170789781282,112.170789781282,112.170789781282,112.165,112.164937469052,112.171362304688,112.170719181292
33.55,112.18415488,112.170727557454,112.170771403391,112.170771403391,112.170771403391,112.165,112.164936460858,112.171313476563,112.170661461615
33.6,112.18415488,112.170715506874,112.1707530255,112.1707530255,112.1707530255,112.165,112.164935452665,112.171264648438,112.170603741938
33.65,112.18415488,112.170703456294,112.17073464761,112.17073464761,112.17073464761,112.165,112.164934444471,112.171215820312,112.170546022261
33.7,112.18415488,112.170691405714,112.170716269719,112.170716269719,112.170716269719,112.165,112.164933436278,112.171166992187,112.170488302584
33.75,112.18415488,112.170679355134,112.170697891828,112.170697891828,112.170697891828,112.165,112.164932428084,112.171118164063,112.170430582907
33.8,112.18415488,112.170667304554,112.170679513937,112.170679513937,112.170679513937,112.165,112.164931419891,112.171069335938,112.17037286323
33.85,112.18415488,112.170655253974,112.170661136046,112.170661136046,112.170661136046,112.165,112.164930411697,112.171020507812,112.170315143553
33.9,112.18415488,112.170643203394,112.170642758155,112.170642758155,112.170642758155,112.165,112.164929403504,112.170971679687,112.170257423876
33.95,112.18415488,112.170631152814,112.170624380264,112.170624380264,112.170624380264,112.165,112.16492839531,112.170922851562,112.170199704199
34,112.18415488,112.170619102234,112.170606002373,112.170606002373,112.170606002373,112.165025,112.164952387117,112.170874023438,112.170141984522
34.05,112.18415488,112.170607051654,112.170587624482,112.170587624482,112.170587624482,112.165075,112.165001378924,112.170825195313,112.170084264845
34.1,112.18415488,112.170595001074,112.170569246591,112.170569246591,112.170569246591,112.165125,112.16505037073,112.170776367188,112.170026545168
34.15,112.18415488,112.170582950494,112.1705508687,112.1705508687,112.1705508687,112.165175,112.165099362537,112.170727539062,112.169968825491
34.2,112.18415488,112.170570899914,112.170532490809,112.170532490809,112.170532490809,112.165225,112.165148354343,112.170678710937,112.169911105814
34.25,112.18415488,112.170558849334,112.170514112918,112.170514112918,112.170514112918,112.165275,112.16519734615,112.170629882813,112.169853386137
34.3,112.18415488,112.170546798754,112.170495735028,112.170495735028,112.170495735028,112.165325,112.165246337956,112.170581054688,112.16979566646
34.35,112.18415488,112.170534748174,112.170477357137,112.170477357137,112.170477357137,112.165375,112.165295329763,112.170532226562,112.169737946783
34.4,112.18415488,112.170522697594,112.170458979246,112.170458979246,112.170458979246,112.165425,112.165344321569,112.170483398437,112.169680227106
34.45,112.18415488,112.170510647014,112.170440601355,112.170440601355,112.170440601355,112.165475,112.165393313376,112.170434570312,112.169622507429
34.5,112.18415488,112.170498596434,112.170422223464,112.170422223464,112.170422223464,112.165525,112.165442305182,112.170385742188,112.169564787752
34.55,112.18415488,112.170486545854,112.170403845573,112.170403845573,112.170403845573,112.165575,112.165491296989,112.170336914063,112.169507068075
34.6,112.18415488,112.170474495274,112.170385467682,112.170385467682,112.170385467682,112.165625,112.165540288796,112.170288085938,112.169449348398
34.65,112.18415488,112.170462444694,112.170367089791,112.170367089791,112.170367089791,112.165675,112.165589280602,112.170239257812,112.169391628721
34.7,112.18415488,112.170450394114,112.1703487119,112.1703487119,112.1703487119,112.165725,112.165638272409,112.170190429687,112.169333909044
34.75,112.18415488,112.170438343534,112.170330334009,112.170330334009,112.170330334009,112.165775,112.165687264215,112.170141601563,112.169276189367
34.8,112.18415488,112.170426292954,112.170311956118,112.170311956118,112.170311956118,112.165825,112.165736256022,112.170092773438,112.16921846969
34.85,112.18415488,112.170414242374,112.170293578227,112.170293578227,112.170293578227,112.165875,112.165785247828,112.170043945312,112.169160750013
34.9,112.18415488,112.170402191794,112.170275200336,112.170275200336,112.170275200336,112.165925,112.165834239635,112.169995117187,112.169103030336
34.95,112.18415488,112.170390141214,112.170256822446,112.170256822446,112.170256822446,112.165975,112.165883231441,112.169946289062,112.169045310659
35,112.18415488,112.170378090634,112.170238444555,112.170238444555,112.170238444555,112.166,112.165907223248,112.169897460938,112.168987590982
35.05,112.18415488,112.170366040054,112.170220066664,112.170220066664,112.170220066664,112.166,112.165906215054,112.169848632813,112.168929871305
35.1,112.18415488,112.170353989473,112.170201688773,112.170201688773,112.170201688773,112.166,112.165905206861,112.169799804688,112.168872151628
35.15,112.18415488,112.170341938893,112.170183310882,112.170183310882,112.170183310882,112.166,112.165904198668,112.169750976562,112.168814431951
35.2,112.18415488,112.170329888313,112.170164932991,112.170164932991,112.170164932991,112.166,112.165903190474,112.169702148437,112.168756712274
35.25,112.18415488,112.170317837733,112.1701465551,112.1701465551,112.1701465551,112.166,112.165902182281,112.169653320313,112.168698992597
35.3,112.18415488,112.170305787153,112.170128177209,112.170128177209,112.170128177209,112.166,112.165901174087,112.169604492188,112.16864127292
35.35,112.18415488,112.170293736573,112.170109799318,112.170109799318,112.170109799318,112.166,112.165900165894,112.169555664062,112.168583553243
35.4,112.18415488,112.170281685993,112.170091421427,112.170091421427,112.170091421427,112.166,112.1658991577,112.169506835937,112.168525833566
35.45,112.18415488,112.170269635413,112.170073043536,112.170073043536,112.170073043536,112.166,112.165898149507,112.169458007812,112.168468113889
35.5,112.18415488,112.170257584833,112.170054665645,112.170054665645,112.170054665645,112.166,112.165897141313,112.169409179688,112.168410394212
35.55,112.18415488,112.170245534253,112.170036287754,112.170036287754,112.170036287754,112.166,112.16589613312,112.169360351563,112.168352674535
35.6,112.18415488,112.170233483673,112.170017909864,112.170017909864,112.170017909864,112.166,112.165895124926,112.169311523438,112.168294954858
35.65,112.18415488,112.170221433093,112.169999531973,112.169999531973,112.169999531973,112.166,112.165894116733,112.169262695312,112.168237235181
35.7,112.18415488,112.170209382513,112.169981154082,112.169981154082,112.169981154082,112.166,112.16589310854,112.169213867187,112.168179515504
35.75,112.18415488,112.170197331933,112.169962776191,112.169962776191,112.169962776191,112.166,112.165892100346,112.169165039063,112.168121795827
35.8,112.18415488,112.170185281353,112.1699443983,112.1699443983,112.1699443983,112.166,112.165891092153,112.169116210938,112.16806407615
35.85,112.18415488,112.170173230773,112.169926020409,112.169926020409,112.169926020409,112.166,112.165890083959,112.169067382812,112.168006356473
35.9,112.18415488,112.170161180193,112.169907642518,112.169907642518,112.169907642518,112.166,112.165889075766,112.169018554687,112.167948636796
35.95,112.18415488,112.170149129613,112.169889264627,112.169889264627,112.169889264627,112.166,112.165888067572,112.168969726562,112.167890917119
36,112.18415488,112.170137079033,112.169870886736,112.169870886736,112.169870886736,112.1661,112.165987059379,112.168920898438,112.167833197442
36.05,112.18415488,112.170125028453,112.169852508845,112.169852508845,112.169852508845,112.1663,112.166186051185,112.168872070313,112.167775477765
36.1,112.18415488,112.170112977873,112.169834130954,112.169834130954,112.169834130954,112.1665,112.166385042992,112.168823242188,112.167717758088
36.15,112.18415488,112.170100927293,112.169815753063,112.169815753063,112.169815753063,112.1667,112.166584034798,112.168774414062,112.167660038411
36.2,112.18415488,112.170088876713,112.169797375172,112.169797375172,112.169797375172,112.1669,112.166783026605,112.168725585937,112.167602318734
36.25,112.18415488,112.170076826133,112.169778997282,112.169778997282,112.169778997282,112.1671,112.166982018411,112.168676757813,112.167544599057
36.3,112.18415488,112.170064775553,112.169760619391,112.169760619391,112.169760619391,112.1673,112.167181010218,112.168627929688,112.16748687938
36.35,112.18415488,112.170052724973,112.1697422415,112.1697422415,112.1697422415,112.1675,112.167380002025,112.168579101562,112.167429159703
36.4,112.18415488,112.170040674393,112.169723863609,112.169723863609,112.169723863609,112.1677,112.167578993831,112.168530273437,112.167371440026
36.45,112.18415488,112.170028623813,112.169705485718,112.169705485718,112.169705485718,112.1679,112.167777985638,112.168481445312,112.167313720349
36.5,112.18415488,112.170016573233,112.169687107827,112.169687107827,112.169687107827,112.1681,112.167976977444,112.168432617188,112.167256000672
36.55,112.18415488,112.170004522653,112.169668729936,112.169668729936,112.169668729936,112.1683,112.168175969251,112.168383789063,112.167198280995
36.6,112.18415488,112.169992472073,112.169650352045,112.169650352045,112.169650352045,112.1685,112.168374961057,112.168334960938,112.167140561318
36.65,112.18415488,112.169980421493,112.169631974154,112.169631974154,112.169631974154,112.1687,112.168573952864,112.168286132812,112.167082841641
36.7,112.18415488,112.169968370913,112.169613596263,112.169613596263,112.169613596263,112.1689,112.16877294467,112.168237304687,112.167025121964
36.75,112.18415488,112.169956320333,112.169595218372,112.169595218372,112.169595218372,112.1691,112.168971936477,112.168188476563,112.166967402287
36.8,112.18415488,112.169944269753,112.169576840481,112.169576840481,112.169576840481,112.1693,112.169170928283,112.168139648438,112.16690968261
36.85,112.18415488,112.169932219172,112.16955846259,112.16955846259,112.16955846259,112.1695,112.16936992009,112.168090820312,112.166851962933
36.9,112.18415488,112.169920168592,112.1695400847,112.1695400847,112.1695400847,112.1697,112.169568911897,112.168041992187,112.166794243256
36.95,112.18415488,112.169908118012,112.169521706809,112.169521706809,112.169521706809,112.1699,112.169767903703,112.167993164062,112.166736523579
37,112.18415488,112.169896067432,112.169503328918,112.169503328918,112.169503328918,112.17,112.16986689551,112.167980957031,112.166715424996
37.05,112.18415488,112.169884016852,112.169484951027,112.169484951027,112.169484951027,112.17,112.169865887316,112.168005371094,112.166730947507
37.1,112.18415488,112.169871966272,112.169466573136,112.169466573136,112.169466573136,112.17,112.169864879123,112.168029785156,112.166746470017
37.15,112.18415488,112.169859915692,112.169448195245,112.169448195245,112.169448195245,112.17,112.169863870929,112.168054199219,112.166761992528
37.2,112.18415488,112.169847865112,112.169429817354,112.169429817354,112.169429817354,112.17,112.169862862736,112.168078613281,112.166777515038
37.25,112.18415488,112.169835814532,112.169411439463,112.169411439463,112.169411439463,112.17,112.169861854542,112.168103027344,112.166793037549
37.3,112.18415488,112.169823763952,112.169393061572,112.169393061572,112.169393061572,112.17,112.169860846349,112.168127441406,112.166808560059
37.35,112.18415488,112.169811713372,112.169374683681,112.169374683681,112.169374683681,112.17,112.169859838155,112.168151855469,112.16682408257
37.4,112.18415488,112.169799662792,112.16935630579,112.16935630579,112.16935630579,112.17,112.169858829962,112.168176269531,112.16683960508
37.45,112.18415488,112.169787612212,112.169337927899,112.169337927899,112.169337927899,112.17,112.169857821769,112.168200683594,112.166855127591
37.5,112.18415488,112.169775561632,112.169319550008,112.169319550008,112.169319550008,112.17,112.169856813575,112.168225097656,112.166870650101
37.55,112.18415488,112.169763511052,112.169301172117,112.169301172117,112.169301172117,112.17,112.169855805382,112.168249511719,112.166886172612
37.6,112.18415488,112.169751460472,112.169282794227,112.169282794227,112.169282794227,112.17,112.169854797188,112.168273925781,112.166901695122
37.65,112.18415488,112.169739409892,112.169264416336,112.169264416336,112.169264416336,112.17,112.169853788995,112.168298339844,112.166917217633
37.7,112.18415488,112.169727359312,112.169246038445,112.169246038445,112.169246038445,112.17,112.169852780801,112.168322753906,112.166932740143
37.75,112.18415488,112.169715308732,112.169227660554,112.169227660554,112.169227660554,112.17,112.169851772608,112.168347167969,112.166948262654
37.8,112.18415488,112.169703258152,112.169209282663,112.169209282663,112.169209282663,112.17,112.169850764414,112.168371582031,112.166963785164
37.85,112.18415488,112.169691207572,112.169190904772,112.169190904772,112.169190904772,112.17,112.169849756221,112.168395996094,112.166979307675
37.9,112.18415488,112.169679156992,112.169172526881,112.169172526881,112.169172526881,112.17,112.169848748027,112.168420410156,112.166994830185
37.95,112.18415488,112.169667106412,112.16915414899,112.16915414899,112.16915414899,112.17,112.169847739834,112.168444824219,112.167010352696
38,112.18415488,112.169655055832,112.169135771099,112.169135771099,112.169135771099,112.17,112.169846731641,112.168469238281,112.167025875206
38.05,112.18415488,112.169643005252,112.169117393208,112.169117393208,112.169117393208,112.17,112.169845723447,112.168493652344,112.167041397717
38.1,112.18415488,112.169630954672,112.169099015317,112.169099015317,112.169099015317,112.17,112.169844715254,112.168518066406,112.167056920227
38.15,112.18415488,112.169618904092,112.169080637426,112.169080637426,112.169080637426,112.17,112.16984370706,112.168542480469,112.167072442738
38.2,112.18415488,112.169606853512,112.169062259535,112.169062259535,112.169062259535,112.17,112.169842698867,112.168566894531,112.167087965248
38.25,112.18415488,112.169594802932,112.169043881645,112.169043881645,112.169043881645,112.17,112.169841690673,112.168591308594,112.167103487759
38.3,112.18415488,112.169582752352,112.169025503754,112.169025503754,112.169025503754,112.17,112.16984068248,112.168615722656,112.167119010269
38.35,112.18415488,112.169570701772,112.169007125863,112.169007125863,112.169007125863,112.17,112.169839674286,112.168640136719,112.16713453278
38.4,112.18415488,112.169558651192,112.168988747972,112.168988747972,112.168988747972,112.17,112.169838666093,112.168664550781,112.16715005529
38.45,112.18415488,112.169546600612,112.168970370081,112.168970370081,112.168970370081,112.17,112.169837657899,112.168688964844,112.167165577801
38.5,112.18415488,112.169534550032,112.16895199219,112.16895199219,112.16895199219,112.17,112.169836649706,112.168713378906,112.167181100311
38.55,112.18415488,112.169522499451,112.168933614299,112.168933614299,112.168933614299,112.17,112.169835641512,112.168737792969,112.167196622822
38.6,112.18415488,112.169510448871,112.168915236408,112.168915236408,112.168915236408,112.17,112.169834633319,112.168762207031,112.167212145332
38.65,112.18415488,112.169498398291,112.168896858517,112.168896858517,112.168896858517,112.17,112.169833625126,112.168786621094,112.167227667843
38.7,112.18415488,112.169486347711,112.168878480626,112.168878480626,112.168878480626,112.17,112.169832616932,112.168811035156,112.167243190353
38.75,112.18415488,112.169474297131,112.168860102735,112.168860102735,112.168860102735,112.17,112.169831608739,112.168835449219,112.167258712864
38.8,112.18415488,112.169462246551,112.168841724844,112.168841724844,112.168841724844,112.17,112.169830600545,112.168859863281,112.167274235374
38.85,112.18415488,112.169450195971,112.168823346953,112.168823346953,112.168823346953,112.17,112.169829592352,112.168884277344,112.167289757885
38.9,112.18415488,112.169438145391,112.168804969063,112.168804969063,112.168804969063,112.17,112.169828584158,112.168908691406,112.167305280395
38.95,112.18415488,112.169426094811,112.168786591172,112.168786591172,112.168786591172,112.17,112.169827575965,112.168933105469,112.167320802906
39,112.18415488,112.169414044231,112.168768213281,112.168768213281,112.168768213281,112.17,112.169826567771,112.168957519531,112.167336325416
39.05,112.18415488,112.169401993651,112.16874983539,112.16874983539,112.16874983539,112.17,112.169825559578,112.168981933594,112.167351847927
39.1,112.18415488,112.169389943071,112.168731457499,112.168731457499,112.168731457499,112.17,112.169824551384,112.169006347656,112.167367370437
39.15,112.18415488,112.169377892491,112.168713079608,112.168713079608,112.168713079608,112.17,112.169823543191,112.169030761719,112.167382892948
39.2,112.18415488,112.169365841911,112.168694701717,112.168694701717,112.168694701717,112.17,112.169822534998,112.169055175781,112.167398415458
39.25,112.18415488,112.169353791331,112.168676323826,112.168676323826,112.168676323826,112.17,112.169821526804,112.169079589844,112.167413937969
39.3,112.18415488,112.169341740751,112.168657945935,112.168657945935,112.168657945935,112.17,112.169820518611,112.169104003906,112.167429460479
39.35,112.18415488,112.169329690171,112.168639568044,112.168639568044,112.168639568044,112.17,112.169819510417,112.169128417969,112.16744498299
39.4,112.18415488,112.169317639591,112.168621190153,112.168621190153,112.168621190153,112.17,112.169818502224,112.169152832031,112.1674605055
39.45,112.18415488,112.169305589011,112.168602812262,112.168602812262,112.168602812262,112.17,112.16981749403,112.169177246094,112.167476028011
39.5,112.18415488,112.169293538431,112.168584434371,112.168584434371,112.168584434371,112.17,112.169816485837,112.169201660156,112.167491550521
39.55,112.18415488,112.169281487851,112.168566056481,112.168566056481,112.168566056481,112.17,112.169815477643,112.169226074219,112.167507073032
39.6,112.18415488,112.169269437271,112.16854767859,112.16854767859,112.16854767859,112.17,112.16981446945,112.169250488281,112.167522595542
39.65,112.18415488,112.169257386691,112.168529300699,112.168529300699,112.168529300699,112.17,112.169813461256,112.169274902344,112.167538118053
39.7,112.18415488,112.169245336111,112.168510922808,112.168510922808,112.168510922808,112.17,112.169812453063,112.169299316406,112.167553640563
39.75,112.18415488,112.169233285531,112.168492544917,112.168492544917,112.168492544917,112.17,112.16981144487,112.169323730469,112.167569163073
39.8,112.18415488,112.169221234951,112.168474167026,112.168474167026,112.168474167026,112.17,112.169810436676,112.169348144531,112.167584685584
39.85,112.18415488,112.169209184371,112.168455789135,112.168455789135,112.168455789135,112.17,112.169809428483,112.169372558594,112.167600208094
39.9,112.18415488,112.169197133791,112.168437411244,112.168437411244,112.168437411244,112.17,112.169808420289,112.169396972656,112.167615730605
39.95,112.18415488,112.169185083211,112.168419033353,112.168419033353,112.168419033353,112.17,112.169807412096,112.169421386719,112.167631253115
40,112.18415488,112.169173032631,112.168400655462,112.168400655462,112.168400655462,112.169825,112.169631403902,112.169445800781,112.167646775626
40.05,112.18415488,112.169170544239,112.16840000193,112.16840000193,112.16840000193,112.169475,112.169279176761,112.169470214844,112.167684896777
40.1,112.18415488,112.169168055848,112.168399348398,112.168399348398,112.168399348398,112.169125,112.168926949619,112.169494628906,112.167723017927
40.15,112.18415488,112.169165567457,112.168398694866,112.168398694866,112.168398694866,112.168775,112.168574722478,112.169519042969,112.167761139078
40.2,112.18415488,112.169163079066,112.168398041334,112.168398041334,112.168398041334,112.168425,112.168222495336,112.169543457031,112.167799260228
40.25,112.18415488,112.169160590675,112.168397387802,112.168397387802,112.168397387802,112.168075,112.167870268194,112.169567871094,112.167837381379
40.3,112.18415488,112.169158102283,112.16839673427,112.16839673427,112.16839673427,112.167725,112.167518041053,112.169592285156,112.16787550253
40.35,112.18415488,112.169155613892,112.168396080738,112.168396080738,112.168396080738,112.167375,112.167165813911,112.169616699219,112.16791362368
40.4,112.18415488,112.169153125501,112.168395427206,112.168395427206,112.168395427206,112.167025,112.16681358677,112.169641113281,112.167951744831
40.45,112.18415488,112.16915063711,112.168394773674,112.168394773674,112.168394773674,112.166675,112.166461359628,112.169665527344,112.167989865982
40.5,112.18415488,112.169148148719,112.168394120143,112.168394120143,112.168394120143,112.166325,112.166109132487,112.169689941406,112.168027987132
40.55,112.18415488,112.169145660327,112.168393466611,112.168393466611,112.168393466611,112.165975,112.165756905345,112.169714355469,112.168066108283
40.6,112.18415488,112.169143171936,112.168392813079,112.168392813079,112.168392813079,112.165625,112.165404678204,112.169738769531,112.168104229433
40.65,112.18415488,112.169140683545,112.168392159547,112.168392159547,112.168392159547,112.165275,112.165052451062,112.169763183594,112.168142350584
40.7,112.18415488,112.169138195154,112.168391506015,112.168391506015,112.168391506015,112.164925,112.16470022392,112.169787597656,112.168180471735
40.75,112.18415488,112.169135706763,112.168390852483,112.168390852483,112.168390852483,112.164575,112.164347996779,112.169812011719,112.168218592885
40.8,112.18415488,112.169133218371,112.168390198951,112.168390198951,112.168390198951,112.164225,112.163995769637,112.169836425781,112.168256714036
40.85,112.18415488,112.16913072998,112.168389545419,112.168389545419,112.168389545419,112.163875,112.163643542496,112.169860839844,112.168294835187
40.9,112.18415488,112.169128241589,112.168388891887,112.168388891887,112.168388891887,112.163525,112.163291315354,112.169885253906,112.168332956337
40.95,112.18415488,112.169125753198,112.168388238355,112.168388238355,112.168388238355,112.163175,112.162939088213,112.169909667969,112.168371077488
41,112.18415488,112.169123264807,112.168387584823,112.168387584823,112.168387584823,112.163,112.162761861071,112.169934082031,112.168409198638
41.05,112.18415488,112.169120776416,112.168386931291,112.168386931291,112.168386931291,112.163,112.16275963393,112.169958496094,112.168447319789
41.1,112.18415488,112.169118288024,112.168386277759,112.168386277759,112.168386277759,112.163,112.162757406788,112.169982910156,112.16848544094
41.15,112.18415488,112.169115799633,112.168385624227,112.168385624227,112.168385624227,112.163,112.162755179646,112.170007324219,112.16852356209
41.2,112.18415488,112.169113311242,112.168384970695,112.168384970695,112.168384970695,112.163,112.162752952505,112.170031738281,112.168561683241
41.25,112.18415488,112.169110822851,112.168384317163,112.168384317163,112.168384317163,112.163,112.162750725363,112.170056152344,112.168599804391
41.3,112.18415488,112.16910833446,112.168383663631,112.168383663631,112.168383663631,112.163,112.162748498222,112.170080566406,112.168637925542
41.35,112.18415488,112.169105846068,112.168383010099,112.168383010099,112.168383010099,112.163,112.16274627108,112.170104980469,112.168676046693
41.4,112.18415488,112.169103357677,112.168382356567,112.168382356567,112.168382356567,112.163,112.162744043939,112.170129394531,112.168714167843
41.45,112.18415488,112.169100869286,112.168381703035,112.168381703035,112.168381703035,112.163,112.162741816797,112.170153808594,112.168752288994
41.5,112.18415488,112.169098380895,112.168381049503,112.168381049503,112.168381049503,112.163,112.162739589656,112.170178222656,112.168790410145
41.55,112.18415488,112.169095892504,112.168380395971,112.168380395971,112.168380395971,112.163,112.162737362514,112.170202636719,112.168828531295
41.6,112.18415488,112.169093404112,112.168379742439,112.168379742439,112.168379742439,112.163,112.162735135372,112.170227050781,112.168866652446
41.65,112.18415488,112.169090915721,112.168379088907,112.168379088907,112.168379088907,112.163,112.162732908231,112.170251464844,112.168904773596
41.7,112.18415488,112.16908842733,112.168378435375,112.168378435375,112.168378435375,112.163,112.162730681089,112.170275878906,112.168942894747
41.75,112.18415488,112.169085938939,112.168377781843,112.168377781843,112.168377781843,112.163,112.162728453948,112.170300292969,112.168981015898
41.8,112.18415488,112.169083450548,112.168377128311,112.168377128311,112.168377128311,112.163,112.162726226806,112.170324707031,112.169019137048
41.85,112.18415488,112.169080962156,112.168376474779,112.168376474779,112.168376474779,112.163,112.162723999665,112.170349121094,112.169057258199
41.9,112.18415488,112.169078473765,112.168375821247,112.168375821247,112.168375821247,112.163,112.162721772523,112.170373535156,112.169095379349
41.95,112.18415488,112.169075985374,112.168375167715,112.168375167715,112.168375167715,112.163,112.162719545382,112.170397949219,112.1691335005
42,112.18415488,112.169073496983,112.168374514183,112.168374514183,112.168374514183,112.163,112.16271731824,112.170422363281,112.169171621651
42.05,112.18415488,112.169071008592,112.168373860651,112.168373860651,112.168373860651,112.163,112.162715091098,112.170446777344,112.169209742801
42.1,112.18415488,112.1690685202,112.168373207119,112.168373207119,112.168373207119,112.163,112.162712863957,112.170471191406,112.169247863952
42.15,112.18415488,112.169066031809,112.168372553588,112.168372553588,112.168372553588,112.163,112.162710636815,112.170495605469,112.169285985103
42.2,112.18415488,112.169063543418,112.168371900056,112.168371900056,112.168371900056,112.163,112.162708409674,112.170520019531,112.169324106253
42.25,112.18415488,112.169061055027,112.168371246524,112.168371246524,112.168371246524,112.163,112.162706182532,112.170544433594,112.169362227404
42.3,112.18415488,112.169058566636,112.168370592992,112.168370592992,112.168370592992,112.163,112.162703955391,112.170568847656,112.169400348554
42.35,112.18415488,112.169056078244,112.16836993946,112.16836993946,112.16836993946,112.163,112.162701728249,112.170593261719,112.169438469705
42.4,112.18415488,112.169053589853,112.168369285928,112.168369285928,112.168369285928,112.163,112.162699501108,112.170617675781,112.169476590856
42.45,112.18415488,112.169051101462,112.168368632396,112.168368632396,112.168368632396,112.163,112.162697273966,112.170642089844,112.169514712006
42.5,112.18415488,112.169048613071,112.168367978864,112.168367978864,112.168367978864,112.163,112.162695046824,112.170666503906,112.169552833157
42.55,112.18415488,112.16904612468,112.168367325332,112.168367325332,112.168367325332,112.163,112.162692819683,112.170690917969,112.169590954308
42.6,112.18415488,112.169043636288,112.1683666718,112.1683666718,112.1683666718,112.163,112.162690592541,112.170715332031,112.169629075458
42.65,112.18415488,112.169041147897,112.168366018268,112.168366018268,112.168366018268,112.163,112.1626883654,112.170739746094,112.169667196609
42.7,112.18415488,112.169038659506,112.168365364736,112.168365364736,112.168365364736,112.163,112.162686138258,112.170764160156,112.169705317759
42.75,112.18415488,112.169036171115,112.168364711204,112.168364711204,112.168364711204,112.163,112.162683911117,112.170788574219,112.16974343891
42.8,112.18415488,112.169033682724,112.168364057672,112.168364057672,112.168364057672,112.163,112.162681683975,112.170812988281,112.169781560061
42.85,112.18415488,112.169031194332,112.16836340414,112.16836340414,112.16836340414,112.163,112.162679456834,112.170837402344,112.169819681211
42.9,112.18415488,112.169028705941,112.168362750608,112.168362750608,112.168362750608,112.163,112.162677229692,112.170861816406,112.169857802362
42.95,112.18415488,112.16902621755,112.168362097076,112.168362097076,112.168362097076,112.163,112.16267500255,112.170886230469,112.169895923512
43,112.18415488,112.169023729159,112.168361443544,112.168361443544,112.168361443544,112.163,112.162672775409,112.170910644531,112.169934044663
43.05,112.18415488,112.169021240768,112.168360790012,112.168360790012,112.168360790012,112.163,112.162670548267,112.170935058594,112.169972165814
43.1,112.18415488,112.169018752376,112.16836013648,112.16836013648,112.16836013648,112.163,112.162668321126,112.170959472656,112.170010286964
43.15,112.18415488,112.169016263985,112.168359482948,112.168359482948,112.168359482948,112.163,112.162666093984,112.170983886719,112.170048408115
43.2,112.18415488,112.169013775594,112.168358829416,112.168358829416,112.168358829416,112.163,112.162663866843,112.171008300781,112.170086529266
43.25,112.18415488,112.169011287203,112.168358175884,112.168358175884,112.168358175884,112.163,112.162661639701,112.171032714844,112.170124650416
43.3,112.18415488,112.169008798812,112.168357522352,112.168357522352,112.168357522352,112.163,112.162659412559,112.171057128906,112.170162771567
43.35,112.18415488,112.16900631042,112.16835686882,112.16835686882,112.16835686882,112.163,112.162657185418,112.171081542969,112.170200892717
43.4,112.18415488,112.169003822029,112.168356215288,112.168356215288,112.168356215288,112.163,112.162654958276,112.171105957031,112.170239013868
43.45,112.18415488,112.169001333638,112.168355561756,112.168355561756,112.168355561756,112.163,112.162652731135,112.171130371094,112.170277135019
43.5,112.18415488,112.168998845247,112.168354908224,112.168354908224,112.168354908224,112.163,112.162650503993,112.171154785156,112.170315256169
43.55,112.18415488,112.168996356856,112.168354254692,112.168354254692,112.168354254692,112.163,112.162648276852,112.171179199219,112.17035337732
43.6,112.18415488,112.168993868464,112.16835360116,112.16835360116,112.16835360116,112.163,112.16264604971,112.171203613281,112.17039149847
43.65,112.18415488,112.168991380073,112.168352947628,112.168352947628,112.168352947628,112.163,112.162643822569,112.171228027344,112.170429619621
43.7,112.18415488,112.168988891682,112.168352294096,112.168352294096,112.168352294096,112.163,112.162641595427,112.171252441406,112.170467740772
43.75,112.18415488,112.168986403291,112.168351640564,112.168351640564,112.168351640564,112.163,112.162639368285,112.171276855469,112.170505861922
43.8,112.18415488,112.1689839149,112.168350987032,112.168350987032,112.168350987032,112.163,112.162637141144,112.171301269531,112.170543983073
43.85,112.18415488,112.168981426508,112.168350333501,112.168350333501,112.168350333501,112.163,112.162634914002,112.171325683594,112.170582104224
43.9,112.18415488,112.168978938117,112.168349679969,112.168349679969,112.168349679969,112.163,112.162632686861,112.171350097656,112.170620225374
43.95,112.18415488,112.168976449726,112.168349026437,112.168349026437,112.168349026437,112.163,112.162630459719,112.171374511719,112.170658346525
44,112.18415488,112.168973961335,112.168348372905,112.168348372905,112.168348372905,112.1633,112.162928232578,112.171398925781,112.170696467675
44.05,112.18415488,112.168971472944,112.168347719373,112.168347719373,112.168347719373,112.1639,112.163526005436,112.171423339844,112.170734588826
44.1,112.18415488,112.168968984552,112.168347065841,112.168347065841,112.168347065841,112.1645,112.164123778295,112.171447753906,112.170772709977
44.15,112.18415488,112.168966496161,112.168346412309,112.168346412309,112.168346412309,112.1651,112.164721551153,112.171472167969,112.170810831127
44.2,112.18415488,112.16896400777,112.168345758777,112.168345758777,112.168345758777,112.1657,112.165319324011,112.171496582031,112.170848952278
44.25,112.18415488,112.168961519379,112.168345105245,112.168345105245,112.168345105245,112.1663,112.16591709687,112.171520996094,112.170887073429
44.3,112.18415488,112.168959030988,112.168344451713,112.168344451713,112.168344451713,112.1669,112.166514869728,112.171545410156,112.170925194579
44.35,112.18415488,112.168956542596,112.168343798181,112.168343798181,112.168343798181,112.1675,112.167112642587,112.171569824219,112.17096331573
44.4,112.18415488,112.168954054205,112.168343144649,112.168343144649,112.168343144649,112.1681,112.167710415445,112.171594238281,112.17100143688
44.45,112.18415488,112.168951565814,112.168342491117,112.168342491117,112.168342491117,112.1687,112.168308188304,112.171618652344,112.171039558031
44.5,112.18415488,112.168949077423,112.168341837585,112.168341837585,112.168341837585,112.1693,112.168905961162,112.171643066406,112.171077679182
44.55,112.18415488,112.168946589032,112.168341184053,112.168341184053,112.168341184053,112.1699,112.169503734021,112.171667480469,112.171115800332
44.6,112.18415488,112.16894410064,112.168340530521,112.168340530521,112.168340530521,112.1705,112.170101506879,112.171691894531,112.171153921483
44.65,112.18415488,112.168941612249,112.168339876989,112.168339876989,112.168339876989,112.1711,112.170699279737,112.171716308594,112.171192042633
44.7,112.18415488,112.168939123858,112.168339223457,112.168339223457,112.168339223457,112.1717,112.171297052596,112.171740722656,112.171230163784
44.75,112.18415488,112.168936635467,112.168338569925,112.168338569925,112.168338569925,112.1723,112.171894825454,112.171765136719,112.171268284935
44.8,112.18415488,112.168934147076,112.168337916393,112.168337916393,112.168337916393,112.1729,112.172492598313,112.171789550781,112.171306406085
44.85,112.18415488,112.168931658684,112.168337262861,112.168337262861,112.168337262861,112.1735,112.173090371171,112.171813964844,112.171344527236
44.9,112.18415488,112.168929170293,112.168336609329,112.168336609329,112.168336609329,112.1741,112.17368814403,112.171838378906,112.171382648387
44.95,112.18415488,112.168926681902,112.168335955797,112.168335955797,112.168335955797,112.1747,112.174285916888,112.171862792969,112.171420769537
45,112.18415488,112.168924193511,112.168335302265,112.168335302265,112.168335302265,112.175175,112.174758689747,112.171850585938,112.171422269594
45.05,112.18415488,112.16892170512,112.168334648733,112.168334648733,112.168334648733,112.175525,112.175106462605,112.171801757813,112.171387148557
45.1,112.18415488,112.168919216729,112.168333995201,112.168333995201,112.168333995201,112.175875,112.175454235463,112.171752929688,112.17135202752
45.15,112.18415488,112.168916728337,112.168333341669,112.168333341669,112.168333341669,112.176225,112.175802008322,112.171704101562,112.171316906483
45.2,112.18415488,112.168914239946,112.168332688137,112.168332688137,112.168332688137,112.176575,112.17614978118,112.171655273437,112.171281785447
45.25,112.18415488,112.168911751555,112.168332034605,112.168332034605,112.168332034605,112.176925,112.176497554039,112.171606445313,112.17124666441
45.3,112.18415488,112.168909263164,112.168331381073,112.168331381073,112.168331381073,112.177275,112.176845326897,112.171557617188,112.171211543373
45.35,112.18415488,112.168906774773,112.168330727541,112.168330727541,112.168330727541,112.177625,112.177193099756,112.171508789062,112.171176422336
45.4,112.18415488,112.168904286381,112.168330074009,112.168330074009,112.168330074009,112.177975,112.177540872614,112.171459960937,112.171141301299
45.45,112.18415488,112.16890179799,112.168329420477,112.168329420477,112.168329420477,112.178325,112.177888645473,112.171411132812,112.171106180262
45.5,112.18415488,112.168899309599,112.168328766945,112.168328766945,112.168328766945,112.178675,112.178236418331,112.171362304688,112.171071059225
45.55,112.18415488,112.168896821208,112.168328113414,112.168328113414,112.168328113414,112.179025,112.178584191189,112.171313476563,112.171035938188
45.6,112.18415488,112.168894332817,112.168327459882,112.168327459882,112.168327459882,112.179375,112.178931964048,112.171264648438,112.171000817151
45.65,112.18415488,112.168891844425,112.16832680635,112.16832680635,112.16832680635,112.179725,112.179279736906,112.171215820312,112.170965696115
45.7,112.18415488,112.168889356034,112.168326152818,112.168326152818,112.168326152818,112.180075,112.179627509765,112.171166992187,112.170930575078
45.75,112.18415488,112.168886867643,112.168325499286,112.168325499286,112.168325499286,112.180425,112.179975282623,112.171118164063,112.170895454041
45.8,112.18415488,112.168884379252,112.168324845754,112.168324845754,112.168324845754,112.180775,112.180323055482,112.171069335938,112.170860333004
45.85,112.18415488,112.168881890861,112.168324192222,112.168324192222,112.168324192222,112.181125,112.18067082834,112.171020507812,112.170825211967
45.9,112.18415488,112.168879402469,112.16832353869,112.16832353869,112.16832353869,112.181475,112.181018601199,112.170971679687,112.17079009093
45.95,112.18415488,112.168876914078,112.168322885158,112.168322885158,112.168322885158,112.181825,112.181366374057,112.170922851562,112.170754969893
46,112.18415488,112.168874425687,112.168322231626,112.168322231626,112.168322231626,112.182,112.181539146915,112.170874023438,112.170719848856
46.05,112.18415488,112.168871937296,112.168321578094,112.168321578094,112.168321578094,112.182,112.181536919774,112.170825195313,112.17068472782
46.1,112.18415488,112.168869448905,112.168320924562,112.168320924562,112.168320924562,112.182,112.181534692632,112.170776367188,112.170649606783
46.15,112.18415488,112.168866960513,112.16832027103,112.16832027103,112.16832027103,112.182,112.181532465491,112.170727539062,112.170614485746
46.2,112.18415488,112.168864472122,112.168319617498,112.168319617498,112.168319617498,112.182,112.181530238349,112.170678710937,112.170579364709
46.25,112.18415488,112.168861983731,112.168318963966,112.168318963966,112.168318963966,112.182,112.181528011208,112.170629882813,112.170544243672
46.3,112.18415488,112.16885949534,112.168318310434,112.168318310434,112.168318310434,112.182,112.181525784066,112.170581054688,112.170509122635
46.35,112.18415488,112.168857006949,112.168317656902,112.168317656902,112.168317656902,112.182,112.181523556925,112.170532226562,112.170474001598
46.4,112.18415488,112.168854518557,112.16831700337,112.16831700337,112.16831700337,112.182,112.181521329783,112.170483398437,112.170438880561
46.45,112.18415488,112.168852030166,112.168316349838,112.168316349838,112.168316349838,112.182,112.181519102641,112.170434570312,112.170403759524
46.5,112.18415488,112.168849541775,112.168315696306,112.168315696306,112.168315696306,112.182,112.1815168755,112.170385742188,112.170368638488
46.55,112.18415488,112.168847053384,112.168315042774,112.168315042774,112.168315042774,112.182,112.181514648358,112.170336914063,112.170333517451
46.6,112.18415488,112.168844564993,112.168314389242,112.168314389242,112.168314389242,112.182,112.181512421217,112.170288085938,112.170298396414
46.65,112.18415488,112.168842076601,112.16831373571,112.16831373571,112.16831373571,112.182,112.181510194075,112.170239257812,112.170263275377
46.7,112.18415488,112.16883958821,112.168313082178,112.168313082178,112.168313082178,112.182,112.181507966934,112.170190429687,112.17022815434
46.75,112.18415488,112.168837099819,112.168312428646,112.168312428646,112.168312428646,112.182,112.181505739792,112.170141601563,112.170193033303
46.8,112.18415488,112.168834611428,112.168311775114,112.168311775114,112.168311775114,112.182,112.18150351265,112.170092773438,112.170157912266
46.85,112.18415488,112.168832123037,112.168311121582,112.168311121582,112.168311121582,112.182,112.181501285509,112.170043945312,112.170122791229
46.9,112.18415488,112.168829634645,112.16831046805,112.16831046805,112.16831046805,112.182,112.181499058367,112.169995117187,112.170087670193
46.95,112.18415488,112.168827146254,112.168309814518,112.168309814518,112.168309814518,112.182,112.181496831226,112.169946289062,112.170052549156
47,112.18415376,112.168824657863,112.168309160986,112.168309160986,112.168309160986,112.182,112.181494604084,112.169897460938,112.170017428119
47.05,112.18415152,112.168822169472,112.168308507454,112.168308507454,112.168308507454,112.182,112.181492376943,112.169848632813,112.169982307082
47.1,112.1841504,112.168819681081,112.168307853922,112.168307853922,112.168307853922,112.182,112.181490149801,112.169799804688,112.169947186045
47.15,112.18414928,112.168817192689,112.16830720039,112.16830720039,112.16830720039,112.182,112.18148792266,112.169750976562,112.169912065008
47.2,112.18414816,112.168814704298,112.168306546859,112.168306546859,112.168306546859,112.182,112.181485695518,112.169702148437,112.169876943971
47.25,112.18414704,112.168812215907,112.168305893327,112.168305893327,112.168305893327,112.182,112.181483468376,112.169653320313,112.169841822934
47.3,112.18414592,112.168809727516,112.168305239795,112.168305239795,112.168305239795,112.182,112.181481241235,112.169604492188,112.169806701897
47.35,112.18414368,112.168807239125,112.168304586263,112.168304586263,112.168304586263,112.182,112.181479014093,112.169555664062,112.169771580861
47.4,112.18414256,112.168804750733,112.168303932731,112.168303932731,112.168303932731,112.182,112.181476786952,112.169506835937,112.169736459824
47.45,112.18414144,112.168802262342,112.168303279199,112.168303279199,112.168303279199,112.182,112.18147455981,112.169458007812,112.169701338787
47.5,112.18414032,112.168799773951,112.168302625667,112.168302625667,112.168302625667,112.182,112.181472332669,112.169409179688,112.16966621775
47.55,112.1841392,112.16879728556,112.168301972135,112.168301972135,112.168301972135,112.182,112.181470105527,112.169360351563,112.169631096713
47.6,112.18413808,112.168794797169,112.168301318603,112.168301318603,112.168301318603,112.182,112.181467878386,112.169311523438,112.169595975676
47.65,112.18413584,112.168792308777,112.168300665071,112.168300665071,112.168300665071,112.182,112.181465651244,112.169262695312,112.169560854639
47.7,112.18413472,112.168789820386,112.168300011539,112.168300011539,112.168300011539,112.182,112.181463424102,112.169213867187,112.169525733602
47.75,112.1841336,112.168787331995,112.168299358007,112.168299358007,112.168299358007,112.182,112.181461196961,112.169165039063,112.169490612566
47.8,112.18413248,112.168784843604,112.168298704475,112.168298704475,112.168298704475,112.182,112.181458969819,112.169116210938,112.169455491529
47.85,112.18413136,112.168782355213,112.168298050943,112.168298050943,112.168298050943,112.182,112.181456742678,112.169067382812,112.169420370492
47.9,112.18413024,112.168779866821,112.168297397411,112.168297397411,112.168297397411,112.182,112.181454515536,112.169018554687,112.169385249455
47.95,112.184128,112.16877737843,112.168296743879,112.168296743879,112.168296743879,112.182,112.181452288395,112.168969726562,112.169350128418
48,112.18412688,112.168774890039,112.168296090347,112.168296090347,112.168296090347,112.18175,112.181200061253,112.168920898438,112.169315007381
48.05,112.18412576,112.168772401648,112.168295436815,112.168295436815,112.168295436815,112.18125,112.180697834112,112.168872070313,112.169279886344
48.1,112.18412464,112.168769913257,112.168294783283,112.168294783283,112.168294783283,112.18075,112.18019560697,112.168823242188,112.169244765307
48.15,112.18412352,112.168767424865,112.168294129751,112.168294129751,112.168294129751,112.18025,112.179693379828,112.168774414062,112.16920964427
48.2,112.1841224,112.168764936474,112.168293476219,112.168293476219,112.168293476219,112.17975,112.179191152687,112.168725585937,112.169174523234
48.25,112.18412016,112.168762448083,112.168292822687,112.168292822687,112.168292822687,112.17925,112.178688925545,112.168676757813,112.169139402197
48.3,112.18411904,112.168759959692,112.168292169155,112.168292169155,112.168292169155,112.17875,112.178186698404,112.168627929688,112.16910428116
48.35,112.18411792,112.168757471301,112.168291515623,112.168291515623,112.168291515623,112.17825,112.177684471262,112.168579101562,112.169069160123
48.4,112.1841168,112.168754982909,112.168290862091,112.168290862091,112.168290862091,112.17775,112.177182244121,112.168530273437,112.169034039086
48.45,112.18411568,112.168752494518,112.168290208559,112.168290208559,112.168290208559,112.17725,112.176680016979,112.168481445312,112.168998918049
48.5,112.18411456,112.168750006127,112.168289555027,112.168289555027,112.168289555027,112.17675,112.176177789838,112.168432617188,112.168963797012
48.55,112.18411232,112.168747517736,112.168288901495,112.168288901495,112.168288901495,112.17625,112.175675562696,112.168383789063,112.168928675975
48.6,112.1841112,112.168745029345,112.168288247963,112.168288247963,112.168288247963,112.17575,112.175173335554,112.168334960938,112.168893554939
48.65,112.18411008,112.168742540954,112.168287594431,112.168287594431,112.168287594431,112.17525,112.174671108413,112.168286132812,112.168858433902
48.7,112.18410896,112.168740052562,112.168286940899,112.168286940899,112.168286940899,112.17475,112.174168881271,112.168237304687,112.168823312865
48.75,112.18410784,112.168737564171,112.168286287367,112.168286287367,112.168286287367,112.17425,112.17366665413,112.168188476563,112.168788191828
48.8,112.18410672,112.16873507578,112.168285633835,112.168285633835,112.168285633835,112.17375,112.173164426988,112.168139648438,112.168753070791
48.85,112.18410448,112.168732587389,112.168284980303,112.168284980303,112.168284980303,112.17325,112.172662199847,112.168090820312,112.168717949754
48.9,112.18410336,112.168730098998,112.168284326772,112.168284326772,112.168284326772,112.17275,112.172159972705,112.168041992187,112.168682828717
48.95,112.18410224,112.168727610606,112.16828367324,112.16828367324,112.16828367324,112.17225,112.171657745564,112.167993164062,112.16864770768
49,112.18410112,112.168725122215,112.168283019708,112.168283019708,112.168283019708,112.1718,112.171205518422,112.167944335938,112.168612586644
49.05,112.1841,112.168722633824,112.168282366176,112.168282366176,112.168282366176,112.1714,112.17080329128,112.167895507813,112.168577465607
49.1,112.18409888,112.168720145433,112.168281712644,112.168281712644,112.168281712644,112.171,112.170401064139,112.167846679688,112.16854234457
49.15,112.18409664,112.168717657042,112.168281059112,112.168281059112,112.168281059112,112.1706,112.169998836997,112.167797851562,112.168507223533
49.2,112.18409552,112.16871516865,112.16828040558,112.16828040558,112.16828040558,112.1702,112.169596609856,112.167749023437,112.168472102496
49.25,112.1840944,112.168712680259,112.168279752048,112.168279752048,112.168279752048,112.1698,112.169194382714,112.167700195313,112.168436981459
49.3,112.18409328,112.168710191868,112.168279098516,112.168279098516,112.168279098516,112.1694,112.168792155573,112.167651367188,112.168401860422
49.35,112.18409216,112.168707703477,112.168278444984,112.168278444984,112.168278444984,112.169,112.168389928431,112.167602539062,112.168366739385
49.4,112.18409104,112.168705215086,112.168277791452,112.168277791452,112.168277791452,112.1686,112.16798770129,112.167553710937,112.168331618348
49.45,112.1840888,112.168702726694,112.16827713792,112.16827713792,112.16827713792,112.1682,112.167585474148,112.167504882812,112.168296497312
49.5,112.18408768,112.168700238303,112.168276484388,112.168276484388,112.168276484388,112.1678,112.167183247006,112.167456054688,112.168261376275
49.55,112.18408656,112.168697749912,112.168275830856,112.168275830856,112.168275830856,112.1674,112.166781019865,112.167407226563,112.168226255238
49.6,112.18408544,112.168695261521,112.168275177324,112.168275177324,112.168275177324,112.167,112.166378792723,112.167358398438,112.168191134201
49.65,112.18408432,112.16869277313,112.168274523792,112.168274523792,112.168274523792,112.1666,112.165976565582,112.167309570312,112.168156013164
49.7,112.1840832,112.168690284738,112.16827387026,112.16827387026,112.16827387026,112.1662,112.16557433844,112.167260742187,112.168120892127
49.75,112.18408096,112.168687796347,112.168273216728,112.168273216728,112.168273216728,112.1658,112.165172111299,112.167211914063,112.16808577109
49.8,112.18407984,112.168685307956,112.168272563196,112.168272563196,112.168272563196,112.1654,112.164769884157,112.167163085938,112.168050650053
49.85,112.18407872,112.168682819565,112.168271909664,112.168271909664,112.168271909664,112.165,112.164367657016,112.167114257812,112.168015529017
49.9,112.1840776,112.168680331174,112.168271256132,112.168271256132,112.168271256132,112.1646,112.163965429874,112.167065429687,112.16798040798
49.95,112.18407648,112.168677842782,112.1682706026,112.1682706026,112.1682706026,112.1642,112.163563202732,112.167016601562,112.167945286943
50,112.18407536,112.168675354391,112.168269949068,112.168269949068,112.168269949068,112.16395,112.163310975591,112.166967773438,112.167910165906
50.05,112.18407424,112.168679991467,112.168272863324,112.168272863324,112.168272863324,112.16385,112.163210511671,112.166918945313,112.167854056414
50.1,112.184072,112.168684628543,112.168275777579,112.168275777579,112.168275777579,112.16375,112.16311004775,112.166870117188,112.167797946923
50.15,112.18407088,112.168689265619,112.168278691834,112.168278691834,112.168278691834,112.16365,112.16300958383,112.166821289062,112.167741837431
50.2,112.18406976,112.168693902695,112.16828160609,112.16828160609,112.16828160609,112.16355,112.16290911991,112.166772460937,112.167685727939
50.25,112.18406864,112.168698539771,112.168284520345,112.168284520345,112.168284520345,112.16345,112.16280865599,112.166723632813,112.167629618448
50.3,112.18406752,112.168703176847,112.1682874346,112.1682874346,112.1682874346,112.16335,112.16270819207,112.166674804688,112.167573508956
50.35,112.1840664,112.168707813923,112.168290348856,112.168290348856,112.168290348856,112.16325,112.162607728149,112.166625976562,112.167517399465
50.4,112.18406416,112.168712450999,112.168293263111,112.168293263111,112.168293263111,112.16315,112.162507264229,112.166577148437,112.167461289973
50.45,112.18406304,112.168717088075,112.168296177366,112.168296177366,112.168296177366,112.16305,112.162406800309,112.166528320312,112.167405180481
50.5,112.18406192,112.168721725151,112.168299091622,112.168299091622,112.168299091622,112.16295,112.162306336389,112.166479492188,112.16734907099
50.55,112.1840608,112.168726362227,112.168302005877,112.168302005877,112.168302005877,112.16285,112.162205872469,112.166430664063,112.167292961498
50.6,112.18405968,112.168730999303,112.168304920132,112.168304920132,112.168304920132,112.16275,112.162105408548,112.166381835938,112.167236852007
50.65,112.18405856,112.168735636379,112.168307834388,112.168307834388,112.168307834388,112.16265,112.162004944628,112.166333007812,112.167180742515
50.7,112.18405632,112.168740273455,112.168310748643,112.168310748643,112.168310748643,112.16255,112.161904480708,112.166284179687,112.167124633023
50.75,112.1840552,112.168744910531,112.168313662898,112.168313662898,112.168313662898,112.16245,112.161804016788,112.166235351563,112.167068523532
50.8,112.18405408,112.168749547607,112.168316577154,112.168316577154,112.168316577154,112.16235,112.161703552868,112.166186523438,112.16701241404
50.85,112.18405296,112.168754184683,112.168319491409,112.168319491409,112.168319491409,112.16225,112.161603088947,112.166137695312,112.166956304549
50.9,112.18405184,112.168758821759,112.168322405665,112.168322405665,112.168322405665,112.16215,112.161502625027,112.166088867187,112.166900195057
50.95,112.18405072,112.168763458835,112.16832531992,112.16832531992,112.16832531992,112.16205,112.161402161107,112.166040039062,112.166844085566
51,112.18404848,112.168768095911,112.168328234175,112.168328234175,112.168328234175,112.162,112.161351697187,112.165991210938,112.166787976074
51.05,112.18404736,112.168772732987,112.168331148431,112.168331148431,112.168331148431,112.162,112.161351233267,112.165942382813,112.166731866582
51.1,112.18404624,112.168777370063,112.168334062686,112.168334062686,112.168334062686,112.162,112.161350769346,112.165893554688,112.166675757091
51.15,112.18404512,112.168782007139,112.168336976941,112.168336976941,112.168336976941,112.162,112.161350305426,112.165844726562,112.166619647599
51.2,112.184044,112.168786644215,112.168339891197,112.168339891197,112.168339891197,112.162,112.161349841506,112.165795898437,112.166563538107
51.25,112.18404288,112.168791281291,112.168342805452,112.168342805452,112.168342805452,112.162,112.161349377586,112.165747070313,112.166507428616
51.3,112.18404064,112.168795918367,112.168345719707,112.168345719707,112.168345719707,112.162,112.161348913665,112.165698242188,112.166451319124
51.35,112.18403952,112.168800555443,112.168348633963,112.168348633963,112.168348633963,112.162,112.161348449745,112.165649414062,112.166395209633
51.4,112.1840384,112.168805192519,112.168351548218,112.168351548218,112.168351548218,112.162,112.161347985825,112.165600585937,112.166339100141
51.45,112.18403728,112.168809829595,112.168354462473,112.168354462473,112.168354462473,112.162,112.161347521905,112.165551757812,112.16628299065
51.5,112.18403616,112.168814466671,112.168357376729,112.168357376729,112.168357376729,112.162,112.161347057985,112.165502929688,112.166226881158
51.55,112.18403504,112.168819103747,112.168360290984,112.168360290984,112.168360290984,112.162,112.161346594064,112.165454101563,112.166170771666
51.6,112.1840328,112.168823740823,112.168363205239,112.168363205239,112.168363205239,112.162,112.161346130144,112.165405273438,112.166114662175
51.65,112.18403168,112.168828377899,112.168366119495,112.168366119495,112.168366119495,112.162,112.161345666224,112.165356445312,112.166058552683
51.7,112.18403056,112.168833014975,112.16836903375,112.16836903375,112.16836903375,112.162,112.161345202304,112.165307617187,112.166002443192
51.75,112.18402944,112.168837652051,112.168371948006,112.168371948006,112.168371948006,112.162,112.161344738384,112.165258789063,112.1659463337
51.8,112.18402832,112.168842289127,112.168374862261,112.168374862261,112.168374862261,112.162,112.161344274463,112.165209960938,112.165890224208
51.85,112.1840272,112.168846926203,112.168377776516,112.168377776516,112.168377776516,112.162,112.161343810543,112.165161132812,112.165834114717
51.9,112.18402496,112.168851563279,112.168380690772,112.168380690772,112.168380690772,112.162,112.161343346623,112.165112304687,112.165778005225
51.95,112.18402384,112.168856200355,112.168383605027,112.168383605027,112.168383605027,112.162,112.161342882703,112.165063476562,112.165721895734
52,112.18402272,112.168860837431,112.168386519282,112.168386519282,112.168386519282,112.162,112.161342418783,112.165014648438,112.165665786242
52.05,112.1840216,112.168865474507,112.168389433538,112.168389433538,112.168389433538,112.162,112.161341954862,112.164965820313,112.16560967675
52.1,112.18402048,112.168870111583,112.168392347793,112.168392347793,112.168392347793,112.162,112.161341490942,112.164916992188,112.165553567259
52.15,112.18401936,112.168874748659,112.168395262048,112.168395262048,112.168395262048,112.162,112.161341027022,112.164868164062,112.165497457767
52.2,112.18401712,112.168879385735,112.168398176304,112.168398176304,112.168398176304,112.162,112.161340563102,112.164819335937,112.165441348276
52.25,112.184016,112.168884022811,112.168401090559,112.168401090559,112.168401090559,112.162,112.161340099182,112.164770507813,112.165385238784
52.3,112.18401488,112.168888659887,112.168404004814,112.168404004814,112.168404004814,112.162,112.161339635261,112.164721679688,112.165329129292
52.35,112.18401376,112.168893296963,112.16840691907,112.16840691907,112.16840691907,112.162,112.161339171341,112.164672851562,112.165273019801
52.4,112.18401264,112.168897934039,112.168409833325,112.168409833325,112.168409833325,112.162,112.161338707421,112.164624023437,112.165216910309
52.45,112.18401152,112.168902571115,112.16841274758,112.16841274758,112.16841274758,112.162,112.161338243501,112.164575195312,112.165160800818
52.5,112.18400928,112.168907208191,112.168415661836,112.168415661836,112.168415661836,112.162,112.161337779581,112.164526367188,112.165104691326
52.55,112.18400816,112.168911845268,112.168418576091,112.168418576091,112.168418576091,112.162,112.16133731566,112.164477539063,112.165048581834
52.6,112.18400704,112.168916482344,112.168421490347,112.168421490347,112.168421490347,112.162,112.16133685174,112.164428710938,112.164992472343
52.65,112.18400592,112.16892111942,112.168424404602,112.168424404602,112.168424404602,112.162,112.16133638782,112.164379882812,112.164936362851
52.7,112.1840048,112.168925756496,112.168427318857,112.168427318857,112.168427318857,112.162,112.1613359239,112.164331054687,112.16488025336
52.75,112.18400368,112.168930393572,112.168430233113,112.168430233113,112.168430233113,112.162,112.161335459979,112.164282226563,112.164824143868
52.8,112.18400144,112.168935030648,112.168433147368,112.168433147368,112.168433147368,112.162,112.161334996059,112.164233398438,112.164768034376
52.85,112.18400032,112.168939667724,112.168436061623,112.168436061623,112.168436061623,112.162,112.161334532139,112.164184570312,112.164711924885
52.9,112.1839992,112.1689443048,112.168438975879,112.168438975879,112.168438975879,112.162,112.161334068219,112.164135742187,112.164655815393
52.95,112.18399808,112.168948941876,112.168441890134,112.168441890134,112.168441890134,112.162,112.161333604299,112.164086914062,112.164599705902
53,112.18399696,112.168953578952,112.168444804389,112.168444804389,112.168444804389,112.162075,112.161408140378,112.164086914062,112.164592424535
53.05,112.18399584,112.168958216028,112.168447718645,112.168447718645,112.168447718645,112.162225,112.161557676458,112.164135742187,112.164633971293
53.1,112.1839936,112.168962853104,112.1684506329,112.1684506329,112.1684506329,112.162375,112.161707212538,112.164184570312,112.164675518052
53.15,112.18399248,112.16896749018,112.168453547155,112.168453547155,112.168453547155,112.162525,112.161856748618,112.164233398438,112.16471706481
53.2,112.18399136,112.168972127256,112.168456461411,112.168456461411,112.168456461411,112.162675,112.162006284698,112.164282226563,112.164758611569
53.25,112.18399024,112.168976764332,112.168459375666,112.168459375666,112.168459375666,112.162825,112.162155820777,112.164331054687,112.164800158327
53.3,112.18398912,112.168981401408,112.168462289921,112.168462289921,112.168462289921,112.162975,112.162305356857,112.164379882812,112.164841705085
53.35,112.183988,112.168986038484,112.168465204177,112.168465204177,112.168465204177,112.163125,112.162454892937,112.164428710938,112.164883251844
53.4,112.18398576,112.16899067556,112.168468118432,112.168468118432,112.168468118432,112.163275,112.162604429017,112.164477539063,112.164924798602
53.45,112.18398464,112.168995312636,112.168471032688,112.168471032688,112.168471032688,112.163425,112.162753965097,112.164526367188,112.164966345361
53.5,112.18398352,112.168999949712,112.168473946943,112.168473946943,112.168473946943,112.163575,112.162903501176,112.164575195312,112.165007892119
53.55,112.1839824,112.169004586788,112.168476861198,112.168476861198,112.168476861198,112.163725,112.163053037256,112.164624023437,112.165049438877
53.6,112.18398128,112.169009223864,112.168479775454,112.168479775454,112.168479775454,112.163875,112.163202573336,112.164672851562,112.165090985636
53.65,112.18398016,112.16901386094,112.168482689709,112.168482689709,112.168482689709,112.164025,112.163352109416,112.164721679688,112.165132532394
53.7,112.18397904,112.169018498016,112.168485603964,112.168485603964,112.168485603964,112.164175,112.163501645496,112.164770507813,112.165174079153
53.75,112.1839768,112.169023135092,112.16848851822,112.16848851822,112.16848851822,112.164325,112.163651181575,112.164819335937,112.165215625911
53.8,112.18397568,112.169027772168,112.168491432475,112.168491432475,112.168491432475,112.164475,112.163800717655,112.164868164062,112.165257172669
53.85,112.18397456,112.169032409244,112.16849434673,112.16849434673,112.16849434673,112.164625,112.163950253735,112.164916992188,112.165298719428
53.9,112.18397344,112.16903704632,112.168497260986,112.168497260986,112.168497260986,112.164775,112.164099789815,112.164965820313,112.165340266186
53.95,112.18397232,112.169041683396,112.168500175241,112.168500175241,112.168500175241,112.164925,112.164249325895,112.165014648438,112.165381812945
54,112.1839712,112.169046320472,112.168503089496,112.168503089496,112.168503089496,112.165,112.164323861974,112.165063476562,112.165423359703
54.05,112.18396896,112.169050957548,112.168506003752,112.168506003752,112.168506003752,112.165,112.164323398054,112.165112304687,112.165464906461
54.1,112.18396784,112.169055594624,112.168508918007,112.168508918007,112.168508918007,112.165,112.164322934134,112.165161132812,112.16550645322
54.15,112.18396672,112.1690602317,112.168511832262,112.168511832262,112.168511832262,112.165,112.164322470214,112.165209960938,112.165547999978
54.2,112.1839656,112.169064868776,112.168514746518,112.168514746518,112.168514746518,112.165,112.164322006293,112.165258789063,112.165589546737
54.25,112.18396448,112.169069505852,112.168517660773,112.168517660773,112.168517660773,112.165,112.164321542373,112.165307617187,112.165631093495
54.3,112.18396336,112.169074142928,112.168520575029,112.168520575029,112.168520575029,112.165,112.164321078453,112.165356445312,112.165672640253
54.35,112.18396112,112.169078780004,112.168523489284,112.168523489284,112.168523489284,112.165,112.164320614533,112.165405273438,112.165714187012
54.4,112.18396,112.16908341708,112.168526403539,112.168526403539,112.168526403539,112.165,112.164320150613,112.165454101563,112.16575573377
54.45,112.18395888,112.169088054156,112.168529317795,112.168529317795,112.168529317795,112.165,112.164319686692,112.165502929688,112.165797280529
54.5,112.18395776,112.169092691232,112.16853223205,112.16853223205,112.16853223205,112.165,112.164319222772,112.165551757812,112.165838827287
54.55,112.18395664,112.169097328308,112.168535146305,112.168535146305,112.168535146305,112.165,112.164318758852,112.165600585937,112.165880374045
54.6,112.18395552,112.169101965384,112.168538060561,112.168538060561,112.168538060561,112.165,112.164318294932,112.165649414062,112.165921920804
54.65,112.18395328,112.16910660246,112.168540974816,112.168540974816,112.168540974816,112.165,112.164317831012,112.165698242188,112.165963467562
54.7,112.18395216,112.169111239536,112.168543889071,112.168543889071,112.168543889071,112.165,112.164317367091,112.165747070313,112.166005014321
54.75,112.18395104,112.169115876612,112.168546803327,112.168546803327,112.168546803327,112.165,112.164316903171,112.165795898437,112.166046561079
54.8,112.18394992,112.169120513688,112.168549717582,112.168549717582,112.168549717582,112.165,112.164316439251,112.165844726562,112.166088107837
54.85,112.1839488,112.169125150764,112.168552631837,112.168552631837,112.168552631837,112.165,112.164315975331,112.165893554688,112.166129654596
54.9,112.18394768,112.16912978784,112.168555546093,112.168555546093,112.168555546093,112.165,112.164315511411,112.165942382813,112.166171201354
54.95,112.18394544,112.169134424916,112.168558460348,112.168558460348,112.168558460348,112.165,112.16431504749,112.165991210938,112.166212748113
55,112.18394432,112.169139061992,112.168561374603,112.168561374603,112.168561374603,112.165025,112.16433958357,112.166040039062,112.166254294871
55.05,112.1839432,112.169143699068,112.168564288859,112.168564288859,112.168564288859,112.165075,112.16438911965,112.166088867187,112.166295841629
55.1,112.18394208,112.169148336144,112.168567203114,112.168567203114,112.168567203114,112.165125,112.16443865573,112.166137695312,112.166337388388
55.15,112.18394096,112.16915297322,112.16857011737,112.16857011737,112.16857011737,112.165175,112.16448819181,112.166186523438,112.166378935146
55.2,112.18393984,112.169157610296,112.168573031625,112.168573031625,112.168573031625,112.165225,112.164537727889,112.166235351563,112.166420481905
55.25,112.1839376,112.169162247372,112.16857594588,112.16857594588,112.16857594588,112.165275,112.164587263969,112.166284179687,112.166462028663
55.3,112.18393648,112.169166884448,112.168578860136,112.168578860136,112.168578860136,112.165325,112.164636800049,112.166333007812,112.166503575421
55.35,112.18393536,112.169171521524,112.168581774391,112.168581774391,112.168581774391,112.165375,112.164686336129,112.166381835938,112.16654512218
55.4,112.18393424,112.1691761586,112.168584688646,112.168584688646,112.168584688646,112.165425,112.164735872209,112.166430664063,112.166586668938
55.45,112.18393312,112.169180795676,112.168587602902,112.168587602902,112.168587602902,112.165475,112.164785408288,112.166479492188,112.166628215697
55.5,112.183932,112.169185432752,112.168590517157,112.168590517157,112.168590517157,112.165525,112.164834944368,112.166528320312,112.166669762455
55.55,112.18392976,112.169190069828,112.168593431412,112.168593431412,112.168593431412,112.165575,112.164884480448,112.166577148437,112.166711309213
55.6,112.18392864,112.169194706904,112.168596345668,112.168596345668,112.168596345668,112.165625,112.164934016528,112.166625976562,112.166752855972
55.65,112.18392752,112.16919934398,112.168599259923,112.168599259923,112.168599259923,112.165675,112.164983552607,112.166674804688,112.16679440273
55.7,112.1839264,112.169203981056,112.168602174178,112.168602174178,112.168602174178,112.165725,112.165033088687,112.166723632813,112.166835949489
55.75,112.18392528,112.169208618132,112.168605088434,112.168605088434,112.168605088434,112.165775,112.165082624767,112.166772460937,112.166877496247
55.8,112.18392416,112.169213255208,112.168608002689,112.168608002689,112.168608002689,112.165825,112.165132160847,112.166821289062,112.166919043005
55.85,112.18392192,112.169217892284,112.168610916945,112.168610916945,112.168610916945,112.165875,112.165181696927,112.166870117188,112.166960589764
55.9,112.1839208,112.16922252936,112.1686138312,112.1686138312,112.1686138312,112.165925,112.165231233006,112.166918945313,112.167002136522
55.95,112.18391968,112.169227166436,112.168616745455,112.168616745455,112.168616745455,112.165975,112.165280769086,112.166967773438,112.167043683281
56,112.18391856,112.169231803512,112.168619659711,112.168619659711,112.168619659711,112.166,112.165305305166,112.167016601562,112.167085230039
56.05,112.18391744,112.169236440588,112.168622573966,112.168622573966,112.168622573966,112.166,112.165304841246,112.167065429687,112.167126776797
56.1,112.18391632,112.169241077664,112.168625488221,112.168625488221,112.168625488221,112.166,112.165304377326,112.167114257812,112.167168323556
56.15,112.18391408,112.16924571474,112.168628402477,112.168628402477,112.168628402477,112.166,112.165303913405,112.167163085938,112.167209870314
56.2,112.18391296,112.169250351816,112.168631316732,112.168631316732,112.168631316732,112.166,112.165303449485,112.167211914063,112.167251417073
56.25,112.18391184,112.169254988892,112.168634230987,112.168634230987,112.168634230987,112.166,112.165302985565,112.167260742187,112.167292963831
56.3,112.18391072,112.169259625968,112.168637145243,112.168637145243,112.168637145243,112.166,112.165302521645,112.167309570312,112.167334510589
56.35,112.1839096,112.169264263044,112.168640059498,112.168640059498,112.168640059498,112.166,112.165302057725,112.167358398438,112.167376057348
56.4,112.18390848,112.16926890012,112.168642973753,112.168642973753,112.168642973753,112.166,112.165301593804,112.167407226563,112.167417604106
56.45,112.18390624,112.169273537196,112.168645888009,112.168645888009,112.168645888009,112.166,112.165301129884,112.167456054688,112.167459150865
56.5,112.18390512,112.169278174272,112.168648802264,112.168648802264,112.168648802264,112.166,112.165300665964,112.167504882812,112.167500697623
56.55,112.183904,112.169282811348,112.168651716519,112.168651716519,112.168651716519,112.166,112.165300202044,112.167553710937,112.167542244381
56.6,112.18390288,112.169287448424,112.168654630775,112.168654630775,112.168654630775,112.166,112.165299738124,112.167602539062,112.16758379114
56.65,112.18390176,112.1692920855,112.16865754503,112.16865754503,112.16865754503,112.166,112.165299274203,112.167651367188,112.167625337898
56.7,112.18390064,112.169296722576,112.168660459286,112.168660459286,112.168660459286,112.166,112.165298810283,112.167700195313,112.167666884657
56.75,112.1838984,112.169301359652,112.168663373541,112.168663373541,112.168663373541,112.166,112.165298346363,112.167749023437,112.167708431415
56.8,112.18389728,112.169305996728,112.168666287796,112.168666287796,112.168666287796,112.166,112.165297882443,112.167797851562,112.167749978173
56.85,112.18389616,112.169310633804,112.168669202052,112.168669202052,112.168669202052,112.166,112.165297418523,112.167846679688,112.167791524932
56.9,112.18389504,112.16931527088,112.168672116307,112.168672116307,112.168672116307,112.166,112.165296954602,112.167895507813,112.16783307169
56.95,112.18389392,112.169319907956,112.168675030562,112.168675030562,112.168675030562,112.166,112.165296490682,112.167944335938,112.167874618449
57,112.1838928,112.169324545032,112.168677944818,112.168677944818,112.168677944818,112.166025,112.165321026762,112.167993164062,112.167916165207
57.05,112.18389056,112.169329182108,112.168680859073,112.168680859073,112.168680859073,112.166075,112.165370562842,112.168041992187,112.167957711965
57.1,112.18388944,112.169333819184,112.168683773328,112.168683773328,112.168683773328,112.166125,112.165420098922,112.168090820312,112.167999258724
57.15,112.18388832,112.16933845626,112.168686687584,112.168686687584,112.168686687584,112.166175,112.165469635001,112.168139648438,112.168040805482
57.2,112.1838872,112.169343093336,112.168689601839,112.168689601839,112.168689601839,112.166225,112.165519171081,112.168188476563,112.168082352241
57.25,112.18388608,112.169347730412,112.168692516094,112.168692516094,112.168692516094,112.166275,112.165568707161,112.168237304687,112.168123898999
57.3,112.18388496,112.169352367488,112.16869543035,112.16869543035,112.16869543035,112.166325,112.165618243241,112.168286132812,112.168165445757
57.35,112.18388384,112.169357004564,112.168698344605,112.168698344605,112.168698344605,112.166375,112.16566777932,112.168334960938,112.168206992516
57.4,112.1838816,112.16936164164,112.16870125886,112.16870125886,112.16870125886,112.166425,112.1657173154,112.168383789063,112.168248539274
57.45,112.18388048,112.169366278716,112.168704173116,112.168704173116,112.168704173116,112.166475,112.16576685148,112.168432617188,112.168290086033
57.5,112.18387936,112.169370915792,112.168707087371,112.168707087371,112.168707087371,112.166525,112.16581638756,112.168481445312,112.168331632791
57.55,112.18387824,112.169375552868,112.168710001627,112.168710001627,112.168710001627,112.166575,112.16586592364,112.168530273437,112.16837317955
57.6,112.18387712,112.169380189944,112.168712915882,112.168712915882,112.168712915882,112.166625,112.165915459719,112.168579101562,112.168414726308
57.65,112.183876,112.16938482702,112.168715830137,112.168715830137,112.168715830137,112.166675,112.165964995799,112.168627929688,112.168456273066
57.7,112.18387376,112.169389464096,112.168718744393,112.168718744393,112.168718744393,112.166725,112.166014531879,112.168676757813,112.168497819825
57.75,112.18387264,112.169394101172,112.168721658648,112.168721658648,112.168721658648,112.166775,112.166064067959,112.168725585937,112.168539366583
57.8,112.18387152,112.169398738248,112.168724572903,112.168724572903,112.168724572903,112.166825,112.166113604039,112.168774414062,112.168580913342
57.85,112.1838704,112.169403375324,112.168727487159,112.168727487159,112.168727487159,112.166875,112.166163140118,112.168823242188,112.1686224601
57.9,112.18386928,112.1694080124,112.168730401414,112.168730401414,112.168730401414,112.166925,112.166212676198,112.168872070313,112.168664006858
57.95,112.18386816,112.169412649476,112.168733315669,112.168733315669,112.168733315669,112.166975,112.166262212278,112.168920898438,112.168705553617
58,112.18386592,112.169417286552,112.168736229925,112.168736229925,112.168736229925,112.16715,112.166436748358,112.168969726562,112.168747100375
58.05,112.1838648,112.169421923628,112.16873914418,112.16873914418,112.16873914418,112.16745,112.166736284438,112.169018554687,112.168788647134
58.1,112.18386368,112.169426560704,112.168742058435,112.168742058435,112.168742058435,112.16775,112.167035820517,112.169067382812,112.168830193892
58.15,112.18386256,112.16943119778,112.168744972691,112.168744972691,112.168744972691,112.16805,112.167335356597,112.169116210938,112.16887174065
58.2,112.18386144,112.169435834856,112.168747886946,112.168747886946,112.168747886946,112.16835,112.167634892677,112.169165039063,112.168913287409
58.25,112.18386032,112.169440471932,112.168750801201,112.168750801201,112.168750801201,112.16865,112.167934428757,112.169213867187,112.168954834167
58.3,112.18385808,112.169445109008,112.168753715457,112.168753715457,112.168753715457,112.16895,112.168233964837,112.169262695312,112.168996380926
58.35,112.18385696,112.169449746084,112.168756629712,112.168756629712,112.168756629712,112.16925,112.168533500916,112.169311523438,112.169037927684
58.4,112.18385584,112.16945438316,112.168759543968,112.168759543968,112.168759543968,112.16955,112.168833036996,112.169360351563,112.169079474442
58.45,112.18385472,112.169459020236,112.168762458223,112.168762458223,112.168762458223,112.16985,112.169132573076,112.169409179688,112.169121021201
58.5,112.1838536,112.169463657312,112.168765372478,112.168765372478,112.168765372478,112.17015,112.169432109156,112.169458007812,112.169162567959
58.55,112.18385248,112.169468294388,112.168768286734,112.168768286734,112.168768286734,112.17045,112.169731645236,112.169506835937,112.169204114718
58.6,112.18385024,112.169472931464,112.168771200989,112.168771200989,112.168771200989,112.17075,112.170031181315,112.169555664062,112.169245661476
58.65,112.18384912,112.16947756854,112.168774115244,112.168774115244,112.168774115244,112.17105,112.170330717395,112.169604492188,112.169287208234
58.7,112.183848,112.169482205616,112.1687770295,112.1687770295,112.1687770295,112.17135,112.170630253475,112.169653320313,112.169328754993
58.75,112.18384688,112.169486842692,112.168779943755,112.168779943755,112.168779943755,112.17165,112.170929789555,112.169702148437,112.169370301751
58.8,112.18384576,112.169491479768,112.16878285801,112.16878285801,112.16878285801,112.17195,112.171229325634,112.169750976562,112.16941184851
58.85,112.18384464,112.169496116844,112.168785772266,112.168785772266,112.168785772266,112.17225,112.171528861714,112.169799804688,112.169453395268
58.9,112.1838424,112.16950075392,112.168788686521,112.168788686521,112.168788686521,112.17255,112.171828397794,112.169848632813,112.169494942026
58.95,112.18384128,112.169505390996,112.168791600776,112.168791600776,112.168791600776,112.17285,112.172127933874,112.169897460938,112.169536488785
59,112.18384016,112.169510028072,112.168794515032,112.168794515032,112.168794515032,112.17325,112.172527469954,112.169946289062,112.169578035543
59.05,112.18383904,112.169514665148,112.168797429287,112.168797429287,112.168797429287,112.17375,112.173027006033,112.169995117187,112.169619582302
59.1,112.18383792,112.169519302224,112.168800343542,112.168800343542,112.168800343542,112.17425,112.173526542113,112.170043945312,112.16966112906
59.15,112.1838368,112.1695239393,112.168803257798,112.168803257798,112.168803257798,112.17475,112.174026078193,112.170092773438,112.169702675818
59.2,112.18383456,112.169528576376,112.168806172053,112.168806172053,112.168806172053,112.17525,112.174525614273,112.170141601563,112.169744222577
59.25,112.18383344,112.169533213452,112.168809086309,112.168809086309,112.168809086309,112.17575,112.175025150353,112.170190429687,112.169785769335
59.3,112.18383232,112.169537850528,112.168812000564,112.168812000564,112.168812000564,112.17625,112.175524686432,112.170239257812,112.169827316094
59.35,112.1838312,112.169542487604,112.168814914819,112.168814914819,112.168814914819,112.17675,112.176024222512,112.170288085938,112.169868862852
59.4,112.18383008,112.16954712468,112.168817829075,112.168817829075,112.168817829075,112.17725,112.176523758592,112.170336914063,112.16991040961
59.45,112.18382896,112.169551761756,112.16882074333,112.16882074333,112.16882074333,112.17775,112.177023294672,112.170385742188,112.169951956369
59.5,112.18382672,112.169556398832,112.168823657585,112.168823657585,112.168823657585,112.17825,112.177522830752,112.170434570312,112.169993503127
59.55,112.1838256,112.169561035908,112.168826571841,112.168826571841,112.168826571841,112.17875,112.178022366831,112.170483398437,112.170035049886
59.6,112.18382448,112.169565672984,112.168829486096,112.168829486096,112.168829486096,112.17925,112.178521902911,112.170532226562,112.170076596644
59.65,112.18382336,112.16957031006,112.168832400351,112.168832400351,112.168832400351,112.17975,112.179021438991,112.170581054688,112.170118143402
59.7,112.18382224,112.169574947136,112.168835314607,112.168835314607,112.168835314607,112.18025,112.179520975071,112.170629882813,112.170159690161
59.75,112.18382112,112.169579584212,112.168838228862,112.168838228862,112.168838228862,112.18075,112.180020511151,112.170678710937,112.170201236919
59.8,112.18381888,112.169584221288,112.168841143117,112.168841143117,112.168841143117,112.18125,112.18052004723,112.170727539062,112.170242783678
59.85,112.18381776,112.169588858364,112.168844057373,112.168844057373,112.168844057373,112.18175,112.18101958331,112.170776367188,112.170284330436
59.9,112.18381664,112.16959349544,112.168846971628,112.168846971628,112.168846971628,112.18225,112.18151911939,112.170825195313,112.170325877194
59.95,112.18381552,112.169598132516,112.168849885883,112.168849885883,112.168849885883,112.18275,112.18201865547,112.170874023438,112.170367423953
60,112.1838144,112.169602769593,112.168852800139,112.168852800139,112.168852800139,112.183,112.18226819155,112.170922851562,112.170408970711
60.05,112.18381328,112.169608102548,112.16886124992,112.16886124992,112.16886124992,112.183,112.18226692039,112.170971679687,112.170445881386
60.1,112.18381104,112.169613435504,112.168869699702,112.168869699702,112.168869699702,112.183,112.182265649231,112.171020507812,112.17048279206
60.15,112.18380992,112.16961876846,112.168878149484,112.168878149484,112.168878149484,112.183,112.182264378071,112.171069335938,112.170519702734
60.2,112.1838088,112.169624101416,112.168886599266,112.168886599266,112.168886599266,112.183,112.182263106912,112.171118164063,112.170556613409
60.25,112.18380768,112.169629434372,112.168895049047,112.168895049047,112.168895049047,112.183,112.182261835753,112.171166992187,112.170593524083
60.3,112.18380656,112.169634767327,112.168903498829,112.168903498829,112.168903498829,112.183,112.182260564593,112.171215820312,112.170630434757
60.35,112.18380544,112.169640100283,112.168911948611,112.168911948611,112.168911948611,112.183,112.182259293434,112.171264648438,112.170667345432
60.4,112.1838032,112.169645433239,112.168920398392,112.168920398392,112.168920398392,112.183,112.182258022275,112.171313476563,112.170704256106
60.45,112.18380208,112.169650766195,112.168928848174,112.168928848174,112.168928848174,112.183,112.182256751115,112.171362304688,112.17074116678
60.5,112.18380096,112.169656099151,112.168937297956,112.168937297956,112.168937297956,112.183,112.182255479956,112.171411132812,112.170778077455
60.55,112.18379984,112.169661432107,112.168945747737,112.168945747737,112.168945747737,112.183,112.182254208797,112.171459960937,112.170814988129
60.6,112.18379872,112.169666765062,112.168954197519,112.168954197519,112.168954197519,112.183,112.182252937637,112.171508789062,112.170851898803
60.65,112.1837976,112.169672098018,112.168962647301,112.168962647301,112.168962647301,112.183,112.182251666478,112.171557617188,112.170888809478
60.7,112.18379536,112.169677430974,112.168971097082,112.168971097082,112.168971097082,112.183,112.182250395318,112.171606445313,112.170925720152
60.75,112.18379424,112.16968276393,112.168979546864,112.168979546864,112.168979546864,112.183,112.182249124159,112.171655273437,112.170962630826
60.8,112.18379312,112.169688096886,112.168987996646,112.168987996646,112.168987996646,112.183,112.182247853,112.171704101562,112.170999541501
60.85,112.183792,112.169693429842,112.168996446427,112.168996446427,112.168996446427,112.183,112.18224658184,112.171752929688,112.171036452175
60.9,112.18379088,112.169698762797,112.169004896209,112.169004896209,112.169004896209,112.183,112.182245310681,112.171801757813,112.171073362849
60.95,112.18378976,112.169704095753,112.169013345991,112.169013345991,112.169013345991,112.183,112.182244039522,112.171850585938,112.171110273524
61,112.18378864,112.169709428709,112.169021795772,112.169021795772,112.169021795772,112.183,112.182242768362,112.171875,112.171122770135
61.05,112.1837864,112.169714761665,112.169030245554,112.169030245554,112.169030245554,112.183,112.182241497203,112.171875,112.171110852685
61.1,112.18378528,112.169720094621,112.169038695336,112.169038695336,112.169038695336,112.183,112.182240226044,112.171875,112.171098935234
61.15,112.18378416,112.169725427577,112.169047145117,112.169047145117,112.169047145117,112.183,112.182238954884,112.171875,112.171087017784
61.2,112.18378304,112.169730760532,112.169055594899,112.169055594899,112.169055594899,112.183,112.182237683725,112.171875,112.171075100333
61.25,112.18378192,112.169736093488,112.169064044681,112.169064044681,112.169064044681,112.183,112.182236412566,112.171875,112.171063182882
61.3,112.1837808,112.169741426444,112.169072494462,112.169072494462,112.169072494462,112.183,112.182235141406,112.171875,112.171051265432
61.35,112.18377856,112.1697467594,112.169080944244,112.169080944244,112.169080944244,112.183,112.182233870247,112.171875,112.171039347981
61.4,112.18377744,112.169752092356,112.169089394026,112.169089394026,112.169089394026,112.183,112.182232599087,112.171875,112.17102743053
61.45,112.18377632,112.169757425311,112.169097843807,112.169097843807,112.169097843807,112.183,112.182231327928,112.171875,112.17101551308
61.5,112.1837752,112.169762758267,112.169106293589,112.169106293589,112.169106293589,112.183,112.182230056769,112.171875,112.171003595629
61.55,112.18377408,112.169768091223,112.169114743371,112.169114743371,112.169114743371,112.183,112.182228785609,112.171875,112.170991678178
61.6,112.18377296,112.169773424179,112.169123193152,112.169123193152,112.169123193152,112.183,112.18222751445,112.171875,112.170979760728
61.65,112.18377072,112.169778757135,112.169131642934,112.169131642934,112.169131642934,112.183,112.182226243291,112.171875,112.170967843277
61.7,112.1837696,112.169784090091,112.169140092716,112.169140092716,112.169140092716,112.183,112.182224972131,112.171875,112.170955925826
61.75,112.18376848,112.169789423046,112.169148542497,112.169148542497,112.169148542497,112.183,112.182223700972,112.171875,112.170944008376
61.8,112.18376736,112.169794756002,112.169156992279,112.169156992279,112.169156992279,112.183,112.182222429813,112.171875,112.170932090925
61.85,112.18376624,112.169800088958,112.169165442061,112.169165442061,112.169165442061,112.183,112.182221158653,112.171875,112.170920173474
61.9,112.18376512,112.169805421914,112.169173891842,112.169173891842,112.169173891842,112.183,112.182219887494,112.171875,112.170908256024
61.95,112.18376288,112.16981075487,112.169182341624,112.169182341624,112.169182341624,112.183,112.182218616335,112.171875,112.170896338573
62,112.18376176,112.169816087826,112.169190791406,112.169190791406,112.169190791406,112.18275,112.181967345175,112.171875,112.170884421122
62.05,112.18376064,112.169821420781,112.169199241187,112.169199241187,112.169199241187,112.18225,112.181466074016,112.171875,112.170872503672
62.1,112.18375952,112.169826753737,112.169207690969,112.169207690969,112.169207690969,112.18175,112.180964802856,112.171875,112.170860586221
62.15,112.1837584,112.169832086693,112.169216140751,112.169216140751,112.169216140751,112.18125,112.180463531697,112.171875,112.17084866877
62.2,112.18375728,112.169837419649,112.169224590532,112.169224590532,112.169224590532,112.18075,112.179962260538,112.171875,112.17083675132
62.25,112.18375504,112.169842752605,112.169233040314,112.169233040314,112.169233040314,112.18025,112.179460989378,112.171875,112.170824833869
62.3,112.18375392,112.169848085561,112.169241490096,112.169241490096,112.169241490096,112.17975,112.178959718219,112.171875,112.170812916418
62.35,112.1837528,112.169853418516,112.169249939877,112.169249939877,112.169249939877,112.17925,112.17845844706,112.171875,112.170800998968
62.4,112.18375168,112.169858751472,112.169258389659,112.169258389659,112.169258389659,112.17875,112.1779571759,112.171875,112.170789081517
62.45,112.18375056,112.169864084428,112.169266839441,112.169266839441,112.169266839441,112.17825,112.177455904741,112.171875,112.170777164066
62.5,112.18374944,112.169869417384,112.169275289222,112.169275289222,112.169275289222,112.17775,112.176954633582,112.171875,112.170765246616
62.55,112.1837472,112.16987475034,112.169283739004,112.169283739004,112.169283739004,112.17725,112.176453362422,112.171875,112.170753329165
62.6,112.18374608,112.169880083296,112.169292188786,112.169292188786,112.169292188786,112.17675,112.175952091263,112.171875,112.170741411714
62.65,112.18374496,112.169885416251,112.169300638567,112.169300638567,112.169300638567,112.17625,112.175450820104,112.171875,112.170729494264
62.7,112.18374384,112.169890749207,112.169309088349,112.169309088349,112.169309088349,112.17575,112.174949548944,112.171875,112.170717576813
62.75,112.18374272,112.169896082163,112.169317538131,112.169317538131,112.169317538131,112.17525,112.174448277785,112.171875,112.170705659362
62.8,112.1837416,112.169901415119,112.169325987912,112.169325987912,112.169325987912,112.17475,112.173947006625,112.171875,112.170693741912
62.85,112.18373936,112.169906748075,112.169334437694,112.169334437694,112.169334437694,112.17425,112.173445735466,112.171875,112.170681824461
62.9,112.18373824,112.16991208103,112.169342887476,112.169342887476,112.169342887476,112.17375,112.172944464307,112.171875,112.17066990701
62.95,112.18373712,112.169917413986,112.169351337257,112.169351337257,112.169351337257,112.17325,112.172443193147,112.171875,112.17065798956
63,112.183736,112.169922746942,112.169359787039,112.169359787039,112.169359787039,112.172775,112.171966921988,112.171875,112.170646072109
63.05,112.18373488,112.169928079898,112.169368236821,112.169368236821,112.169368236821,112.172325,112.171515650829,112.171875,112.170634154658
63.1,112.18373376,112.169933412854,112.169376686602,112.169376686602,112.169376686602,112.171875,112.171064379669,112.171875,112.170622237208
63.15,112.18373152,112.16993874581,112.169385136384,112.169385136384,112.169385136384,112.171425,112.17061310851,112.171875,112.170610319757
63.2,112.1837304,112.169944078765,112.169393586166,112.169393586166,112.169393586166,112.170975,112.170161837351,112.171875,112.170598402306
63.25,112.18372928,112.169949411721,112.169402035947,112.169402035947,112.169402035947,112.170525,112.169710566191,112.171875,112.170586484856
63.3,112.18372816,112.169954744677,112.169410485729,112.169410485729,112.169410485729,112.170075,112.169259295032,112.171875,112.170574567405
63.35,112.18372704,112.169960077633,112.169418935511,112.169418935511,112.169418935511,112.169625,112.168808023873,112.171875,112.170562649955
63.4,112.18372592,112.169965410589,112.169427385292,112.169427385292,112.169427385292,112.169175,112.168356752713,112.171875,112.170550732504
63.45,112.18372368,112.169970743545,112.169435835074,112.169435835074,112.169435835074,112.168725,112.167905481554,112.171875,112.170538815053
63.5,112.18372256,112.1699760765,112.169444284856,112.169444284856,112.169444284856,112.168275,112.167454210394,112.171875,112.170526897603
63.55,112.18372144,112.169981409456,112.169452734637,112.169452734637,112.169452734637,112.167825,112.167002939235,112.171875,112.170514980152
63.6,112.18372032,112.169986742412,112.169461184419,112.169461184419,112.169461184419,112.167375,112.166551668076,112.171875,112.170503062701
63.65,112.1837192,112.169992075368,112.169469634201,112.169469634201,112.169469634201,112.166925,112.166100396916,112.171875,112.170491145251
63.7,112.18371808,112.169997408324,112.169478083982,112.169478083982,112.169478083982,112.166475,112.165649125757,112.171875,112.1704792278
63.75,112.18371584,112.17000274128,112.169486533764,112.169486533764,112.169486533764,112.166025,112.165197854598,112.171875,112.170467310349
63.8,112.18371472,112.170008074235,112.169494983546,112.169494983546,112.169494983546,112.165575,112.164746583438,112.171875,112.170455392899
63.85,112.1837136,112.170013407191,112.169503433328,112.169503433328,112.169503433328,112.165125,112.164295312279,112.171875,112.170443475448
63.9,112.18371248,112.170018740147,112.169511883109,112.169511883109,112.169511883109,112.164675,112.16384404112,112.171875,112.170431557997
63.95,112.18371136,112.170024073103,112.169520332891,112.169520332891,112.169520332891,112.164225,112.16339276996,112.171875,112.170419640547
64,112.18371024,112.170029406059,112.169528782673,112.169528782673,112.169528782673,112.164,112.163166498801,112.171875,112.170407723096
64.05,112.183708,112.170034739015,112.169537232454,112.169537232454,112.169537232454,112.164,112.163165227642,112.171875,112.170395805645
64.1,112.18370688,112.17004007197,112.169545682236,112.169545682236,112.169545682236,112.164,112.163163956482,112.171875,112.170383888195
64.15,112.18370576,112.170045404926,112.169554132018,112.169554132018,112.169554132018,112.164,112.163162685323,112.171875,112.170371970744
64.2,112.18370464,112.170050737882,112.169562581799,112.169562581799,112.169562581799,112.164,112.163161414163,112.171875,112.170360053293
64.25,112.18370352,112.170056070838,112.169571031581,112.169571031581,112.169571031581,112.164,112.163160143004,112.171875,112.170348135843
64.3,112.1837024,112.170061403794,112.169579481363,112.169579481363,112.169579481363,112.164,112.163158871845,112.171875,112.170336218392
64.35,112.18370016,112.170066736749,112.169587931144,112.169587931144,112.169587931144,112.164,112.163157600685,112.171875,112.170324300941
64.4,112.18369904,112.170072069705,112.169596380926,112.169596380926,112.169596380926,112.164,112.163156329526,112.171875,112.170312383491
64.45,112.18369792,112.170077402661,112.169604830708,112.169604830708,112.169604830708,112.164,112.163155058367,112.171875,112.17030046604
64.5,112.1836968,112.170082735617,112.169613280489,112.169613280489,112.169613280489,112.164,112.163153787207,112.171875,112.170288548589
64.55,112.18369568,112.170088068573,112.169621730271,112.169621730271,112.169621730271,112.164,112.163152516048,112.171875,112.170276631139
64.6,112.18369456,112.170093401529,112.169630180053,112.169630180053,112.169630180053,112.164,112.163151244889,112.171875,112.170264713688
64.65,112.18369344,112.170098734484,112.169638629834,112.169638629834,112.169638629834,112.164,112.163149973729,112.171875,112.170252796237
64.7,112.1836912,112.17010406744,112.169647079616,112.169647079616,112.169647079616,112.164,112.16314870257,112.171875,112.170240878787
64.75,112.18369008,112.170109400396,112.169655529398,112.169655529398,112.169655529398,112.164,112.163147431411,112.171875,112.170228961336
64.8,112.18368896,112.170114733352,112.169663979179,112.169663979179,112.169663979179,112.164,112.163146160251,112.171875,112.170217043885
64.85,112.18368784,112.170120066308,112.169672428961,112.169672428961,112.169672428961,112.164,112.163144889092,112.171875,112.170205126435
64.9,112.18368672,112.170125399264,112.169680878743,112.169680878743,112.169680878743,112.164,112.163143617932,112.171875,112.170193208984
64.95,112.1836856,112.170130732219,112.169689328524,112.169689328524,112.169689328524,112.164,112.163142346773,112.171875,112.170181291533
65,112.18368336,112.170136065175,112.169697778306,112.169697778306,112.169697778306,112.164,112.163141075614,112.171875,112.170169374083
65.05,112.18368224,112.170141398131,112.169706228088,112.169706228088,112.169706228088,112.164,112.163139804454,112.171875,112.170157456632
65.1,112.18368112,112.170146731087,112.169714677869,112.169714677869,112.169714677869,112.164,112.163138533295,112.171875,112.170145539181
65.15,112.18368,112.170152064043,112.169723127651,112.169723127651,112.169723127651,112.164,112.163137262136,112.171875,112.170133621731
65.2,112.18367888,112.170157396999,112.169731577433,112.169731577433,112.169731577433,112.164,112.163135990976,112.171875,112.17012170428
65.25,112.18367776,112.170162729954,112.169740027214,112.169740027214,112.169740027214,112.164,112.163134719817,112.171875,112.170109786829
65.3,112.18367552,112.17016806291,112.169748476996,112.169748476996,112.169748476996,112.164,112.163133448658,112.171875,112.170097869379
65.35,112.1836744,112.170173395866,112.169756926778,112.169756926778,112.169756926778,112.164,112.163132177498,112.171875,112.170085951928
65.4,112.18367328,112.170178728822,112.169765376559,112.169765376559,112.169765376559,112.164,112.163130906339,112.171875,112.170074034477
65.45,112.18367216,112.170184061778,112.169773826341,112.169773826341,112.169773826341,112.164,112.163129635179,112.171875,112.170062117027
65.5,112.18367104,112.170189394734,112.169782276123,112.169782276123,112.169782276123,112.164,112.16312836402,112.171875,112.170050199576
65.55,112.18366992,112.170194727689,112.169790725904,112.169790725904,112.169790725904,112.164,112.163127092861,112.171875,112.170038282125
65.6,112.18366768,112.170200060645,112.169799175686,112.169799175686,112.169799175686,112.164,112.163125821701,112.171875,112.170026364675
65.65,112.18366656,112.170205393601,112.169807625468,112.169807625468,112.169807625468,112.164,112.163124550542,112.171875,112.170014447224
65.7,112.18366544,112.170210726557,112.169816075249,112.169816075249,112.169816075249,112.164,112.163123279383,112.171875,112.170002529774
65.75,112.18366432,112.170216059513,112.169824525031,112.169824525031,112.169824525031,112.164,112.163122008223,112.171875,112.169990612323
65.8,112.1836632,112.170221392468,112.169832974813,112.169832974813,112.169832974813,112.164,112.163120737064,112.171875,112.169978694872
65.85,112.18366208,112.170226725424,112.169841424594,112.169841424594,112.169841424594,112.164,112.163119465905,112.171875,112.169966777422
65.9,112.18365984,112.17023205838,112.169849874376,112.169849874376,112.169849874376,112.164,112.163118194745,112.171875,112.169954859971
65.95,112.18365872,112.170237391336,112.169858324158,112.169858324158,112.169858324158,112.164,112.163116923586,112.171875,112.16994294252
66,112.1836576,112.170242724292,112.169866773939,112.169866773939,112.169866773939,112.164,112.163115652427,112.171875,112.16993102507
66.05,112.18365648,112.170248057248,112.169875223721,112.169875223721,112.169875223721,112.164,112.163114381267,112.171875,112.169919107619
66.1,112.18365536,112.170253390203,112.169883673503,112.169883673503,112.169883673503,112.164,112.163113110108,112.171875,112.169907190168
66.15,112.18365424,112.170258723159,112.169892123284,112.169892123284,112.169892123284,112.164,112.163111838948,112.171875,112.169895272718
66.2,112.183652,112.170264056115,112.169900573066,112.169900573066,112.169900573066,112.164,112.163110567789,112.171875,112.169883355267
66.25,112.18365088,112.170269389071,112.169909022848,112.169909022848,112.169909022848,112.164,112.16310929663,112.171875,112.169871437816
66.3,112.18364976,112.170274722027,112.169917472629,112.169917472629,112.169917472629,112.164,112.16310802547,112.171875,112.169859520366
66.35,112.18364864,112.170280054983,112.169925922411,112.169925922411,112.169925922411,112.164,112.163106754311,112.171875,112.169847602915
66.4,112.18364752,112.170285387938,112.169934372193,112.169934372193,112.169934372193,112.164,112.163105483152,112.171875,112.169835685464
66.45,112.1836464,112.170290720894,112.169942821974,112.169942821974,112.169942821974,112.164,112.163104211992,112.171875,112.169823768014
66.5,112.18364416,112.17029605385,112.169951271756,112.169951271756,112.169951271756,112.164,112.163102940833,112.171875,112.169811850563
66.55,112.18364304,112.170301386806,112.169959721538,112.169959721538,112.169959721538,112.164,112.163101669674,112.171875,112.169799933112
66.6,112.18364192,112.170306719762,112.169968171319,112.169968171319,112.169968171319,112.164,112.163100398514,112.171875,112.169788015662
66.65,112.1836408,112.170312052718,112.169976621101,112.169976621101,112.169976621101,112.164,112.163099127355,112.171875,112.169776098211
66.7,112.18363968,112.170317385673,112.169985070883,112.169985070883,112.169985070883,112.164,112.163097856196,112.171875,112.16976418076
66.75,112.18363856,112.170322718629,112.169993520664,112.169993520664,112.169993520664,112.164,112.163096585036,112.171875,112.16975226331
66.8,112.18363632,112.170328051585,112.170001970446,112.170001970446,112.170001970446,112.164,112.163095313877,112.171875,112.169740345859
66.85,112.1836352,112.170333384541,112.170010420228,112.170010420228,112.170010420228,112.164,112.163094042717,112.171875,112.169728428408
66.9,112.18363408,112.170338717497,112.170018870009,112.170018870009,112.170018870009,112.164,112.163092771558,112.171875,112.169716510958
66.95,112.18363296,112.170344050452,112.170027319791,112.170027319791,112.170027319791,112.164,112.163091500399,112.171875,112.169704593507
67,112.18363184,112.170349383408,112.170035769573,112.170035769573,112.170035769573,112.164025,112.163115229239,112.171875,112.169692676056
67.05,112.18363072,112.170354716364,112.170044219354,112.170044219354,112.170044219354,112.164075,112.16316395808,112.171875,112.169680758606
67.1,112.18362848,112.17036004932,112.170052669136,112.170052669136,112.170052669136,112.164125,112.163212686921,112.171875,112.169668841155
67.15,112.18362736,112.170365382276,112.170061118918,112.170061118918,112.170061118918,112.164175,112.163261415761,112.171875,112.169656923704
67.2,112.18362624,112.170370715232,112.170069568699,112.170069568699,112.170069568699,112.164225,112.163310144602,112.171875,112.169645006254
67.25,112.18362512,112.170376048187,112.170078018481,112.170078018481,112.170078018481,112.164275,112.163358873443,112.171875,112.169633088803
67.3,112.183624,112.170381381143,112.170086468263,112.170086468263,112.170086468263,112.164325,112.163407602283,112.171875,112.169621171352
67.35,112.18362288,112.170386714099,112.170094918044,112.170094918044,112.170094918044,112.164375,112.163456331124,112.171875,112.169609253902
67.4,112.18362064,112.170392047055,112.170103367826,112.170103367826,112.170103367826,112.164425,112.163505059965,112.171875,112.169597336451
67.45,112.18361952,112.170397380011,112.170111817608,112.170111817608,112.170111817608,112.164475,112.163553788805,112.171875,112.169585419
67.5,112.1836184,112.170402712967,112.17012026739,112.17012026739,112.17012026739,112.164525,112.163602517646,112.171875,112.16957350155
67.55,112.18361728,112.170408045922,112.170128717171,112.170128717171,112.170128717171,112.164575,112.163651246486,112.171875,112.169561584099
67.6,112.18361616,112.170413378878,112.170137166953,112.170137166953,112.170137166953,112.164625,112.163699975327,112.171875,112.169549666648
67.65,112.18361504,112.170418711834,112.170145616735,112.170145616735,112.170145616735,112.164675,112.163748704168,112.171875,112.169537749198
67.7,112.1836128,112.17042404479,112.170154066516,112.170154066516,112.170154066516,112.164725,112.163797433008,112.171875,112.169525831747
67.75,112.18361168,112.170429377746,112.170162516298,112.170162516298,112.170162516298,112.164775,112.163846161849,112.171875,112.169513914296
67.8,112.18361056,112.170434710702,112.17017096608,112.17017096608,112.17017096608,112.164825,112.16389489069,112.171875,112.169501996846
67.85,112.18360944,112.170440043657,112.170179415861,112.170179415861,112.170179415861,112.164875,112.16394361953,112.171875,112.169490079395
67.9,112.18360832,112.170445376613,112.170187865643,112.170187865643,112.170187865643,112.164925,112.163992348371,112.171875,112.169478161944
67.95,112.1836072,112.170450709569,112.170196315425,112.170196315425,112.170196315425,112.164975,112.164041077212,112.171875,112.169466244494
68,112.18360496,112.170456042525,112.170204765206,112.170204765206,112.170204765206,112.165,112.164064806052,112.171875,112.169454327043
68.05,112.18360384,112.170461375481,112.170213214988,112.170213214988,112.170213214988,112.165,112.164063534893,112.171875,112.169442409593
68.1,112.18360272,112.170466708437,112.17022166477,112.17022166477,112.17022166477,112.165,112.164062263734,112.171875,112.169430492142
68.15,112.1836016,112.170472041392,112.170230114551,112.170230114551,112.170230114551,112.165,112.164060992574,112.171875,112.169418574691
68.2,112.18360048,112.170477374348,112.170238564333,112.170238564333,112.170238564333,112.165,112.164059721415,112.171875,112.169406657241
68.25,112.18359936,112.170482707304,112.170247014115,112.170247014115,112.170247014115,112.165,112.164058450255,112.171875,112.16939473979
68.3,112.18359824,112.17048804026,112.170255463896,112.170255463896,112.170255463896,112.165,112.164057179096,112.171875,112.169382822339
68.35,112.183596,112.170493373216,112.170263913678,112.170263913678,112.170263913678,112.165,112.164055907937,112.171875,112.169370904889
68.4,112.18359488,112.170498706172,112.17027236346,112.17027236346,112.17027236346,112.165,112.164054636777,112.171875,112.169358987438
68.45,112.18359376,112.170504039127,112.170280813241,112.170280813241,112.170280813241,112.165,112.164053365618,112.171875,112.169347069987
68.5,112.18359264,112.170509372083,112.170289263023,112.170289263023,112.170289263023,112.165,112.164052094459,112.171875,112.169335152537
68.55,112.18359152,112.170514705039,112.170297712805,112.170297712805,112.170297712805,112.165,112.164050823299,112.171875,112.169323235086
68.6,112.1835904,112.170520037995,112.170306162586,112.170306162586,112.170306162586,112.165,112.16404955214,112.171875,112.169311317635
68.65,112.18358816,112.170525370951,112.170314612368,112.170314612368,112.170314612368,112.165,112.164048280981,112.171875,112.169299400185
68.7,112.18358704,112.170530703906,112.17032306215,112.17032306215,112.17032306215,112.165,112.164047009821,112.171875,112.169287482734
68.75,112.18358592,112.170536036862,112.170331511931,112.170331511931,112.170331511931,112.165,112.164045738662,112.171875,112.169275565283
68.8,112.1835848,112.170541369818,112.170339961713,112.170339961713,112.170339961713,112.165,112.164044467503,112.171875,112.169263647833
68.85,112.18358368,112.170546702774,112.170348411495,112.170348411495,112.170348411495,112.165,112.164043196343,112.171875,112.169251730382
68.9,112.18358256,112.17055203573,112.170356861276,112.170356861276,112.170356861276,112.165,112.164041925184,112.171875,112.169239812931
68.95,112.18358032,112.170557368686,112.170365311058,112.170365311058,112.170365311058,112.165,112.164040654024,112.171875,112.169227895481
69,112.1835792,112.170562701641,112.17037376084,112.17037376084,112.17037376084,112.165075,112.164114382865,112.171887207031,112.169228185061
69.05,112.18357808,112.170568034597,112.170382210621,112.170382210621,112.170382210621,112.165225,112.164263111706,112.171911621094,112.169240681673
69.1,112.18357696,112.170573367553,112.170390660403,112.170390660403,112.170390660403,112.165375,112.164411840546,112.171936035156,112.169253178285
69.15,112.18357584,112.170578700509,112.170399110185,112.170399110185,112.170399110185,112.165525,112.164560569387,112.171960449219,112.169265674897
69.2,112.18357472,112.170584033465,112.170407559966,112.170407559966,112.170407559966,112.165675,112.164709298228,112.171984863281,112.169278171509
69.25,112.18357248,112.170589366421,112.170416009748,112.170416009748,112.170416009748,112.165825,112.164858027068,112.172009277344,112.16929066812
69.3,112.18357136,112.170594699376,112.17042445953,112.17042445953,112.17042445953,112.165975,112.165006755909,112.172033691406,112.169303164732
69.35,112.18357024,112.170600032332,112.170432909311,112.170432909311,112.170432909311,112.166125,112.16515548475,112.172058105469,112.169315661344
69.4,112.18356912,112.170605365288,112.170441359093,112.170441359093,112.170441359093,112.166275,112.16530421359,112.172082519531,112.169328157956
69.45,112.183568,112.170610698244,112.170449808875,112.170449808875,112.170449808875,112.166425,112.165452942431,112.172106933594,112.169340654568
69.5,112.18356688,112.1706160312,112.170458258656,112.170458258656,112.170458258656,112.166575,112.165601671272,112.172131347656,112.16935315118
69.55,112.18356464,112.170621364156,112.170466708438,112.170466708438,112.170466708438,112.166725,112.165750400112,112.172155761719,112.169365647791
69.6,112.18356352,112.170626697111,112.17047515822,112.17047515822,112.17047515822,112.166875,112.165899128953,112.172180175781,112.169378144403
69.65,112.1835624,112.170632030067,112.170483608001,112.170483608001,112.170483608001,112.167025,112.166047857793,112.172204589844,112.169390641015
69.7,112.18356128,112.170637363023,112.170492057783,112.170492057783,112.170492057783,112.167175,112.166196586634,112.172229003906,112.169403137627
69.75,112.18356016,112.170642695979,112.170500507565,112.170500507565,112.170500507565,112.167325,112.166345315475,112.172253417969,112.169415634239
69.8,112.18355904,112.170648028935,112.170508957346,112.170508957346,112.170508957346,112.167475,112.166494044315,112.172277832031,112.169428130851
69.85,112.1835568,112.17065336189,112.170517407128,112.170517407128,112.170517407128,112.167625,112.166642773156,112.172302246094,112.169440627463
69.9,112.18355568,112.170658694846,112.17052585691,112.17052585691,112.17052585691,112.167775,112.166791501997,112.172326660156,112.169453124074
69.95,112.18355456,112.170664027802,112.170534306691,112.170534306691,112.170534306691,112.167925,112.166940230837,112.172351074219,112.169465620686
70,112.18355344,112.170669360758,112.170542756473,112.170542756473,112.170542756473,112.168,112.167013959678,112.172375488281,112.169478117298
70.05,112.18355232,112.170679606411,112.170564208708,112.170564208708,112.170564208708,112.168,112.167020456071,112.172399902344,112.169528065891
70.1,112.1835512,112.170689852065,112.170585660942,112.170585660942,112.170585660942,112.168,112.167026952465,112.172424316406,112.169578014483
70.15,112.18354896,112.170700097718,112.170607113177,112.170607113177,112.170607113177,112.168,112.167033448858,112.172448730469,112.169627963076
70.2,112.18354784,112.170710343372,112.170628565411,112.170628565411,112.170628565411,112.168,112.167039945251,112.172473144531,112.169677911669
70.25,112.18354672,112.170720589025,112.170650017646,112.170650017646,112.170650017646,112.168,112.167046441645,112.172497558594,112.169727860262
70.3,112.1835456,112.170730834679,112.17067146988,112.17067146988,112.17067146988,112.168,112.167052938038,112.172521972656,112.169777808854
70.35,112.18354448,112.170741080332,112.170692922115,112.170692922115,112.170692922115,112.168,112.167059434431,112.172546386719,112.169827757447
70.4,112.18354336,112.170751325985,112.170714374349,112.170714374349,112.170714374349,112.168,112.167065930824,112.172570800781,112.16987770604
70.45,112.18354112,112.170761571639,112.170735826584,112.170735826584,112.170735826584,112.168,112.167072427218,112.172595214844,112.169927654632
70.5,112.18354,112.170771817292,112.170757278818,112.170757278818,112.170757278818,112.168,112.167078923611,112.172619628906,112.169977603225
70.55,112.18353888,112.170782062946,112.170778731053,112.170778731053,112.170778731053,112.168,112.167085420004,112.172644042969,112.170027551818
70.6,112.18353776,112.170792308599,112.170800183287,112.170800183287,112.170800183287,112.168,112.167091916398,112.172668457031,112.170077500411
70.65,112.18353664,112.170802554253,112.170821635522,112.170821635522,112.170821635522,112.168,112.167098412791,112.172692871094,112.170127449003
70.7,112.18353552,112.170812799906,112.170843087756,112.170843087756,112.170843087756,112.168,112.167104909184,112.172717285156,112.170177397596
70.75,112.18353328,112.17082304556,112.170864539991,112.170864539991,112.170864539991,112.168,112.167111405578,112.172741699219,112.170227346189
70.8,112.18353216,112.170833291213,112.170885992225,112.170885992225,112.170885992225,112.168,112.167117901971,112.172766113281,112.170277294781
70.85,112.18353104,112.170843536866,112.17090744446,112.17090744446,112.17090744446,112.168,112.167124398364,112.172790527344,112.170327243374
70.9,112.18352992,112.17085378252,112.170928896694,112.170928896694,112.170928896694,112.168,112.167130894758,112.172814941406,112.170377191967
70.95,112.1835288,112.170864028173,112.170950348929,112.170950348929,112.170950348929,112.168,112.167137391151,112.172839355469,112.170427140559
71,112.18352768,112.170874273827,112.170971801163,112.170971801163,112.170971801163,112.16805,112.167193887544,112.172863769531,112.170477089152
71.05,112.18352544,112.17088451948,112.170993253398,112.170993253398,112.170993253398,112.16815,112.167300383938,112.172888183594,112.170527037745
71.1,112.18352432,112.170894765134,112.171014705632,112.171014705632,112.171014705632,112.16825,112.167406880331,112.172912597656,112.170576986338
71.15,112.1835232,112.170905010787,112.171036157867,112.171036157867,112.171036157867,112.16835,112.167513376724,112.172937011719,112.17062693493
71.2,112.18352208,112.170915256441,112.171057610101,112.171057610101,112.171057610101,112.16845,112.167619873118,112.172961425781,112.170676883523
71.25,112.18352096,112.170925502094,112.171079062336,112.171079062336,112.171079062336,112.16855,112.167726369511,112.172985839844,112.170726832116
71.3,112.18351984,112.170935747747,112.17110051457,112.17110051457,112.17110051457,112.16865,112.167832865904,112.173010253906,112.170776780708
71.35,112.1835176,112.170945993401,112.171121966805,112.171121966805,112.171121966805,112.16875,112.167939362297,112.173034667969,112.170826729301
71.4,112.18351648,112.170956239054,112.171143419039,112.171143419039,112.171143419039,112.16885,112.168045858691,112.173059082031,112.170876677894
71.45,112.18351536,112.170966484708,112.171164871274,112.171164871274,112.171164871274,112.16895,112.168152355084,112.173083496094,112.170926626487
71.5,112.18351424,112.170976730361,112.171186323508,112.171186323508,112.171186323508,112.16905,112.168258851477,112.173107910156,112.170976575079
71.55,112.18351312,112.170986976015,112.171207775743,112.171207775743,112.171207775743,112.16915,112.168365347871,112.173132324219,112.171026523672
71.6,112.183512,112.170997221668,112.171229227977,112.171229227977,112.171229227977,112.16925,112.168471844264,112.173156738281,112.171076472265
71.65,112.18350976,112.171007467321,112.171250680212,112.171250680212,112.171250680212,112.16935,112.168578340657,112.173181152344,112.171126420857
71.7,112.18350864,112.171017712975,112.171272132446,112.171272132446,112.171272132446,112.16945,112.168684837051,112.173205566406,112.17117636945
71.75,112.18350752,112.171027958628,112.171293584681,112.171293584681,112.171293584681,112.16955,112.168791333444,112.173229980469,112.171226318043
71.8,112.1835064,112.171038204282,112.171315036916,112.171315036916,112.171315036916,112.16965,112.168897829837,112.173254394531,112.171276266635
71.85,112.18350528,112.171048449935,112.17133648915,112.17133648915,112.17133648915,112.16975,112.169004326231,112.173278808594,112.171326215228
71.9,112.18350416,112.171058695589,112.171357941385,112.171357941385,112.171357941385,112.16985,112.169110822624,112.173303222656,112.171376163821
71.95,112.18350304,112.171068941242,112.171379393619,112.171379393619,112.171379393619,112.16995,112.169217319017,112.173327636719,112.171426112414
72,112.1835008,112.171079186896,112.171400845854,112.171400845854,112.171400845854,112.170225,112.169498815411,112.173352050781,112.171476061006
72.05,112.18349968,112.171089432549,112.171422298088,112.171422298088,112.171422298088,112.170675,112.169955311804,112.173376464844,112.171526009599
72.1,112.18349856,112.171099678202,112.171443750323,112.171443750323,112.171443750323,112.171125,112.170411808197,112.173400878906,112.171575958192
72.15,112.18349744,112.171109923856,112.171465202557,112.171465202557,112.171465202557,112.171575,112.170868304591,112.173425292969,112.171625906784
72.2,112.18349632,112.171120169509,112.171486654792,112.171486654792,112.171486654792,112.172025,112.171324800984,112.173449707031,112.171675855377
72.25,112.1834952,112.171130415163,112.171508107026,112.171508107026,112.171508107026,112.172475,112.171781297377,112.173474121094,112.17172580397
72.3,112.18349296,112.171140660816,112.171529559261,112.171529559261,112.171529559261,112.172925,112.17223779377,112.173498535156,112.171775752563
72.35,112.18349184,112.17115090647,112.171551011495,112.171551011495,112.171551011495,112.173375,112.172694290164,112.173522949219,112.171825701155
72.4,112.18349072,112.171161152123,112.17157246373,112.17157246373,112.17157246373,112.173825,112.173150786557,112.173547363281,112.171875649748
72.45,112.1834896,112.171171397776,112.171593915964,112.171593915964,112.171593915964,112.174275,112.17360728295,112.173571777344,112.171925598341
72.5,112.18348848,112.17118164343,112.171615368199,112.171615368199,112.171615368199,112.174725,112.174063779344,112.173596191406,112.171975546933
72.55,112.18348736,112.171191889083,112.171636820433,112.171636820433,112.171636820433,112.175175,112.174520275737,112.173620605469,112.172025495526
72.6,112.18348512,112.171202134737,112.171658272668,112.171658272668,112.171658272668,112.175625,112.17497677213,112.173645019531,112.172075444119
72.65,112.183484,112.17121238039,112.171679724902,112.171679724902,112.171679724902,112.176075,112.175433268524,112.173669433594,112.172125392711
72.7,112.18348288,112.171222626044,112.171701177137,112.171701177137,112.171701177137,112.176525,112.175889764917,112.173693847656,112.172175341304
72.75,112.18348176,112.171232871697,112.171722629371,112.171722629371,112.171722629371,112.176975,112.17634626131,112.173718261719,112.172225289897
72.8,112.18348064,112.171243117351,112.171744081606,112.171744081606,112.171744081606,112.177425,112.176802757704,112.173742675781,112.17227523849
72.85,112.18347952,112.171253363004,112.17176553384,112.17176553384,112.17176553384,112.177875,112.177259254097,112.173767089844,112.172325187082
72.9,112.18347728,112.171263608657,112.171786986075,112.171786986075,112.171786986075,112.178325,112.17771575049,112.173791503906,112.172375135675
72.95,112.18347616,112.171273854311,112.171808438309,112.171808438309,112.171808438309,112.178775,112.178172246884,112.173815917969,112.172425084268
73,112.18347504,112.171284099964,112.171829890544,112.171829890544,112.171829890544,112.179,112.178403743277,112.173840332031,112.17247503286
73.05,112.18347392,112.171294345618,112.171851342778,112.171851342778,112.171851342778,112.179,112.17841023967,112.173864746094,112.172524981453
73.1,112.1834728,112.171304591271,112.171872795013,112.171872795013,112.171872795013,112.179,112.178416736064,112.173889160156,112.172574930046
73.15,112.18347168,112.171314836925,112.171894247247,112.171894247247,112.171894247247,112.179,112.178423232457,112.173913574219,112.172624878639
73.2,112.18346944,112.171325082578,112.171915699482,112.171915699482,112.171915699482,112.179,112.17842972885,112.173937988281,112.172674827231
73.25,112.18346832,112.171335328231,112.171937151716,112.171937151716,112.171937151716,112.179,112.178436225243,112.173962402344,112.172724775824
73.3,112.1834672,112.171345573885,112.171958603951,112.171958603951,112.171958603951,112.179,112.178442721637,112.173986816406,112.172774724417
73.35,112.18346608,112.171355819538,112.171980056185,112.171980056185,112.171980056185,112.179,112.17844921803,112.174011230469,112.172824673009
73.4,112.18346496,112.171366065192,112.17200150842,112.17200150842,112.17200150842,112.179,112.178455714423,112.174035644531,112.172874621602
73.45,112.18346384,112.171376310845,112.172022960654,112.172022960654,112.172022960654,112.179,112.178462210817,112.174060058594,112.172924570195
73.5,112.1834616,112.171386556499,112.172044412889,112.172044412889,112.172044412889,112.179,112.17846870721,112.174084472656,112.172974518787
73.55,112.18346048,112.171396802152,112.172065865123,112.172065865123,112.172065865123,112.179,112.178475203603,112.174108886719,112.17302446738
73.6,112.18345936,112.171407047806,112.172087317358,112.172087317358,112.172087317358,112.179,112.178481699997,112.174133300781,112.173074415973
73.65,112.18345824,112.171417293459,112.172108769592,112.172108769592,112.172108769592,112.179,112.17848819639,112.174157714844,112.173124364566
73.7,112.18345712,112.171427539112,112.172130221827,112.172130221827,112.172130221827,112.179,112.178494692783,112.174182128906,112.173174313158
73.75,112.183456,112.171437784766,112.172151674061,112.172151674061,112.172151674061,112.179,112.178501189177,112.174206542969,112.173224261751
73.8,112.18345376,112.171448030419,112.172173126296,112.172173126296,112.172173126296,112.179,112.17850768557,112.174230957031,112.173274210344
73.85,112.18345264,112.171458276073,112.17219457853,112.17219457853,112.17219457853,112.179,112.178514181963,112.174255371094,112.173324158936
73.9,112.18345152,112.171468521726,112.172216030765,112.172216030765,112.172216030765,112.179,112.178520678357,112.174279785156,112.173374107529
73.95,112.1834504,112.17147876738,112.172237483,112.172237483,112.172237483,112.179,112.17852717475,112.174304199219,112.173424056122
74,112.18344928,112.171489013033,112.172258935234,112.172258935234,112.172258935234,112.179,112.178533671143,112.174328613281,112.173474004715
74.05,112.18344816,112.171499258687,112.172280387469,112.172280387469,112.172280387469,112.179,112.178540167537,112.174353027344,112.173523953307
74.1,112.18344592,112.17150950434,112.172301839703,112.172301839703,112.172301839703,112.179,112.17854666393,112.174377441406,112.1735739019
74.15,112.1834448,112.171519749993,112.172323291938,112.172323291938,112.172323291938,112.179,112.178553160323,112.174401855469,112.173623850493
74.2,112.18344368,112.171529995647,112.172344744172,112.172344744172,112.172344744172,112.179,112.178559656716,112.174426269531,112.173673799085
74.25,112.18344256,112.1715402413,112.172366196407,112.172366196407,112.172366196407,112.179,112.17856615311,112.174450683594,112.173723747678
74.3,112.18344144,112.171550486954,112.172387648641,112.172387648641,112.172387648641,112.179,112.178572649503,112.174475097656,112.173773696271
74.35,112.18344032,112.171560732607,112.172409100876,112.172409100876,112.172409100876,112.179,112.178579145896,112.174499511719,112.173823644863
74.4,112.18343808,112.171570978261,112.17243055311,112.17243055311,112.17243055311,112.179,112.17858564229,112.174523925781,112.173873593456
74.45,112.18343696,112.171581223914,112.172452005345,112.172452005345,112.172452005345,112.179,112.178592138683,112.174548339844,112.173923542049
74.5,112.18343584,112.171591469567,112.172473457579,112.172473457579,112.172473457579,112.179,112.178598635076,112.174572753906,112.173973490642
74.55,112.18343472,112.171601715221,112.172494909814,112.172494909814,112.172494909814,112.179,112.17860513147,112.174597167969,112.174023439234
74.6,112.1834336,112.171611960874,112.172516362048,112.172516362048,112.172516362048,112.179,112.178611627863,112.174621582031,112.174073387827
74.65,112.18343248,112.171622206528,112.172537814283,112.172537814283,112.172537814283,112.179,112.178618124256,112.174645996094,112.17412333642
74.7,112.18343024,112.171632452181,112.172559266517,112.172559266517,112.172559266517,112.179,112.17862462065,112.174670410156,112.174173285012
74.75,112.18342912,112.171642697835,112.172580718752,112.172580718752,112.172580718752,112.179,112.178631117043,112.174694824219,112.174223233605
74.8,112.183428,112.171652943488,112.172602170986,112.172602170986,112.172602170986,112.179,112.178637613436,112.174719238281,112.174273182198
74.85,112.18342688,112.171663189142,112.172623623221,112.172623623221,112.172623623221,112.179,112.17864410983,112.174743652344,112.174323130791
74.9,112.18342576,112.171673434795,112.172645075455,112.172645075455,112.172645075455,112.179,112.178650606223,112.174768066406,112.174373079383
74.95,112.18342464,112.171683680448,112.17266652769,112.17266652769,112.17266652769,112.179,112.178657102616,112.174792480469,112.174423027976
75,112.1834224,112.171693926102,112.172687979924,112.172687979924,112.172687979924,112.178825,112.17848859901,112.174816894531,112.174472976569
75.05,112.18342128,112.171704171755,112.172709432159,112.172709432159,112.172709432159,112.178475,112.178145095403,112.174841308594,112.174522925161
75.1,112.18342016,112.171714417409,112.172730884393,112.172730884393,112.172730884393,112.178125,112.177801591796,112.174865722656,112.174572873754
75.15,112.18341904,112.171724663062,112.172752336628,112.172752336628,112.172752336628,112.177775,112.177458088189,112.174890136719,112.174622822347
75.2,112.18341792,112.171734908716,112.172773788862,112.172773788862,112.172773788862,112.177425,112.177114584583,112.174914550781,112.174672770939
75.25,112.1834168,112.171745154369,112.172795241097,112.172795241097,112.172795241097,112.177075,112.176771080976,112.174938964844,112.174722719532
75.3,112.18341456,112.171755400022,112.172816693331,112.172816693331,112.172816693331,112.176725,112.176427577369,112.174963378906,112.174772668125
75.35,112.18341344,112.171765645676,112.172838145566,112.172838145566,112.172838145566,112.176375,112.176084073763,112.174987792969,112.174822616718
75.4,112.18341232,112.171775891329,112.1728595978,112.1728595978,112.1728595978,112.176025,112.175740570156,112.175012207031,112.17487256531
75.45,112.1834112,112.171786136983,112.172881050035,112.172881050035,112.172881050035,112.175675,112.175397066549,112.175036621094,112.174922513903
75.5,112.18341008,112.171796382636,112.172902502269,112.172902502269,112.172902502269,112.175325,112.175053562943,112.175061035156,112.174972462496
75.55,112.18340896,112.17180662829,112.172923954504,112.172923954504,112.172923954504,112.174975,112.174710059336,112.175085449219,112.175022411088
75.6,112.18340784,112.171816873943,112.172945406738,112.172945406738,112.172945406738,112.174625,112.174366555729,112.175109863281,112.175072359681
75.65,112.1834056,112.171827119597,112.172966858973,112.172966858973,112.172966858973,112.174275,112.174023052123,112.175134277344,112.175122308274
75.7,112.18340448,112.17183736525,112.172988311207,112.172988311207,112.172988311207,112.173925,112.173679548516,112.175158691406,112.175172256867
75.75,112.18340336,112.171847610903,112.173009763442,112.173009763442,112.173009763442,112.173575,112.173336044909,112.175183105469,112.175222205459
75.8,112.18340224,112.171857856557,112.173031215676,112.173031215676,112.173031215676,112.173225,112.172992541303,112.175207519531,112.175272154052
75.85,112.18340112,112.17186810221,112.173052667911,112.173052667911,112.173052667911,112.172875,112.172649037696,112.175231933594,112.175322102645
75.9,112.1834,112.171878347864,112.173074120145,112.173074120145,112.173074120145,112.172525,112.172305534089,112.175256347656,112.175372051237
75.95,112.18339776,112.171888593517,112.17309557238,112.17309557238,112.17309557238,112.172175,112.171962030483,112.175280761719,112.17542199983
76,112.18339664,112.171898839171,112.173117024614,112.173117024614,112.173117024614,112.172,112.171793526876,112.175305175781,112.175471948423
76.05,112.18339552,112.171909084824,112.173138476849,112.173138476849,112.173138476849,112.172,112.171800023269,112.175329589844,112.175521897015
76.1,112.1833944,112.171919330478,112.173159929084,112.173159929084,112.173159929084,112.172,112.171806519662,112.175354003906,112.175571845608
76.15,112.18339328,112.171929576131,112.173181381318,112.173181381318,112.173181381318,112.172,112.171813016056,112.175378417969,112.175621794201
76.2,112.18339216,112.171939821784,112.173202833553,112.173202833553,112.173202833553,112.172,112.171819512449,112.175402832031,112.175671742794
76.25,112.18338992,112.171950067438,112.173224285787,112.173224285787,112.173224285787,112.172,112.171826008842,112.175427246094,112.175721691386
76.3,112.1833888,112.171960313091,112.173245738022,112.173245738022,112.173245738022,112.172,112.171832505236,112.175451660156,112.175771639979
76.35,112.18338768,112.171970558745,112.173267190256,112.173267190256,112.173267190256,112.172,112.171839001629,112.175476074219,112.175821588572
76.4,112.18338656,112.171980804398,112.173288642491,112.173288642491,112.173288642491,112.172,112.171845498022,112.175500488281,112.175871537164
76.45,112.18338544,112.171991050052,112.173310094725,112.173310094725,112.173310094725,112.172,112.171851994416,112.175524902344,112.175921485757
76.5,112.18338432,112.172001295705,112.17333154696,112.17333154696,112.17333154696,112.172,112.171858490809,112.175549316406,112.17597143435
76.55,112.18338208,112.172011541358,112.173352999194,112.173352999194,112.173352999194,112.172,112.171864987202,112.175573730469,112.176021382943
76.6,112.18338096,112.172021787012,112.173374451429,112.173374451429,112.173374451429,112.172,112.171871483596,112.175598144531,112.176071331535
76.65,112.18337984,112.172032032665,112.173395903663,112.173395903663,112.173395903663,112.172,112.171877979989,112.175622558594,112.176121280128
76.7,112.18337872,112.172042278319,112.173417355898,112.173417355898,112.173417355898,112.172,112.171884476382,112.175646972656,112.176171228721
76.75,112.1833776,112.172052523972,112.173438808132,112.173438808132,112.173438808132,112.172,112.171890972776,112.175671386719,112.176221177313
76.8,112.18337648,112.172062769626,112.173460260367,112.173460260367,112.173460260367,112.172,112.171897469169,112.175695800781,112.176271125906
76.85,112.18337424,112.172073015279,112.173481712601,112.173481712601,112.173481712601,112.172,112.171903965562,112.175720214844,112.176321074499
76.9,112.18337312,112.172083260933,112.173503164836,112.173503164836,112.173503164836,112.172,112.171910461956,112.175744628906,112.176371023091
76.95,112.183372,112.172093506586,112.17352461707,112.17352461707,112.17352461707,112.172,112.171916958349,112.175769042969,112.176420971684
77,112.183372,112.172103752239,112.173546069305,112.173546069305,112.173546069305,112.172,112.171923454742,112.175756835938,112.176434299183
77.05,112.183372,112.172113997893,112.173567521539,112.173567521539,112.173567521539,112.172,112.171929951135,112.175708007813,112.176411005588
77.1,112.183372,112.172124243546,112.173588973774,112.173588973774,112.173588973774,112.172,112.171936447529,112.175659179688,112.176387711994
77.15,112.183372,112.1721344892,112.173610426008,112.173610426008,112.173610426008,112.172,112.171942943922,112.175610351562,112.176364418399
77.2,112.183372,112.172144734853,112.173631878243,112.173631878243,112.173631878243,112.172,112.171949440315,112.175561523437,112.176341124804
77.25,112.183372,112.172154980507,112.173653330477,112.173653330477,112.173653330477,112.172,112.171955936709,112.175512695313,112.176317831209
77.3,112.183372,112.17216522616,112.173674782712,112.173674782712,112.173674782712,112.172,112.171962433102,112.175463867188,112.176294537614
77.35,112.183372,112.172175471813,112.173696234946,112.173696234946,112.173696234946,112.172,112.171968929495,112.175415039062,112.17627124402
77.4,112.183372,112.172185717467,112.173717687181,112.173717687181,112.173717687181,112.172,112.171975425889,112.175366210937,112.176247950425
77.45,112.183372,112.17219596312,112.173739139415,112.173739139415,112.173739139415,112.172,112.171981922282,112.175317382812,112.17622465683
77.5,112.183372,112.172206208774,112.17376059165,112.17376059165,112.17376059165,112.172,112.171988418675,112.175268554688,112.176201363235
77.55,112.183372,112.172216454427,112.173782043884,112.173782043884,112.173782043884,112.172,112.171994915069,112.175219726563,112.17617806964
77.6,112.183372,112.172226700081,112.173803496119,112.173803496119,112.173803496119,112.172,112.172001411462,112.175170898438,112.176154776046
77.65,112.183372,112.172236945734,112.173824948353,112.173824948353,112.173824948353,112.172,112.172007907855,112.175122070312,112.176131482451
77.7,112.183372,112.172247191388,112.173846400588,112.173846400588,112.173846400588,112.172,112.172014404249,112.175073242187,112.176108188856
77.75,112.183372,112.172257437041,112.173867852822,112.173867852822,112.173867852822,112.172,112.172020900642,112.175024414063,112.176084895261
77.8,112.183372,112.172267682694,112.173889305057,112.173889305057,112.173889305057,112.172,112.172027397035,112.174975585938,112.176061601666
77.85,112.183372,112.172277928348,112.173910757291,112.173910757291,112.173910757291,112.172,112.172033893429,112.174926757812,112.176038308072
77.9,112.183372,112.172288174001,112.173932209526,112.173932209526,112.173932209526,112.172,112.172040389822,112.174877929687,112.176015014477
77.95,112.183372,112.172298419655,112.17395366176,112.17395366176,112.17395366176,112.172,112.172046886215,112.174829101562,112.175991720882
78,112.183372,112.172308665308,112.173975113995,112.173975113995,112.173975113995,112.172175,112.172228382608,112.174780273438,112.175968427287
78.05,112.183372,112.172318910962,112.173996566229,112.173996566229,112.173996566229,112.172525,112.172584879002,112.174731445313,112.175945133692
78.1,112.183372,112.172329156615,112.174018018464,112.174018018464,112.174018018464,112.172875,112.172941375395,112.174682617188,112.175921840098
78.15,112.183372,112.172339402269,112.174039470699,112.174039470699,112.174039470699,112.173225,112.173297871788,112.174633789062,112.175898546503
78.2,112.183372,112.172349647922,112.174060922933,112.174060922933,112.174060922933,112.173575,112.173654368182,112.174584960937,112.175875252908
78.25,112.183372,112.172359893575,112.174082375168,112.174082375168,112.174082375168,112.173925,112.174010864575,112.174536132813,112.175851959313
78.3,112.183372,112.172370139229,112.174103827402,112.174103827402,112.174103827402,112.174275,112.174367360968,112.174487304688,112.175828665718
78.35,112.183372,112.172380384882,112.174125279637,112.174125279637,112.174125279637,112.174625,112.174723857362,112.174438476562,112.175805372124
78.4,112.183372,112.172390630536,112.174146731871,112.174146731871,112.174146731871,112.174975,112.175080353755,112.174389648437,112.175782078529
78.45,112.183372,112.172400876189,112.174168184106,112.174168184106,112.174168184106,112.175325,112.175436850148,112.174340820312,112.175758784934
78.5,112.183372,112.172411121843,112.17418963634,112.17418963634,112.17418963634,112.175675,112.175793346542,112.174291992188,112.175735491339
78.55,112.183372,112.172421367496,112.174211088575,112.174211088575,112.174211088575,112.176025,112.176149842935,112.174243164063,112.175712197745
78.6,112.183372,112.172431613149,112.174232540809,112.174232540809,112.174232540809,112.176375,112.176506339328,112.174194335938,112.17568890415
78.65,112.183372,112.172441858803,112.174253993044,112.174253993044,112.174253993044,112.176725,112.176862835722,112.174145507812,112.175665610555
78.7,112.183372,112.172452104456,112.174275445278,112.174275445278,112.174275445278,112.177075,112.177219332115,112.174096679687,112.17564231696
78.75,112.183372,112.17246235011,112.174296897513,112.174296897513,112.174296897513,112.177425,112.177575828508,112.174047851563,112.175619023365
78.8,112.183372,112.172472595763,112.174318349747,112.174318349747,112.174318349747,112.177775,112.177932324902,112.173999023438,112.175595729771
78.85,112.183372,112.172482841417,112.174339801982,112.174339801982,112.174339801982,112.178125,112.178288821295,112.173950195312,112.175572436176
78.9,112.183372,112.17249308707,112.174361254216,112.174361254216,112.174361254216,112.178475,112.178645317688,112.173901367187,112.175549142581
78.95,112.183372,112.172503332724,112.174382706451,112.174382706451,112.174382706451,112.178825,112.179001814082,112.173852539062,112.175525848986
79,112.183372,112.172513578377,112.174404158685,112.174404158685,112.174404158685,112.179225,112.179408310475,112.173803710938,112.175502555391
79.05,112.183372,112.17252382403,112.17442561092,112.17442561092,112.17442561092,112.179675,112.179864806868,112.173754882813,112.175479261797
79.1,112.183372,112.172534069684,112.174447063154,112.174447063154,112.174447063154,112.180125,112.180321303261,112.173706054688,112.175455968202
79.15,112.183372,112.172544315337,112.174468515389,112.174468515389,112.174468515389,112.180575,112.180777799655,112.173657226562,112.175432674607
79.2,112.183372,112.172554560991,112.174489967623,112.174489967623,112.174489967623,112.181025,112.181234296048,112.173608398437,112.175409381012
79.25,112.183372,112.172564806644,112.174511419858,112.174511419858,112.174511419858,112.181475,112.181690792441,112.173559570313,112.175386087417
79.3,112.183372,112.172575052298,112.174532872092,112.174532872092,112.174532872092,112.181925,112.182147288835,112.173510742188,112.175362793823
79.35,112.183372,112.172585297951,112.174554324327,112.174554324327,112.174554324327,112.182375,112.182603785228,112.173461914062,112.175339500228
79.4,112.183372,112.172595543604,112.174575776561,112.174575776561,112.174575776561,112.182825,112.183060281621,112.173413085937,112.175316206633
79.45,112.183372,112.172605789258,112.174597228796,112.174597228796,112.174597228796,112.183275,112.183516778015,112.173364257812,112.175292913038
79.5,112.183372,112.172616034911,112.17461868103,112.17461868103,112.17461868103,112.183725,112.183973274408,112.173315429688,112.175269619443
79.55,112.183372,112.172626280565,112.174640133265,112.174640133265,112.174640133265,112.184175,112.184429770801,112.173266601563,112.175246325849
79.6,112.183372,112.172636526218,112.174661585499,112.174661585499,112.174661585499,112.184625,112.184886267195,112.173217773438,112.175223032254
79.65,112.183372,112.172646771872,112.174683037734,112.174683037734,112.174683037734,112.185075,112.185342763588,112.173168945312,112.175199738659
79.7,112.183372,112.172657017525,112.174704489968,112.174704489968,112.174704489968,112.185525,112.185799259981,112.173120117187,112.175176445064
79.75,112.183372,112.172667263179,112.174725942203,112.174725942203,112.174725942203,112.185975,112.186255756375,112.173071289063,112.175153151469
79.8,112.183372,112.172677508832,112.174747394437,112.174747394437,112.174747394437,112.186425,112.186712252768,112.173022460938,112.175129857875
79.85,112.183372,112.172687754485,112.174768846672,112.174768846672,112.174768846672,112.186875,112.187168749161,112.172973632812,112.17510656428
79.9,112.183372,112.172698000139,112.174790298906,112.174790298906,112.174790298906,112.187325,112.187625245555,112.172924804687,112.175083270685
79.95,112.183372,112.172708245792,112.174811751141,112.174811751141,112.174811751141,112.187775,112.188081741948,112.172875976562,112.17505997709
80,112.183372,112.172718491446,112.174833203375,112.174833203375,112.174833203375,112.188,112.188313238341,112.172827148438,112.175036683495
80.05,112.183372,112.17271986284,112.174820146005,112.174820146005,112.174820146005,112.188,112.188318278962,112.172778320313,112.174981826886
80.1,112.183372,112.172721234235,112.174807088635,112.174807088635,112.174807088635,112.188,112.188323319584,112.172729492188,112.174926970277
80.15,112.183372,112.172722605629,112.174794031265,112.174794031265,112.174794031265,112.188,112.188328360205,112.172680664062,112.174872113668
80.2,112.183372,112.172723977024,112.174780973894,112.174780973894,112.174780973894,112.188,112.188333400826,112.172631835937,112.174817257059
80.25,112.183372,112.172725348418,112.174767916524,112.174767916524,112.174767916524,112.188,112.188338441447,112.172583007813,112.17476240045
80.3,112.183372,112.172726719813,112.174754859154,112.174754859154,112.174754859154,112.188,112.188343482068,112.172534179688,112.17470754384
80.35,112.183372,112.172728091207,112.174741801783,112.174741801783,112.174741801783,112.188,112.18834852269,112.172485351562,112.174652687231
80.4,112.183372,112.172729462601,112.174728744413,112.174728744413,112.174728744413,112.188,112.188353563311,112.172436523437,112.174597830622
80.45,112.183372,112.172730833996,112.174715687043,112.174715687043,112.174715687043,112.188,112.188358603932,112.172387695312,112.174542974013
80.5,112.183372,112.17273220539,112.174702629672,112.174702629672,112.174702629672,112.188,112.188363644553,112.172338867188,112.174488117404
80.55,112.183372,112.172733576785,112.174689572302,112.174689572302,112.174689572302,112.188,112.188368685174,112.172290039063,112.174433260795
80.6,112.183372,112.172734948179,112.174676514932,112.174676514932,112.174676514932,112.188,112.188373725796,112.172241210938,112.174378404185
80.65,112.183372,112.172736319574,112.174663457561,112.174663457561,112.174663457561,112.188,112.188378766417,112.172192382812,112.174323547576
80.7,112.183372,112.172737690968,112.174650400191,112.174650400191,112.174650400191,112.188,112.188383807038,112.172143554687,112.174268690967
80.75,112.183372,112.172739062363,112.174637342821,112.174637342821,112.174637342821,112.188,112.188388847659,112.172094726563,112.174213834358
80.8,112.183372,112.172740433757,112.174624285451,112.174624285451,112.174624285451,112.188,112.188393888281,112.172045898438,112.174158977749
80.85,112.183372,112.172741805152,112.17461122808,112.17461122808,112.17461122808,112.188,112.188398928902,112.171997070312,112.17410412114
80.9,112.183372,112.172743176546,112.17459817071,112.17459817071,112.17459817071,112.188,112.188403969523,112.171948242187,112.17404926453
80.95,112.183372,112.172744547941,112.17458511334,112.17458511334,112.17458511334,112.188,112.188409010144,112.171899414062,112.173994407921
81,112.183372,112.172745919335,112.174572055969,112.174572055969,112.174572055969,112.188,112.188414050765,112.171850585938,112.173939551312
81.05,112.183372,112.17274729073,112.174558998599,112.174558998599,112.174558998599,112.188,112.188419091387,112.171801757813,112.173884694703
81.1,112.183372,112.172748662124,112.174545941229,112.174545941229,112.174545941229,112.188,112.188424132008,112.171752929688,112.173829838094
81.15,112.183372,112.172750033518,112.174532883858,112.174532883858,112.174532883858,112.188,112.188429172629,112.171704101562,112.173774981485
81.2,112.183372,112.172751404913,112.174519826488,112.174519826488,112.174519826488,112.188,112.18843421325,112.171655273437,112.173720124875
81.25,112.183372,112.172752776307,112.174506769118,112.174506769118,112.174506769118,112.188,112.188439253871,112.171606445313,112.173665268266
81.3,112.183372,112.172754147702,112.174493711748,112.174493711748,112.174493711748,112.188,112.188444294493,112.171557617188,112.173610411657
81.35,112.183372,112.172755519096,112.174480654377,112.174480654377,112.174480654377,112.188,112.188449335114,112.171508789062,112.173555555048
81.4,112.183372,112.172756890491,112.174467597007,112.174467597007,112.174467597007,112.188,112.188454375735,112.171459960937,112.173500698439
81.45,112.183372,112.172758261885,112.174454539637,112.174454539637,112.174454539637,112.188,112.188459416356,112.171411132812,112.17344584183
81.5,112.183372,112.17275963328,112.174441482266,112.174441482266,112.174441482266,112.188,112.188464456977,112.171362304688,112.17339098522
81.55,112.183372,112.172761004674,112.174428424896,112.174428424896,112.174428424896,112.188,112.188469497599,112.171313476563,112.173336128611
81.6,112.183372,112.172762376069,112.174415367526,112.174415367526,112.174415367526,112.188,112.18847453822,112.171264648438,112.173281272002
81.65,112.183372,112.172763747463,112.174402310155,112.174402310155,112.174402310155,112.188,112.188479578841,112.171215820312,112.173226415393
81.7,112.183372,112.172765118858,112.174389252785,112.174389252785,112.174389252785,112.188,112.188484619462,112.171166992187,112.173171558784
81.75,112.183372,112.172766490252,112.174376195415,112.174376195415,112.174376195415,112.188,112.188489660084,112.171118164063,112.173116702175
81.8,112.183372,112.172767861647,112.174363138045,112.174363138045,112.174363138045,112.188,112.188494700705,112.171069335938,112.173061845565
81.85,112.183372,112.172769233041,112.174350080674,112.174350080674,112.174350080674,112.188,112.188499741326,112.171020507812,112.173006988956
81.9,112.183372,112.172770604436,112.174337023304,112.174337023304,112.174337023304,112.188,112.188504781947,112.170971679687,112.172952132347
81.95,112.183372,112.17277197583,112.174323965934,112.174323965934,112.174323965934,112.188,112.188509822568,112.170922851562,112.172897275738
82,112.183372,112.172773347224,112.174310908563,112.174310908563,112.174310908563,112.187725,112.18823986319,112.170874023438,112.172842419129
82.05,112.183372,112.172774718619,112.174297851193,112.174297851193,112.174297851193,112.187175,112.187694903811,112.170825195313,112.17278756252
82.1,112.183372,112.172776090013,112.174284793823,112.174284793823,112.174284793823,112.186625,112.187149944432,112.170776367188,112.17273270591
82.15,112.183372,112.172777461408,112.174271736452,112.174271736452,112.174271736452,112.186075,112.186604985053,112.170727539062,112.172677849301
82.2,112.183372,112.172778832802,112.174258679082,112.174258679082,112.174258679082,112.185525,112.186060025674,112.170678710937,112.172622992692
82.25,112.183372,112.172780204197,112.174245621712,112.174245621712,112.174245621712,112.184975,112.185515066296,112.170629882813,112.172568136083
82.3,112.183372,112.172781575591,112.174232564341,112.174232564341,112.174232564341,112.184425,112.184970106917,112.170581054688,112.172513279474
82.35,112.183372,112.172782946986,112.174219506971,112.174219506971,112.174219506971,112.183875,112.184425147538,112.170532226562,112.172458422865
82.4,112.183372,112.17278431838,112.174206449601,112.174206449601,112.174206449601,112.183325,112.183880188159,112.170483398437,112.172403566255
82.45,112.183372,112.172785689775,112.174193392231,112.174193392231,112.174193392231,112.182775,112.183335228781,112.170434570312,112.172348709646
82.5,112.183372,112.172787061169,112.17418033486,112.17418033486,112.17418033486,112.182225,112.182790269402,112.170385742188,112.172293853037
82.55,112.183372,112.172788432564,112.17416727749,112.17416727749,112.17416727749,112.181675,112.182245310023,112.170336914063,112.172238996428
82.6,112.183372,112.172789803958,112.17415422012,112.17415422012,112.17415422012,112.181125,112.181700350644,112.170288085938,112.172184139819
82.65,112.183372,112.172791175353,112.174141162749,112.174141162749,112.174141162749,112.180575,112.181155391265,112.170239257812,112.17212928321
82.7,112.183372,112.172792546747,112.174128105379,112.174128105379,112.174128105379,112.180025,112.180610431887,112.170190429687,112.1720744266
82.75,112.183372,112.172793918141,112.174115048009,112.174115048009,112.174115048009,112.179475,112.180065472508,112.170141601563,112.172019569991
82.8,112.183372,112.172795289536,112.174101990638,112.174101990638,112.174101990638,112.178925,112.179520513129,112.170092773438,112.171964713382
82.85,112.183372,112.17279666093,112.174088933268,112.174088933268,112.174088933268,112.178375,112.17897555375,112.170043945312,112.171909856773
82.9,112.183372,112.172798032325,112.174075875898,112.174075875898,112.174075875898,112.177825,112.178430594371,112.169995117187,112.171855000164
82.95,112.183372,112.172799403719,112.174062818528,112.174062818528,112.174062818528,112.177275,112.177885634993,112.169946289062,112.171800143554
83,112.183372,112.172800775114,112.174049761157,112.174049761157,112.174049761157,112.176675,112.177290675614,112.169897460938,112.171745286945
83.05,112.183372,112.172802146508,112.174036703787,112.174036703787,112.174036703787,112.176025,112.176645716235,112.169848632813,112.171690430336
83.1,112.183372,112.172803517903,112.174023646417,112.174023646417,112.174023646417,112.175375,112.176000756856,112.169799804688,112.171635573727
83.15,112.183372,112.172804889297,112.174010589046,112.174010589046,112.174010589046,112.174725,112.175355797477,112.169750976562,112.171580717118
83.2,112.183372,112.172806260692,112.173997531676,112.173997531676,112.173997531676,112.174075,112.174710838099,112.169702148437,112.171525860509
83.25,112.183372,112.172807632086,112.173984474306,112.173984474306,112.173984474306,112.173425,112.17406587872,112.169653320313,112.171471003899
83.3,112.183372,112.172809003481,112.173971416935,112.173971416935,112.173971416935,112.172775,112.173420919341,112.169604492188,112.17141614729
83.35,112.183372,112.172810374875,112.173958359565,112.173958359565,112.173958359565,112.172125,112.172775959962,112.169555664062,112.171361290681
83.4,112.183372,112.17281174627,112.173945302195,112.173945302195,112.173945302195,112.171475,112.172131000584,112.169506835937,112.171306434072
83.45,112.183372,112.172813117664,112.173932244825,112.173932244825,112.173932244825,112.170825,112.171486041205,112.169458007812,112.171251577463
83.5,112.183372,112.172814489058,112.173919187454,112.173919187454,112.173919187454,112.170175,112.170841081826,112.169409179688,112.171196720854
83.55,112.183372,112.172815860453,112.173906130084,112.173906130084,112.173906130084,112.169525,112.170196122447,112.169360351563,112.171141864244
83.6,112.183372,112.172817231847,112.173893072714,112.173893072714,112.173893072714,112.168875,112.169551163068,112.169311523438,112.171087007635
83.65,112.183372,112.172818603242,112.173880015343,112.173880015343,112.173880015343,112.168225,112.16890620369,112.169262695312,112.171032151026
83.7,112.183372,112.172819974636,112.173866957973,112.173866957973,112.173866957973,112.167575,112.168261244311,112.169213867187,112.170977294417
83.75,112.183372,112.172821346031,112.173853900603,112.173853900603,112.173853900603,112.166925,112.167616284932,112.169165039063,112.170922437808
83.8,112.183372,112.172822717425,112.173840843232,112.173840843232,112.173840843232,112.166275,112.166971325553,112.169116210938,112.170867581199
83.85,112.183372,112.17282408882,112.173827785862,112.173827785862,112.173827785862,112.165625,112.166326366174,112.169067382812,112.170812724589
83.9,112.183372,112.172825460214,112.173814728492,112.173814728492,112.173814728492,112.164975,112.165681406796,112.169018554687,112.17075786798
83.95,112.183372,112.172826831609,112.173801671121,112.173801671121,112.173801671121,112.164325,112.165036447417,112.168969726562,112.170703011371
84,112.183372,112.172828203003,112.173788613751,112.173788613751,112.173788613751,112.163775,112.164491488038,112.168920898438,112.170648154762
84.05,112.183372,112.172829574398,112.173775556381,112.173775556381,112.173775556381,112.163325,112.164046528659,112.168872070313,112.170593298153
84.1,112.183372,112.172830945792,112.173762499011,112.173762499011,112.173762499011,112.162875,112.163601569281,112.168823242188,112.170538441544
84.15,112.183372,112.172832317187,112.17374944164,112.17374944164,112.17374944164,112.162425,112.163156609902,112.168774414062,112.170483584934
84.2,112.183372,112.172833688581,112.17373638427,112.17373638427,112.17373638427,112.161975,112.162711650523,112.168725585937,112.170428728325
84.25,112.183372,112.172835059975,112.1737233269,112.1737233269,112.1737233269,112.161525,112.162266691144,112.168676757813,112.170373871716
84.3,112.183372,112.17283643137,112.173710269529,112.173710269529,112.173710269529,112.161075,112.161821731765,112.168627929688,112.170319015107
84.35,112.183372,112.172837802764,112.173697212159,112.173697212159,112.173697212159,112.160625,112.161376772387,112.168579101562,112.170264158498
84.4,112.183372,112.172839174159,112.173684154789,112.173684154789,112.173684154789,112.160175,112.160931813008,112.168530273437,112.170209301889
84.45,112.183372,112.172840545553,112.173671097418,112.173671097418,112.173671097418,112.159725,112.160486853629,112.168481445312,112.170154445279
84.5,112.183372,112.172841916948,112.173658040048,112.173658040048,112.173658040048,112.159275,112.16004189425,112.168432617188,112.17009958867
84.55,112.183372,112.172843288342,112.173644982678,112.173644982678,112.173644982678,112.158825,112.159596934871,112.168383789063,112.170044732061
84.6,112.183372,112.172844659737,112.173631925308,112.173631925308,112.173631925308,112.158375,112.159151975493,112.168334960938,112.169989875452
84.65,112.183372,112.172846031131,112.173618867937,112.173618867937,112.173618867937,112.157925,112.158707016114,112.168286132812,112.169935018843
84.7,112.183372,112.172847402526,112.173605810567,112.173605810567,112.173605810567,112.157475,112.158262056735,112.168237304687,112.169880162234
84.75,112.183372,112.17284877392,112.173592753197,112.173592753197,112.173592753197,112.157025,112.157817097356,112.168188476563,112.169825305624
84.8,112.183372,112.172850145315,112.173579695826,112.173579695826,112.173579695826,112.156575,112.157372137977,112.168139648438,112.169770449015
84.85,112.183372,112.172851516709,112.173566638456,112.173566638456,112.173566638456,112.156125,112.156927178599,112.168090820312,112.169715592406
84.9,112.183372,112.172852888104,112.173553581086,112.173553581086,112.173553581086,112.155675,112.15648221922,112.168041992187,112.169660735797
84.95,112.183372,112.172854259498,112.173540523715,112.173540523715,112.173540523715,112.155225,112.156037259841,112.167993164062,112.169605879188
85,112.183372,112.172855630892,112.173527466345,112.173527466345,112.173527466345,112.155,112.155817300462,112.167993164062,112.169599850704
85.05,112.183372,112.172857002287,112.173514408975,112.173514408975,112.173514408975,112.155,112.155822341084,112.168041992187,112.169642650344
85.1,112.183372,112.172858373681,112.173501351605,112.173501351605,112.173501351605,112.155,112.155827381705,112.168090820312,112.169685449985
85.15,112.183372,112.172859745076,112.173488294234,112.173488294234,112.173488294234,112.155,112.155832422326,112.168139648438,112.169728249626
85.2,112.183372,112.17286111647,112.173475236864,112.173475236864,112.173475236864,112.155,112.155837462947,112.168188476563,112.169771049267
85.25,112.183372,112.172862487865,112.173462179494,112.173462179494,112.173462179494,112.155,112.155842503568,112.168237304687,112.169813848908
85.3,112.183372,112.172863859259,112.173449122123,112.173449122123,112.173449122123,112.155,112.15584754419,112.168286132812,112.169856648549
85.35,112.183372,112.172865230654,112.173436064753,112.173436064753,112.173436064753,112.155,112.155852584811,112.168334960938,112.169899448189
85.4,112.183372,112.172866602048,112.173423007383,112.173423007383,112.173423007383,112.155,112.155857625432,112.168383789063,112.16994224783
85.45,112.183372,112.172867973443,112.173409950012,112.173409950012,112.173409950012,112.155,112.155862666053,112.168432617188,112.169985047471
85.5,112.183372,112.172869344837,112.173396892642,112.173396892642,112.173396892642,112.155,112.155867706674,112.168481445312,112.170027847112
85.55,112.183372,112.172870716232,112.173383835272,112.173383835272,112.173383835272,112.155,112.155872747296,112.168530273437,112.170070646753
85.6,112.183372,112.172872087626,112.173370777901,112.173370777901,112.173370777901,112.155,112.155877787917,112.168579101562,112.170113446394
85.65,112.183372,112.172873459021,112.173357720531,112.173357720531,112.173357720531,112.155,112.155882828538,112.168627929688,112.170156246034
85.7,112.183372,112.172874830415,112.173344663161,112.173344663161,112.173344663161,112.155,112.155887869159,112.168676757813,112.170199045675
85.75,112.183372,112.17287620181,112.173331605791,112.173331605791,112.173331605791,112.155,112.155892909781,112.168725585937,112.170241845316
85.8,112.183372,112.172877573204,112.17331854842,112.17331854842,112.17331854842,112.155,112.155897950402,112.168774414062,112.170284644957
85.85,112.183372,112.172878944598,112.17330549105,112.17330549105,112.17330549105,112.155,112.155902991023,112.168823242188,112.170327444598
85.9,112.183372,112.172880315993,112.17329243368,112.17329243368,112.17329243368,112.155,112.155908031644,112.168872070313,112.170370244239
85.95,112.183372,112.172881687387,112.173279376309,112.173279376309,112.173279376309,112.155,112.155913072265,112.168920898438,112.170413043879
86,112.183372,112.172883058782,112.173266318939,112.173266318939,112.173266318939,112.155,112.155918112887,112.168969726562,112.17045584352
86.05,112.183372,112.172884430176,112.173253261569,112.173253261569,112.173253261569,112.155,112.155923153508,112.169018554687,112.170498643161
86.1,112.183372,112.172885801571,112.173240204198,112.173240204198,112.173240204198,112.155,112.155928194129,112.169067382812,112.170541442802
86.15,112.183372,112.172887172965,112.173227146828,112.173227146828,112.173227146828,112.155,112.15593323475,112.169116210938,112.170584242443
86.2,112.183372,112.17288854436,112.173214089458,112.173214089458,112.173214089458,112.155,112.155938275371,112.169165039063,112.170627042084
86.25,112.183372,112.172889915754,112.173201032088,112.173201032088,112.173201032088,112.155,112.155943315993,112.169213867187,112.170669841724
86.3,112.183372,112.172891287149,112.173187974717,112.173187974717,112.173187974717,112.155,112.155948356614,112.169262695312,112.170712641365
86.35,112.183372,112.172892658543,112.173174917347,112.173174917347,112.173174917347,112.155,112.155953397235,112.169311523438,112.170755441006
86.4,112.183372,112.172894029938,112.173161859977,112.173161859977,112.173161859977,112.155,112.155958437856,112.169360351563,112.170798240647
86.45,112.183372,112.172895401332,112.173148802606,112.173148802606,112.173148802606,112.155,112.155963478477,112.169409179688,112.170841040288
86.5,112.183372,112.172896772727,112.173135745236,112.173135745236,112.173135745236,112.155,112.155968519099,112.169458007812,112.170883839928
86.55,112.183372,112.172898144121,112.173122687866,112.173122687866,112.173122687866,112.155,112.15597355972,112.169506835937,112.170926639569
86.6,112.183372,112.172899515515,112.173109630495,112.173109630495,112.173109630495,112.155,112.155978600341,112.169555664062,112.17096943921
86.65,112.183372,112.17290088691,112.173096573125,112.173096573125,112.173096573125,112.155,112.155983640962,112.169604492188,112.171012238851
86.7,112.183372,112.172902258304,112.173083515755,112.173083515755,112.173083515755,112.155,112.155988681584,112.169653320313,112.171055038492
86.75,112.183372,112.172903629699,112.173070458385,112.173070458385,112.173070458385,112.155,112.155993722205,112.169702148437,112.171097838133
86.8,112.183372,112.172905001093,112.173057401014,112.173057401014,112.173057401014,112.155,112.155998762826,112.169750976562,112.171140637773
86.85,112.183372,112.172906372488,112.173044343644,112.173044343644,112.173044343644,112.155,112.156003803447,112.169799804688,112.171183437414
86.9,112.183372,112.172907743882,112.173031286274,112.173031286274,112.173031286274,112.155,112.156008844068,112.169848632813,112.171226237055
86.95,112.183372,112.172909115277,112.173018228903,112.173018228903,112.173018228903,112.155,112.15601388469,112.169897460938,112.171269036696
87,112.183372,112.172910486671,112.173005171533,112.173005171533,112.173005171533,112.155275,112.156293925311,112.169946289062,112.171311836337
87.05,112.183372,112.172911858066,112.172992114163,112.172992114163,112.172992114163,112.155825,112.156848965932,112.169995117187,112.171354635978
87.1,112.183372,112.17291322946,112.172979056792,112.172979056792,112.172979056792,112.156375,112.157404006553,112.170043945312,112.171397435618
87.15,112.183372,112.172914600855,112.172965999422,112.172965999422,112.172965999422,112.156925,112.157959047174,112.170092773438,112.171440235259
87.2,112.183372,112.172915972249,112.172952942052,112.172952942052,112.172952942052,112.157475,112.158514087796,112.170141601563,112.1714830349
87.25,112.183372,112.172917343644,112.172939884681,112.172939884681,112.172939884681,112.158025,112.159069128417,112.170190429687,112.171525834541
87.3,112.183372,112.172918715038,112.172926827311,112.172926827311,112.172926827311,112.158575,112.159624169038,112.170239257812,112.171568634182
87.35,112.183372,112.172920086432,112.172913769941,112.172913769941,112.172913769941,112.159125,112.160179209659,112.170288085938,112.171611433823
87.4,112.183372,112.172921457827,112.172900712571,112.172900712571,112.172900712571,112.159675,112.160734250281,112.170336914063,112.171654233463
87.45,112.183372,112.172922829221,112.1728876552,112.1728876552,112.1728876552,112.160225,112.161289290902,112.170385742188,112.171697033104
87.5,112.183372,112.172924200616,112.17287459783,112.17287459783,112.17287459783,112.160775,112.161844331523,112.170434570312,112.171739832745
87.55,112.183372,112.17292557201,112.17286154046,112.17286154046,112.17286154046,112.161325,112.162399372144,112.170483398437,112.171782632386
87.6,112.183372,112.172926943405,112.172848483089,112.172848483089,112.172848483089,112.161875,112.162954412765,112.170532226562,112.171825432027
87.65,112.183372,112.172928314799,112.172835425719,112.172835425719,112.172835425719,112.162425,112.163509453387,112.170581054688,112.171868231668
87.7,112.183372,112.172929686194,112.172822368349,112.172822368349,112.172822368349,112.162975,112.164064494008,112.170629882813,112.171911031308
87.75,112.183372,112.172931057588,112.172809310978,112.172809310978,112.172809310978,112.163525,112.164619534629,112.170678710937,112.171953830949
87.8,112.183372,112.172932428983,112.172796253608,112.172796253608,112.172796253608,112.164075,112.16517457525,112.170727539062,112.17199663059
87.85,112.183372,112.172933800377,112.172783196238,112.172783196238,112.172783196238,112.164625,112.165729615871,112.170776367188,112.172039430231
87.9,112.183372,112.172935171772,112.172770138868,112.172770138868,112.172770138868,112.165175,112.166284656493,112.170825195313,112.172082229872
87.95,112.183372,112.172936543166,112.172757081497,112.172757081497,112.172757081497,112.165725,112.166839697114,112.170874023438,112.172125029513
88,112.183372,112.172937914561,112.172744024127,112.172744024127,112.172744024127,112.1663,112.167419737735,112.170922851562,112.172167829153
88.05,112.183372,112.172939285955,112.172730966757,112.172730966757,112.172730966757,112.1669,112.168024778356,112.170971679687,112.172210628794
88.1,112.183372,112.172940657349,112.172717909386,112.172717909386,112.172717909386,112.1675,112.168629818977,112.171020507812,112.172253428435
88.15,112.183372,112.172942028744,112.172704852016,112.172704852016,112.172704852016,112.1681,112.169234859599,112.171069335938,112.172296228076
88.2,112.183372,112.172943400138,112.172691794646,112.172691794646,112.172691794646,112.1687,112.16983990022,112.171118164063,112.172339027717
88.25,112.183372,112.172944771533,112.172678737275,112.172678737275,112.172678737275,112.1693,112.170444940841,112.171166992187,112.172381827358
88.3,112.183372,112.172946142927,112.172665679905,112.172665679905,112.172665679905,112.1699,112.171049981462,112.171215820312,112.172424626998
88.35,112.183372,112.172947514322,112.172652622535,112.172652622535,112.172652622535,112.1705,112.171655022084,112.171264648438,112.172467426639
88.4,112.183372,112.172948885716,112.172639565164,112.172639565164,112.172639565164,112.1711,112.172260062705,112.171313476563,112.17251022628
88.45,112.183372,112.172950257111,112.172626507794,112.172626507794,112.172626507794,112.1717,112.172865103326,112.171362304688,112.172553025921
88.5,112.183372,112.172951628505,112.172613450424,112.172613450424,112.172613450424,112.1723,112.173470143947,112.171411132812,112.172595825562
88.55,112.183372,112.1729529999,112.172600393054,112.172600393054,112.172600393054,112.1729,112.174075184568,112.171459960937,112.172638625203
88.6,112.183372,112.172954371294,112.172587335683,112.172587335683,112.172587335683,112.1735,112.17468022519,112.171508789062,112.172681424843
88.65,112.183372,112.172955742689,112.172574278313,112.172574278313,112.172574278313,112.1741,112.175285265811,112.171557617188,112.172724224484
88.7,112.183372,112.172957114083,112.172561220943,112.172561220943,112.172561220943,112.1747,112.175890306432,112.171606445313,112.172767024125
88.75,112.183372,112.172958485478,112.172548163572,112.172548163572,112.172548163572,112.1753,112.176495347053,112.171655273437,112.172809823766
88.8,112.183372,112.172959856872,112.172535106202,112.172535106202,112.172535106202,112.1759,112.177100387674,112.171704101562,112.172852623407
88.85,112.183372,112.172961228267,112.172522048832,112.172522048832,112.172522048832,112.1765,112.177705428296,112.171752929688,112.172895423048
88.9,112.183372,112.172962599661,112.172508991461,112.172508991461,112.172508991461,112.1771,112.178310468917,112.171801757813,112.172938222688
88.95,112.183372,112.172963971055,112.172495934091,112.172495934091,112.172495934091,112.1777,112.178915509538,112.171850585938,112.172981022329
89,112.183372,112.17296534245,112.172482876721,112.172482876721,112.172482876721,112.178,112.179220550159,112.171899414062,112.17302382197
89.05,112.183372,112.172966713844,112.172469819351,112.172469819351,112.172469819351,112.178,112.179225590781,112.171948242187,112.173066621611
89.1,112.183372,112.172968085239,112.17245676198,112.17245676198,112.17245676198,112.178,112.179230631402,112.171997070312,112.173109421252
89.15,112.183372,112.172969456633,112.17244370461,112.17244370461,112.17244370461,112.178,112.179235672023,112.172045898438,112.173152220893
89.2,112.183372,112.172970828028,112.17243064724,112.17243064724,112.17243064724,112.178,112.179240712644,112.172094726563,112.173195020533
89.25,112.183372,112.172972199422,112.172417589869,112.172417589869,112.172417589869,112.178,112.179245753265,112.172143554687,112.173237820174
89.3,112.183372,112.172973570817,112.172404532499,112.172404532499,112.172404532499,112.178,112.179250793887,112.172192382812,112.173280619815
89.35,112.183372,112.172974942211,112.172391475129,112.172391475129,112.172391475129,112.178,112.179255834508,112.172241210938,112.173323419456
89.4,112.183372,112.172976313606,112.172378417758,112.172378417758,112.172378417758,112.178,112.179260875129,112.172290039063,112.173366219097
89.45,112.183372,112.172977685,112.172365360388,112.172365360388,112.172365360388,112.178,112.17926591575,112.172338867188,112.173409018738
89.5,112.183372,112.172979056395,112.172352303018,112.172352303018,112.172352303018,112.178,112.179270956371,112.172387695312,112.173451818378
89.55,112.183372,112.172980427789,112.172339245648,112.172339245648,112.172339245648,112.178,112.179275996993,112.172436523437,112.173494618019
89.6,112.183372,112.172981799184,112.172326188277,112.172326188277,112.172326188277,112.178,112.179281037614,112.172485351562,112.17353741766
89.65,112.183372,112.172983170578,112.172313130907,112.172313130907,112.172313130907,112.178,112.179286078235,112.172534179688,112.173580217301
89.7,112.183372,112.172984541972,112.172300073537,112.172300073537,112.172300073537,112.178,112.179291118856,112.172583007813,112.173623016942
89.75,112.183372,112.172985913367,112.172287016166,112.172287016166,112.172287016166,112.178,112.179296159477,112.172631835937,112.173665816583
89.8,112.183372,112.172987284761,112.172273958796,112.172273958796,112.172273958796,112.178,112.179301200099,112.172680664062,112.173708616223
89.85,112.183372,112.172988656156,112.172260901426,112.172260901426,112.172260901426,112.178,112.17930624072,112.172729492188,112.173751415864
89.9,112.183372,112.17299002755,112.172247844055,112.172247844055,112.172247844055,112.178,112.179311281341,112.172778320313,112.173794215505
89.95,112.183372,112.172991398945,112.172234786685,112.172234786685,112.172234786685,112.178,112.179316321962,112.172827148438,112.173837015146
90,112.183372,112.172992770339,112.172221729315,112.172221729315,112.172221729315,112.178,112.179321362584,112.172875976562,112.173879814787
90.05,112.183372,112.172994892638,112.17222640059,112.17222640059,112.17222640059,112.178,112.179316288003,112.172924804687,112.173919954985
90.1,112.183372,112.172997014936,112.172231071865,112.172231071865,112.172231071865,112.178,112.179311213423,112.172973632812,112.173960095183
90.15,112.183372,112.172999137234,112.17223574314,112.17223574314,112.17223574314,112.178,112.179306138842,112.173022460938,112.174000235381
90.2,112.183372,112.173001259533,112.172240414415,112.172240414415,112.172240414415,112.178,112.179301064262,112.173071289063,112.174040375579
90.25,112.183372,112.173003381831,112.172245085689,112.172245085689,112.172245085689,112.178,112.179295989681,112.173120117187,112.174080515778
90.3,112.183372,112.17300550413,112.172249756964,112.172249756964,112.172249756964,112.178,112.179290915101,112.173168945312,112.174120655976
90.35,112.183372,112.173007626428,112.172254428239,112.172254428239,112.172254428239,112.178,112.17928584052,112.173217773438,112.174160796174
90.4,112.183372,112.173009748726,112.172259099514,112.172259099514,112.172259099514,112.178,112.17928076594,112.173266601563,112.174200936372
90.45,112.183372,112.173011871025,112.172263770789,112.172263770789,112.172263770789,112.178,112.179275691359,112.173315429688,112.17424107657
90.5,112.183372,112.173013993323,112.172268442064,112.172268442064,112.172268442064,112.178,112.179270616779,112.173364257812,112.174281216769
90.55,112.183372,112.173016115621,112.172273113339,112.172273113339,112.172273113339,112.178,112.179265542198,112.173413085937,112.174321356967
90.6,112.183372,112.17301823792,112.172277784614,112.172277784614,112.172277784614,112.178,112.179260467618,112.173461914062,112.174361497165
90.65,112.183372,112.173020360218,112.172282455889,112.172282455889,112.172282455889,112.178,112.179255393037,112.173510742188,112.174401637363
90.7,112.183372,112.173022482517,112.172287127164,112.172287127164,112.172287127164,112.178,112.179250318457,112.173559570313,112.174441777561
90.75,112.183372,112.173024604815,112.172291798439,112.172291798439,112.172291798439,112.178,112.179245243876,112.173608398437,112.17448191776
90.8,112.183372,112.173026727113,112.172296469714,112.172296469714,112.172296469714,112.178,112.179240169296,112.173657226562,112.174522057958
90.85,112.183372,112.173028849412,112.172301140989,112.172301140989,112.172301140989,112.178,112.179235094715,112.173706054688,112.174562198156
90.9,112.183372,112.17303097171,112.172305812264,112.172305812264,112.172305812264,112.178,112.179230020135,112.173754882813,112.174602338354
90.95,112.183372,112.173033094009,112.172310483539,112.172310483539,112.172310483539,112.178,112.179224945554,112.173803710938,112.174642478552
91,112.183372,112.173035216307,112.172315154814,112.172315154814,112.172315154814,112.17795,112.179169870974,112.173852539062,112.174682618751
91.05,112.183372,112.173037338605,112.172319826089,112.172319826089,112.172319826089,112.17785,112.179064796393,112.173901367187,112.174722758949
91.1,112.183372,112.173039460904,112.172324497363,112.172324497363,112.172324497363,112.17775,112.178959721813,112.173950195312,112.174762899147
91.15,112.183372,112.173041583202,112.172329168638,112.172329168638,112.172329168638,112.17765,112.178854647232,112.173999023438,112.174803039345
91.2,112.183372,112.1730437055,112.172333839913,112.172333839913,112.172333839913,112.17755,112.178749572652,112.174047851563,112.174843179544
91.25,112.183372,112.173045827799,112.172338511188,112.172338511188,112.172338511188,112.17745,112.178644498071,112.174096679687,112.174883319742
91.3,112.183372,112.173047950097,112.172343182463,112.172343182463,112.172343182463,112.17735,112.178539423491,112.174145507812,112.17492345994
91.35,112.183372,112.173050072396,112.172347853738,112.172347853738,112.172347853738,112.17725,112.178434348911,112.174194335938,112.174963600138
91.4,112.183372,112.173052194694,112.172352525013,112.172352525013,112.172352525013,112.17715,112.17832927433,112.174243164063,112.175003740336
91.45,112.183372,112.173054316992,112.172357196288,112.172357196288,112.172357196288,112.17705,112.17822419975,112.174291992188,112.175043880535
91.5,112.183372,112.173056439291,112.172361867563,112.172361867563,112.172361867563,112.17695,112.178119125169,112.174340820312,112.175084020733
91.55,112.183372,112.173058561589,112.172366538838,112.172366538838,112.172366538838,112.17685,112.178014050589,112.174389648437,112.175124160931
91.6,112.183372,112.173060683888,112.172371210113,112.172371210113,112.172371210113,112.17675,112.177908976008,112.174438476562,112.175164301129
91.65,112.183372,112.173062806186,112.172375881388,112.172375881388,112.172375881388,112.17665,112.177803901428,112.174487304688,112.175204441327
91.7,112.183372,112.173064928484,112.172380552663,112.172380552663,112.172380552663,112.17655,112.177698826847,112.174536132813,112.175244581526
91.75,112.183372,112.173067050783,112.172385223938,112.172385223938,112.172385223938,112.17645,112.177593752267,112.174584960937,112.175284721724
91.8,112.183372,112.173069173081,112.172389895213,112.172389895213,112.172389895213,112.17635,112.177488677686,112.174633789062,112.175324861922
91.85,112.183372,112.17307129538,112.172394566488,112.172394566488,112.172394566488,112.17625,112.177383603106,112.174682617188,112.17536500212
91.9,112.183372,112.173073417678,112.172399237762,112.172399237762,112.172399237762,112.17615,112.177278528525,112.174731445313,112.175405142318
91.95,112.183372,112.173075539976,112.172403909037,112.172403909037,112.172403909037,112.17605,112.177173453945,112.174780273438,112.175445282517
92,112.183372,112.173077662275,112.172408580312,112.172408580312,112.172408580312,112.176,112.177118379364,112.174829101562,112.175485422715
92.05,112.183372,112.173079784573,112.172413251587,112.172413251587,112.172413251587,112.176,112.177113304784,112.174877929687,112.175525562913
92.1,112.183372,112.173081906871,112.172417922862,112.172417922862,112.172417922862,112.176,112.177108230203,112.174926757812,112.175565703111
92.15,112.183372,112.17308402917,112.172422594137,112.172422594137,112.172422594137,112.176,112.177103155623,112.174975585938,112.175605843309
92.2,112.183372,112.173086151468,112.172427265412,112.172427265412,112.172427265412,112.176,112.177098081042,112.175024414063,112.175645983508
92.25,112.183372,112.173088273767,112.172431936687,112.172431936687,112.172431936687,112.176,112.177093006462,112.175073242187,112.175686123706
92.3,112.183372,112.173090396065,112.172436607962,112.172436607962,112.172436607962,112.176,112.177087931881,112.175122070312,112.175726263904
92.35,112.183372,112.173092518363,112.172441279237,112.172441279237,112.172441279237,112.176,112.177082857301,112.175170898438,112.175766404102
92.4,112.183372,112.173094640662,112.172445950512,112.172445950512,112.172445950512,112.176,112.17707778272,112.175219726563,112.1758065443
92.45,112.183372,112.17309676296,112.172450621787,112.172450621787,112.172450621787,112.176,112.17707270814,112.175268554688,112.175846684499
92.5,112.183372,112.173098885259,112.172455293062,112.172455293062,112.172455293062,112.176,112.177067633559,112.175317382812,112.175886824697
92.55,112.183372,112.173101007557,112.172459964337,112.172459964337,112.172459964337,112.176,112.177062558979,112.175366210937,112.175926964895
92.6,112.183372,112.173103129855,112.172464635612,112.172464635612,112.172464635612,112.176,112.177057484398,112.175415039062,112.175967105093
92.65,112.183372,112.173105252154,112.172469306887,112.172469306887,112.172469306887,112.176,112.177052409818,112.175463867188,112.176007245291
92.7,112.183372,112.173107374452,112.172473978162,112.172473978162,112.172473978162,112.176,112.177047335237,112.175512695313,112.17604738549
92.75,112.183372,112.17310949675,112.172478649436,112.172478649436,112.172478649436,112.176,112.177042260657,112.175561523437,112.176087525688
92.8,112.183372,112.173111619049,112.172483320711,112.172483320711,112.172483320711,112.176,112.177037186077,112.175610351562,112.176127665886
92.85,112.183372,112.173113741347,112.172487991986,112.172487991986,112.172487991986,112.176,112.177032111496,112.175659179688,112.176167806084
92.9,112.183372,112.173115863646,112.172492663261,112.172492663261,112.172492663261,112.176,112.177027036916,112.175708007813,112.176207946282
92.95,112.183372,112.173117985944,112.172497334536,112.172497334536,112.172497334536,112.176,112.177021962335,112.175756835938,112.176248086481
93,112.183372,112.173120108242,112.172502005811,112.172502005811,112.172502005811,112.176,112.177016887755,112.175756835938,112.176239398554
93.05,112.183372,112.173122230541,112.172506677086,112.172506677086,112.172506677086,112.176,112.177011813174,112.175708007813,112.176181882502
93.1,112.183372,112.173124352839,112.172511348361,112.172511348361,112.172511348361,112.176,112.177006738594,112.175659179688,112.17612436645
93.15,112.183372,112.173126475138,112.172516019636,112.172516019636,112.172516019636,112.176,112.177001664013,112.175610351562,112.176066850398
93.2,112.183372,112.173128597436,112.172520690911,112.172520690911,112.172520690911,112.176,112.176996589433,112.175561523437,112.176009334347
93.25,112.183372,112.173130719734,112.172525362186,112.172525362186,112.172525362186,112.176,112.176991514852,112.175512695313,112.175951818295
93.3,112.183372,112.173132842033,112.172530033461,112.172530033461,112.172530033461,112.176,112.176986440272,112.175463867188,112.175894302243
93.35,112.183372,112.173134964331,112.172534704736,112.172534704736,112.172534704736,112.176,112.176981365691,112.175415039062,112.175836786191
93.4,112.183372,112.173137086629,112.172539376011,112.172539376011,112.172539376011,112.176,112.176976291111,112.175366210937,112.175779270139
93.45,112.183372,112.173139208928,112.172544047286,112.172544047286,112.172544047286,112.176,112.17697121653,112.175317382812,112.175721754088
93.5,112.183372,112.173141331226,112.172548718561,112.172548718561,112.172548718561,112.176,112.17696614195,112.175268554688,112.175664238036
93.55,112.183372,112.173143453525,112.172553389835,112.172553389835,112.172553389835,112.176,112.176961067369,112.175219726563,112.175606721984
93.6,112.183372,112.173145575823,112.17255806111,112.17255806111,112.17255806111,112.176,112.176955992789,112.175170898438,112.175549205932
93.65,112.183372,112.173147698121,112.172562732385,112.172562732385,112.172562732385,112.176,112.176950918208,112.175122070312,112.17549168988
93.7,112.183372,112.17314982042,112.17256740366,112.17256740366,112.17256740366,112.176,112.176945843628,112.175073242187,112.175434173829
93.75,112.183372,112.173151942718,112.172572074935,112.172572074935,112.172572074935,112.176,112.176940769047,112.175024414063,112.175376657777
93.8,112.183372,112.173154065017,112.17257674621,112.17257674621,112.17257674621,112.176,112.176935694467,112.174975585938,112.175319141725
93.85,112.183372,112.173156187315,112.172581417485,112.172581417485,112.172581417485,112.176,112.176930619886,112.174926757812,112.175261625673
93.9,112.183372,112.173158309613,112.17258608876,112.17258608876,112.17258608876,112.176,112.176925545306,112.174877929687,112.175204109621
93.95,112.183372,112.173160431912,112.172590760035,112.172590760035,112.172590760035,112.176,112.176920470725,112.174829101562,112.17514659357
94,112.183372,112.17316255421,112.17259543131,112.17259543131,112.17259543131,112.176,112.176915396145,112.174780273438,112.175089077518
94.05,112.183372,112.173164676508,112.172600102585,112.172600102585,112.172600102585,112.176,112.176910321564,112.174731445313,112.175031561466
94.1,112.183372,112.173166798807,112.17260477386,112.17260477386,112.17260477386,112.176,112.176905246984,112.174682617188,112.174974045414
94.15,112.183372,112.173168921105,112.172609445135,112.172609445135,112.172609445135,112.176,112.176900172404,112.174633789062,112.174916529362
94.2,112.183372,112.173171043404,112.17261411641,112.17261411641,112.17261411641,112.176,112.176895097823,112.174584960937,112.174859013311
94.25,112.183372,112.173173165702,112.172618787685,112.172618787685,112.172618787685,112.176,112.176890023243,112.174536132813,112.174801497259
94.3,112.183372,112.173175288,112.17262345896,112.17262345896,112.17262345896,112.176,112.176884948662,112.174487304688,112.174743981207
94.35,112.183372,112.173177410299,112.172628130235,112.172628130235,112.172628130235,112.176,112.176879874082,112.174438476562,112.174686465155
94.4,112.183372,112.173179532597,112.172632801509,112.172632801509,112.172632801509,112.176,112.176874799501,112.174389648437,112.174628949103
94.45,112.183372,112.173181654896,112.172637472784,112.172637472784,112.172637472784,112.176,112.176869724921,112.174340820312,112.174571433052
94.5,112.183372,112.173183777194,112.172642144059,112.172642144059,112.172642144059,112.176,112.17686465034,112.174291992188,112.174513917
94.55,112.183372,112.173185899492,112.172646815334,112.172646815334,112.172646815334,112.176,112.17685957576,112.174243164063,112.174456400948
94.6,112.183372,112.173188021791,112.172651486609,112.172651486609,112.172651486609,112.176,112.176854501179,112.174194335938,112.174398884896
94.65,112.183372,112.173190144089,112.172656157884,112.172656157884,112.172656157884,112.176,112.176849426599,112.174145507812,112.174341368844
94.7,112.183372,112.173192266387,112.172660829159,112.172660829159,112.172660829159,112.176,112.176844352018,112.174096679687,112.174283852793
94.75,112.183372,112.173194388686,112.172665500434,112.172665500434,112.172665500434,112.176,112.176839277438,112.174047851563,112.174226336741
94.8,112.183372,112.173196510984,112.172670171709,112.172670171709,112.172670171709,112.176,112.176834202857,112.173999023438,112.174168820689
94.85,112.183372,112.173198633283,112.172674842984,112.172674842984,112.172674842984,112.176,112.176829128277,112.173950195312,112.174111304637
94.9,112.183372,112.173200755581,112.172679514259,112.172679514259,112.172679514259,112.176,112.176824053696,112.173901367187,112.174053788585
94.95,112.183372,112.173202877879,112.172684185534,112.172684185534,112.172684185534,112.176,112.176818979116,112.173852539062,112.173996272534
95,112.183372,112.173205000178,112.172688856809,112.172688856809,112.172688856809,112.176,112.176813904535,112.173803710938,112.173938756482
95.05,112.183372,112.173207122476,112.172693528084,112.172693528084,112.172693528084,112.176,112.176808829955,112.173754882813,112.17388124043
95.1,112.183372,112.173209244775,112.172698199359,112.172698199359,112.172698199359,112.176,112.176803755374,112.173706054688,112.173823724378
95.15,112.183372,112.173211367073,112.172702870634,112.172702870634,112.172702870634,112.176,112.176798680794,112.173657226562,112.173766208326
95.2,112.183372,112.173213489371,112.172707541908,112.172707541908,112.172707541908,112.176,112.176793606213,112.173608398437,112.173708692275
95.25,112.183372,112.17321561167,112.172712213183,112.172712213183,112.172712213183,112.176,112.176788531633,112.173559570313,112.173651176223
95.3,112.183372,112.173217733968,112.172716884458,112.172716884458,112.172716884458,112.176,112.176783457052,112.173510742188,112.173593660171
95.35,112.183372,112.173219856266,112.172721555733,112.172721555733,112.172721555733,112.176,112.176778382472,112.173461914062,112.173536144119
95.4,112.183372,112.173221978565,112.172726227008,112.172726227008,112.172726227008,112.176,112.176773307891,112.173413085937,112.173478628067
95.45,112.183372,112.173224100863,112.172730898283,112.172730898283,112.172730898283,112.176,112.176768233311,112.173364257812,112.173421112016
95.5,112.183372,112.173226223162,112.172735569558,112.172735569558,112.172735569558,112.176,112.17676315873,112.173315429688,112.173363595964
95.55,112.183372,112.17322834546,112.172740240833,112.172740240833,112.172740240833,112.176,112.17675808415,112.173266601563,112.173306079912
95.6,112.183372,112.173230467758,112.172744912108,112.172744912108,112.172744912108,112.176,112.17675300957,112.173217773438,112.17324856386
95.65,112.183372,112.173232590057,112.172749583383,112.172749583383,112.172749583383,112.176,112.176747934989,112.173168945312,112.173191047808
95.7,112.183372,112.173234712355,112.172754254658,112.172754254658,112.172754254658,112.176,112.176742860409,112.173120117187,112.173133531757
95.75,112.183372,112.173236834654,112.172758925933,112.172758925933,112.172758925933,112.176,112.176737785828,112.173071289063,112.173076015705
95.8,112.183372,112.173238956952,112.172763597208,112.172763597208,112.172763597208,112.176,112.176732711248,112.173022460938,112.173018499653
95.85,112.183372,112.17324107925,112.172768268483,112.172768268483,112.172768268483,112.176,112.176727636667,112.172973632812,112.172960983601
95.9,112.183372,112.173243201549,112.172772939758,112.172772939758,112.172772939758,112.176,112.176722562087,112.172924804687,112.172903467549
95.95,112.183372,112.173245323847,112.172777611033,112.172777611033,112.172777611033,112.176,112.176717487506,112.172875976562,112.172845951498
96,112.183372,112.173247446145,112.172782282308,112.172782282308,112.172782282308,112.17595,112.176662412926,112.172827148438,112.172788435446
96.05,112.183372,112.173249568444,112.172786953582,112.172786953582,112.172786953582,112.17585,112.176557338345,112.172778320313,112.172730919394
96.1,112.183372,112.173251690742,112.172791624857,112.172791624857,112.172791624857,112.17575,112.176452263765,112.172729492188,112.172673403342
96.15,112.183372,112.173253813041,112.172796296132,112.172796296132,112.172796296132,112.17565,112.176347189184,112.172680664062,112.17261588729
96.2,112.183372,112.173255935339,112.172800967407,112.172800967407,112.172800967407,112.17555,112.176242114604,112.172631835937,112.172558371239
96.25,112.183372,112.173258057637,112.172805638682,112.172805638682,112.172805638682,112.17545,112.176137040023,112.172583007813,112.172500855187
96.3,112.183372,112.173260179936,112.172810309957,112.172810309957,112.172810309957,112.17535,112.176031965443,112.172534179688,112.172443339135
96.35,112.183372,112.173262302234,112.172814981232,112.172814981232,112.172814981232,112.17525,112.175926890862,112.172485351562,112.172385823083
96.4,112.183372,112.173264424533,112.172819652507,112.172819652507,112.172819652507,112.17515,112.175821816282,112.172436523437,112.172328307031
96.45,112.183372,112.173266546831,112.172824323782,112.172824323782,112.172824323782,112.17505,112.175716741701,112.172387695312,112.17227079098
96.5,112.183372,112.173268669129,112.172828995057,112.172828995057,112.172828995057,112.17495,112.175611667121,112.172338867188,112.172213274928
96.55,112.183372,112.173270791428,112.172833666332,112.172833666332,112.172833666332,112.17485,112.17550659254,112.172290039063,112.172155758876
96.6,112.183372,112.173272913726,112.172838337607,112.172838337607,112.172838337607,112.17475,112.17540151796,112.172241210938,112.172098242824
96.65,112.183372,112.173275036024,112.172843008882,112.172843008882,112.172843008882,112.17465,112.175296443379,112.172192382812,112.172040726772
96.7,112.183372,112.173277158323,112.172847680157,112.172847680157,112.172847680157,112.17455,112.175191368799,112.172143554687,112.171983210721
96.75,112.183372,112.173279280621,112.172852351432,112.172852351432,112.172852351432,112.17445,112.175086294218,112.172094726563,112.171925694669
96.8,112.183372,112.17328140292,112.172857022707,112.172857022707,112.172857022707,112.17435,112.174981219638,112.172045898438,112.171868178617
96.85,112.183372,112.173283525218,112.172861693981,112.172861693981,112.172861693981,112.17425,112.174876145057,112.171997070312,112.171810662565
96.9,112.183372,112.173285647516,112.172866365256,112.172866365256,112.172866365256,112.17415,112.174771070477,112.171948242187,112.171753146513
96.95,112.183372,112.173287769815,112.172871036531,112.172871036531,112.172871036531,112.17405,112.174665995896,112.171899414062,112.171695630462
97,112.183372,112.173289892113,112.172875707806,112.172875707806,112.172875707806,112.17375,112.174360921316,112.171850585938,112.17163811441
97.05,112.183372,112.173292014412,112.172880379081,112.172880379081,112.172880379081,112.17325,112.173855846736,112.171801757813,112.171580598358
97.1,112.183372,112.17329413671,112.172885050356,112.172885050356,112.172885050356,112.17275,112.173350772155,112.171752929688,112.171523082306
97.15,112.183372,112.173296259008,112.172889721631,112.172889721631,112.172889721631,112.17225,112.172845697575,112.171704101562,112.171465566254
97.2,112.183372,112.173298381307,112.172894392906,112.172894392906,112.172894392906,112.17175,112.172340622994,112.171655273437,112.171408050203
97.25,112.183372,112.173300503605,112.172899064181,112.172899064181,112.172899064181,112.17125,112.171835548414,112.171606445313,112.171350534151
97.3,112.183372,112.173302625903,112.172903735456,112.172903735456,112.172903735456,112.17075,112.171330473833,112.171557617188,112.171293018099
97.35,112.183372,112.173304748202,112.172908406731,112.172908406731,112.172908406731,112.17025,112.170825399253,112.171508789062,112.171235502047
97.4,112.183372,112.1733068705,112.172913078006,112.172913078006,112.172913078006,112.16975,112.170320324672,112.171459960937,112.171177985995
97.45,112.183372,112.173308992799,112.172917749281,112.172917749281,112.172917749281,112.16925,112.169815250092,112.171411132812,112.171120469944
97.5,112.183372,112.173311115097,112.172922420556,112.172922420556,112.172922420556,112.16875,112.169310175511,112.171362304688,112.171062953892
97.55,112.183372,112.173313237395,112.172927091831,112.172927091831,112.172927091831,112.16825,112.168805100931,112.171313476563,112.17100543784
97.6,112.183372,112.173315359694,112.172931763106,112.172931763106,112.172931763106,112.16775,112.16830002635,112.171264648438,112.170947921788
97.65,112.183372,112.173317481992,112.172936434381,112.172936434381,112.172936434381,112.16725,112.16779495177,112.171215820312,112.170890405736
97.7,112.183372,112.173319604291,112.172941105655,112.172941105655,112.172941105655,112.16675,112.167289877189,112.171166992187,112.170832889685
97.75,112.183372,112.173321726589,112.17294577693,112.17294577693,112.17294577693,112.16625,112.166784802609,112.171118164063,112.170775373633
97.8,112.183372,112.173323848887,112.172950448205,112.172950448205,112.172950448205,112.16575,112.166279728028,112.171069335938,112.170717857581
97.85,112.183372,112.173325971186,112.17295511948,112.17295511948,112.17295511948,112.16525,112.165774653448,112.171020507812,112.170660341529
97.9,112.183372,112.173328093484,112.172959790755,112.172959790755,112.172959790755,112.16475,112.165269578867,112.170971679687,112.170602825478
97.95,112.183372,112.173330215782,112.17296446203,112.17296446203,112.17296446203,112.16425,112.164764504287,112.170922851562,112.170545309426
98,112.183372,112.173332338081,112.172969133305,112.172969133305,112.172969133305,112.163875,112.164384429706,112.170874023438,112.170487793374
98.05,112.183372,112.173334460379,112.17297380458,112.17297380458,112.17297380458,112.163625,112.164129355126,112.170825195313,112.170430277322
98.1,112.183372,112.173336582678,112.172978475855,112.172978475855,112.172978475855,112.163375,112.163874280545,112.170776367188,112.17037276127
98.15,112.183372,112.173338704976,112.17298314713,112.17298314713,112.17298314713,112.163125,112.163619205965,112.170727539062,112.170315245219
98.2,112.183372,112.173340827274,112.172987818405,112.172987818405,112.172987818405,112.162875,112.163364131384,112.170678710937,112.170257729167
98.25,112.183372,112.173342949573,112.17299248968,112.17299248968,112.17299248968,112.162625,112.163109056804,112.170629882813,112.170200213115
98.3,112.183372,112.173345071871,112.172997160955,112.172997160955,112.172997160955,112.162375,112.162853982223,112.170581054688,112.170142697063
98.35,112.183372,112.17334719417,112.17300183223,112.17300183223,112.17300183223,112.162125,112.162598907643,112.170532226562,112.170085181011
98.4,112.183372,112.173349316468,112.173006503505,112.173006503505,112.173006503505,112.161875,112.162343833063,112.170483398437,112.17002766496
98.45,112.183372,112.173351438766,112.17301117478,112.17301117478,112.17301117478,112.161625,112.162088758482,112.170434570312,112.169970148908
98.5,112.183372,112.173353561065,112.173015846054,112.173015846054,112.173015846054,112.161375,112.161833683902,112.170385742188,112.169912632856
98.55,112.183372,112.173355683363,112.173020517329,112.173020517329,112.173020517329,112.161125,112.161578609321,112.170336914063,112.169855116804
98.6,112.183372,112.173357805662,112.173025188604,112.173025188604,112.173025188604,112.160875,112.161323534741,112.170288085938,112.169797600752
98.65,112.183372,112.17335992796,112.173029859879,112.173029859879,112.173029859879,112.160625,112.16106846016,112.170239257812,112.169740084701
98.7,112.183372,112.173362050258,112.173034531154,112.173034531154,112.173034531154,112.160375,112.16081338558,112.170190429687,112.169682568649
98.75,112.183372,112.173364172557,112.173039202429,112.173039202429,112.173039202429,112.160125,112.160558310999,112.170141601563,112.169625052597
98.8,112.183372,112.173366294855,112.173043873704,112.173043873704,112.173043873704,112.159875,112.160303236419,112.170092773438,112.169567536545
98.85,112.183372,112.173368417153,112.173048544979,112.173048544979,112.173048544979,112.159625,112.160048161838,112.170043945312,112.169510020493
98.9,112.183372,112.173370539452,112.173053216254,112.173053216254,112.173053216254,112.159375,112.159793087258,112.169995117187,112.169452504442
98.95,112.183372,112.17337266175,112.173057887529,112.173057887529,112.173057887529,112.159125,112.159538012677,112.169946289062,112.16939498839
99,112.183372,112.173374784049,112.173062558804,112.173062558804,112.173062558804,112.159,112.159407938097,112.169897460938,112.169337472338
99.05,112.183372,112.173376906347,112.173067230079,112.173067230079,112.173067230079,112.159,112.159402863516,112.169848632813,112.169279956286
99.1,112.183372,112.173379028645,112.173071901354,112.173071901354,112.173071901354,112.159,112.159397788936,112.169799804688,112.169222440234
99.15,112.183372,112.173381150944,112.173076572629,112.173076572629,112.173076572629,112.159,112.159392714355,112.169750976562,112.169164924183
99.2,112.183372,112.173383273242,112.173081243904,112.173081243904,112.173081243904,112.159,112.159387639775,112.169702148437,112.169107408131
99.25,112.183372,112.173385395541,112.173085915179,112.173085915179,112.173085915179,112.159,112.159382565194,112.169653320313,112.169049892079
99.3,112.183372,112.173387517839,112.173090586454,112.173090586454,112.173090586454,112.159,112.159377490614,112.169604492188,112.168992376027
99.35,112.183372,112.173389640137,112.173095257728,112.173095257728,112.173095257728,112.159,112.159372416033,112.169555664062,112.168934859975
99.4,112.183372,112.173391762436,112.173099929003,112.173099929003,112.173099929003,112.159,112.159367341453,112.169506835937,112.168877343924
99.45,112.183372,112.173393884734,112.173104600278,112.173104600278,112.173104600278,112.159,112.159362266872,112.169458007812,112.168819827872
99.5,112.183372,112.173396007032,112.173109271553,112.173109271553,112.173109271553,112.159,112.159357192292,112.169409179688,112.16876231182
99.55,112.183372,112.173398129331,112.173113942828,112.173113942828,112.173113942828,112.159,112.159352117711,112.169360351563,112.168704795768
99.6,112.183372,112.173400251629,112.173118614103,112.173118614103,112.173118614103,112.159,112.159347043131,112.169311523438,112.168647279716
99.65,112.183372,112.173402373928,112.173123285378,112.173123285378,112.173123285378,112.159,112.15934196855,112.169262695312,112.168589763665
99.7,112.183372,112.173404496226,112.173127956653,112.173127956653,112.173127956653,112.159,112.15933689397,112.169213867187,112.168532247613
99.75,112.183372,112.173406618524,112.173132627928,112.173132627928,112.173132627928,112.159,112.159331819389,112.169165039063,112.168474731561
99.8,112.183372,112.173408740823,112.173137299203,112.173137299203,112.173137299203,112.159,112.159326744809,112.169116210938,112.168417215509
99.85,112.183372,112.173410863121,112.173141970478,112.173141970478,112.173141970478,112.159,112.159321670229,112.169067382812,112.168359699457
99.9,112.183372,112.17341298542,112.173146641753,112.173146641753,112.173146641753,112.159,112.159316595648,112.169018554687,112.168302183406
99.95,112.183372,112.173415107718,112.173151313028,112.173151313028,112.173151313028,112.159,112.159311521068,112.168969726562,112.168244667354
100,112.183372,112.173417230016,112.173155984303,112.173155984303,112.173155984303,112.159,112.159306446487,112.168920898438,112.168187151302
100.05,112.183372,112.173421975486,112.173178345442,112.173178345442,112.173178345442,112.159,112.159301351479,112.168872070313,112.168143248202
100.1,112.183372,112.173426720956,112.173200706582,112.173200706582,112.173200706582,112.159,112.159296256471,112.168823242188,112.168099345103
100.15,112.183372,112.173431466426,112.173223067721,112.173223067721,112.173223067721,112.159,112.159291161463,112.168774414062,112.168055442003
100.2,112.183372,112.173436211897,112.17324542886,112.17324542886,112.17324542886,112.159,112.159286066455,112.168725585937,112.168011538904
100.25,112.183372,112.173440957367,112.17326779,112.17326779,112.17326779,112.159,112.159280971447,112.168676757813,112.167967635804
100.3,112.183372,112.173445702837,112.173290151139,112.173290151139,112.173290151139,112.159,112.159275876439,112.168627929688,112.167923732705
100.35,112.183372,112.173450448307,112.173312512279,112.173312512279,112.173312512279,112.159,112.159270781431,112.168579101562,112.167879829605
100.4,112.183372,112.173455193777,112.173334873418,112.173334873418,112.173334873418,112.159,112.159265686423,112.168530273437,112.167835926506
100.45,112.183372,112.173459939247,112.173357234558,112.173357234558,112.173357234558,112.159,112.159260591415,112.168481445312,112.167792023406
100.5,112.183372,112.173464684717,112.173379595697,112.173379595697,112.173379595697,112.159,112.159255496407,112.168432617188,112.167748120307
100.55,112.183372,112.173469430187,112.173401956837,112.173401956837,112.173401956837,112.159,112.1592504014,112.168383789063,112.167704217207
100.6,112.183372,112.173474175657,112.173424317976,112.173424317976,112.173424317976,112.159,112.159245306392,112.168334960938,112.167660314108
100.65,112.183372,112.173478921127,112.173446679116,112.173446679116,112.173446679116,112.159,112.159240211384,112.168286132812,112.167616411008
100.7,112.183372,112.173483666597,112.173469040255,112.173469040255,112.173469040255,112.159,112.159235116376,112.168237304687,112.167572507909
100.75,112.183372,112.173488412067,112.173491401395,112.173491401395,112.173491401395,112.159,112.159230021368,112.168188476563,112.167528604809
100.8,112.183372,112.173493157537,112.173513762534,112.173513762534,112.173513762534,112.159,112.15922492636,112.168139648438,112.167484701709
100.85,112.183372,112.173497903007,112.173536123673,112.173536123673,112.173536123673,112.159,112.159219831352,112.168090820312,112.16744079861
100.9,112.183372,112.173502648477,112.173558484813,112.173558484813,112.173558484813,112.159,112.159214736344,112.168041992187,112.16739689551
100.95,112.183372,112.173507393947,112.173580845952,112.173580845952,112.173580845952,112.159,112.159209641336,112.167993164062,112.167352992411
101,112.183372,112.173512139417,112.173603207092,112.173603207092,112.173603207092,112.15925,112.159454546328,112.168017578125,112.167382331499
101.05,112.183372,112.173516884888,112.173625568231,112.173625568231,112.173625568231,112.15975,112.15994945132,112.168115234375,112.167484912774
101.1,112.183372,112.173521630358,112.173647929371,112.173647929371,112.173647929371,112.16025,112.160444356312,112.168212890625,112.16758749405
101.15,112.183372,112.173526375828,112.17367029051,112.17367029051,112.17367029051,112.16075,112.160939261304,112.168310546875,112.167690075325
101.2,112.183372,112.173531121298,112.17369265165,112.17369265165,112.17369265165,112.16125,112.161434166296,112.168408203125,112.167792656601
101.25,112.183372,112.173535866768,112.173715012789,112.173715012789,112.173715012789,112.16175,112.161929071288,112.168505859375,112.167895237876
101.3,112.183372,112.173540612238,112.173737373929,112.173737373929,112.173737373929,112.16225,112.16242397628,112.168603515625,112.167997819152
101.35,112.183372,112.173545357708,112.173759735068,112.173759735068,112.173759735068,112.16275,112.162918881272,112.168701171875,112.168100400427
101.4,112.183372,112.173550103178,112.173782096208,112.173782096208,112.173782096208,112.16325,112.163413786264,112.168798828125,112.168202981703
101.45,112.183372,112.173554848648,112.173804457347,112.173804457347,112.173804457347,112.16375,112.163908691256,112.168896484375,112.168305562978
101.5,112.183372,112.173559594118,112.173826818486,112.173826818486,112.173826818486,112.16425,112.164403596248,112.168994140625,112.168408144254
101.55,112.183372,112.173564339588,112.173849179626,112.173849179626,112.173849179626,112.16475,112.16489850124,112.169091796875,112.168510725529
101.6,112.183372,112.173569085058,112.173871540765,112.173871540765,112.173871540765,112.16525,112.165393406232,112.169189453125,112.168613306805
101.65,112.183372,112.173573830528,112.173893901905,112.173893901905,112.173893901905,112.16575,112.165888311224,112.169287109375,112.16871588808
101.7,112.183372,112.173578575998,112.173916263044,112.173916263044,112.173916263044,112.16625,112.166383216216,112.169384765625,112.168818469355
101.75,112.183372,112.173583321468,112.173938624184,112.173938624184,112.173938624184,112.16675,112.166878121208,112.169482421875,112.168921050631
101.8,112.183372,112.173588066938,112.173960985323,112.173960985323,112.173960985323,112.16725,112.167373026201,112.169580078125,112.169023631906
101.85,112.183372,112.173592812409,112.173983346463,112.173983346463,112.173983346463,112.16775,112.167867931193,112.169677734375,112.169126213182
101.9,112.183372,112.173597557879,112.174005707602,112.174005707602,112.174005707602,112.16825,112.168362836185,112.169775390625,112.169228794457
101.95,112.183372,112.173602303349,112.174028068742,112.174028068742,112.174028068742,112.16875,112.168857741177,112.169873046875,112.169331375733
102,112.183372,112.173607048819,112.174050429881,112.174050429881,112.174050429881,112.1692,112.169302646169,112.169970703125,112.169433957008
102.05,112.183372,112.173611794289,112.174072791021,112.174072791021,112.174072791021,112.1696,112.169697551161,112.170068359375,112.169536538284
102.1,112.183372,112.173616539759,112.17409515216,112.17409515216,112.17409515216,112.17,112.170092456153,112.170166015625,112.169639119559
102.15,112.183372,112.173621285229,112.174117513299,112.174117513299,112.174117513299,112.1704,112.170487361145,112.170263671875,112.169741700835
102.2,112.183372,112.173626030699,112.174139874439,112.174139874439,112.174139874439,112.1708,112.170882266137,112.170361328125,112.16984428211
102.25,112.183372,112.173630776169,112.174162235578,112.174162235578,112.174162235578,112.1712,112.171277171129,112.170458984375,112.169946863386
102.3,112.183372,112.173635521639,112.174184596718,112.174184596718,112.174184596718,112.1716,112.171672076121,112.170556640625,112.170049444661
102.35,112.183372,112.173640267109,112.174206957857,112.174206957857,112.174206957857,112.172,112.172066981113,112.170654296875,112.170152025937
102.4,112.183372,112.173645012579,112.174229318997,112.174229318997,112.174229318997,112.1724,112.172461886105,112.170751953125,112.170254607212
102.45,112.183372,112.173649758049,112.174251680136,112.174251680136,112.174251680136,112.1728,112.172856791097,112.170849609375,112.170357188488
102.5,112.183372,112.173654503519,112.174274041276,112.174274041276,112.174274041276,112.1732,112.173251696089,112.170947265625,112.170459769763
102.55,112.183372,112.173659248989,112.174296402415,112.174296402415,112.174296402415,112.1736,112.173646601081,112.171044921875,112.170562351038
102.6,112.183372,112.173663994459,112.174318763555,112.174318763555,112.174318763555,112.174,112.174041506073,112.171142578125,112.170664932314
102.65,112.183372,112.173668739929,112.174341124694,112.174341124694,112.174341124694,112.1744,112.174436411065,112.171240234375,112.170767513589
102.7,112.183372,112.1736734854,112.174363485834,112.174363485834,112.174363485834,112.1748,112.174831316057,112.171337890625,112.170870094865
102.75,112.183372,112.17367823087,112.174385846973,112.174385846973,112.174385846973,112.1752,112.175226221049,112.171435546875,112.17097267614
102.8,112.183372,112.17368297634,112.174408208112,112.174408208112,112.174408208112,112.1756,112.175621126041,112.171533203125,112.171075257416
102.85,112.183372,112.17368772181,112.174430569252,112.174430569252,112.174430569252,112.176,112.176016031033,112.171630859375,112.171177838691
102.9,112.183372,112.17369246728,112.174452930391,112.174452930391,112.174452930391,112.1764,112.176410936025,112.171728515625,112.171280419967
102.95,112.183372,112.17369721275,112.174475291531,112.174475291531,112.174475291531,112.1768,112.176805841017,112.171826171875,112.171383001242
103,112.183372,112.17370195822,112.17449765267,112.17449765267,112.17449765267,112.177125,112.177125746009,112.171923828125,112.171485582518
103.05,112.183372,112.17370670369,112.17452001381,112.17452001381,112.17452001381,112.177375,112.177370651002,112.172021484375,112.171588163793
103.1,112.183372,112.17371144916,112.174542374949,112.174542374949,112.174542374949,112.177625,112.177615555994,112.172119140625,112.171690745069
103.15,112.183372,112.17371619463,112.174564736089,112.174564736089,112.174564736089,112.177875,112.177860460986,112.172216796875,112.171793326344
103.2,112.183372,112.1737209401,112.174587097228,112.174587097228,112.174587097228,112.178125,112.178105365978,112.172314453125,112.17189590762
103.25,112.183372,112.17372568557,112.174609458368,112.174609458368,112.174609458368,112.178375,112.17835027097,112.172412109375,112.171998488895
103.3,112.183372,112.17373043104,112.174631819507,112.174631819507,112.174631819507,112.178625,112.178595175962,112.172509765625,112.172101070171
103.35,112.183372,112.17373517651,112.174654180646,112.174654180646,112.174654180646,112.178875,112.178840080954,112.172607421875,112.172203651446
103.4,112.183372,112.17373992198,112.174676541786,112.174676541786,112.174676541786,112.179125,112.179084985946,112.172705078125,112.172306232722
103.45,112.183372,112.17374466745,112.174698902925,112.174698902925,112.174698902925,112.179375,112.179329890938,112.172802734375,112.172408813997
103.5,112.183372,112.17374941292,112.174721264065,112.174721264065,112.174721264065,112.179625,112.17957479593,112.172900390625,112.172511395272
103.55,112.183372,112.173754158391,112.174743625204,112.174743625204,112.174743625204,112.179875,112.179819700922,112.172998046875,112.172613976548
103.6,112.183372,112.173758903861,112.174765986344,112.174765986344,112.174765986344,112.180125,112.180064605914,112.173095703125,112.172716557823
103.65,112.183372,112.173763649331,112.174788347483,112.174788347483,112.174788347483,112.180375,112.180309510906,112.173193359375,112.172819139099
103.7,112.183372,112.173768394801,112.174810708623,112.174810708623,112.174810708623,112.180625,112.180554415898,112.173291015625,112.172921720374
103.75,112.183372,112.173773140271,112.174833069762,112.174833069762,112.174833069762,112.180875,112.18079932089,112.173388671875,112.17302430165
103.8,112.183372,112.173777885741,112.174855430902,112.174855430902,112.174855430902,112.181125,112.181044225882,112.173486328125,112.173126882925
103.85,112.183372,112.173782631211,112.174877792041,112.174877792041,112.174877792041,112.181375,112.181289130874,112.173583984375,112.173229464201
103.9,112.183372,112.173787376681,112.174900153181,112.174900153181,112.174900153181,112.181625,112.181534035866,112.173681640625,112.173332045476
103.95,112.183372,112.173792122151,112.17492251432,112.17492251432,112.17492251432,112.181875,112.181778940858,112.173779296875,112.173434626752
104,112.183372,112.173796867621,112.174944875459,112.174944875459,112.174944875459,112.182025,112.18192384585,112.173876953125,112.173537208027
104.05,112.183372,112.173801613091,112.174967236599,112.174967236599,112.174967236599,112.182075,112.181968750842,112.173974609375,112.173639789303
104.1,112.183372,112.173806358561,112.174989597738,112.174989597738,112.174989597738,112.182125,112.182013655834,112.174072265625,112.173742370578
104.15,112.183372,112.173811104031,112.175011958878,112.175011958878,112.175011958878,112.182175,112.182058560826,112.174169921875,112.173844951854
104.2,112.183372,112.173815849501,112.175034320017,112.175034320017,112.175034320017,112.182225,112.182103465818,112.174267578125,112.173947533129
104.25,112.183372,112.173820594971,112.175056681157,112.175056681157,112.175056681157,112.182275,112.182148370811,112.174365234375,112.174050114405
104.3,112.183372,112.173825340441,112.175079042296,112.175079042296,112.175079042296,112.182325,112.182193275803,112.174462890625,112.17415269568
104.35,112.183372,112.173830085911,112.175101403436,112.175101403436,112.175101403436,112.182375,112.182238180795,112.174560546875,112.174255276955
104.4,112.183372,112.173834831382,112.175123764575,112.175123764575,112.175123764575,112.182425,112.182283085787,112.174658203125,112.174357858231
104.45,112.183372,112.173839576852,112.175146125715,112.175146125715,112.175146125715,112.182475,112.182327990779,112.174755859375,112.174460439506
104.5,112.183372,112.173844322322,112.175168486854,112.175168486854,112.175168486854,112.182525,112.182372895771,112.174853515625,112.174563020782
104.55,112.183372,112.173849067792,112.175190847994,112.175190847994,112.175190847994,112.182575,112.182417800763,112.174951171875,112.174665602057
104.6,112.183372,112.173853813262,112.175213209133,112.175213209133,112.175213209133,112.182625,112.182462705755,112.175048828125,112.174768183333
104.65,112.183372,112.173858558732,112.175235570272,112.175235570272,112.175235570272,112.182675,112.182507610747,112.175146484375,112.174870764608
104.7,112.183372,112.173863304202,112.175257931412,112.175257931412,112.175257931412,112.182725,112.182552515739,112.175244140625,112.174973345884
104.75,112.183372,112.173868049672,112.175280292551,112.175280292551,112.175280292551,112.182775,112.182597420731,112.175341796875,112.175075927159
104.8,112.183372,112.173872795142,112.175302653691,112.175302653691,112.175302653691,112.182825,112.182642325723,112.175439453125,112.175178508435
104.85,112.183372,112.173877540612,112.17532501483,112.17532501483,112.17532501483,112.182875,112.182687230715,112.175537109375,112.17528108971
104.9,112.183372,112.173882286082,112.17534737597,112.17534737597,112.17534737597,112.182925,112.182732135707,112.175634765625,112.175383670986
104.95,112.183372,112.173887031552,112.175369737109,112.175369737109,112.175369737109,112.182975,112.182777040699,112.175732421875,112.175486252261
105,112.183372,112.173891777022,112.175392098249,112.175392098249,112.175392098249,112.183,112.182796945691,112.175830078125,112.175588833537
105.05,112.183372,112.173896522492,112.175414459388,112.175414459388,112.175414459388,112.183,112.182791850683,112.175927734375,112.175691414812
105.1,112.183372,112.173901267962,112.175436820528,112.175436820528,112.175436820528,112.183,112.182786755675,112.176025390625,112.175793996088
105.15,112.183372,112.173906013432,112.175459181667,112.175459181667,112.175459181667,112.183,112.182781660667,112.176123046875,112.175896577363
105.2,112.183372,112.173910758902,112.175481542807,112.175481542807,112.175481542807,112.183,112.182776565659,112.176220703125,112.175999158638
105.25,112.183372,112.173915504373,112.175503903946,112.175503903946,112.175503903946,112.183,112.182771470651,112.176318359375,112.176101739914
105.3,112.183372,112.173920249843,112.175526265085,112.175526265085,112.175526265085,112.183,112.182766375643,112.176416015625,112.176204321189
105.35,112.183372,112.173924995313,112.175548626225,112.175548626225,112.175548626225,112.183,112.182761280635,112.176513671875,112.176306902465
105.4,112.183372,112.173929740783,112.175570987364,112.175570987364,112.175570987364,112.183,112.182756185627,112.176611328125,112.17640948374
105.45,112.183372,112.173934486253,112.175593348504,112.175593348504,112.175593348504,112.183,112.182751090619,112.176708984375,112.176512065016
105.5,112.183372,112.173939231723,112.175615709643,112.175615709643,112.175615709643,112.183,112.182745995612,112.176806640625,112.176614646291
105.55,112.183372,112.173943977193,112.175638070783,112.175638070783,112.175638070783,112.183,112.182740900604,112.176904296875,112.176717227567
105.6,112.183372,112.173948722663,112.175660431922,112.175660431922,112.175660431922,112.183,112.182735805596,112.177001953125,112.176819808842
105.65,112.183372,112.173953468133,112.175682793062,112.175682793062,112.175682793062,112.183,112.182730710588,112.177099609375,112.176922390118
105.7,112.183372,112.173958213603,112.175705154201,112.175705154201,112.175705154201,112.183,112.18272561558,112.177197265625,112.177024971393
105.75,112.183372,112.173962959073,112.175727515341,112.175727515341,112.175727515341,112.183,112.182720520572,112.177294921875,112.177127552669
105.8,112.183372,112.173967704543,112.17574987648,112.17574987648,112.17574987648,112.183,112.182715425564,112.177392578125,112.177230133944
105.85,112.183372,112.173972450013,112.175772237619,112.175772237619,112.175772237619,112.183,112.182710330556,112.177490234375,112.17733271522
105.9,112.183372,112.173977195483,112.175794598759,112.175794598759,112.175794598759,112.183,112.182705235548,112.177587890625,112.177435296495
105.95,112.183372,112.173981940953,112.175816959898,112.175816959898,112.175816959898,112.183,112.18270014054,112.177685546875,112.177537877771
106,112.183372,112.173986686423,112.175839321038,112.175839321038,112.175839321038,112.183,112.182695045532,112.177783203125,112.177640459046
106.05,112.183372,112.173991431894,112.175861682177,112.175861682177,112.175861682177,112.183,112.182689950524,112.177880859375,112.177743040321
106.1,112.183372,112.173996177364,112.175884043317,112.175884043317,112.175884043317,112.183,112.182684855516,112.177978515625,112.177845621597
106.15,112.183372,112.174000922834,112.175906404456,112.175906404456,112.175906404456,112.183,112.182679760508,112.178076171875,112.177948202872
106.2,112.183372,112.174005668304,112.175928765596,112.175928765596,112.175928765596,112.183,112.1826746655,112.178173828125,112.178050784148
106.25,112.183372,112.174010413774,112.175951126735,112.175951126735,112.175951126735,112.183,112.182669570492,112.178271484375,112.178153365423
106.3,112.183372,112.174015159244,112.175973487875,112.175973487875,112.175973487875,112.183,112.182664475484,112.178369140625,112.178255946699
106.35,112.183372,112.174019904714,112.175995849014,112.175995849014,112.175995849014,112.183,112.182659380476,112.178466796875,112.178358527974
106.4,112.183372,112.174024650184,112.176018210154,112.176018210154,112.176018210154,112.183,112.182654285468,112.178564453125,112.17846110925
106.45,112.183372,112.174029395654,112.176040571293,112.176040571293,112.176040571293,112.183,112.18264919046,112.178662109375,112.178563690525
106.5,112.183372,112.174034141124,112.176062932432,112.176062932432,112.176062932432,112.183,112.182644095452,112.178759765625,112.178666271801
106.55,112.183372,112.174038886594,112.176085293572,112.176085293572,112.176085293572,112.183,112.182639000444,112.178857421875,112.178768853076
106.6,112.183372,112.174043632064,112.176107654711,112.176107654711,112.176107654711,112.183,112.182633905436,112.178955078125,112.178871434352
106.65,112.183372,112.174048377534,112.176130015851,112.176130015851,112.176130015851,112.183,112.182628810428,112.179052734375,112.178974015627
106.7,112.183372,112.174053123004,112.17615237699,112.17615237699,112.17615237699,112.183,112.182623715421,112.179150390625,112.179076596903
106.75,112.183372,112.174057868474,112.17617473813,112.17617473813,112.17617473813,112.183,112.182618620413,112.179248046875,112.179179178178
106.8,112.18336752,112.174062613944,112.176197099269,112.176197099269,112.176197099269,112.183,112.182613525405,112.179345703125,112.179281759454
106.85,112.18332608,112.174067359414,112.176219460409,112.176219460409,112.176219460409,112.183,112.182608430397,112.179443359375,112.179384340729
106.9,112.18324992,112.174072104885,112.176241821548,112.176241821548,112.176241821548,112.183,112.182603335389,112.179541015625,112.179486922005
106.95,112.18317264,112.174076850355,112.176264182688,112.176264182688,112.176264182688,112.183,112.182598240381,112.179638671875,112.17958950328
107,112.18309648,112.174081595825,112.176286543827,112.176286543827,112.176286543827,112.18295,112.182543145373,112.179736328125,112.179692084555
107.05,112.18302032,112.174086341295,112.176308904967,112.176308904967,112.176308904967,112.18285,112.182438050365,112.179833984375,112.179794665831
107.1,112.18294416,112.174091086765,112.176331266106,112.176331266106,112.176331266106,112.18275,112.182332955357,112.179931640625,112.179897247106
107.15,112.182868,112.174095832235,112.176353627245,112.176353627245,112.176353627245,112.18265,112.182227860349,112.180029296875,112.179999828382
107.2,112.18279184,112.174100577705,112.176375988385,112.176375988385,112.176375988385,112.18255,112.182122765341,112.180126953125,112.180102409657
107.25,112.18271456,112.174105323175,112.176398349524,112.176398349524,112.176398349524,112.18245,112.182017670333,112.180224609375,112.180204990933
107.3,112.1826384,112.174110068645,112.176420710664,112.176420710664,112.176420710664,112.18235,112.181912575325,112.180322265625,112.180307572208
107.35,112.18256224,112.174114814115,112.176443071803,112.176443071803,112.176443071803,112.18225,112.181807480317,112.180419921875,112.180410153484
107.4,112.18248608,112.174119559585,112.176465432943,112.176465432943,112.176465432943,112.18215,112.181702385309,112.180517578125,112.180512734759
107.45,112.18240992,112.174124305055,112.176487794082,112.176487794082,112.176487794082,112.18205,112.181597290301,112.180615234375,112.180615316035
107.5,112.18233264,112.174129050525,112.176510155222,112.176510155222,112.176510155222,112.18195,112.181492195293,112.180712890625,112.18071789731
107.55,112.18225648,112.174133795995,112.176532516361,112.176532516361,112.176532516361,112.18185,112.181387100285,112.180810546875,112.180820478586
107.6,112.18218032,112.174138541465,112.176554877501,112.176554877501,112.176554877501,112.18175,112.181282005277,112.180908203125,112.180923059861
107.65,112.18210416,112.174143286935,112.17657723864,112.17657723864,112.17657723864,112.18165,112.181176910269,112.181005859375,112.181025641137
107.7,112.182028,112.174148032405,112.17659959978,112.17659959978,112.17659959978,112.18155,112.181071815261,112.181103515625,112.181128222412
107.75,112.18195184,112.174152777876,112.176621960919,112.176621960919,112.176621960919,112.18145,112.180966720253,112.181201171875,112.181230803688
107.8,112.18187456,112.174157523346,112.176644322058,112.176644322058,112.176644322058,112.18135,112.180861625245,112.181298828125,112.181333384963
107.85,112.1817984,112.174162268816,112.176666683198,112.176666683198,112.176666683198,112.18125,112.180756530237,112.181396484375,112.181435966238
107.9,112.18172224,112.174167014286,112.176689044337,112.176689044337,112.176689044337,112.18115,112.180651435229,112.181494140625,112.181538547514
107.95,112.18164608,112.174171759756,112.176711405477,112.176711405477,112.176711405477,112.18105,112.180546340222,112.181591796875,112.181641128789
108,112.18156992,112.174176505226,112.176733766616,112.176733766616,112.176733766616,112.181,112.180491245214,112.181689453125,112.181743710065
108.05,112.18149376,112.174181250696,112.176756127756,112.176756127756,112.176756127756,112.181,112.180486150206,112.181787109375,112.18184629134
108.1,112.18141648,112.174185996166,112.176778488895,112.176778488895,112.176778488895,112.181,112.180481055198,112.181884765625,112.181948872616
108.15,112.18134032,112.174190741636,112.176800850035,112.176800850035,112.176800850035,112.181,112.18047596019,112.181982421875,112.182051453891
108.2,112.18126416,112.174195487106,112.176823211174,112.176823211174,112.176823211174,112.181,112.180470865182,112.182080078125,112.182154035167
108.25,112.181188,112.174200232576,112.176845572314,112.176845572314,112.176845572314,112.181,112.180465770174,112.182177734375,112.182256616442
108.3,112.18111184,112.174204978046,112.176867933453,112.176867933453,112.176867933453,112.181,112.180460675166,112.182275390625,112.182359197718
108.35,112.18103568,112.174209723516,112.176890294593,112.176890294593,112.176890294593,112.181,112.180455580158,112.182373046875,112.182461778993
108.4,112.1809584,112.174214468986,112.176912655732,112.176912655732,112.176912655732,112.181,112.18045048515,112.182470703125,112.182564360269
108.45,112.18088224,112.174219214456,112.176935016871,112.176935016871,112.176935016871,112.181,112.180445390142,112.182568359375,112.182666941544
108.5,112.18080608,112.174223959926,112.176957378011,112.176957378011,112.176957378011,112.181,112.180440295134,112.182666015625,112.18276952282
108.55,112.18072992,112.174228705396,112.17697973915,112.17697973915,112.17697973915,112.181,112.180435200126,112.182763671875,112.182872104095
108.6,112.18065376,112.174233450867,112.17700210029,112.17700210029,112.17700210029,112.181,112.180430105118,112.182861328125,112.182974685371
108.65,112.18057648,112.174238196337,112.177024461429,112.177024461429,112.177024461429,112.181,112.18042501011,112.182958984375,112.183077266646
108.7,112.18050032,112.174242941807,112.177046822569,112.177046822569,112.177046822569,112.181,112.180419915102,112.183056640625,112.183179847921
108.75,112.18042416,112.174247687277,112.177069183708,112.177069183708,112.177069183708,112.181,112.180414820094,112.183154296875,112.183282429197
108.8,112.180348,112.174252432747,112.177091544848,112.177091544848,112.177091544848,112.181,112.180409725086,112.183251953125,112.183385010472
108.85,112.18027184,112.174257178217,112.177113905987,112.177113905987,112.177113905987,112.181,112.180404630078,112.183349609375,112.183487591748
108.9,112.18019568,112.174261923687,112.177136267127,112.177136267127,112.177136267127,112.181,112.18039953507,112.183447265625,112.183590173023
108.95,112.1801184,112.174266669157,112.177158628266,112.177158628266,112.177158628266,112.181,112.180394440062,112.183544921875,112.183692754299
109,112.18004224,112.174271414627,112.177180989405,112.177180989405,112.177180989405,112.181,112.180389345054,112.183557128906,112.183709886356
109.05,112.17996608,112.174276160097,112.177203350545,112.177203350545,112.177203350545,112.181,112.180384250046,112.183483886719,112.183641569194
109.1,112.17988992,112.174280905567,112.177225711684,112.177225711684,112.177225711684,112.181,112.180379155038,112.183410644531,112.183573252031
109.15,112.17981376,112.174285651037,112.177248072824,112.177248072824,112.177248072824,112.181,112.18037406003,112.183337402344,112.183504934869
109.2,112.1797376,112.174290396507,112.177270433963,112.177270433963,112.177270433963,112.181,112.180368965023,112.183264160156,112.183436617707
109.25,112.17966032,112.174295141977,112.177292795103,112.177292795103,112.177292795103,112.181,112.180363870015,112.183190917969,112.183368300545
109.3,112.17958416,112.174299887447,112.177315156242,112.177315156242,112.177315156242,112.181,112.180358775007,112.183117675781,112.183299983383
109.35,112.179508,112.174304632917,112.177337517382,112.177337517382,112.177337517382,112.181,112.180353679999,112.183044433594,112.183231666221
109.4,112.17943184,112.174309378388,112.177359878521,112.177359878521,112.177359878521,112.181,112.180348584991,112.182971191406,112.183163349059
109.45,112.17935568,112.174314123858,112.177382239661,112.177382239661,112.177382239661,112.181,112.180343489983,112.182897949219,112.183095031897
109.5,112.17927952,112.174318869328,112.1774046008,112.1774046008,112.1774046008,112.181,112.180338394975,112.182824707031,112.183026714735
109.55,112.17920224,112.174323614798,112.17742696194,112.17742696194,112.17742696194,112.181,112.180333299967,112.182751464844,112.182958397573
109.6,112.17912608,112.174328360268,112.177449323079,112.177449323079,112.177449323079,112.181,112.180328204959,112.182678222656,112.182890080411
109.65,112.17904992,112.174333105738,112.177471684218,112.177471684218,112.177471684218,112.181,112.180323109951,112.182604980469,112.182821763249
109.7,112.17897376,112.174337851208,112.177494045358,112.177494045358,112.177494045358,112.181,112.180318014943,112.182531738281,112.182753446087
109.75,112.1788976,112.174342596678,112.177516406497,112.177516406497,112.177516406497,112.181,112.180312919935,112.182458496094,112.182685128925
109.8,112.17882032,112.174347342148,112.177538767637,112.177538767637,112.177538767637,112.181,112.180307824927,112.182385253906,112.182616811763
109.85,112.17874416,112.174352087618,112.177561128776,112.177561128776,112.177561128776,112.181,112.180302729919,112.182312011719,112.182548494601
109.9,112.178668,112.174356833088,112.177583489916,112.177583489916,112.177583489916,112.181,112.180297634911,112.182238769531,112.182480177439
109.95,112.17859184,112.174361578558,112.177605851055,112.177605851055,112.177605851055,112.181,112.180292539903,112.182165527344,112.182411860277
110,112.17851568,112.174366324028,112.177628212195,112.177628212195,112.177628212195,112.181,112.180287444895,112.182092285156,112.182343543115
110.05,112.17843952,112.174350574439,112.17758812895,112.17758812895,112.17758812895,112.181,112.180288818268,112.182019042969,112.182263768098
110.1,112.17836224,112.17433482485,112.177548045705,112.177548045705,112.177548045705,112.181,112.180290191642,112.181945800781,112.182183993081
110.15,112.17828608,112.17431907526,112.177507962459,112.177507962459,112.177507962459,112.181,112.180291565015,112.181872558594,112.182104218064
110.2,112.17820992,112.174303325671,112.177467879214,112.177467879214,112.177467879214,112.181,112.180292938388,112.181799316406,112.182024443047
110.25,112.17813376,112.174287576082,112.177427795969,112.177427795969,112.177427795969,112.181,112.180294311762,112.181726074219,112.18194466803
110.3,112.1780576,112.174271826492,112.177387712724,112.177387712724,112.177387712724,112.181,112.180295685135,112.181652832031,112.181864893013
110.35,112.17798144,112.174256076903,112.177347629479,112.177347629479,112.177347629479,112.181,112.180297058508,112.181579589844,112.181785117996
110.4,112.17790416,112.174240327314,112.177307546234,112.177307546234,112.177307546234,112.181,112.180298431882,112.181506347656,112.181705342979
110.45,112.177828,112.174224577725,112.177267462989,112.177267462989,112.177267462989,112.181,112.180299805255,112.181433105469,112.181625567962
110.5,112.17775184,112.174208828135,112.177227379744,112.177227379744,112.177227379744,112.181,112.180301178628,112.181359863281,112.181545792945
110.55,112.17767568,112.174193078546,112.177187296499,112.177187296499,112.177187296499,112.181,112.180302552001,112.181286621094,112.181466017928
110.6,112.17759952,112.174177328957,112.177147213254,112.177147213254,112.177147213254,112.181,112.180303925375,112.181213378906,112.181386242911
110.65,112.17752336,112.174161579367,112.177107130009,112.177107130009,112.177107130009,112.181,112.180305298748,112.181140136719,112.181306467894
110.7,112.17744608,112.174145829778,112.177067046764,112.177067046764,112.177067046764,112.181,112.180306672121,112.181066894531,112.181226692877
110.75,112.17736992,112.174130080189,112.177026963519,112.177026963519,112.177026963519,112.181,112.180308045495,112.180993652344,112.18114691786
110.8,112.17729376,112.1741143306,112.176986880274,112.176986880274,112.176986880274,112.181,112.180309418868,112.180920410156,112.181067142843
110.85,112.1772176,112.17409858101,112.176946797028,112.176946797028,112.176946797028,112.181,112.180310792241,112.180847167969,112.180987367826
110.9,112.17714144,112.174082831421,112.176906713783,112.176906713783,112.176906713783,112.181,112.180312165615,112.180773925781,112.180907592809
110.95,112.17706416,112.174067081832,112.176866630538,112.176866630538,112.176866630538,112.181,112.180313538988,112.180700683594,112.180827817792
111,112.176988,112.174051332242,112.176826547293,112.176826547293,112.176826547293,112.181,112.180314912361,112.180627441406,112.180748042775
111.05,112.17691184,112.174035582653,112.176786464048,112.176786464048,112.176786464048,112.181,112.180316285734,112.180554199219,112.180668267758
111.1,112.17683568,112.174019833064,112.176746380803,112.176746380803,112.176746380803,112.181,112.180317659108,112.180480957031,112.180588492741
111.15,112.17675952,112.174004083474,112.176706297558,112.176706297558,112.176706297558,112.181,112.180319032481,112.180407714844,112.180508717724
111.2,112.17668336,112.173988333885,112.176666214313,112.176666214313,112.176666214313,112.181,112.180320405854,112.180334472656,112.180428942707
111.25,112.17660608,112.173972584296,112.176626131068,112.176626131068,112.176626131068,112.181,112.180321779228,112.180261230469,112.18034916769
111.3,112.17652992,112.173956834707,112.176586047823,112.176586047823,112.176586047823,112.181,112.180323152601,112.180187988281,112.180269392673
111.35,112.17645376,112.173941085117,112.176545964578,112.176545964578,112.176545964578,112.181,112.180324525974,112.180114746094,112.180189617656
111.4,112.1763776,112.173925335528,112.176505881333,112.176505881333,112.176505881333,112.181,112.180325899348,112.180041503906,112.180109842639
111.45,112.17630144,112.173909585939,112.176465798088,112.176465798088,112.176465798088,112.181,112.180327272721,112.179968261719,112.180030067622
111.5,112.17622528,112.173893836349,112.176425714843,112.176425714843,112.176425714843,112.181,112.180328646094,112.179895019531,112.179950292605
111.55,112.176148,112.17387808676,112.176385631598,112.176385631598,112.176385631598,112.181,112.180330019467,112.179821777344,112.179870517588
111.6,112.17607184,112.173862337171,112.176345548352,112.176345548352,112.176345548352,112.181,112.180331392841,112.179748535156,112.179790742571
111.65,112.17599568,112.173846587582,112.176305465107,112.176305465107,112.176305465107,112.181,112.180332766214,112.179675292969,112.179710967554
111.7,112.17591952,112.173830837992,112.176265381862,112.176265381862,112.176265381862,112.181,112.180334139587,112.179602050781,112.179631192537
111.75,112.17584336,112.173815088403,112.176225298617,112.176225298617,112.176225298617,112.181,112.180335512961,112.179528808594,112.17955141752
111.8,112.1757672,112.173799338814,112.176185215372,112.176185215372,112.176185215372,112.181,112.180336886334,112.179455566406,112.179471642503
111.85,112.17568992,112.173783589224,112.176145132127,112.176145132127,112.176145132127,112.181,112.180338259707,112.179382324219,112.179391867486
111.9,112.17561376,112.173767839635,112.176105048882,112.176105048882,112.176105048882,112.181,112.180339633081,112.179309082031,112.179312092469
111.95,112.1755376,112.173752090046,112.176064965637,112.176064965637,112.176064965637,112.181,112.180341006454,112.179235839844,112.179232317452
112,112.17546144,112.173736340456,112.176024882392,112.176024882392,112.176024882392,112.180975,112.180317379827,112.179162597656,112.179152542435
112.05,112.17538528,112.173720590867,112.175984799147,112.175984799147,112.175984799147,112.180925,112.1802687532,112.179089355469,112.179072767418
112.1,112.175308,112.173704841278,112.175944715902,112.175944715902,112.175944715902,112.180875,112.180220126574,112.179016113281,112.178992992401
112.15,112.17523184,112.173689091689,112.175904632657,112.175904632657,112.175904632657,112.180825,112.180171499947,112.178942871094,112.178913217384
112.2,112.17515568,112.173673342099,112.175864549412,112.175864549412,112.175864549412,112.180775,112.18012287332,112.178869628906,112.178833442367
112.25,112.17507952,112.17365759251,112.175824466167,112.175824466167,112.175824466167,112.180725,112.180074246694,112.178796386719,112.17875366735
112.3,112.17500336,112.173641842921,112.175784382921,112.175784382921,112.175784382921,112.180675,112.180025620067,112.178723144531,112.178673892333
112.35,112.1749272,112.173626093331,112.175744299676,112.175744299676,112.175744299676,112.180625,112.17997699344,112.178649902344,112.178594117316
112.4,112.17484992,112.173610343742,112.175704216431,112.175704216431,112.175704216431,112.180575,112.179928366813,112.178576660156,112.178514342299
112.45,112.17477376,112.173594594153,112.175664133186,112.175664133186,112.175664133186,112.180525,112.179879740187,112.178503417969,112.178434567282
112.5,112.1746976,112.173578844564,112.175624049941,112.175624049941,112.175624049941,112.180475,112.17983111356,112.178430175781,112.178354792265
112.55,112.17462144,112.173563094974,112.175583966696,112.175583966696,112.175583966696,112.180425,112.179782486933,112.178356933594,112.178275017248
112.6,112.17454528,112.173547345385,112.175543883451,112.175543883451,112.175543883451,112.180375,112.179733860307,112.178283691406,112.178195242231
112.65,112.17446912,112.173531595796,112.175503800206,112.175503800206,112.175503800206,112.180325,112.17968523368,112.178210449219,112.178115467214
112.7,112.17439184,112.173515846206,112.175463716961,112.175463716961,112.175463716961,112.180275,112.179636607053,112.178137207031,112.178035692197
112.75,112.17431568,112.173500096617,112.175423633716,112.175423633716,112.175423633716,112.180225,112.179587980427,112.178063964844,112.17795591718
112.8,112.17423952,112.173484347028,112.175383550471,112.175383550471,112.175383550471,112.180175,112.1795393538,112.177990722656,112.177876142163
112.85,112.17416336,112.173468597438,112.175343467226,112.175343467226,112.175343467226,112.180125,112.179490727173,112.177917480469,112.177796367146
112.9,112.1740872,112.173452847849,112.175303383981,112.175303383981,112.175303383981,112.180075,112.179442100546,112.177844238281,112.177716592129
112.95,112.17401104,112.17343709826,112.175263300736,112.175263300736,112.175263300736,112.180025,112.17939347392,112.177770996094,112.177636817112
113,112.17393376,112.173421348671,112.17522321749,112.17522321749,112.17522321749,112.179775,112.179144847293,112.177697753906,112.177557042095
113.05,112.1738576,112.173405599081,112.175183134245,112.175183134245,112.175183134245,112.179325,112.178696220666,112.177624511719,112.177477267078
113.1,112.17378144,112.173389849492,112.175143051,112.175143051,112.175143051,112.178875,112.17824759404,112.177551269531,112.177397492061
113.15,112.17370528,112.173374099903,112.175102967755,112.175102967755,112.175102967755,112.178425,112.177798967413,112.177478027344,112.177317717044
113.2,112.17362912,112.173358350313,112.17506288451,112.17506288451,112.17506288451,112.177975,112.177350340786,112.177404785156,112.177237942027
113.25,112.17355184,112.173342600724,112.175022801265,112.175022801265,112.175022801265,112.177525,112.17690171416,112.177331542969,112.17715816701
113.3,112.17347568,112.173326851135,112.17498271802,112.17498271802,112.17498271802,112.177075,112.176453087533,112.177258300781,112.177078391993
113.35,112.17339952,112.173311101546,112.174942634775,112.174942634775,112.174942634775,112.176625,112.176004460906,112.177185058594,112.176998616976
113.4,112.17332336,112.173295351956,112.17490255153,112.17490255153,112.17490255153,112.176175,112.175555834279,112.177111816406,112.176918841959
113.45,112.1732472,112.173279602367,112.174862468285,112.174862468285,112.174862468285,112.175725,112.175107207653,112.177038574219,112.176839066942
113.5,112.17317104,112.173263852778,112.17482238504,112.17482238504,112.17482238504,112.175275,112.174658581026,112.176965332031,112.176759291925
113.55,112.17309376,112.173248103188,112.174782301795,112.174782301795,112.174782301795,112.174825,112.174209954399,112.176892089844,112.176679516908
113.6,112.1730176,112.173232353599,112.17474221855,112.17474221855,112.17474221855,112.174375,112.173761327773,112.176818847656,112.176599741891
113.65,112.17294144,112.17321660401,112.174702135305,112.174702135305,112.174702135305,112.173925,112.173312701146,112.176745605469,112.176519966874
113.7,112.17286528,112.17320085442,112.174662052059,112.174662052059,112.174662052059,112.173475,112.172864074519,112.176672363281,112.176440191857
113.75,112.17278912,112.173185104831,112.174621968814,112.174621968814,112.174621968814,112.173025,112.172415447893,112.176599121094,112.17636041684
113.8,112.17271296,112.173169355242,112.174581885569,112.174581885569,112.174581885569,112.172575,112.171966821266,112.176525878906,112.176280641823
113.85,112.17263568,112.173153605653,112.174541802324,112.174541802324,112.174541802324,112.172125,112.171518194639,112.176452636719,112.176200866806
113.9,112.17255952,112.173137856063,112.174501719079,112.174501719079,112.174501719079,112.171675,112.171069568012,112.176379394531,112.176121091789
113.95,112.17248336,112.173122106474,112.174461635834,112.174461635834,112.174461635834,112.171225,112.170620941386,112.176306152344,112.176041316772
114,112.1724072,112.173106356885,112.174421552589,112.174421552589,112.174421552589,112.170875,112.170272314759,112.176232910156,112.175961541755
114.05,112.17233104,112.173090607295,112.174381469344,112.174381469344,112.174381469344,112.170625,112.170023688132,112.176159667969,112.175881766738
114.1,112.17225488,112.173074857706,112.174341386099,112.174341386099,112.174341386099,112.170375,112.169775061506,112.176086425781,112.175801991721
114.15,112.1721776,112.173059108117,112.174301302854,112.174301302854,112.174301302854,112.170125,112.169526434879,112.176013183594,112.175722216704
114.2,112.17210144,112.173043358528,112.174261219609,112.174261219609,112.174261219609,112.169875,112.169277808252,112.175939941406,112.175642441687
114.25,112.17202528,112.173027608938,112.174221136364,112.174221136364,112.174221136364,112.169625,112.169029181626,112.175866699219,112.17556266667
114.3,112.17194912,112.173011859349,112.174181053119,112.174181053119,112.174181053119,112.169375,112.168780554999,112.175793457031,112.175482891653
114.35,112.17187296,112.17299610976,112.174140969874,112.174140969874,112.174140969874,112.169125,112.168531928372,112.175720214844,112.175403116636
114.4,112.17179568,112.17298036017,112.174100886629,112.174100886629,112.174100886629,112.168875,112.168283301745,112.175646972656,112.175323341619
114.45,112.17171952,112.172964610581,112.174060803383,112.174060803383,112.174060803383,112.168625,112.168034675119,112.175573730469,112.175243566602
114.5,112.17164336,112.172948860992,112.174020720138,112.174020720138,112.174020720138,112.168375,112.167786048492,112.175500488281,112.175163791585
114.55,112.1715672,112.172933111403,112.173980636893,112.173980636893,112.173980636893,112.168125,112.167537421865,112.175427246094,112.175084016568
114.6,112.17149104,112.172917361813,112.173940553648,112.173940553648,112.173940553648,112.167875,112.167288795239,112.175354003906,112.175004241551
114.65,112.17141488,112.172901612224,112.173900470403,112.173900470403,112.173900470403,112.167625,112.167040168612,112.175280761719,112.174924466534
114.7,112.1713376,112.172885862635,112.173860387158,112.173860387158,112.173860387158,112.167375,112.166791541985,112.175207519531,112.174844691517
114.75,112.17126144,112.172870113045,112.173820303913,112.173820303913,112.173820303913,112.167125,112.166542915359,112.175134277344,112.1747649165
114.8,112.17118528,112.172854363456,112.173780220668,112.173780220668,112.173780220668,112.166875,112.166294288732,112.175061035156,112.174685141483
114.85,112.17110912,112.172838613867,112.173740137423,112.173740137423,112.173740137423,112.166625,112.166045662105,112.174987792969,112.174605366466
114.9,112.17103296,112.172822864277,112.173700054178,112.173700054178,112.173700054178,112.166375,112.165797035478,112.174914550781,112.174525591449
114.95,112.1709568,112.172807114688,112.173659970933,112.173659970933,112.173659970933,112.166125,112.165548408852,112.174841308594,112.174445816432
115,112.17087952,112.172791365099,112.173619887688,112.173619887688,112.173619887688,112.166,112.165424782225,112.174768066406,112.174366041415
115.05,112.17080336,112.17277561551,112.173579804443,112.173579804443,112.173579804443,112.166,112.165426155598,112.174694824219,112.174286266398
115.1,112.1707272,112.17275986592,112.173539721198,112.173539721198,112.173539721198,112.166,112.165427528972,112.174621582031,112.174206491381
115.15,112.17065104,112.172744116331,112.173499637952,112.173499637952,112.173499637952,112.166,112.165428902345,112.174548339844,112.174126716364
115.2,112.17057488,112.172728366742,112.173459554707,112.173459554707,112.173459554707,112.166,112.165430275718,112.174475097656,112.174046941347
115.25,112.1704976,112.172712617152,112.173419471462,112.173419471462,112.173419471462,112.166,112.165431649092,112.174401855469,112.17396716633
115.3,112.17042144,112.172696867563,112.173379388217,112.173379388217,112.173379388217,112.166,112.165433022465,112.174328613281,112.173887391313
115.35,112.17034528,112.172681117974,112.173339304972,112.173339304972,112.173339304972,112.166,112.165434395838,112.174255371094,112.173807616296
115.4,112.17026912,112.172665368385,112.173299221727,112.173299221727,112.173299221727,112.166,112.165435769211,112.174182128906,112.173727841279
115.45,112.17019296,112.172649618795,112.173259138482,112.173259138482,112.173259138482,112.166,112.165437142585,112.174108886719,112.173648066262
115.5,112.1701168,112.172633869206,112.173219055237,112.173219055237,112.173219055237,112.166,112.165438515958,112.174035644531,112.173568291245
115.55,112.17003952,112.172618119617,112.173178971992,112.173178971992,112.173178971992,112.166,112.165439889331,112.173962402344,112.173488516228
115.6,112.16996336,112.172602370027,112.173138888747,112.173138888747,112.173138888747,112.166,112.165441262705,112.173889160156,112.173408741211
115.65,112.1698872,112.172586620438,112.173098805502,112.173098805502,112.173098805502,112.166,112.165442636078,112.173815917969,112.173328966194
115.7,112.16981104,112.172570870849,112.173058722257,112.173058722257,112.173058722257,112.166,112.165444009451,112.173742675781,112.173249191177
115.75,112.16973488,112.172555121259,112.173018639012,112.173018639012,112.173018639012,112.166,112.165445382825,112.173669433594,112.17316941616
115.8,112.16965872,112.17253937167,112.172978555767,112.172978555767,112.172978555767,112.166,112.165446756198,112.173596191406,112.173089641143
115.85,112.16958144,112.172523622081,112.172938472521,112.172938472521,112.172938472521,112.166,112.165448129571,112.173522949219,112.173009866126
115.9,112.16950528,112.172507872492,112.172898389276,112.172898389276,112.172898389276,112.166,112.165449502944,112.173449707031,112.172930091109
115.95,112.16942912,112.172492122902,112.172858306031,112.172858306031,112.172858306031,112.166,112.165450876318,112.173376464844,112.172850316092
116,112.16935296,112.172476373313,112.172818222786,112.172818222786,112.172818222786,112.166,112.165452249691,112.173303222656,112.172770541075
116.05,112.1692768,112.172460623724,112.172778139541,112.172778139541,112.172778139541,112.166,112.165453623064,112.173229980469,112.172690766058
116.1,112.16920064,112.172444874134,112.172738056296,112.172738056296,112.172738056296,112.166,112.165454996438,112.173156738281,112.172610991041
116.15,112.16912336,112.172429124545,112.172697973051,112.172697973051,112.172697973051,112.166,112.165456369811,112.173083496094,112.172531216024
116.2,112.1690472,112.172413374956,112.172657889806,112.172657889806,112.172657889806,112.166,112.165457743184,112.173010253906,112.172451441007
116.25,112.16897104,112.172397625367,112.172617806561,112.172617806561,112.172617806561,112.166,112.165459116557,112.172937011719,112.17237166599
116.3,112.16889488,112.172381875777,112.172577723316,112.172577723316,112.172577723316,112.166,112.165460489931,112.172863769531,112.172291890973
116.35,112.16881872,112.172366126188,112.172537640071,112.172537640071,112.172537640071,112.166,112.165461863304,112.172790527344,112.172212115956
116.4,112.16874144,112.172350376599,112.172497556826,112.172497556826,112.172497556826,112.166,112.165463236677,112.172717285156,112.172132340939
116.45,112.16866528,112.172334627009,112.172457473581,112.172457473581,112.172457473581,112.166,112.165464610051,112.172644042969,112.172052565922
116.5,112.16858912,112.17231887742,112.172417390336,112.172417390336,112.172417390336,112.166,112.165465983424,112.172570800781,112.171972790905
116.55,112.16851296,112.172303127831,112.17237730709,112.17237730709,112.17237730709,112.166,112.165467356797,112.172497558594,112.171893015888
116.6,112.1684368,112.172287378241,112.172337223845,112.172337223845,112.172337223845,112.166,112.165468730171,112.172424316406,112.171813240871
116.65,112.16836064,112.172271628652,112.1722971406,112.1722971406,112.1722971406,112.166,112.165470103544,112.172351074219,112.171733465854
116.7,112.16828336,112.172255879063,112.172257057355,112.172257057355,112.172257057355,112.166,112.165471476917,112.172277832031,112.171653690837
116.75,112.1682072,112.172240129474,112.17221697411,112.17221697411,112.17221697411,112.166,112.16547285029,112.172204589844,112.17157391582
116.8,112.16813104,112.172224379884,112.172176890865,112.172176890865,112.172176890865,112.166,112.165474223664,112.172131347656,112.171494140803
116.85,112.16805488,112.172208630295,112.17213680762,112.17213680762,112.17213680762,112.166,112.165475597037,112.172058105469,112.171414365786
116.9,112.16797872,112.172192880706,112.172096724375,112.172096724375,112.172096724375,112.166,112.16547697041,112.171984863281,112.171334590769
116.95,112.16790256,112.172177131116,112.17205664113,112.17205664113,112.17205664113,112.166,112.165478343784,112.171911621094,112.171254815752
117,112.16782528,112.172161381527,112.172016557885,112.172016557885,112.172016557885,112.166075,112.165554717157,112.171862792969,112.171199454797
117.05,112.16774912,112.172145631938,112.17197647464,112.17197647464,112.17197647464,112.166225,112.16570609053,112.171838378906,112.171168507905
117.1,112.16767296,112.172129882349,112.171936391395,112.171936391395,112.171936391395,112.166375,112.165857463904,112.171813964844,112.171137561013
117.15,112.1675968,112.172114132759,112.17189630815,112.17189630815,112.17189630815,112.166525,112.166008837277,112.171789550781,112.171106614121
117.2,112.16752064,112.17209838317,112.171856224905,112.171856224905,112.171856224905,112.166675,112.16616021065,112.171765136719,112.171075667229
117.25,112.16744448,112.172082633581,112.171816141659,112.171816141659,112.171816141659,112.166825,112.166311584023,112.171740722656,112.171044720337
117.3,112.1673672,112.172066883991,112.171776058414,112.171776058414,112.171776058414,112.166975,112.166462957397,112.171716308594,112.171013773445
117.35,112.16729104,112.172051134402,112.171735975169,112.171735975169,112.171735975169,112.167125,112.16661433077,112.171691894531,112.170982826553
117.4,112.16721488,112.172035384813,112.171695891924,112.171695891924,112.171695891924,112.167275,112.166765704143,112.171667480469,112.170951879661
117.45,112.16713872,112.172019635223,112.171655808679,112.171655808679,112.171655808679,112.167425,112.166917077517,112.171643066406,112.170920932769
117.5,112.16706256,112.172003885634,112.171615725434,112.171615725434,112.171615725434,112.167575,112.16706845089,112.171618652344,112.170889985877
117.55,112.16698528,112.171988136045,112.171575642189,112.171575642189,112.171575642189,112.167725,112.167219824263,112.171594238281,112.170859038985
117.6,112.16690912,112.171972386456,112.171535558944,112.171535558944,112.171535558944,112.167875,112.167371197637,112.171569824219,112.170828092093
117.65,112.16683296,112.171956636866,112.171495475699,112.171495475699,112.171495475699,112.168025,112.16752257101,112.171545410156,112.170797145201
117.7,112.1667568,112.171940887277,112.171455392454,112.171455392454,112.171455392454,112.168175,112.167673944383,112.171520996094,112.170766198309
117.75,112.16668064,112.171925137688,112.171415309209,112.171415309209,112.171415309209,112.168325,112.167825317756,112.171496582031,112.170735251417
117.8,112.16660448,112.171909388098,112.171375225964,112.171375225964,112.171375225964,112.168475,112.16797669113,112.171472167969,112.170704304525
117.85,112.1665272,112.171893638509,112.171335142719,112.171335142719,112.171335142719,112.168625,112.168128064503,112.171447753906,112.170673357633
117.9,112.16645104,112.17187788892,112.171295059474,112.171295059474,112.171295059474,112.168775,112.168279437876,112.171423339844,112.170642410741
117.95,112.16637488,112.171862139331,112.171254976229,112.171254976229,112.171254976229,112.168925,112.16843081125,112.171398925781,112.170611463849
118,112.16629872,112.171846389741,112.171214892983,112.171214892983,112.171214892983,112.169125,112.168632184623,112.171374511719,112.170580516957
118.05,112.16622256,112.171830640152,112.171174809738,112.171174809738,112.171174809738,112.169375,112.168883557996,112.171350097656,112.170549570065
118.1,112.1661464,112.171814890563,112.171134726493,112.171134726493,112.171134726493,112.169625,112.16913493137,112.171325683594,112.170518623173
118.15,112.16606912,112.171799140973,112.171094643248,112.171094643248,112.171094643248,112.169875,112.169386304743,112.171301269531,112.170487676281
118.2,112.16599296,112.171783391384,112.171054560003,112.171054560003,112.171054560003,112.170125,112.169637678116,112.171276855469,112.170456729389
118.25,112.1659168,112.171767641795,112.171014476758,112.171014476758,112.171014476758,112.170375,112.169889051489,112.171252441406,112.170425782497
118.3,112.16584064,112.171751892205,112.170974393513,112.170974393513,112.170974393513,112.170625,112.170140424863,112.171228027344,112.170394835605
118.35,112.16576448,112.171736142616,112.170934310268,112.170934310268,112.170934310268,112.170875,112.170391798236,112.171203613281,112.170363888713
118.4,112.16568832,112.171720393027,112.170894227023,112.170894227023,112.170894227023,112.171125,112.170643171609,112.171179199219,112.170332941821
118.45,112.16561104,112.171704643438,112.170854143778,112.170854143778,112.170854143778,112.171375,112.170894544983,112.171154785156,112.170301994929
118.5,112.16553488,112.171688893848,112.170814060533,112.170814060533,112.170814060533,112.171625,112.171145918356,112.171130371094,112.170271048037
118.55,112.16545872,112.171673144259,112.170773977288,112.170773977288,112.170773977288,112.171875,112.171397291729,112.171105957031,112.170240101145
118.6,112.16538256,112.17165739467,112.170733894043,112.170733894043,112.170733894043,112.172125,112.171648665103,112.171081542969,112.170209154253
118.65,112.1653064,112.17164164508,112.170693810798,112.170693810798,112.170693810798,112.172375,112.171900038476,112.171057128906,112.170178207361
118.7,112.16522912,112.171625895491,112.170653727552,112.170653727552,112.170653727552,112.172625,112.172151411849,112.171032714844,112.170147260469
118.75,112.16515296,112.171610145902,112.170613644307,112.170613644307,112.170613644307,112.172875,112.172402785222,112.171008300781,112.170116313577
118.8,112.1650768,112.171594396313,112.170573561062,112.170573561062,112.170573561062,112.173125,112.172654158596,112.170983886719,112.170085366685
118.85,112.16500064,112.171578646723,112.170533477817,112.170533477817,112.170533477817,112.173375,112.172905531969,112.170959472656,112.170054419793
118.9,112.16492448,112.171562897134,112.170493394572,112.170493394572,112.170493394572,112.173625,112.173156905342,112.170935058594,112.170023472901
118.95,112.16484832,112.171547147545,112.170453311327,112.170453311327,112.170453311327,112.173875,112.173408278716,112.170910644531,112.169992526009
119,112.16477104,112.171531397955,112.170413228082,112.170413228082,112.170413228082,112.174075,112.173609652089,112.170886230469,112.169961579117
119.05,112.16469488,112.171515648366,112.170373144837,112.170373144837,112.170373144837,112.174225,112.173761025462,112.170861816406,112.169930632225
119.1,112.16461872,112.171499898777,112.170333061592,112.170333061592,112.170333061592,112.174375,112.173912398835,112.170837402344,112.169899685333
119.15,112.16454256,112.171484149187,112.170292978347,112.170292978347,112.170292978347,112.174525,112.174063772209,112.170812988281,112.169868738441
119.2,112.1644664,112.171468399598,112.170252895102,112.170252895102,112.170252895102,112.174675,112.174215145582,112.170788574219,112.169837791549
119.25,112.16439024,112.171452650009,112.170212811857,112.170212811857,112.170212811857,112.174825,112.174366518955,112.170764160156,112.169806844657
119.3,112.16431296,112.17143690042,112.170172728612,112.170172728612,112.170172728612,112.174975,112.174517892329,112.170739746094,112.169775897765
119.35,112.1642368,112.17142115083,112.170132645367,112.170132645367,112.170132645367,112.175125,112.174669265702,112.170715332031,112.169744950873
119.4,112.16416064,112.171405401241,112.170092562121,112.170092562121,112.170092562121,112.175275,112.174820639075,112.170690917969,112.169714003981
119.45,112.16408448,112.171389651652,112.170052478876,112.170052478876,112.170052478876,112.175425,112.174972012449,112.170666503906,112.169683057089
119.5,112.16400832,112.171373902062,112.170012395631,112.170012395631,112.170012395631,112.175575,112.175123385822,112.170642089844,112.169652110197
119.55,112.16393216,112.171358152473,112.169972312386,112.169972312386,112.169972312386,112.175725,112.175274759195,112.170617675781,112.169621163305
119.6,112.16385488,112.171342402884,112.169932229141,112.169932229141,112.169932229141,112.175875,112.175426132568,112.170593261719,112.169590216413
119.65,112.16377872,112.171326653295,112.169892145896,112.169892145896,112.169892145896,112.176025,112.175577505942,112.170568847656,112.169559269521
119.7,112.16370256,112.171310903705,112.169852062651,112.169852062651,112.169852062651,112.176175,112.175728879315,112.170544433594,112.169528322629
119.75,112.1636264,112.171295154116,112.169811979406,112.169811979406,112.169811979406,112.176325,112.175880252688,112.170520019531,112.169497375737
119.8,112.16355024,112.171279404527,112.169771896161,112.169771896161,112.169771896161,112.176475,112.176031626062,112.170495605469,112.169466428845
119.85,112.16347296,112.171263654937,112.169731812916,112.169731812916,112.169731812916,112.176625,112.176182999435,112.170471191406,112.169435481953
119.9,112.1633968,112.171247905348,112.169691729671,112.169691729671,112.169691729671,112.176775,112.176334372808,112.170446777344,112.169404535061
119.95,112.16332064,112.171232155759,112.169651646426,112.169651646426,112.169651646426,112.176925,112.176485746182,112.170422363281,112.169373588169
120,112.16324448,112.171216406169,112.169611563181,112.169611563181,112.169611563181,112.177,112.176562119555,112.170397949219,112.169342641277
120.05,112.16316832,112.171206678844,112.169584616867,112.169584616867,112.169584616867,112.177,112.176612438298,112.170373535156,112.169313284974
120.1,112.16309216,112.171196951518,112.169557670553,112.169557670553,112.169557670553,112.177,112.176662757041,112.170349121094,112.16928392867
120.15,112.16301488,112.171187224192,112.169530724238,112.169530724238,112.169530724238,112.177,112.176713075784,112.170324707031,112.169254572367
120.2,112.16293872,112.171177496866,112.169503777924,112.169503777924,112.169503777924,112.177,112.176763394526,112.170300292969,112.169225216063
120.25,112.16286256,112.17116776954,112.16947683161,112.16947683161,112.16947683161,112.177,112.176813713269,112.170275878906,112.16919585976
120.3,112.1627864,112.171158042214,112.169449885296,112.169449885296,112.169449885296,112.177,112.176864032012,112.170251464844,112.169166503456
120.35,112.16271024,112.171148314888,112.169422938982,112.169422938982,112.169422938982,112.177,112.176914350755,112.170227050781,112.169137147153
120.4,112.16263408,112.171138587562,112.169395992668,112.169395992668,112.169395992668,112.177,112.176964669498,112.170202636719,112.169107790849
120.45,112.1625568,112.171128860236,112.169369046354,112.169369046354,112.169369046354,112.177,112.177014988241,112.170178222656,112.169078434546
120.5,112.16248064,112.17111913291,112.16934210004,112.16934210004,112.16934210004,112.177,112.177065306984,112.170153808594,112.169049078242
120.55,112.16240448,112.171109405584,112.169315153726,112.169315153726,112.169315153726,112.177,112.177115625727,112.170129394531,112.169019721938
120.6,112.16232832,112.171099678258,112.169288207412,112.169288207412,112.169288207412,112.177,112.17716594447,112.170104980469,112.168990365635
120.65,112.16225216,112.171089950932,112.169261261098,112.169261261098,112.169261261098,112.177,112.177216263213,112.170080566406,112.168961009331
120.7,112.162176,112.171080223606,112.169234314784,112.169234314784,112.169234314784,112.177,112.177266581955,112.170056152344,112.168931653028
120.75,112.16209872,112.171070496281,112.16920736847,112.16920736847,112.16920736847,112.177,112.177316900698,112.170031738281,112.168902296724
120.8,112.16202256,112.171060768955,112.169180422156,112.169180422156,112.169180422156,112.177,112.177367219441,112.170007324219,112.168872940421
120.85,112.1619464,112.171051041629,112.169153475842,112.169153475842,112.169153475842,112.177,112.177417538184,112.169982910156,112.168843584117
120.9,112.16187024,112.171041314303,112.169126529528,112.169126529528,112.169126529528,112.177,112.177467856927,112.169958496094,112.168814227814
120.95,112.16179408,112.171031586977,112.169099583214,112.169099583214,112.169099583214,112.177,112.17751817567,112.169934082031,112.16878487151
121,112.1617168,112.171021859651,112.1690726369,112.1690726369,112.1690726369,112.177,112.177568494413,112.169909667969,112.168755515207
121.05,112.16164064,112.171012132325,112.169045690585,112.169045690585,112.169045690585,112.177,112.177618813156,112.169885253906,112.168726158903
121.1,112.16156448,112.171002404999,112.169018744271,112.169018744271,112.169018744271,112.177,112.177669131899,112.169860839844,112.1686968026
121.15,112.16148832,112.170992677673,112.168991797957,112.168991797957,112.168991797957,112.177,112.177719450642,112.169836425781,112.168667446296
121.2,112.16141216,112.170982950347,112.168964851643,112.168964851643,112.168964851643,112.177,112.177769769384,112.169812011719,112.168638089993
121.25,112.161336,112.170973223021,112.168937905329,112.168937905329,112.168937905329,112.177,112.177820088127,112.169787597656,112.168608733689
121.3,112.16125872,112.170963495695,112.168910959015,112.168910959015,112.168910959015,112.177,112.17787040687,112.169763183594,112.168579377385
121.35,112.16118256,112.170953768369,112.168884012701,112.168884012701,112.168884012701,112.177,112.177920725613,112.169738769531,112.168550021082
121.4,112.1611064,112.170944041043,112.168857066387,112.168857066387,112.168857066387,112.177,112.177971044356,112.169714355469,112.168520664778
121.45,112.16103024,112.170934313718,112.168830120073,112.168830120073,112.168830120073,112.177,112.178021363099,112.169689941406,112.168491308475
121.5,112.16095408,112.170924586392,112.168803173759,112.168803173759,112.168803173759,112.177,112.178071681842,112.169665527344,112.168461952171
121.55,112.16087792,112.170914859066,112.168776227445,112.168776227445,112.168776227445,112.177,112.178122000585,112.169641113281,112.168432595868
121.6,112.16080064,112.17090513174,112.168749281131,112.168749281131,112.168749281131,112.177,112.178172319328,112.169616699219,112.168403239564
121.65,112.16072448,112.170895404414,112.168722334817,112.168722334817,112.168722334817,112.177,112.178222638071,112.169592285156,112.168373883261
121.7,112.16064832,112.170885677088,112.168695388503,112.168695388503,112.168695388503,112.177,112.178272956814,112.169567871094,112.168344526957
121.75,112.16057216,112.170875949762,112.168668442189,112.168668442189,112.168668442189,112.177,112.178323275556,112.169543457031,112.168315170654
121.8,112.160496,112.170866222436,112.168641495875,112.168641495875,112.168641495875,112.177,112.178373594299,112.169519042969,112.16828581435
121.85,112.16041984,112.17085649511,112.168614549561,112.168614549561,112.168614549561,112.177,112.178423913042,112.169494628906,112.168256458047
121.9,112.16034256,112.170846767784,112.168587603247,112.168587603247,112.168587603247,112.177,112.178474231785,112.169470214844,112.168227101743
121.95,112.1602664,112.170837040458,112.168560656933,112.168560656933,112.168560656933,112.177,112.178524550528,112.169445800781,112.16819774544
122,112.16019024,112.170827313132,112.168533710618,112.168533710618,112.168533710618,112.176975,112.178549869271,112.169421386719,112.168168389136
122.05,112.16011408,112.170817585806,112.168506764304,112.168506764304,112.168506764304,112.176925,112.178550188014,112.169396972656,112.168139032832
122.1,112.16003792,112.17080785848,112.16847981799,112.16847981799,112.16847981799,112.176875,112.178550506757,112.169372558594,112.168109676529
122.15,112.15996064,112.170798131155,112.168452871676,112.168452871676,112.168452871676,112.176825,112.1785508255,112.169348144531,112.168080320225
122.2,112.15988448,112.170788403829,112.168425925362,112.168425925362,112.168425925362,112.176775,112.178551144243,112.169323730469,112.168050963922
122.25,112.15980832,112.170778676503,112.168398979048,112.168398979048,112.168398979048,112.176725,112.178551462985,112.169299316406,112.168021607618
122.3,112.15973216,112.170768949177,112.168372032734,112.168372032734,112.168372032734,112.176675,112.178551781728,112.169274902344,112.167992251315
122.35,112.159656,112.170759221851,112.16834508642,112.16834508642,112.16834508642,112.176625,112.178552100471,112.169250488281,112.167962895011
122.4,112.15957984,112.170749494525,112.168318140106,112.168318140106,112.168318140106,112.176575,112.178552419214,112.169226074219,112.167933538708
122.45,112.15950256,112.170739767199,112.168291193792,112.168291193792,112.168291193792,112.176525,112.178552737957,112.169201660156,112.167904182404
122.5,112.1594264,112.170730039873,112.168264247478,112.168264247478,112.168264247478,112.176475,112.1785530567,112.169177246094,112.167874826101
122.55,112.15935024,112.170720312547,112.168237301164,112.168237301164,112.168237301164,112.176425,112.178553375443,112.169152832031,112.167845469797
122.6,112.15927408,112.170710585221,112.16821035485,112.16821035485,112.16821035485,112.176375,112.178553694186,112.169128417969,112.167816113494
122.65,112.15919792,112.170700857895,112.168183408536,112.168183408536,112.168183408536,112.176325,112.178554012929,112.169104003906,112.16778675719
122.7,112.15912176,112.170691130569,112.168156462222,112.168156462222,112.168156462222,112.176275,112.178554331672,112.169079589844,112.167757400887
122.75,112.15904448,112.170681403243,112.168129515908,112.168129515908,112.168129515908,112.176225,112.178554650414,112.169055175781,112.167728044583
122.8,112.15896832,112.170671675917,112.168102569594,112.168102569594,112.168102569594,112.176175,112.178554969157,112.169030761719,112.167698688279
122.85,112.15889216,112.170661948592,112.16807562328,112.16807562328,112.16807562328,112.176125,112.1785552879,112.169006347656,112.167669331976
122.9,112.158816,112.170652221266,112.168048676966,112.168048676966,112.168048676966,112.176075,112.178555606643,112.168981933594,112.167639975672
122.95,112.15873984,112.17064249394,112.168021730651,112.168021730651,112.168021730651,112.176025,112.178555925386,112.168957519531,112.167610619369
123,112.15866368,112.170632766614,112.167994784337,112.167994784337,112.167994784337,112.17585,112.178431244129,112.168933105469,112.167581263065
123.05,112.1585864,112.170623039288,112.167967838023,112.167967838023,112.167967838023,112.17555,112.178181562872,112.168908691406,112.167551906762
123.1,112.15851024,112.170613311962,112.167940891709,112.167940891709,112.167940891709,112.17525,112.177931881615,112.168884277344,112.167522550458
123.15,112.15843408,112.170603584636,112.167913945395,112.167913945395,112.167913945395,112.17495,112.177682200358,112.168859863281,112.167493194155
123.2,112.15835792,112.17059385731,112.167886999081,112.167886999081,112.167886999081,112.17465,112.177432519101,112.168835449219,112.167463837851
123.25,112.15828176,112.170584129984,112.167860052767,112.167860052767,112.167860052767,112.17435,112.177182837843,112.168811035156,112.167434481548
123.3,112.15820448,112.170574402658,112.167833106453,112.167833106453,112.167833106453,112.17405,112.176933156586,112.168786621094,112.167405125244
123.35,112.15812832,112.170564675332,112.167806160139,112.167806160139,112.167806160139,112.17375,112.176683475329,112.168762207031,112.167375768941
123.4,112.15805216,112.170554948006,112.167779213825,112.167779213825,112.167779213825,112.17345,112.176433794072,112.168737792969,112.167346412637
123.45,112.157976,112.17054522068,112.167752267511,112.167752267511,112.167752267511,112.17315,112.176184112815,112.168713378906,112.167317056334
123.5,112.15789984,112.170535493354,112.167725321197,112.167725321197,112.167725321197,112.17285,112.175934431558,112.168688964844,112.16728770003
123.55,112.15782368,112.170525766029,112.167698374883,112.167698374883,112.167698374883,112.17255,112.175684750301,112.168664550781,112.167258343726
123.6,112.1577464,112.170516038703,112.167671428569,112.167671428569,112.167671428569,112.17225,112.175435069044,112.168640136719,112.167228987423
123.65,112.15767024,112.170506311377,112.167644482255,112.167644482255,112.167644482255,112.17195,112.175185387787,112.168615722656,112.167199631119
123.7,112.15759408,112.170496584051,112.167617535941,112.167617535941,112.167617535941,112.17165,112.17493570653,112.168591308594,112.167170274816
123.75,112.15751792,112.170486856725,112.167590589627,112.167590589627,112.167590589627,112.17135,112.174686025272,112.168566894531,112.167140918512
123.8,112.15744176,112.170477129399,112.167563643313,112.167563643313,112.167563643313,112.17105,112.174436344015,112.168542480469,112.167111562209
123.85,112.1573656,112.170467402073,112.167536696998,112.167536696998,112.167536696998,112.17075,112.174186662758,112.168518066406,112.167082205905
123.9,112.15728832,112.170457674747,112.167509750684,112.167509750684,112.167509750684,112.17045,112.173936981501,112.168493652344,112.167052849602
123.95,112.15721216,112.170447947421,112.16748280437,112.16748280437,112.16748280437,112.17015,112.173687300244,112.168469238281,112.167023493298
124,112.157136,112.170438220095,112.167455858056,112.167455858056,112.167455858056,112.1698,112.173387618987,112.168444824219,112.166994136995
124.05,112.15705984,112.170428492769,112.167428911742,112.167428911742,112.167428911742,112.1694,112.17303793773,112.168420410156,112.166964780691
124.1,112.15698368,112.170418765443,112.167401965428,112.167401965428,112.167401965428,112.169,112.172688256473,112.168395996094,112.166935424388
124.15,112.15690752,112.170409038117,112.167375019114,112.167375019114,112.167375019114,112.1686,112.172338575216,112.168371582031,112.166906068084
124.2,112.15683024,112.170399310791,112.1673480728,112.1673480728,112.1673480728,112.1682,112.171988893959,112.168347167969,112.166876711781
124.25,112.15675408,112.170389583465,112.167321126486,112.167321126486,112.167321126486,112.1678,112.171639212701,112.168322753906,112.166847355477
124.3,112.15667792,112.17037985614,112.167294180172,112.167294180172,112.167294180172,112.1674,112.171289531444,112.168298339844,112.166817999173
124.35,112.15660176,112.170370128814,112.167267233858,112.167267233858,112.167267233858,112.167,112.170939850187,112.168273925781,112.16678864287
124.4,112.1565256,112.170360401488,112.167240287544,112.167240287544,112.167240287544,112.1666,112.17059016893,112.168249511719,112.166759286566
124.45,112.15644832,112.170350674162,112.16721334123,112.16721334123,112.16721334123,112.1662,112.170240487673,112.168225097656,112.166729930263
124.5,112.15637216,112.170340946836,112.167186394916,112.167186394916,112.167186394916,112.1658,112.169890806416,112.168200683594,112.166700573959
124.55,112.156296,112.17033121951,112.167159448602,112.167159448602,112.167159448602,112.1654,112.169541125159,112.168176269531,112.166671217656
124.6,112.15621984,112.170321492184,112.167132502288,112.167132502288,112.167132502288,112.165,112.169191443902,112.168151855469,112.166641861352
124.65,112.15614368,112.170311764858,112.167105555974,112.167105555974,112.167105555974,112.1646,112.168841762645,112.168127441406,112.166612505049
124.7,112.15606752,112.170302037532,112.16707860966,112.16707860966,112.16707860966,112.1642,112.168492081388,112.168103027344,112.166583148745
124.75,112.15599024,112.170292310206,112.167051663346,112.167051663346,112.167051663346,112.1638,112.16814240013,112.168078613281,112.166553792442
124.8,112.15591408,112.17028258288,112.167024717031,112.167024717031,112.167024717031,112.1634,112.167792718873,112.168054199219,112.166524436138
124.85,112.15583792,112.170272855554,112.166997770717,112.166997770717,112.166997770717,112.163,112.167443037616,112.168029785156,112.166495079835
124.9,112.15576176,112.170263128228,112.166970824403,112.166970824403,112.166970824403,112.1626,112.167093356359,112.168005371094,112.166465723531
124.95,112.1556856,112.170253400902,112.166943878089,112.166943878089,112.166943878089,112.1622,112.166743675102,112.167980957031,112.166436367228
125,112.15560944,112.170243673577,112.166916931775,112.166916931775,112.166916931775,112.161775,112.166368993845,112.167944335938,112.166394803893
125.05,112.15553216,112.170233946251,112.166889985461,112.166889985461,112.166889985461,112.161325,112.165969312588,112.167895507813,112.166341033527
125.1,112.155456,112.170224218925,112.166863039147,112.166863039147,112.166863039147,112.160875,112.165569631331,112.167846679688,112.166287263161
125.15,112.15537984,112.170214491599,112.166836092833,112.166836092833,112.166836092833,112.160425,112.165169950074,112.167797851562,112.166233492795
125.2,112.15530368,112.170204764273,112.166809146519,112.166809146519,112.166809146519,112.159975,112.164770268817,112.167749023437,112.166179722429
125.25,112.15522752,112.170195036947,112.166782200205,112.166782200205,112.166782200205,112.159525,112.164370587559,112.167700195313,112.166125952063
125.3,112.15515136,112.170185309621,112.166755253891,112.166755253891,112.166755253891,112.159075,112.163970906302,112.167651367188,112.166072181697
125.35,112.15507408,112.170175582295,112.166728307577,112.166728307577,112.166728307577,112.158625,112.163571225045,112.167602539062,112.166018411331
125.4,112.15499792,112.170165854969,112.166701361263,112.166701361263,112.166701361263,112.158175,112.163171543788,112.167553710937,112.165964640965
125.45,112.15492176,112.170156127643,112.166674414949,112.166674414949,112.166674414949,112.157725,112.162771862531,112.167504882812,112.165910870598
125.5,112.1548456,112.170146400317,112.166647468635,112.166647468635,112.166647468635,112.157275,112.162372181274,112.167456054688,112.165857100232
125.55,112.15476944,112.170136672991,112.166620522321,112.166620522321,112.166620522321,112.156825,112.161972500017,112.167407226563,112.165803329866
125.6,112.15469216,112.170126945665,112.166593576007,112.166593576007,112.166593576007,112.156375,112.16157281876,112.167358398438,112.1657495595
125.65,112.154616,112.170117218339,112.166566629693,112.166566629693,112.166566629693,112.155925,112.161173137503,112.167309570312,112.165695789134
125.7,112.15453984,112.170107491014,112.166539683379,112.166539683379,112.166539683379,112.155475,112.160773456246,112.167260742187,112.165642018768
125.75,112.15446368,112.170097763688,112.166512737064,112.166512737064,112.166512737064,112.155025,112.160373774988,112.167211914063,112.165588248402
125.8,112.15438752,112.170088036362,112.16648579075,112.16648579075,112.16648579075,112.154575,112.159974093731,112.167163085938,112.165534478036
125.85,112.15431136,112.170078309036,112.166458844436,112.166458844436,112.166458844436,112.154125,112.159574412474,112.167114257812,112.16548070767
125.9,112.15423408,112.17006858171,112.166431898122,112.166431898122,112.166431898122,112.153675,112.159174731217,112.167065429687,112.165426937304
125.95,112.15415792,112.170058854384,112.166404951808,112.166404951808,112.166404951808,112.153225,112.15877504996,112.167016601562,112.165373166938
126,112.15408176,112.170049127058,112.166378005494,112.166378005494,112.166378005494,112.153,112.158600368703,112.166967773438,112.165319396572
126.05,112.1540056,112.170039399732,112.16635105918,112.16635105918,112.16635105918,112.153,112.158650687446,112.166918945313,112.165265626206
126.1,112.15392944,112.170029672406,112.166324112866,112.166324112866,112.166324112866,112.153,112.158701006189,112.166870117188,112.16521185584
126.15,112.15385328,112.17001994508,112.166297166552,112.166297166552,112.166297166552,112.153,112.158751324932,112.166821289062,112.165158085474
126.2,112.153776,112.170010217754,112.166270220238,112.166270220238,112.166270220238,112.153,112.158801643675,112.166772460937,112.165104315108
126.25,112.15369984,112.170000490428,112.166243273924,112.166243273924,112.166243273924,112.153,112.158851962417,112.166723632813,112.165050544742
126.3,112.15362368,112.169990763102,112.16621632761,112.16621632761,112.16621632761,112.153,112.15890228116,112.166674804688,112.164996774376
126.35,112.15354752,112.169981035776,112.166189381296,112.166189381296,112.166189381296,112.153,112.158952599903,112.166625976562,112.16494300401
126.4,112.15347136,112.169971308451,112.166162434982,112.166162434982,112.166162434982,112.153,112.159002918646,112.166577148437,112.164889233644
126.45,112.1533952,112.169961581125,112.166135488668,112.166135488668,112.166135488668,112.153,112.159053237389,112.166528320312,112.164835463278
126.5,112.15331792,112.169951853799,112.166108542354,112.166108542354,112.166108542354,112.153,112.159103556132,112.166479492188,112.164781692912
126.55,112.15324176,112.169942126473,112.16608159604,112.16608159604,112.16608159604,112.153,112.159153874875,112.166430664063,112.164727922546
126.6,112.1531656,112.169932399147,112.166054649726,112.166054649726,112.166054649726,112.153,112.159204193618,112.166381835938,112.16467415218
126.65,112.15308944,112.169922671821,112.166027703411,112.166027703411,112.166027703411,112.153,112.159254512361,112.166333007812,112.164620381814
126.7,112.15301328,112.169912944495,112.166000757097,112.166000757097,112.166000757097,112.153,112.159304831104,112.166284179687,112.164566611448
126.75,112.152936,112.169903217169,112.165973810783,112.165973810783,112.165973810783,112.153,112.159355149846,112.166235351563,112.164512841082
126.8,112.15285984,112.169893489843,112.165946864469,112.165946864469,112.165946864469,112.153,112.159405468589,112.166186523438,112.164459070716
126.85,112.15278368,112.169883762517,112.165919918155,112.165919918155,112.165919918155,112.153,112.159455787332,112.166137695312,112.16440530035
126.9,112.15270752,112.169874035191,112.165892971841,112.165892971841,112.165892971841,112.153,112.159506106075,112.166088867187,112.164351529984
126.95,112.15263136,112.169864307865,112.165866025527,112.165866025527,112.165866025527,112.153,112.159556424818,112.166040039062,112.164297759618
127,112.1525552,112.169854580539,112.165839079213,112.165839079213,112.165839079213,112.153,112.159606743561,112.165991210938,112.164243989251
127.05,112.15247792,112.169844853213,112.165812132899,112.165812132899,112.165812132899,112.153,112.159657062304,112.165942382813,112.164190218885
127.1,112.15240176,112.169835125888,112.165785186585,112.165785186585,112.165785186585,112.153,112.159707381047,112.165893554688,112.164136448519
127.15,112.1523256,112.169825398562,112.165758240271,112.165758240271,112.165758240271,112.153,112.15975769979,112.165844726562,112.164082678153
127.2,112.15224944,112.169815671236,112.165731293957,112.165731293957,112.165731293957,112.153,112.159808018533,112.165795898437,112.164028907787
127.25,112.15217328,112.16980594391,112.165704347643,112.165704347643,112.165704347643,112.153,112.159858337275,112.165747070313,112.163975137421
127.3,112.15209712,112.169796216584,112.165677401329,112.165677401329,112.165677401329,112.153,112.159908656018,112.165698242188,112.163921367055
127.35,112.15201984,112.169786489258,112.165650455015,112.165650455015,112.165650455015,112.153,112.159958974761,112.165649414062,112.163867596689
127.4,112.15194368,112.169776761932,112.165623508701,112.165623508701,112.165623508701,112.153,112.160009293504,112.165600585937,112.163813826323
127.45,112.15186752,112.169767034606,112.165596562387,112.165596562387,112.165596562387,112.153,112.160059612247,112.165551757812,112.163760055957
127.5,112.15179136,112.16975730728,112.165569616073,112.165569616073,112.165569616073,112.153,112.16010993099,112.165502929688,112.163706285591
127.55,112.1517152,112.169747579954,112.165542669759,112.165542669759,112.165542669759,112.153,112.160160249733,112.165454101563,112.163652515225
127.6,112.15163792,112.169737852628,112.165515723444,112.165515723444,112.165515723444,112.153,112.160210568476,112.165405273438,112.163598744859
127.65,112.15156176,112.169728125302,112.16548877713,112.16548877713,112.16548877713,112.153,112.160260887219,112.165356445312,112.163544974493
127.7,112.1514856,112.169718397976,112.165461830816,112.165461830816,112.165461830816,112.153,112.160311205962,112.165307617187,112.163491204127
127.75,112.15140944,112.16970867065,112.165434884502,112.165434884502,112.165434884502,112.153,112.160361524704,112.165258789063,112.163437433761
127.8,112.15133328,112.169698943324,112.165407938188,112.165407938188,112.165407938188,112.153,112.160411843447,112.165209960938,112.163383663395
127.85,112.15125712,112.169689215999,112.165380991874,112.165380991874,112.165380991874,112.153,112.16046216219,112.165161132812,112.163329893029
127.9,112.15117984,112.169679488673,112.16535404556,112.16535404556,112.16535404556,112.153,112.160512480933,112.165112304687,112.163276122663
127.95,112.15110368,112.169669761347,112.165327099246,112.165327099246,112.165327099246,112.153,112.160562799676,112.165063476562,112.163222352297
128,112.15102752,112.169660034021,112.165300152932,112.165300152932,112.165300152932,112.1533,112.160913118419,112.165014648438,112.163168581931
128.05,112.15095136,112.169650306695,112.165273206618,112.165273206618,112.165273206618,112.1539,112.161563437162,112.164965820313,112.163114811565
128.1,112.1508752,112.169640579369,112.165246260304,112.165246260304,112.165246260304,112.1545,112.162213755905,112.164916992188,112.163061041199
128.15,112.15079904,112.169630852043,112.16521931399,112.16521931399,112.16521931399,112.1551,112.162864074648,112.164868164062,112.163007270833
128.2,112.15072176,112.169621124717,112.165192367676,112.165192367676,112.165192367676,112.1557,112.163514393391,112.164819335937,112.162953500467
128.25,112.1506456,112.169611397391,112.165165421362,112.165165421362,112.165165421362,112.1563,112.164164712134,112.164770507813,112.162899730101
128.3,112.15056944,112.169601670065,112.165138475048,112.165138475048,112.165138475048,112.1569,112.164815030876,112.164721679688,112.162845959735
128.35,112.15049328,112.169591942739,112.165111528734,112.165111528734,112.165111528734,112.1575,112.165465349619,112.164672851562,112.162792189369
128.4,112.15041712,112.169582215413,112.16508458242,112.16508458242,112.16508458242,112.1581,112.166115668362,112.164624023437,112.162738419003
128.45,112.15034096,112.169572488087,112.165057636106,112.165057636106,112.165057636106,112.1587,112.166765987105,112.164575195312,112.162684648637
128.5,112.15026368,112.169562760761,112.165030689791,112.165030689791,112.165030689791,112.1593,112.167416305848,112.164526367188,112.16263087827
128.55,112.15018752,112.169553033436,112.165003743477,112.165003743477,112.165003743477,112.1599,112.168066624591,112.164477539063,112.162577107904
128.6,112.15011136,112.16954330611,112.164976797163,112.164976797163,112.164976797163,112.1605,112.168716943334,112.164428710938,112.162523337538
128.65,112.1500352,112.169533578784,112.164949850849,112.164949850849,112.164949850849,112.1611,112.169367262077,112.164379882812,112.162469567172
128.7,112.14995904,112.169523851458,112.164922904535,112.164922904535,112.164922904535,112.1617,112.17001758082,112.164331054687,112.162415796806
128.75,112.14988176,112.169514124132,112.164895958221,112.164895958221,112.164895958221,112.1623,112.170667899563,112.164282226563,112.16236202644
128.8,112.1498056,112.169504396806,112.164869011907,112.164869011907,112.164869011907,112.1629,112.171318218305,112.164233398438,112.162308256074
128.85,112.14972944,112.16949466948,112.164842065593,112.164842065593,112.164842065593,112.1635,112.171968537048,112.164184570312,112.162254485708
128.9,112.14965328,112.169484942154,112.164815119279,112.164815119279,112.164815119279,112.1641,112.172618855791,112.164135742187,112.162200715342
128.95,112.14957712,112.169475214828,112.164788172965,112.164788172965,112.164788172965,112.1647,112.173269174534,112.164086914062,112.162146944976
129,112.14950096,112.169465487502,112.164761226651,112.164761226651,112.164761226651,112.165,112.173619493277,112.164038085938,112.16209317461
129.05,112.14942368,112.169455760176,112.164734280337,112.164734280337,112.164734280337,112.165,112.17366981202,112.163989257813,112.162039404244
129.1,112.14934752,112.16944603285,112.164707334023,112.164707334023,112.164707334023,112.165,112.173720130763,112.163940429688,112.161985633878
129.15,112.14927136,112.169436305524,112.164680387709,112.164680387709,112.164680387709,112.165,112.173770449506,112.163891601562,112.161931863512
129.2,112.1491952,112.169426578198,112.164653441395,112.164653441395,112.164653441395,112.165,112.173820768249,112.163842773437,112.161878093146
129.25,112.14911904,112.169416850873,112.164626495081,112.164626495081,112.164626495081,112.165,112.173871086992,112.163793945313,112.16182432278
129.3,112.14904288,112.169407123547,112.164599548767,112.164599548767,112.164599548767,112.165,112.173921405734,112.163745117188,112.161770552414
129.35,112.1489656,112.169397396221,112.164572602453,112.164572602453,112.164572602453,112.165,112.173971724477,112.163696289062,112.161716782048
129.4,112.14888944,112.169387668895,112.164545656139,112.164545656139,112.164545656139,112.165,112.17402204322,112.163647460937,112.161663011682
129.45,112.14881328,112.169377941569,112.164518709824,112.164518709824,112.164518709824,112.165,112.174072361963,112.163598632812,112.161609241316
129.5,112.14873712,112.169368214243,112.16449176351,112.16449176351,112.16449176351,112.165,112.174122680706,112.163549804688,112.16155547095
129.55,112.14866096,112.169358486917,112.164464817196,112.164464817196,112.164464817196,112.165,112.174172999449,112.163500976563,112.161501700584
129.6,112.1485848,112.169348759591,112.164437870882,112.164437870882,112.164437870882,112.165,112.174223318192,112.163452148438,112.161447930218
129.65,112.14850752,112.169339032265,112.164410924568,112.164410924568,112.164410924568,112.165,112.174273636935,112.163403320312,112.161394159852
129.7,112.14843136,112.169329304939,112.164383978254,112.164383978254,112.164383978254,112.165,112.174323955678,112.163354492187,112.161340389486
129.75,112.1483552,112.169319577613,112.16435703194,112.16435703194,112.16435703194,112.165,112.174374274421,112.163305664063,112.16128661912
129.8,112.14827904,112.169309850287,112.164330085626,112.164330085626,112.164330085626,112.165,112.174424593163,112.163256835938,112.161232848754
129.85,112.14820288,112.169300122961,112.164303139312,112.164303139312,112.164303139312,112.165,112.174474911906,112.163208007812,112.161179078388
129.9,112.1481256,112.169290395635,112.164276192998,112.164276192998,112.164276192998,112.165,112.174525230649,112.163159179687,112.161125308022
129.95,112.14804944,112.16928066831,112.164249246684,112.164249246684,112.164249246684,112.165,112.174575549392,112.163110351562,112.161071537656
130,112.14797328,112.169270940984,112.16422230037,112.16422230037,112.16422230037,112.165,112.174625868135,112.163061523438,112.16101776729
130.05,112.14789712,112.169288432194,112.164283526313,112.164283526313,112.164283526313,112.165,112.174677738794,112.163012695313,112.160989663556
130.1,112.14782096,112.169305923404,112.164344752257,112.164344752257,112.164344752257,112.165,112.174729609454,112.162963867188,112.160961559822
130.15,112.1477448,112.169323414615,112.164405978201,112.164405978201,112.164405978201,112.165,112.174781480113,112.162915039062,112.160933456089
130.2,112.14766752,112.169340905825,112.164467204144,112.164467204144,112.164467204144,112.165,112.174833350772,112.162866210937,112.160905352355
130.25,112.14759136,112.169358397035,112.164528430088,112.164528430088,112.164528430088,112.165,112.174885221432,112.162817382813,112.160877248622
130.3,112.1475152,112.169375888246,112.164589656031,112.164589656031,112.164589656031,112.165,112.174937092091,112.162768554688,112.160849144888
130.35,112.14743904,112.169393379456,112.164650881975,112.164650881975,112.164650881975,112.165,112.17498896275,112.162719726562,112.160821041155
130.4,112.14736288,112.169410870666,112.164712107918,112.164712107918,112.164712107918,112.165,112.17504083341,112.162670898437,112.160792937421
130.45,112.14728672,112.169428361877,112.164773333862,112.164773333862,112.164773333862,112.165,112.175092704069,112.162622070312,112.160764833687
130.5,112.14720944,112.169445853087,112.164834559806,112.164834559806,112.164834559806,112.165,112.175144574728,112.162573242188,112.160736729954
130.55,112.14713328,112.169463344298,112.164895785749,112.164895785749,112.164895785749,112.165,112.175196445388,112.162524414063,112.16070862622
130.6,112.14705712,112.169480835508,112.164957011693,112.164957011693,112.164957011693,112.165,112.175248316047,112.162475585938,112.160680522487
130.65,112.14698096,112.169498326718,112.165018237636,112.165018237636,112.165018237636,112.165,112.175300186706,112.162426757812,112.160652418753
130.7,112.1469048,112.169515817929,112.16507946358,112.16507946358,112.16507946358,112.165,112.175352057366,112.162377929687,112.16062431502
130.75,112.14682864,112.169533309139,112.165140689523,112.165140689523,112.165140689523,112.165,112.175403928025,112.162329101563,112.160596211286
130.8,112.14675136,112.169550800349,112.165201915467,112.165201915467,112.165201915467,112.165,112.175455798684,112.162280273438,112.160568107553
130.85,112.1466752,112.16956829156,112.16526314141,112.16526314141,112.16526314141,112.165,112.175507669344,112.162231445312,112.160540003819
130.9,112.14659904,112.16958578277,112.165324367354,112.165324367354,112.165324367354,112.165,112.175559540003,112.162182617187,112.160511900085
130.95,112.14652288,112.16960327398,112.165385593298,112.165385593298,112.165385593298,112.165,112.175611410662,112.162133789062,112.160483796352
131,112.14644672,112.169620765191,112.165446819241,112.165446819241,112.165446819241,112.1645,112.175163281322,112.162084960938,112.160455692618
131.05,112.14636944,112.169638256401,112.165508045185,112.165508045185,112.165508045185,112.1635,112.174215151981,112.162036132813,112.160427588885
131.1,112.14629328,112.169655747612,112.165569271128,112.165569271128,112.165569271128,112.1625,112.17326702264,112.161987304688,112.160399485151
131.15,112.14621712,112.169673238822,112.165630497072,112.165630497072,112.165630497072,112.1615,112.1723188933,112.161938476562,112.160371381418
131.2,112.14614096,112.169690730032,112.165691723015,112.165691723015,112.165691723015,112.1605,112.171370763959,112.161889648437,112.160343277684
131.25,112.1460648,112.169708221243,112.165752948959,112.165752948959,112.165752948959,112.1595,112.170422634618,112.161840820313,112.16031517395
131.3,112.14598864,112.169725712453,112.165814174903,112.165814174903,112.165814174903,112.1585,112.169474505277,112.161791992188,112.160287070217
131.35,112.14591136,112.169743203663,112.165875400846,112.165875400846,112.165875400846,112.1575,112.168526375937,112.161743164062,112.160258966483
131.4,112.1458352,112.169760694874,112.16593662679,112.16593662679,112.16593662679,112.1565,112.167578246596,112.161694335937,112.16023086275
131.45,112.14575904,112.169778186084,112.165997852733,112.165997852733,112.165997852733,112.1555,112.166630117255,112.161645507812,112.160202759016
131.5,112.14568288,112.169795677294,112.166059078677,112.166059078677,112.166059078677,112.1545,112.165681987915,112.161596679688,112.160174655283
131.55,112.14560672,112.169813168505,112.16612030462,112.16612030462,112.16612030462,112.1535,112.164733858574,112.161547851563,112.160146551549
131.6,112.14553056,112.169830659715,112.166181530564,112.166181530564,112.166181530564,112.1525,112.163785729233,112.161499023438,112.160118447816
131.65,112.14545328,112.169848150925,112.166242756508,112.166242756508,112.166242756508,112.1515,112.162837599893,112.161450195312,112.160090344082
131.7,112.14537712,112.169865642136,112.166303982451,112.166303982451,112.166303982451,112.1505,112.161889470552,112.161401367187,112.160062240348
131.75,112.14530096,112.169883133346,112.166365208395,112.166365208395,112.166365208395,112.1495,112.160941341211,112.161352539063,112.160034136615
131.8,112.1452248,112.169900624557,112.166426434338,112.166426434338,112.166426434338,112.1485,112.159993211871,112.161303710938,112.160006032881
131.85,112.14514864,112.169918115767,112.166487660282,112.166487660282,112.166487660282,112.1475,112.15904508253,112.161254882812,112.159977929148
131.9,112.14507248,112.169935606977,112.166548886225,112.166548886225,112.166548886225,112.1465,112.158096953189,112.161206054687,112.159949825414
131.95,112.1449952,112.169953098188,112.166610112169,112.166610112169,112.166610112169,112.1455,112.157148823849,112.161157226562,112.159921721681
132,112.14491904,112.169970589398,112.166671338112,112.166671338112,112.166671338112,112.145,112.156700694508,112.161108398438,112.159893617947
132.05,112.14484288,112.169988080608,112.166732564056,112.166732564056,112.166732564056,112.145,112.156752565167,112.161059570313,112.159865514214
132.1,112.14476672,112.170005571819,112.16679379,112.16679379,112.16679379,112.145,112.156804435827,112.161010742188,112.15983741048
132.15,112.14469056,112.170023063029,112.166855015943,112.166855015943,112.166855015943,112.145,112.156856306486,112.160961914062,112.159809306746
132.2,112.14461328,112.170040554239,112.166916241887,112.166916241887,112.166916241887,112.145,112.156908177145,112.160913085937,112.159781203013
132.25,112.14453712,112.17005804545,112.16697746783,112.16697746783,112.16697746783,112.145,112.156960047805,112.160864257813,112.159753099279
132.3,112.14446096,112.17007553666,112.167038693774,112.167038693774,112.167038693774,112.145,112.157011918464,112.160815429688,112.159724995546
132.35,112.1443848,112.17009302787,112.167099919717,112.167099919717,112.167099919717,112.145,112.157063789123,112.160766601562,112.159696891812
132.4,112.14430864,112.170110519081,112.167161145661,112.167161145661,112.167161145661,112.145,112.157115659783,112.160717773437,112.159668788079
132.45,112.14423248,112.170128010291,112.167222371605,112.167222371605,112.167222371605,112.145,112.157167530442,112.160668945312,112.159640684345
132.5,112.1441552,112.170145501502,112.167283597548,112.167283597548,112.167283597548,112.145,112.157219401101,112.160620117188,112.159612580611
132.55,112.14407904,112.170162992712,112.167344823492,112.167344823492,112.167344823492,112.145,112.157271271761,112.160571289063,112.159584476878
132.6,112.14400288,112.170180483922,112.167406049435,112.167406049435,112.167406049435,112.145,112.15732314242,112.160522460938,112.159556373144
132.65,112.14392672,112.170197975133,112.167467275379,112.167467275379,112.167467275379,112.145,112.157375013079,112.160473632812,112.159528269411
132.7,112.14385056,112.170215466343,112.167528501322,112.167528501322,112.167528501322,112.145,112.157426883739,112.160424804687,112.159500165677
132.75,112.1437744,112.170232957553,112.167589727266,112.167589727266,112.167589727266,112.145,112.157478754398,112.160375976563,112.159472061944
132.8,112.14369712,112.170250448764,112.16765095321,112.16765095321,112.16765095321,112.145,112.157530625057,112.160327148438,112.15944395821
132.85,112.14362096,112.170267939974,112.167712179153,112.167712179153,112.167712179153,112.145,112.157582495717,112.160278320312,112.159415854477
132.9,112.1435448,112.170285431184,112.167773405097,112.167773405097,112.167773405097,112.145,112.157634366376,112.160229492187,112.159387750743
132.95,112.14346864,112.170302922395,112.16783463104,112.16783463104,112.16783463104,112.145,112.157686237035,112.160180664062,112.159359647009
133,112.14339248,112.170320413605,112.167895856984,112.167895856984,112.167895856984,112.145,112.157738107695,112.160290527344,112.159490234682
133.05,112.14331632,112.170337904815,112.167957082927,112.167957082927,112.167957082927,112.145,112.157789978354,112.160559082031,112.159779513761
133.1,112.14323904,112.170355396026,112.168018308871,112.168018308871,112.168018308871,112.145,112.157841849013,112.160827636719,112.16006879284
133.15,112.14316288,112.170372887236,112.168079534814,112.168079534814,112.168079534814,112.145,112.157893719673,112.161096191406,112.160358071919
133.2,112.14308672,112.170390378447,112.168140760758,112.168140760758,112.168140760758,112.145,112.157945590332,112.161364746094,112.160647350998
133.25,112.14301056,112.170407869657,112.168201986702,112.168201986702,112.168201986702,112.145,112.157997460991,112.161633300781,112.160936630077
133.3,112.1429344,112.170425360867,112.168263212645,112.168263212645,112.168263212645,112.145,112.15804933165,112.161901855469,112.161225909156
133.35,112.14285712,112.170442852078,112.168324438589,112.168324438589,112.168324438589,112.145,112.15810120231,112.162170410156,112.161515188235
133.4,112.14278096,112.170460343288,112.168385664532,112.168385664532,112.168385664532,112.145,112.158153072969,112.162438964844,112.161804467314
133.45,112.1427048,112.170477834498,112.168446890476,112.168446890476,112.168446890476,112.145,112.158204943628,112.162707519531,112.162093746393
133.5,112.14262864,112.170495325709,112.168508116419,112.168508116419,112.168508116419,112.145,112.158256814288,112.162976074219,112.162383025471
133.55,112.14255248,112.170512816919,112.168569342363,112.168569342363,112.168569342363,112.145,112.158308684947,112.163244628906,112.16267230455
133.6,112.14247632,112.170530308129,112.168630568307,112.168630568307,112.168630568307,112.145,112.158360555606,112.163513183594,112.162961583629
133.65,112.14239904,112.17054779934,112.16869179425,112.16869179425,112.16869179425,112.145,112.158412426266,112.163781738281,112.163250862708
133.7,112.14232288,112.17056529055,112.168753020194,112.168753020194,112.168753020194,112.145,112.158464296925,112.164050292969,112.163540141787
133.75,112.14224672,112.170582781761,112.168814246137,112.168814246137,112.168814246137,112.145,112.158516167584,112.164318847656,112.163829420866
133.8,112.14217056,112.170600272971,112.168875472081,112.168875472081,112.168875472081,112.145,112.158568038244,112.164587402344,112.164118699945
133.85,112.1420944,112.170617764181,112.168936698024,112.168936698024,112.168936698024,112.145,112.158619908903,112.164855957031,112.164407979024
133.9,112.14201824,112.170635255392,112.168997923968,112.168997923968,112.168997923968,112.145,112.158671779562,112.165124511719,112.164697258103
133.95,112.14194096,112.170652746602,112.169059149912,112.169059149912,112.169059149912,112.145,112.158723650222,112.165393066406,112.164986537182
134,112.1418648,112.170795237812,112.169245375855,112.169245375855,112.169245375855,112.145475,112.159250520881,112.165661621094,112.165275816261
134.05,112.14178864,112.171062729023,112.169556601799,112.169556601799,112.169556601799,112.146425,112.16025239154,112.165930175781,112.16556509534
134.1,112.14171248,112.171330220233,112.169867827742,112.169867827742,112.169867827742,112.147375,112.1612542622,112.166198730469,112.165854374419
134.15,112.14163632,112.171597711443,112.170179053686,112.170179053686,112.170179053686,112.148325,112.162256132859,112.166467285156,112.166143653498
134.2,112.14156016,112.171865202654,112.170490279629,112.170490279629,112.170490279629,112.149275,112.163258003518,112.166735839844,112.166432932577
134.25,112.14148288,112.172132693864,112.170801505573,112.170801505573,112.170801505573,112.150225,112.164259874178,112.167004394531,112.166722211656
134.3,112.14140672,112.172400185074,112.171112731516,112.171112731516,112.171112731516,112.151175,112.165261744837,112.167272949219,112.167011490735
134.35,112.14133056,112.172667676285,112.17142395746,112.17142395746,112.17142395746,112.152125,112.166263615496,112.167541503906,112.167300769813
134.4,112.1412544,112.172935167495,112.171735183404,112.171735183404,112.171735183404,112.153075,112.167265486156,112.167810058594,112.167590048892
134.45,112.14117824,112.173202658706,112.172046409347,112.172046409347,112.172046409347,112.154025,112.168267356815,112.168078613281,112.167879327971
134.5,112.14110096,112.173470149916,112.172357635291,112.172357635291,112.172357635291,112.154975,112.169269227474,112.168347167969,112.16816860705
134.55,112.1410248,112.173737641126,112.172668861234,112.172668861234,112.172668861234,112.155925,112.170271098134,112.168615722656,112.168457886129
134.6,112.14094864,112.174005132337,112.172980087178,112.172980087178,112.172980087178,112.156875,112.171272968793,112.168884277344,112.168747165208
134.65,112.14087248,112.174272623547,112.173291313121,112.173291313121,112.173291313121,112.157825,112.172274839452,112.169152832031,112.169036444287
134.7,112.14079632,112.174540114757,112.173602539065,112.173602539065,112.173602539065,112.158775,112.173276710112,112.169421386719,112.169325723366
134.75,112.14072016,112.174807605968,112.173913765009,112.173913765009,112.173913765009,112.159725,112.174278580771,112.169689941406,112.169615002445
134.8,112.14064288,112.175075097178,112.174224990952,112.174224990952,112.174224990952,112.160675,112.17528045143,112.169958496094,112.169904281524
134.85,112.14056672,112.175342588388,112.174536216896,112.174536216896,112.174536216896,112.161625,112.17628232209,112.170227050781,112.170193560603
134.9,112.14049056,112.175610079599,112.174847442839,112.174847442839,112.174847442839,112.162575,112.177284192749,112.170495605469,112.170482839682
134.95,112.1404144,112.175877570809,112.175158668783,112.175158668783,112.175158668783,112.163525,112.178286063408,112.170764160156,112.170772118761
135,112.14033824,112.17614506202,112.175469894726,112.175469894726,112.175469894726,112.1649,112.179712934068,112.171032714844,112.17106139784
135.05,112.14026208,112.17641255323,112.17578112067,112.17578112067,112.17578112067,112.1667,112.181564804727,112.171301269531,112.171350676919
135.1,112.1401848,112.17668004444,112.176092346614,112.176092346614,112.176092346614,112.1685,112.183416675386,112.171569824219,112.171639955998
135.15,112.14010864,112.176947535651,112.176403572557,112.176403572557,112.176403572557,112.1703,112.185268546045,112.171838378906,112.171929235076
135.2,112.14003248,112.177215026861,112.176714798501,112.176714798501,112.176714798501,112.1721,112.187120416705,112.172106933594,112.172218514155
135.25,112.13995632,112.177482518071,112.177026024444,112.177026024444,112.177026024444,112.1739,112.188972287364,112.172375488281,112.172507793234
135.3,112.13988016,112.177750009282,112.177337250388,112.177337250388,112.177337250388,112.1757,112.190824158023,112.172644042969,112.172797072313
135.35,112.139804,112.178017500492,112.177648476331,112.177648476331,112.177648476331,112.1775,112.192676028683,112.172912597656,112.173086351392
135.4,112.13972672,112.178284991702,112.177959702275,112.177959702275,112.177959702275,112.1793,112.194527899342,112.173181152344,112.173375630471
135.45,112.13965056,112.178552482913,112.178270928218,112.178270928218,112.178270928218,112.1811,112.196379770001,112.173449707031,112.17366490955
135.5,112.1395744,112.178819974123,112.178582154162,112.178582154162,112.178582154162,112.1829,112.198231640661,112.173718261719,112.173954188629
135.55,112.13949824,112.179087465333,112.178893380106,112.178893380106,112.178893380106,112.1847,112.20008351132,112.173986816406,112.174243467708
135.6,112.13942208,112.179354956544,112.179204606049,112.179204606049,112.179204606049,112.1865,112.201935381979,112.174255371094,112.174532746787
135.65,112.1393448,112.179622447754,112.179515831993,112.179515831993,112.179515831993,112.1883,112.203787252639,112.174523925781,112.174822025866
135.7,112.13926864,112.179889938965,112.179827057936,112.179827057936,112.179827057936,112.1901,112.205639123298,112.174792480469,112.175111304945
135.75,112.13919248,112.180157430175,112.18013828388,112.18013828388,112.18013828388,112.1919,112.207490993957,112.175061035156,112.175400584024
135.8,112.13911632,112.180424921385,112.180449509823,112.180449509823,112.180449509823,112.1937,112.209342864617,112.175329589844,112.175689863103
135.85,112.13904016,112.180692412596,112.180760735767,112.180760735767,112.180760735767,112.1955,112.211194735276,112.175598144531,112.175979142182
135.9,112.138964,112.180959903806,112.181071961711,112.181071961711,112.181071961711,112.1973,112.213046605935,112.175866699219,112.176268421261
135.95,112.13888672,112.181227395016,112.181383187654,112.181383187654,112.181383187654,112.1991,112.214898476595,112.176135253906,112.17655770034
136,112.13881056,112.181369886227,112.181569413598,112.181569413598,112.181569413598,112.2,112.215850347254,112.176403808594,112.176846979418
136.05,112.1387344,112.181387377437,112.181630639541,112.181630639541,112.181630639541,112.2,112.215902217913,112.176672363281,112.177136258497
136.1,112.13865824,112.181404868647,112.181691865485,112.181691865485,112.181691865485,112.2,112.215954088573,112.176940917969,112.177425537576
136.15,112.13858208,112.181422359858,112.181753091428,112.181753091428,112.181753091428,112.2,112.216005959232,112.177209472656,112.177714816655
136.2,112.13850592,112.181439851068,112.181814317372,112.181814317372,112.181814317372,112.2,112.216057829891,112.177478027344,112.178004095734
136.25,112.13842864,112.181457342278,112.181875543316,112.181875543316,112.181875543316,112.2,112.216109700551,112.177746582031,112.178293374813
136.3,112.13835248,112.181474833489,112.181936769259,112.181936769259,112.181936769259,112.2,112.21616157121,112.178015136719,112.178582653892
136.35,112.13827632,112.181492324699,112.181997995203,112.181997995203,112.181997995203,112.2,112.216213441869,112.178283691406,112.178871932971
136.4,112.13820016,112.18150981591,112.182059221146,112.182059221146,112.182059221146,112.2,112.216265312529,112.178552246094,112.17916121205
136.45,112.138124,112.18152730712,112.18212044709,112.18212044709,112.18212044709,112.2,112.216317183188,112.178820800781,112.179450491129
136.5,112.13804784,112.18154479833,112.182181673033,112.182181673033,112.182181673033,112.2,112.216369053847,112.179089355469,112.179739770208
136.55,112.13797056,112.181562289541,112.182242898977,112.182242898977,112.182242898977,112.2,112.216420924507,112.179357910156,112.180029049287
136.6,112.1378944,112.181579780751,112.18230412492,112.18230412492,112.18230412492,112.2,112.216472795166,112.179626464844,112.180318328366
136.65,112.13781824,112.181597271961,112.182365350864,112.182365350864,112.182365350864,112.2,112.216524665825,112.179895019531,112.180607607445
136.7,112.13774208,112.181614763172,112.182426576808,112.182426576808,112.182426576808,112.2,112.216576536485,112.180163574219,112.180896886524
136.75,112.13766592,112.181632254382,112.182487802751,112.182487802751,112.182487802751,112.2,112.216628407144,112.180432128906,112.181186165603
136.8,112.13758864,112.181649745592,112.182549028695,112.182549028695,112.182549028695,112.2,112.216680277803,112.180700683594,112.181475444681
136.85,112.13751696,112.181667236803,112.182610254638,112.182610254638,112.182610254638,112.2,112.216732148463,112.180969238281,112.18176472376
136.9,112.13748224,112.181684728013,112.182671480582,112.182671480582,112.182671480582,112.2,112.216784019122,112.181237792969,112.182054002839
136.95,112.13748224,112.181702219223,112.182732706525,112.182732706525,112.182732706525,112.2,112.216835889781,112.181506347656,112.182343281918
137,112.13748224,112.181719710434,112.182793932469,112.182793932469,112.182793932469,112.2,112.216887760441,112.181774902344,112.182632560997
137.05,112.13748224,112.181737201644,112.182855158413,112.182855158413,112.182855158413,112.2,112.2169396311,112.182043457031,112.182921840076
137.1,112.13748224,112.181754692855,112.182916384356,112.182916384356,112.182916384356,112.2,112.216991501759,112.182312011719,112.183211119155
137.15,112.13748224,112.181772184065,112.1829776103,112.1829776103,112.1829776103,112.2,112.217043372418,112.182580566406,112.183500398234
137.2,112.13748224,112.181789675275,112.183038836243,112.183038836243,112.183038836243,112.2,112.217095243078,112.182849121094,112.183789677313
137.25,112.13748224,112.181807166486,112.183100062187,112.183100062187,112.183100062187,112.2,112.217147113737,112.183117675781,112.184078956392
137.3,112.13748224,112.181824657696,112.18316128813,112.18316128813,112.18316128813,112.2,112.217198984396,112.183386230469,112.184368235471
137.35,112.13748224,112.181842148906,112.183222514074,112.183222514074,112.183222514074,112.2,112.217250855056,112.183654785156,112.18465751455
137.4,112.13748224,112.181859640117,112.183283740018,112.183283740018,112.183283740018,112.2,112.217302725715,112.183923339844,112.184946793629
137.45,112.13748224,112.181877131327,112.183344965961,112.183344965961,112.183344965961,112.2,112.217354596374,112.184191894531,112.185236072708
137.5,112.13748224,112.181894622537,112.183406191905,112.183406191905,112.183406191905,112.2,112.217406467034,112.184460449219,112.185525351787
137.55,112.13748224,112.181912113748,112.183467417848,112.183467417848,112.183467417848,112.2,112.217458337693,112.184729003906,112.185814630866
137.6,112.13748224,112.181929604958,112.183528643792,112.183528643792,112.183528643792,112.2,112.217510208352,112.184997558594,112.186103909945
137.65,112.13748224,112.181947096169,112.183589869735,112.183589869735,112.183589869735,112.2,112.217562079012,112.185266113281,112.186393189023
137.7,112.13748224,112.181964587379,112.183651095679,112.183651095679,112.183651095679,112.2,112.217613949671,112.185534667969,112.186682468102
137.75,112.13748224,112.181982078589,112.183712321622,112.183712321622,112.183712321622,112.2,112.21766582033,112.185803222656,112.186971747181
137.8,112.13748224,112.1819995698,112.183773547566,112.183773547566,112.183773547566,112.2,112.21771769099,112.186071777344,112.18726102626
137.85,112.13748224,112.18201706101,112.18383477351,112.18383477351,112.18383477351,112.2,112.217769561649,112.186340332031,112.187550305339
137.9,112.13748224,112.18203455222,112.183895999453,112.183895999453,112.183895999453,112.2,112.217821432308,112.186608886719,112.187839584418
137.95,112.13748224,112.182052043431,112.183957225397,112.183957225397,112.183957225397,112.2,112.217873302968,112.186877441406,112.188128863497
138,112.13748224,112.182069534641,112.18401845134,112.18401845134,112.18401845134,112.199875,112.217800173627,112.187145996094,112.188418142576
138.05,112.13748224,112.182087025851,112.184079677284,112.184079677284,112.184079677284,112.199625,112.217602044286,112.187414550781,112.188707421655
138.1,112.13748224,112.182104517062,112.184140903227,112.184140903227,112.184140903227,112.199375,112.217403914946,112.187683105469,112.188996700734
138.15,112.13748224,112.182122008272,112.184202129171,112.184202129171,112.184202129171,112.199125,112.217205785605,112.187951660156,112.189285979813
138.2,112.13748224,112.182139499482,112.184263355115,112.184263355115,112.184263355115,112.198875,112.217007656264,112.188220214844,112.189575258892
138.25,112.13748224,112.182156990693,112.184324581058,112.184324581058,112.184324581058,112.198625,112.216809526924,112.188488769531,112.189864537971
138.3,112.13748224,112.182174481903,112.184385807002,112.184385807002,112.184385807002,112.198375,112.216611397583,112.188757324219,112.19015381705
138.35,112.13748224,112.182191973114,112.184447032945,112.184447032945,112.184447032945,112.198125,112.216413268242,112.189025878906,112.190443096129
138.4,112.13748224,112.182209464324,112.184508258889,112.184508258889,112.184508258889,112.197875,112.216215138902,112.189294433594,112.190732375208
138.45,112.13748224,112.182226955534,112.184569484832,112.184569484832,112.184569484832,112.197625,112.216017009561,112.189562988281,112.191021654286
138.5,112.13748224,112.182244446745,112.184630710776,112.184630710776,112.184630710776,112.197375,112.21581888022,112.189831542969,112.191310933365
138.55,112.13748224,112.182261937955,112.18469193672,112.18469193672,112.18469193672,112.197125,112.21562075088,112.190100097656,112.191600212444
138.6,112.13748224,112.182279429165,112.184753162663,112.184753162663,112.184753162663,112.196875,112.215422621539,112.190368652344,112.191889491523
138.65,112.13748224,112.182296920376,112.184814388607,112.184814388607,112.184814388607,112.196625,112.215224492198,112.190637207031,112.192178770602
138.7,112.13748224,112.182314411586,112.18487561455,112.18487561455,112.18487561455,112.196375,112.215026362858,112.190905761719,112.192468049681
138.75,112.13748224,112.182331902796,112.184936840494,112.184936840494,112.184936840494,112.196125,112.214828233517,112.191174316406,112.19275732876
138.8,112.13748224,112.182349394007,112.184998066437,112.184998066437,112.184998066437,112.195875,112.214630104176,112.191442871094,112.193046607839
138.85,112.13748224,112.182366885217,112.185059292381,112.185059292381,112.185059292381,112.195625,112.214431974836,112.191711425781,112.193335886918
138.9,112.13748224,112.182384376427,112.185120518324,112.185120518324,112.185120518324,112.195375,112.214233845495,112.191979980469,112.193625165997
138.95,112.13748224,112.182401867638,112.185181744268,112.185181744268,112.185181744268,112.195125,112.214035716154,112.192248535156,112.193914445076
139,112.13748224,112.182419358848,112.185242970212,112.185242970212,112.185242970212,112.195,112.213962586814,112.192517089844,112.194203724155
139.05,112.13748224,112.182436850059,112.185304196155,112.185304196155,112.185304196155,112.195,112.214014457473,112.192785644531,112.194493003234
139.1,112.13748224,112.182454341269,112.185365422099,112.185365422099,112.185365422099,112.195,112.214066328132,112.193054199219,112.194782282313
139.15,112.13748224,112.182471832479,112.185426648042,112.185426648042,112.185426648042,112.195,112.214118198791,112.193322753906,112.195071561392
139.2,112.13748224,112.18248932369,112.185487873986,112.185487873986,112.185487873986,112.195,112.214170069451,112.193591308594,112.195360840471
139.25,112.13748224,112.1825068149,112.185549099929,112.185549099929,112.185549099929,112.195,112.21422194011,112.193859863281,112.195650119549
139.3,112.13748224,112.18252430611,112.185610325873,112.185610325873,112.185610325873,112.195,112.214273810769,112.194128417969,112.195939398628
139.35,112.13748224,112.182541797321,112.185671551817,112.185671551817,112.185671551817,112.195,112.214325681429,112.194396972656,112.196228677707
139.4,112.13748224,112.182559288531,112.18573277776,112.18573277776,112.18573277776,112.195,112.214377552088,112.194665527344,112.196517956786
139.45,112.13748224,112.182576779741,112.185794003704,112.185794003704,112.185794003704,112.195,112.214429422747,112.194934082031,112.196807235865
139.5,112.13748224,112.182594270952,112.185855229647,112.185855229647,112.185855229647,112.195,112.214481293407,112.195202636719,112.197096514944
139.55,112.13748224,112.182611762162,112.185916455591,112.185916455591,112.185916455591,112.195,112.214533164066,112.195471191406,112.197385794023
139.6,112.13748224,112.182629253373,112.185977681534,112.185977681534,112.185977681534,112.195,112.214585034725,112.195739746094,112.197675073102
139.65,112.13748224,112.182646744583,112.186038907478,112.186038907478,112.186038907478,112.195,112.214636905385,112.196008300781,112.197964352181
139.7,112.13748224,112.182664235793,112.186100133422,112.186100133422,112.186100133422,112.195,112.214688776044,112.196276855469,112.19825363126
139.75,112.13748224,112.182681727004,112.186161359365,112.186161359365,112.186161359365,112.195,112.214740646703,112.196545410156,112.198542910339
139.8,112.13748224,112.182699218214,112.186222585309,112.186222585309,112.186222585309,112.195,112.214792517363,112.196813964844,112.198832189418
139.85,112.13748224,112.182716709424,112.186283811252,112.186283811252,112.186283811252,112.195,112.214844388022,112.197082519531,112.199121468497
139.9,112.13748224,112.182734200635,112.186345037196,112.186345037196,112.186345037196,112.195,112.214896258681,112.197351074219,112.199410747576
139.95,112.13748224,112.182751691845,112.186406263139,112.186406263139,112.186406263139,112.195,112.214948129341,112.197619628906,112.199700026655
140,112.13748224,112.182769183055,112.186467489083,112.186467489083,112.186467489083,112.195,112.215,112.197888183594,112.199989305734
140.05,112.13748224,112.18276622727,112.186500346562,112.186500346562,112.186500346562,112.195,112.215,112.198156738281,112.200255839841
140.1,112.13748224,112.182763271485,112.186533204041,112.186533204041,112.186533204041,112.195,112.215,112.198425292969,112.200522373948
140.15,112.13748224,112.1827603157,112.18656606152,112.18656606152,112.18656606152,112.195,112.215,112.198693847656,112.200788908055
140.2,112.13748224,112.182757359915,112.186598919,112.186598919,112.186598919,112.195,112.215,112.198962402344,112.201055442162
140.25,112.13748224,112.18275440413,112.186631776479,112.186631776479,112.186631776479,112.195,112.215,112.199230957031,112.201321976269
140.3,112.13748224,112.182751448345,112.186664633958,112.186664633958,112.186664633958,112.195,112.215,112.199499511719,112.201588510376
140.35,112.13748224,112.18274849256,112.186697491437,112.186697491437,112.186697491437,112.195,112.215,112.199768066406,112.201855044483
140.4,112.13748224,112.182745536774,112.186730348916,112.186730348916,112.186730348916,112.195,112.215,112.200036621094,112.20212157859
140.45,112.13748224,112.182742580989,112.186763206395,112.186763206395,112.186763206395,112.195,112.215,112.200305175781,112.202388112697
140.5,112.13748224,112.182739625204,112.186796063874,112.186796063874,112.186796063874,112.195,112.215,112.200573730469,112.202654646804
140.55,112.13748224,112.182736669419,112.186828921354,112.186828921354,112.186828921354,112.195,112.215,112.200842285156,112.202921180911
140.6,112.13748224,112.182733713634,112.186861778833,112.186861778833,112.186861778833,112.195,112.215,112.201110839844,112.203187715018
140.65,112.13748224,112.182730757849,112.186894636312,112.186894636312,112.186894636312,112.195,112.215,112.201379394531,112.203454249125
140.7,112.13748224,112.182727802064,112.186927493791,112.186927493791,112.186927493791,112.195,112.215,112.201647949219,112.203720783232
140.75,112.13748224,112.182724846279,112.18696035127,112.18696035127,112.18696035127,112.195,112.215,112.201916503906,112.203987317339
140.8,112.13748224,112.182721890493,112.186993208749,112.186993208749,112.186993208749,112.195,112.215,112.202185058594,112.204253851446
140.85,112.13748224,112.182718934708,112.187026066228,112.187026066228,112.187026066228,112.195,112.215,112.202453613281,112.204520385553
140.9,112.13748224,112.182715978923,112.187058923708,112.187058923708,112.187058923708,112.195,112.215,112.202722167969,112.20478691966
140.95,112.13748224,112.182713023138,112.187091781187,112.187091781187,112.187091781187,112.195,112.215,112.202990722656,112.205053453767
141,112.13748224,112.182710067353,112.187124638666,112.187124638666,112.187124638666,112.18395,112.20395,112.203051757813,112.205112468342
141.05,112.13748224,112.182707111568,112.187157496145,112.187157496145,112.187157496145,112.16185,112.18185,112.202905273437,112.204963963387
141.1,112.13748224,112.182704155783,112.187190353624,112.187190353624,112.187190353624,112.13975,112.15975,112.202758789062,112.204815458431
141.15,112.13748224,112.182701199998,112.187223211103,112.187223211103,112.187223211103,112.11765,112.13765,112.202612304688,112.204666953476
141.2,112.13748224,112.182698244213,112.187256068583,112.187256068583,112.187256068583,112.09555,112.11555,112.202465820312,112.20451844852
141.25,112.13748224,112.182695288427,112.187288926062,112.187288926062,112.187288926062,112.07345,112.09345,112.202319335938,112.204369943565
141.3,112.13748224,112.182692332642,112.187321783541,112.187321783541,112.187321783541,112.05135,112.07135,112.202172851562,112.204221438609
141.35,112.13748224,112.182689376857,112.18735464102,112.18735464102,112.18735464102,112.02925,112.04925,112.202026367188,112.204072933654
141.4,112.13748224,112.182686421072,112.187387498499,112.187387498499,112.187387498499,112.00715,112.02715,112.201879882813,112.203924428699
141.45,112.13748224,112.182683465287,112.187420355978,112.187420355978,112.187420355978,111.98505,112.00505,112.201733398437,112.203775923743
141.5,112.13748224,112.182680509502,112.187453213457,112.187453213457,112.187453213457,111.96295,111.98295,112.201586914063,112.203627418788
141.55,112.13748224,112.182677553717,112.187486070937,112.187486070937,112.187486070937,111.94085,111.96085,112.201440429687,112.203478913832
141.6,112.13748224,112.182674597932,112.187518928416,112.187518928416,112.187518928416,111.91875,111.93875,112.201293945312,112.203330408877
141.65,112.13748224,112.182671642146,112.187551785895,112.187551785895,112.187551785895,111.89665,111.91665,112.201147460938,112.203181903921
141.7,112.13748224,112.182668686361,112.187584643374,112.187584643374,112.187584643374,111.87455,111.89455,112.201000976562,112.203033398966
141.75,112.13748224,112.182665730576,112.187617500853,112.187617500853,112.187617500853,111.85245,111.87245,112.200854492188,112.20288489401
141.8,112.13748224,112.182662774791,112.187650358332,112.187650358332,112.187650358332,111.83035,111.85035,112.200708007812,112.202736389055
141.85,112.13748224,112.182659819006,112.187683215811,112.187683215811,112.187683215811,111.80825,111.82825,112.200561523438,112.202587884099
141.9,112.13748224,112.182656863221,112.187716073291,112.187716073291,112.187716073291,111.78615,111.80615,112.200415039063,112.202439379144
141.95,112.13748224,112.182653907436,112.18774893077,112.18774893077,112.18774893077,111.76405,111.78405,112.200268554687,112.202290874188
142,112.13748224,112.182650951651,112.187781788249,112.187781788249,112.187781788249,111.753,111.773,112.200122070313,112.202142369233
142.05,112.13748224,112.182647995865,112.187814645728,112.187814645728,112.187814645728,111.753,111.773,112.199975585937,112.201993864277
142.1,112.13748224,112.18264504008,112.187847503207,112.187847503207,112.187847503207,111.753,111.773,112.199829101562,112.201845359322
142.15,112.13748224,112.182642084295,112.187880360686,112.187880360686,112.187880360686,111.753,111.773,112.199682617188,112.201696854366
142.2,112.13748224,112.18263912851,112.187913218166,112.187913218166,112.187913218166,111.753,111.773,112.199536132812,112.201548349411
142.25,112.13748224,112.182636172725,112.187946075645,112.187946075645,112.187946075645,111.753,111.773,112.199389648438,112.201399844455
142.3,112.13748224,112.18263321694,112.187978933124,112.187978933124,112.187978933124,111.753,111.773,112.199243164062,112.2012513395
142.35,112.13748224,112.182630261155,112.188011790603,112.188011790603,112.188011790603,111.753,111.773,112.199096679688,112.201102834544
142.4,112.13748224,112.18262730537,112.188044648082,112.188044648082,112.188044648082,111.753,111.773,112.198950195313,112.200954329589
142.45,112.13748224,112.182624349585,112.188077505561,112.188077505561,112.188077505561,111.753,111.773,112.198803710937,112.200805824633
142.5,112.13748224,112.182621393799,112.18811036304,112.18811036304,112.18811036304,111.753,111.773,112.198657226563,112.200657319678
142.55,112.13748224,112.182618438014,112.18814322052,112.18814322052,112.18814322052,111.753,111.773,112.198510742187,112.200508814722
142.6,112.13748224,112.182615482229,112.188176077999,112.188176077999,112.188176077999,111.753,111.773,112.198364257812,112.200360309767
142.65,112.13748224,112.182612526444,112.188208935478,112.188208935478,112.188208935478,111.753,111.773,112.198217773438,112.200211804811
142.7,112.13748224,112.182609570659,112.188241792957,112.188241792957,112.188241792957,111.753,111.773,112.198071289062,112.200063299856
142.75,112.13748224,112.182606614874,112.188274650436,112.188274650436,112.188274650436,111.753,111.773,112.197924804688,112.1999147949
142.8,112.13748224,112.182603659089,112.188307507915,112.188307507915,112.188307507915,111.753,111.773,112.197778320312,112.199766289945
142.85,112.13748224,112.182600703304,112.188340365394,112.188340365394,112.188340365394,111.753,111.773,112.197631835938,112.199617784989
142.9,112.13748224,112.182597747518,112.188373222874,112.188373222874,112.188373222874,111.753,111.773,112.197485351563,112.199469280034
142.95,112.13748224,112.182594791733,112.188406080353,112.188406080353,112.188406080353,111.753,111.773,112.197338867187,112.199320775078
143,112.13748224,112.182591835948,112.188438937832,112.188438937832,112.188438937832,111.753,111.773,112.197192382813,112.199172270123
143.05,112.13748224,112.182588880163,112.188471795311,112.188471795311,112.188471795311,111.753,111.773,112.197045898437,112.199023765167
143.1,112.13748224,112.182585924378,112.18850465279,112.18850465279,112.18850465279,111.753,111.773,112.196899414062,112.198875260212
143.15,112.13748224,112.182582968593,112.188537510269,112.188537510269,112.188537510269,111.753,111.773,112.196752929688,112.198726755256
143.2,112.13748224,112.182580012808,112.188570367749,112.188570367749,112.188570367749,111.753,111.773,112.196606445312,112.198578250301
143.25,112.13748224,112.182577057023,112.188603225228,112.188603225228,112.188603225228,111.753,111.773,112.196459960938,112.198429745345
143.3,112.13748224,112.182574101237,112.188636082707,112.188636082707,112.188636082707,111.753,111.773,112.196313476562,112.19828124039
143.35,112.13748224,112.182571145452,112.188668940186,112.188668940186,112.188668940186,111.753,111.773,112.196166992188,112.198132735434
143.4,112.13748224,112.182568189667,112.188701797665,112.188701797665,112.188701797665,111.753,111.773,112.196020507813,112.197984230479
143.45,112.13748224,112.182565233882,112.188734655144,112.188734655144,112.188734655144,111.753,111.773,112.195874023437,112.197835725523
143.5,112.13748224,112.182562278097,112.188767512623,112.188767512623,112.188767512623,111.753,111.773,112.195727539063,112.197687220568
143.55,112.13748224,112.182559322312,112.188800370103,112.188800370103,112.188800370103,111.753,111.773,112.195581054687,112.197538715612
143.6,112.13748224,112.182556366527,112.188833227582,112.188833227582,112.188833227582,111.753,111.773,112.195434570312,112.197390210657
143.65,112.13748224,112.182553410742,112.188866085061,112.188866085061,112.188866085061,111.753,111.773,112.195288085938,112.197241705701
143.7,112.13748224,112.182550454956,112.18889894254,112.18889894254,112.18889894254,111.753,111.773,112.195141601562,112.197093200746
143.75,112.13748224,112.182547499171,112.188931800019,112.188931800019,112.188931800019,111.753,111.773,112.194995117188,112.19694469579
143.8,112.13748224,112.182544543386,112.188964657498,112.188964657498,112.188964657498,111.753,111.773,112.194848632812,112.196796190835
143.85,112.13748224,112.182541587601,112.188997514977,112.188997514977,112.188997514977,111.753,111.773,112.194702148438,112.196647685879
143.9,112.13748224,112.182538631816,112.189030372457,112.189030372457,112.189030372457,111.753,111.773,112.194555664063,112.196499180924
143.95,112.13748224,112.182535676031,112.189063229936,112.189063229936,112.189063229936,111.753,111.773,112.194409179687,112.196350675968
144,112.13748224,112.182532720246,112.189096087415,112.189096087415,112.189096087415,111.752775,111.772775,112.194262695313,112.196202171013
144.05,112.13748224,112.182529764461,112.189128944894,112.189128944894,112.189128944894,111.752325,111.772325,112.194116210937,112.196053666057
144.1,112.13748224,112.182526808676,112.189161802373,112.189161802373,112.189161802373,111.751875,111.771875,112.193969726562,112.195905161102
144.15,112.13748224,112.18252385289,112.189194659852,112.189194659852,112.189194659852,111.751425,111.771425,112.193823242188,112.195756656146
144.2,112.13748224,112.182520897105,112.189227517332,112.189227517332,112.189227517332,111.750975,111.770975,112.193676757812,112.195608151191
144.25,112.13748224,112.18251794132,112.189260374811,112.189260374811,112.189260374811,111.750525,111.770525,112.193530273438,112.195459646235
144.3,112.13748224,112.182514985535,112.18929323229,112.18929323229,112.18929323229,111.750075,111.770075,112.193383789062,112.19531114128
144.35,112.13748224,112.18251202975,112.189326089769,112.189326089769,112.189326089769,111.749625,111.769625,112.193237304688,112.195162636324
144.4,112.13748224,112.182509073965,112.189358947248,112.189358947248,112.189358947248,111.749175,111.769175,112.193090820313,112.195014131369
144.45,112.13748224,112.18250611818,112.189391804727,112.189391804727,112.189391804727,111.748725,111.768725,112.192944335937,112.194865626413
144.5,112.13748224,112.182503162395,112.189424662206,112.189424662206,112.189424662206,111.748275,111.768275,112.192797851563,112.194717121458
144.55,112.13748224,112.182500206609,112.189457519686,112.189457519686,112.189457519686,111.747825,111.767825,112.192651367187,112.194568616502
144.6,112.13748224,112.182497250824,112.189490377165,112.189490377165,112.189490377165,111.747375,111.767375,112.192504882812,112.194420111547
144.65,112.13748224,112.182494295039,112.189523234644,112.189523234644,112.189523234644,111.746925,111.766925,112.192358398438,112.194271606591
144.7,112.13748224,112.182491339254,112.189556092123,112.189556092123,112.189556092123,111.746475,111.766475,112.192211914062,112.194123101636
144.75,112.13748224,112.182488383469,112.189588949602,112.189588949602,112.189588949602,111.746025,111.766025,112.192065429688,112.19397459668
144.8,112.13748224,112.182485427684,112.189621807081,112.189621807081,112.189621807081,111.745575,111.765575,112.191918945312,112.193826091725
144.85,112.13748224,112.182482471899,112.18965466456,112.18965466456,112.18965466456,111.745125,111.765125,112.191772460938,112.193677586769
144.9,112.13748224,112.182479516114,112.18968752204,112.18968752204,112.18968752204,111.744675,111.764675,112.191625976563,112.193529081814
144.95,112.13748224,112.182476560328,112.189720379519,112.189720379519,112.189720379519,111.744225,111.764225,112.191479492187,112.193380576858
145,112.13748224,112.182473604543,112.189753236998,112.189753236998,112.189753236998,111.7434,111.7634,112.191333007813,112.193232071903
145.05,112.13748224,112.182470648758,112.189786094477,112.189786094477,112.189786094477,111.7422,111.7622,112.191186523437,112.193083566947
145.1,112.13748224,112.182467692973,112.189818951956,112.189818951956,112.189818951956,111.741,111.761,112.191040039062,112.192935061992
145.15,112.13748224,112.182464737188,112.189851809435,112.189851809435,112.189851809435,111.7398,111.7598,112.190893554688,112.192786557037
145.2,112.13748224,112.182461781403,112.189884666915,112.189884666915,112.189884666915,111.7386,111.7586,112.190747070312,112.192638052081
145.25,112.13748224,112.182458825618,112.189917524394,112.189917524394,112.189917524394,111.7374,111.7574,112.190600585938,112.192489547126
145.3,112.13748224,112.182455869833,112.189950381873,112.189950381873,112.189950381873,111.7362,111.7562,112.190454101562,112.19234104217
145.35,112.13748224,112.182452914048,112.189983239352,112.189983239352,112.189983239352,111.735,111.755,112.190307617188,112.192192537215
145.4,112.13748224,112.182449958262,112.190016096831,112.190016096831,112.190016096831,111.7338,111.7538,112.190161132813,112.192044032259
145.45,112.13748224,112.182447002477,112.19004895431,112.19004895431,112.19004895431,111.7326,111.7526,112.190014648437,112.191895527304
145.5,112.13748224,112.182444046692,112.190081811789,112.190081811789,112.190081811789,111.7314,111.7514,112.189868164063,112.191747022348
145.55,112.13748224,112.182441090907,112.190114669269,112.190114669269,112.190114669269,111.7302,111.7502,112.189721679687,112.191598517393
145.6,112.13748224,112.182438135122,112.190147526748,112.190147526748,112.190147526748,111.729,111.749,112.189575195312,112.191450012437
145.65,112.13748224,112.182435179337,112.190180384227,112.190180384227,112.190180384227,111.7278,111.7478,112.189428710938,112.191301507482
145.7,112.13748224,112.182432223552,112.190213241706,112.190213241706,112.190213241706,111.7266,111.7466,112.189282226562,112.191153002526
145.75,112.13748224,112.182429267767,112.190246099185,112.190246099185,112.190246099185,111.7254,111.7454,112.189135742188,112.191004497571
145.8,112.13748224,112.182426311981,112.190278956664,112.190278956664,112.190278956664,111.7242,111.7442,112.188989257812,112.190855992615
145.85,112.13748224,112.182423356196,112.190311814143,112.190311814143,112.190311814143,111.723,111.743,112.188842773438,112.19070748766
145.9,112.13748224,112.182420400411,112.190344671623,112.190344671623,112.190344671623,111.7218,111.7418,112.188696289063,112.190558982704
145.95,112.13748224,112.182417444626,112.190377529102,112.190377529102,112.190377529102,111.7206,111.7406,112.188549804687,112.190410477749
146,112.13748224,112.182414488841,112.190410386581,112.190410386581,112.190410386581,111.72,111.74,112.188403320313,112.190261972793
146.05,112.13748224,112.182411533056,112.19044324406,112.19044324406,112.19044324406,111.72,111.74,112.188256835937,112.190113467838
146.1,112.13748224,112.182408577271,112.190476101539,112.190476101539,112.190476101539,111.72,111.74,112.188110351562,112.189964962882
146.15,112.13748224,112.182405621486,112.190508959018,112.190508959018,112.190508959018,111.72,111.74,112.187963867188,112.189816457927
146.2,112.13748224,112.1824026657,112.190541816498,112.190541816498,112.190541816498,111.72,111.74,112.187817382812,112.189667952971
146.25,112.13748224,112.182399709915,112.190574673977,112.190574673977,112.190574673977,111.72,111.74,112.187670898438,112.189519448016
146.3,112.13748224,112.18239675413,112.190607531456,112.190607531456,112.190607531456,111.72,111.74,112.187524414062,112.18937094306
146.35,112.13748224,112.182393798345,112.190640388935,112.190640388935,112.190640388935,111.72,111.74,112.187377929688,112.189222438105
146.4,112.13748224,112.18239084256,112.190673246414,112.190673246414,112.190673246414,111.72,111.74,112.187231445313,112.189073933149
146.45,112.13748224,112.182387886775,112.190706103893,112.190706103893,112.190706103893,111.72,111.74,112.187084960937,112.188925428194
146.5,112.13748224,112.18238493099,112.190738961372,112.190738961372,112.190738961372,111.72,111.74,112.186938476563,112.188776923238
146.55,112.13748224,112.182381975205,112.190771818852,112.190771818852,112.190771818852,111.72,111.74,112.186791992187,112.188628418283
146.6,112.13748224,112.18237901942,112.190804676331,112.190804676331,112.190804676331,111.72,111.74,112.186645507812,112.188479913327
146.65,112.13748224,112.182376063634,112.19083753381,112.19083753381,112.19083753381,111.72,111.74,112.186499023438,112.188331408372
146.7,112.13748224,112.182373107849,112.190870391289,112.190870391289,112.190870391289,111.72,111.74,112.186352539062,112.188182903416
146.75,112.13748224,112.182370152064,112.190903248768,112.190903248768,112.190903248768,111.72,111.74,112.186206054688,112.188034398461
146.8,112.13748224,112.182367196279,112.190936106247,112.190936106247,112.190936106247,111.72,111.74,112.186059570312,112.187885893505
146.85,112.13748224,112.182364240494,112.190968963727,112.190968963727,112.190968963727,111.72,111.74,112.185913085938,112.18773738855
146.9,112.13748224,112.182361284709,112.191001821206,112.191001821206,112.191001821206,111.72,111.74,112.185766601563,112.187588883594
146.95,112.13748224,112.182358328924,112.191034678685,112.191034678685,112.191034678685,111.72,111.74,112.185620117187,112.187440378639
147,112.13748224,112.182355373139,112.191067536164,112.191067536164,112.191067536164,111.72,111.74,112.185473632813,112.187291873683
147.05,112.13748224,112.182352417353,112.191100393643,112.191100393643,112.191100393643,111.72,111.74,112.185327148437,112.187143368728
147.1,112.13748224,112.182349461568,112.191133251122,112.191133251122,112.191133251122,111.72,111.74,112.185180664062,112.186994863772
147.15,112.13748224,112.182346505783,112.191166108601,112.191166108601,112.191166108601,111.72,111.74,112.185034179688,112.186846358817
147.2,112.13748224,112.182343549998,112.191198966081,112.191198966081,112.191198966081,111.72,111.74,112.184887695312,112.186697853861
147.25,112.13748224,112.182340594213,112.19123182356,112.19123182356,112.19123182356,111.72,111.74,112.184741210938,112.186549348906
147.3,112.13748224,112.182337638428,112.191264681039,112.191264681039,112.191264681039,111.72,111.74,112.184594726562,112.18640084395
147.35,112.13748224,112.182334682643,112.191297538518,112.191297538518,112.191297538518,111.72,111.74,112.184448242188,112.186252338995
147.4,112.13748224,112.182331726858,112.191330395997,112.191330395997,112.191330395997,111.72,111.74,112.184301757813,112.186103834039
147.45,112.13748224,112.182328771072,112.191363253476,112.191363253476,112.191363253476,111.72,111.74,112.184155273437,112.185955329084
147.5,112.13748224,112.182325815287,112.191396110955,112.191396110955,112.191396110955,111.72,111.74,112.184008789063,112.185806824128
147.55,112.13748224,112.182322859502,112.191428968435,112.191428968435,112.191428968435,111.72,111.74,112.183862304687,112.185658319173
147.6,112.13748224,112.182319903717,112.191461825914,112.191461825914,112.191461825914,111.72,111.74,112.183715820312,112.185509814217
147.65,112.13748224,112.182316947932,112.191494683393,112.191494683393,112.191494683393,111.72,111.74,112.183569335938,112.185361309262
147.7,112.13748224,112.182313992147,112.191527540872,112.191527540872,112.191527540872,111.72,111.74,112.183422851562,112.185212804306
147.75,112.13748224,112.182311036362,112.191560398351,112.191560398351,112.191560398351,111.72,111.74,112.183276367188,112.185064299351
147.8,112.13748224,112.182308080577,112.19159325583,112.19159325583,112.19159325583,111.72,111.74,112.183129882812,112.184915794395
147.85,112.13748224,112.182305124792,112.19162611331,112.19162611331,112.19162611331,111.72,111.74,112.182983398438,112.18476728944
147.9,112.13748224,112.182302169006,112.191658970789,112.191658970789,112.191658970789,111.72,111.74,112.182836914063,112.184618784484
147.95,112.13748224,112.182299213221,112.191691828268,112.191691828268,112.191691828268,111.72,111.74,112.182690429687,112.184470279529
148,112.13748224,112.182296257436,112.191724685747,112.191724685747,112.191724685747,111.743725,111.763725,112.182543945313,112.184321774573
148.05,112.13748224,112.182293301651,112.191757543226,112.191757543226,112.191757543226,111.791175,111.811175,112.182397460937,112.184173269618
148.1,112.13748224,112.182290345866,112.191790400705,112.191790400705,112.191790400705,111.838625,111.858625,112.182250976562,112.184024764662
148.15,112.13748224,112.182287390081,112.191823258184,112.191823258184,112.191823258184,111.886075,111.906075,112.182104492188,112.183876259707
148.2,112.13748224,112.182284434296,112.191856115664,112.191856115664,112.191856115664,111.933525,111.953525,112.181958007812,112.183727754751
148.25,112.13748224,112.182281478511,112.191888973143,112.191888973143,112.191888973143,111.980975,112.000975,112.181811523438,112.183579249796
148.3,112.13748224,112.182278522725,112.191921830622,112.191921830622,112.191921830622,112.028425,112.048425,112.181665039062,112.18343074484
148.35,112.13748224,112.18227556694,112.191954688101,112.191954688101,112.191954688101,112.075875,112.095875,112.181518554688,112.183282239885
148.4,112.13748224,112.182272611155,112.19198754558,112.19198754558,112.19198754558,112.123325,112.143325,112.181372070313,112.183133734929
148.45,112.13748224,112.18226965537,112.192020403059,112.192020403059,112.192020403059,112.170775,112.190775,112.181225585937,112.182985229974
148.5,112.13748224,112.182266699585,112.192053260538,112.192053260538,112.192053260538,112.218225,112.238225,112.181079101563,112.182836725018
148.55,112.13748224,112.1822637438,112.192086118018,112.192086118018,112.192086118018,112.265675,112.285675,112.180932617187,112.182688220063
148.6,112.13748224,112.182260788015,112.192118975497,112.192118975497,112.192118975497,112.313125,112.333125,112.180786132812,112.182539715107
148.65,112.13748224,112.18225783223,112.192151832976,112.192151832976,112.192151832976,112.360575,112.380575,112.180639648438,112.182391210152
148.7,112.13748224,112.182254876444,112.192184690455,112.192184690455,112.192184690455,112.408025,112.428025,112.180493164062,112.182242705196
148.75,112.13748224,112.182251920659,112.192217547934,112.192217547934,112.192217547934,112.455475,112.475475,112.180346679688,112.182094200241
148.8,112.13748224,112.182248964874,112.192250405413,112.192250405413,112.192250405413,112.502925,112.522925,112.180200195312,112.181945695285
148.85,112.13748224,112.182246009089,112.192283262893,112.192283262893,112.192283262893,112.550375,112.570375,112.180053710938,112.18179719033
148.9,112.13748224,112.182243053304,112.192316120372,112.192316120372,112.192316120372,112.597825,112.617825,112.179907226563,112.181648685374
148.95,112.13748224,112.182240097519,112.192348977851,112.192348977851,112.192348977851,112.645275,112.665275,112.179760742187,112.181500180419
149,112.13748224,112.182237141734,112.19238183533,112.19238183533,112.19238183533,112.669475,112.689475,112.179724121094,112.181461538745
149.05,112.13748224,112.182234185949,112.192414692809,112.192414692809,112.192414692809,112.670425,112.690425,112.179797363281,112.181532760352
149.1,112.13748224,112.182231230164,112.192447550288,112.192447550288,112.192447550288,112.671375,112.691375,112.179870605469,112.181603981959
149.15,112.13748224,112.182228274378,112.192480407767,112.192480407767,112.192480407767,112.672325,112.692325,112.179943847656,112.181675203566
149.2,112.13748224,112.182225318593,112.192513265247,112.192513265247,112.192513265247,112.673275,112.693275,112.180017089844,112.181746425173
149.25,112.13748224,112.182222362808,112.192546122726,112.192546122726,112.192546122726,112.674225,112.694225,112.180090332031,112.18181764678
149.3,112.13748224,112.182219407023,112.192578980205,112.192578980205,112.192578980205,112.675175,112.695175,112.180163574219,112.181888868387
149.35,112.13748224,112.182216451238,112.192611837684,112.192611837684,112.192611837684,112.676125,112.696125,112.180236816406,112.181960089994
149.4,112.13748224,112.182213495453,112.192644695163,112.192644695163,112.192644695163,112.677075,112.697075,112.180310058594,112.182031311601
149.45,112.13748224,112.182210539668,112.192677552642,112.192677552642,112.192677552642,112.678025,112.698025,112.180383300781,112.182102533208
149.5,112.13748224,112.182207583883,112.192710410121,112.192710410121,112.192710410121,112.678975,112.698975,112.180456542969,112.182173754815
149.55,112.13748224,112.182204628097,112.192743267601,112.192743267601,112.192743267601,112.679925,112.699925,112.180529785156,112.182244976422
149.6,112.13748224,112.182201672312,112.19277612508,112.19277612508,112.19277612508,112.680875,112.700875,112.180603027344,112.182316198029
149.65,112.13748224,112.182198716527,112.192808982559,112.192808982559,112.192808982559,112.681825,112.701825,112.180676269531,112.182387419636
149.7,112.13748224,112.182195760742,112.192841840038,112.192841840038,112.192841840038,112.682775,112.702775,112.180749511719,112.182458641243
149.75,112.13748224,112.182192804957,112.192874697517,112.192874697517,112.192874697517,112.683725,112.703725,112.180822753906,112.18252986285
149.8,112.13748224,112.182189849172,112.192907554996,112.192907554996,112.192907554996,112.684675,112.704675,112.180895996094,112.182601084457
149.85,112.13748224,112.182186893387,112.192940412476,112.192940412476,112.192940412476,112.685625,112.705625,112.180969238281,112.182672306064
149.9,112.13748224,112.182183937602,112.192973269955,112.192973269955,112.192973269955,112.686575,112.706575,112.181042480469,112.182743527671
149.95,112.13748224,112.182180981816,112.193006127434,112.193006127434,112.193006127434,112.687525,112.707525,112.181115722656,112.182814749278
150,112.13748224,112.182178026031,112.193038984913,112.193038984913,112.193038984913,112.6886,112.7086,112.181188964844,112.182885970885
150.05,112.13748224,112.182180038041,112.193024588295,112.193024588295,112.193024588295,112.6898,112.709708281798,112.181262207031,112.182960012891
150.1,112.13748224,112.182182050051,112.193010191677,112.193010191677,112.193010191677,112.691,112.710816563597,112.181335449219,112.183034054896
150.15,112.13748224,112.18218406206,112.192995795059,112.192995795059,112.192995795059,112.6922,112.711924845395,112.181408691406,112.183108096902
150.2,112.13748224,112.18218607407,112.19298139844,112.19298139844,112.19298139844,112.6934,112.713033127193,112.181481933594,112.183182138908
150.25,112.13748224,112.182188086079,112.192967001822,112.192967001822,112.192967001822,112.6946,112.714141408991,112.181555175781,112.183256180914
150.3,112.13748224,112.182190098089,112.192952605204,112.192952605204,112.192952605204,112.6958,112.71524969079,112.181628417969,112.18333022292
150.35,112.13748224,112.182192110099,112.192938208586,112.192938208586,112.192938208586,112.697,112.716357972588,112.181701660156,112.183404264925
150.4,112.13748224,112.182194122108,112.192923811968,112.192923811968,112.192923811968,112.6982,112.717466254386,112.181774902344,112.183478306931
150.45,112.13748224,112.182196134118,112.19290941535,112.19290941535,112.19290941535,112.6994,112.718574536184,112.181848144531,112.183552348937
150.5,112.13748224,112.182198146128,112.192895018732,112.192895018732,112.192895018732,112.7006,112.719682817983,112.181921386719,112.183626390943
150.55,112.13748224,112.182200158137,112.192880622114,112.192880622114,112.192880622114,112.7018,112.720791099781,112.181994628906,112.183700432949
150.6,112.13748224,112.182202170147,112.192866225495,112.192866225495,112.192866225495,112.703,112.721899381579,112.182067871094,112.183774474954
150.65,112.13748224,112.182204182156,112.192851828877,112.192851828877,112.192851828877,112.7042,112.723007663377,112.182141113281,112.18384851696
150.7,112.13748224,112.182206194166,112.192837432259,112.192837432259,112.192837432259,112.7054,112.724115945176,112.182214355469,112.183922558966
150.75,112.13748224,112.182208206176,112.192823035641,112.192823035641,112.192823035641,112.7066,112.725224226974,112.182287597656,112.183996600972
150.8,112.13748224,112.182210218185,112.192808639023,112.192808639023,112.192808639023,112.7078,112.726332508772,112.182360839844,112.184070642977
150.85,112.13748224,112.182212230195,112.192794242405,112.192794242405,112.192794242405,112.709,112.72744079057,112.182434082031,112.184144684983
150.9,112.13748224,112.182214242205,112.192779845787,112.192779845787,112.192779845787,112.7102,112.728549072369,112.182507324219,112.184218726989
150.95,112.13748224,112.182216254214,112.192765449169,112.192765449169,112.192765449169,112.7114,112.729657354167,112.182580566406,112.184292768995
151,112.13748224,112.182218266224,112.19275105255,112.19275105255,112.19275105255,112.7152,112.733365635965,112.182653808594,112.184366811001
151.05,112.13748224,112.182220278233,112.192736655932,112.192736655932,112.192736655932,112.7216,112.739673917763,112.182727050781,112.184440853006
151.1,112.13748224,112.182222290243,112.192722259314,112.192722259314,112.192722259314,112.728,112.745982199562,112.182800292969,112.184514895012
151.15,112.13748224,112.182224302253,112.192707862696,112.192707862696,112.192707862696,112.7344,112.75229048136,112.182873535156,112.184588937018
151.2,112.13748224,112.182226314262,112.192693466078,112.192693466078,112.192693466078,112.7408,112.758598763158,112.182946777344,112.184662979024
151.25,112.13748224,112.182228326272,112.19267906946,112.19267906946,112.19267906946,112.7472,112.764907044956,112.183020019531,112.18473702103
151.3,112.13748224,112.182230338282,112.192664672842,112.192664672842,112.192664672842,112.7536,112.771215326755,112.183093261719,112.184811063035
151.35,112.13748224,112.182232350291,112.192650276223,112.192650276223,112.192650276223,112.76,112.777523608553,112.183166503906,112.184885105041
151.4,112.13748224,112.182234362301,112.192635879605,112.192635879605,112.192635879605,112.7664,112.783831890351,112.183239746094,112.184959147047
151.45,112.13748224,112.18223637431,112.192621482987,112.192621482987,112.192621482987,112.7728,112.790140172149,112.183312988281,112.185033189053
151.5,112.13748224,112.18223838632,112.192607086369,112.192607086369,112.192607086369,112.7792,112.796448453948,112.183386230469,112.185107231058
151.55,112.13748224,112.18224039833,112.192592689751,112.192592689751,112.192592689751,112.7856,112.802756735746,112.183459472656,112.185181273064
151.6,112.13748224,112.182242410339,112.192578293133,112.192578293133,112.192578293133,112.792,112.809065017544,112.183532714844,112.18525531507
151.65,112.13748224,112.182244422349,112.192563896515,112.192563896515,112.192563896515,112.7984,112.815373299342,112.183605957031,112.185329357076
151.7,112.13748224,112.182246434359,112.192549499897,112.192549499897,112.192549499897,112.8048,112.821681581141,112.183679199219,112.185403399082
151.75,112.13748224,112.182248446368,112.192535103278,112.192535103278,112.192535103278,112.8112,112.827989862939,112.183752441406,112.185477441087
151.8,112.13748224,112.182250458378,112.19252070666,112.19252070666,112.19252070666,112.8176,112.834298144737,112.183825683594,112.185551483093
151.85,112.13748224,112.182252470387,112.192506310042,112.192506310042,112.192506310042,112.824,112.840606426535,112.183898925781,112.185625525099
151.9,112.13748224,112.182254482397,112.192491913424,112.192491913424,112.192491913424,112.8304,112.846914708334,112.183972167969,112.185699567105
151.95,112.13748224,112.182256494407,112.192477516806,112.192477516806,112.192477516806,112.8368,112.853222990132,112.184045410156,112.185773609111
152,112.13748224,112.182258506416,112.192463120188,112.192463120188,112.192463120188,112.841175,112.85750627193,112.184118652344,112.185847651116
152.05,112.13748224,112.182260518426,112.19244872357,112.19244872357,112.19244872357,112.843525,112.859764553728,112.184191894531,112.185921693122
152.1,112.13748224,112.182262530436,112.192434326952,112.192434326952,112.192434326952,112.845875,112.862022835527,112.184265136719,112.185995735128
152.15,112.13748224,112.182264542445,112.192419930333,112.192419930333,112.192419930333,112.848225,112.864281117325,112.184338378906,112.186069777134
152.2,112.13748224,112.182266554455,112.192405533715,112.192405533715,112.192405533715,112.850575,112.866539399123,112.184411621094,112.186143819139
152.25,112.13748224,112.182268566464,112.192391137097,112.192391137097,112.192391137097,112.852925,112.868797680921,112.184484863281,112.186217861145
152.3,112.13748224,112.182270578474,112.192376740479,112.192376740479,112.192376740479,112.855275,112.87105596272,112.184558105469,112.186291903151
152.35,112.13748224,112.182272590484,112.192362343861,112.192362343861,112.192362343861,112.857625,112.873314244518,112.184631347656,112.186365945157
152.4,112.13748224,112.182274602493,112.192347947243,112.192347947243,112.192347947243,112.859975,112.875572526316,112.184704589844,112.186439987163
152.45,112.13748224,112.182276614503,112.192333550625,112.192333550625,112.192333550625,112.862325,112.877830808114,112.184777832031,112.186514029168
152.5,112.13748224,112.182278626513,112.192319154007,112.192319154007,112.192319154007,112.864675,112.880089089913,112.184851074219,112.186588071174
152.55,112.13748224,112.182280638522,112.192304757388,112.192304757388,112.192304757388,112.867025,112.882347371711,112.184924316406,112.18666211318
152.6,112.13748224,112.182282650532,112.19229036077,112.19229036077,112.19229036077,112.869375,112.884605653509,112.184997558594,112.186736155186
152.65,112.13748224,112.182284662541,112.192275964152,112.192275964152,112.192275964152,112.871725,112.886863935308,112.185070800781,112.186810197192
152.7,112.13748224,112.182286674551,112.192261567534,112.192261567534,112.192261567534,112.874075,112.889122217106,112.185144042969,112.186884239197
152.75,112.13748224,112.182288686561,112.192247170916,112.192247170916,112.192247170916,112.876425,112.891380498904,112.185217285156,112.186958281203
152.8,112.13748224,112.18229069857,112.192232774298,112.192232774298,112.192232774298,112.878775,112.893638780702,112.185290527344,112.187032323209
152.85,112.13748224,112.18229271058,112.19221837768,112.19221837768,112.19221837768,112.881125,112.895897062501,112.185363769531,112.187106365215
152.9,112.13748224,112.18229472259,112.192203981061,112.192203981061,112.192203981061,112.883475,112.898155344299,112.185437011719,112.18718040722
152.95,112.13748224,112.182296734599,112.192189584443,112.192189584443,112.192189584443,112.885825,112.900413626097,112.185510253906,112.187254449226
153,112.13748224,112.182298746609,112.192175187825,112.192175187825,112.192175187825,112.88725,112.901746907895,112.185583496094,112.187328491232
153.05,112.13748224,112.182300758618,112.192160791207,112.192160791207,112.192160791207,112.88775,112.902155189694,112.185656738281,112.187402533238
153.1,112.13748224,112.182302770628,112.192146394589,112.192146394589,112.192146394589,112.88825,112.902563471492,112.185729980469,112.187476575244
153.15,112.13748224,112.182304782638,112.192131997971,112.192131997971,112.192131997971,112.88875,112.90297175329,112.185803222656,112.187550617249
153.2,112.13748224,112.182306794647,112.192117601353,112.192117601353,112.192117601353,112.88925,112.903380035088,112.185876464844,112.187624659255
153.25,112.13748224,112.182308806657,112.192103204735,112.192103204735,112.192103204735,112.88975,112.903788316887,112.185949707031,112.187698701261
153.3,112.13748224,112.182310818666,112.192088808116,112.192088808116,112.192088808116,112.89025,112.904196598685,112.186022949219,112.187772743267
153.35,112.13748224,112.182312830676,112.192074411498,112.192074411498,112.192074411498,112.89075,112.904604880483,112.186096191406,112.187846785273
153.4,112.13748224,112.182314842686,112.19206001488,112.19206001488,112.19206001488,112.89125,112.905013162281,112.186169433594,112.187920827278
153.45,112.13748224,112.182316854695,112.192045618262,112.192045618262,112.192045618262,112.89175,112.90542144408,112.186242675781,112.187994869284
153.5,112.13748224,112.182318866705,112.192031221644,112.192031221644,112.192031221644,112.89225,112.905829725878,112.186315917969,112.18806891129
153.55,112.13748224,112.182320878715,112.192016825026,112.192016825026,112.192016825026,112.89275,112.906238007676,112.186389160156,112.188142953296
153.6,112.13748224,112.182322890724,112.192002428408,112.192002428408,112.192002428408,112.89325,112.906646289474,112.186462402344,112.188216995302
153.65,112.13748224,112.182324902734,112.19198803179,112.19198803179,112.19198803179,112.89375,112.907054571273,112.186535644531,112.188291037307
153.7,112.13748224,112.182326914743,112.191973635171,112.191973635171,112.191973635171,112.89425,112.907462853071,112.186608886719,112.188365079313
153.75,112.13748224,112.182328926753,112.191959238553,112.191959238553,112.191959238553,112.89475,112.907871134869,112.186682128906,112.188439121319
153.8,112.13748224,112.182330938763,112.191944841935,112.191944841935,112.191944841935,112.89525,112.908279416667,112.186755371094,112.188513163325
153.85,112.13748224,112.182332950772,112.191930445317,112.191930445317,112.191930445317,112.89575,112.908687698466,112.186828613281,112.18858720533
153.9,112.13748224,112.182334962782,112.191916048699,112.191916048699,112.191916048699,112.89625,112.909095980264,112.186901855469,112.188661247336
153.95,112.13748224,112.182336974792,112.191901652081,112.191901652081,112.191901652081,112.89675,112.909504262062,112.186975097656,112.188735289342
154,112.13748224,112.182338986801,112.191887255463,112.191887255463,112.191887255463,112.89675,112.90941254386,112.187048339844,112.188809331348
154.05,112.13748224,112.182340998811,112.191872858845,112.191872858845,112.191872858845,112.89625,112.908820825659,112.187121582031,112.188883373354
154.1,112.13748224,112.18234301082,112.191858462226,112.191858462226,112.191858462226,112.89575,112.908229107457,112.187194824219,112.188957415359
154.15,112.13748224,112.18234502283,112.191844065608,112.191844065608,112.191844065608,112.89525,112.907637389255,112.187268066406,112.189031457365
154.2,112.13748224,112.18234703484,112.19182966899,112.19182966899,112.19182966899,112.89475,112.907045671053,112.187341308594,112.189105499371
154.25,112.13748224,112.182349046849,112.191815272372,112.191815272372,112.191815272372,112.89425,112.906453952852,112.187414550781,112.189179541377
154.3,112.13748224,112.182351058859,112.191800875754,112.191800875754,112.191800875754,112.89375,112.90586223465,112.187487792969,112.189253583383
154.35,112.13748224,112.182353070869,112.191786479136,112.191786479136,112.191786479136,112.89325,112.905270516448,112.187561035156,112.189327625388
154.4,112.13748224,112.182355082878,112.191772082518,112.191772082518,112.191772082518,112.89275,112.904678798246,112.187634277344,112.189401667394
154.45,112.13748224,112.182357094888,112.191757685899,112.191757685899,112.191757685899,112.89225,112.904087080045,112.187707519531,112.1894757094
154.5,112.13748224,112.182359106897,112.191743289281,112.191743289281,112.191743289281,112.89175,112.903495361843,112.187780761719,112.189549751406
154.55,112.13748224,112.182361118907,112.191728892663,112.191728892663,112.191728892663,112.89125,112.902903643641,112.187854003906,112.189623793411
154.6,112.13748224,112.182363130917,112.191714496045,112.191714496045,112.191714496045,112.89075,112.902311925439,112.187927246094,112.189697835417
154.65,112.13748224,112.182365142926,112.191700099427,112.191700099427,112.191700099427,112.89025,112.901720207238,112.188000488281,112.189771877423
154.7,112.13748224,112.182367154936,112.191685702809,112.191685702809,112.191685702809,112.88975,112.901128489036,112.188073730469,112.189845919429
154.75,112.13748224,112.182369166946,112.191671306191,112.191671306191,112.191671306191,112.88925,112.900536770834,112.188146972656,112.189919961435
154.8,112.13748224,112.182371178955,112.191656909573,112.191656909573,112.191656909573,112.88875,112.899945052632,112.188220214844,112.18999400344
154.85,112.13748224,112.182373190965,112.191642512954,112.191642512954,112.191642512954,112.88825,112.899353334431,112.188293457031,112.190068045446
154.9,112.13748224,112.182375202974,112.191628116336,112.191628116336,112.191628116336,112.88775,112.898761616229,112.188366699219,112.190142087452
154.95,112.13748224,112.182377214984,112.191613719718,112.191613719718,112.191613719718,112.88725,112.898169898027,112.188439941406,112.190216129458
155,112.13748224,112.182379226994,112.1915993231,112.1915993231,112.1915993231,112.885825,112.896653179825,112.188513183594,112.190290171464
155.05,112.13748224,112.182381239003,112.191584926482,112.191584926482,112.191584926482,112.883475,112.894211461624,112.188586425781,112.190364213469
155.1,112.13748224,112.182383251013,112.191570529864,112.191570529864,112.191570529864,112.881125,112.891769743422,112.188659667969,112.190438255475
155.15,112.13748224,112.182385263023,112.191556133246,112.191556133246,112.191556133246,112.878775,112.88932802522,112.188732910156,112.190512297481
155.2,112.13748224,112.182387275032,112.191541736628,112.191541736628,112.191541736628,112.876425,112.886886307018,112.188806152344,112.190586339487
155.25,112.13748224,112.182389287042,112.191527340009,112.191527340009,112.191527340009,112.874075,112.884444588817,112.188879394531,112.190660381492
155.3,112.13748224,112.182391299051,112.191512943391,112.191512943391,112.191512943391,112.871725,112.882002870615,112.188952636719,112.190734423498
155.35,112.13748224,112.182393311061,112.191498546773,112.191498546773,112.191498546773,112.869375,112.879561152413,112.189025878906,112.190808465504
155.4,112.13748224,112.182395323071,112.191484150155,112.191484150155,112.191484150155,112.867025,112.877119434211,112.189099121094,112.19088250751
155.45,112.13748224,112.18239733508,112.191469753537,112.191469753537,112.191469753537,112.864675,112.87467771601,112.189172363281,112.190956549516
155.5,112.13748224,112.18239934709,112.191455356919,112.191455356919,112.191455356919,112.862325,112.872235997808,112.189245605469,112.191030591521
155.55,112.13748224,112.1824013591,112.191440960301,112.191440960301,112.191440960301,112.859975,112.869794279606,112.189318847656,112.191104633527
155.6,112.13748224,112.182403371109,112.191426563683,112.191426563683,112.191426563683,112.857625,112.867352561405,112.189392089844,112.191178675533
155.65,112.13748224,112.182405383119,112.191412167064,112.191412167064,112.191412167064,112.855275,112.864910843203,112.189465332031,112.191252717539
155.7,112.13748224,112.182407395128,112.191397770446,112.191397770446,112.191397770446,112.852925,112.862469125001,112.189538574219,112.191326759545
155.75,112.13748224,112.182409407138,112.191383373828,112.191383373828,112.191383373828,112.850575,112.860027406799,112.189611816406,112.19140080155
155.8,112.13748224,112.182411419148,112.19136897721,112.19136897721,112.19136897721,112.848225,112.857585688598,112.189685058594,112.191474843556
155.85,112.13748224,112.182413431157,112.191354580592,112.191354580592,112.191354580592,112.845875,112.855143970396,112.189758300781,112.191548885562
155.9,112.13748224,112.182415443167,112.191340183974,112.191340183974,112.191340183974,112.843525,112.852702252194,112.189831542969,112.191622927568
155.95,112.13748224,112.182417455177,112.191325787356,112.191325787356,112.191325787356,112.841175,112.850260533992,112.189904785156,112.191696969573
156,112.13748224,112.182419467186,112.191311390737,112.191311390737,112.191311390737,112.8382,112.847193815791,112.189978027344,112.191771011579
156.05,112.13748224,112.182421479196,112.191296994119,112.191296994119,112.191296994119,112.8346,112.843502097589,112.190051269531,112.191845053585
156.1,112.13748224,112.182423491205,112.191282597501,112.191282597501,112.191282597501,112.831,112.839810379387,112.190124511719,112.191919095591
156.15,112.13748224,112.182425503215,112.191268200883,112.191268200883,112.191268200883,112.8274,112.836118661185,112.190197753906,112.191993137597
156.2,112.13748224,112.182427515225,112.191253804265,112.191253804265,112.191253804265,112.8238,112.832426942984,112.190270996094,112.192067179602
156.25,112.13748224,112.182429527234,112.191239407647,112.191239407647,112.191239407647,112.8202,112.828735224782,112.190344238281,112.192141221608
156.3,112.13748224,112.182431539244,112.191225011029,112.191225011029,112.191225011029,112.8166,112.82504350658,112.190417480469,112.192215263614
156.35,112.13748224,112.182433551254,112.191210614411,112.191210614411,112.191210614411,112.813,112.821351788378,112.190490722656,112.19228930562
156.4,112.13748224,112.182435563263,112.191196217792,112.191196217792,112.191196217792,112.8094,112.817660070177,112.190563964844,112.192363347626
156.45,112.13748224,112.182437575273,112.191181821174,112.191181821174,112.191181821174,112.8058,112.813968351975,112.190637207031,112.192437389631
156.5,112.13748224,112.182439587282,112.191167424556,112.191167424556,112.191167424556,112.8022,112.810276633773,112.190710449219,112.192511431637
156.55,112.13748224,112.182441599292,112.191153027938,112.191153027938,112.191153027938,112.7986,112.806584915571,112.190783691406,112.192585473643
156.6,112.13748224,112.182443611302,112.19113863132,112.19113863132,112.19113863132,112.795,112.80289319737,112.190856933594,112.192659515649
156.65,112.13748224,112.182445623311,112.191124234702,112.191124234702,112.191124234702,112.7914,112.799201479168,112.190930175781,112.192733557654
156.7,112.13748224,112.182447635321,112.191109838084,112.191109838084,112.191109838084,112.7878,112.795509760966,112.191003417969,112.19280759966
156.75,112.13748224,112.182449647331,112.191095441466,112.191095441466,112.191095441466,112.7842,112.791818042764,112.191076660156,112.192881641666
156.8,112.13748224,112.18245165934,112.191081044847,112.191081044847,112.191081044847,112.7806,112.788126324563,112.191149902344,112.192955683672
156.85,112.13748224,112.18245367135,112.191066648229,112.191066648229,112.191066648229,112.777,112.784434606361,112.191223144531,112.193029725678
156.9,112.13748224,112.182455683359,112.191052251611,112.191052251611,112.191052251611,112.7734,112.780742888159,112.191296386719,112.193103767683
156.95,112.13748224,112.182457695369,112.191037854993,112.191037854993,112.191037854993,112.7698,112.777051169957,112.191369628906,112.193177809689
157,112.13748224,112.182459707379,112.191023458375,112.191023458375,112.191023458375,112.76795,112.775109451756,112.191394042969,112.19320302357
157.05,112.13748224,112.182461719388,112.191009061757,112.191009061757,112.191009061757,112.76785,112.774917733554,112.191369628906,112.193179409326
157.1,112.13748224,112.182463731398,112.190994665139,112.190994665139,112.190994665139,112.76775,112.774726015352,112.191345214844,112.193155795082
157.15,112.13748224,112.182465743408,112.190980268521,112.190980268521,112.190980268521,112.76765,112.77453429715,112.191320800781,112.193132180837
157.2,112.13748224,112.182467755417,112.190965871902,112.190965871902,112.190965871902,112.76755,112.774342578949,112.191296386719,112.193108566593
157.25,112.13748224,112.182469767427,112.190951475284,112.190951475284,112.190951475284,112.76745,112.774150860747,112.191271972656,112.193084952349
157.3,112.13748224,112.182471779436,112.190937078666,112.190937078666,112.190937078666,112.76735,112.773959142545,112.191247558594,112.193061338105
157.35,112.13748224,112.182473791446,112.190922682048,112.190922682048,112.190922682048,112.76725,112.773767424343,112.191223144531,112.19303772386
157.4,112.13748224,112.182475803456,112.19090828543,112.19090828543,112.19090828543,112.76715,112.773575706142,112.191198730469,112.193014109616
157.45,112.13748224,112.182477815465,112.190893888812,112.190893888812,112.190893888812,112.76705,112.77338398794,112.191174316406,112.192990495372
157.5,112.13748224,112.182479827475,112.190879492194,112.190879492194,112.190879492194,112.76695,112.773192269738,112.191149902344,112.192966881128
157.55,112.13748224,112.182481839484,112.190865095576,112.190865095576,112.190865095576,112.76685,112.773000551536,112.191125488281,112.192943266884
157.6,112.13748224,112.182483851494,112.190850698957,112.190850698957,112.190850698957,112.76675,112.772808833335,112.191101074219,112.192919652639
157.65,112.13748224,112.182485863504,112.190836302339,112.190836302339,112.190836302339,112.76665,112.772617115133,112.191076660156,112.192896038395
157.7,112.13748224,112.182487875513,112.190821905721,112.190821905721,112.190821905721,112.76655,112.772425396931,112.191052246094,112.192872424151
157.75,112.13748224,112.182489887523,112.190807509103,112.190807509103,112.190807509103,112.76645,112.772233678729,112.191027832031,112.192848809907
157.8,112.13748224,112.182491899533,112.190793112485,112.190793112485,112.190793112485,112.76635,112.772041960528,112.191003417969,112.192825195663
157.85,112.13748224,112.182493911542,112.190778715867,112.190778715867,112.190778715867,112.76625,112.771850242326,112.190979003906,112.192801581418
157.9,112.13748224,112.182495923552,112.190764319249,112.190764319249,112.190764319249,112.76615,112.771658524124,112.190954589844,112.192777967174
157.95,112.13748224,112.182497935561,112.19074992263,112.19074992263,112.19074992263,112.76605,112.771466805922,112.190930175781,112.19275435293
158,112.13748224,112.182499947571,112.190735526012,112.190735526012,112.190735526012,112.76595,112.771275087721,112.190905761719,112.192730738686
158.05,112.13748224,112.182501959581,112.190721129394,112.190721129394,112.190721129394,112.76585,112.771083369519,112.190881347656,112.192707124441
158.1,112.13748224,112.18250397159,112.190706732776,112.190706732776,112.190706732776,112.76575,112.770891651317,112.190856933594,112.192683510197
158.15,112.13748224,112.1825059836,112.190692336158,112.190692336158,112.190692336158,112.76565,112.770699933116,112.190832519531,112.192659895953
158.2,112.13748224,112.18250799561,112.19067793954,112.19067793954,112.19067793954,112.76555,112.770508214914,112.190808105469,112.192636281709
158.25,112.13748224,112.182510007619,112.190663542922,112.190663542922,112.190663542922,112.76545,112.770316496712,112.190783691406,112.192612667465
158.3,112.13748224,112.182512019629,112.190649146304,112.190649146304,112.190649146304,112.76535,112.77012477851,112.190759277344,112.19258905322
158.35,112.13748224,112.182514031638,112.190634749685,112.190634749685,112.190634749685,112.76525,112.769933060309,112.190734863281,112.192565438976
158.4,112.13748224,112.182516043648,112.190620353067,112.190620353067,112.190620353067,112.76515,112.769741342107,112.190710449219,112.192541824732
158.45,112.13748224,112.182518055658,112.190605956449,112.190605956449,112.190605956449,112.76505,112.769549623905,112.190686035156,112.192518210488
158.5,112.13748224,112.182520067667,112.190591559831,112.190591559831,112.190591559831,112.76495,112.769357905703,112.190661621094,112.192494596244
158.55,112.13748224,112.182522079677,112.190577163213,112.190577163213,112.190577163213,112.76485,112.769166187502,112.190637207031,112.192470981999
158.6,112.13748224,112.182524091687,112.190562766595,112.190562766595,112.190562766595,112.76475,112.7689744693,112.190612792969,112.192447367755
158.65,112.13748224,112.182526103696,112.190548369977,112.190548369977,112.190548369977,112.76465,112.768782751098,112.190588378906,112.192423753511
158.7,112.13748224,112.182528115706,112.190533973359,112.190533973359,112.190533973359,112.76455,112.768591032896,112.190563964844,112.192400139267
158.75,112.13748224,112.182530127715,112.19051957674,112.19051957674,112.19051957674,112.76445,112.768399314695,112.190539550781,112.192376525022
158.8,112.13748224,112.182532139725,112.190505180122,112.190505180122,112.190505180122,112.76435,112.768207596493,112.190515136719,112.192352910778
158.85,112.13748224,112.182534151735,112.190490783504,112.190490783504,112.190490783504,112.76425,112.768015878291,112.190490722656,112.192329296534
158.9,112.13748224,112.182536163744,112.190476386886,112.190476386886,112.190476386886,112.76415,112.767824160089,112.190466308594,112.19230568229
158.95,112.13748224,112.182538175754,112.190461990268,112.190461990268,112.190461990268,112.76405,112.767632441888,112.190441894531,112.192282068046
159,112.13748224,112.182540187764,112.19044759365,112.19044759365,112.19044759365,112.751125,112.754615723686,112.190417480469,112.192258453801
159.05,112.13748224,112.182542199773,112.190433197032,112.190433197032,112.190433197032,112.725375,112.728774005484,112.190393066406,112.192234839557
159.1,112.13748224,112.182544211783,112.190418800414,112.190418800414,112.190418800414,112.699625,112.702932287282,112.190368652344,112.192211225313
159.15,112.13748224,112.182546223792,112.190404403795,112.190404403795,112.190404403795,112.673875,112.677090569081,112.190344238281,112.192187611069
159.2,112.13748224,112.182548235802,112.190390007177,112.190390007177,112.190390007177,112.648125,112.651248850879,112.190319824219,112.192163996825
159.25,112.13748224,112.182550247812,112.190375610559,112.190375610559,112.190375610559,112.622375,112.625407132677,112.190295410156,112.19214038258
159.3,112.13748224,112.182552259821,112.190361213941,112.190361213941,112.190361213941,112.596625,112.599565414475,112.190270996094,112.192116768336
159.35,112.13748224,112.182554271831,112.190346817323,112.190346817323,112.190346817323,112.570875,112.573723696274,112.190246582031,112.192093154092
159.4,112.13748224,112.182556283841,112.190332420705,112.190332420705,112.190332420705,112.545125,112.547881978072,112.190222167969,112.192069539848
159.45,112.13748224,112.18255829585,112.190318024087,112.190318024087,112.190318024087,112.519375,112.52204025987,112.190197753906,112.192045925603
159.5,112.13748224,112.18256030786,112.190303627468,112.190303627468,112.190303627468,112.493625,112.496198541668,112.190173339844,112.192022311359
159.55,112.13748224,112.182562319869,112.19028923085,112.19028923085,112.19028923085,112.467875,112.470356823467,112.190148925781,112.191998697115
159.6,112.13748224,112.182564331879,112.190274834232,112.190274834232,112.190274834232,112.442125,112.444515105265,112.190124511719,112.191975082871
159.65,112.13748224,112.182566343889,112.190260437614,112.190260437614,112.190260437614,112.416375,112.418673387063,112.190100097656,112.191951468627
159.7,112.13748224,112.182568355898,112.190246040996,112.190246040996,112.190246040996,112.390625,112.392831668861,112.190075683594,112.191927854382
159.75,112.13748224,112.182570367908,112.190231644378,112.190231644378,112.190231644378,112.364875,112.36698995066,112.190051269531,112.191904240138
159.8,112.13748224,112.182572379918,112.19021724776,112.19021724776,112.19021724776,112.339125,112.341148232458,112.190026855469,112.191880625894
159.85,112.13748224,112.182574391927,112.190202851142,112.190202851142,112.190202851142,112.313375,112.315306514256,112.190002441406,112.19185701165
159.9,112.13748224,112.182576403937,112.190188454523,112.190188454523,112.190188454523,112.287625,112.289464796054,112.189978027344,112.191833397406
159.95,112.13748224,112.182578415946,112.190174057905,112.190174057905,112.190174057905,112.261875,112.263623077853,112.189953613281,112.191809783161
160,112.13748224,112.182580427956,112.190159661287,112.190159661287,112.190159661287,112.248625,112.250281359651,112.189929199219,112.191786168917
160.05,112.13748224,112.182562453669,112.190091857238,112.190091857238,112.190091857238,112.247875,112.249505568761,112.189904785156,112.19174348139
160.1,112.13748224,112.182544479382,112.190024053189,112.190024053189,112.190024053189,112.247125,112.248729777871,112.189880371094,112.191700793862
160.15,112.13748224,112.182526505096,112.18995624914,112.18995624914,112.18995624914,112.246375,112.247953986981,112.189855957031,112.191658106335
160.2,112.13748224,112.182508530809,112.189888445091,112.189888445091,112.189888445091,112.245625,112.247178196091,112.189831542969,112.191615418808
160.25,112.13748224,112.182490556522,112.189820641042,112.189820641042,112.189820641042,112.244875,112.246402405201,112.189807128906,112.19157273128
160.3,112.13748224,112.182472582235,112.189752836993,112.189752836993,112.189752836993,112.244125,112.245626614311,112.189782714844,112.191530043753
160.35,112.13748224,112.182454607948,112.189685032944,112.189685032944,112.189685032944,112.243375,112.244850823421,112.189758300781,112.191487356225
160.4,112.13748224,112.182436633661,112.189617228895,112.189617228895,112.189617228895,112.242625,112.244075032531,112.189733886719,112.191444668698
160.45,112.13748224,112.182418659374,112.189549424846,112.189549424846,112.189549424846,112.241875,112.243299241641,112.189709472656,112.19140198117
160.5,112.13748224,112.182400685088,112.189481620797,112.189481620797,112.189481620797,112.241125,112.242523450751,112.189685058594,112.191359293643
160.55,112.13748224,112.182382710801,112.189413816748,112.189413816748,112.189413816748,112.240375,112.241747659861,112.189660644531,112.191316606116
160.6,112.13748224,112.182364736514,112.189346012699,112.189346012699,112.189346012699,112.239625,112.240971868971,112.189636230469,112.191273918588
160.65,112.13748224,112.182346762227,112.18927820865,112.18927820865,112.18927820865,112.238875,112.240196078081,112.189611816406,112.191231231061
160.7,112.13748224,112.18232878794,112.189210404601,112.189210404601,112.189210404601,112.238125,112.239420287191,112.189587402344,112.191188543533
160.75,112.13748224,112.182310813653,112.189142600552,112.189142600552,112.189142600552,112.237375,112.238644496301,112.189562988281,112.191145856006
160.8,112.13748224,112.182292839367,112.189074796503,112.189074796503,112.189074796503,112.236625,112.237868705411,112.189538574219,112.191103168479
160.85,112.13748224,112.18227486508,112.189006992454,112.189006992454,112.189006992454,112.235875,112.237092914521,112.189514160156,112.191060480951
160.9,112.13748224,112.182256890793,112.188939188405,112.188939188405,112.188939188405,112.235125,112.236317123631,112.189489746094,112.191017793424
160.95,112.13748224,112.182238916506,112.188871384356,112.188871384356,112.188871384356,112.234375,112.235541332741,112.189465332031,112.190975105896
161,112.13748224,112.182220942219,112.188803580307,112.188803580307,112.188803580307,112.232925,112.234065541851,112.189440917969,112.190932418369
161.05,112.13748224,112.182202967932,112.188735776258,112.188735776258,112.188735776258,112.230775,112.231889750961,112.189416503906,112.190889730842
161.1,112.13748224,112.182184993646,112.188667972209,112.188667972209,112.188667972209,112.228625,112.229713960071,112.189392089844,112.190847043314
161.15,112.13748224,112.182167019359,112.18860016816,112.18860016816,112.18860016816,112.226475,112.227538169182,112.189367675781,112.190804355787
161.2,112.13748224,112.182149045072,112.188532364111,112.188532364111,112.188532364111,112.224325,112.225362378292,112.189343261719,112.190761668259
161.25,112.13748224,112.182131070785,112.188464560062,112.188464560062,112.188464560062,112.222175,112.223186587402,112.189318847656,112.190718980732
161.3,112.13748224,112.182113096498,112.188396756013,112.188396756013,112.188396756013,112.220025,112.221010796512,112.189294433594,112.190676293205
161.35,112.13748224,112.182095122211,112.188328951964,112.188328951964,112.188328951964,112.217875,112.218835005622,112.189270019531,112.190633605677
161.4,112.13748224,112.182077147924,112.188261147915,112.188261147915,112.188261147915,112.215725,112.216659214732,112.189245605469,112.19059091815
161.45,112.13748224,112.182059173638,112.188193343866,112.188193343866,112.188193343866,112.213575,112.214483423842,112.189221191406,112.190548230622
161.5,112.13748224,112.182041199351,112.188125539817,112.188125539817,112.188125539817,112.211425,112.212307632952,112.189196777344,112.190505543095
161.55,112.13748224,112.182023225064,112.188057735768,112.188057735768,112.188057735768,112.209275,112.210131842062,112.189172363281,112.190462855568
161.6,112.13748224,112.182005250777,112.187989931719,112.187989931719,112.187989931719,112.207125,112.207956051172,112.189147949219,112.19042016804
161.65,112.13748224,112.18198727649,112.18792212767,112.18792212767,112.18792212767,112.204975,112.205780260282,112.189123535156,112.190377480513
161.7,112.13748224,112.181969302203,112.187854323621,112.187854323621,112.187854323621,112.202825,112.203604469392,112.189099121094,112.190334792985
161.75,112.13748224,112.181951327917,112.187786519572,112.187786519572,112.187786519572,112.200675,112.201428678502,112.189074707031,112.190292105458
161.8,112.13748224,112.18193335363,112.187718715523,112.187718715523,112.187718715523,112.198525,112.199252887612,112.189050292969,112.19024941793
161.85,112.13748224,112.181915379343,112.187650911474,112.187650911474,112.187650911474,112.196375,112.197077096722,112.189025878906,112.190206730403
161.9,112.13748224,112.181897405056,112.187583107425,112.187583107425,112.187583107425,112.194225,112.194901305832,112.189001464844,112.190164042876
161.95,112.13748224,112.181879430769,112.187515303376,112.187515303376,112.187515303376,112.192075,112.192725514942,112.188977050781,112.190121355348
162,112.13748224,112.181861456482,112.187447499327,112.187447499327,112.187447499327,112.19095,112.191574724052,112.188952636719,112.190078667821
162.05,112.13748224,112.181843482196,112.187379695278,112.187379695278,112.187379695278,112.19085,112.191448933162,112.188928222656,112.190035980293
162.1,112.13748224,112.181825507909,112.187311891229,112.187311891229,112.187311891229,112.19075,112.191323142272,112.188903808594,112.189993292766
162.15,112.13748224,112.181807533622,112.18724408718,112.18724408718,112.18724408718,112.19065,112.191197351382,112.188879394531,112.189950605239
162.2,112.13748224,112.181789559335,112.187176283131,112.187176283131,112.187176283131,112.19055,112.191071560492,112.188854980469,112.189907917711
162.25,112.13748224,112.181771585048,112.187108479082,112.187108479082,112.187108479082,112.19045,112.190945769602,112.188830566406,112.189865230184
162.3,112.13748224,112.181753610761,112.187040675033,112.187040675033,112.187040675033,112.19035,112.190819978712,112.188806152344,112.189822542656
162.35,112.13748224,112.181735636474,112.186972870984,112.186972870984,112.186972870984,112.19025,112.190694187822,112.188781738281,112.189779855129
162.4,112.13748224,112.181717662188,112.186905066935,112.186905066935,112.186905066935,112.19015,112.190568396932,112.188757324219,112.189737167602
162.45,112.13748224,112.181699687901,112.186837262886,112.186837262886,112.186837262886,112.19005,112.190442606042,112.188732910156,112.189694480074
162.5,112.13748224,112.181681713614,112.186769458837,112.186769458837,112.186769458837,112.18995,112.190316815152,112.188708496094,112.189651792547
162.55,112.13748224,112.181663739327,112.186701654788,112.186701654788,112.186701654788,112.18985,112.190191024262,112.188684082031,112.189609105019
162.6,112.13748224,112.18164576504,112.186633850739,112.186633850739,112.186633850739,112.18975,112.190065233372,112.188659667969,112.189566417492
162.65,112.13748224,112.181627790753,112.18656604669,112.18656604669,112.18656604669,112.18965,112.189939442482,112.188635253906,112.189523729965
162.7,112.13748224,112.181609816467,112.186498242641,112.186498242641,112.186498242641,112.18955,112.189813651592,112.188610839844,112.189481042437
162.75,112.13748224,112.18159184218,112.186430438592,112.186430438592,112.186430438592,112.18945,112.189687860702,112.188586425781,112.18943835491
162.8,112.13748224,112.181573867893,112.186362634543,112.186362634543,112.186362634543,112.18935,112.189562069812,112.188562011719,112.189395667382
162.85,112.13748224,112.181555893606,112.186294830494,112.186294830494,112.186294830494,112.18925,112.189436278922,112.188537597656,112.189352979855
162.9,112.13748224,112.181537919319,112.186227026445,112.186227026445,112.186227026445,112.18915,112.189310488032,112.188513183594,112.189310292328
162.95,112.13748224,112.181519945032,112.186159222396,112.186159222396,112.186159222396,112.18905,112.189184697142,112.188488769531,112.1892676048
163,112.13748224,112.181501970746,112.186091418347,112.186091418347,112.186091418347,112.189,112.189108906252,112.188464355469,112.189224917273
163.05,112.13748224,112.181483996459,112.186023614298,112.186023614298,112.186023614298,112.189,112.189083115363,112.188439941406,112.189182229745
163.1,112.13748224,112.181466022172,112.185955810249,112.185955810249,112.185955810249,112.189,112.189057324473,112.188415527344,112.189139542218
163.15,112.13748224,112.181448047885,112.1858880062,112.1858880062,112.1858880062,112.189,112.189031533583,112.188391113281,112.18909685469
163.2,112.13748224,112.181430073598,112.185820202151,112.185820202151,112.185820202151,112.189,112.189005742693,112.188366699219,112.189054167163
163.25,112.13748224,112.181412099311,112.185752398102,112.185752398102,112.185752398102,112.189,112.188979951803,112.188342285156,112.189011479636
163.3,112.13748224,112.181394125025,112.185684594053,112.185684594053,112.185684594053,112.189,112.188954160913,112.188317871094,112.188968792108
163.35,112.13748224,112.181376150738,112.185616790004,112.185616790004,112.185616790004,112.189,112.188928370023,112.188293457031,112.188926104581
163.4,112.13748224,112.181358176451,112.185548985955,112.185548985955,112.185548985955,112.189,112.188902579133,112.188269042969,112.188883417053
163.45,112.13748224,112.181340202164,112.185481181906,112.185481181906,112.185481181906,112.189,112.188876788243,112.188244628906,112.188840729526
163.5,112.13748224,112.181322227877,112.185413377857,112.185413377857,112.185413377857,112.189,112.188850997353,112.188220214844,112.188798041999
163.55,112.13748224,112.18130425359,112.185345573808,112.185345573808,112.185345573808,112.189,112.188825206463,112.188195800781,112.188755354471
163.6,112.13748224,112.181286279303,112.185277769759,112.185277769759,112.185277769759,112.189,112.188799415573,112.188171386719,112.188712666944
163.65,112.13748224,112.181268305017,112.18520996571,112.18520996571,112.18520996571,112.189,112.188773624683,112.188146972656,112.188669979416
163.7,112.13748224,112.18125033073,112.185142161661,112.185142161661,112.185142161661,112.189,112.188747833793,112.188122558594,112.188627291889
163.75,112.13748224,112.181232356443,112.185074357612,112.185074357612,112.185074357612,112.189,112.188722042903,112.188098144531,112.188584604362
163.8,112.13748224,112.181214382156,112.185006553563,112.185006553563,112.185006553563,112.189,112.188696252013,112.188073730469,112.188541916834
163.85,112.13748224,112.181196407869,112.184938749514,112.184938749514,112.184938749514,112.189,112.188670461123,112.188049316406,112.188499229307
163.9,112.13748224,112.181178433582,112.184870945465,112.184870945465,112.184870945465,112.189,112.188644670233,112.188024902344,112.188456541779
163.95,112.13748224,112.181160459296,112.184803141416,112.184803141416,112.184803141416,112.189,112.188618879343,112.188000488281,112.188413854252
164,112.13748224,112.181142485009,112.184735337367,112.184735337367,112.184735337367,112.189,112.188593088453,112.187976074219,112.188371166725
164.05,112.13748224,112.181124510722,112.184667533318,112.184667533318,112.184667533318,112.189,112.188567297563,112.187951660156,112.188328479197
164.1,112.13748224,112.181106536435,112.184599729269,112.184599729269,112.184599729269,112.189,112.188541506673,112.187927246094,112.18828579167
164.15,112.13748224,112.181088562148,112.18453192522,112.18453192522,112.18453192522,112.189,112.188515715783,112.187902832031,112.188243104142
164.2,112.13748224,112.181070587861,112.184464121171,112.184464121171,112.184464121171,112.189,112.188489924893,112.187878417969,112.188200416615
164.25,112.13748224,112.181052613575,112.184396317122,112.184396317122,112.184396317122,112.189,112.188464134003,112.187854003906,112.188157729088
164.3,112.13748224,112.181034639288,112.184328513073,112.184328513073,112.184328513073,112.189,112.188438343113,112.187829589844,112.18811504156
164.35,112.13748224,112.181016665001,112.184260709024,112.184260709024,112.184260709024,112.189,112.188412552223,112.187805175781,112.188072354033
164.4,112.13748224,112.180998690714,112.184192904975,112.184192904975,112.184192904975,112.189,112.188386761333,112.187780761719,112.188029666505
164.45,112.13748224,112.180980716427,112.184125100926,112.184125100926,112.184125100926,112.189,112.188360970443,112.187756347656,112.187986978978
164.5,112.13748224,112.18096274214,112.184057296877,112.184057296877,112.184057296877,112.189,112.188335179553,112.187731933594,112.18794429145
164.55,112.13748224,112.180944767853,112.183989492828,112.183989492828,112.183989492828,112.189,112.188309388663,112.187707519531,112.187901603923
164.6,112.13748224,112.180926793567,112.183921688779,112.183921688779,112.183921688779,112.189,112.188283597773,112.187683105469,112.187858916396
164.65,112.13748224,112.18090881928,112.18385388473,112.18385388473,112.18385388473,112.189,112.188257806883,112.187658691406,112.187816228868
164.7,112.13748224,112.180890844993,112.183786080681,112.183786080681,112.183786080681,112.189,112.188232015993,112.187634277344,112.187773541341
164.75,112.13748224,112.180872870706,112.183718276632,112.183718276632,112.183718276632,112.189,112.188206225103,112.187609863281,112.187730853813
164.8,112.13748224,112.180854896419,112.183650472583,112.183650472583,112.183650472583,112.189,112.188180434213,112.187585449219,112.187688166286
164.85,112.13748224,112.180836922132,112.183582668534,112.183582668534,112.183582668534,112.189,112.188154643323,112.187561035156,112.187645478759
164.9,112.13748224,112.180818947846,112.183514864485,112.183514864485,112.183514864485,112.189,112.188128852433,112.187536621094,112.187602791231
164.95,112.13748224,112.180800973559,112.183447060436,112.183447060436,112.183447060436,112.189,112.188103061543,112.187512207031,112.187560103704
165,112.13748224,112.180782999272,112.183379256387,112.183379256387,112.183379256387,112.189075,112.188152270654,112.187426757813,112.18745638102
165.05,112.13748224,112.180765024985,112.183311452338,112.183311452338,112.183311452338,112.189225,112.188276479764,112.187280273437,112.18729162318
165.1,112.13748224,112.180747050698,112.183243648289,112.183243648289,112.183243648289,112.189375,112.188400688874,112.187133789062,112.18712686534
165.15,112.13748224,112.180729076411,112.18317584424,112.18317584424,112.18317584424,112.189525,112.188524897984,112.186987304688,112.1869621075
165.2,112.13748224,112.180711102125,112.183108040191,112.183108040191,112.183108040191,112.189675,112.188649107094,112.186840820312,112.186797349661
165.25,112.13748224,112.180693127838,112.183040236142,112.183040236142,112.183040236142,112.189825,112.188773316204,112.186694335938,112.186632591821
165.3,112.13748224,112.180675153551,112.182972432093,112.182972432093,112.182972432093,112.189975,112.188897525314,112.186547851562,112.186467833981
165.35,112.13748224,112.180657179264,112.182904628044,112.182904628044,112.182904628044,112.190125,112.189021734424,112.186401367188,112.186303076141
165.4,112.13748224,112.180639204977,112.182836823994,112.182836823994,112.182836823994,112.190275,112.189145943534,112.186254882813,112.186138318301
165.45,112.13748224,112.18062123069,112.182769019945,112.182769019945,112.182769019945,112.190425,112.189270152644,112.186108398437,112.185973560461
165.5,112.13748224,112.180603256404,112.182701215896,112.182701215896,112.182701215896,112.190575,112.189394361754,112.185961914063,112.185808802621
165.55,112.13748224,112.180585282117,112.182633411847,112.182633411847,112.182633411847,112.190725,112.189518570864,112.185815429687,112.185644044781
165.6,112.13748224,112.18056730783,112.182565607798,112.182565607798,112.182565607798,112.190875,112.189642779974,112.185668945312,112.185479286941
165.65,112.13748224,112.180549333543,112.182497803749,112.182497803749,112.182497803749,112.191025,112.189766989084,112.185522460938,112.185314529101
165.7,112.13748224,112.180531359256,112.1824299997,112.1824299997,112.1824299997,112.191175,112.189891198194,112.185375976562,112.185149771261
165.75,112.13748224,112.180513384969,112.182362195651,112.182362195651,112.182362195651,112.191325,112.190015407304,112.185229492188,112.184985013422
165.8,112.13748224,112.180495410682,112.182294391602,112.182294391602,112.182294391602,112.191475,112.190139616414,112.185083007812,112.184820255582
165.85,112.13748224,112.180477436396,112.182226587553,112.182226587553,112.182226587553,112.191625,112.190263825524,112.184936523438,112.184655497742
165.9,112.13748224,112.180459462109,112.182158783504,112.182158783504,112.182158783504,112.191775,112.190388034634,112.184790039063,112.184490739902
165.95,112.13748224,112.180441487822,112.182090979455,112.182090979455,112.182090979455,112.191925,112.190512243744,112.184643554687,112.184325982062
166,112.13748224,112.180423513535,112.182023175406,112.182023175406,112.182023175406,112.192,112.190561452854,112.184497070313,112.184161224222
166.05,112.13748224,112.180405539248,112.181955371357,112.181955371357,112.181955371357,112.192,112.190535661964,112.184350585937,112.183996466382
166.1,112.13748224,112.180387564961,112.181887567308,112.181887567308,112.181887567308,112.192,112.190509871074,112.184204101562,112.183831708542
166.15,112.13748224,112.180369590675,112.181819763259,112.181819763259,112.181819763259,112.192,112.190484080184,112.184057617188,112.183666950702
166.2,112.13748224,112.180351616388,112.18175195921,112.18175195921,112.18175195921,112.192,112.190458289294,112.183911132812,112.183502192862
166.25,112.13748224,112.180333642101,112.181684155161,112.181684155161,112.181684155161,112.192,112.190432498404,112.183764648438,112.183337435022
166.3,112.13748224,112.180315667814,112.181616351112,112.181616351112,112.181616351112,112.192,112.190406707514,112.183618164062,112.183172677183
166.35,112.13748224,112.180297693527,112.181548547063,112.181548547063,112.181548547063,112.192,112.190380916624,112.183471679688,112.183007919343
166.4,112.13748224,112.18027971924,112.181480743014,112.181480743014,112.181480743014,112.192,112.190355125734,112.183325195313,112.182843161503
166.45,112.13748224,112.180261744954,112.181412938965,112.181412938965,112.181412938965,112.192,112.190329334844,112.183178710937,112.182678403663
166.5,112.13748224,112.180243770667,112.181345134916,112.181345134916,112.181345134916,112.192,112.190303543954,112.183032226563,112.182513645823
166.55,112.13748224,112.18022579638,112.181277330867,112.181277330867,112.181277330867,112.192,112.190277753064,112.182885742187,112.182348887983
166.6,112.13748224,112.180207822093,112.181209526818,112.181209526818,112.181209526818,112.192,112.190251962174,112.182739257812,112.182184130143
166.65,112.13748224,112.180189847806,112.181141722769,112.181141722769,112.181141722769,112.192,112.190226171284,112.182592773438,112.182019372303
166.7,112.13748224,112.180171873519,112.18107391872,112.18107391872,112.18107391872,112.192,112.190200380394,112.182446289062,112.181854614463
166.75,112.13750352,112.180153899232,112.181006114671,112.181006114671,112.181006114671,112.192,112.190174589504,112.182299804688,112.181689856623
166.8,112.137564,112.180135924946,112.180938310622,112.180938310622,112.180938310622,112.192,112.190148798614,112.182153320312,112.181525098783
166.85,112.13764016,112.180117950659,112.180870506573,112.180870506573,112.180870506573,112.192,112.190123007724,112.182006835938,112.181360340944
166.9,112.13771632,112.180099976372,112.180802702524,112.180802702524,112.180802702524,112.192,112.190097216835,112.181860351563,112.181195583104
166.95,112.1377936,112.180082002085,112.180734898475,112.180734898475,112.180734898475,112.192,112.190071425945,112.181713867187,112.181030825264
167,112.13786976,112.180064027798,112.180667094426,112.180667094426,112.180667094426,112.192,112.190045635055,112.181567382813,112.180866067424
167.05,112.13794592,112.180046053511,112.180599290377,112.180599290377,112.180599290377,112.192,112.190019844165,112.181420898437,112.180701309584
167.1,112.13802208,112.180028079225,112.180531486328,112.180531486328,112.180531486328,112.192,112.189994053275,112.181274414062,112.180536551744
167.15,112.13809824,112.180010104938,112.180463682279,112.180463682279,112.180463682279,112.192,112.189968262385,112.181127929688,112.180371793904
167.2,112.13817552,112.179992130651,112.18039587823,112.18039587823,112.18039587823,112.192,112.189942471495,112.180981445312,112.180207036064
167.25,112.13825168,112.179974156364,112.180328074181,112.180328074181,112.180328074181,112.192,112.189916680605,112.180834960938,112.180042278224
167.3,112.13832784,112.179956182077,112.180260270132,112.180260270132,112.180260270132,112.192,112.189890889715,112.180688476562,112.179877520384
167.35,112.138404,112.17993820779,112.180192466083,112.180192466083,112.180192466083,112.192,112.189865098825,112.180541992188,112.179712762544
167.4,112.13848016,112.179920233504,112.180124662034,112.180124662034,112.180124662034,112.192,112.189839307935,112.180395507813,112.179548004705
167.45,112.13855632,112.179902259217,112.180056857985,112.180056857985,112.180056857985,112.192,112.189813517045,112.180249023437,112.179383246865
167.5,112.1386336,112.17988428493,112.179989053936,112.179989053936,112.179989053936,112.192,112.189787726155,112.180102539063,112.179218489025
167.55,112.13870976,112.179866310643,112.179921249887,112.179921249887,112.179921249887,112.192,112.189761935265,112.179956054687,112.179053731185
167.6,112.13878592,112.179848336356,112.179853445838,112.179853445838,112.179853445838,112.192,112.189736144375,112.179809570312,112.178888973345
167.65,112.13886208,112.179830362069,112.179785641789,112.179785641789,112.179785641789,112.192,112.189710353485,112.179663085938,112.178724215505
167.7,112.13893824,112.179812387782,112.17971783774,112.17971783774,112.17971783774,112.192,112.189684562595,112.179516601562,112.178559457665
167.75,112.13901552,112.179794413496,112.179650033691,112.179650033691,112.179650033691,112.192,112.189658771705,112.179370117188,112.178394699825
167.8,112.13909168,112.179776439209,112.179582229642,112.179582229642,112.179582229642,112.192,112.189632980815,112.179223632812,112.178229941985
167.85,112.13916784,112.179758464922,112.179514425593,112.179514425593,112.179514425593,112.192,112.189607189925,112.179077148438,112.178065184145
167.9,112.139244,112.179740490635,112.179446621544,112.179446621544,112.179446621544,112.192,112.189581399035,112.178930664063,112.177900426305
167.95,112.13932016,112.179722516348,112.179378817495,112.179378817495,112.179378817495,112.192,112.189555608145,112.178784179687,112.177735668466
168,112.13939744,112.179579542061,112.179186013446,112.179186013446,112.179186013446,112.19145,112.188979817255,112.178637695313,112.177570910626
168.05,112.1394736,112.179311567775,112.178868209397,112.178868209397,112.178868209397,112.19035,112.187854026365,112.178491210937,112.177406152786
168.1,112.13954976,112.179043593488,112.178550405348,112.178550405348,112.178550405348,112.18925,112.186728235475,112.178344726562,112.177241394946
168.15,112.13962592,112.178775619201,112.178232601299,112.178232601299,112.178232601299,112.18815,112.185602444585,112.178198242188,112.177076637106
168.2,112.13970208,112.178507644914,112.17791479725,112.17791479725,112.17791479725,112.18705,112.184476653695,112.178051757812,112.176911879266
168.25,112.13977824,112.178239670627,112.177596993201,112.177596993201,112.177596993201,112.18595,112.183350862805,112.177905273438,112.176747121426
168.3,112.13985552,112.17797169634,112.177279189152,112.177279189152,112.177279189152,112.18485,112.182225071915,112.177758789062,112.176582363586
168.35,112.13993168,112.177703722054,112.176961385103,112.176961385103,112.176961385103,112.18375,112.181099281025,112.177612304688,112.176417605746
168.4,112.14000784,112.177435747767,112.176643581054,112.176643581054,112.176643581054,112.18265,112.179973490135,112.177465820313,112.176252847906
168.45,112.140084,112.17716777348,112.176325777005,112.176325777005,112.176325777005,112.18155,112.178847699245,112.177319335937,112.176088090067
168.5,112.14016016,112.176899799193,112.176007972956,112.176007972956,112.176007972956,112.18045,112.177721908355,112.177172851563,112.175923332227
168.55,112.14023744,112.176631824906,112.175690168907,112.175690168907,112.175690168907,112.17935,112.176596117465,112.177026367187,112.175758574387
168.6,112.1403136,112.176363850619,112.175372364858,112.175372364858,112.175372364858,112.17825,112.175470326575,112.176879882812,112.175593816547
168.65,112.14038976,112.176095876332,112.175054560809,112.175054560809,112.175054560809,112.17715,112.174344535685,112.176733398438,112.175429058707
168.7,112.14046592,112.175827902046,112.17473675676,112.17473675676,112.17473675676,112.17605,112.173218744795,112.176586914062,112.175264300867
168.75,112.14054208,112.175559927759,112.174418952711,112.174418952711,112.174418952711,112.17495,112.172092953905,112.176440429688,112.175099543027
168.8,112.14061936,112.175291953472,112.174101148662,112.174101148662,112.174101148662,112.17385,112.170967163015,112.176293945312,112.174934785187
168.85,112.14069552,112.175023979185,112.173783344613,112.173783344613,112.173783344613,112.17275,112.169841372126,112.176147460938,112.174770027347
168.9,112.14077168,112.174756004898,112.173465540564,112.173465540564,112.173465540564,112.17165,112.168715581236,112.176000976563,112.174605269507
168.95,112.14084784,112.174488030611,112.173147736515,112.173147736515,112.173147736515,112.17055,112.167589790346,112.175854492187,112.174440511667
169,112.140924,112.174220056325,112.172829932466,112.172829932466,112.172829932466,112.169675,112.166688999456,112.175708007813,112.174275753828
169.05,112.14100016,112.173952082038,112.172512128417,112.172512128417,112.172512128417,112.169025,112.166013208566,112.175561523437,112.174110995988
169.1,112.14107744,112.173684107751,112.172194324368,112.172194324368,112.172194324368,112.168375,112.165337417676,112.175415039062,112.173946238148
169.15,112.1411536,112.173416133464,112.171876520319,112.171876520319,112.171876520319,112.167725,112.164661626786,112.175268554688,112.173781480308
169.2,112.14122976,112.173148159177,112.17155871627,112.17155871627,112.17155871627,112.167075,112.163985835896,112.175122070312,112.173616722468
169.25,112.14130592,112.17288018489,112.171240912221,112.171240912221,112.171240912221,112.166425,112.163310045006,112.174975585938,112.173451964628
169.3,112.14138208,112.172612210604,112.170923108172,112.170923108172,112.170923108172,112.165775,112.162634254116,112.174829101562,112.173287206788
169.35,112.14145936,112.172344236317,112.170605304123,112.170605304123,112.170605304123,112.165125,112.161958463226,112.174682617188,112.173122448948
169.4,112.14153552,112.17207626203,112.170287500074,112.170287500074,112.170287500074,112.164475,112.161282672336,112.174536132813,112.172957691108
169.45,112.14161168,112.171808287743,112.169969696025,112.169969696025,112.169969696025,112.163825,112.160606881446,112.174389648437,112.172792933268
169.5,112.14168784,112.171540313456,112.169651891976,112.169651891976,112.169651891976,112.163175,112.159931090556,112.174243164063,112.172628175428
169.55,112.141764,112.171272339169,112.169334087927,112.169334087927,112.169334087927,112.162525,112.159255299666,112.174096679687,112.172463417589
169.6,112.14184016,112.171004364883,112.169016283878,112.169016283878,112.169016283878,112.161875,112.158579508776,112.173950195312,112.172298659749
169.65,112.14191744,112.170736390596,112.168698479829,112.168698479829,112.168698479829,112.161225,112.157903717886,112.173803710938,112.172133901909
169.7,112.1419936,112.170468416309,112.16838067578,112.16838067578,112.16838067578,112.160575,112.157227926996,112.173657226562,112.171969144069
169.75,112.14206976,112.170200442022,112.168062871731,112.168062871731,112.168062871731,112.159925,112.156552136106,112.173510742188,112.171804386229
169.8,112.14214592,112.169932467735,112.167745067682,112.167745067682,112.167745067682,112.159275,112.155876345216,112.173364257812,112.171639628389
169.85,112.14222208,112.169664493448,112.167427263633,112.167427263633,112.167427263633,112.158625,112.155200554326,112.173217773438,112.171474870549
169.9,112.14229936,112.169396519161,112.167109459584,112.167109459584,112.167109459584,112.157975,112.154524763436,112.173071289063,112.171310112709
169.95,112.14237552,112.169128544875,112.166791655535,112.166791655535,112.166791655535,112.157325,112.153848972546,112.172924804687,112.171145354869
170,112.14245168,112.168985570588,112.166598851486,112.166598851486,112.166598851486,112.157,112.153498181656,112.172778320313,112.170980597029
170.05,112.14252784,112.168982953195,112.166595431881,112.166595431881,112.166595431881,112.157,112.153529180537,112.172631835937,112.1708359434
170.1,112.142604,112.168980335802,112.166592012277,112.166592012277,112.166592012277,112.157,112.153560179418,112.172485351562,112.170691289771
170.15,112.14268128,112.168977718409,112.166588592672,112.166588592672,112.166588592672,112.157,112.153591178298,112.172338867188,112.170546636143
170.2,112.14275744,112.168975101016,112.166585173067,112.166585173067,112.166585173067,112.157,112.153622177179,112.172192382812,112.170401982514
170.25,112.1428336,112.168972483623,112.166581753463,112.166581753463,112.166581753463,112.157,112.15365317606,112.172045898438,112.170257328885
170.3,112.14290976,112.16896986623,112.166578333858,112.166578333858,112.166578333858,112.157,112.153684174941,112.171899414062,112.170112675256
170.35,112.14298592,112.168967248837,112.166574914253,112.166574914253,112.166574914253,112.157,112.153715173822,112.171752929688,112.169968021627
170.4,112.14306208,112.168964631445,112.166571494649,112.166571494649,112.166571494649,112.157,112.153746172702,112.171606445313,112.169823367998
170.45,112.14313936,112.168962014052,112.166568075044,112.166568075044,112.166568075044,112.157,112.153777171583,112.171459960937,112.169678714369
170.5,112.14321552,112.168959396659,112.166564655439,112.166564655439,112.166564655439,112.157,112.153808170464,112.171313476563,112.16953406074
170.55,112.14329168,112.168956779266,112.166561235835,112.166561235835,112.166561235835,112.157,112.153839169345,112.171166992187,112.169389407111
170.6,112.14336784,112.168954161873,112.16655781623,112.16655781623,112.16655781623,112.157,112.153870168226,112.171020507812,112.169244753482
170.65,112.143444,112.16895154448,112.166554396626,112.166554396626,112.166554396626,112.157,112.153901167107,112.170874023438,112.169100099853
170.7,112.14352128,112.168948927087,112.166550977021,112.166550977021,112.166550977021,112.157,112.153932165987,112.170727539062,112.168955446224
170.75,112.14359744,112.168946309694,112.166547557416,112.166547557416,112.166547557416,112.157,112.153963164868,112.170581054688,112.168810792595
170.8,112.1436736,112.168943692301,112.166544137812,112.166544137812,112.166544137812,112.157,112.153994163749,112.170434570312,112.168666138966
170.85,112.14374976,112.168941074908,112.166540718207,112.166540718207,112.166540718207,112.157,112.15402516263,112.170288085938,112.168521485337
170.9,112.14382592,112.168938457516,112.166537298602,112.166537298602,112.166537298602,112.157,112.154056161511,112.170141601563,112.168376831708
170.95,112.1439032,112.168935840123,112.166533878998,112.166533878998,112.166533878998,112.157,112.154087160391,112.169995117187,112.168232178079
171,112.14397936,112.16893322273,112.166530459393,112.166530459393,112.166530459393,112.157,112.154118159272,112.169848632813,112.16808752445
171.05,112.14405552,112.168930605337,112.166527039788,112.166527039788,112.166527039788,112.157,112.154149158153,112.169702148437,112.167942870821
171.1,112.14413168,112.168927987944,112.166523620184,112.166523620184,112.166523620184,112.157,112.154180157034,112.169555664062,112.167798217192
171.15,112.14420784,112.168925370551,112.166520200579,112.166520200579,112.166520200579,112.157,112.154211155915,112.169409179688,112.167653563563
171.2,112.144284,112.168922753158,112.166516780974,112.166516780974,112.166516780974,112.157,112.154242154795,112.169262695312,112.167508909934
171.25,112.14436128,112.168920135765,112.16651336137,112.16651336137,112.16651336137,112.157,112.154273153676,112.169116210938,112.167364256306
171.3,112.14443744,112.168917518372,112.166509941765,112.166509941765,112.166509941765,112.157,112.154304152557,112.168969726562,112.167219602677
171.35,112.1445136,112.168914900979,112.166506522161,112.166506522161,112.166506522161,112.157,112.154335151438,112.168823242188,112.167074949048
171.4,112.14458976,112.168912283586,112.166503102556,112.166503102556,112.166503102556,112.157,112.154366150319,112.168676757813,112.166930295419
171.45,112.14466592,112.168909666194,112.166499682951,112.166499682951,112.166499682951,112.157,112.154397149199,112.168530273437,112.16678564179
171.5,112.1447432,112.168907048801,112.166496263347,112.166496263347,112.166496263347,112.157,112.15442814808,112.168383789063,112.166640988161
171.55,112.14481936,112.168904431408,112.166492843742,112.166492843742,112.166492843742,112.157,112.154459146961,112.168237304687,112.166496334532
171.6,112.14489552,112.168901814015,112.166489424137,112.166489424137,112.166489424137,112.157,112.154490145842,112.168090820312,112.166351680903
171.65,112.14497168,112.168899196622,112.166486004533,112.166486004533,112.166486004533,112.157,112.154521144723,112.167944335938,112.166207027274
171.7,112.14504784,112.168896579229,112.166482584928,112.166482584928,112.166482584928,112.157,112.154552143603,112.167797851562,112.166062373645
171.75,112.14512512,112.168893961836,112.166479165323,112.166479165323,112.166479165323,112.157,112.154583142484,112.167651367188,112.165917720016
171.8,112.14520128,112.168891344443,112.166475745719,112.166475745719,112.166475745719,112.157,112.154614141365,112.167504882812,112.165773066387
171.85,112.14527744,112.16888872705,112.166472326114,112.166472326114,112.166472326114,112.157,112.154645140246,112.167358398438,112.165628412758
171.9,112.1453536,112.168886109657,112.16646890651,112.16646890651,112.16646890651,112.157,112.154676139127,112.167211914063,112.165483759129
171.95,112.14542976,112.168883492265,112.166465486905,112.166465486905,112.166465486905,112.157,112.154707138007,112.167065429687,112.1653391055
172,112.14550592,112.168880874872,112.1664620673,112.1664620673,112.1664620673,112.157225,112.154963136888,112.166918945313,112.165194451871
172.05,112.1455832,112.168878257479,112.166458647696,112.166458647696,112.166458647696,112.157675,112.155444135769,112.166772460937,112.165049798242
172.1,112.14565936,112.168875640086,112.166455228091,112.166455228091,112.166455228091,112.158125,112.15592513465,112.166625976562,112.164905144613
172.15,112.14573552,112.168873022693,112.166451808486,112.166451808486,112.166451808486,112.158575,112.156406133531,112.166479492188,112.164760490984
172.2,112.14581168,112.1688704053,112.166448388882,112.166448388882,112.166448388882,112.159025,112.156887132411,112.166333007812,112.164615837355
172.25,112.14588784,112.168867787907,112.166444969277,112.166444969277,112.166444969277,112.159475,112.157368131292,112.166186523438,112.164471183726
172.3,112.14596512,112.168865170514,112.166441549672,112.166441549672,112.166441549672,112.159925,112.157849130173,112.166040039062,112.164326530097
172.35,112.14604128,112.168862553121,112.166438130068,112.166438130068,112.166438130068,112.160375,112.158330129054,112.165893554688,112.164181876469
172.4,112.14611744,112.168859935728,112.166434710463,112.166434710463,112.166434710463,112.160825,112.158811127935,112.165747070313,112.16403722284
172.45,112.1461936,112.168857318335,112.166431290858,112.166431290858,112.166431290858,112.161275,112.159292126815,112.165600585937,112.163892569211
172.5,112.14626976,112.168854700943,112.166427871254,112.166427871254,112.166427871254,112.161725,112.159773125696,112.165454101563,112.163747915582
172.55,112.14634592,112.16885208355,112.166424451649,112.166424451649,112.166424451649,112.162175,112.160254124577,112.165307617187,112.163603261953
172.6,112.1464232,112.168849466157,112.166421032045,112.166421032045,112.166421032045,112.162625,112.160735123458,112.165161132812,112.163458608324
172.65,112.14649936,112.168846848764,112.16641761244,112.16641761244,112.16641761244,112.163075,112.161216122339,112.165014648438,112.163313954695
172.7,112.14657552,112.168844231371,112.166414192835,112.166414192835,112.166414192835,112.163525,112.161697121219,112.164868164062,112.163169301066
172.75,112.14665168,112.168841613978,112.166410773231,112.166410773231,112.166410773231,112.163975,112.1621781201,112.164721679688,112.163024647437
172.8,112.14672784,112.168838996585,112.166407353626,112.166407353626,112.166407353626,112.164425,112.162659118981,112.164575195312,112.162879993808
172.85,112.14680512,112.168836379192,112.166403934021,112.166403934021,112.166403934021,112.164875,112.163140117862,112.164428710938,112.162735340179
172.9,112.14688128,112.168833761799,112.166400514417,112.166400514417,112.166400514417,112.165325,112.163621116743,112.164282226563,112.16259068655
172.95,112.14695744,112.168831144406,112.166397094812,112.166397094812,112.166397094812,112.165775,112.164102115623,112.164135742187,112.162446032921
173,112.1470336,112.168828527014,112.166393675207,112.166393675207,112.166393675207,112.166,112.164358114504,112.164038085938,112.162350207417
173.05,112.14710976,112.168825909621,112.166390255603,112.166390255603,112.166390255603,112.166,112.164389113385,112.163989257813,112.162303210038
173.1,112.14718704,112.168823292228,112.166386835998,112.166386835998,112.166386835998,112.166,112.164420112266,112.163940429688,112.162256212659
173.15,112.1472632,112.168820674835,112.166383416393,112.166383416393,112.166383416393,112.166,112.164451111147,112.163891601562,112.16220921528
173.2,112.14733936,112.168818057442,112.166379996789,112.166379996789,112.166379996789,112.166,112.164482110027,112.163842773437,112.162162217901
173.25,112.14741552,112.168815440049,112.166376577184,112.166376577184,112.166376577184,112.166,112.164513108908,112.163793945313,112.162115220522
173.3,112.14749168,112.168812822656,112.16637315758,112.16637315758,112.16637315758,112.166,112.164544107789,112.163745117188,112.162068223143
173.35,112.14756784,112.168810205263,112.166369737975,112.166369737975,112.166369737975,112.166,112.16457510667,112.163696289062,112.162021225764
173.4,112.14764512,112.16880758787,112.16636631837,112.16636631837,112.16636631837,112.166,112.164606105551,112.163647460937,112.161974228385
173.45,112.14772128,112.168804970477,112.166362898766,112.166362898766,112.166362898766,112.166,112.164637104431,112.163598632812,112.161927231007
173.5,112.14779744,112.168802353085,112.166359479161,112.166359479161,112.166359479161,112.166,112.164668103312,112.163549804688,112.161880233628
173.55,112.1478736,112.168799735692,112.166356059556,112.166356059556,112.166356059556,112.166,112.164699102193,112.163500976563,112.161833236249
173.6,112.14794976,112.168797118299,112.166352639952,112.166352639952,112.166352639952,112.166,112.164730101074,112.163452148438,112.16178623887
173.65,112.14802704,112.168794500906,112.166349220347,112.166349220347,112.166349220347,112.166,112.164761099955,112.163403320312,112.161739241491
173.7,112.1481032,112.168791883513,112.166345800742,112.166345800742,112.166345800742,112.166,112.164792098835,112.163354492187,112.161692244112
173.75,112.14817936,112.16878926612,112.166342381138,112.166342381138,112.166342381138,112.166,112.164823097716,112.163305664063,112.161645246733
173.8,112.14825552,112.168786648727,112.166338961533,112.166338961533,112.166338961533,112.166,112.164854096597,112.163256835938,112.161598249354
173.85,112.14833168,112.168784031334,112.166335541928,112.166335541928,112.166335541928,112.166,112.164885095478,112.163208007812,112.161551251975
173.9,112.14840896,112.168781413941,112.166332122324,112.166332122324,112.166332122324,112.166,112.164916094359,112.163159179687,112.161504254596
173.95,112.14848512,112.168778796548,112.166328702719,112.166328702719,112.166328702719,112.166,112.164947093239,112.163110351562,112.161457257217
174,112.14856128,112.168776179155,112.166325283115,112.166325283115,112.166325283115,112.166,112.16497809212,112.163061523438,112.161410259838
174.05,112.14863744,112.168773561763,112.16632186351,112.16632186351,112.16632186351,112.166,112.165009091001,112.163012695313,112.161363262459
174.1,112.1487136,112.16877094437,112.166318443905,112.166318443905,112.166318443905,112.166,112.165040089882,112.162963867188,112.16131626508
174.15,112.14878976,112.168768326977,112.166315024301,112.166315024301,112.166315024301,112.166,112.165071088763,112.162915039062,112.161269267701
174.2,112.14886704,112.168765709584,112.166311604696,112.166311604696,112.166311604696,112.166,112.165102087643,112.162866210937,112.161222270322
174.25,112.1489432,112.168763092191,112.166308185091,112.166308185091,112.166308185091,112.166,112.165133086524,112.162817382813,112.161175272943
174.3,112.14901936,112.168760474798,112.166304765487,112.166304765487,112.166304765487,112.166,112.165164085405,112.162768554688,112.161128275564
174.35,112.14909552,112.168757857405,112.166301345882,112.166301345882,112.166301345882,112.166,112.165195084286,112.162719726562,112.161081278185
174.4,112.14917168,112.168755240012,112.166297926277,112.166297926277,112.166297926277,112.166,112.165226083167,112.162670898437,112.161034280806
174.45,112.14924896,112.168752622619,112.166294506673,112.166294506673,112.166294506673,112.166,112.165257082047,112.162622070312,112.160987283427
174.5,112.14932512,112.168750005226,112.166291087068,112.166291087068,112.166291087068,112.166,112.165288080928,112.162573242188,112.160940286048
174.55,112.14940128,112.168747387834,112.166287667463,112.166287667463,112.166287667463,112.166,112.165319079809,112.162524414063,112.160893288669
174.6,112.14947744,112.168744770441,112.166284247859,112.166284247859,112.166284247859,112.166,112.16535007869,112.162475585938,112.160846291291
174.65,112.1495536,112.168742153048,112.166280828254,112.166280828254,112.166280828254,112.166,112.165381077571,112.162426757812,112.160799293912
174.7,112.14962976,112.168739535655,112.16627740865,112.16627740865,112.16627740865,112.166,112.165412076451,112.162377929687,112.160752296533
174.75,112.14970704,112.168736918262,112.166273989045,112.166273989045,112.166273989045,112.166,112.165443075332,112.162329101563,112.160705299154
174.8,112.1497832,112.168734300869,112.16627056944,112.16627056944,112.16627056944,112.166,112.165474074213,112.162280273438,112.160658301775
174.85,112.14985936,112.168731683476,112.166267149836,112.166267149836,112.166267149836,112.166,112.165505073094,112.162231445312,112.160611304396
174.9,112.14993552,112.168729066083,112.166263730231,112.166263730231,112.166263730231,112.166,112.165536071975,112.162182617187,112.160564307017
174.95,112.15001168,112.16872644869,112.166260310626,112.166260310626,112.166260310626,112.166,112.165567070855,112.162133789062,112.160517309638
175,112.15008896,112.168723831297,112.166256891022,112.166256891022,112.166256891022,112.1657,112.165298069736,112.162084960938,112.160470312259
175.05,112.15016512,112.168721213905,112.166253471417,112.166253471417,112.166253471417,112.1651,112.164729068617,112.162036132813,112.16042331488
175.1,112.15024128,112.168718596512,112.166250051812,112.166250051812,112.166250051812,112.1645,112.164160067498,112.161987304688,112.160376317501
175.15,112.15031744,112.168715979119,112.166246632208,112.166246632208,112.166246632208,112.1639,112.163591066379,112.161938476562,112.160329320122
175.2,112.1503936,112.168713361726,112.166243212603,112.166243212603,112.166243212603,112.1633,112.163022065259,112.161889648437,112.160282322743
175.25,112.15047088,112.168710744333,112.166239792998,112.166239792998,112.166239792998,112.1627,112.16245306414,112.161840820313,112.160235325364
175.3,112.15054704,112.16870812694,112.166236373394,112.166236373394,112.166236373394,112.1621,112.161884063021,112.161791992188,112.160188327985
175.35,112.1506232,112.168705509547,112.166232953789,112.166232953789,112.166232953789,112.1615,112.161315061902,112.161743164062,112.160141330606
175.4,112.15069936,112.168702892154,112.166229534185,112.166229534185,112.166229534185,112.1609,112.160746060783,112.161694335937,112.160094333227
175.45,112.15077552,112.168700274761,112.16622611458,112.16622611458,112.16622611458,112.1603,112.160177059663,112.161645507812,112.160047335848
175.5,112.15085168,112.168697657368,112.166222694975,112.166222694975,112.166222694975,112.1597,112.159608058544,112.161596679688,112.160000338469
175.55,112.15092896,112.168695039975,112.166219275371,112.166219275371,112.166219275371,112.1591,112.159039057425,112.161547851563,112.15995334109
175.6,112.15100512,112.168692422583,112.166215855766,112.166215855766,112.166215855766,112.1585,112.158470056306,112.161499023438,112.159906343711
175.65,112.15108128,112.16868980519,112.166212436161,112.166212436161,112.166212436161,112.1579,112.157901055187,112.161450195312,112.159859346332
175.7,112.15115744,112.168687187797,112.166209016557,112.166209016557,112.166209016557,112.1573,112.157332054067,112.161401367187,112.159812348954
175.75,112.1512336,112.168684570404,112.166205596952,112.166205596952,112.166205596952,112.1567,112.156763052948,112.161352539063,112.159765351575
175.8,112.15131088,112.168681953011,112.166202177347,112.166202177347,112.166202177347,112.1561,112.156194051829,112.161303710938,112.159718354196
175.85,112.15138704,112.168679335618,112.166198757743,112.166198757743,112.166198757743,112.1555,112.15562505071,112.161254882812,112.159671356817
175.9,112.1514632,112.168676718225,112.166195338138,112.166195338138,112.166195338138,112.1549,112.155056049591,112.161206054687,112.159624359438
175.95,112.15153936,112.168674100832,112.166191918533,112.166191918533,112.166191918533,112.1543,112.154487048471,112.161157226562,112.159577362059
176,112.15161552,112.168671483439,112.166188498929,112.166188498929,112.166188498929,112.153725,112.153943047352,112.161108398438,112.15953036468
176.05,112.1516928,112.168668866046,112.166185079324,112.166185079324,112.166185079324,112.153175,112.153424046233,112.161059570313,112.159483367301
176.1,112.15176896,112.168666248654,112.16618165972,112.16618165972,112.16618165972,112.152625,112.152905045114,112.161010742188,112.159436369922
176.15,112.15184512,112.168663631261,112.166178240115,112.166178240115,112.166178240115,112.152075,112.152386043995,112.160961914062,112.159389372543
176.2,112.15192128,112.168661013868,112.16617482051,112.16617482051,112.16617482051,112.151525,112.151867042875,112.160913085937,112.159342375164
176.25,112.15199744,112.168658396475,112.166171400906,112.166171400906,112.166171400906,112.150975,112.151348041756,112.160864257813,112.159295377785
176.3,112.1520736,112.168655779082,112.166167981301,112.166167981301,112.166167981301,112.150425,112.150829040637,112.160815429688,112.159248380406
176.35,112.15215088,112.168653161689,112.166164561696,112.166164561696,112.166164561696,112.149875,112.150310039518,112.160766601562,112.159201383027
176.4,112.15222704,112.168650544296,112.166161142092,112.166161142092,112.166161142092,112.149325,112.149791038399,112.160717773437,112.159154385648
176.45,112.1523032,112.168647926903,112.166157722487,112.166157722487,112.166157722487,112.148775,112.149272037279,112.160668945312,112.159107388269
176.5,112.15237936,112.16864530951,112.166154302882,112.166154302882,112.166154302882,112.148225,112.14875303616,112.160620117188,112.15906039089
176.55,112.15245552,112.168642692117,112.166150883278,112.166150883278,112.166150883278,112.147675,112.148234035041,112.160571289063,112.159013393511
176.6,112.1525328,112.168640074724,112.166147463673,112.166147463673,112.166147463673,112.147125,112.147715033922,112.160522460938,112.158966396132
176.65,112.15260896,112.168637457332,112.166144044069,112.166144044069,112.166144044069,112.146575,112.147196032803,112.160473632812,112.158919398753
176.7,112.15268512,112.168634839939,112.166140624464,112.166140624464,112.166140624464,112.146025,112.146677031683,112.160424804687,112.158872401374
176.75,112.15276128,112.168632222546,112.166137204859,112.166137204859,112.166137204859,112.145475,112.146158030564,112.160375976563,112.158825403995
176.8,112.15283744,112.168629605153,112.166133785255,112.166133785255,112.166133785255,112.144925,112.145639029445,112.160327148438,112.158778406617
176.85,112.1529136,112.16862698776,112.16613036565,112.16613036565,112.16613036565,112.144375,112.145120028326,112.160278320312,112.158731409238
176.9,112.15299088,112.168624370367,112.166126946045,112.166126946045,112.166126946045,112.143825,112.144601027207,112.160229492187,112.158684411859
176.95,112.15306704,112.168621752974,112.166123526441,112.166123526441,112.166123526441,112.143275,112.144082026087,112.160180664062,112.15863741448
177,112.1531432,112.168619135581,112.166120106836,112.166120106836,112.166120106836,112.1428,112.143638024968,112.160131835938,112.158590417101
177.05,112.15321936,112.168616518188,112.166116687231,112.166116687231,112.166116687231,112.1424,112.143269023849,112.160083007813,112.158543419722
177.1,112.15329552,112.168613900795,112.166113267627,112.166113267627,112.166113267627,112.142,112.14290002273,112.160034179688,112.158496422343
177.15,112.1533728,112.168611283403,112.166109848022,112.166109848022,112.166109848022,112.1416,112.142531021611,112.159985351562,112.158449424964
177.2,112.15344896,112.16860866601,112.166106428417,112.166106428417,112.166106428417,112.1412,112.142162020491,112.159936523437,112.158402427585
177.25,112.15352512,112.168606048617,112.166103008813,112.166103008813,112.166103008813,112.1408,112.141793019372,112.159887695313,112.158355430206
177.3,112.15360128,112.168603431224,112.166099589208,112.166099589208,112.166099589208,112.1404,112.141424018253,112.159838867188,112.158308432827
177.35,112.15367744,112.168600813831,112.166096169604,112.166096169604,112.166096169604,112.14,112.141055017134,112.159790039062,112.158261435448
177.4,112.15375472,112.168598196438,112.166092749999,112.166092749999,112.166092749999,112.1396,112.140686016015,112.159741210937,112.158214438069
177.45,112.15383088,112.168595579045,112.166089330394,112.166089330394,112.166089330394,112.1392,112.140317014895,112.159692382812,112.15816744069
177.5,112.15390704,112.168592961652,112.16608591079,112.16608591079,112.16608591079,112.1388,112.139948013776,112.159643554688,112.158120443311
177.55,112.1539832,112.168590344259,112.166082491185,112.166082491185,112.166082491185,112.1384,112.139579012657,112.159594726563,112.158073445932
177.6,112.15405936,112.168587726866,112.16607907158,112.16607907158,112.16607907158,112.138,112.139210011538,112.159545898438,112.158026448553
177.65,112.15413552,112.168585109474,112.166075651976,112.166075651976,112.166075651976,112.1376,112.138841010419,112.159497070312,112.157979451174
177.7,112.1542128,112.168582492081,112.166072232371,112.166072232371,112.166072232371,112.1372,112.138472009299,112.159448242187,112.157932453795
177.75,112.15428896,112.168579874688,112.166068812766,112.166068812766,112.166068812766,112.1368,112.13810300818,112.159399414063,112.157885456416
177.8,112.15436512,112.168577257295,112.166065393162,112.166065393162,112.166065393162,112.1364,112.137734007061,112.159350585938,112.157838459037
177.85,112.15444128,112.168574639902,112.166061973557,112.166061973557,112.166061973557,112.136,112.137365005942,112.159301757812,112.157791461658
177.9,112.15451744,112.168572022509,112.166058553952,112.166058553952,112.166058553952,112.1356,112.136996004823,112.159252929687,112.15774446428
177.95,112.15459472,112.168569405116,112.166055134348,112.166055134348,112.166055134348,112.1352,112.136627003703,112.159204101562,112.157697466901
178,112.15467088,112.168566787723,112.166051714743,112.166051714743,112.166051714743,112.13465,112.136108002584,112.159155273438,112.157650469522
178.05,112.15474704,112.16856417033,112.166048295139,112.166048295139,112.166048295139,112.13395,112.135439001465,112.159106445313,112.157603472143
178.1,112.1548232,112.168561552937,112.166044875534,112.166044875534,112.166044875534,112.13325,112.134770000346,112.159057617188,112.157556474764
178.15,112.15489936,112.168558935544,112.166041455929,112.166041455929,112.166041455929,112.13255,112.134100999227,112.159008789062,112.157509477385
178.2,112.15497664,112.168556318152,112.166038036325,112.166038036325,112.166038036325,112.13185,112.133431998107,112.158959960937,112.157462480006
178.25,112.1550528,112.168553700759,112.16603461672,112.16603461672,112.16603461672,112.13115,112.132762996988,112.158911132813,112.157415482627
178.3,112.15512896,112.168551083366,112.166031197115,112.166031197115,112.166031197115,112.13045,112.132093995869,112.158862304688,112.157368485248
178.35,112.15520512,112.168548465973,112.166027777511,112.166027777511,112.166027777511,112.12975,112.13142499475,112.158813476562,112.157321487869
178.4,112.15528128,112.16854584858,112.166024357906,112.166024357906,112.166024357906,112.12905,112.130755993631,112.158764648437,112.15727449049
178.45,112.15535744,112.168543231187,112.166020938301,112.166020938301,112.166020938301,112.12835,112.130086992511,112.158715820312,112.157227493111
178.5,112.15543472,112.168540613794,112.166017518697,112.166017518697,112.166017518697,112.12765,112.129417991392,112.158666992188,112.157180495732
178.55,112.15551088,112.168537996401,112.166014099092,112.166014099092,112.166014099092,112.12695,112.128748990273,112.158618164063,112.157133498353
178.6,112.15558704,112.168535379008,112.166010679487,112.166010679487,112.166010679487,112.12625,112.128079989154,112.158569335938,112.157086500974
178.65,112.1556632,112.168532761615,112.166007259883,112.166007259883,112.166007259883,112.12555,112.127410988035,112.158520507812,112.157039503595
178.7,112.15573936,112.168530144223,112.166003840278,112.166003840278,112.166003840278,112.12485,112.126741986915,112.158471679687,112.156992506216
178.75,112.15581664,112.16852752683,112.166000420674,112.166000420674,112.166000420674,112.12415,112.126072985796,112.158422851563,112.156945508837
178.8,112.1558928,112.168524909437,112.165997001069,112.165997001069,112.165997001069,112.12345,112.125403984677,112.158374023438,112.156898511458
178.85,112.15596896,112.168522292044,112.165993581464,112.165993581464,112.165993581464,112.12275,112.124734983558,112.158325195312,112.156851514079
178.9,112.15604512,112.168519674651,112.16599016186,112.16599016186,112.16599016186,112.12205,112.124065982439,112.158276367187,112.1568045167
178.95,112.15612128,112.168517057258,112.165986742255,112.165986742255,112.165986742255,112.12135,112.123396981319,112.158227539062,112.156757519321
179,112.15619856,112.168514439865,112.16598332265,112.16598332265,112.16598332265,112.120425,112.1225029802,112.158178710938,112.156710521943
179.05,112.15627472,112.168511822472,112.165979903046,112.165979903046,112.165979903046,112.119275,112.121383979081,112.158129882813,112.156663524564
179.1,112.15635088,112.168509205079,112.165976483441,112.165976483441,112.165976483441,112.118125,112.120264977962,112.158081054688,112.156616527185
179.15,112.15642704,112.168506587686,112.165973063836,112.165973063836,112.165973063836,112.116975,112.119145976843,112.158032226562,112.156569529806
179.2,112.1565032,112.168503970294,112.165969644232,112.165969644232,112.165969644232,112.115825,112.118026975723,112.157983398437,112.156522532427
179.25,112.15657936,112.168501352901,112.165966224627,112.165966224627,112.165966224627,112.114675,112.116907974604,112.157934570313,112.156475535048
179.3,112.15665664,112.168498735508,112.165962805022,112.165962805022,112.165962805022,112.113525,112.115788973485,112.157885742188,112.156428537669
179.35,112.1567328,112.168496118115,112.165959385418,112.165959385418,112.165959385418,112.112375,112.114669972366,112.157836914062,112.15638154029
179.4,112.15680896,112.168493500722,112.165955965813,112.165955965813,112.165955965813,112.111225,112.113550971247,112.157788085937,112.156334542911
179.45,112.15688512,112.168490883329,112.165952546209,112.165952546209,112.165952546209,112.110075,112.112431970127,112.157739257812,112.156287545532
179.5,112.15696128,112.168488265936,112.165949126604,112.165949126604,112.165949126604,112.108925,112.111312969008,112.157690429688,112.156240548153
179.55,112.15703856,112.168485648543,112.165945706999,112.165945706999,112.165945706999,112.107775,112.110193967889,112.157641601563,112.156193550774
179.6,112.15711472,112.16848303115,112.165942287395,112.165942287395,112.165942287395,112.106625,112.10907496677,112.157592773438,112.156146553395
179.65,112.15719088,112.168480413757,112.16593886779,112.16593886779,112.16593886779,112.105475,112.107955965651,112.157543945312,112.156099556016
179.7,112.15726704,112.168477796364,112.165935448185,112.165935448185,112.165935448185,112.104325,112.106836964531,112.157495117187,112.156052558637
179.75,112.1573432,112.168475178972,112.165932028581,112.165932028581,112.165932028581,112.103175,112.105717963412,112.157446289063,112.156005561258
179.8,112.15741936,112.168472561579,112.165928608976,112.165928608976,112.165928608976,112.102025,112.104598962293,112.157397460938,112.155958563879
179.85,112.15749664,112.168469944186,112.165925189371,112.165925189371,112.165925189371,112.100875,112.103479961174,112.157348632812,112.1559115665
179.9,112.1575728,112.168467326793,112.165921769767,112.165921769767,112.165921769767,112.099725,112.102360960055,112.157299804687,112.155864569121
179.95,112.15764896,112.1684647094,112.165918350162,112.165918350162,112.165918350162,112.098575,112.101241958935,112.157250976562,112.155817571742
180,112.15772512,112.168462092007,112.165914930558,112.165914930558,112.165914930558,112.098,112.100697957816,112.157202148438,112.155770574363
180.05,112.15780128,112.168489234078,112.165986955615,112.165986955615,112.165986955615,112.098,112.100700489707,112.157153320313,112.155741514628
180.1,112.15787856,112.168516376149,112.166058980673,112.166058980673,112.166058980673,112.098,112.100703021598,112.157104492188,112.155712454893
180.15,112.15795472,112.16854351822,112.166131005731,112.166131005731,112.166131005731,112.098,112.100705553488,112.157055664062,112.155683395157
180.2,112.15803088,112.168570660292,112.166203030788,112.166203030788,112.166203030788,112.098,112.100708085379,112.157006835937,112.155654335422
180.25,112.15810704,112.168597802363,112.166275055846,112.166275055846,112.166275055846,112.098,112.10071061727,112.156958007813,112.155625275686
180.3,112.1581832,112.168624944434,112.166347080904,112.166347080904,112.166347080904,112.098,112.10071314916,112.156909179688,112.155596215951
180.35,112.15826048,112.168652086505,112.166419105961,112.166419105961,112.166419105961,112.098,112.100715681051,112.156860351562,112.155567156215
180.4,112.15833664,112.168679228576,112.166491131019,112.166491131019,112.166491131019,112.098,112.100718212942,112.156811523437,112.15553809648
180.45,112.1584128,112.168706370647,112.166563156077,112.166563156077,112.166563156077,112.098,112.100720744832,112.156762695312,112.155509036745
180.5,112.15848896,112.168733512719,112.166635181134,112.166635181134,112.166635181134,112.098,112.100723276723,112.156713867188,112.155479977009
180.55,112.15856512,112.16876065479,112.166707206192,112.166707206192,112.166707206192,112.098,112.100725808614,112.156665039063,112.155450917274
180.6,112.15864128,112.168787796861,112.16677923125,112.16677923125,112.16677923125,112.098,112.100728340505,112.156616210938,112.155421857538
180.65,112.15871856,112.168814938932,112.166851256307,112.166851256307,112.166851256307,112.098,112.100730872395,112.156567382812,112.155392797803
180.7,112.15879472,112.168842081003,112.166923281365,112.166923281365,112.166923281365,112.098,112.100733404286,112.156518554687,112.155363738067
180.75,112.15887088,112.168869223074,112.166995306423,112.166995306423,112.166995306423,112.098,112.100735936177,112.156469726563,112.155334678332
180.8,112.15894704,112.168896365145,112.16706733148,112.16706733148,112.16706733148,112.098,112.100738468067,112.156420898438,112.155305618596
180.85,112.1590232,112.168923507217,112.167139356538,112.167139356538,112.167139356538,112.098,112.100740999958,112.156372070312,112.155276558861
180.9,112.15910048,112.168950649288,112.167211381596,112.167211381596,112.167211381596,112.098,112.100743531849,112.156323242187,112.155247499126
180.95,112.15917664,112.168977791359,112.167283406653,112.167283406653,112.167283406653,112.098,112.100746063739,112.156274414062,112.15521843939
181,112.1592528,112.16900493343,112.167355431711,112.167355431711,112.167355431711,112.098,112.10074859563,112.156359863281,112.155323656998
181.05,112.15932896,112.169032075501,112.167427456769,112.167427456769,112.167427456769,112.098,112.100751127521,112.156579589844,112.155563151951
181.1,112.15940512,112.169059217572,112.167499481826,112.167499481826,112.167499481826,112.098,112.100753659412,112.156799316406,112.155802646903
181.15,112.1594824,112.169086359644,112.167571506884,112.167571506884,112.167571506884,112.098,112.100756191302,112.157019042969,112.156042141855
181.2,112.15955856,112.169113501715,112.167643531942,112.167643531942,112.167643531942,112.098,112.100758723193,112.157238769531,112.156281636807
181.25,112.15963472,112.169140643786,112.167715556999,112.167715556999,112.167715556999,112.098,112.100761255084,112.157458496094,112.156521131759
181.3,112.15971088,112.169167785857,112.167787582057,112.167787582057,112.167787582057,112.098,112.100763786974,112.157678222656,112.156760626711
181.35,112.15978704,112.169194927928,112.167859607115,112.167859607115,112.167859607115,112.098,112.100766318865,112.157897949219,112.157000121663
181.4,112.1598632,112.169222069999,112.167931632172,112.167931632172,112.167931632172,112.098,112.100768850756,112.158117675781,112.157239616615
181.45,112.15994048,112.16924921207,112.16800365723,112.16800365723,112.16800365723,112.098,112.100771382646,112.158337402344,112.157479111567
181.5,112.16001664,112.169276354142,112.168075682288,112.168075682288,112.168075682288,112.098,112.100773914537,112.158557128906,112.157718606519
181.55,112.1600928,112.169303496213,112.168147707345,112.168147707345,112.168147707345,112.098,112.100776446428,112.158776855469,112.157958101471
181.6,112.16016896,112.169330638284,112.168219732403,112.168219732403,112.168219732403,112.098,112.100778978318,112.158996582031,112.158197596423
181.65,112.16024512,112.169357780355,112.168291757461,112.168291757461,112.168291757461,112.098,112.100781510209,112.159216308594,112.158437091375
181.7,112.1603224,112.169384922426,112.168363782518,112.168363782518,112.168363782518,112.098,112.1007840421,112.159436035156,112.158676586327
181.75,112.16039856,112.169412064497,112.168435807576,112.168435807576,112.168435807576,112.098,112.100786573991,112.159655761719,112.15891608128
181.8,112.16047472,112.169439206569,112.168507832634,112.168507832634,112.168507832634,112.098,112.100789105881,112.159875488281,112.159155576232
181.85,112.16055088,112.16946634864,112.168579857692,112.168579857692,112.168579857692,112.098,112.100791637772,112.160095214844,112.159395071184
181.9,112.16062704,112.169493490711,112.168651882749,112.168651882749,112.168651882749,112.098,112.100794169663,112.160314941406,112.159634566136
181.95,112.1607032,112.169520632782,112.168723907807,112.168723907807,112.168723907807,112.098,112.100796701553,112.160534667969,112.159874061088
182,112.16078048,112.169547774853,112.168795932865,112.168795932865,112.168795932865,112.1014,112.104199233444,112.160754394531,112.16011355604
182.05,112.16085664,112.169574916924,112.168867957922,112.168867957922,112.168867957922,112.1082,112.111001765335,112.160974121094,112.160353050992
182.1,112.1609328,112.169602058995,112.16893998298,112.16893998298,112.16893998298,112.115,112.117804297225,112.161193847656,112.160592545944
182.15,112.16100896,112.169629201067,112.169012008038,112.169012008038,112.169012008038,112.1218,112.124606829116,112.161413574219,112.160832040896
182.2,112.16108512,112.169656343138,112.169084033095,112.169084033095,112.169084033095,112.1286,112.131409361007,112.161633300781,112.161071535848
182.25,112.1611624,112.169683485209,112.169156058153,112.169156058153,112.169156058153,112.1354,112.138211892898,112.161853027344,112.1613110308
182.3,112.16123856,112.16971062728,112.169228083211,112.169228083211,112.169228083211,112.1422,112.145014424788,112.162072753906,112.161550525752
182.35,112.16131472,112.169737769351,112.169300108268,112.169300108268,112.169300108268,112.149,112.151816956679,112.162292480469,112.161790020704
182.4,112.16139088,112.169764911422,112.169372133326,112.169372133326,112.169372133326,112.1558,112.15861948857,112.162512207031,112.162029515656
182.45,112.16146704,112.169792053493,112.169444158384,112.169444158384,112.169444158384,112.1626,112.16542202046,112.162731933594,112.162269010608
182.5,112.16154432,112.169819195565,112.169516183441,112.169516183441,112.169516183441,112.1694,112.172224552351,112.162951660156,112.162508505561
182.55,112.16162048,112.169846337636,112.169588208499,112.169588208499,112.169588208499,112.1762,112.179027084242,112.163171386719,112.162748000513
182.6,112.16169664,112.169873479707,112.169660233557,112.169660233557,112.169660233557,112.183,112.185829616132,112.163391113281,112.162987495465
182.65,112.1617728,112.169900621778,112.169732258614,112.169732258614,112.169732258614,112.1898,112.192632148023,112.163610839844,112.163226990417
182.7,112.16184896,112.169927763849,112.169804283672,112.169804283672,112.169804283672,112.1966,112.199434679914,112.163830566406,112.163466485369
182.75,112.16192512,112.16995490592,112.16987630873,112.16987630873,112.16987630873,112.2034,112.206237211804,112.164050292969,112.163705980321
182.8,112.1620024,112.169982047992,112.169948333787,112.169948333787,112.169948333787,112.2102,112.213039743695,112.164270019531,112.163945475273
182.85,112.16207856,112.170009190063,112.170020358845,112.170020358845,112.170020358845,112.217,112.219842275586,112.164489746094,112.164184970225
182.9,112.16215472,112.170036332134,112.170092383903,112.170092383903,112.170092383903,112.2238,112.226644807477,112.164709472656,112.164424465177
182.95,112.16223088,112.170063474205,112.17016440896,112.17016440896,112.17016440896,112.2306,112.233447339367,112.164929199219,112.164663960129
183,112.16230704,112.170090616276,112.170236434018,112.170236434018,112.170236434018,112.234,112.236849871258,112.165148925781,112.164903455081
183.05,112.16238432,112.170117758347,112.170308459076,112.170308459076,112.170308459076,112.234,112.236852403149,112.165368652344,112.165142950033
183.1,112.16246048,112.170144900418,112.170380484133,112.170380484133,112.170380484133,112.234,112.236854935039,112.165588378906,112.165382444985
183.15,112.16253664,112.17017204249,112.170452509191,112.170452509191,112.170452509191,112.234,112.23685746693,112.165808105469,112.165621939937
183.2,112.1626128,112.170199184561,112.170524534249,112.170524534249,112.170524534249,112.234,112.236859998821,112.166027832031,112.165861434889
183.25,112.16268896,112.170226326632,112.170596559306,112.170596559306,112.170596559306,112.234,112.236862530711,112.166247558594,112.166100929842
183.3,112.16276624,112.170253468703,112.170668584364,112.170668584364,112.170668584364,112.234,112.236865062602,112.166467285156,112.166340424794
183.35,112.1628424,112.170280610774,112.170740609422,112.170740609422,112.170740609422,112.234,112.236867594493,112.166687011719,112.166579919746
183.4,112.16291856,112.170307752845,112.17081263448,112.17081263448,112.17081263448,112.234,112.236870126383,112.166906738281,112.166819414698
183.45,112.16299472,112.170334894917,112.170884659537,112.170884659537,112.170884659537,112.234,112.236872658274,112.167126464844,112.16705890965
183.5,112.16307088,112.170362036988,112.170956684595,112.170956684595,112.170956684595,112.234,112.236875190165,112.167346191406,112.167298404602
183.55,112.16314704,112.170389179059,112.171028709653,112.171028709653,112.171028709653,112.234,112.236877722056,112.167565917969,112.167537899554
183.6,112.16322432,112.17041632113,112.17110073471,112.17110073471,112.17110073471,112.234,112.236880253946,112.167785644531,112.167777394506
183.65,112.16330048,112.170443463201,112.171172759768,112.171172759768,112.171172759768,112.234,112.236882785837,112.168005371094,112.168016889458
183.7,112.16337664,112.170470605272,112.171244784826,112.171244784826,112.171244784826,112.234,112.236885317728,112.168225097656,112.16825638441
183.75,112.1634528,112.170497747343,112.171316809883,112.171316809883,112.171316809883,112.234,112.236887849618,112.168444824219,112.168495879362
183.8,112.16352896,112.170524889415,112.171388834941,112.171388834941,112.171388834941,112.234,112.236890381509,112.168664550781,112.168735374314
183.85,112.16360624,112.170552031486,112.171460859999,112.171460859999,112.171460859999,112.234,112.2368929134,112.168884277344,112.168974869266
183.9,112.1636824,112.170579173557,112.171532885056,112.171532885056,112.171532885056,112.234,112.23689544529,112.169104003906,112.169214364218
183.95,112.16375856,112.170606315628,112.171604910114,112.171604910114,112.171604910114,112.234,112.236897977181,112.169323730469,112.16945385917
184,112.16383472,112.170633457699,112.171676935172,112.171676935172,112.171676935172,112.234,112.236900509072,112.169543457031,112.169693354123
184.05,112.16391088,112.17066059977,112.171748960229,112.171748960229,112.171748960229,112.234,112.236903040963,112.169763183594,112.169932849075
184.1,112.16398704,112.170687741842,112.171820985287,112.171820985287,112.171820985287,112.234,112.236905572853,112.169982910156,112.170172344027
184.15,112.16406432,112.170714883913,112.171893010345,112.171893010345,112.171893010345,112.234,112.236908104744,112.170202636719,112.170411838979
184.2,112.16414048,112.170742025984,112.171965035402,112.171965035402,112.171965035402,112.234,112.236910636635,112.170422363281,112.170651333931
184.25,112.16421664,112.170769168055,112.17203706046,112.17203706046,112.17203706046,112.234,112.236913168525,112.170642089844,112.170890828883
184.3,112.1642928,112.170796310126,112.172109085518,112.172109085518,112.172109085518,112.234,112.236915700416,112.170861816406,112.171130323835
184.35,112.16436896,112.170823452197,112.172181110575,112.172181110575,112.172181110575,112.234,112.236918232307,112.171081542969,112.171369818787
184.4,112.16444624,112.170850594268,112.172253135633,112.172253135633,112.172253135633,112.234,112.236920764197,112.171301269531,112.171609313739
184.45,112.1645224,112.17087773634,112.172325160691,112.172325160691,112.172325160691,112.234,112.236923296088,112.171520996094,112.171848808691
184.5,112.16459856,112.170904878411,112.172397185748,112.172397185748,112.172397185748,112.234,112.236925827979,112.171740722656,112.172088303643
184.55,112.16467472,112.170932020482,112.172469210806,112.172469210806,112.172469210806,112.234,112.236928359869,112.171960449219,112.172327798595
184.6,112.16475088,112.170959162553,112.172541235864,112.172541235864,112.172541235864,112.234,112.23693089176,112.172180175781,112.172567293547
184.65,112.16482816,112.170986304624,112.172613260921,112.172613260921,112.172613260921,112.234,112.236933423651,112.172399902344,112.172806788499
184.7,112.16490432,112.171013446695,112.172685285979,112.172685285979,112.172685285979,112.234,112.236935955542,112.172619628906,112.173046283451
184.75,112.16498048,112.171040588766,112.172757311037,112.172757311037,112.172757311037,112.234,112.236938487432,112.172839355469,112.173285778404
184.8,112.16505664,112.171067730838,112.172829336094,112.172829336094,112.172829336094,112.234,112.236941019323,112.173059082031,112.173525273356
184.85,112.1651328,112.171094872909,112.172901361152,112.172901361152,112.172901361152,112.234,112.236943551214,112.173278808594,112.173764768308
184.9,112.16520896,112.17112201498,112.17297338621,112.17297338621,112.17297338621,112.234,112.236946083104,112.173498535156,112.17400426326
184.95,112.16528624,112.171149157051,112.173045411267,112.173045411267,112.173045411267,112.234,112.236948614995,112.173718261719,112.174243758212
185,112.1653624,112.171176299122,112.173117436325,112.173117436325,112.173117436325,112.23245,112.235401146886,112.173937988281,112.174483253164
185.05,112.16543856,112.171203441193,112.173189461383,112.173189461383,112.173189461383,112.22935,112.232303678776,112.174157714844,112.174722748116
185.1,112.16551472,112.171230583265,112.17326148644,112.17326148644,112.17326148644,112.22625,112.229206210667,112.174377441406,112.174962243068
185.15,112.16559088,112.171257725336,112.173333511498,112.173333511498,112.173333511498,112.22315,112.226108742558,112.174597167969,112.17520173802
185.2,112.16566816,112.171284867407,112.173405536556,112.173405536556,112.173405536556,112.22005,112.223011274449,112.174816894531,112.175441232972
185.25,112.16574432,112.171312009478,112.173477561614,112.173477561614,112.173477561614,112.21695,112.219913806339,112.175036621094,112.175680727924
185.3,112.16582048,112.171339151549,112.173549586671,112.173549586671,112.173549586671,112.21385,112.21681633823,112.175256347656,112.175920222876
185.35,112.16589664,112.17136629362,112.173621611729,112.173621611729,112.173621611729,112.21075,112.213718870121,112.175476074219,112.176159717828
185.4,112.1659728,112.171393435691,112.173693636787,112.173693636787,112.173693636787,112.20765,112.210621402011,112.175695800781,112.17639921278
185.45,112.16605008,112.171420577763,112.173765661844,112.173765661844,112.173765661844,112.20455,112.207523933902,112.175915527344,112.176638707732
185.5,112.16612624,112.171447719834,112.173837686902,112.173837686902,112.173837686902,112.20145,112.204426465793,112.176135253906,112.176878202685
185.55,112.1662024,112.171474861905,112.17390971196,112.17390971196,112.17390971196,112.19835,112.201328997683,112.176354980469,112.177117697637
185.6,112.16627856,112.171502003976,112.173981737017,112.173981737017,112.173981737017,112.19525,112.198231529574,112.176574707031,112.177357192589
185.65,112.16635472,112.171529146047,112.174053762075,112.174053762075,112.174053762075,112.19215,112.195134061465,112.176794433594,112.177596687541
185.7,112.16643088,112.171556288118,112.174125787133,112.174125787133,112.174125787133,112.18905,112.192036593355,112.177014160156,112.177836182493
185.75,112.16650816,112.17158343019,112.17419781219,112.17419781219,112.17419781219,112.18595,112.188939125246,112.177233886719,112.178075677445
185.8,112.16658432,112.171610572261,112.174269837248,112.174269837248,112.174269837248,112.18285,112.185841657137,112.177453613281,112.178315172397
185.85,112.16666048,112.171637714332,112.174341862306,112.174341862306,112.174341862306,112.17975,112.182744189028,112.177673339844,112.178554667349
185.9,112.16673664,112.171664856403,112.174413887363,112.174413887363,112.174413887363,112.17665,112.179646720918,112.177893066406,112.178794162301
185.95,112.1668128,112.171691998474,112.174485912421,112.174485912421,112.174485912421,112.17355,112.176549252809,112.178112792969,112.179033657253
186,112.16689008,112.171719140545,112.174557937479,112.174557937479,112.174557937479,112.172,112.1750017847,112.178332519531,112.179273152205
186.05,112.16696624,112.171746282616,112.174629962536,112.174629962536,112.174629962536,112.172,112.17500431659,112.178552246094,112.179512647157
186.1,112.1670424,112.171773424688,112.174701987594,112.174701987594,112.174701987594,112.172,112.175006848481,112.178771972656,112.179752142109
186.15,112.16711856,112.171800566759,112.174774012652,112.174774012652,112.174774012652,112.172,112.175009380372,112.178991699219,112.179991637061
186.2,112.16719472,112.17182770883,112.174846037709,112.174846037709,112.174846037709,112.172,112.175011912262,112.179211425781,112.180231132013
186.25,112.16727088,112.171854850901,112.174918062767,112.174918062767,112.174918062767,112.172,112.175014444153,112.179431152344,112.180470626966
186.3,112.16734816,112.171881992972,112.174990087825,112.174990087825,112.174990087825,112.172,112.175016976044,112.179650878906,112.180710121918
186.35,112.16742432,112.171909135043,112.175062112882,112.175062112882,112.175062112882,112.172,112.175019507935,112.179870605469,112.18094961687
186.4,112.16750048,112.171936277114,112.17513413794,112.17513413794,112.17513413794,112.172,112.175022039825,112.180090332031,112.181189111822
186.45,112.16757664,112.171963419186,112.175206162998,112.175206162998,112.175206162998,112.172,112.175024571716,112.180310058594,112.181428606774
186.5,112.1676528,112.171990561257,112.175278188055,112.175278188055,112.175278188055,112.172,112.175027103607,112.180529785156,112.181668101726
186.55,112.16773008,112.172017703328,112.175350213113,112.175350213113,112.175350213113,112.172,112.175029635497,112.180749511719,112.181907596678
186.6,112.16780624,112.172044845399,112.175422238171,112.175422238171,112.175422238171,112.172,112.175032167388,112.180969238281,112.18214709163
186.65,112.1678824,112.17207198747,112.175494263228,112.175494263228,112.175494263228,112.172,112.175034699279,112.181188964844,112.182386586582
186.7,112.16795856,112.172099129541,112.175566288286,112.175566288286,112.175566288286,112.172,112.175037231169,112.181408691406,112.182626081534
186.75,112.16803472,112.172126271613,112.175638313344,112.175638313344,112.175638313344,112.172,112.17503976306,112.181628417969,112.182865576486
186.8,112.168112,112.172153413684,112.175710338402,112.175710338402,112.175710338402,112.172,112.175042294951,112.181848144531,112.183105071438
186.85,112.16818816,112.172180555755,112.175782363459,112.175782363459,112.175782363459,112.172,112.175044826841,112.182067871094,112.18334456639
186.9,112.16826432,112.172207697826,112.175854388517,112.175854388517,112.175854388517,112.172,112.175047358732,112.182287597656,112.183584061342
186.95,112.16834048,112.172234839897,112.175926413575,112.175926413575,112.175926413575,112.172,112.175049890623,112.182507324219,112.183823556294
187,112.16841664,112.172261981968,112.175998438632,112.175998438632,112.175998438632,112.172,112.175052422514,112.182727050781,112.184063051247
187.05,112.1684928,112.172289124039,112.17607046369,112.17607046369,112.17607046369,112.172,112.175054954404,112.182946777344,112.184302546199
187.1,112.16857008,112.172316266111,112.176142488748,112.176142488748,112.176142488748,112.172,112.175057486295,112.183166503906,112.184542041151
187.15,112.16864624,112.172343408182,112.176214513805,112.176214513805,112.176214513805,112.172,112.175060018186,112.183386230469,112.184781536103
187.2,112.1687224,112.172370550253,112.176286538863,112.176286538863,112.176286538863,112.172,112.175062550076,112.183605957031,112.185021031055
187.25,112.16879856,112.172397692324,112.176358563921,112.176358563921,112.176358563921,112.172,112.175065081967,112.183825683594,112.185260526007
187.3,112.16887472,112.172424834395,112.176430588978,112.176430588978,112.176430588978,112.172,112.175067613858,112.184045410156,112.185500020959
187.35,112.168952,112.172451976466,112.176502614036,112.176502614036,112.176502614036,112.172,112.175070145748,112.184265136719,112.185739515911
187.4,112.16902816,112.172479118538,112.176574639094,112.176574639094,112.176574639094,112.172,112.175072677639,112.184484863281,112.185979010863
187.45,112.16910432,112.172506260609,112.176646664151,112.176646664151,112.176646664151,112.172,112.17507520953,112.184704589844,112.186218505815
187.5,112.16918048,112.17253340268,112.176718689209,112.176718689209,112.176718689209,112.172,112.175077741421,112.184924316406,112.186458000767
187.55,112.16925664,112.172560544751,112.176790714267,112.176790714267,112.176790714267,112.172,112.175080273311,112.185144042969,112.186697495719
187.6,112.16933392,112.172587686822,112.176862739324,112.176862739324,112.176862739324,112.172,112.175082805202,112.185363769531,112.186936990671
187.65,112.16941008,112.172614828893,112.176934764382,112.176934764382,112.176934764382,112.172,112.175085337093,112.185583496094,112.187176485623
187.7,112.16948624,112.172641970964,112.17700678944,112.17700678944,112.17700678944,112.172,112.175087868983,112.185803222656,112.187415980575
187.75,112.1695624,112.172669113036,112.177078814497,112.177078814497,112.177078814497,112.172,112.175090400874,112.186022949219,112.187655475528
187.8,112.16963856,112.172696255107,112.177150839555,112.177150839555,112.177150839555,112.172,112.175092932765,112.186242675781,112.18789497048
187.85,112.16971472,112.172723397178,112.177222864613,112.177222864613,112.177222864613,112.172,112.175095464655,112.186462402344,112.188134465432
187.9,112.169792,112.172750539249,112.17729488967,112.17729488967,112.17729488967,112.172,112.175097996546,112.186682128906,112.188373960384
187.95,112.16986816,112.17277768132,112.177366914728,112.177366914728,112.177366914728,112.172,112.175100528437,112.186901855469,112.188613455336
188,112.16994432,112.172804823391,112.177438939786,112.177438939786,112.177438939786,112.172125,112.175228060327,112.187121582031,112.188852950288
188.05,112.17002048,112.172831965463,112.177510964843,112.177510964843,112.177510964843,112.172375,112.175480592218,112.187341308594,112.18909244524
188.1,112.17009664,112.172859107534,112.177582989901,112.177582989901,112.177582989901,112.172625,112.175733124109,112.187561035156,112.189331940192
188.15,112.17017392,112.172886249605,112.177655014959,112.177655014959,112.177655014959,112.172875,112.175985656,112.187780761719,112.189571435144
188.2,112.17025008,112.172913391676,112.177727040016,112.177727040016,112.177727040016,112.173125,112.17623818789,112.188000488281,112.189810930096
188.25,112.17032624,112.172940533747,112.177799065074,112.177799065074,112.177799065074,112.173375,112.176490719781,112.188220214844,112.190050425048
188.3,112.1704024,112.172967675818,112.177871090132,112.177871090132,112.177871090132,112.173625,112.176743251672,112.188439941406,112.19028992
188.35,112.17047856,112.172994817889,112.177943115189,112.177943115189,112.177943115189,112.173875,112.176995783562,112.188659667969,112.190529414952
188.4,112.17055584,112.173021959961,112.178015140247,112.178015140247,112.178015140247,112.174125,112.177248315453,112.188879394531,112.190768909904
188.45,112.170632,112.173049102032,112.178087165305,112.178087165305,112.178087165305,112.174375,112.177500847344,112.189099121094,112.191008404856
188.5,112.17070816,112.173076244103,112.178159190363,112.178159190363,112.178159190363,112.174625,112.177753379234,112.189318847656,112.191247899809
188.55,112.17078432,112.173103386174,112.17823121542,112.17823121542,112.17823121542,112.174875,112.178005911125,112.189538574219,112.191487394761
188.6,112.17086048,112.173130528245,112.178303240478,112.178303240478,112.178303240478,112.175125,112.178258443016,112.189758300781,112.191726889713
188.65,112.17093664,112.173157670316,112.178375265536,112.178375265536,112.178375265536,112.175375,112.178510974907,112.189978027344,112.191966384665
188.7,112.17101392,112.173184812387,112.178447290593,112.178447290593,112.178447290593,112.175625,112.178763506797,112.190197753906,112.192205879617
188.75,112.17109008,112.173211954459,112.178519315651,112.178519315651,112.178519315651,112.175875,112.179016038688,112.190417480469,112.192445374569
188.8,112.17116624,112.17323909653,112.178591340709,112.178591340709,112.178591340709,112.176125,112.179268570579,112.190637207031,112.192684869521
188.85,112.1712424,112.173266238601,112.178663365766,112.178663365766,112.178663365766,112.176375,112.179521102469,112.190856933594,112.192924364473
188.9,112.17131856,112.173293380672,112.178735390824,112.178735390824,112.178735390824,112.176625,112.17977363436,112.191076660156,112.193163859425
188.95,112.17139584,112.173320522743,112.178807415882,112.178807415882,112.178807415882,112.176875,112.180026166251,112.191296386719,112.193403354377
189,112.171472,112.173347664814,112.178879440939,112.178879440939,112.178879440939,112.177275,112.180428698141,112.191369628906,112.193496364954
189.05,112.17154816,112.173374806886,112.178951465997,112.178951465997,112.178951465997,112.177825,112.180981230032,112.191296386719,112.193442891156
189.1,112.17162432,112.173401948957,112.179023491055,112.179023491055,112.179023491055,112.178375,112.181533761923,112.191223144531,112.193389417358
189.15,112.17170048,112.173429091028,112.179095516112,112.179095516112,112.179095516112,112.178925,112.182086293813,112.191149902344,112.19333594356
189.2,112.17177664,112.173456233099,112.17916754117,112.17916754117,112.17916754117,112.179475,112.182638825704,112.191076660156,112.193282469763
189.25,112.17185392,112.17348337517,112.179239566228,112.179239566228,112.179239566228,112.180025,112.183191357595,112.191003417969,112.193228995965
189.3,112.17193008,112.173510517241,112.179311591285,112.179311591285,112.179311591285,112.180575,112.183743889486,112.190930175781,112.193175522167
189.35,112.17200624,112.173537659312,112.179383616343,112.179383616343,112.179383616343,112.181125,112.184296421376,112.190856933594,112.193122048369
189.4,112.1720824,112.173564801384,112.179455641401,112.179455641401,112.179455641401,112.181675,112.184848953267,112.190783691406,112.193068574571
189.45,112.17215856,112.173591943455,112.179527666458,112.179527666458,112.179527666458,112.182225,112.185401485158,112.190710449219,112.193015100773
189.5,112.17223584,112.173619085526,112.179599691516,112.179599691516,112.179599691516,112.182775,112.185954017048,112.190637207031,112.192961626975
189.55,112.172312,112.173646227597,112.179671716574,112.179671716574,112.179671716574,112.183325,112.186506548939,112.190563964844,112.192908153177
189.6,112.17238816,112.173673369668,112.179743741631,112.179743741631,112.179743741631,112.183875,112.18705908083,112.190490722656,112.192854679379
189.65,112.17246432,112.173700511739,112.179815766689,112.179815766689,112.179815766689,112.184425,112.18761161272,112.190417480469,112.192801205581
189.7,112.17254048,112.173727653811,112.179887791747,112.179887791747,112.179887791747,112.184975,112.188164144611,112.190344238281,112.192747731783
189.75,112.17261776,112.173754795882,112.179959816804,112.179959816804,112.179959816804,112.185525,112.188716676502,112.190270996094,112.192694257985
189.8,112.17269392,112.173781937953,112.180031841862,112.180031841862,112.180031841862,112.186075,112.189269208392,112.190197753906,112.192640784187
189.85,112.17277008,112.173809080024,112.18010386692,112.18010386692,112.18010386692,112.186625,112.189821740283,112.190124511719,112.192587310389
189.9,112.17284624,112.173836222095,112.180175891977,112.180175891977,112.180175891977,112.187175,112.190374272174,112.190051269531,112.192533836591
189.95,112.1729224,112.173863364166,112.180247917035,112.180247917035,112.180247917035,112.187725,112.190926804065,112.189978027344,112.192480362794
190,112.17299856,112.173890506237,112.180319942093,112.180319942093,112.180319942093,112.188475,112.191679335955,112.189904785156,112.192426888996
190.05,112.17307584,112.173889083086,112.180307266405,112.180307266405,112.180307266405,112.189425,112.192613823919,112.189831542969,112.192339292267
190.1,112.173152,112.173887659934,112.180294590718,112.180294590718,112.180294590718,112.190375,112.193548311883,112.189758300781,112.192251695538
190.15,112.17322816,112.173886236782,112.180281915031,112.180281915031,112.180281915031,112.191325,112.194482799847,112.189685058594,112.192164098809
190.2,112.17330432,112.17388481363,112.180269239343,112.180269239343,112.180269239343,112.192275,112.19541728781,112.189611816406,112.19207650208
190.25,112.17338048,112.173883390478,112.180256563656,112.180256563656,112.180256563656,112.193225,112.196351775774,112.189538574219,112.19198890535
190.3,112.17345776,112.173881967326,112.180243887968,112.180243887968,112.180243887968,112.194175,112.197286263738,112.189465332031,112.191901308621
190.35,112.17353392,112.173880544174,112.180231212281,112.180231212281,112.180231212281,112.195125,112.198220751702,112.189392089844,112.191813711892
190.4,112.17361008,112.173879121022,112.180218536593,112.180218536593,112.180218536593,112.196075,112.199155239665,112.189318847656,112.191726115163
190.45,112.17368624,112.17387769787,112.180205860906,112.180205860906,112.180205860906,112.197025,112.200089727629,112.189245605469,112.191638518434
190.5,112.1737624,112.173876274718,112.180193185219,112.180193185219,112.180193185219,112.197975,112.201024215593,112.189172363281,112.191550921705
190.55,112.17383968,112.173874851566,112.180180509531,112.180180509531,112.180180509531,112.198925,112.201958703557,112.189099121094,112.191463324976
190.6,112.17391584,112.173873428414,112.180167833844,112.180167833844,112.180167833844,112.199875,112.20289319152,112.189025878906,112.191375728247
190.65,112.173992,112.173872005262,112.180155158156,112.180155158156,112.180155158156,112.200825,112.203827679484,112.188952636719,112.191288131518
190.7,112.17406816,112.173870582111,112.180142482469,112.180142482469,112.180142482469,112.201775,112.204762167448,112.188879394531,112.191200534789
190.75,112.17414432,112.173869158959,112.180129806782,112.180129806782,112.180129806782,112.202725,112.205696655412,112.188806152344,112.19111293806
190.8,112.17422048,112.173867735807,112.180117131094,112.180117131094,112.180117131094,112.203675,112.206631143375,112.188732910156,112.191025341331
190.85,112.17429776,112.173866312655,112.180104455407,112.180104455407,112.180104455407,112.204625,112.207565631339,112.188659667969,112.190937744602
190.9,112.17437392,112.173864889503,112.180091779719,112.180091779719,112.180091779719,112.205575,112.208500119303,112.188586425781,112.190850147873
190.95,112.17445008,112.173863466351,112.180079104032,112.180079104032,112.180079104032,112.206525,112.209434607267,112.188513183594,112.190762551144
191,112.17452624,112.173862043199,112.180066428345,112.180066428345,112.180066428345,112.207,112.20989409523,112.188439941406,112.190674954415
191.05,112.1746024,112.173860620047,112.180053752657,112.180053752657,112.180053752657,112.207,112.209878583194,112.188366699219,112.190587357686
191.1,112.17467968,112.173859196895,112.18004107697,112.18004107697,112.18004107697,112.207,112.209863071158,112.188293457031,112.190499760957
191.15,112.17475584,112.173857773743,112.180028401282,112.180028401282,112.180028401282,112.207,112.209847559122,112.188220214844,112.190412164228
191.2,112.174832,112.173856350591,112.180015725595,112.180015725595,112.180015725595,112.207,112.209832047085,112.188146972656,112.190324567499
191.25,112.17490816,112.173854927439,112.180003049907,112.180003049907,112.180003049907,112.207,112.209816535049,112.188073730469,112.19023697077
191.3,112.17498432,112.173853504287,112.17999037422,112.17999037422,112.17999037422,112.207,112.209801023013,112.188000488281,112.190149374041
191.35,112.17506048,112.173852081136,112.179977698533,112.179977698533,112.179977698533,112.207,112.209785510977,112.187927246094,112.190061777312
191.4,112.17513776,112.173850657984,112.179965022845,112.179965022845,112.179965022845,112.207,112.20976999894,112.187854003906,112.189974180583
191.45,112.17521392,112.173849234832,112.179952347158,112.179952347158,112.179952347158,112.207,112.209754486904,112.187780761719,112.189886583854
191.5,112.17529008,112.17384781168,112.17993967147,112.17993967147,112.17993967147,112.207,112.209738974868,112.187707519531,112.189798987125
191.55,112.17536624,112.173846388528,112.179926995783,112.179926995783,112.179926995783,112.207,112.209723462832,112.187634277344,112.189711390396
191.6,112.1754424,112.173844965376,112.179914320096,112.179914320096,112.179914320096,112.207,112.209707950796,112.187561035156,112.189623793667
191.65,112.17551968,112.173843542224,112.179901644408,112.179901644408,112.179901644408,112.207,112.209692438759,112.187487792969,112.189536196938
191.7,112.17559584,112.173842119072,112.179888968721,112.179888968721,112.179888968721,112.207,112.209676926723,112.187414550781,112.189448600209
191.75,112.175672,112.17384069592,112.179876293033,112.179876293033,112.179876293033,112.207,112.209661414687,112.187341308594,112.18936100348
191.8,112.17574816,112.173839272768,112.179863617346,112.179863617346,112.179863617346,112.207,112.209645902651,112.187268066406,112.189273406751
191.85,112.17582432,112.173837849616,112.179850941658,112.179850941658,112.179850941658,112.207,112.209630390614,112.187194824219,112.189185810022
191.9,112.1759016,112.173836426464,112.179838265971,112.179838265971,112.179838265971,112.207,112.209614878578,112.187121582031,112.189098213293
191.95,112.17597776,112.173835003312,112.179825590284,112.179825590284,112.179825590284,112.207,112.209599366542,112.187048339844,112.189010616564
192,112.17605392,112.173833580161,112.179812914596,112.179812914596,112.179812914596,112.207,112.209583854506,112.186975097656,112.188923019835
192.05,112.17613008,112.173832157009,112.179800238909,112.179800238909,112.179800238909,112.207,112.209568342469,112.186901855469,112.188835423106
192.1,112.17620624,112.173830733857,112.179787563221,112.179787563221,112.179787563221,112.207,112.209552830433,112.186828613281,112.188747826377
192.15,112.1762824,112.173829310705,112.179774887534,112.179774887534,112.179774887534,112.207,112.209537318397,112.186755371094,112.188660229648
192.2,112.17635968,112.173827887553,112.179762211847,112.179762211847,112.179762211847,112.207,112.209521806361,112.186682128906,112.188572632919
192.25,112.17643584,112.173826464401,112.179749536159,112.179749536159,112.179749536159,112.207,112.209506294324,112.186608886719,112.18848503619
192.3,112.176512,112.173825041249,112.179736860472,112.179736860472,112.179736860472,112.207,112.209490782288,112.186535644531,112.188397439461
192.35,112.17658816,112.173823618097,112.179724184784,112.179724184784,112.179724184784,112.207,112.209475270252,112.186462402344,112.188309842732
192.4,112.17666432,112.173822194945,112.179711509097,112.179711509097,112.179711509097,112.207,112.209459758216,112.186389160156,112.188222246003
192.45,112.1767416,112.173820771793,112.179698833409,112.179698833409,112.179698833409,112.207,112.209444246179,112.186315917969,112.188134649274
192.5,112.17681776,112.173819348641,112.179686157722,112.179686157722,112.179686157722,112.207,112.209428734143,112.186242675781,112.188047052545
192.55,112.17689392,112.173817925489,112.179673482035,112.179673482035,112.179673482035,112.207,112.209413222107,112.186169433594,112.187959455816
192.6,112.17697008,112.173816502337,112.179660806347,112.179660806347,112.179660806347,112.207,112.209397710071,112.186096191406,112.187871859087
192.65,112.17704624,112.173815079186,112.17964813066,112.17964813066,112.17964813066,112.207,112.209382198034,112.186022949219,112.187784262358
192.7,112.17712352,112.173813656034,112.179635454972,112.179635454972,112.179635454972,112.207,112.209366685998,112.185949707031,112.187696665629
192.75,112.17719968,112.173812232882,112.179622779285,112.179622779285,112.179622779285,112.207,112.209351173962,112.185876464844,112.1876090689
192.8,112.17727584,112.17381080973,112.179610103598,112.179610103598,112.179610103598,112.207,112.209335661926,112.185803222656,112.18752147217
192.85,112.177352,112.173809386578,112.17959742791,112.17959742791,112.17959742791,112.207,112.209320149889,112.185729980469,112.187433875441
192.9,112.17742816,112.173807963426,112.179584752223,112.179584752223,112.179584752223,112.207,112.209304637853,112.185656738281,112.187346278712
192.95,112.17750432,112.173806540274,112.179572076535,112.179572076535,112.179572076535,112.207,112.209289125817,112.185583496094,112.187258681983
193,112.1775816,112.173805117122,112.179559400848,112.179559400848,112.179559400848,112.206875,112.209148613781,112.185510253906,112.187171085254
193.05,112.17765776,112.17380369397,112.179546725161,112.179546725161,112.179546725161,112.206625,112.208883101744,112.185437011719,112.187083488525
193.1,112.17773392,112.173802270818,112.179534049473,112.179534049473,112.179534049473,112.206375,112.208617589708,112.185363769531,112.186995891796
193.15,112.17781008,112.173800847666,112.179521373786,112.179521373786,112.179521373786,112.206125,112.208352077672,112.185290527344,112.186908295067
193.2,112.17788624,112.173799424514,112.179508698098,112.179508698098,112.179508698098,112.205875,112.208086565636,112.185217285156,112.186820698338
193.25,112.17796352,112.173798001362,112.179496022411,112.179496022411,112.179496022411,112.205625,112.2078210536,112.185144042969,112.186733101609
193.3,112.17803968,112.173796578211,112.179483346723,112.179483346723,112.179483346723,112.205375,112.207555541563,112.185070800781,112.18664550488
193.35,112.17811584,112.173795155059,112.179470671036,112.179470671036,112.179470671036,112.205125,112.207290029527,112.184997558594,112.186557908151
193.4,112.178192,112.173793731907,112.179457995349,112.179457995349,112.179457995349,112.204875,112.207024517491,112.184924316406,112.186470311422
193.45,112.17826816,112.173792308755,112.179445319661,112.179445319661,112.179445319661,112.204625,112.206759005455,112.184851074219,112.186382714693
193.5,112.17834432,112.173790885603,112.179432643974,112.179432643974,112.179432643974,112.204375,112.206493493418,112.184777832031,112.186295117964
193.55,112.1784216,112.173789462451,112.179419968286,112.179419968286,112.179419968286,112.204125,112.206227981382,112.184704589844,112.186207521235
193.6,112.17849776,112.173788039299,112.179407292599,112.179407292599,112.179407292599,112.203875,112.205962469346,112.184631347656,112.186119924506
193.65,112.17857392,112.173786616147,112.179394616912,112.179394616912,112.179394616912,112.203625,112.20569695731,112.184558105469,112.186032327777
193.7,112.17865008,112.173785192995,112.179381941224,112.179381941224,112.179381941224,112.203375,112.205431445273,112.184484863281,112.185944731048
193.75,112.17872624,112.173783769843,112.179369265537,112.179369265537,112.179369265537,112.203125,112.205165933237,112.184411621094,112.185857134319
193.8,112.17880352,112.173782346691,112.179356589849,112.179356589849,112.179356589849,112.202875,112.204900421201,112.184338378906,112.18576953759
193.85,112.17887968,112.173780923539,112.179343914162,112.179343914162,112.179343914162,112.202625,112.204634909165,112.184265136719,112.185681940861
193.9,112.17895584,112.173779500387,112.179331238474,112.179331238474,112.179331238474,112.202375,112.204369397128,112.184191894531,112.185594344132
193.95,112.179032,112.173778077236,112.179318562787,112.179318562787,112.179318562787,112.202125,112.204103885092,112.184118652344,112.185506747403
194,112.17910816,112.173776654084,112.1793058871,112.1793058871,112.1793058871,112.201875,112.203838373056,112.184045410156,112.185419150674
194.05,112.17918544,112.173775230932,112.179293211412,112.179293211412,112.179293211412,112.201625,112.20357286102,112.183972167969,112.185331553945
194.1,112.1792616,112.17377380778,112.179280535725,112.179280535725,112.179280535725,112.201375,112.203307348983,112.183898925781,112.185243957216
194.15,112.17933776,112.173772384628,112.179267860037,112.179267860037,112.179267860037,112.201125,112.203041836947,112.183825683594,112.185156360487
194.2,112.17941392,112.173770961476,112.17925518435,112.17925518435,112.17925518435,112.200875,112.202776324911,112.183752441406,112.185068763758
194.25,112.17949008,112.173769538324,112.179242508663,112.179242508663,112.179242508663,112.200625,112.202510812875,112.183679199219,112.184981167029
194.3,112.17956624,112.173768115172,112.179229832975,112.179229832975,112.179229832975,112.200375,112.202245300838,112.183605957031,112.1848935703
194.35,112.17964352,112.17376669202,112.179217157288,112.179217157288,112.179217157288,112.200125,112.201979788802,112.183532714844,112.184805973571
194.4,112.17971968,112.173765268868,112.1792044816,112.1792044816,112.1792044816,112.199875,112.201714276766,112.183459472656,112.184718376842
194.45,112.17979584,112.173763845716,112.179191805913,112.179191805913,112.179191805913,112.199625,112.20144876473,112.183386230469,112.184630780113
194.5,112.179872,112.173762422564,112.179179130226,112.179179130226,112.179179130226,112.199375,112.201183252693,112.183312988281,112.184543183384
194.55,112.17994816,112.173760999412,112.179166454538,112.179166454538,112.179166454538,112.199125,112.200917740657,112.183239746094,112.184455586655
194.6,112.18002544,112.173759576261,112.179153778851,112.179153778851,112.179153778851,112.198875,112.200652228621,112.183166503906,112.184367989926
194.65,112.1801016,112.173758153109,112.179141103163,112.179141103163,112.179141103163,112.198625,112.200386716585,112.183093261719,112.184280393197
194.7,112.18017776,112.173756729957,112.179128427476,112.179128427476,112.179128427476,112.198375,112.200121204548,112.183020019531,112.184192796468
194.75,112.18025392,112.173755306805,112.179115751788,112.179115751788,112.179115751788,112.198125,112.199855692512,112.182946777344,112.184105199739
194.8,112.18033008,112.173753883653,112.179103076101,112.179103076101,112.179103076101,112.197875,112.199590180476,112.182873535156,112.18401760301
194.85,112.18040736,112.173752460501,112.179090400414,112.179090400414,112.179090400414,112.197625,112.19932466844,112.182800292969,112.183930006281
194.9,112.18048352,112.173751037349,112.179077724726,112.179077724726,112.179077724726,112.197375,112.199059156404,112.182727050781,112.183842409552
194.95,112.18055968,112.173749614197,112.179065049039,112.179065049039,112.179065049039,112.197125,112.198793644367,112.182653808594,112.183754812823
195,112.18063584,112.173748191045,112.179052373351,112.179052373351,112.179052373351,112.196825,112.198478132331,112.182580566406,112.183667216094
195.05,112.180712,112.173746767893,112.179039697664,112.179039697664,112.179039697664,112.196475,112.198112620295,112.182507324219,112.183579619365
195.1,112.18078816,112.173745344741,112.179027021977,112.179027021977,112.179027021977,112.196125,112.197747108259,112.182434082031,112.183492022636
195.15,112.18086544,112.173743921589,112.179014346289,112.179014346289,112.179014346289,112.195775,112.197381596222,112.182360839844,112.183404425907
195.2,112.1809416,112.173742498437,112.179001670602,112.179001670602,112.179001670602,112.195425,112.197016084186,112.182287597656,112.183316829178
195.25,112.18101776,112.173741075286,112.178988994914,112.178988994914,112.178988994914,112.195075,112.19665057215,112.182214355469,112.183229232449
195.3,112.18109392,112.173739652134,112.178976319227,112.178976319227,112.178976319227,112.194725,112.196285060114,112.182141113281,112.18314163572
195.35,112.18117008,112.173738228982,112.178963643539,112.178963643539,112.178963643539,112.194375,112.195919548077,112.182067871094,112.18305403899
195.4,112.18124736,112.17373680583,112.178950967852,112.178950967852,112.178950967852,112.194025,112.195554036041,112.181994628906,112.182966442261
195.45,112.18132352,112.173735382678,112.178938292165,112.178938292165,112.178938292165,112.193675,112.195188524005,112.181921386719,112.182878845532
195.5,112.18139968,112.173733959526,112.178925616477,112.178925616477,112.178925616477,112.193325,112.194823011969,112.181848144531,112.182791248803
195.55,112.18147584,112.173732536374,112.17891294079,112.17891294079,112.17891294079,112.192975,112.194457499932,112.181774902344,112.182703652074
195.6,112.181552,112.173731113222,112.178900265102,112.178900265102,112.178900265102,112.192625,112.194091987896,112.181701660156,112.182616055345
195.65,112.18162928,112.17372969007,112.178887589415,112.178887589415,112.178887589415,112.192275,112.19372647586,112.181628417969,112.182528458616
195.7,112.18170544,112.173728266918,112.178874913728,112.178874913728,112.178874913728,112.191925,112.193360963824,112.181555175781,112.182440861887
195.75,112.1817816,112.173726843766,112.17886223804,112.17886223804,112.17886223804,112.191575,112.192995451787,112.181481933594,112.182353265158
195.8,112.18185776,112.173725420614,112.178849562353,112.178849562353,112.178849562353,112.191225,112.192629939751,112.181408691406,112.182265668429
195.85,112.18193392,112.173723997462,112.178836886665,112.178836886665,112.178836886665,112.190875,112.192264427715,112.181335449219,112.1821780717
195.9,112.18201008,112.173722574311,112.178824210978,112.178824210978,112.178824210978,112.190525,112.191898915679,112.181262207031,112.182090474971
195.95,112.18208736,112.173721151159,112.17881153529,112.17881153529,112.17881153529,112.190175,112.191533403642,112.181188964844,112.182002878242
196,112.18216352,112.173719728007,112.178798859603,112.178798859603,112.178798859603,112.189625,112.190967891606,112.181115722656,112.181915281513
196.05,112.18223968,112.173718304855,112.178786183916,112.178786183916,112.178786183916,112.188875,112.19020237957,112.181042480469,112.181827684784
196.1,112.18231584,112.173716881703,112.178773508228,112.178773508228,112.178773508228,112.188125,112.189436867534,112.180969238281,112.181740088055
196.15,112.182392,112.173715458551,112.178760832541,112.178760832541,112.178760832541,112.187375,112.188671355497,112.180895996094,112.181652491326
196.2,112.18246928,112.173714035399,112.178748156853,112.178748156853,112.178748156853,112.186625,112.187905843461,112.180822753906,112.181564894597
196.25,112.18254544,112.173712612247,112.178735481166,112.178735481166,112.178735481166,112.185875,112.187140331425,112.180749511719,112.181477297868
196.3,112.1826216,112.173711189095,112.178722805479,112.178722805479,112.178722805479,112.185125,112.186374819389,112.180676269531,112.181389701139
196.35,112.18269776,112.173709765943,112.178710129791,112.178710129791,112.178710129791,112.184375,112.185609307352,112.180603027344,112.18130210441
196.4,112.18277392,112.173708342791,112.178697454104,112.178697454104,112.178697454104,112.183625,112.184843795316,112.180529785156,112.181214507681
196.45,112.18285008,112.173706919639,112.178684778416,112.178684778416,112.178684778416,112.182875,112.18407828328,112.180456542969,112.181126910952
196.5,112.18292736,112.173705496487,112.178672102729,112.178672102729,112.178672102729,112.182125,112.183312771244,112.180383300781,112.181039314223
196.55,112.18300352,112.173704073336,112.178659427042,112.178659427042,112.178659427042,112.181375,112.182547259208,112.180310058594,112.180951717494
196.6,112.18307968,112.173702650184,112.178646751354,112.178646751354,112.178646751354,112.180625,112.181781747171,112.180236816406,112.180864120765
196.65,112.18315584,112.173701227032,112.178634075667,112.178634075667,112.178634075667,112.179875,112.181016235135,112.180163574219,112.180776524036
196.7,112.183232,112.17369980388,112.178621399979,112.178621399979,112.178621399979,112.179125,112.180250723099,112.180090332031,112.180688927307
196.75,112.18330928,112.173698380728,112.178608724292,112.178608724292,112.178608724292,112.178375,112.179485211063,112.180017089844,112.180601330578
196.8,112.18336304,112.173696957576,112.178596048604,112.178596048604,112.178596048604,112.177625,112.178719699026,112.179943847656,112.180513733849
196.85,112.18337984,112.173695534424,112.178583372917,112.178583372917,112.178583372917,112.176875,112.17795418699,112.179870605469,112.18042613712
196.9,112.18337984,112.173694111272,112.17857069723,112.17857069723,112.17857069723,112.176125,112.177188674954,112.179797363281,112.180338540391
196.95,112.18337984,112.17369268812,112.178558021542,112.178558021542,112.178558021542,112.175375,112.176423162918,112.179724121094,112.180250943662
197,112.18337984,112.173691264968,112.178545345855,112.178545345855,112.178545345855,112.175,112.176032650881,112.179650878906,112.180163346933
197.05,112.18337984,112.173689841816,112.178532670167,112.178532670167,112.178532670167,112.175,112.176017138845,112.179577636719,112.180075750204
197.1,112.18337984,112.173688418664,112.17851999448,112.17851999448,112.17851999448,112.175,112.176001626809,112.179504394531,112.179988153475
197.15,112.18337984,112.173686995512,112.178507318793,112.178507318793,112.178507318793,112.175,112.175986114773,112.179431152344,112.179900556746
197.2,112.18337984,112.173685572361,112.178494643105,112.178494643105,112.178494643105,112.175,112.175970602736,112.179357910156,112.179812960017
197.25,112.18337984,112.173684149209,112.178481967418,112.178481967418,112.178481967418,112.175,112.1759550907,112.179284667969,112.179725363288
197.3,112.18337984,112.173682726057,112.17846929173,112.17846929173,112.17846929173,112.175,112.175939578664,112.179211425781,112.179637766559
197.35,112.18337984,112.173681302905,112.178456616043,112.178456616043,112.178456616043,112.175,112.175924066628,112.179138183594,112.17955016983
197.4,112.18337984,112.173679879753,112.178443940355,112.178443940355,112.178443940355,112.175,112.175908554591,112.179064941406,112.179462573101
197.45,112.18337984,112.173678456601,112.178431264668,112.178431264668,112.178431264668,112.175,112.175893042555,112.178991699219,112.179374976372
197.5,112.18337984,112.173677033449,112.178418588981,112.178418588981,112.178418588981,112.175,112.175877530519,112.178918457031,112.179287379643
197.55,112.18337984,112.173675610297,112.178405913293,112.178405913293,112.178405913293,112.175,112.175862018483,112.178845214844,112.179199782914
197.6,112.18337984,112.173674187145,112.178393237606,112.178393237606,112.178393237606,112.175,112.175846506446,112.178771972656,112.179112186185
197.65,112.18337984,112.173672763993,112.178380561918,112.178380561918,112.178380561918,112.175,112.17583099441,112.178698730469,112.179024589456
197.7,112.18337984,112.173671340841,112.178367886231,112.178367886231,112.178367886231,112.175,112.175815482374,112.178625488281,112.178936992727
197.75,112.18337984,112.173669917689,112.178355210544,112.178355210544,112.178355210544,112.175,112.175799970338,112.178552246094,112.178849395998
197.8,112.18337984,112.173668494537,112.178342534856,112.178342534856,112.178342534856,112.175,112.175784458301,112.178479003906,112.178761799269
197.85,112.18337984,112.173667071386,112.178329859169,112.178329859169,112.178329859169,112.175,112.175768946265,112.178405761719,112.17867420254
197.9,112.18337984,112.173665648234,112.178317183481,112.178317183481,112.178317183481,112.175,112.175753434229,112.178332519531,112.17858660581
197.95,112.18337984,112.173664225082,112.178304507794,112.178304507794,112.178304507794,112.175,112.175737922193,112.178259277344,112.178499009081
198,112.18337984,112.17366280193,112.178291832107,112.178291832107,112.178291832107,112.175,112.175722410156,112.178186035156,112.178411412352
198.05,112.18337984,112.173661378778,112.178279156419,112.178279156419,112.178279156419,112.175,112.17570689812,112.178112792969,112.178323815623
198.1,112.18337984,112.173659955626,112.178266480732,112.178266480732,112.178266480732,112.175,112.175691386084,112.178039550781,112.178236218894
198.15,112.18337984,112.173658532474,112.178253805044,112.178253805044,112.178253805044,112.175,112.175675874048,112.177966308594,112.178148622165
198.2,112.18337984,112.173657109322,112.178241129357,112.178241129357,112.178241129357,112.175,112.175660362012,112.177893066406,112.178061025436
198.25,112.18337984,112.17365568617,112.178228453669,112.178228453669,112.178228453669,112.175,112.175644849975,112.177819824219,112.177973428707
198.3,112.18337984,112.173654263018,112.178215777982,112.178215777982,112.178215777982,112.175,112.175629337939,112.177746582031,112.177885831978
198.35,112.18337984,112.173652839866,112.178203102295,112.178203102295,112.178203102295,112.175,112.175613825903,112.177673339844,112.177798235249
198.4,112.18337984,112.173651416714,112.178190426607,112.178190426607,112.178190426607,112.175,112.175598313867,112.177600097656,112.17771063852
198.45,112.18337984,112.173649993562,112.17817775092,112.17817775092,112.17817775092,112.175,112.17558280183,112.177526855469,112.177623041791
198.5,112.18337984,112.173648570411,112.178165075232,112.178165075232,112.178165075232,112.175,112.175567289794,112.177453613281,112.177535445062
198.55,112.18337984,112.173647147259,112.178152399545,112.178152399545,112.178152399545,112.175,112.175551777758,112.177380371094,112.177447848333
198.6,112.18337984,112.173645724107,112.178139723858,112.178139723858,112.178139723858,112.175,112.175536265722,112.177307128906,112.177360251604
198.65,112.18337984,112.173644300955,112.17812704817,112.17812704817,112.17812704817,112.175,112.175520753685,112.177233886719,112.177272654875
198.7,112.18337984,112.173642877803,112.178114372483,112.178114372483,112.178114372483,112.175,112.175505241649,112.177160644531,112.177185058146
198.75,112.18337984,112.173641454651,112.178101696795,112.178101696795,112.178101696795,112.175,112.175489729613,112.177087402344,112.177097461417
198.8,112.18337984,112.173640031499,112.178089021108,112.178089021108,112.178089021108,112.175,112.175474217577,112.177014160156,112.177009864688
198.85,112.18337984,112.173638608347,112.17807634542,112.17807634542,112.17807634542,112.175,112.17545870554,112.176940917969,112.176922267959
198.9,112.18337984,112.173637185195,112.178063669733,112.178063669733,112.178063669733,112.175,112.175443193504,112.176867675781,112.17683467123
198.95,112.18337984,112.173635762043,112.178050994046,112.178050994046,112.178050994046,112.175,112.175427681468,112.176794433594,112.176747074501
199,112.18337984,112.173634338891,112.178038318358,112.178038318358,112.178038318358,112.1749,112.175312169432,112.176721191406,112.176659477772
199.05,112.18337984,112.173632915739,112.178025642671,112.178025642671,112.178025642671,112.1747,112.175096657395,112.176647949219,112.176571881043
199.1,112.18337984,112.173631492587,112.178012966983,112.178012966983,112.178012966983,112.1745,112.174881145359,112.176574707031,112.176484284314
199.15,112.18337984,112.173630069436,112.178000291296,112.178000291296,112.178000291296,112.1743,112.174665633323,112.176501464844,112.176396687585
199.2,112.18337984,112.173628646284,112.177987615609,112.177987615609,112.177987615609,112.1741,112.174450121287,112.176428222656,112.176309090856
199.25,112.18337984,112.173627223132,112.177974939921,112.177974939921,112.177974939921,112.1739,112.17423460925,112.176354980469,112.176221494127
199.3,112.18337984,112.17362579998,112.177962264234,112.177962264234,112.177962264234,112.1737,112.174019097214,112.176281738281,112.176133897398
199.35,112.18337984,112.173624376828,112.177949588546,112.177949588546,112.177949588546,112.1735,112.173803585178,112.176208496094,112.176046300669
199.4,112.18337984,112.173622953676,112.177936912859,112.177936912859,112.177936912859,112.1733,112.173588073142,112.176135253906,112.17595870394
199.45,112.18337984,112.173621530524,112.177924237171,112.177924237171,112.177924237171,112.1731,112.173372561105,112.176062011719,112.175871107211
199.5,112.18337984,112.173620107372,112.177911561484,112.177911561484,112.177911561484,112.1729,112.173157049069,112.175988769531,112.175783510482
199.55,112.18337984,112.17361868422,112.177898885797,112.177898885797,112.177898885797,112.1727,112.172941537033,112.175915527344,112.175695913753
199.6,112.18337984,112.173617261068,112.177886210109,112.177886210109,112.177886210109,112.1725,112.172726024997,112.175842285156,112.175608317024
199.65,112.18337984,112.173615837916,112.177873534422,112.177873534422,112.177873534422,112.1723,112.17251051296,112.175769042969,112.175520720295
199.7,112.18337984,112.173614414764,112.177860858734,112.177860858734,112.177860858734,112.1721,112.172295000924,112.175695800781,112.175433123566
199.75,112.18337984,112.173612991612,112.177848183047,112.177848183047,112.177848183047,112.1719,112.172079488888,112.175622558594,112.175345526837
199.8,112.18337984,112.173611568461,112.17783550736,112.17783550736,112.17783550736,112.1717,112.171863976852,112.175549316406,112.175257930108
199.85,112.18337984,112.173610145309,112.177822831672,112.177822831672,112.177822831672,112.1715,112.171648464816,112.175476074219,112.175170333379
199.9,112.18337984,112.173608722157,112.177810155985,112.177810155985,112.177810155985,112.1713,112.171432952779,112.175402832031,112.17508273665
199.95,112.18337984,112.173607299005,112.177797480297,112.177797480297,112.177797480297,112.1711,112.171217440743,112.175329589844,112.174995139921
200,112.18337984,112.173605875853,112.17778480461,112.17778480461,112.17778480461,112.17075,112.170851928707,112.175256347656,112.174907543192
200.05,112.18337984,112.173594035585,112.177757530473,112.177757530473,112.177757530473,112.17025,112.170348516507,112.175183105469,112.174831450154
200.1,112.18337984,112.173582195317,112.177730256336,112.177730256336,112.177730256336,112.16975,112.169845104306,112.175109863281,112.174755357116
200.15,112.18337984,112.173570355049,112.177702982199,112.177702982199,112.177702982199,112.16925,112.169341692106,112.175036621094,112.174679264078
200.2,112.18337984,112.173558514781,112.177675708062,112.177675708062,112.177675708062,112.16875,112.168838279906,112.174963378906,112.17460317104
200.25,112.18337984,112.173546674513,112.177648433925,112.177648433925,112.177648433925,112.16825,112.168334867705,112.174890136719,112.174527078002
200.3,112.18337984,112.173534834245,112.177621159788,112.177621159788,112.177621159788,112.16775,112.167831455505,112.174816894531,112.174450984964
200.35,112.18337984,112.173522993977,112.177593885651,112.177593885651,112.177593885651,112.16725,112.167328043305,112.174743652344,112.174374891926
200.4,112.18337984,112.173511153709,112.177566611514,112.177566611514,112.177566611514,112.16675,112.166824631104,112.174670410156,112.174298798889
200.45,112.18337984,112.173499313441,112.177539337377,112.177539337377,112.177539337377,112.16625,112.166321218904,112.174597167969,112.174222705851
200.5,112.18337984,112.173487473174,112.17751206324,112.17751206324,112.17751206324,112.16575,112.165817806704,112.174523925781,112.174146612813
200.55,112.18337984,112.173475632906,112.177484789103,112.177484789103,112.177484789103,112.16525,112.165314394504,112.174450683594,112.174070519775
200.6,112.18337984,112.173463792638,112.177457514966,112.177457514966,112.177457514966,112.16475,112.164810982303,112.174377441406,112.173994426737
200.65,112.18337984,112.17345195237,112.177430240829,112.177430240829,112.177430240829,112.16425,112.164307570103,112.174304199219,112.173918333699
200.7,112.18337984,112.173440112102,112.177402966692,112.177402966692,112.177402966692,112.16375,112.163804157903,112.174230957031,112.173842240661
200.75,112.18337984,112.173428271834,112.177375692555,112.177375692555,112.177375692555,112.16325,112.163300745702,112.174157714844,112.173766147623
200.8,112.18337984,112.173416431566,112.177348418418,112.177348418418,112.177348418418,112.16275,112.162797333502,112.174084472656,112.173690054585
200.85,112.18337984,112.173404591298,112.177321144281,112.177321144281,112.177321144281,112.16225,112.162293921302,112.174011230469,112.173613961548
200.9,112.18337984,112.17339275103,112.177293870144,112.177293870144,112.177293870144,112.16175,112.161790509102,112.173937988281,112.17353786851
200.95,112.18337984,112.173380910762,112.177266596006,112.177266596006,112.177266596006,112.16125,112.161287096901,112.173864746094,112.173461775472
201,112.18337984,112.173369070494,112.177239321869,112.177239321869,112.177239321869,112.16095,112.160983684701,112.173791503906,112.173385682434
201.05,112.18337984,112.173357230226,112.177212047732,112.177212047732,112.177212047732,112.16085,112.160880272501,112.173718261719,112.173309589396
201.1,112.18337984,112.173345389958,112.177184773595,112.177184773595,112.177184773595,112.16075,112.1607768603,112.173645019531,112.173233496358
201.15,112.18337984,112.17333354969,112.177157499458,112.177157499458,112.177157499458,112.16065,112.1606734481,112.173571777344,112.17315740332
201.2,112.18337984,112.173321709422,112.177130225321,112.177130225321,112.177130225321,112.16055,112.1605700359,112.173498535156,112.173081310282
201.25,112.18337984,112.173309869155,112.177102951184,112.177102951184,112.177102951184,112.16045,112.1604666237,112.173425292969,112.173005217244
201.3,112.18337984,112.173298028887,112.177075677047,112.177075677047,112.177075677047,112.16035,112.160363211499,112.173352050781,112.172929124207
201.35,112.18337984,112.173286188619,112.17704840291,112.17704840291,112.17704840291,112.16025,112.160259799299,112.173278808594,112.172853031169
201.4,112.18337984,112.173274348351,112.177021128773,112.177021128773,112.177021128773,112.16015,112.160156387099,112.173205566406,112.172776938131
201.45,112.18337984,112.173262508083,112.176993854636,112.176993854636,112.176993854636,112.16005,112.160052974898,112.173132324219,112.172700845093
201.5,112.18337984,112.173250667815,112.176966580499,112.176966580499,112.176966580499,112.15995,112.159949562698,112.173059082031,112.172624752055
201.55,112.18337984,112.173238827547,112.176939306362,112.176939306362,112.176939306362,112.15985,112.159846150498,112.172985839844,112.172548659017
201.6,112.18337984,112.173226987279,112.176912032225,112.176912032225,112.176912032225,112.15975,112.159742738298,112.172912597656,112.172472565979
201.65,112.18337984,112.173215147011,112.176884758088,112.176884758088,112.176884758088,112.15965,112.159639326097,112.172839355469,112.172396472941
201.7,112.18337984,112.173203306743,112.176857483951,112.176857483951,112.176857483951,112.15955,112.159535913897,112.172766113281,112.172320379903
201.75,112.18337984,112.173191466475,112.176830209814,112.176830209814,112.176830209814,112.15945,112.159432501697,112.172692871094,112.172244286866
201.8,112.18337984,112.173179626207,112.176802935677,112.176802935677,112.176802935677,112.15935,112.159329089496,112.172619628906,112.172168193828
201.85,112.18337984,112.173167785939,112.17677566154,112.17677566154,112.17677566154,112.15925,112.159225677296,112.172546386719,112.17209210079
201.9,112.18337984,112.173155945671,112.176748387403,112.176748387403,112.176748387403,112.15915,112.159122265096,112.172473144531,112.172016007752
201.95,112.18337984,112.173144105403,112.176721113266,112.176721113266,112.176721113266,112.15905,112.159018852896,112.172399902344,112.171939914714
202,112.18337984,112.173132265136,112.176693839129,112.176693839129,112.176693839129,112.159,112.158965440695,112.172326660156,112.171863821676
202.05,112.18337984,112.173120424868,112.176666564992,112.176666564992,112.176666564992,112.159,112.158962028495,112.172253417969,112.171787728638
202.1,112.18337984,112.1731085846,112.176639290855,112.176639290855,112.176639290855,112.159,112.158958616295,112.172180175781,112.1717116356
202.15,112.18337984,112.173096744332,112.176612016718,112.176612016718,112.176612016718,112.159,112.158955204094,112.172106933594,112.171635542562
202.2,112.18337984,112.173084904064,112.176584742581,112.176584742581,112.176584742581,112.159,112.158951791894,112.172033691406,112.171559449525
202.25,112.18337984,112.173073063796,112.176557468444,112.176557468444,112.176557468444,112.159,112.158948379694,112.171960449219,112.171483356487
202.3,112.18337984,112.173061223528,112.176530194307,112.176530194307,112.176530194307,112.159,112.158944967494,112.171887207031,112.171407263449
202.35,112.18337984,112.17304938326,112.17650292017,112.17650292017,112.17650292017,112.159,112.158941555293,112.171813964844,112.171331170411
202.4,112.18337984,112.173037542992,112.176475646033,112.176475646033,112.176475646033,112.159,112.158938143093,112.171740722656,112.171255077373
202.45,112.18337984,112.173025702724,112.176448371896,112.176448371896,112.176448371896,112.159,112.158934730893,112.171667480469,112.171178984335
202.5,112.18337984,112.173013862456,112.176421097759,112.176421097759,112.176421097759,112.159,112.158931318692,112.171594238281,112.171102891297
202.55,112.18337984,112.173002022188,112.176393823622,112.176393823622,112.176393823622,112.159,112.158927906492,112.171520996094,112.171026798259
202.6,112.18337984,112.17299018192,112.176366549485,112.176366549485,112.176366549485,112.159,112.158924494292,112.171447753906,112.170950705221
202.65,112.18337984,112.172978341652,112.176339275348,112.176339275348,112.176339275348,112.159,112.158921082092,112.171374511719,112.170874612184
202.7,112.18337984,112.172966501385,112.176312001211,112.176312001211,112.176312001211,112.159,112.158917669891,112.171301269531,112.170798519146
202.75,112.18337984,112.172954661117,112.176284727074,112.176284727074,112.176284727074,112.159,112.158914257691,112.171228027344,112.170722426108
202.8,112.18337984,112.172942820849,112.176257452937,112.176257452937,112.176257452937,112.159,112.158910845491,112.171154785156,112.17064633307
202.85,112.18337984,112.172930980581,112.1762301788,112.1762301788,112.1762301788,112.159,112.15890743329,112.171081542969,112.170570240032
202.9,112.18337984,112.172919140313,112.176202904663,112.176202904663,112.176202904663,112.159,112.15890402109,112.171008300781,112.170494146994
202.95,112.18337984,112.172907300045,112.176175630526,112.176175630526,112.176175630526,112.159,112.15890060889,112.170935058594,112.170418053956
203,112.18337984,112.172895459777,112.176148356389,112.176148356389,112.176148356389,112.159,112.15889719669,112.170861816406,112.170341960918
203.05,112.18337984,112.172883619509,112.176121082251,112.176121082251,112.176121082251,112.159,112.158893784489,112.170788574219,112.17026586788
203.1,112.18337984,112.172871779241,112.176093808114,112.176093808114,112.176093808114,112.159,112.158890372289,112.170715332031,112.170189774843
203.15,112.18337984,112.172859938973,112.176066533977,112.176066533977,112.176066533977,112.159,112.158886960089,112.170642089844,112.170113681805
203.2,112.18337984,112.172848098705,112.17603925984,112.17603925984,112.17603925984,112.159,112.158883547888,112.170568847656,112.170037588767
203.25,112.18337984,112.172836258437,112.176011985703,112.176011985703,112.176011985703,112.159,112.158880135688,112.170495605469,112.169961495729
203.3,112.18337984,112.172824418169,112.175984711566,112.175984711566,112.175984711566,112.159,112.158876723488,112.170422363281,112.169885402691
203.35,112.18337984,112.172812577901,112.175957437429,112.175957437429,112.175957437429,112.159,112.158873311288,112.170349121094,112.169809309653
203.4,112.18337984,112.172800737633,112.175930163292,112.175930163292,112.175930163292,112.159,112.158869899087,112.170275878906,112.169733216615
203.45,112.18337984,112.172788897366,112.175902889155,112.175902889155,112.175902889155,112.159,112.158866486887,112.170202636719,112.169657123577
203.5,112.18337984,112.172777057098,112.175875615018,112.175875615018,112.175875615018,112.159,112.158863074687,112.170129394531,112.169581030539
203.55,112.18337984,112.17276521683,112.175848340881,112.175848340881,112.175848340881,112.159,112.158859662486,112.170056152344,112.169504937502
203.6,112.18337984,112.172753376562,112.175821066744,112.175821066744,112.175821066744,112.159,112.158856250286,112.169982910156,112.169428844464
203.65,112.18337984,112.172741536294,112.175793792607,112.175793792607,112.175793792607,112.159,112.158852838086,112.169909667969,112.169352751426
203.7,112.18337984,112.172729696026,112.17576651847,112.17576651847,112.17576651847,112.159,112.158849425885,112.169836425781,112.169276658388
203.75,112.18337984,112.172717855758,112.175739244333,112.175739244333,112.175739244333,112.159,112.158846013685,112.169763183594,112.16920056535
203.8,112.18337984,112.17270601549,112.175711970196,112.175711970196,112.175711970196,112.159,112.158842601485,112.169689941406,112.169124472312
203.85,112.18337984,112.172694175222,112.175684696059,112.175684696059,112.175684696059,112.159,112.158839189285,112.169616699219,112.169048379274
203.9,112.18337984,112.172682334954,112.175657421922,112.175657421922,112.175657421922,112.159,112.158835777084,112.169543457031,112.168972286236
203.95,112.18337984,112.172670494686,112.175630147785,112.175630147785,112.175630147785,112.159,112.158832364884,112.169470214844,112.168896193198
204,112.18337984,112.172658654418,112.175602873648,112.175602873648,112.175602873648,112.159275,112.159103952684,112.169396972656,112.168820100161
204.05,112.18337984,112.17264681415,112.175575599511,112.175575599511,112.175575599511,112.159825,112.159650540483,112.169323730469,112.168744007123
204.1,112.18337984,112.172634973882,112.175548325374,112.175548325374,112.175548325374,112.160375,112.160197128283,112.169250488281,112.168667914085
204.15,112.18337984,112.172623133615,112.175521051237,112.175521051237,112.175521051237,112.160925,112.160743716083,112.169177246094,112.168591821047
204.2,112.18337984,112.172611293347,112.1754937771,112.1754937771,112.1754937771,112.161475,112.161290303883,112.169104003906,112.168515728009
204.25,112.18337984,112.172599453079,112.175466502963,112.175466502963,112.175466502963,112.162025,112.161836891682,112.169030761719,112.168439634971
204.3,112.18337984,112.172587612811,112.175439228826,112.175439228826,112.175439228826,112.162575,112.162383479482,112.168957519531,112.168363541933
204.35,112.18337984,112.172575772543,112.175411954689,112.175411954689,112.175411954689,112.163125,112.162930067282,112.168884277344,112.168287448895
204.4,112.18337984,112.172563932275,112.175384680552,112.175384680552,112.175384680552,112.163675,112.163476655081,112.168811035156,112.168211355857
204.45,112.18337984,112.172552092007,112.175357406415,112.175357406415,112.175357406415,112.164225,112.164023242881,112.168737792969,112.16813526282
204.5,112.18337984,112.172540251739,112.175330132278,112.175330132278,112.175330132278,112.164775,112.164569830681,112.168664550781,112.168059169782
204.55,112.18337984,112.172528411471,112.175302858141,112.175302858141,112.175302858141,112.165325,112.165116418481,112.168591308594,112.167983076744
204.6,112.18337984,112.172516571203,112.175275584004,112.175275584004,112.175275584004,112.165875,112.16566300628,112.168518066406,112.167906983706
204.65,112.18337984,112.172504730935,112.175248309867,112.175248309867,112.175248309867,112.166425,112.16620959408,112.168444824219,112.167830890668
204.7,112.18337984,112.172492890667,112.17522103573,112.17522103573,112.17522103573,112.166975,112.16675618188,112.168371582031,112.16775479763
204.75,112.18337984,112.172481050399,112.175193761593,112.175193761593,112.175193761593,112.167525,112.167302769679,112.168298339844,112.167678704592
204.8,112.18337984,112.172469210131,112.175166487456,112.175166487456,112.175166487456,112.168075,112.167849357479,112.168225097656,112.167602611554
204.85,112.18337984,112.172457369863,112.175139213319,112.175139213319,112.175139213319,112.168625,112.168395945279,112.168151855469,112.167526518516
204.9,112.18337984,112.172445529596,112.175111939182,112.175111939182,112.175111939182,112.169175,112.168942533079,112.168078613281,112.167450425479
204.95,112.18337984,112.172433689328,112.175084665045,112.175084665045,112.175084665045,112.169725,112.169489120878,112.168005371094,112.167374332441
205,112.18337984,112.17242184906,112.175057390908,112.175057390908,112.175057390908,112.17,112.169760708678,112.167993164062,112.167359274559
205.05,112.18337984,112.172410008792,112.175030116771,112.175030116771,112.175030116771,112.17,112.169757296478,112.168041992187,112.167405251834
205.1,112.18337984,112.172398168524,112.175002842634,112.175002842634,112.175002842634,112.17,112.169753884277,112.168090820312,112.167451229108
205.15,112.18337984,112.172386328256,112.174975568497,112.174975568497,112.174975568497,112.17,112.169750472077,112.168139648438,112.167497206383
205.2,112.18337984,112.172374487988,112.174948294359,112.174948294359,112.174948294359,112.17,112.169747059877,112.168188476563,112.167543183657
205.25,112.18337984,112.17236264772,112.174921020222,112.174921020222,112.174921020222,112.17,112.169743647677,112.168237304687,112.167589160932
205.3,112.18337984,112.172350807452,112.174893746085,112.174893746085,112.174893746085,112.17,112.169740235476,112.168286132812,112.167635138207
205.35,112.18337984,112.172338967184,112.174866471948,112.174866471948,112.174866471948,112.17,112.169736823276,112.168334960938,112.167681115481
205.4,112.18337984,112.172327126916,112.174839197811,112.174839197811,112.174839197811,112.17,112.169733411076,112.168383789063,112.167727092756
205.45,112.18337984,112.172315286648,112.174811923674,112.174811923674,112.174811923674,112.17,112.169729998875,112.168432617188,112.16777307003
205.5,112.18337984,112.17230344638,112.174784649537,112.174784649537,112.174784649537,112.17,112.169726586675,112.168481445312,112.167819047305
205.55,112.18337984,112.172291606112,112.1747573754,112.1747573754,112.1747573754,112.17,112.169723174475,112.168530273437,112.16786502458
205.6,112.18337984,112.172279765844,112.174730101263,112.174730101263,112.174730101263,112.17,112.169719762275,112.168579101562,112.167911001854
205.65,112.18337984,112.172267925577,112.174702827126,112.174702827126,112.174702827126,112.17,112.169716350074,112.168627929688,112.167956979129
205.7,112.18337984,112.172256085309,112.174675552989,112.174675552989,112.174675552989,112.17,112.169712937874,112.168676757813,112.168002956404
205.75,112.18337984,112.172244245041,112.174648278852,112.174648278852,112.174648278852,112.17,112.169709525674,112.168725585937,112.168048933678
205.8,112.18337984,112.172232404773,112.174621004715,112.174621004715,112.174621004715,112.17,112.169706113473,112.168774414062,112.168094910953
205.85,112.18337984,112.172220564505,112.174593730578,112.174593730578,112.174593730578,112.17,112.169702701273,112.168823242188,112.168140888227
205.9,112.18337984,112.172208724237,112.174566456441,112.174566456441,112.174566456441,112.17,112.169699289073,112.168872070313,112.168186865502
205.95,112.18337984,112.172196883969,112.174539182304,112.174539182304,112.174539182304,112.17,112.169695876873,112.168920898438,112.168232842777
206,112.18337984,112.172185043701,112.174511908167,112.174511908167,112.174511908167,112.17,112.169692464672,112.168969726562,112.168278820051
206.05,112.18337984,112.172173203433,112.17448463403,112.17448463403,112.17448463403,112.17,112.169689052472,112.169018554687,112.168324797326
206.1,112.18337984,112.172161363165,112.174457359893,112.174457359893,112.174457359893,112.17,112.169685640272,112.169067382812,112.1683707746
206.15,112.18337984,112.172149522897,112.174430085756,112.174430085756,112.174430085756,112.17,112.169682228071,112.169116210938,112.168416751875
206.2,112.18337984,112.172137682629,112.174402811619,112.174402811619,112.174402811619,112.17,112.169678815871,112.169165039063,112.16846272915
206.25,112.18337984,112.172125842361,112.174375537482,112.174375537482,112.174375537482,112.17,112.169675403671,112.169213867187,112.168508706424
206.3,112.18337984,112.172114002093,112.174348263345,112.174348263345,112.174348263345,112.17,112.169671991471,112.169262695312,112.168554683699
206.35,112.18337984,112.172102161826,112.174320989208,112.174320989208,112.174320989208,112.17,112.16966857927,112.169311523438,112.168600660973
206.4,112.18337984,112.172090321558,112.174293715071,112.174293715071,112.174293715071,112.17,112.16966516707,112.169360351563,112.168646638248
206.45,112.18337984,112.17207848129,112.174266440934,112.174266440934,112.174266440934,112.17,112.16966175487,112.169409179688,112.168692615523
206.5,112.18337984,112.172066641022,112.174239166797,112.174239166797,112.174239166797,112.17,112.169658342669,112.169458007812,112.168738592797
206.55,112.18337984,112.172054800754,112.17421189266,112.17421189266,112.17421189266,112.17,112.169654930469,112.169506835937,112.168784570072
206.6,112.18337984,112.172042960486,112.174184618523,112.174184618523,112.174184618523,112.17,112.169651518269,112.169555664062,112.168830547347
206.65,112.18337984,112.172031120218,112.174157344386,112.174157344386,112.174157344386,112.17,112.169648106069,112.169604492188,112.168876524621
206.7,112.18337984,112.17201927995,112.174130070249,112.174130070249,112.174130070249,112.17,112.169644693868,112.169653320313,112.168922501896
206.75,112.18337984,112.172007439682,112.174102796112,112.174102796112,112.174102796112,112.17,112.169641281668,112.169702148437,112.16896847917
206.8,112.18337984,112.171995599414,112.174075521975,112.174075521975,112.174075521975,112.17,112.169637869468,112.169750976562,112.169014456445
206.85,112.18337984,112.171983759146,112.174048247838,112.174048247838,112.174048247838,112.17,112.169634457267,112.169799804688,112.16906043372
206.9,112.18337984,112.171971918878,112.174020973701,112.174020973701,112.174020973701,112.17,112.169631045067,112.169848632813,112.169106410994
206.95,112.18337984,112.17196007861,112.173993699564,112.173993699564,112.173993699564,112.17,112.169627632867,112.169897460938,112.169152388269
207,112.18337984,112.171948238342,112.173966425427,112.173966425427,112.173966425427,112.16995,112.169574220666,112.169946289062,112.169198365543
207.05,112.18337984,112.171936398074,112.17393915129,112.17393915129,112.17393915129,112.16985,112.169470808466,112.169995117187,112.169244342818
207.1,112.18337984,112.171924557807,112.173911877153,112.173911877153,112.173911877153,112.16975,112.169367396266,112.170043945312,112.169290320093
207.15,112.18337984,112.171912717539,112.173884603016,112.173884603016,112.173884603016,112.16965,112.169263984066,112.170092773438,112.169336297367
207.2,112.18337984,112.171900877271,112.173857328879,112.173857328879,112.173857328879,112.16955,112.169160571865,112.170141601563,112.169382274642
207.25,112.18337984,112.171889037003,112.173830054742,112.173830054742,112.173830054742,112.16945,112.169057159665,112.170190429687,112.169428251916
207.3,112.18337984,112.171877196735,112.173802780604,112.173802780604,112.173802780604,112.16935,112.168953747465,112.170239257812,112.169474229191
207.35,112.18337984,112.171865356467,112.173775506467,112.173775506467,112.173775506467,112.16925,112.168850335264,112.170288085938,112.169520206466
207.4,112.18337984,112.171853516199,112.17374823233,112.17374823233,112.17374823233,112.16915,112.168746923064,112.170336914063,112.16956618374
207.45,112.18337984,112.171841675931,112.173720958193,112.173720958193,112.173720958193,112.16905,112.168643510864,112.170385742188,112.169612161015
207.5,112.18337984,112.171829835663,112.173693684056,112.173693684056,112.173693684056,112.16895,112.168540098664,112.170434570312,112.16965813829
207.55,112.18337984,112.171817995395,112.173666409919,112.173666409919,112.173666409919,112.16885,112.168436686463,112.170483398437,112.169704115564
207.6,112.18337984,112.171806155127,112.173639135782,112.173639135782,112.173639135782,112.16875,112.168333274263,112.170532226562,112.169750092839
207.65,112.18337984,112.171794314859,112.173611861645,112.173611861645,112.173611861645,112.16865,112.168229862063,112.170581054688,112.169796070113
207.7,112.18337984,112.171782474591,112.173584587508,112.173584587508,112.173584587508,112.16855,112.168126449862,112.170629882813,112.169842047388
207.75,112.18337984,112.171770634323,112.173557313371,112.173557313371,112.173557313371,112.16845,112.168023037662,112.170678710937,112.169888024663
207.8,112.18337984,112.171758794056,112.173530039234,112.173530039234,112.173530039234,112.16835,112.167919625462,112.170727539062,112.169934001937
207.85,112.18337984,112.171746953788,112.173502765097,112.173502765097,112.173502765097,112.16825,112.167816213262,112.170776367188,112.169979979212
207.9,112.18337984,112.17173511352,112.17347549096,112.17347549096,112.17347549096,112.16815,112.167712801061,112.170825195313,112.170025956486
207.95,112.18337984,112.171723273252,112.173448216823,112.173448216823,112.173448216823,112.16805,112.167609388861,112.170874023438,112.170071933761
208,112.18337984,112.171711432984,112.173420942686,112.173420942686,112.173420942686,112.168,112.167555976661,112.170922851562,112.170117911036
208.05,112.18337984,112.171699592716,112.173393668549,112.173393668549,112.173393668549,112.168,112.16755256446,112.170971679687,112.17016388831
208.1,112.18337984,112.171687752448,112.173366394412,112.173366394412,112.173366394412,112.168,112.16754915226,112.171020507812,112.170209865585
208.15,112.18337984,112.17167591218,112.173339120275,112.173339120275,112.173339120275,112.168,112.16754574006,112.171069335938,112.170255842859
208.2,112.18337984,112.171664071912,112.173311846138,112.173311846138,112.173311846138,112.168,112.16754232786,112.171118164063,112.170301820134
208.25,112.18337984,112.171652231644,112.173284572001,112.173284572001,112.173284572001,112.168,112.167538915659,112.171166992187,112.170347797409
208.3,112.18337984,112.171640391376,112.173257297864,112.173257297864,112.173257297864,112.168,112.167535503459,112.171215820312,112.170393774683
208.35,112.18337984,112.171628551108,112.173230023727,112.173230023727,112.173230023727,112.168,112.167532091259,112.171264648438,112.170439751958
208.4,112.18337984,112.17161671084,112.17320274959,112.17320274959,112.17320274959,112.168,112.167528679058,112.171313476563,112.170485729233
208.45,112.18337984,112.171604870572,112.173175475453,112.173175475453,112.173175475453,112.168,112.167525266858,112.171362304688,112.170531706507
208.5,112.18337984,112.171593030304,112.173148201316,112.173148201316,112.173148201316,112.168,112.167521854658,112.171411132812,112.170577683782
208.55,112.18337984,112.171581190037,112.173120927179,112.173120927179,112.173120927179,112.168,112.167518442458,112.171459960937,112.170623661056
208.6,112.18337984,112.171569349769,112.173093653042,112.173093653042,112.173093653042,112.168,112.167515030257,112.171508789062,112.170669638331
208.65,112.18337984,112.171557509501,112.173066378905,112.173066378905,112.173066378905,112.168,112.167511618057,112.171557617188,112.170715615606
208.7,112.18337984,112.171545669233,112.173039104768,112.173039104768,112.173039104768,112.168,112.167508205857,112.171606445313,112.17076159288
208.75,112.18337984,112.171533828965,112.173011830631,112.173011830631,112.173011830631,112.168,112.167504793656,112.171655273437,112.170807570155
208.8,112.18337984,112.171521988697,112.172984556494,112.172984556494,112.172984556494,112.168,112.167501381456,112.171704101562,112.170853547429
208.85,112.18337984,112.171510148429,112.172957282357,112.172957282357,112.172957282357,112.168,112.167497969256,112.171752929688,112.170899524704
208.9,112.18337984,112.171498308161,112.17293000822,112.17293000822,112.17293000822,112.168,112.167494557056,112.171801757813,112.170945501979
208.95,112.18337984,112.171486467893,112.172902734083,112.172902734083,112.172902734083,112.168,112.167491144855,112.171850585938,112.170991479253
209,112.18337984,112.171474627625,112.172875459946,112.172875459946,112.172875459946,112.168,112.167487732655,112.171899414062,112.171037456528
209.05,112.18337984,112.171462787357,112.172848185809,112.172848185809,112.172848185809,112.168,112.167484320455,112.171948242187,112.171083433802
209.1,112.18337984,112.171450947089,112.172820911672,112.172820911672,112.172820911672,112.168,112.167480908254,112.171997070312,112.171129411077
209.15,112.18337984,112.171439106821,112.172793637535,112.172793637535,112.172793637535,112.168,112.167477496054,112.172045898438,112.171175388352
209.2,112.18337984,112.171427266553,112.172766363398,112.172766363398,112.172766363398,112.168,112.167474083854,112.172094726563,112.171221365626
209.25,112.18337984,112.171415426285,112.172739089261,112.172739089261,112.172739089261,112.168,112.167470671654,112.172143554687,112.171267342901
209.3,112.18337984,112.171403586018,112.172711815124,112.172711815124,112.172711815124,112.168,112.167467259453,112.172192382812,112.171313320176
209.35,112.18337984,112.17139174575,112.172684540987,112.172684540987,112.172684540987,112.168,112.167463847253,112.172241210938,112.17135929745
209.4,112.18337984,112.171379905482,112.172657266849,112.172657266849,112.172657266849,112.168,112.167460435053,112.172290039063,112.171405274725
209.45,112.18337984,112.171368065214,112.172629992712,112.172629992712,112.172629992712,112.168,112.167457022852,112.172338867188,112.171451251999
209.5,112.18337984,112.171356224946,112.172602718575,112.172602718575,112.172602718575,112.168,112.167453610652,112.172387695312,112.171497229274
209.55,112.18337984,112.171344384678,112.172575444438,112.172575444438,112.172575444438,112.168,112.167450198452,112.172436523437,112.171543206549
209.6,112.18337984,112.17133254441,112.172548170301,112.172548170301,112.172548170301,112.168,112.167446786252,112.172485351562,112.171589183823
209.65,112.18337984,112.171320704142,112.172520896164,112.172520896164,112.172520896164,112.168,112.167443374051,112.172534179688,112.171635161098
209.7,112.18337984,112.171308863874,112.172493622027,112.172493622027,112.172493622027,112.168,112.167439961851,112.172583007813,112.171681138372
209.75,112.18337984,112.171297023606,112.17246634789,112.17246634789,112.17246634789,112.168,112.167436549651,112.172631835937,112.171727115647
209.8,112.18337984,112.171285183338,112.172439073753,112.172439073753,112.172439073753,112.168,112.16743313745,112.172680664062,112.171773092922
209.85,112.18337984,112.17127334307,112.172411799616,112.172411799616,112.172411799616,112.168,112.16742972525,112.172729492188,112.171819070196
209.9,112.18337984,112.171261502802,112.172384525479,112.172384525479,112.172384525479,112.168,112.16742631305,112.172778320313,112.171865047471
209.95,112.18337984,112.171249662534,112.172357251342,112.172357251342,112.172357251342,112.168,112.16742290085,112.172827148438,112.171911024745
210,112.18337984,112.171237822267,112.172329977205,112.172329977205,112.172329977205,112.16825,112.167669488649,112.172875976562,112.17195700202
210.05,112.18337984,112.171216124556,112.172305548518,112.172305548518,112.172305548518,112.16875,112.168174578781,112.172924804687,112.172009712987
210.1,112.18337984,112.171194426846,112.172281119831,112.172281119831,112.172281119831,112.16925,112.168679668913,112.172973632812,112.172062423955
210.15,112.18337984,112.171172729136,112.172256691144,112.172256691144,112.172256691144,112.16975,112.169184759045,112.173022460938,112.172115134922
210.2,112.18337984,112.171151031426,112.172232262456,112.172232262456,112.172232262456,112.17025,112.169689849177,112.173071289063,112.172167845889
210.25,112.18337984,112.171129333716,112.172207833769,112.172207833769,112.172207833769,112.17075,112.170194939309,112.173120117187,112.172220556857
210.3,112.18337984,112.171107636005,112.172183405082,112.172183405082,112.172183405082,112.17125,112.170700029441,112.173168945312,112.172273267824
210.35,112.18337984,112.171085938295,112.172158976395,112.172158976395,112.172158976395,112.17175,112.171205119573,112.173217773438,112.172325978791
210.4,112.18337984,112.171064240585,112.172134547708,112.172134547708,112.172134547708,112.17225,112.171710209705,112.173266601563,112.172378689758
210.45,112.18337984,112.171042542875,112.17211011902,112.17211011902,112.17211011902,112.17275,112.172215299837,112.173315429688,112.172431400726
210.5,112.18337984,112.171020845165,112.172085690333,112.172085690333,112.172085690333,112.17325,112.172720389969,112.173364257812,112.172484111693
210.55,112.18337984,112.170999147455,112.172061261646,112.172061261646,112.172061261646,112.17375,112.173225480101,112.173413085937,112.17253682266
210.6,112.18337984,112.170977449744,112.172036832959,112.172036832959,112.172036832959,112.17425,112.173730570233,112.173461914062,112.172589533628
210.65,112.18337984,112.170955752034,112.172012404271,112.172012404271,112.172012404271,112.17475,112.174235660365,112.173510742188,112.172642244595
210.7,112.18337984,112.170934054324,112.171987975584,112.171987975584,112.171987975584,112.17525,112.174740750496,112.173559570313,112.172694955562
210.75,112.18337984,112.170912356614,112.171963546897,112.171963546897,112.171963546897,112.17575,112.175245840628,112.173608398437,112.172747666529
210.8,112.18337984,112.170890658904,112.17193911821,112.17193911821,112.17193911821,112.17625,112.17575093076,112.173657226562,112.172800377497
210.85,112.18337984,112.170868961194,112.171914689523,112.171914689523,112.171914689523,112.17675,112.176256020892,112.173706054688,112.172853088464
210.9,112.18337984,112.170847263483,112.171890260835,112.171890260835,112.171890260835,112.17725,112.176761111024,112.173754882813,112.172905799431
210.95,112.18337984,112.170825565773,112.171865832148,112.171865832148,112.171865832148,112.17775,112.177266201156,112.173803710938,112.172958510399
211,112.18337984,112.170803868063,112.171841403461,112.171841403461,112.171841403461,112.178175,112.177696291288,112.173852539062,112.173011221366
211.05,112.18337984,112.170782170353,112.171816974774,112.171816974774,112.171816974774,112.178525,112.17805138142,112.173901367187,112.173063932333
211.1,112.18337984,112.170760472643,112.171792546086,112.171792546086,112.171792546086,112.178875,112.178406471552,112.173950195312,112.173116643301
211.15,112.18337984,112.170738774933,112.171768117399,112.171768117399,112.171768117399,112.179225,112.178761561684,112.173999023438,112.173169354268
211.2,112.18337984,112.170717077222,112.171743688712,112.171743688712,112.171743688712,112.179575,112.179116651816,112.174047851563,112.173222065235
211.25,112.18337984,112.170695379512,112.171719260025,112.171719260025,112.171719260025,112.179925,112.179471741948,112.174096679687,112.173274776202
211.3,112.18337984,112.170673681802,112.171694831338,112.171694831338,112.171694831338,112.180275,112.17982683208,112.174145507812,112.17332748717
211.35,112.18337984,112.170651984092,112.17167040265,112.17167040265,112.17167040265,112.180625,112.180181922212,112.174194335938,112.173380198137
211.4,112.18337984,112.170630286382,112.171645973963,112.171645973963,112.171645973963,112.180975,112.180537012344,112.174243164063,112.173432909104
211.45,112.18337984,112.170608588671,112.171621545276,112.171621545276,112.171621545276,112.181325,112.180892102476,112.174291992188,112.173485620072
211.5,112.18337984,112.170586890961,112.171597116589,112.171597116589,112.171597116589,112.181675,112.181247192608,112.174340820312,112.173538331039
211.55,112.18337984,112.170565193251,112.171572687902,112.171572687902,112.171572687902,112.182025,112.18160228274,112.174389648437,112.173591042006
211.6,112.18337984,112.170543495541,112.171548259214,112.171548259214,112.171548259214,112.182375,112.181957372871,112.174438476562,112.173643752973
211.65,112.18337984,112.170521797831,112.171523830527,112.171523830527,112.171523830527,112.182725,112.182312463003,112.174487304688,112.173696463941
211.7,112.18337984,112.170500100121,112.17149940184,112.17149940184,112.17149940184,112.183075,112.182667553135,112.174536132813,112.173749174908
211.75,112.18337984,112.17047840241,112.171474973153,112.171474973153,112.171474973153,112.183425,112.183022643267,112.174584960937,112.173801885875
211.8,112.18337984,112.1704567047,112.171450544465,112.171450544465,112.171450544465,112.183775,112.183377733399,112.174633789062,112.173854596843
211.85,112.18337984,112.17043500699,112.171426115778,112.171426115778,112.171426115778,112.184125,112.183732823531,112.174682617188,112.17390730781
211.9,112.18337984,112.17041330928,112.171401687091,112.171401687091,112.171401687091,112.184475,112.184087913663,112.174731445313,112.173960018777
211.95,112.18337984,112.17039161157,112.171377258404,112.171377258404,112.171377258404,112.184825,112.184443003795,112.174780273438,112.174012729745
212,112.18337984,112.17036991386,112.171352829717,112.171352829717,112.171352829717,112.185,112.184623093927,112.174829101562,112.174065440712
212.05,112.18337984,112.170348216149,112.171328401029,112.171328401029,112.171328401029,112.185,112.184628184059,112.174877929687,112.174118151679
212.1,112.18337984,112.170326518439,112.171303972342,112.171303972342,112.171303972342,112.185,112.184633274191,112.174926757812,112.174170862646
212.15,112.18337984,112.170304820729,112.171279543655,112.171279543655,112.171279543655,112.185,112.184638364323,112.174975585938,112.174223573614
212.2,112.18337984,112.170283123019,112.171255114968,112.171255114968,112.171255114968,112.185,112.184643454455,112.175024414063,112.174276284581
212.25,112.18337984,112.170261425309,112.171230686281,112.171230686281,112.171230686281,112.185,112.184648544587,112.175073242187,112.174328995548
212.3,112.18337984,112.170239727599,112.171206257593,112.171206257593,112.171206257593,112.185,112.184653634719,112.175122070312,112.174381706516
212.35,112.18337984,112.170218029888,112.171181828906,112.171181828906,112.171181828906,112.185,112.184658724851,112.175170898438,112.174434417483
212.4,112.18337984,112.170196332178,112.171157400219,112.171157400219,112.171157400219,112.185,112.184663814983,112.175219726563,112.17448712845
212.45,112.18337984,112.170174634468,112.171132971532,112.171132971532,112.171132971532,112.185,112.184668905115,112.175268554688,112.174539839417
212.5,112.18337984,112.170152936758,112.171108542844,112.171108542844,112.171108542844,112.185,112.184673995246,112.175317382812,112.174592550385
212.55,112.18337984,112.170131239048,112.171084114157,112.171084114157,112.171084114157,112.185,112.184679085378,112.175366210937,112.174645261352
212.6,112.18337984,112.170109541337,112.17105968547,112.17105968547,112.17105968547,112.185,112.18468417551,112.175415039062,112.174697972319
212.65,112.18337984,112.170087843627,112.171035256783,112.171035256783,112.171035256783,112.185,112.184689265642,112.175463867188,112.174750683287
212.7,112.18337984,112.170066145917,112.171010828096,112.171010828096,112.171010828096,112.185,112.184694355774,112.175512695313,112.174803394254
212.75,112.18337984,112.170044448207,112.170986399408,112.170986399408,112.170986399408,112.185,112.184699445906,112.175561523437,112.174856105221
212.8,112.18337984,112.170022750497,112.170961970721,112.170961970721,112.170961970721,112.185,112.184704536038,112.175610351562,112.174908816188
212.85,112.18337984,112.170001052787,112.170937542034,112.170937542034,112.170937542034,112.185,112.18470962617,112.175659179688,112.174961527156
212.9,112.18337984,112.169979355076,112.170913113347,112.170913113347,112.170913113347,112.185,112.184714716302,112.175708007813,112.175014238123
212.95,112.18337984,112.169957657366,112.17088868466,112.17088868466,112.17088868466,112.185,112.184719806434,112.175756835938,112.17506694909
213,112.18337984,112.169935959656,112.170864255972,112.170864255972,112.170864255972,112.185,112.184724896566,112.175756835938,112.175070831933
213.05,112.18337984,112.169914261946,112.170839827285,112.170839827285,112.170839827285,112.185,112.184729986698,112.175708007813,112.17502588665
213.1,112.18337984,112.169892564236,112.170815398598,112.170815398598,112.170815398598,112.185,112.18473507683,112.175659179688,112.174980941367
213.15,112.18337984,112.169870866526,112.170790969911,112.170790969911,112.170790969911,112.185,112.184740166962,112.175610351562,112.174935996085
213.2,112.18337984,112.169849168815,112.170766541223,112.170766541223,112.170766541223,112.185,112.184745257094,112.175561523437,112.174891050802
213.25,112.18337984,112.169827471105,112.170742112536,112.170742112536,112.170742112536,112.185,112.184750347226,112.175512695313,112.174846105519
213.3,112.18337984,112.169805773395,112.170717683849,112.170717683849,112.170717683849,112.185,112.184755437358,112.175463867188,112.174801160236
213.35,112.18337984,112.169784075685,112.170693255162,112.170693255162,112.170693255162,112.185,112.18476052749,112.175415039062,112.174756214954
213.4,112.18337984,112.169762377975,112.170668826475,112.170668826475,112.170668826475,112.185,112.184765617622,112.175366210937,112.174711269671
213.45,112.18337984,112.169740680265,112.170644397787,112.170644397787,112.170644397787,112.185,112.184770707753,112.175317382812,112.174666324388
213.5,112.18337984,112.169718982554,112.1706199691,112.1706199691,112.1706199691,112.185,112.184775797885,112.175268554688,112.174621379106
213.55,112.18337984,112.169697284844,112.170595540413,112.170595540413,112.170595540413,112.185,112.184780888017,112.175219726563,112.174576433823
213.6,112.18337984,112.169675587134,112.170571111726,112.170571111726,112.170571111726,112.185,112.184785978149,112.175170898438,112.17453148854
213.65,112.18337984,112.169653889424,112.170546683038,112.170546683038,112.170546683038,112.185,112.184791068281,112.175122070312,112.174486543257
213.7,112.18337984,112.169632191714,112.170522254351,112.170522254351,112.170522254351,112.185,112.184796158413,112.175073242187,112.174441597975
213.75,112.18337984,112.169610494004,112.170497825664,112.170497825664,112.170497825664,112.185,112.184801248545,112.175024414063,112.174396652692
213.8,112.18337984,112.169588796293,112.170473396977,112.170473396977,112.170473396977,112.185,112.184806338677,112.174975585938,112.174351707409
213.85,112.18337984,112.169567098583,112.17044896829,112.17044896829,112.17044896829,112.185,112.184811428809,112.174926757812,112.174306762127
213.9,112.18337984,112.169545400873,112.170424539602,112.170424539602,112.170424539602,112.185,112.184816518941,112.174877929687,112.174261816844
213.95,112.18337984,112.169523703163,112.170400110915,112.170400110915,112.170400110915,112.185,112.184821609073,112.174829101562,112.174216871561
214,112.18337984,112.169502005453,112.170375682228,112.170375682228,112.170375682228,112.1848,112.184626699205,112.174780273438,112.174171926279
214.05,112.18337984,112.169480307742,112.170351253541,112.170351253541,112.170351253541,112.1844,112.184231789337,112.174731445313,112.174126980996
214.1,112.18337984,112.169458610032,112.170326824854,112.170326824854,112.170326824854,112.184,112.183836879469,112.174682617188,112.174082035713
214.15,112.18337984,112.169436912322,112.170302396166,112.170302396166,112.170302396166,112.1836,112.183441969601,112.174633789062,112.17403709043
214.2,112.18337984,112.169415214612,112.170277967479,112.170277967479,112.170277967479,112.1832,112.183047059733,112.174584960937,112.173992145148
214.25,112.18337984,112.169393516902,112.170253538792,112.170253538792,112.170253538792,112.1828,112.182652149865,112.174536132813,112.173947199865
214.3,112.18337984,112.169371819192,112.170229110105,112.170229110105,112.170229110105,112.1824,112.182257239997,112.174487304688,112.173902254582
214.35,112.18337984,112.169350121481,112.170204681417,112.170204681417,112.170204681417,112.182,112.181862330128,112.174438476562,112.1738573093
214.4,112.18337984,112.169328423771,112.17018025273,112.17018025273,112.17018025273,112.1816,112.18146742026,112.174389648437,112.173812364017
214.45,112.18337984,112.169306726061,112.170155824043,112.170155824043,112.170155824043,112.1812,112.181072510392,112.174340820312,112.173767418734
214.5,112.18337984,112.169285028351,112.170131395356,112.170131395356,112.170131395356,112.1808,112.180677600524,112.174291992188,112.173722473451
214.55,112.18337984,112.169263330641,112.170106966669,112.170106966669,112.170106966669,112.1804,112.180282690656,112.174243164063,112.173677528169
214.6,112.18337984,112.169241632931,112.170082537981,112.170082537981,112.170082537981,112.18,112.179887780788,112.174194335938,112.173632582886
214.65,112.18337984,112.16921993522,112.170058109294,112.170058109294,112.170058109294,112.1796,112.17949287092,112.174145507812,112.173587637603
214.7,112.18337984,112.16919823751,112.170033680607,112.170033680607,112.170033680607,112.1792,112.179097961052,112.174096679687,112.173542692321
214.75,112.18337984,112.1691765398,112.17000925192,112.17000925192,112.17000925192,112.1788,112.178703051184,112.174047851563,112.173497747038
214.8,112.18337984,112.16915484209,112.169984823233,112.169984823233,112.169984823233,112.1784,112.178308141316,112.173999023438,112.173452801755
214.85,112.18337984,112.16913314438,112.169960394545,112.169960394545,112.169960394545,112.178,112.177913231448,112.173950195312,112.173407856472
214.9,112.18337984,112.16911144667,112.169935965858,112.169935965858,112.169935965858,112.1776,112.17751832158,112.173901367187,112.17336291119
214.95,112.18337984,112.169089748959,112.169911537171,112.169911537171,112.169911537171,112.1772,112.177123411712,112.173852539062,112.173317965907
215,112.18337984,112.169068051249,112.169887108484,112.169887108484,112.169887108484,112.176825,112.176753501844,112.173803710938,112.173273020624
215.05,112.18337984,112.169046353539,112.169862679796,112.169862679796,112.169862679796,112.176475,112.176408591976,112.173754882813,112.173228075342
215.1,112.18337984,112.169024655829,112.169838251109,112.169838251109,112.169838251109,112.176125,112.176063682108,112.173706054688,112.173183130059
215.15,112.18337984,112.169002958119,112.169813822422,112.169813822422,112.169813822422,112.175775,112.17571877224,112.173657226562,112.173138184776
215.2,112.18337984,112.168981260408,112.169789393735,112.169789393735,112.169789393735,112.175425,112.175373862372,112.173608398437,112.173093239494
215.25,112.18337984,112.168959562698,112.169764965048,112.169764965048,112.169764965048,112.175075,112.175028952503,112.173559570313,112.173048294211
215.3,112.18337984,112.168937864988,112.16974053636,112.16974053636,112.16974053636,112.174725,112.174684042635,112.173510742188,112.173003348928
215.35,112.18337984,112.168916167278,112.169716107673,112.169716107673,112.169716107673,112.174375,112.174339132767,112.173461914062,112.172958403645
215.4,112.18337984,112.168894469568,112.169691678986,112.169691678986,112.169691678986,112.174025,112.173994222899,112.173413085937,112.172913458363
215.45,112.18337984,112.168872771858,112.169667250299,112.169667250299,112.169667250299,112.173675,112.173649313031,112.173364257812,112.17286851308
215.5,112.18337984,112.168851074147,112.169642821612,112.169642821612,112.169642821612,112.173325,112.173304403163,112.173315429688,112.172823567797
215.55,112.18337984,112.168829376437,112.169618392924,112.169618392924,112.169618392924,112.172975,112.172959493295,112.173266601563,112.172778622515
215.6,112.18337984,112.168807678727,112.169593964237,112.169593964237,112.169593964237,112.172625,112.172614583427,112.173217773438,112.172733677232
215.65,112.18337984,112.168785981017,112.16956953555,112.16956953555,112.16956953555,112.172275,112.172269673559,112.173168945312,112.172688731949
215.7,112.18337984,112.168764283307,112.169545106863,112.169545106863,112.169545106863,112.171925,112.171924763691,112.173120117187,112.172643786666
215.75,112.18337984,112.168742585597,112.169520678175,112.169520678175,112.169520678175,112.171575,112.171579853823,112.173071289063,112.172598841384
215.8,112.18337984,112.168720887886,112.169496249488,112.169496249488,112.169496249488,112.171225,112.171234943955,112.173022460938,112.172553896101
215.85,112.18337984,112.168699190176,112.169471820801,112.169471820801,112.169471820801,112.170875,112.170890034087,112.172973632812,112.172508950818
215.9,112.18337984,112.168677492466,112.169447392114,112.169447392114,112.169447392114,112.170525,112.170545124219,112.172924804687,112.172464005536
215.95,112.18337984,112.168655794756,112.169422963427,112.169422963427,112.169422963427,112.170175,112.170200214351,112.172875976562,112.172419060253
216,112.18337984,112.168634097046,112.169398534739,112.169398534739,112.169398534739,112.16995,112.169980304483,112.172827148438,112.17237411497
216.05,112.18337984,112.168612399336,112.169374106052,112.169374106052,112.169374106052,112.16985,112.169885394615,112.172778320313,112.172329169688
216.1,112.18337984,112.168590701625,112.169349677365,112.169349677365,112.169349677365,112.16975,112.169790484747,112.172729492188,112.172284224405
216.15,112.18337984,112.168569003915,112.169325248678,112.169325248678,112.169325248678,112.16965,112.169695574879,112.172680664062,112.172239279122
216.2,112.18337984,112.168547306205,112.169300819991,112.169300819991,112.169300819991,112.16955,112.16960066501,112.172631835937,112.172194333839
216.25,112.18337984,112.168525608495,112.169276391303,112.169276391303,112.169276391303,112.16945,112.169505755142,112.172583007813,112.172149388557
216.3,112.18337984,112.168503910785,112.169251962616,112.169251962616,112.169251962616,112.16935,112.169410845274,112.172534179688,112.172104443274
216.35,112.18337984,112.168482213074,112.169227533929,112.169227533929,112.169227533929,112.16925,112.169315935406,112.172485351562,112.172059497991
216.4,112.18337984,112.168460515364,112.169203105242,112.169203105242,112.169203105242,112.16915,112.169221025538,112.172436523437,112.172014552709
216.45,112.18337984,112.168438817654,112.169178676554,112.169178676554,112.169178676554,112.16905,112.16912611567,112.172387695312,112.171969607426
216.5,112.18337984,112.168417119944,112.169154247867,112.169154247867,112.169154247867,112.16895,112.169031205802,112.172338867188,112.171924662143
216.55,112.18337984,112.168395422234,112.16912981918,112.16912981918,112.16912981918,112.16885,112.168936295934,112.172290039063,112.17187971686
216.6,112.18337984,112.168373724524,112.169105390493,112.169105390493,112.169105390493,112.16875,112.168841386066,112.172241210938,112.171834771578
216.65,112.18337984,112.168352026813,112.169080961806,112.169080961806,112.169080961806,112.16865,112.168746476198,112.172192382812,112.171789826295
216.7,112.18337984,112.168330329103,112.169056533118,112.169056533118,112.169056533118,112.16855,112.16865156633,112.172143554687,112.171744881012
216.75,112.18337984,112.168308631393,112.169032104431,112.169032104431,112.169032104431,112.16845,112.168556656462,112.172094726563,112.17169993573
216.8,112.18337984,112.168286933683,112.169007675744,112.169007675744,112.169007675744,112.16835,112.168461746594,112.172045898438,112.171654990447
216.85,112.18337984,112.168265235973,112.168983247057,112.168983247057,112.168983247057,112.16825,112.168366836726,112.171997070312,112.171610045164
216.9,112.18337984,112.168243538263,112.168958818369,112.168958818369,112.168958818369,112.16815,112.168271926858,112.171948242187,112.171565099881
216.95,112.18337984,112.168221840552,112.168934389682,112.168934389682,112.168934389682,112.16805,112.16817701699,112.171899414062,112.171520154599
217,112.18337984,112.168200142842,112.168909960995,112.168909960995,112.168909960995,112.168,112.168132107122,112.171850585938,112.171475209316
217.05,112.18337984,112.168178445132,112.168885532308,112.168885532308,112.168885532308,112.168,112.168137197254,112.171801757813,112.171430264033
217.1,112.18337984,112.168156747422,112.168861103621,112.168861103621,112.168861103621,112.168,112.168142287385,112.171752929688,112.171385318751
217.15,112.18337984,112.168135049712,112.168836674933,112.168836674933,112.168836674933,112.168,112.168147377517,112.171704101562,112.171340373468
217.2,112.18337984,112.168113352002,112.168812246246,112.168812246246,112.168812246246,112.168,112.168152467649,112.171655273437,112.171295428185
217.25,112.18337984,112.168091654291,112.168787817559,112.168787817559,112.168787817559,112.168,112.168157557781,112.171606445313,112.171250482903
217.3,112.18337984,112.168069956581,112.168763388872,112.168763388872,112.168763388872,112.168,112.168162647913,112.171557617188,112.17120553762
217.35,112.18337984,112.168048258871,112.168738960185,112.168738960185,112.168738960185,112.168,112.168167738045,112.171508789062,112.171160592337
217.4,112.18337984,112.168026561161,112.168714531497,112.168714531497,112.168714531497,112.168,112.168172828177,112.171459960937,112.171115647054
217.45,112.18337984,112.168004863451,112.16869010281,112.16869010281,112.16869010281,112.168,112.168177918309,112.171411132812,112.171070701772
217.5,112.18337984,112.16798316574,112.168665674123,112.168665674123,112.168665674123,112.168,112.168183008441,112.171362304688,112.171025756489
217.55,112.18337984,112.16796146803,112.168641245436,112.168641245436,112.168641245436,112.168,112.168188098573,112.171313476563,112.170980811206
217.6,112.18337984,112.16793977032,112.168616816748,112.168616816748,112.168616816748,112.168,112.168193188705,112.171264648438,112.170935865924
217.65,112.18337984,112.16791807261,112.168592388061,112.168592388061,112.168592388061,112.168,112.168198278837,112.171215820312,112.170890920641
217.7,112.18337984,112.1678963749,112.168567959374,112.168567959374,112.168567959374,112.168,112.168203368969,112.171166992187,112.170845975358
217.75,112.18337984,112.16787467719,112.168543530687,112.168543530687,112.168543530687,112.168,112.168208459101,112.171118164063,112.170801030075
217.8,112.18337984,112.167852979479,112.168519102,112.168519102,112.168519102,112.168,112.168213549233,112.171069335938,112.170756084793
217.85,112.18337984,112.167831281769,112.168494673312,112.168494673312,112.168494673312,112.168,112.168218639365,112.171020507812,112.17071113951
217.9,112.18337984,112.167809584059,112.168470244625,112.168470244625,112.168470244625,112.168,112.168223729497,112.170971679687,112.170666194227
217.95,112.18337984,112.167787886349,112.168445815938,112.168445815938,112.168445815938,112.168,112.168228819629,112.170922851562,112.170621248945
218,112.18337984,112.167766188639,112.168421387251,112.168421387251,112.168421387251,112.167975,112.16820890976,112.170874023438,112.170576303662
218.05,112.18337984,112.167744490929,112.168396958564,112.168396958564,112.168396958564,112.167925,112.168163999892,112.170825195313,112.170531358379
218.1,112.18337984,112.167722793218,112.168372529876,112.168372529876,112.168372529876,112.167875,112.168119090024,112.170776367188,112.170486413097
218.15,112.18337984,112.167701095508,112.168348101189,112.168348101189,112.168348101189,112.167825,112.168074180156,112.170727539062,112.170441467814
218.2,112.18337984,112.167679397798,112.168323672502,112.168323672502,112.168323672502,112.167775,112.168029270288,112.170678710937,112.170396522531
218.25,112.18337984,112.167657700088,112.168299243815,112.168299243815,112.168299243815,112.167725,112.16798436042,112.170629882813,112.170351577248
218.3,112.18337984,112.167636002378,112.168274815127,112.168274815127,112.168274815127,112.167675,112.167939450552,112.170581054688,112.170306631966
218.35,112.18337984,112.167614304668,112.16825038644,112.16825038644,112.16825038644,112.167625,112.167894540684,112.170532226562,112.170261686683
218.4,112.18337984,112.167592606957,112.168225957753,112.168225957753,112.168225957753,112.167575,112.167849630816,112.170483398437,112.1702167414
218.45,112.18337984,112.167570909247,112.168201529066,112.168201529066,112.168201529066,112.167525,112.167804720948,112.170434570312,112.170171796118
218.5,112.18337984,112.167549211537,112.168177100379,112.168177100379,112.168177100379,112.167475,112.16775981108,112.170385742188,112.170126850835
218.55,112.18337984,112.167527513827,112.168152671691,112.168152671691,112.168152671691,112.167425,112.167714901212,112.170336914063,112.170081905552
218.6,112.18337984,112.167505816117,112.168128243004,112.168128243004,112.168128243004,112.167375,112.167669991344,112.170288085938,112.170036960269
218.65,112.18337984,112.167484118406,112.168103814317,112.168103814317,112.168103814317,112.167325,112.167625081476,112.170239257812,112.169992014987
218.7,112.18337984,112.167462420696,112.16807938563,112.16807938563,112.16807938563,112.167275,112.167580171608,112.170190429687,112.169947069704
218.75,112.18337984,112.167440722986,112.168054956943,112.168054956943,112.168054956943,112.167225,112.16753526174,112.170141601563,112.169902124421
218.8,112.18337984,112.167419025276,112.168030528255,112.168030528255,112.168030528255,112.167175,112.167490351872,112.170092773438,112.169857179139
218.85,112.18337984,112.167397327566,112.168006099568,112.168006099568,112.168006099568,112.167125,112.167445442004,112.170043945312,112.169812233856
218.9,112.18337984,112.167375629856,112.167981670881,112.167981670881,112.167981670881,112.167075,112.167400532136,112.169995117187,112.169767288573
218.95,112.18337984,112.167353932145,112.167957242194,112.167957242194,112.167957242194,112.167025,112.167355622267,112.169946289062,112.169722343291
219,112.18337984,112.167332234435,112.167932813506,112.167932813506,112.167932813506,112.167,112.167335712399,112.169897460938,112.169677398008
219.05,112.18337984,112.167310536725,112.167908384819,112.167908384819,112.167908384819,112.167,112.167340802531,112.169848632813,112.169632452725
219.1,112.18337984,112.167288839015,112.167883956132,112.167883956132,112.167883956132,112.167,112.167345892663,112.169799804688,112.169587507442
219.15,112.18337984,112.167267141305,112.167859527445,112.167859527445,112.167859527445,112.167,112.167350982795,112.169750976562,112.16954256216
219.2,112.18337984,112.167245443595,112.167835098758,112.167835098758,112.167835098758,112.167,112.167356072927,112.169702148437,112.169497616877
219.25,112.18337984,112.167223745884,112.16781067007,112.16781067007,112.16781067007,112.167,112.167361163059,112.169653320313,112.169452671594
219.3,112.18337984,112.167202048174,112.167786241383,112.167786241383,112.167786241383,112.167,112.167366253191,112.169604492188,112.169407726312
219.35,112.18337984,112.167180350464,112.167761812696,112.167761812696,112.167761812696,112.167,112.167371343323,112.169555664062,112.169362781029
219.4,112.18337984,112.167158652754,112.167737384009,112.167737384009,112.167737384009,112.167,112.167376433455,112.169506835937,112.169317835746
219.45,112.18337984,112.167136955044,112.167712955322,112.167712955322,112.167712955322,112.167,112.167381523587,112.169458007812,112.169272890463
219.5,112.18337984,112.167115257334,112.167688526634,112.167688526634,112.167688526634,112.167,112.167386613719,112.169409179688,112.169227945181
219.55,112.18337984,112.167093559623,112.167664097947,112.167664097947,112.167664097947,112.167,112.167391703851,112.169360351563,112.169182999898
219.6,112.18337984,112.167071861913,112.16763966926,112.16763966926,112.16763966926,112.167,112.167396793983,112.169311523438,112.169138054615
219.65,112.18337984,112.167050164203,112.167615240573,112.167615240573,112.167615240573,112.167,112.167401884115,112.169262695312,112.169093109333
219.7,112.18337984,112.167028466493,112.167590811885,112.167590811885,112.167590811885,112.167,112.167406974247,112.169213867187,112.16904816405
219.75,112.18337984,112.167006768783,112.167566383198,112.167566383198,112.167566383198,112.167,112.167412064379,112.169165039063,112.169003218767
219.8,112.18337984,112.166985071073,112.167541954511,112.167541954511,112.167541954511,112.167,112.167417154511,112.169116210938,112.168958273484
219.85,112.18337984,112.166963373362,112.167517525824,112.167517525824,112.167517525824,112.167,112.167422244642,112.169067382812,112.168913328202
219.9,112.18337984,112.166941675652,112.167493097137,112.167493097137,112.167493097137,112.167,112.167427334774,112.169018554687,112.168868382919
219.95,112.18337984,112.166919977942,112.167468668449,112.167468668449,112.167468668449,112.167,112.167432424906,112.168969726562,112.168823437636
220,112.18337984,112.166898280232,112.167444239762,112.167444239762,112.167444239762,112.167,112.167437515038,112.168920898438,112.168778492354
220.05,112.18337984,112.166881631284,112.167403180699,112.167403180699,112.167403180699,112.167,112.167433634111,112.168872070313,112.168731186216
220.1,112.18337984,112.166864982337,112.167362121636,112.167362121636,112.167362121636,112.167,112.167429753183,112.168823242188,112.168683880077
220.15,112.18337984,112.16684833339,112.167321062572,112.167321062572,112.167321062572,112.167,112.167425872255,112.168774414062,112.168636573939
220.2,112.18337984,112.166831684443,112.167280003509,112.167280003509,112.167280003509,112.167,112.167421991328,112.168725585937,112.168589267801
220.25,112.18337984,112.166815035495,112.167238944446,112.167238944446,112.167238944446,112.167,112.1674181104,112.168676757813,112.168541961663
220.3,112.18337984,112.166798386548,112.167197885382,112.167197885382,112.167197885382,112.167,112.167414229472,112.168627929688,112.168494655525
220.35,112.18337984,112.166781737601,112.167156826319,112.167156826319,112.167156826319,112.167,112.167410348545,112.168579101562,112.168447349387
220.4,112.18337984,112.166765088653,112.167115767256,112.167115767256,112.167115767256,112.167,112.167406467617,112.168530273437,112.168400043248
220.45,112.18337984,112.166748439706,112.167074708193,112.167074708193,112.167074708193,112.167,112.16740258669,112.168481445312,112.16835273711
220.5,112.18337984,112.166731790759,112.167033649129,112.167033649129,112.167033649129,112.167,112.167398705762,112.168432617188,112.168305430972
220.55,112.18337984,112.166715141811,112.166992590066,112.166992590066,112.166992590066,112.167,112.167394824834,112.168383789063,112.168258124834
220.6,112.18337984,112.166698492864,112.166951531003,112.166951531003,112.166951531003,112.167,112.167390943907,112.168334960938,112.168210818696
220.65,112.18337984,112.166681843917,112.166910471939,112.166910471939,112.166910471939,112.167,112.167387062979,112.168286132812,112.168163512558
220.7,112.18337984,112.166665194969,112.166869412876,112.166869412876,112.166869412876,112.167,112.167383182051,112.168237304687,112.16811620642
220.75,112.18337984,112.166648546022,112.166828353813,112.166828353813,112.166828353813,112.167,112.167379301124,112.168188476563,112.168068900281
220.8,112.18337984,112.166631897075,112.166787294749,112.166787294749,112.166787294749,112.167,112.167375420196,112.168139648438,112.168021594143
220.85,112.18337984,112.166615248127,112.166746235686,112.166746235686,112.166746235686,112.167,112.167371539268,112.168090820312,112.167974288005
220.9,112.18337984,112.16659859918,112.166705176623,112.166705176623,112.166705176623,112.167,112.167367658341,112.168041992187,112.167926981867
220.95,112.18337984,112.166581950233,112.16666411756,112.16666411756,112.16666411756,112.167,112.167363777413,112.167993164062,112.167879675729
221,112.18337984,112.166565301285,112.166623058496,112.166623058496,112.166623058496,112.1669,112.167259896486,112.167944335938,112.167832369591
221.05,112.18337984,112.166548652338,112.166581999433,112.166581999433,112.166581999433,112.1667,112.167056015558,112.167895507813,112.167785063453
221.1,112.18337984,112.166532003391,112.16654094037,112.16654094037,112.16654094037,112.1665,112.16685213463,112.167846679688,112.167737757314
221.15,112.18337984,112.166515354443,112.166499881306,112.166499881306,112.166499881306,112.1663,112.166648253703,112.167797851562,112.167690451176
221.2,112.18337984,112.166498705496,112.166458822243,112.166458822243,112.166458822243,112.1661,112.166444372775,112.167749023437,112.167643145038
221.25,112.18337984,112.166482056549,112.16641776318,112.16641776318,112.16641776318,112.1659,112.166240491847,112.167700195313,112.1675958389
221.3,112.18337984,112.166465407601,112.166376704117,112.166376704117,112.166376704117,112.1657,112.16603661092,112.167651367188,112.167548532762
221.35,112.18337984,112.166448758654,112.166335645053,112.166335645053,112.166335645053,112.1655,112.165832729992,112.167602539062,112.167501226624
221.4,112.18337984,112.166432109707,112.16629458599,112.16629458599,112.16629458599,112.1653,112.165628849064,112.167553710937,112.167453920486
221.45,112.18337984,112.16641546076,112.166253526927,112.166253526927,112.166253526927,112.1651,112.165424968137,112.167504882812,112.167406614347
221.5,112.18337984,112.166398811812,112.166212467863,112.166212467863,112.166212467863,112.1649,112.165221087209,112.167456054688,112.167359308209
221.55,112.18337984,112.166382162865,112.1661714088,112.1661714088,112.1661714088,112.1647,112.165017206282,112.167407226563,112.167312002071
221.6,112.18337984,112.166365513918,112.166130349737,112.166130349737,112.166130349737,112.1645,112.164813325354,112.167358398438,112.167264695933
221.65,112.18337984,112.16634886497,112.166089290673,112.166089290673,112.166089290673,112.1643,112.164609444426,112.167309570312,112.167217389795
221.7,112.18337984,112.166332216023,112.16604823161,112.16604823161,112.16604823161,112.1641,112.164405563499,112.167260742187,112.167170083657
221.75,112.18337984,112.166315567076,112.166007172547,112.166007172547,112.166007172547,112.1639,112.164201682571,112.167211914063,112.167122777519
221.8,112.18337984,112.166298918128,112.165966113484,112.165966113484,112.165966113484,112.1637,112.163997801643,112.167163085938,112.16707547138
221.85,112.18337984,112.166282269181,112.16592505442,112.16592505442,112.16592505442,112.1635,112.163793920716,112.167114257812,112.167028165242
221.9,112.18337984,112.166265620234,112.165883995357,112.165883995357,112.165883995357,112.1633,112.163590039788,112.167065429687,112.166980859104
221.95,112.18337984,112.166248971286,112.165842936294,112.165842936294,112.165842936294,112.1631,112.16338615886,112.167016601562,112.166933552966
222,112.18337984,112.166232322339,112.16580187723,112.16580187723,112.16580187723,112.162875,112.163157277933,112.166967773438,112.166886246828
222.05,112.18337984,112.166215673392,112.165760818167,112.165760818167,112.165760818167,112.162625,112.162903397005,112.166918945313,112.16683894069
222.1,112.18337984,112.166199024444,112.165719759104,112.165719759104,112.165719759104,112.162375,112.162649516077,112.166870117188,112.166791634552
222.15,112.18337984,112.166182375497,112.165678700041,112.165678700041,112.165678700041,112.162125,112.16239563515,112.166821289062,112.166744328413
222.2,112.18337984,112.16616572655,112.165637640977,112.165637640977,112.165637640977,112.161875,112.162141754222,112.166772460937,112.166697022275
222.25,112.18337984,112.166149077602,112.165596581914,112.165596581914,112.165596581914,112.161625,112.161887873295,112.166723632813,112.166649716137
222.3,112.18337984,112.166132428655,112.165555522851,112.165555522851,112.165555522851,112.161375,112.161633992367,112.166674804688,112.166602409999
222.35,112.18337984,112.166115779708,112.165514463787,112.165514463787,112.165514463787,112.161125,112.161380111439,112.166625976562,112.166555103861
222.4,112.18337984,112.16609913076,112.165473404724,112.165473404724,112.165473404724,112.160875,112.161126230512,112.166577148437,112.166507797723
222.45,112.18337984,112.166082481813,112.165432345661,112.165432345661,112.165432345661,112.160625,112.160872349584,112.166528320312,112.166460491585
222.5,112.18337984,112.166065832866,112.165391286598,112.165391286598,112.165391286598,112.160375,112.160618468656,112.166479492188,112.166413185446
222.55,112.18337984,112.166049183918,112.165350227534,112.165350227534,112.165350227534,112.160125,112.160364587729,112.166430664063,112.166365879308
222.6,112.18337984,112.166032534971,112.165309168471,112.165309168471,112.165309168471,112.159875,112.160110706801,112.166381835938,112.16631857317
222.65,112.18337984,112.166015886024,112.165268109408,112.165268109408,112.165268109408,112.159625,112.159856825873,112.166333007812,112.166271267032
222.7,112.18337984,112.165999237077,112.165227050344,112.165227050344,112.165227050344,112.159375,112.159602944946,112.166284179687,112.166223960894
222.75,112.18337984,112.165982588129,112.165185991281,112.165185991281,112.165185991281,112.159125,112.159349064018,112.166235351563,112.166176654756
222.8,112.18337984,112.165965939182,112.165144932218,112.165144932218,112.165144932218,112.158875,112.159095183091,112.166186523438,112.166129348617
222.85,112.18337984,112.165949290235,112.165103873154,112.165103873154,112.165103873154,112.158625,112.158841302163,112.166137695312,112.166082042479
222.9,112.18337984,112.165932641287,112.165062814091,112.165062814091,112.165062814091,112.158375,112.158587421235,112.166088867187,112.166034736341
222.95,112.18337984,112.16591599234,112.165021755028,112.165021755028,112.165021755028,112.158125,112.158333540308,112.166040039062,112.165987430203
223,112.18337984,112.165899343393,112.164980695965,112.164980695965,112.164980695965,112.158,112.15820465938,112.165991210938,112.165940124065
223.05,112.18337984,112.165882694445,112.164939636901,112.164939636901,112.164939636901,112.158,112.158200778452,112.165942382813,112.165892817927
223.1,112.18337984,112.165866045498,112.164898577838,112.164898577838,112.164898577838,112.158,112.158196897525,112.165893554688,112.165845511789
223.15,112.18337984,112.165849396551,112.164857518775,112.164857518775,112.164857518775,112.158,112.158193016597,112.165844726562,112.16579820565
223.2,112.18337984,112.165832747603,112.164816459711,112.164816459711,112.164816459711,112.158,112.158189135669,112.165795898437,112.165750899512
223.25,112.18337984,112.165816098656,112.164775400648,112.164775400648,112.164775400648,112.158,112.158185254742,112.165747070313,112.165703593374
223.3,112.18337984,112.165799449709,112.164734341585,112.164734341585,112.164734341585,112.158,112.158181373814,112.165698242188,112.165656287236
223.35,112.18337984,112.165782800761,112.164693282522,112.164693282522,112.164693282522,112.158,112.158177492886,112.165649414062,112.165608981098
223.4,112.18337984,112.165766151814,112.164652223458,112.164652223458,112.164652223458,112.158,112.158173611959,112.165600585937,112.16556167496
223.45,112.18337984,112.165749502867,112.164611164395,112.164611164395,112.164611164395,112.158,112.158169731031,112.165551757812,112.165514368822
223.5,112.18337984,112.165732853919,112.164570105332,112.164570105332,112.164570105332,112.158,112.158165850104,112.165502929688,112.165467062683
223.55,112.18337984,112.165716204972,112.164529046268,112.164529046268,112.164529046268,112.158,112.158161969176,112.165454101563,112.165419756545
223.6,112.18337984,112.165699556025,112.164487987205,112.164487987205,112.164487987205,112.158,112.158158088248,112.165405273438,112.165372450407
223.65,112.18337984,112.165682907077,112.164446928142,112.164446928142,112.164446928142,112.158,112.158154207321,112.165356445312,112.165325144269
223.7,112.18337984,112.16566625813,112.164405869079,112.164405869079,112.164405869079,112.158,112.158150326393,112.165307617187,112.165277838131
223.75,112.18337984,112.165649609183,112.164364810015,112.164364810015,112.164364810015,112.158,112.158146445465,112.165258789063,112.165230531993
223.8,112.18337984,112.165632960235,112.164323750952,112.164323750952,112.164323750952,112.158,112.158142564538,112.165209960938,112.165183225855
223.85,112.18337984,112.165616311288,112.164282691889,112.164282691889,112.164282691889,112.158,112.15813868361,112.165161132812,112.165135919716
223.9,112.18337984,112.165599662341,112.164241632825,112.164241632825,112.164241632825,112.158,112.158134802682,112.165112304687,112.165088613578
223.95,112.18337984,112.165583013393,112.164200573762,112.164200573762,112.164200573762,112.158,112.158130921755,112.165063476562,112.16504130744
224,112.18337984,112.165566364446,112.164159514699,112.164159514699,112.164159514699,112.158,112.158127040827,112.165014648438,112.164994001302
224.05,112.18337984,112.165549715499,112.164118455635,112.164118455635,112.164118455635,112.158,112.1581231599,112.164965820313,112.164946695164
224.1,112.18337984,112.165533066552,112.164077396572,112.164077396572,112.164077396572,112.158,112.158119278972,112.164916992188,112.164899389026
224.15,112.18337984,112.165516417604,112.164036337509,112.164036337509,112.164036337509,112.158,112.158115398044,112.164868164062,112.164852082888
224.2,112.18337984,112.165499768657,112.163995278446,112.163995278446,112.163995278446,112.158,112.158111517117,112.164819335937,112.164804776749
224.25,112.18337984,112.16548311971,112.163954219382,112.163954219382,112.163954219382,112.158,112.158107636189,112.164770507813,112.164757470611
224.3,112.18337984,112.165466470762,112.163913160319,112.163913160319,112.163913160319,112.158,112.158103755261,112.164721679688,112.164710164473
224.35,112.18337984,112.165449821815,112.163872101256,112.163872101256,112.163872101256,112.158,112.158099874334,112.164672851562,112.164662858335
224.4,112.18337984,112.165433172868,112.163831042192,112.163831042192,112.163831042192,112.158,112.158095993406,112.164624023437,112.164615552197
224.45,112.18337984,112.16541652392,112.163789983129,112.163789983129,112.163789983129,112.158,112.158092112478,112.164575195312,112.164568246059
224.5,112.18337984,112.165399874973,112.163748924066,112.163748924066,112.163748924066,112.158,112.158088231551,112.164526367188,112.164520939921
224.55,112.18337984,112.165383226026,112.163707865003,112.163707865003,112.163707865003,112.158,112.158084350623,112.164477539063,112.164473633782
224.6,112.18337984,112.165366577078,112.163666805939,112.163666805939,112.163666805939,112.158,112.158080469696,112.164428710938,112.164426327644
224.65,112.18337984,112.165349928131,112.163625746876,112.163625746876,112.163625746876,112.158,112.158076588768,112.164379882812,112.164379021506
224.7,112.18337984,112.165333279184,112.163584687813,112.163584687813,112.163584687813,112.158,112.15807270784,112.164331054687,112.164331715368
224.75,112.18337984,112.165316630236,112.163543628749,112.163543628749,112.163543628749,112.158,112.158068826913,112.164282226563,112.16428440923
224.8,112.18337984,112.165299981289,112.163502569686,112.163502569686,112.163502569686,112.158,112.158064945985,112.164233398438,112.164237103092
224.85,112.18337984,112.165283332342,112.163461510623,112.163461510623,112.163461510623,112.158,112.158061065057,112.164184570312,112.164189796953
224.9,112.18337984,112.165266683394,112.163420451559,112.163420451559,112.163420451559,112.158,112.15805718413,112.164135742187,112.164142490815
224.95,112.18337984,112.165250034447,112.163379392496,112.163379392496,112.163379392496,112.158,112.158053303202,112.164086914062,112.164095184677
225,112.18337984,112.1652333855,112.163338333433,112.163338333433,112.163338333433,112.15815,112.158199422274,112.164038085938,112.164047878539
225.05,112.18337984,112.165216736552,112.16329727437,112.16329727437,112.16329727437,112.15845,112.158495541347,112.163989257813,112.164000572401
225.1,112.18337984,112.165200087605,112.163256215306,112.163256215306,112.163256215306,112.15875,112.158791660419,112.163940429688,112.163953266263
225.15,112.18337984,112.165183438658,112.163215156243,112.163215156243,112.163215156243,112.15905,112.159087779491,112.163891601562,112.163905960125
225.2,112.18337984,112.16516678971,112.16317409718,112.16317409718,112.16317409718,112.15935,112.159383898564,112.163842773437,112.163858653986
225.25,112.18337984,112.165150140763,112.163133038116,112.163133038116,112.163133038116,112.15965,112.159680017636,112.163793945313,112.163811347848
225.3,112.18337984,112.165133491816,112.163091979053,112.163091979053,112.163091979053,112.15995,112.159976136709,112.163745117188,112.16376404171
225.35,112.18337984,112.165116842869,112.16305091999,112.16305091999,112.16305091999,112.16025,112.160272255781,112.163696289062,112.163716735572
225.4,112.18337984,112.165100193921,112.163009860927,112.163009860927,112.163009860927,112.16055,112.160568374853,112.163647460937,112.163669429434
225.45,112.18337984,112.165083544974,112.162968801863,112.162968801863,112.162968801863,112.16085,112.160864493926,112.163598632812,112.163622123296
225.5,112.18337984,112.165066896027,112.1629277428,112.1629277428,112.1629277428,112.16115,112.161160612998,112.163549804688,112.163574817158
225.55,112.18337984,112.165050247079,112.162886683737,112.162886683737,112.162886683737,112.16145,112.16145673207,112.163500976563,112.163527511019
225.6,112.18337984,112.165033598132,112.162845624673,112.162845624673,112.162845624673,112.16175,112.161752851143,112.163452148438,112.163480204881
225.65,112.18337984,112.165016949185,112.16280456561,112.16280456561,112.16280456561,112.16205,112.162048970215,112.163403320312,112.163432898743
225.7,112.18337984,112.165000300237,112.162763506547,112.162763506547,112.162763506547,112.16235,112.162345089287,112.163354492187,112.163385592605
225.75,112.18337984,112.16498365129,112.162722447484,112.162722447484,112.162722447484,112.16265,112.16264120836,112.163305664063,112.163338286467
225.8,112.18337984,112.164967002343,112.16268138842,112.16268138842,112.16268138842,112.16295,112.162937327432,112.163256835938,112.163290980329
225.85,112.18337984,112.164950353395,112.162640329357,112.162640329357,112.162640329357,112.16325,112.163233446505,112.163208007812,112.163243674191
225.9,112.18337984,112.164933704448,112.162599270294,112.162599270294,112.162599270294,112.16355,112.163529565577,112.163159179687,112.163196368052
225.95,112.18337984,112.164917055501,112.16255821123,112.16255821123,112.16255821123,112.16385,112.163825684649,112.163110351562,112.163149061914
226,112.18337984,112.164900406553,112.162517152167,112.162517152167,112.162517152167,112.1642,112.164171803722,112.163061523438,112.163101755776
226.05,112.18337984,112.164883757606,112.162476093104,112.162476093104,112.162476093104,112.1646,112.164567922794,112.163012695313,112.163054449638
226.1,112.18337984,112.164867108659,112.16243503404,112.16243503404,112.16243503404,112.165,112.164964041866,112.162963867188,112.1630071435
226.15,112.18337984,112.164850459711,112.162393974977,112.162393974977,112.162393974977,112.1654,112.165360160939,112.162915039062,112.162959837362
226.2,112.18337984,112.164833810764,112.162352915914,112.162352915914,112.162352915914,112.1658,112.165756280011,112.162866210937,112.162912531224
226.25,112.18337984,112.164817161817,112.162311856851,112.162311856851,112.162311856851,112.1662,112.166152399083,112.162817382813,112.162865225085
226.3,112.18337984,112.164800512869,112.162270797787,112.162270797787,112.162270797787,112.1666,112.166548518156,112.162768554688,112.162817918947
226.35,112.18337984,112.164783863922,112.162229738724,112.162229738724,112.162229738724,112.167,112.166944637228,112.162719726562,112.162770612809
226.4,112.18337984,112.164767214975,112.162188679661,112.162188679661,112.162188679661,112.1674,112.167340756301,112.162670898437,112.162723306671
226.45,112.18337984,112.164750566027,112.162147620597,112.162147620597,112.162147620597,112.1678,112.167736875373,112.162622070312,112.162676000533
226.5,112.18337984,112.16473391708,112.162106561534,112.162106561534,112.162106561534,112.1682,112.168132994445,112.162573242188,112.162628694395
226.55,112.18337984,112.164717268133,112.162065502471,112.162065502471,112.162065502471,112.1686,112.168529113518,112.162524414063,112.162581388257
226.6,112.18337984,112.164700619186,112.162024443408,112.162024443408,112.162024443408,112.169,112.16892523259,112.162475585938,112.162534082118
226.65,112.18336976,112.164683970238,112.161983384344,112.161983384344,112.161983384344,112.1694,112.169321351662,112.162426757812,112.16248677598
226.7,112.18333952,112.164667321291,112.161942325281,112.161942325281,112.161942325281,112.1698,112.169717470735,112.162377929687,112.162439469842
226.75,112.18330032,112.164650672344,112.161901266218,112.161901266218,112.161901266218,112.1702,112.170113589807,112.162329101563,112.162392163704
226.8,112.18326224,112.164634023396,112.161860207154,112.161860207154,112.161860207154,112.1706,112.170509708879,112.162280273438,112.162344857566
226.85,112.18322304,112.164617374449,112.161819148091,112.161819148091,112.161819148091,112.171,112.170905827952,112.162231445312,112.162297551428
226.9,112.18318384,112.164600725502,112.161778089028,112.161778089028,112.161778089028,112.1714,112.171301947024,112.162182617187,112.16225024529
226.95,112.18314576,112.164584076554,112.161737029964,112.161737029964,112.161737029964,112.1718,112.171698066096,112.162133789062,112.162202939151
227,112.18310656,112.164567427607,112.161695970901,112.161695970901,112.161695970901,112.172,112.171894185169,112.162084960938,112.162155633013
227.05,112.18306736,112.16455077866,112.161654911838,112.161654911838,112.161654911838,112.172,112.171890304241,112.162036132813,112.162108326875
227.1,112.18302928,112.164534129712,112.161613852775,112.161613852775,112.161613852775,112.172,112.171886423314,112.161987304688,112.162061020737
227.15,112.18299008,112.164517480765,112.161572793711,112.161572793711,112.161572793711,112.172,112.171882542386,112.161938476562,112.162013714599
227.2,112.18295088,112.164500831818,112.161531734648,112.161531734648,112.161531734648,112.172,112.171878661458,112.161889648437,112.161966408461
227.25,112.1829128,112.16448418287,112.161490675585,112.161490675585,112.161490675585,112.172,112.171874780531,112.161840820313,112.161919102322
227.3,112.1828736,112.164467533923,112.161449616521,112.161449616521,112.161449616521,112.172,112.171870899603,112.161791992188,112.161871796184
227.35,112.1828344,112.164450884976,112.161408557458,112.161408557458,112.161408557458,112.172,112.171867018675,112.161743164062,112.161824490046
227.4,112.18279632,112.164434236028,112.161367498395,112.161367498395,112.161367498395,112.172,112.171863137748,112.161694335937,112.161777183908
227.45,112.18275712,112.164417587081,112.161326439332,112.161326439332,112.161326439332,112.172,112.17185925682,112.161645507812,112.16172987777
227.5,112.18271792,112.164400938134,112.161285380268,112.161285380268,112.161285380268,112.172,112.171855375892,112.161596679688,112.161682571632
227.55,112.18267872,112.164384289186,112.161244321205,112.161244321205,112.161244321205,112.172,112.171851494965,112.161547851563,112.161635265494
227.6,112.18264064,112.164367640239,112.161203262142,112.161203262142,112.161203262142,112.172,112.171847614037,112.161499023438,112.161587959355
227.65,112.18260144,112.164350991292,112.161162203078,112.161162203078,112.161162203078,112.172,112.17184373311,112.161450195312,112.161540653217
227.7,112.18256224,112.164334342344,112.161121144015,112.161121144015,112.161121144015,112.172,112.171839852182,112.161401367187,112.161493347079
227.75,112.18252416,112.164317693397,112.161080084952,112.161080084952,112.161080084952,112.172,112.171835971254,112.161352539063,112.161446040941
227.8,112.18248496,112.16430104445,112.161039025889,112.161039025889,112.161039025889,112.172,112.171832090327,112.161303710938,112.161398734803
227.85,112.18244576,112.164284395502,112.160997966825,112.160997966825,112.160997966825,112.172,112.171828209399,112.161254882812,112.161351428665
227.9,112.18240768,112.164267746555,112.160956907762,112.160956907762,112.160956907762,112.172,112.171824328471,112.161206054687,112.161304122527
227.95,112.18236848,112.164251097608,112.160915848699,112.160915848699,112.160915848699,112.172,112.171820447544,112.161157226562,112.161256816388
228,112.18232928,112.164234448661,112.160874789635,112.160874789635,112.160874789635,112.172,112.171816566616,112.161108398438,112.16120951025
228.05,112.1822912,112.164217799713,112.160833730572,112.160833730572,112.160833730572,112.172,112.171812685688,112.161059570313,112.161162204112
228.1,112.182252,112.164201150766,112.160792671509,112.160792671509,112.160792671509,112.172,112.171808804761,112.161010742188,112.161114897974
228.15,112.1822128,112.164184501819,112.160751612445,112.160751612445,112.160751612445,112.172,112.171804923833,112.160961914062,112.161067591836
228.2,112.18217472,112.164167852871,112.160710553382,112.160710553382,112.160710553382,112.172,112.171801042906,112.160913085937,112.161020285698
228.25,112.18213552,112.164151203924,112.160669494319,112.160669494319,112.160669494319,112.172,112.171797161978,112.160864257813,112.16097297956
228.3,112.18209632,112.164134554977,112.160628435256,112.160628435256,112.160628435256,112.172,112.17179328105,112.160815429688,112.160925673421
228.35,112.18205712,112.164117906029,112.160587376192,112.160587376192,112.160587376192,112.172,112.171789400123,112.160766601562,112.160878367283
228.4,112.18201904,112.164101257082,112.160546317129,112.160546317129,112.160546317129,112.172,112.171785519195,112.160717773437,112.160831061145
228.45,112.18197984,112.164084608135,112.160505258066,112.160505258066,112.160505258066,112.172,112.171781638267,112.160668945312,112.160783755007
228.5,112.18194064,112.164067959187,112.160464199002,112.160464199002,112.160464199002,112.172,112.17177775734,112.160620117188,112.160736448869
228.55,112.18190256,112.16405131024,112.160423139939,112.160423139939,112.160423139939,112.172,112.171773876412,112.160571289063,112.160689142731
228.6,112.18186336,112.164034661293,112.160382080876,112.160382080876,112.160382080876,112.172,112.171769995484,112.160522460938,112.160641836593
228.65,112.18182416,112.164018012345,112.160341021813,112.160341021813,112.160341021813,112.172,112.171766114557,112.160473632812,112.160594530454
228.7,112.18178608,112.164001363398,112.160299962749,112.160299962749,112.160299962749,112.172,112.171762233629,112.160424804687,112.160547224316
228.75,112.18174688,112.163984714451,112.160258903686,112.160258903686,112.160258903686,112.172,112.171758352701,112.160375976563,112.160499918178
228.8,112.18170768,112.163968065503,112.160217844623,112.160217844623,112.160217844623,112.172,112.171754471774,112.160327148438,112.16045261204
228.85,112.1816696,112.163951416556,112.160176785559,112.160176785559,112.160176785559,112.172,112.171750590846,112.160278320312,112.160405305902
228.9,112.1816304,112.163934767609,112.160135726496,112.160135726496,112.160135726496,112.172,112.171746709919,112.160229492187,112.160357999764
228.95,112.1815912,112.163918118661,112.160094667433,112.160094667433,112.160094667433,112.172,112.171742828991,112.160180664062,112.160310693626
229,112.18155312,112.163901469714,112.16005360837,112.16005360837,112.16005360837,112.171825,112.171563948063,112.160131835938,112.160263387487
229.05,112.18151392,112.163884820767,112.160012549306,112.160012549306,112.160012549306,112.171475,112.171210067136,112.160083007813,112.160216081349
229.1,112.18147472,112.163868171819,112.159971490243,112.159971490243,112.159971490243,112.171125,112.170856186208,112.160034179688,112.160168775211
229.15,112.18143664,112.163851522872,112.15993043118,112.15993043118,112.15993043118,112.170775,112.17050230528,112.159985351562,112.160121469073
229.2,112.18139744,112.163834873925,112.159889372116,112.159889372116,112.159889372116,112.170425,112.170148424353,112.159936523437,112.160074162935
229.25,112.18135824,112.163818224978,112.159848313053,112.159848313053,112.159848313053,112.170075,112.169794543425,112.159887695313,112.160026856797
229.3,112.18131904,112.16380157603,112.15980725399,112.15980725399,112.15980725399,112.169725,112.169440662497,112.159838867188,112.159979550659
229.35,112.18128096,112.163784927083,112.159766194926,112.159766194926,112.159766194926,112.169375,112.16908678157,112.159790039062,112.15993224452
229.4,112.18124176,112.163768278136,112.159725135863,112.159725135863,112.159725135863,112.169025,112.168732900642,112.159741210937,112.159884938382
229.45,112.18120256,112.163751629188,112.1596840768,112.1596840768,112.1596840768,112.168675,112.168379019715,112.159692382812,112.159837632244
229.5,112.18116448,112.163734980241,112.159643017737,112.159643017737,112.159643017737,112.168325,112.168025138787,112.159643554688,112.159790326106
229.55,112.18112528,112.163718331294,112.159601958673,112.159601958673,112.159601958673,112.167975,112.167671257859,112.159594726563,112.159743019968
229.6,112.18108608,112.163701682346,112.15956089961,112.15956089961,112.15956089961,112.167625,112.167317376932,112.159545898438,112.15969571383
229.65,112.181048,112.163685033399,112.159519840547,112.159519840547,112.159519840547,112.167275,112.166963496004,112.159497070312,112.159648407691
229.7,112.1810088,112.163668384452,112.159478781483,112.159478781483,112.159478781483,112.166925,112.166609615076,112.159448242187,112.159601101553
229.75,112.1809696,112.163651735504,112.15943772242,112.15943772242,112.15943772242,112.166575,112.166255734149,112.159399414063,112.159553795415
229.8,112.18093152,112.163635086557,112.159396663357,112.159396663357,112.159396663357,112.166225,112.165901853221,112.159350585938,112.159506489277
229.85,112.18089232,112.16361843761,112.159355604294,112.159355604294,112.159355604294,112.165875,112.165547972293,112.159301757812,112.159459183139
229.9,112.18085312,112.163601788662,112.15931454523,112.15931454523,112.15931454523,112.165525,112.165194091366,112.159252929687,112.159411877001
229.95,112.18081504,112.163585139715,112.159273486167,112.159273486167,112.159273486167,112.165175,112.164840210438,112.159204101562,112.159364570863
230,112.18077584,112.163568490768,112.159232427104,112.159232427104,112.159232427104,112.164775,112.164436329511,112.159155273438,112.159317264724
230.05,112.18073664,112.163578040335,112.159254341309,112.159254341309,112.159254341309,112.164325,112.163971240195,112.159106445313,112.159261794164
230.1,112.18069744,112.163587589903,112.159276255514,112.159276255514,112.159276255514,112.163875,112.16350615088,112.159057617188,112.159206323603
230.15,112.18065936,112.163597139471,112.159298169719,112.159298169719,112.159298169719,112.163425,112.163041061565,112.159008789062,112.159150853042
230.2,112.18062016,112.163606689039,112.159320083924,112.159320083924,112.159320083924,112.162975,112.16257597225,112.158959960937,112.159095382481
230.25,112.18058096,112.163616238606,112.15934199813,112.15934199813,112.15934199813,112.162525,112.162110882935,112.158911132813,112.159039911921
230.3,112.18054288,112.163625788174,112.159363912335,112.159363912335,112.159363912335,112.162075,112.16164579362,112.158862304688,112.15898444136
230.35,112.18050368,112.163635337742,112.15938582654,112.15938582654,112.15938582654,112.161625,112.161180704305,112.158813476562,112.158928970799
230.4,112.18046448,112.163644887309,112.159407740745,112.159407740745,112.159407740745,112.161175,112.16071561499,112.158764648437,112.158873500238
230.45,112.1804264,112.163654436877,112.15942965495,112.15942965495,112.15942965495,112.160725,112.160250525675,112.158715820312,112.158818029678
230.5,112.1803872,112.163663986445,112.159451569155,112.159451569155,112.159451569155,112.160275,112.15978543636,112.158666992188,112.158762559117
230.55,112.180348,112.163673536013,112.159473483361,112.159473483361,112.159473483361,112.159825,112.159320347045,112.158618164063,112.158707088556
230.6,112.18030992,112.16368308558,112.159495397566,112.159495397566,112.159495397566,112.159375,112.15885525773,112.158569335938,112.158651617995
230.65,112.18027072,112.163692635148,112.159517311771,112.159517311771,112.159517311771,112.158925,112.158390168415,112.158520507812,112.158596147434
230.7,112.18023152,112.163702184716,112.159539225976,112.159539225976,112.159539225976,112.158475,112.157925079099,112.158471679687,112.158540676874
230.75,112.18019344,112.163711734283,112.159561140181,112.159561140181,112.159561140181,112.158025,112.157459989784,112.158422851563,112.158485206313
230.8,112.18015424,112.163721283851,112.159583054387,112.159583054387,112.159583054387,112.157575,112.156994900469,112.158374023438,112.158429735752
230.85,112.18011504,112.163730833419,112.159604968592,112.159604968592,112.159604968592,112.157125,112.156529811154,112.158325195312,112.158374265191
230.9,112.18007696,112.163740382987,112.159626882797,112.159626882797,112.159626882797,112.156675,112.156064721839,112.158276367187,112.158318794631
230.95,112.18003776,112.163749932554,112.159648797002,112.159648797002,112.159648797002,112.156225,112.155599632524,112.158227539062,112.15826332407
231,112.17999856,112.163759482122,112.159670711207,112.159670711207,112.159670711207,112.156,112.155359543209,112.158178710938,112.158207853509
231.05,112.17995936,112.16376903169,112.159692625412,112.159692625412,112.159692625412,112.156,112.155344453894,112.158129882813,112.158152382948
231.1,112.17992128,112.163778581257,112.159714539618,112.159714539618,112.159714539618,112.156,112.155329364579,112.158081054688,112.158096912388
231.15,112.17988208,112.163788130825,112.159736453823,112.159736453823,112.159736453823,112.156,112.155314275264,112.158032226562,112.158041441827
231.2,112.17984288,112.163797680393,112.159758368028,112.159758368028,112.159758368028,112.156,112.155299185949,112.157983398437,112.157985971266
231.25,112.1798048,112.163807229961,112.159780282233,112.159780282233,112.159780282233,112.156,112.155284096634,112.157934570313,112.157930500705
231.3,112.1797656,112.163816779528,112.159802196438,112.159802196438,112.159802196438,112.156,112.155269007319,112.157885742188,112.157875030144
231.35,112.1797264,112.163826329096,112.159824110644,112.159824110644,112.159824110644,112.156,112.155253918004,112.157836914062,112.157819559584
231.4,112.17968832,112.163835878664,112.159846024849,112.159846024849,112.159846024849,112.156,112.155238828688,112.157788085937,112.157764089023
231.45,112.17964912,112.163845428231,112.159867939054,112.159867939054,112.159867939054,112.156,112.155223739373,112.157739257812,112.157708618462
231.5,112.17960992,112.163854977799,112.159889853259,112.159889853259,112.159889853259,112.156,112.155208650058,112.157690429688,112.157653147901
231.55,112.17957184,112.163864527367,112.159911767464,112.159911767464,112.159911767464,112.156,112.155193560743,112.157641601563,112.157597677341
231.6,112.17953264,112.163874076934,112.159933681669,112.159933681669,112.159933681669,112.156,112.155178471428,112.157592773438,112.15754220678
231.65,112.17949344,112.163883626502,112.159955595875,112.159955595875,112.159955595875,112.156,112.155163382113,112.157543945312,112.157486736219
231.7,112.17945536,112.16389317607,112.15997751008,112.15997751008,112.15997751008,112.156,112.155148292798,112.157495117187,112.157431265658
231.75,112.17941616,112.163902725638,112.159999424285,112.159999424285,112.159999424285,112.156,112.155133203483,112.157446289063,112.157375795098
231.8,112.17937696,112.163912275205,112.16002133849,112.16002133849,112.16002133849,112.156,112.155118114168,112.157397460938,112.157320324537
231.85,112.17933776,112.163921824773,112.160043252695,112.160043252695,112.160043252695,112.156,112.155103024853,112.157348632812,112.157264853976
231.9,112.17929968,112.163931374341,112.160065166901,112.160065166901,112.160065166901,112.156,112.155087935538,112.157299804687,112.157209383415
231.95,112.17926048,112.163940923908,112.160087081106,112.160087081106,112.160087081106,112.156,112.155072846223,112.157250976562,112.157153912854
232,112.17922128,112.163950473476,112.160108995311,112.160108995311,112.160108995311,112.155975,112.155032756908,112.157202148438,112.157098442294
232.05,112.1791832,112.163960023044,112.160130909516,112.160130909516,112.160130909516,112.155925,112.154967667593,112.157153320313,112.157042971733
232.1,112.179144,112.163969572612,112.160152823721,112.160152823721,112.160152823721,112.155875,112.154902578277,112.157104492188,112.156987501172
232.15,112.1791048,112.163979122179,112.160174737926,112.160174737926,112.160174737926,112.155825,112.154837488962,112.157055664062,112.156932030611
232.2,112.17906672,112.163988671747,112.160196652132,112.160196652132,112.160196652132,112.155775,112.154772399647,112.157006835937,112.156876560051
232.25,112.17902752,112.163998221315,112.160218566337,112.160218566337,112.160218566337,112.155725,112.154707310332,112.156958007813,112.15682108949
232.3,112.17898832,112.164007770882,112.160240480542,112.160240480542,112.160240480542,112.155675,112.154642221017,112.156909179688,112.156765618929
232.35,112.17895024,112.16401732045,112.160262394747,112.160262394747,112.160262394747,112.155625,112.154577131702,112.156860351562,112.156710148368
232.4,112.17891104,112.164026870018,112.160284308952,112.160284308952,112.160284308952,112.155575,112.154512042387,112.156811523437,112.156654677807
232.45,112.17887184,112.164036419586,112.160306223157,112.160306223157,112.160306223157,112.155525,112.154446953072,112.156762695312,112.156599207247
232.5,112.17883376,112.164045969153,112.160328137363,112.160328137363,112.160328137363,112.155475,112.154381863757,112.156713867188,112.156543736686
232.55,112.17879456,112.164055518721,112.160350051568,112.160350051568,112.160350051568,112.155425,112.154316774442,112.156665039063,112.156488266125
232.6,112.17875536,112.164065068289,112.160371965773,112.160371965773,112.160371965773,112.155375,112.154251685127,112.156616210938,112.156432795564
232.65,112.17871728,112.164074617856,112.160393879978,112.160393879978,112.160393879978,112.155325,112.154186595812,112.156567382812,112.156377325004
232.7,112.17867808,112.164084167424,112.160415794183,112.160415794183,112.160415794183,112.155275,112.154121506497,112.156518554687,112.156321854443
232.75,112.17863888,112.164093716992,112.160437708389,112.160437708389,112.160437708389,112.155225,112.154056417182,112.156469726563,112.156266383882
232.8,112.17859968,112.16410326656,112.160459622594,112.160459622594,112.160459622594,112.155175,112.153991327866,112.156420898438,112.156210913321
232.85,112.1785616,112.164112816127,112.160481536799,112.160481536799,112.160481536799,112.155125,112.153926238551,112.156372070312,112.156155442761
232.9,112.1785224,112.164122365695,112.160503451004,112.160503451004,112.160503451004,112.155075,112.153861149236,112.156323242187,112.1560999722
232.95,112.1784832,112.164131915263,112.160525365209,112.160525365209,112.160525365209,112.155025,112.153796059921,112.156274414062,112.156044501639
233,112.17844512,112.16414146483,112.160547279414,112.160547279414,112.160547279414,112.15495,112.153705970606,112.156225585938,112.155989031078
233.05,112.17840592,112.164151014398,112.16056919362,112.16056919362,112.16056919362,112.15485,112.153590881291,112.156176757813,112.155933560517
233.1,112.17836672,112.164160563966,112.160591107825,112.160591107825,112.160591107825,112.15475,112.153475791976,112.156127929688,112.155878089957
233.15,112.17832864,112.164170113534,112.16061302203,112.16061302203,112.16061302203,112.15465,112.153360702661,112.156079101562,112.155822619396
233.2,112.17828944,112.164179663101,112.160634936235,112.160634936235,112.160634936235,112.15455,112.153245613346,112.156030273437,112.155767148835
233.25,112.17825024,112.164189212669,112.16065685044,112.16065685044,112.16065685044,112.15445,112.153130524031,112.155981445313,112.155711678274
233.3,112.17821216,112.164198762237,112.160678764646,112.160678764646,112.160678764646,112.15435,112.153015434716,112.155932617188,112.155656207714
233.35,112.17817296,112.164208311804,112.160700678851,112.160700678851,112.160700678851,112.15425,112.152900345401,112.155883789062,112.155600737153
233.4,112.17813376,112.164217861372,112.160722593056,112.160722593056,112.160722593056,112.15415,112.152785256086,112.155834960937,112.155545266592
233.45,112.17809568,112.16422741094,112.160744507261,112.160744507261,112.160744507261,112.15405,112.152670166771,112.155786132812,112.155489796031
233.5,112.17805648,112.164236960508,112.160766421466,112.160766421466,112.160766421466,112.15395,112.152555077455,112.155737304688,112.155434325471
233.55,112.17801728,112.164246510075,112.160788335671,112.160788335671,112.160788335671,112.15385,112.15243998814,112.155688476563,112.15537885491
233.6,112.17797808,112.164256059643,112.160810249877,112.160810249877,112.160810249877,112.15375,112.152324898825,112.155639648438,112.155323384349
233.65,112.17794,112.164265609211,112.160832164082,112.160832164082,112.160832164082,112.15365,112.15220980951,112.155590820312,112.155267913788
233.7,112.1779008,112.164275158778,112.160854078287,112.160854078287,112.160854078287,112.15355,112.152094720195,112.155541992187,112.155212443227
233.75,112.1778616,112.164284708346,112.160875992492,112.160875992492,112.160875992492,112.15345,112.15197963088,112.155493164063,112.155156972667
233.8,112.17782352,112.164294257914,112.160897906697,112.160897906697,112.160897906697,112.15335,112.151864541565,112.155444335938,112.155101502106
233.85,112.17778432,112.164303807482,112.160919820903,112.160919820903,112.160919820903,112.15325,112.15174945225,112.155395507812,112.155046031545
233.9,112.17774512,112.164313357049,112.160941735108,112.160941735108,112.160941735108,112.15315,112.151634362935,112.155346679687,112.154990560984
233.95,112.17770704,112.164322906617,112.160963649313,112.160963649313,112.160963649313,112.15305,112.15151927362,112.155297851562,112.154935090424
234,112.17766784,112.164332456185,112.160985563518,112.160985563518,112.160985563518,112.15295,112.151404184305,112.155249023438,112.154879619863
234.05,112.17762864,112.164342005752,112.161007477723,112.161007477723,112.161007477723,112.15285,112.15128909499,112.155200195313,112.154824149302
234.1,112.17759056,112.16435155532,112.161029391928,112.161029391928,112.161029391928,112.15275,112.151174005675,112.155151367188,112.154768678741
234.15,112.17755136,112.164361104888,112.161051306134,112.161051306134,112.161051306134,112.15265,112.151058916359,112.155102539062,112.154713208181
234.2,112.17751216,112.164370654456,112.161073220339,112.161073220339,112.161073220339,112.15255,112.150943827044,112.155053710937,112.15465773762
234.25,112.17747408,112.164380204023,112.161095134544,112.161095134544,112.161095134544,112.15245,112.150828737729,112.155004882813,112.154602267059
234.3,112.17743488,112.164389753591,112.161117048749,112.161117048749,112.161117048749,112.15235,112.150713648414,112.154956054688,112.154546796498
234.35,112.17739568,112.164399303159,112.161138962954,112.161138962954,112.161138962954,112.15225,112.150598559099,112.154907226562,112.154491325937
234.4,112.1773576,112.164408852726,112.16116087716,112.16116087716,112.16116087716,112.15215,112.150483469784,112.154858398437,112.154435855377
234.45,112.1773184,112.164418402294,112.161182791365,112.161182791365,112.161182791365,112.15205,112.150368380469,112.154809570312,112.154380384816
234.5,112.1772792,112.164427951862,112.16120470557,112.16120470557,112.16120470557,112.15195,112.150253291154,112.154760742188,112.154324914255
234.55,112.17724,112.164437501429,112.161226619775,112.161226619775,112.161226619775,112.15185,112.150138201839,112.154711914063,112.154269443694
234.6,112.17720192,112.164447050997,112.16124853398,112.16124853398,112.16124853398,112.15175,112.150023112524,112.154663085938,112.154213973134
234.65,112.17716272,112.164456600565,112.161270448185,112.161270448185,112.161270448185,112.15165,112.149908023209,112.154614257812,112.154158502573
234.7,112.17712352,112.164466150133,112.161292362391,112.161292362391,112.161292362391,112.15155,112.149792933894,112.154565429687,112.154103032012
234.75,112.17708544,112.1644756997,112.161314276596,112.161314276596,112.161314276596,112.15145,112.149677844579,112.154516601563,112.154047561451
234.8,112.17704624,112.164485249268,112.161336190801,112.161336190801,112.161336190801,112.15135,112.149562755264,112.154467773438,112.153992090891
234.85,112.17700704,112.164494798836,112.161358105006,112.161358105006,112.161358105006,112.15125,112.149447665948,112.154418945312,112.15393662033
234.9,112.17696896,112.164504348403,112.161380019211,112.161380019211,112.161380019211,112.15115,112.149332576633,112.154370117187,112.153881149769
234.95,112.17692976,112.164513897971,112.161401933416,112.161401933416,112.161401933416,112.15105,112.149217487318,112.154321289062,112.153825679208
235,112.17689056,112.164523447539,112.161423847622,112.161423847622,112.161423847622,112.15085,112.149002398003,112.154272460938,112.153770208647
235.05,112.17685248,112.164532997107,112.161445761827,112.161445761827,112.161445761827,112.15055,112.148687308688,112.154223632813,112.153714738087
235.1,112.17681328,112.164542546674,112.161467676032,112.161467676032,112.161467676032,112.15025,112.148372219373,112.154174804688,112.153659267526
235.15,112.17677408,112.164552096242,112.161489590237,112.161489590237,112.161489590237,112.14995,112.148057130058,112.154125976562,112.153603796965
235.2,112.176736,112.16456164581,112.161511504442,112.161511504442,112.161511504442,112.14965,112.147742040743,112.154077148437,112.153548326404
235.25,112.1766968,112.164571195377,112.161533418648,112.161533418648,112.161533418648,112.14935,112.147426951428,112.154028320313,112.153492855844
235.3,112.1766576,112.164580744945,112.161555332853,112.161555332853,112.161555332853,112.14905,112.147111862113,112.153979492188,112.153437385283
235.35,112.17661952,112.164590294513,112.161577247058,112.161577247058,112.161577247058,112.14875,112.146796772798,112.153930664062,112.153381914722
235.4,112.17658032,112.164599844081,112.161599161263,112.161599161263,112.161599161263,112.14845,112.146481683483,112.153881835937,112.153326444161
235.45,112.17654112,112.164609393648,112.161621075468,112.161621075468,112.161621075468,112.14815,112.146166594168,112.153833007812,112.153270973601
235.5,112.17650192,112.164618943216,112.161642989673,112.161642989673,112.161642989673,112.14785,112.145851504853,112.153784179688,112.15321550304
235.55,112.17646384,112.164628492784,112.161664903879,112.161664903879,112.161664903879,112.14755,112.145536415537,112.153735351563,112.153160032479
235.6,112.17642464,112.164638042351,112.161686818084,112.161686818084,112.161686818084,112.14725,112.145221326222,112.153686523438,112.153104561918
235.65,112.17638544,112.164647591919,112.161708732289,112.161708732289,112.161708732289,112.14695,112.144906236907,112.153637695312,112.153049091357
235.7,112.17634736,112.164657141487,112.161730646494,112.161730646494,112.161730646494,112.14665,112.144591147592,112.153588867187,112.152993620797
235.75,112.17630816,112.164666691055,112.161752560699,112.161752560699,112.161752560699,112.14635,112.144276058277,112.153540039063,112.152938150236
235.8,112.17626896,112.164676240622,112.161774474905,112.161774474905,112.161774474905,112.14605,112.143960968962,112.153491210938,112.152882679675
235.85,112.17623088,112.16468579019,112.16179638911,112.16179638911,112.16179638911,112.14575,112.143645879647,112.153442382812,112.152827209114
235.9,112.17619168,112.164695339758,112.161818303315,112.161818303315,112.161818303315,112.14545,112.143330790332,112.153393554687,112.152771738554
235.95,112.17615248,112.164704889325,112.16184021752,112.16184021752,112.16184021752,112.14515,112.143015701017,112.153344726562,112.152716267993
236,112.1761144,112.164714438893,112.161862131725,112.161862131725,112.161862131725,112.145,112.142850611702,112.153295898438,112.152660797432
236.05,112.1760752,112.164723988461,112.16188404593,112.16188404593,112.16188404593,112.145,112.142835522387,112.153247070313,112.152605326871
236.1,112.176036,112.164733538029,112.161905960136,112.161905960136,112.161905960136,112.145,112.142820433072,112.153198242188,112.152549856311
236.15,112.17599792,112.164743087596,112.161927874341,112.161927874341,112.161927874341,112.145,112.142805343757,112.153149414062,112.15249438575
236.2,112.17595872,112.164752637164,112.161949788546,112.161949788546,112.161949788546,112.145,112.142790254442,112.153100585937,112.152438915189
236.25,112.17591952,112.164762186732,112.161971702751,112.161971702751,112.161971702751,112.145,112.142775165126,112.153051757813,112.152383444628
236.3,112.17588032,112.164771736299,112.161993616956,112.161993616956,112.161993616956,112.145,112.142760075811,112.153002929688,112.152327974067
236.35,112.17584224,112.164781285867,112.162015531162,112.162015531162,112.162015531162,112.145,112.142744986496,112.152954101562,112.152272503507
236.4,112.17580304,112.164790835435,112.162037445367,112.162037445367,112.162037445367,112.145,112.142729897181,112.152905273437,112.152217032946
236.45,112.17576384,112.164800385003,112.162059359572,112.162059359572,112.162059359572,112.145,112.142714807866,112.152856445312,112.152161562385
236.5,112.17572576,112.16480993457,112.162081273777,112.162081273777,112.162081273777,112.145,112.142699718551,112.152807617188,112.152106091824
236.55,112.17568656,112.164819484138,112.162103187982,112.162103187982,112.162103187982,112.145,112.142684629236,112.152758789063,112.152050621264
236.6,112.17564736,112.164829033706,112.162125102187,112.162125102187,112.162125102187,112.145,112.142669539921,112.152709960938,112.151995150703
236.65,112.17560928,112.164838583273,112.162147016393,112.162147016393,112.162147016393,112.145,112.142654450606,112.152661132812,112.151939680142
236.7,112.17557008,112.164848132841,112.162168930598,112.162168930598,112.162168930598,112.145,112.142639361291,112.152612304687,112.151884209581
236.75,112.17553088,112.164857682409,112.162190844803,112.162190844803,112.162190844803,112.145,112.142624271976,112.152563476563,112.151828739021
236.8,112.1754928,112.164867231977,112.162212759008,112.162212759008,112.162212759008,112.145,112.142609182661,112.152514648438,112.15177326846
236.85,112.1754536,112.164876781544,112.162234673213,112.162234673213,112.162234673213,112.145,112.142594093346,112.152465820312,112.151717797899
236.9,112.1754144,112.164886331112,112.162256587419,112.162256587419,112.162256587419,112.145,112.14257900403,112.152416992187,112.151662327338
236.95,112.17537632,112.16489588068,112.162278501624,112.162278501624,112.162278501624,112.145,112.142563914715,112.152368164062,112.151606856777
237,112.17533712,112.164905430247,112.162300415829,112.162300415829,112.162300415829,112.145,112.1425488254,112.15244140625,112.151673456529
237.05,112.17529792,112.164914979815,112.162322330034,112.162322330034,112.162322330034,112.145,112.142533736085,112.15263671875,112.151862126593
237.1,112.17525984,112.164924529383,112.162344244239,112.162344244239,112.162344244239,112.145,112.14251864677,112.15283203125,112.152050796658
237.15,112.17522064,112.16493407895,112.162366158444,112.162366158444,112.162366158444,112.145,112.142503557455,112.15302734375,112.152239466722
237.2,112.17518144,112.164943628518,112.16238807265,112.16238807265,112.16238807265,112.145,112.14248846814,112.15322265625,112.152428136786
237.25,112.17514224,112.164953178086,112.162409986855,112.162409986855,112.162409986855,112.145,112.142473378825,112.15341796875,112.15261680685
237.3,112.17510416,112.164962727654,112.16243190106,112.16243190106,112.16243190106,112.145,112.14245828951,112.15361328125,112.152805476915
237.35,112.17506496,112.164972277221,112.162453815265,112.162453815265,112.162453815265,112.145,112.142443200195,112.15380859375,112.152994146979
237.4,112.17502576,112.164981826789,112.16247572947,112.16247572947,112.16247572947,112.145,112.14242811088,112.15400390625,112.153182817043
237.45,112.17498768,112.164991376357,112.162497643676,112.162497643676,112.162497643676,112.145,112.142413021565,112.15419921875,112.153371487107
237.5,112.17494848,112.165000925924,112.162519557881,112.162519557881,112.162519557881,112.145,112.14239793225,112.15439453125,112.153560157171
237.55,112.17490928,112.165010475492,112.162541472086,112.162541472086,112.162541472086,112.145,112.142382842935,112.15458984375,112.153748827236
237.6,112.1748712,112.16502002506,112.162563386291,112.162563386291,112.162563386291,112.145,112.142367753619,112.15478515625,112.1539374973
237.65,112.174832,112.165029574628,112.162585300496,112.162585300496,112.162585300496,112.145,112.142352664304,112.15498046875,112.154126167364
237.7,112.1747928,112.165039124195,112.162607214701,112.162607214701,112.162607214701,112.145,112.142337574989,112.15517578125,112.154314837428
237.75,112.17475472,112.165048673763,112.162629128907,112.162629128907,112.162629128907,112.145,112.142322485674,112.15537109375,112.154503507493
237.8,112.17471552,112.165058223331,112.162651043112,112.162651043112,112.162651043112,112.145,112.142307396359,112.15556640625,112.154692177557
237.85,112.17467632,112.165067772898,112.162672957317,112.162672957317,112.162672957317,112.145,112.142292307044,112.15576171875,112.154880847621
237.9,112.17463824,112.165077322466,112.162694871522,112.162694871522,112.162694871522,112.145,112.142277217729,112.15595703125,112.155069517685
237.95,112.17459904,112.165086872034,112.162716785727,112.162716785727,112.162716785727,112.145,112.142262128414,112.15615234375,112.15525818775
238,112.17455984,112.165096421602,112.162738699932,112.162738699932,112.162738699932,112.145275,112.142522039099,112.15634765625,112.155446857814
238.05,112.17452064,112.165105971169,112.162760614138,112.162760614138,112.162760614138,112.145825,112.143056949784,112.15654296875,112.155635527878
238.1,112.17448256,112.165115520737,112.162782528343,112.162782528343,112.162782528343,112.146375,112.143591860469,112.15673828125,112.155824197942
238.15,112.17444336,112.165125070305,112.162804442548,112.162804442548,112.162804442548,112.146925,112.144126771154,112.15693359375,112.156012868006
238.2,112.17440416,112.165134619872,112.162826356753,112.162826356753,112.162826356753,112.147475,112.144661681839,112.15712890625,112.156201538071
238.25,112.17436608,112.16514416944,112.162848270958,112.162848270958,112.162848270958,112.148025,112.145196592524,112.15732421875,112.156390208135
238.3,112.17432688,112.165153719008,112.162870185164,112.162870185164,112.162870185164,112.148575,112.145731503208,112.15751953125,112.156578878199
238.35,112.17428768,112.165163268576,112.162892099369,112.162892099369,112.162892099369,112.149125,112.146266413893,112.15771484375,112.156767548263
238.4,112.1742496,112.165172818143,112.162914013574,112.162914013574,112.162914013574,112.149675,112.146801324578,112.15791015625,112.156956218328
238.45,112.1742104,112.165182367711,112.162935927779,112.162935927779,112.162935927779,112.150225,112.147336235263,112.15810546875,112.157144888392
238.5,112.1741712,112.165191917279,112.162957841984,112.162957841984,112.162957841984,112.150775,112.147871145948,112.15830078125,112.157333558456
238.55,112.17413312,112.165201466846,112.162979756189,112.162979756189,112.162979756189,112.151325,112.148406056633,112.15849609375,112.15752222852
238.6,112.17409392,112.165211016414,112.163001670395,112.163001670395,112.163001670395,112.151875,112.148940967318,112.15869140625,112.157710898584
238.65,112.17405472,112.165220565982,112.1630235846,112.1630235846,112.1630235846,112.152425,112.149475878003,112.15888671875,112.157899568649
238.7,112.17401664,112.16523011555,112.163045498805,112.163045498805,112.163045498805,112.152975,112.150010788688,112.15908203125,112.158088238713
238.75,112.17397744,112.165239665117,112.16306741301,112.16306741301,112.16306741301,112.153525,112.150545699373,112.15927734375,112.158276908777
238.8,112.17393824,112.165249214685,112.163089327215,112.163089327215,112.163089327215,112.154075,112.151080610058,112.15947265625,112.158465578841
238.85,112.17390016,112.165258764253,112.163111241421,112.163111241421,112.163111241421,112.154625,112.151615520743,112.15966796875,112.158654248906
238.9,112.17386096,112.16526831382,112.163133155626,112.163133155626,112.163133155626,112.155175,112.152150431428,112.15986328125,112.15884291897
238.95,112.17382176,112.165277863388,112.163155069831,112.163155069831,112.163155069831,112.155725,112.152685342113,112.16005859375,112.159031589034
239,112.17378256,112.165287412956,112.163176984036,112.163176984036,112.163176984036,112.156375,112.153320252797,112.16025390625,112.159220259098
239.05,112.17374448,112.165296962524,112.163198898241,112.163198898241,112.163198898241,112.157125,112.154055163482,112.16044921875,112.159408929163
239.1,112.17370528,112.165306512091,112.163220812446,112.163220812446,112.163220812446,112.157875,112.154790074167,112.16064453125,112.159597599227
239.15,112.17366608,112.165316061659,112.163242726652,112.163242726652,112.163242726652,112.158625,112.155524984852,112.16083984375,112.159786269291
239.2,112.173628,112.165325611227,112.163264640857,112.163264640857,112.163264640857,112.159375,112.156259895537,112.16103515625,112.159974939355
239.25,112.1735888,112.165335160794,112.163286555062,112.163286555062,112.163286555062,112.160125,112.156994806222,112.16123046875,112.160163609419
239.3,112.1735496,112.165344710362,112.163308469267,112.163308469267,112.163308469267,112.160875,112.157729716907,112.16142578125,112.160352279484
239.35,112.17351152,112.16535425993,112.163330383472,112.163330383472,112.163330383472,112.161625,112.158464627592,112.16162109375,112.160540949548
239.4,112.17347232,112.165363809498,112.163352297678,112.163352297678,112.163352297678,112.162375,112.159199538277,112.16181640625,112.160729619612
239.45,112.17343312,112.165373359065,112.163374211883,112.163374211883,112.163374211883,112.163125,112.159934448962,112.16201171875,112.160918289676
239.5,112.17339504,112.165382908633,112.163396126088,112.163396126088,112.163396126088,112.163875,112.160669359647,112.16220703125,112.161106959741
239.55,112.17335584,112.165392458201,112.163418040293,112.163418040293,112.163418040293,112.164625,112.161404270332,112.16240234375,112.161295629805
239.6,112.17331664,112.165402007768,112.163439954498,112.163439954498,112.163439954498,112.165375,112.162139181017,112.16259765625,112.161484299869
239.65,112.17327856,112.165411557336,112.163461868703,112.163461868703,112.163461868703,112.166125,112.162874091702,112.16279296875,112.161672969933
239.7,112.17323936,112.165421106904,112.163483782909,112.163483782909,112.163483782909,112.166875,112.163609002386,112.16298828125,112.161861639998
239.75,112.17320016,112.165430656472,112.163505697114,112.163505697114,112.163505697114,112.167625,112.164343913071,112.16318359375,112.162050310062
239.8,112.17316096,112.165440206039,112.163527611319,112.163527611319,112.163527611319,112.168375,112.165078823756,112.16337890625,112.162238980126
239.85,112.17312288,112.165449755607,112.163549525524,112.163549525524,112.163549525524,112.169125,112.165813734441,112.16357421875,112.16242765019
239.9,112.17308368,112.165459305175,112.163571439729,112.163571439729,112.163571439729,112.169875,112.166548645126,112.16376953125,112.162616320254
239.95,112.17304448,112.165468854742,112.163593353935,112.163593353935,112.163593353935,112.170625,112.167283555811,112.16396484375,112.162804990319
240,112.1730064,112.16547840431,112.16361526814,112.16361526814,112.16361526814,112.171,112.167643466496,112.16416015625,112.162993660383
240.05,112.1729672,112.165500340732,112.16367871463,112.16367871463,112.16367871463,112.171,112.167677378401,112.16435546875,112.163198372112
240.1,112.172928,112.165522277155,112.163742161119,112.163742161119,112.163742161119,112.171,112.167711290306,112.16455078125,112.163403083841
240.15,112.17288992,112.165544213577,112.163805607609,112.163805607609,112.163805607609,112.171,112.167745202211,112.16474609375,112.16360779557
240.2,112.17285072,112.165566149999,112.163869054099,112.163869054099,112.163869054099,112.171,112.167779114116,112.16494140625,112.163812507299
240.25,112.17281152,112.165588086421,112.163932500589,112.163932500589,112.163932500589,112.171,112.167813026021,112.16513671875,112.164017219028
240.3,112.17277344,112.165610022844,112.163995947079,112.163995947079,112.163995947079,112.171,112.167846937926,112.16533203125,112.164221930757
240.35,112.17273424,112.165631959266,112.164059393569,112.164059393569,112.164059393569,112.171,112.167880849831,112.16552734375,112.164426642486
240.4,112.17269504,112.165653895688,112.164122840059,112.164122840059,112.164122840059,112.171,112.167914761736,112.16572265625,112.164631354215
240.45,112.17265696,112.165675832111,112.164186286548,112.164186286548,112.164186286548,112.171,112.167948673641,112.16591796875,112.164836065944
240.5,112.17261776,112.165697768533,112.164249733038,112.164249733038,112.164249733038,112.171,112.167982585546,112.16611328125,112.165040777673
240.55,112.17257856,112.165719704955,112.164313179528,112.164313179528,112.164313179528,112.171,112.168016497451,112.16630859375,112.165245489402
240.6,112.17254048,112.165741641377,112.164376626018,112.164376626018,112.164376626018,112.171,112.168050409356,112.16650390625,112.165450201131
240.65,112.17250128,112.1657635778,112.164440072508,112.164440072508,112.164440072508,112.171,112.168084321261,112.16669921875,112.16565491286
240.7,112.17246208,112.165785514222,112.164503518998,112.164503518998,112.164503518998,112.171,112.168118233166,112.16689453125,112.165859624589
240.75,112.17242288,112.165807450644,112.164566965488,112.164566965488,112.164566965488,112.171,112.168152145071,112.16708984375,112.166064336318
240.8,112.1723848,112.165829387067,112.164630411978,112.164630411978,112.164630411978,112.171,112.168186056976,112.16728515625,112.166269048047
240.85,112.1723456,112.165851323489,112.164693858467,112.164693858467,112.164693858467,112.171,112.16821996888,112.16748046875,112.166473759776
240.9,112.1723064,112.165873259911,112.164757304957,112.164757304957,112.164757304957,112.171,112.168253880785,112.16767578125,112.166678471505
240.95,112.17226832,112.165895196333,112.164820751447,112.164820751447,112.164820751447,112.171,112.16828779269,112.16787109375,112.166883183234
241,112.17222912,112.165917132756,112.164884197937,112.164884197937,112.164884197937,112.171,112.168321704595,112.16806640625,112.167087894963
241.05,112.17218992,112.165939069178,112.164947644427,112.164947644427,112.164947644427,112.171,112.1683556165,112.16826171875,112.167292606692
241.1,112.17215184,112.1659610056,112.165011090917,112.165011090917,112.165011090917,112.171,112.168389528405,112.16845703125,112.167497318421
241.15,112.17211264,112.165982942022,112.165074537407,112.165074537407,112.165074537407,112.171,112.16842344031,112.16865234375,112.16770203015
241.2,112.17207344,112.166004878445,112.165137983896,112.165137983896,112.165137983896,112.171,112.168457352215,112.16884765625,112.167906741879
241.25,112.17203536,112.166026814867,112.165201430386,112.165201430386,112.165201430386,112.171,112.16849126412,112.16904296875,112.168111453608
241.3,112.17199616,112.166048751289,112.165264876876,112.165264876876,112.165264876876,112.171,112.168525176025,112.16923828125,112.168316165337
241.35,112.17195696,112.166070687712,112.165328323366,112.165328323366,112.165328323366,112.171,112.16855908793,112.16943359375,112.168520877066
241.4,112.17191888,112.166092624134,112.165391769856,112.165391769856,112.165391769856,112.171,112.168592999835,112.16962890625,112.168725588795
241.45,112.17187968,112.166114560556,112.165455216346,112.165455216346,112.165455216346,112.171,112.16862691174,112.16982421875,112.168930300524
241.5,112.17184048,112.166136496978,112.165518662836,112.165518662836,112.165518662836,112.171,112.168660823645,112.17001953125,112.169135012253
241.55,112.17180128,112.166158433401,112.165582109325,112.165582109325,112.165582109325,112.171,112.16869473555,112.17021484375,112.169339723982
241.6,112.1717632,112.166180369823,112.165645555815,112.165645555815,112.165645555815,112.171,112.168728647455,112.17041015625,112.169544435711
241.65,112.171724,112.166202306245,112.165709002305,112.165709002305,112.165709002305,112.171,112.16876255936,112.17060546875,112.16974914744
241.7,112.1716848,112.166224242667,112.165772448795,112.165772448795,112.165772448795,112.171,112.168796471265,112.17080078125,112.169953859169
241.75,112.17164672,112.16624617909,112.165835895285,112.165835895285,112.165835895285,112.171,112.16883038317,112.17099609375,112.170158570898
241.8,112.17160752,112.166268115512,112.165899341775,112.165899341775,112.165899341775,112.171,112.168864295075,112.17119140625,112.170363282627
241.85,112.17156832,112.166290051934,112.165962788265,112.165962788265,112.165962788265,112.171,112.16889820698,112.17138671875,112.170567994356
241.9,112.17153024,112.166311988357,112.166026234755,112.166026234755,112.166026234755,112.171,112.168932118885,112.17158203125,112.170772706085
241.95,112.17149104,112.166333924779,112.166089681244,112.166089681244,112.166089681244,112.171,112.16896603079,112.17177734375,112.170977417814
242,112.17145184,112.166355861201,112.166153127734,112.166153127734,112.166153127734,112.171025,112.169024942695,112.17197265625,112.171182129543
242.05,112.17141376,112.166377797623,112.166216574224,112.166216574224,112.166216574224,112.171075,112.1691088546,112.17216796875,112.171386841272
242.1,112.17137456,112.166399734046,112.166280020714,112.166280020714,112.166280020714,112.171125,112.169192766505,112.17236328125,112.171591553001
242.15,112.17133536,112.166421670468,112.166343467204,112.166343467204,112.166343467204,112.171175,112.16927667841,112.17255859375,112.17179626473
242.2,112.17129728,112.16644360689,112.166406913694,112.166406913694,112.166406913694,112.171225,112.169360590315,112.17275390625,112.172000976459
242.25,112.17125808,112.166465543313,112.166470360184,112.166470360184,112.166470360184,112.171275,112.16944450222,112.17294921875,112.172205688188
242.3,112.17121888,112.166487479735,112.166533806673,112.166533806673,112.166533806673,112.171325,112.169528414125,112.17314453125,112.172410399917
242.35,112.1711808,112.166509416157,112.166597253163,112.166597253163,112.166597253163,112.171375,112.16961232603,112.17333984375,112.172615111646
242.4,112.1711416,112.166531352579,112.166660699653,112.166660699653,112.166660699653,112.171425,112.169696237935,112.17353515625,112.172819823375
242.45,112.1711024,112.166553289002,112.166724146143,112.166724146143,112.166724146143,112.171475,112.16978014984,112.17373046875,112.173024535104
242.5,112.1710632,112.166575225424,112.166787592633,112.166787592633,112.166787592633,112.171525,112.169864061744,112.17392578125,112.173229246833
242.55,112.17102512,112.166597161846,112.166851039123,112.166851039123,112.166851039123,112.171575,112.169947973649,112.17412109375,112.173433958562
242.6,112.17098592,112.166619098268,112.166914485613,112.166914485613,112.166914485613,112.171625,112.170031885554,112.17431640625,112.173638670291
242.65,112.17094672,112.166641034691,112.166977932103,112.166977932103,112.166977932103,112.171675,112.170115797459,112.17451171875,112.17384338202
242.7,112.17090864,112.166662971113,112.167041378592,112.167041378592,112.167041378592,112.171725,112.170199709364,112.17470703125,112.174048093749
242.75,112.17086944,112.166684907535,112.167104825082,112.167104825082,112.167104825082,112.171775,112.170283621269,112.17490234375,112.174252805478
242.8,112.17083024,112.166706843958,112.167168271572,112.167168271572,112.167168271572,112.171825,112.170367533174,112.17509765625,112.174457517207
242.85,112.17079216,112.16672878038,112.167231718062,112.167231718062,112.167231718062,112.171875,112.170451445079,112.17529296875,112.174662228936
242.9,112.17075296,112.166750716802,112.167295164552,112.167295164552,112.167295164552,112.171925,112.170535356984,112.17548828125,112.174866940665
242.95,112.17071376,112.166772653224,112.167358611042,112.167358611042,112.167358611042,112.171975,112.170619268889,112.17568359375,112.175071652394
243,112.17067568,112.166794589647,112.167422057532,112.167422057532,112.167422057532,112.172,112.170678180794,112.17587890625,112.175276364123
243.05,112.17063648,112.166816526069,112.167485504021,112.167485504021,112.167485504021,112.172,112.170712092699,112.17607421875,112.175481075852
243.1,112.17059728,112.166838462491,112.167548950511,112.167548950511,112.167548950511,112.172,112.170746004604,112.17626953125,112.175685787581
243.15,112.1705592,112.166860398914,112.167612397001,112.167612397001,112.167612397001,112.172,112.170779916509,112.17646484375,112.17589049931
243.2,112.17052,112.166882335336,112.167675843491,112.167675843491,112.167675843491,112.172,112.170813828414,112.17666015625,112.176095211039
243.25,112.1704808,112.166904271758,112.167739289981,112.167739289981,112.167739289981,112.172,112.170847740319,112.17685546875,112.176299922768
243.3,112.1704416,112.16692620818,112.167802736471,112.167802736471,112.167802736471,112.172,112.170881652224,112.17705078125,112.176504634497
243.35,112.17040352,112.166948144603,112.167866182961,112.167866182961,112.167866182961,112.172,112.170915564129,112.17724609375,112.176709346226
243.4,112.17036432,112.166970081025,112.16792962945,112.16792962945,112.16792962945,112.172,112.170949476034,112.17744140625,112.176914057955
243.45,112.17032512,112.166992017447,112.16799307594,112.16799307594,112.16799307594,112.172,112.170983387939,112.17763671875,112.177118769684
243.5,112.17028704,112.167013953869,112.16805652243,112.16805652243,112.16805652243,112.172,112.171017299844,112.17783203125,112.177323481413
243.55,112.17024784,112.167035890292,112.16811996892,112.16811996892,112.16811996892,112.172,112.171051211749,112.17802734375,112.177528193142
243.6,112.17020864,112.167057826714,112.16818341541,112.16818341541,112.16818341541,112.172,112.171085123654,112.17822265625,112.177732904871
243.65,112.17017056,112.167079763136,112.1682468619,112.1682468619,112.1682468619,112.172,112.171119035559,112.17841796875,112.1779376166
243.7,112.17013136,112.167101699559,112.16831030839,112.16831030839,112.16831030839,112.172,112.171152947464,112.17861328125,112.178142328329
243.75,112.17009216,112.167123635981,112.16837375488,112.16837375488,112.16837375488,112.172,112.171186859369,112.17880859375,112.178347040058
243.8,112.17005408,112.167145572403,112.168437201369,112.168437201369,112.168437201369,112.172,112.171220771274,112.17900390625,112.178551751788
243.85,112.17001488,112.167167508825,112.168500647859,112.168500647859,112.168500647859,112.172,112.171254683179,112.17919921875,112.178756463517
243.9,112.16997568,112.167189445248,112.168564094349,112.168564094349,112.168564094349,112.172,112.171288595084,112.17939453125,112.178961175246
243.95,112.1699376,112.16721138167,112.168627540839,112.168627540839,112.168627540839,112.172,112.171322506989,112.17958984375,112.179165886975
244,112.1698984,112.167233318092,112.168690987329,112.168690987329,112.168690987329,112.172,112.171356418894,112.17978515625,112.179370598704
244.05,112.1698592,112.167255254515,112.168754433819,112.168754433819,112.168754433819,112.172,112.171390330799,112.17998046875,112.179575310433
244.1,112.16982112,112.167277190937,112.168817880309,112.168817880309,112.168817880309,112.172,112.171424242704,112.18017578125,112.179780022162
244.15,112.16978192,112.167299127359,112.168881326798,112.168881326798,112.168881326798,112.172,112.171458154608,112.18037109375,112.179984733891
244.2,112.16974272,112.167321063781,112.168944773288,112.168944773288,112.168944773288,112.172,112.171492066513,112.18056640625,112.18018944562
244.25,112.16970352,112.167343000204,112.169008219778,112.169008219778,112.169008219778,112.172,112.171525978418,112.18076171875,112.180394157349
244.3,112.16966544,112.167364936626,112.169071666268,112.169071666268,112.169071666268,112.172,112.171559890323,112.18095703125,112.180598869078
244.35,112.16962624,112.167386873048,112.169135112758,112.169135112758,112.169135112758,112.172,112.171593802228,112.18115234375,112.180803580807
244.4,112.16958704,112.16740880947,112.169198559248,112.169198559248,112.169198559248,112.172,112.171627714133,112.18134765625,112.181008292536
244.45,112.16954896,112.167430745893,112.169262005738,112.169262005738,112.169262005738,112.172,112.171661626038,112.18154296875,112.181213004265
244.5,112.16950976,112.167452682315,112.169325452228,112.169325452228,112.169325452228,112.172,112.171695537943,112.18173828125,112.181417715994
244.55,112.16947056,112.167474618737,112.169388898717,112.169388898717,112.169388898717,112.172,112.171729449848,112.18193359375,112.181622427723
244.6,112.16943248,112.16749655516,112.169452345207,112.169452345207,112.169452345207,112.172,112.171763361753,112.18212890625,112.181827139452
244.65,112.16939328,112.167518491582,112.169515791697,112.169515791697,112.169515791697,112.172,112.171797273658,112.18232421875,112.182031851181
244.7,112.16935408,112.167540428004,112.169579238187,112.169579238187,112.169579238187,112.172,112.171831185563,112.18251953125,112.18223656291
244.75,112.169316,112.167562364426,112.169642684677,112.169642684677,112.169642684677,112.172,112.171865097468,112.18271484375,112.182441274639
244.8,112.1692768,112.167584300849,112.169706131167,112.169706131167,112.169706131167,112.172,112.171899009373,112.18291015625,112.182645986368
244.85,112.1692376,112.167606237271,112.169769577657,112.169769577657,112.169769577657,112.172,112.171932921278,112.18310546875,112.182850698097
244.9,112.16919952,112.167628173693,112.169833024146,112.169833024146,112.169833024146,112.172,112.171966833183,112.18330078125,112.183055409826
244.95,112.16916032,112.167650110116,112.169896470636,112.169896470636,112.169896470636,112.172,112.172000745088,112.18349609375,112.183260121555
245,112.16912112,112.167797046538,112.170084917126,112.170084917126,112.170084917126,112.172675,112.172709656993,112.183581542969,112.183354970002
245.05,112.16908304,112.16806898296,112.170398363616,112.170398363616,112.170398363616,112.174025,112.174093568898,112.183557128906,112.183339955169
245.1,112.16904384,112.168340919382,112.170711810106,112.170711810106,112.170711810106,112.175375,112.175477480803,112.183532714844,112.183324940335
245.15,112.16900464,112.168612855805,112.171025256596,112.171025256596,112.171025256596,112.176725,112.176861392708,112.183508300781,112.183309925502
245.2,112.16896544,112.168884792227,112.171338703086,112.171338703086,112.171338703086,112.178075,112.178245304613,112.183483886719,112.183294910668
245.25,112.16892736,112.169156728649,112.171652149575,112.171652149575,112.171652149575,112.179425,112.179629216518,112.183459472656,112.183279895835
245.3,112.16888816,112.169428665071,112.171965596065,112.171965596065,112.171965596065,112.180775,112.181013128423,112.183435058594,112.183264881001
245.35,112.16884896,112.169700601494,112.172279042555,112.172279042555,112.172279042555,112.182125,112.182397040328,112.183410644531,112.183249866168
245.4,112.16881088,112.169972537916,112.172592489045,112.172592489045,112.172592489045,112.183475,112.183780952233,112.183386230469,112.183234851334
245.45,112.16877168,112.170244474338,112.172905935535,112.172905935535,112.172905935535,112.184825,112.185164864138,112.183361816406,112.183219836501
245.5,112.16873248,112.170516410761,112.173219382025,112.173219382025,112.173219382025,112.186175,112.186548776043,112.183337402344,112.183204821668
245.55,112.1686944,112.170788347183,112.173532828515,112.173532828515,112.173532828515,112.187525,112.187932687948,112.183312988281,112.183189806834
245.6,112.1686552,112.171060283605,112.173846275005,112.173846275005,112.173846275005,112.188875,112.189316599853,112.183288574219,112.183174792001
245.65,112.168616,112.171332220027,112.174159721494,112.174159721494,112.174159721494,112.190225,112.190700511758,112.183264160156,112.183159777167
245.7,112.16857792,112.17160415645,112.174473167984,112.174473167984,112.174473167984,112.191575,112.192084423663,112.183239746094,112.183144762334
245.75,112.16853872,112.171876092872,112.174786614474,112.174786614474,112.174786614474,112.192925,112.193468335568,112.183215332031,112.1831297475
245.8,112.16849952,112.172148029294,112.175100060964,112.175100060964,112.175100060964,112.194275,112.194852247472,112.183190917969,112.183114732667
245.85,112.16846144,112.172419965716,112.175413507454,112.175413507454,112.175413507454,112.195625,112.196236159377,112.183166503906,112.183099717833
245.9,112.16842224,112.172691902139,112.175726953944,112.175726953944,112.175726953944,112.196975,112.197620071282,112.183142089844,112.183084703
245.95,112.16838304,112.172963838561,112.176040400434,112.176040400434,112.176040400434,112.198325,112.199003983187,112.183117675781,112.183069688166
246,112.16834384,112.173110774983,112.176228846923,112.176228846923,112.176228846923,112.199,112.199712895092,112.183093261719,112.183054673333
246.05,112.16830576,112.173132711406,112.176292293413,112.176292293413,112.176292293413,112.199,112.199746806997,112.183068847656,112.183039658499
246.1,112.16826656,112.173154647828,112.176355739903,112.176355739903,112.176355739903,112.199,112.199780718902,112.183044433594,112.183024643666
246.15,112.16822736,112.17317658425,112.176419186393,112.176419186393,112.176419186393,112.199,112.199814630807,112.183020019531,112.183009628832
246.2,112.16818928,112.173198520672,112.176482632883,112.176482632883,112.176482632883,112.199,112.199848542712,112.182995605469,112.182994613999
246.25,112.16815008,112.173220457095,112.176546079373,112.176546079373,112.176546079373,112.199,112.199882454617,112.182971191406,112.182979599165
246.3,112.16811088,112.173242393517,112.176609525863,112.176609525863,112.176609525863,112.199,112.199916366522,112.182946777344,112.182964584332
246.35,112.1680728,112.173264329939,112.176672972353,112.176672972353,112.176672972353,112.199,112.199950278427,112.182922363281,112.182949569498
246.4,112.1680336,112.173286266362,112.176736418842,112.176736418842,112.176736418842,112.199,112.199984190332,112.182897949219,112.182934554665
246.45,112.1679944,112.173308202784,112.176799865332,112.176799865332,112.176799865332,112.199,112.200018102237,112.182873535156,112.182919539831
246.5,112.16795632,112.173330139206,112.176863311822,112.176863311822,112.176863311822,112.199,112.200052014142,112.182849121094,112.182904524998
246.55,112.16791712,112.173352075628,112.176926758312,112.176926758312,112.176926758312,112.199,112.200085926047,112.182824707031,112.182889510164
246.6,112.16787792,112.173374012051,112.176990204802,112.176990204802,112.176990204802,112.199,112.200119837952,112.182800292969,112.182874495331
246.65,112.16783984,112.173395948473,112.177053651292,112.177053651292,112.177053651292,112.199,112.200153749857,112.182775878906,112.182859480497
246.7,112.16780064,112.173417884895,112.177117097782,112.177117097782,112.177117097782,112.199,112.200187661762,112.182751464844,112.182844465664
246.75,112.16776144,112.173439821317,112.177180544271,112.177180544271,112.177180544271,112.199,112.200221573667,112.182727050781,112.18282945083
246.8,112.16772336,112.17346175774,112.177243990761,112.177243990761,112.177243990761,112.199,112.200255485572,112.182702636719,112.182814435997
246.85,112.16768416,112.173483694162,112.177307437251,112.177307437251,112.177307437251,112.199,112.200289397477,112.182678222656,112.182799421163
246.9,112.16764496,112.173505630584,112.177370883741,112.177370883741,112.177370883741,112.199,112.200323309382,112.182653808594,112.18278440633
246.95,112.16760576,112.173527567007,112.177434330231,112.177434330231,112.177434330231,112.199,112.200357221287,112.182629394531,112.182769391496
247,112.16756768,112.173549503429,112.177497776721,112.177497776721,112.177497776721,112.199,112.200391133192,112.182604980469,112.182754376663
247.05,112.16752848,112.173571439851,112.177561223211,112.177561223211,112.177561223211,112.199,112.200425045097,112.182580566406,112.182739361829
247.1,112.16748928,112.173593376273,112.1776246697,112.1776246697,112.1776246697,112.199,112.200458957002,112.182556152344,112.182724346996
247.15,112.1674512,112.173615312696,112.17768811619,112.17768811619,112.17768811619,112.199,112.200492868907,112.182531738281,112.182709332162
247.2,112.167412,112.173637249118,112.17775156268,112.17775156268,112.17775156268,112.199,112.200526780812,112.182507324219,112.182694317329
247.25,112.1673728,112.17365918554,112.17781500917,112.17781500917,112.17781500917,112.199,112.200560692717,112.182482910156,112.182679302495
247.3,112.16733472,112.173681121963,112.17787845566,112.17787845566,112.17787845566,112.199,112.200594604622,112.182458496094,112.182664287662
247.35,112.16729552,112.173703058385,112.17794190215,112.17794190215,112.17794190215,112.199,112.200628516527,112.182434082031,112.182649272828
247.4,112.16725632,112.173724994807,112.17800534864,112.17800534864,112.17800534864,112.199,112.200662428432,112.182409667969,112.182634257995
247.45,112.16721824,112.173746931229,112.17806879513,112.17806879513,112.17806879513,112.199,112.200696340336,112.182385253906,112.182619243161
247.5,112.16717904,112.173768867652,112.178132241619,112.178132241619,112.178132241619,112.199,112.200730252241,112.182360839844,112.182604228328
247.55,112.16713984,112.173790804074,112.178195688109,112.178195688109,112.178195688109,112.199,112.200764164146,112.182336425781,112.182589213494
247.6,112.16710176,112.173812740496,112.178259134599,112.178259134599,112.178259134599,112.199,112.200798076051,112.182312011719,112.182574198661
247.65,112.16706256,112.173834676918,112.178322581089,112.178322581089,112.178322581089,112.199,112.200831987956,112.182287597656,112.182559183827
247.7,112.16702336,112.173856613341,112.178386027579,112.178386027579,112.178386027579,112.199,112.200865899861,112.182263183594,112.182544168994
247.75,112.16698416,112.173878549763,112.178449474069,112.178449474069,112.178449474069,112.199,112.200899811766,112.182238769531,112.18252915416
247.8,112.16694608,112.173900486185,112.178512920559,112.178512920559,112.178512920559,112.199,112.200933723671,112.182214355469,112.182514139327
247.85,112.16690688,112.173922422608,112.178576367048,112.178576367048,112.178576367048,112.199,112.200967635576,112.182189941406,112.182499124493
247.9,112.16686768,112.17394435903,112.178639813538,112.178639813538,112.178639813538,112.199,112.201001547481,112.182165527344,112.18248410966
247.95,112.1668296,112.173966295452,112.178703260028,112.178703260028,112.178703260028,112.199,112.201035459386,112.182141113281,112.182469094826
248,112.1667904,112.173988231874,112.178766706518,112.178766706518,112.178766706518,112.198725,112.200794371291,112.182116699219,112.182454079993
248.05,112.1667512,112.174010168297,112.178830153008,112.178830153008,112.178830153008,112.198175,112.200278283196,112.182092285156,112.182439065159
248.1,112.16671312,112.174032104719,112.178893599498,112.178893599498,112.178893599498,112.197625,112.199762195101,112.182067871094,112.182424050326
248.15,112.16667392,112.174054041141,112.178957045988,112.178957045988,112.178957045988,112.197075,112.199246107006,112.182043457031,112.182409035492
248.2,112.16663472,112.174075977564,112.179020492478,112.179020492478,112.179020492478,112.196525,112.198730018911,112.182019042969,112.182394020659
248.25,112.16659664,112.174097913986,112.179083938967,112.179083938967,112.179083938967,112.195975,112.198213930816,112.181994628906,112.182379005825
248.3,112.16655744,112.174119850408,112.179147385457,112.179147385457,112.179147385457,112.195425,112.197697842721,112.181970214844,112.182363990992
248.35,112.16651824,112.17414178683,112.179210831947,112.179210831947,112.179210831947,112.194875,112.197181754626,112.181945800781,112.182348976158
248.4,112.16648016,112.174163723253,112.179274278437,112.179274278437,112.179274278437,112.194325,112.196665666531,112.181921386719,112.182333961325
248.45,112.16644096,112.174185659675,112.179337724927,112.179337724927,112.179337724927,112.193775,112.196149578436,112.181896972656,112.182318946491
248.5,112.16640176,112.174207596097,112.179401171417,112.179401171417,112.179401171417,112.193225,112.195633490341,112.181872558594,112.182303931658
248.55,112.16636368,112.174229532519,112.179464617907,112.179464617907,112.179464617907,112.192675,112.195117402246,112.181848144531,112.182288916824
248.6,112.16632448,112.174251468942,112.179528064396,112.179528064396,112.179528064396,112.192125,112.194601314151,112.181823730469,112.182273901991
248.65,112.16628528,112.174273405364,112.179591510886,112.179591510886,112.179591510886,112.191575,112.194085226056,112.181799316406,112.182258887157
248.7,112.16624608,112.174295341786,112.179654957376,112.179654957376,112.179654957376,112.191025,112.193569137961,112.181774902344,112.182243872324
248.75,112.166208,112.174317278209,112.179718403866,112.179718403866,112.179718403866,112.190475,112.193053049866,112.181750488281,112.18222885749
248.8,112.1661688,112.174339214631,112.179781850356,112.179781850356,112.179781850356,112.189925,112.192536961771,112.181726074219,112.182213842657
248.85,112.1661296,112.174361151053,112.179845296846,112.179845296846,112.179845296846,112.189375,112.192020873676,112.181701660156,112.182198827823
248.9,112.16609152,112.174383087475,112.179908743336,112.179908743336,112.179908743336,112.188825,112.191504785581,112.181677246094,112.18218381299
248.95,112.16605232,112.174405023898,112.179972189825,112.179972189825,112.179972189825,112.188275,112.190988697486,112.181652832031,112.182168798157
249,112.16601312,112.17442696032,112.180035636315,112.180035636315,112.180035636315,112.187325,112.190072609391,112.181628417969,112.182153783323
249.05,112.16597504,112.174448896742,112.180099082805,112.180099082805,112.180099082805,112.185975,112.188756521296,112.181604003906,112.18213876849
249.1,112.16593584,112.174470833165,112.180162529295,112.180162529295,112.180162529295,112.184625,112.1874404332,112.181579589844,112.182123753656
249.15,112.16589664,112.174492769587,112.180225975785,112.180225975785,112.180225975785,112.183275,112.186124345105,112.181555175781,112.182108738823
249.2,112.16585856,112.174514706009,112.180289422275,112.180289422275,112.180289422275,112.181925,112.18480825701,112.181530761719,112.182093723989
249.25,112.16581936,112.174536642431,112.180352868765,112.180352868765,112.180352868765,112.180575,112.183492168915,112.181506347656,112.182078709156
249.3,112.16578016,112.174558578854,112.180416315255,112.180416315255,112.180416315255,112.179225,112.18217608082,112.181481933594,112.182063694322
249.35,112.16574208,112.174580515276,112.180479761744,112.180479761744,112.180479761744,112.177875,112.180859992725,112.181457519531,112.182048679489
249.4,112.16570288,112.174602451698,112.180543208234,112.180543208234,112.180543208234,112.176525,112.17954390463,112.181433105469,112.182033664655
249.45,112.16566368,112.17462438812,112.180606654724,112.180606654724,112.180606654724,112.175175,112.178227816535,112.181408691406,112.182018649822
249.5,112.16562448,112.174646324543,112.180670101214,112.180670101214,112.180670101214,112.173825,112.17691172844,112.181384277344,112.182003634988
249.55,112.1655864,112.174668260965,112.180733547704,112.180733547704,112.180733547704,112.172475,112.175595640345,112.181359863281,112.181988620155
249.6,112.1655472,112.174690197387,112.180796994194,112.180796994194,112.180796994194,112.171125,112.17427955225,112.181335449219,112.181973605321
249.65,112.165508,112.17471213381,112.180860440684,112.180860440684,112.180860440684,112.169775,112.172963464155,112.181311035156,112.181958590488
249.7,112.16546992,112.174734070232,112.180923887173,112.180923887173,112.180923887173,112.168425,112.17164737606,112.181286621094,112.181943575654
249.75,112.16543072,112.174756006654,112.180987333663,112.180987333663,112.180987333663,112.167075,112.170331287965,112.181262207031,112.181928560821
249.8,112.16539152,112.174777943076,112.181050780153,112.181050780153,112.181050780153,112.165725,112.16901519987,112.181237792969,112.181913545987
249.85,112.16535344,112.174799879499,112.181114226643,112.181114226643,112.181114226643,112.164375,112.167699111775,112.181213378906,112.181898531154
249.9,112.16531424,112.174821815921,112.181177673133,112.181177673133,112.181177673133,112.163025,112.16638302368,112.181188964844,112.18188351632
249.95,112.16527504,112.174843752343,112.181241119623,112.181241119623,112.181241119623,112.161675,112.165066935585,112.181164550781,112.181868501487
250,112.16523696,112.174865688765,112.181304566113,112.181304566113,112.181304566113,112.161,112.16442584749,112.181140136719,112.181853486653
250.05,112.16519776,112.174870255327,112.181301128836,112.181301128836,112.181301128836,112.161,112.164508718252,112.181115722656,112.181830061059
250.1,112.16515856,112.174874821888,112.18129769156,112.18129769156,112.18129769156,112.161,112.164591589015,112.181091308594,112.181806635465
250.15,112.16512048,112.174879388449,112.181294254283,112.181294254283,112.181294254283,112.161,112.164674459778,112.181066894531,112.181783209871
250.2,112.16508128,112.174883955011,112.181290817007,112.181290817007,112.181290817007,112.161,112.16475733054,112.181042480469,112.181759784277
250.25,112.16504208,112.174888521572,112.18128737973,112.18128737973,112.18128737973,112.161,112.164840201303,112.181018066406,112.181736358683
250.3,112.165004,112.174893088133,112.181283942454,112.181283942454,112.181283942454,112.161,112.164923072065,112.180993652344,112.181712933089
250.35,112.1649648,112.174897654694,112.181280505177,112.181280505177,112.181280505177,112.161,112.165005942828,112.180969238281,112.181689507495
250.4,112.1649256,112.174902221256,112.181277067901,112.181277067901,112.181277067901,112.161,112.16508881359,112.180944824219,112.181666081901
250.45,112.1648864,112.174906787817,112.181273630624,112.181273630624,112.181273630624,112.161,112.165171684353,112.180920410156,112.181642656307
250.5,112.16484832,112.174911354378,112.181270193348,112.181270193348,112.181270193348,112.161,112.165254555115,112.180895996094,112.181619230713
250.55,112.16480912,112.174915920939,112.181266756071,112.181266756071,112.181266756071,112.161,112.165337425878,112.180871582031,112.181595805119
250.6,112.16476992,112.174920487501,112.181263318795,112.181263318795,112.181263318795,112.161,112.165420296641,112.180847167969,112.181572379525
250.65,112.16473184,112.174925054062,112.181259881518,112.181259881518,112.181259881518,112.161,112.165503167403,112.180822753906,112.181548953931
250.7,112.16469264,112.174929620623,112.181256444242,112.181256444242,112.181256444242,112.161,112.165586038166,112.180798339844,112.181525528337
250.75,112.16465344,112.174934187185,112.181253006965,112.181253006965,112.181253006965,112.161,112.165668908928,112.180773925781,112.181502102743
250.8,112.16461536,112.174938753746,112.181249569689,112.181249569689,112.181249569689,112.161,112.165751779691,112.180749511719,112.181478677149
250.85,112.16457616,112.174943320307,112.181246132412,112.181246132412,112.181246132412,112.161,112.165834650453,112.180725097656,112.181455251555
250.9,112.16453696,112.174947886868,112.181242695135,112.181242695135,112.181242695135,112.161,112.165917521216,112.180700683594,112.181431825961
250.95,112.16449888,112.17495245343,112.181239257859,112.181239257859,112.181239257859,112.161,112.166000391978,112.180676269531,112.181408400367
251,112.16445968,112.174957019991,112.181235820582,112.181235820582,112.181235820582,112.161,112.166083262741,112.180651855469,112.181384974773
251.05,112.16442048,112.174961586552,112.181232383306,112.181232383306,112.181232383306,112.161,112.166166133503,112.180627441406,112.181361549179
251.1,112.1643824,112.174966153113,112.181228946029,112.181228946029,112.181228946029,112.161,112.166249004266,112.180603027344,112.181338123585
251.15,112.1643432,112.174970719675,112.181225508753,112.181225508753,112.181225508753,112.161,112.166331875029,112.180578613281,112.181314697991
251.2,112.164304,112.174975286236,112.181222071476,112.181222071476,112.181222071476,112.161,112.166414745791,112.180554199219,112.181291272397
251.25,112.1642648,112.174979852797,112.1812186342,112.1812186342,112.1812186342,112.161,112.166497616554,112.180529785156,112.181267846803
251.3,112.16422672,112.174984419358,112.181215196923,112.181215196923,112.181215196923,112.161,112.166580487316,112.180505371094,112.181244421209
251.35,112.16418752,112.17498898592,112.181211759647,112.181211759647,112.181211759647,112.161,112.166663358079,112.180480957031,112.181220995615
251.4,112.16414832,112.174993552481,112.18120832237,112.18120832237,112.18120832237,112.161,112.166746228841,112.180456542969,112.18119757002
251.45,112.16411024,112.174998119042,112.181204885094,112.181204885094,112.181204885094,112.161,112.166829099604,112.180432128906,112.181174144426
251.5,112.16407104,112.175002685604,112.181201447817,112.181201447817,112.181201447817,112.161,112.166911970366,112.180407714844,112.181150718832
251.55,112.16403184,112.175007252165,112.181198010541,112.181198010541,112.181198010541,112.161,112.166994841129,112.180383300781,112.181127293238
251.6,112.16399376,112.175011818726,112.181194573264,112.181194573264,112.181194573264,112.161,112.167077711892,112.180358886719,112.181103867644
251.65,112.16395456,112.175016385287,112.181191135988,112.181191135988,112.181191135988,112.161,112.167160582654,112.180334472656,112.18108044205
251.7,112.16391536,112.175020951849,112.181187698711,112.181187698711,112.181187698711,112.161,112.167243453417,112.180310058594,112.181057016456
251.75,112.16387728,112.17502551841,112.181184261435,112.181184261435,112.181184261435,112.161,112.167326324179,112.180285644531,112.181033590862
251.8,112.16383808,112.175030084971,112.181180824158,112.181180824158,112.181180824158,112.161,112.167409194942,112.180261230469,112.181010165268
251.85,112.16379888,112.175034651532,112.181177386882,112.181177386882,112.181177386882,112.161,112.167492065704,112.180236816406,112.180986739674
251.9,112.1637608,112.175039218094,112.181173949605,112.181173949605,112.181173949605,112.161,112.167574936467,112.180212402344,112.18096331408
251.95,112.1637216,112.175043784655,112.181170512329,112.181170512329,112.181170512329,112.161,112.167657807229,112.180187988281,112.180939888486
252,112.1636824,112.175048351216,112.181167075052,112.181167075052,112.181167075052,112.17335,112.180090677992,112.180163574219,112.180916462892
252.05,112.16364432,112.175052917778,112.181163637776,112.181163637776,112.181163637776,112.19805,112.204873548755,112.180139160156,112.180893037298
252.1,112.16360512,112.175057484339,112.181160200499,112.181160200499,112.181160200499,112.22275,112.229656419517,112.180114746094,112.180869611704
252.15,112.16356592,112.1750620509,112.181156763223,112.181156763223,112.181156763223,112.24745,112.25443929028,112.180090332031,112.18084618611
252.2,112.16352672,112.175066617461,112.181153325946,112.181153325946,112.181153325946,112.27215,112.279222161042,112.180065917969,112.180822760516
252.25,112.16348864,112.175071184023,112.18114988867,112.18114988867,112.18114988867,112.29685,112.304005031805,112.180041503906,112.180799334922
252.3,112.16344944,112.175075750584,112.181146451393,112.181146451393,112.181146451393,112.32155,112.328787902567,112.180017089844,112.180775909328
252.35,112.16341024,112.175080317145,112.181143014117,112.181143014117,112.181143014117,112.34625,112.35357077333,112.179992675781,112.180752483734
252.4,112.16337216,112.175084883706,112.18113957684,112.18113957684,112.18113957684,112.37095,112.378353644092,112.179968261719,112.18072905814
252.45,112.16333296,112.175089450268,112.181136139564,112.181136139564,112.181136139564,112.39565,112.403136514855,112.179943847656,112.180705632546
252.5,112.16329376,112.175094016829,112.181132702287,112.181132702287,112.181132702287,112.42035,112.427919385617,112.179919433594,112.180682206952
252.55,112.16325568,112.17509858339,112.181129265011,112.181129265011,112.181129265011,112.44505,112.45270225638,112.179895019531,112.180658781358
252.6,112.16321648,112.175103149951,112.181125827734,112.181125827734,112.181125827734,112.46975,112.477485127143,112.179870605469,112.180635355764
252.65,112.16317728,112.175107716513,112.181122390458,112.181122390458,112.181122390458,112.49445,112.502267997905,112.179846191406,112.18061193017
252.7,112.1631392,112.175112283074,112.181118953181,112.181118953181,112.181118953181,112.51915,112.527050868668,112.179821777344,112.180588504576
252.75,112.1631,112.175116849635,112.181115515905,112.181115515905,112.181115515905,112.54385,112.55183373943,112.179797363281,112.180565078982
252.8,112.1630608,112.175121416197,112.181112078628,112.181112078628,112.181112078628,112.56855,112.576616610193,112.179772949219,112.180541653388
252.85,112.16302272,112.175125982758,112.181108641352,112.181108641352,112.181108641352,112.59325,112.601399480955,112.179748535156,112.180518227794
252.9,112.16298352,112.175130549319,112.181105204075,112.181105204075,112.181105204075,112.61795,112.626182351718,112.179724121094,112.1804948022
252.95,112.16294432,112.17513511588,112.181101766799,112.181101766799,112.181101766799,112.64265,112.65096522248,112.179699707031,112.180471376606
253,112.16290512,112.175139682442,112.181098329522,112.181098329522,112.181098329522,112.655125,112.663523093243,112.1796875,112.180460158043
253.05,112.16286704,112.175144249003,112.181094892246,112.181094892246,112.181094892246,112.655375,112.663855964006,112.1796875,112.180461146511
253.1,112.16282784,112.175148815564,112.181091454969,112.181091454969,112.181091454969,112.655625,112.664188834768,112.1796875,112.18046213498
253.15,112.16278864,112.175153382125,112.181088017693,112.181088017693,112.181088017693,112.655875,112.664521705531,112.1796875,112.180463123448
253.2,112.16275056,112.175157948687,112.181084580416,112.181084580416,112.181084580416,112.656125,112.664854576293,112.1796875,112.180464111917
253.25,112.16271136,112.175162515248,112.18108114314,112.18108114314,112.18108114314,112.656375,112.665187447056,112.1796875,112.180465100385
253.3,112.16267216,112.175167081809,112.181077705863,112.181077705863,112.181077705863,112.656625,112.665520317818,112.1796875,112.180466088854
253.35,112.16263408,112.175171648371,112.181074268587,112.181074268587,112.181074268587,112.656875,112.665853188581,112.1796875,112.180467077322
253.4,112.16259488,112.175176214932,112.18107083131,112.18107083131,112.18107083131,112.657125,112.666186059343,112.1796875,112.180468065791
253.45,112.16255568,112.175180781493,112.181067394034,112.181067394034,112.181067394034,112.657375,112.666518930106,112.1796875,112.180469054259
253.5,112.1625176,112.175185348054,112.181063956757,112.181063956757,112.181063956757,112.657625,112.666851800868,112.1796875,112.180470042728
253.55,112.1624784,112.175189914616,112.181060519481,112.181060519481,112.181060519481,112.657875,112.667184671631,112.1796875,112.180471031196
253.6,112.1624392,112.175194481177,112.181057082204,112.181057082204,112.181057082204,112.658125,112.667517542394,112.1796875,112.180472019665
253.65,112.16240112,112.175199047738,112.181053644928,112.181053644928,112.181053644928,112.658375,112.667850413156,112.1796875,112.180473008133
253.7,112.16236192,112.175203614299,112.181050207651,112.181050207651,112.181050207651,112.658625,112.668183283919,112.1796875,112.180473996602
253.75,112.16232272,112.175208180861,112.181046770375,112.181046770375,112.181046770375,112.658875,112.668516154681,112.1796875,112.18047498507
253.8,112.16228464,112.175212747422,112.181043333098,112.181043333098,112.181043333098,112.659125,112.668849025444,112.1796875,112.180475973539
253.85,112.16224544,112.175217313983,112.181039895822,112.181039895822,112.181039895822,112.659375,112.669181896206,112.1796875,112.180476962007
253.9,112.16220624,112.175221880544,112.181036458545,112.181036458545,112.181036458545,112.659625,112.669514766969,112.1796875,112.180477950475
253.95,112.16216704,112.175226447106,112.181033021269,112.181033021269,112.181033021269,112.659875,112.669847637731,112.1796875,112.180478938944
254,112.16212896,112.175231013667,112.181029583992,112.181029583992,112.181029583992,112.66,112.670055508494,112.1796875,112.180479927412
254.05,112.16208976,112.175235580228,112.181026146716,112.181026146716,112.181026146716,112.66,112.670138379257,112.1796875,112.180480915881
254.1,112.16205056,112.17524014679,112.181022709439,112.181022709439,112.181022709439,112.66,112.670221250019,112.1796875,112.180481904349
254.15,112.16201248,112.175244713351,112.181019272163,112.181019272163,112.181019272163,112.66,112.670304120782,112.1796875,112.180482892818
254.2,112.16197328,112.175249279912,112.181015834886,112.181015834886,112.181015834886,112.66,112.670386991544,112.1796875,112.180483881286
254.25,112.16193408,112.175253846473,112.181012397609,112.181012397609,112.181012397609,112.66,112.670469862307,112.1796875,112.180484869755
254.3,112.161896,112.175258413035,112.181008960333,112.181008960333,112.181008960333,112.66,112.670552733069,112.1796875,112.180485858223
254.35,112.1618568,112.175262979596,112.181005523056,112.181005523056,112.181005523056,112.66,112.670635603832,112.1796875,112.180486846692
254.4,112.1618176,112.175267546157,112.18100208578,112.18100208578,112.18100208578,112.66,112.670718474594,112.1796875,112.18048783516
254.45,112.16177952,112.175272112718,112.180998648503,112.180998648503,112.180998648503,112.66,112.670801345357,112.1796875,112.180488823629
254.5,112.16174032,112.17527667928,112.180995211227,112.180995211227,112.180995211227,112.66,112.670884216119,112.1796875,112.180489812097
254.55,112.16170112,112.175281245841,112.18099177395,112.18099177395,112.18099177395,112.66,112.670967086882,112.1796875,112.180490800566
254.6,112.16166304,112.175285812402,112.180988336674,112.180988336674,112.180988336674,112.66,112.671049957645,112.1796875,112.180491789034
254.65,112.16162384,112.175290378964,112.180984899397,112.180984899397,112.180984899397,112.66,112.671132828407,112.1796875,112.180492777503
254.7,112.16158464,112.175294945525,112.180981462121,112.180981462121,112.180981462121,112.66,112.67121569917,112.1796875,112.180493765971
254.75,112.16154656,112.175299512086,112.180978024844,112.180978024844,112.180978024844,112.66,112.671298569932,112.1796875,112.18049475444
254.8,112.16150736,112.175304078647,112.180974587568,112.180974587568,112.180974587568,112.66,112.671381440695,112.1796875,112.180495742908
254.85,112.16146816,112.175308645209,112.180971150291,112.180971150291,112.180971150291,112.66,112.671464311457,112.1796875,112.180496731377
254.9,112.16142896,112.17531321177,112.180967713015,112.180967713015,112.180967713015,112.66,112.67154718222,112.1796875,112.180497719845
254.95,112.16139088,112.175317778331,112.180964275738,112.180964275738,112.180964275738,112.66,112.671630052982,112.1796875,112.180498708313
255,112.16135168,112.175322344892,112.180960838462,112.180960838462,112.180960838462,112.66,112.671712923745,112.1796875,112.180499696782
255.05,112.16131248,112.175326911454,112.180957401185,112.180957401185,112.180957401185,112.66,112.671795794508,112.1796875,112.18050068525
255.1,112.1612744,112.175331478015,112.180953963909,112.180953963909,112.180953963909,112.66,112.67187866527,112.1796875,112.180501673719
255.15,112.1612352,112.175336044576,112.180950526632,112.180950526632,112.180950526632,112.66,112.671961536033,112.1796875,112.180502662187
255.2,112.161196,112.175340611137,112.180947089356,112.180947089356,112.180947089356,112.66,112.672044406795,112.1796875,112.180503650656
255.25,112.16115792,112.175345177699,112.180943652079,112.180943652079,112.180943652079,112.66,112.672127277558,112.1796875,112.180504639124
255.3,112.16111872,112.17534974426,112.180940214803,112.180940214803,112.180940214803,112.66,112.67221014832,112.1796875,112.180505627593
255.35,112.16107952,112.175354310821,112.180936777526,112.180936777526,112.180936777526,112.66,112.672293019083,112.1796875,112.180506616061
255.4,112.16104144,112.175358877383,112.18093334025,112.18093334025,112.18093334025,112.66,112.672375889845,112.1796875,112.18050760453
255.45,112.16100224,112.175363443944,112.180929902973,112.180929902973,112.180929902973,112.66,112.672458760608,112.1796875,112.180508592998
255.5,112.16096304,112.175368010505,112.180926465697,112.180926465697,112.180926465697,112.66,112.67254163137,112.1796875,112.180509581467
255.55,112.16092496,112.175372577066,112.18092302842,112.18092302842,112.18092302842,112.66,112.672624502133,112.1796875,112.180510569935
255.6,112.16088576,112.175377143628,112.180919591144,112.180919591144,112.180919591144,112.66,112.672707372896,112.1796875,112.180511558404
255.65,112.16084656,112.175381710189,112.180916153867,112.180916153867,112.180916153867,112.66,112.672790243658,112.1796875,112.180512546872
255.7,112.16080736,112.17538627675,112.180912716591,112.180912716591,112.180912716591,112.66,112.672873114421,112.1796875,112.180513535341
255.75,112.16076928,112.175390843311,112.180909279314,112.180909279314,112.180909279314,112.66,112.672955985183,112.1796875,112.180514523809
255.8,112.16073008,112.175395409873,112.180905842038,112.180905842038,112.180905842038,112.66,112.673038855946,112.1796875,112.180515512278
255.85,112.16069088,112.175399976434,112.180902404761,112.180902404761,112.180902404761,112.66,112.673121726708,112.1796875,112.180516500746
255.9,112.1606528,112.175404542995,112.180898967485,112.180898967485,112.180898967485,112.66,112.673204597471,112.1796875,112.180517489214
255.95,112.1606136,112.175409109557,112.180895530208,112.180895530208,112.180895530208,112.66,112.673287468233,112.1796875,112.180518477683
256,112.1605744,112.175413676118,112.180892092932,112.180892092932,112.180892092932,112.6483,112.661670338996,112.1796875,112.180519466151
256.05,112.16053632,112.175418242679,112.180888655655,112.180888655655,112.180888655655,112.6249,112.638353209759,112.1796875,112.18052045462
256.1,112.16049712,112.17542280924,112.180885218379,112.180885218379,112.180885218379,112.6015,112.615036080521,112.1796875,112.180521443088
256.15,112.16045792,112.175427375802,112.180881781102,112.180881781102,112.180881781102,112.5781,112.591718951284,112.1796875,112.180522431557
256.2,112.16041984,112.175431942363,112.180878343826,112.180878343826,112.180878343826,112.5547,112.568401822046,112.1796875,112.180523420025
256.25,112.16038064,112.175436508924,112.180874906549,112.180874906549,112.180874906549,112.5313,112.545084692809,112.1796875,112.180524408494
256.3,112.16034144,112.175441075485,112.180871469273,112.180871469273,112.180871469273,112.5079,112.521767563571,112.1796875,112.180525396962
256.35,112.16030336,112.175445642047,112.180868031996,112.180868031996,112.180868031996,112.4845,112.498450434334,112.1796875,112.180526385431
256.4,112.16026416,112.175450208608,112.18086459472,112.18086459472,112.18086459472,112.4611,112.475133305096,112.1796875,112.180527373899
256.45,112.16022496,112.175454775169,112.180861157443,112.180861157443,112.180861157443,112.4377,112.451816175859,112.1796875,112.180528362368
256.5,112.16018688,112.17545934173,112.180857720167,112.180857720167,112.180857720167,112.4143,112.428499046621,112.1796875,112.180529350836
256.55,112.16014768,112.175463908292,112.18085428289,112.18085428289,112.18085428289,112.3909,112.405181917384,112.1796875,112.180530339305
256.6,112.16010848,112.175468474853,112.180850845614,112.180850845614,112.180850845614,112.3675,112.381864788147,112.1796875,112.180531327773
256.65,112.16006928,112.175473041414,112.180847408337,112.180847408337,112.180847408337,112.3441,112.358547658909,112.1796875,112.180532316242
256.7,112.16004128,112.175477607976,112.180843971061,112.180843971061,112.180843971061,112.3207,112.335230529672,112.1796875,112.18053330471
256.75,112.16003232,112.175482174537,112.180840533784,112.180840533784,112.180840533784,112.2973,112.311913400434,112.1796875,112.180534293179
256.8,112.16003232,112.175486741098,112.180837096508,112.180837096508,112.180837096508,112.2739,112.288596271197,112.1796875,112.180535281647
256.85,112.16003232,112.175491307659,112.180833659231,112.180833659231,112.180833659231,112.2505,112.265279141959,112.1796875,112.180536270116
256.9,112.16003232,112.175495874221,112.180830221955,112.180830221955,112.180830221955,112.2271,112.241962012722,112.1796875,112.180537258584
256.95,112.16003232,112.175500440782,112.180826784678,112.180826784678,112.180826784678,112.2037,112.218644883484,112.1796875,112.180538247052
257,112.16003232,112.175505007343,112.180823347402,112.180823347402,112.180823347402,112.19155,112.206577754247,112.1796875,112.180539235521
257.05,112.16003232,112.175509573904,112.180819910125,112.180819910125,112.180819910125,112.19065,112.20576062501,112.1796875,112.180540223989
257.1,112.16003232,112.175514140466,112.180816472849,112.180816472849,112.180816472849,112.18975,112.204943495772,112.1796875,112.180541212458
257.15,112.16003232,112.175518707027,112.180813035572,112.180813035572,112.180813035572,112.18885,112.204126366535,112.1796875,112.180542200926
257.2,112.16003232,112.175523273588,112.180809598296,112.180809598296,112.180809598296,112.18795,112.203309237297,112.1796875,112.180543189395
257.25,112.16003232,112.17552784015,112.180806161019,112.180806161019,112.180806161019,112.18705,112.20249210806,112.1796875,112.180544177863
257.3,112.16003232,112.175532406711,112.180802723743,112.180802723743,112.180802723743,112.18615,112.201674978822,112.1796875,112.180545166332
257.35,112.16003232,112.175536973272,112.180799286466,112.180799286466,112.180799286466,112.18525,112.200857849585,112.1796875,112.1805461548
257.4,112.16003232,112.175541539833,112.18079584919,112.18079584919,112.18079584919,112.18435,112.200040720347,112.1796875,112.180547143269
257.45,112.16003232,112.175546106395,112.180792411913,112.180792411913,112.180792411913,112.18345,112.19922359111,112.1796875,112.180548131737
257.5,112.16003232,112.175550672956,112.180788974636,112.180788974636,112.180788974636,112.18255,112.198406461872,112.1796875,112.180549120206
257.55,112.16003232,112.175555239517,112.18078553736,112.18078553736,112.18078553736,112.18165,112.197589332635,112.1796875,112.180550108674
257.6,112.16003232,112.175559806078,112.180782100083,112.180782100083,112.180782100083,112.18075,112.196772203398,112.1796875,112.180551097143
257.65,112.16003232,112.17556437264,112.180778662807,112.180778662807,112.180778662807,112.17985,112.19595507416,112.1796875,112.180552085611
257.7,112.16003232,112.175568939201,112.18077522553,112.18077522553,112.18077522553,112.17895,112.195137944923,112.1796875,112.18055307408
257.75,112.16003232,112.175573505762,112.180771788254,112.180771788254,112.180771788254,112.17805,112.194320815685,112.1796875,112.180554062548
257.8,112.16003232,112.175578072323,112.180768350977,112.180768350977,112.180768350977,112.17715,112.193503686448,112.1796875,112.180555051017
257.85,112.16003232,112.175582638885,112.180764913701,112.180764913701,112.180764913701,112.17625,112.19268655721,112.1796875,112.180556039485
257.9,112.16003232,112.175587205446,112.180761476424,112.180761476424,112.180761476424,112.17535,112.191869427973,112.1796875,112.180557027954
257.95,112.16003232,112.175591772007,112.180758039148,112.180758039148,112.180758039148,112.17445,112.191052298735,112.1796875,112.180558016422
258,112.16003232,112.175596338569,112.180754601871,112.180754601871,112.180754601871,112.173825,112.190510169498,112.1796875,112.18055900489
258.05,112.16003232,112.17560090513,112.180751164595,112.180751164595,112.180751164595,112.173475,112.190243040261,112.1796875,112.180559993359
258.1,112.16003232,112.175605471691,112.180747727318,112.180747727318,112.180747727318,112.173125,112.189975911023,112.1796875,112.180560981827
258.15,112.16003232,112.175610038252,112.180744290042,112.180744290042,112.180744290042,112.172775,112.189708781786,112.1796875,112.180561970296
258.2,112.16003232,112.175614604814,112.180740852765,112.180740852765,112.180740852765,112.172425,112.189441652548,112.1796875,112.180562958764
258.25,112.16003232,112.175619171375,112.180737415489,112.180737415489,112.180737415489,112.172075,112.189174523311,112.1796875,112.180563947233
258.3,112.16003232,112.175623737936,112.180733978212,112.180733978212,112.180733978212,112.171725,112.188907394073,112.1796875,112.180564935701
258.35,112.16003232,112.175628304497,112.180730540936,112.180730540936,112.180730540936,112.171375,112.188640264836,112.1796875,112.18056592417
258.4,112.16003232,112.175632871059,112.180727103659,112.180727103659,112.180727103659,112.171025,112.188373135598,112.1796875,112.180566912638
258.45,112.16003232,112.17563743762,112.180723666383,112.180723666383,112.180723666383,112.170675,112.188106006361,112.1796875,112.180567901107
258.5,112.16003232,112.175642004181,112.180720229106,112.180720229106,112.180720229106,112.170325,112.187838877123,112.1796875,112.180568889575
258.55,112.16003232,112.175646570743,112.18071679183,112.18071679183,112.18071679183,112.169975,112.187571747886,112.1796875,112.180569878044
258.6,112.16003232,112.175651137304,112.180713354553,112.180713354553,112.180713354553,112.169625,112.187304618649,112.1796875,112.180570866512
258.65,112.16003232,112.175655703865,112.180709917277,112.180709917277,112.180709917277,112.169275,112.187037489411,112.1796875,112.180571854981
258.7,112.16003232,112.175660270426,112.18070648,112.18070648,112.18070648,112.168925,112.186770360174,112.1796875,112.180572843449
258.75,112.16003232,112.175664836988,112.180703042724,112.180703042724,112.180703042724,112.168575,112.186503230936,112.1796875,112.180573831918
258.8,112.16003232,112.175669403549,112.180699605447,112.180699605447,112.180699605447,112.168225,112.186236101699,112.1796875,112.180574820386
258.85,112.16003232,112.17567397011,112.180696168171,112.180696168171,112.180696168171,112.167875,112.185968972461,112.1796875,112.180575808855
258.9,112.16003232,112.175678536671,112.180692730894,112.180692730894,112.180692730894,112.167525,112.185701843224,112.1796875,112.180576797323
258.95,112.16003232,112.175683103233,112.180689293618,112.180689293618,112.180689293618,112.167175,112.185434713986,112.1796875,112.180577785791
259,112.16003232,112.175687669794,112.180685856341,112.180685856341,112.180685856341,112.167,112.185342584749,112.1796875,112.18057877426
259.05,112.16003232,112.175692236355,112.180682419065,112.180682419065,112.180682419065,112.167,112.185425455512,112.1796875,112.180579762728
259.1,112.16003232,112.175696802916,112.180678981788,112.180678981788,112.180678981788,112.167,112.185508326274,112.1796875,112.180580751197
259.15,112.16003232,112.175701369478,112.180675544512,112.180675544512,112.180675544512,112.167,112.185591197037,112.1796875,112.180581739665
259.2,112.16003232,112.175705936039,112.180672107235,112.180672107235,112.180672107235,112.167,112.185674067799,112.1796875,112.180582728134
259.25,112.16003232,112.1757105026,112.180668669959,112.180668669959,112.180668669959,112.167,112.185756938562,112.1796875,112.180583716602
259.3,112.16003232,112.175715069162,112.180665232682,112.180665232682,112.180665232682,112.167,112.185839809324,112.1796875,112.180584705071
259.35,112.16003232,112.175719635723,112.180661795406,112.180661795406,112.180661795406,112.167,112.185922680087,112.1796875,112.180585693539
259.4,112.16003232,112.175724202284,112.180658358129,112.180658358129,112.180658358129,112.167,112.186005550849,112.1796875,112.180586682008
259.45,112.16003232,112.175728768845,112.180654920853,112.180654920853,112.180654920853,112.167,112.186088421612,112.1796875,112.180587670476
259.5,112.16003232,112.175733335407,112.180651483576,112.180651483576,112.180651483576,112.167,112.186171292374,112.1796875,112.180588658945
259.55,112.16003232,112.175737901968,112.1806480463,112.1806480463,112.1806480463,112.167,112.186254163137,112.1796875,112.180589647413
259.6,112.16003232,112.175742468529,112.180644609023,112.180644609023,112.180644609023,112.167,112.1863370339,112.1796875,112.180590635882
259.65,112.16003232,112.17574703509,112.180641171747,112.180641171747,112.180641171747,112.167,112.186419904662,112.1796875,112.18059162435
259.7,112.16003232,112.175751601652,112.18063773447,112.18063773447,112.18063773447,112.167,112.186502775425,112.1796875,112.180592612819
259.75,112.16003232,112.175756168213,112.180634297194,112.180634297194,112.180634297194,112.167,112.186585646187,112.1796875,112.180593601287
259.8,112.16003232,112.175760734774,112.180630859917,112.180630859917,112.180630859917,112.167,112.18666851695,112.1796875,112.180594589756
259.85,112.16003232,112.175765301336,112.180627422641,112.180627422641,112.180627422641,112.167,112.186751387712,112.1796875,112.180595578224
259.9,112.16003232,112.175769867897,112.180623985364,112.180623985364,112.180623985364,112.167,112.186834258475,112.1796875,112.180596566693
259.95,112.16003232,112.175774434458,112.180620548088,112.180620548088,112.180620548088,112.167,112.186917129237,112.1796875,112.180597555161
260,112.16003232,112.175779001019,112.180617110811,112.180617110811,112.180617110811,112.167,112.187,112.1796875,112.180598543629
260.05,112.16003232,112.175766824269,112.180582817151,112.180582817151,112.180582817151,112.167,112.187,112.1796875,112.180593195769
260.1,112.16003232,112.175754647519,112.180548523491,112.180548523491,112.180548523491,112.167,112.187,112.1796875,112.180587847909
260.15,112.16003232,112.175742470768,112.180514229831,112.180514229831,112.180514229831,112.167,112.187,112.1796875,112.180582500048
260.2,112.16003232,112.175730294018,112.18047993617,112.18047993617,112.18047993617,112.167,112.187,112.1796875,112.180577152188
260.25,112.16003232,112.175718117267,112.18044564251,112.18044564251,112.18044564251,112.167,112.187,112.1796875,112.180571804328
260.3,112.16003232,112.175705940517,112.18041134885,112.18041134885,112.18041134885,112.167,112.187,112.1796875,112.180566456467
260.35,112.16003232,112.175693763767,112.18037705519,112.18037705519,112.18037705519,112.167,112.187,112.1796875,112.180561108607
260.4,112.16003232,112.175681587016,112.18034276153,112.18034276153,112.18034276153,112.167,112.187,112.1796875,112.180555760746
260.45,112.16003232,112.175669410266,112.18030846787,112.18030846787,112.18030846787,112.167,112.187,112.1796875,112.180550412886
260.5,112.16003232,112.175657233515,112.18027417421,112.18027417421,112.18027417421,112.167,112.187,112.1796875,112.180545065026
260.55,112.16003232,112.175645056765,112.180239880549,112.180239880549,112.180239880549,112.167,112.187,112.1796875,112.180539717165
260.6,112.16003232,112.175632880015,112.180205586889,112.180205586889,112.180205586889,112.167,112.187,112.1796875,112.180534369305
260.65,112.16003232,112.175620703264,112.180171293229,112.180171293229,112.180171293229,112.167,112.187,112.1796875,112.180529021444
260.7,112.16003232,112.175608526514,112.180136999569,112.180136999569,112.180136999569,112.167,112.187,112.1796875,112.180523673584
260.75,112.16003232,112.175596349763,112.180102705909,112.180102705909,112.180102705909,112.167,112.187,112.1796875,112.180518325724
260.8,112.16003232,112.175584173013,112.180068412249,112.180068412249,112.180068412249,112.167,112.187,112.1796875,112.180512977863
260.85,112.16003232,112.175571996263,112.180034118588,112.180034118588,112.180034118588,112.167,112.187,112.1796875,112.180507630003
260.9,112.16003232,112.175559819512,112.179999824928,112.179999824928,112.179999824928,112.167,112.187,112.1796875,112.180502282143
260.95,112.16003232,112.175547642762,112.179965531268,112.179965531268,112.179965531268,112.167,112.187,112.1796875,112.180496934282
261,112.16003232,112.175535466011,112.179931237608,112.179931237608,112.179931237608,112.167,112.187,112.179650878906,112.180454965328
261.05,112.16003232,112.175523289261,112.179896943948,112.179896943948,112.179896943948,112.167,112.187,112.179577636719,112.18037637528
261.1,112.16003232,112.175511112511,112.179862650288,112.179862650288,112.179862650288,112.167,112.187,112.179504394531,112.180297785232
261.15,112.16003232,112.17549893576,112.179828356627,112.179828356627,112.179828356627,112.167,112.187,112.179431152344,112.180219195184
261.2,112.16003232,112.17548675901,112.179794062967,112.179794062967,112.179794062967,112.167,112.187,112.179357910156,112.180140605136
261.25,112.16003232,112.175474582259,112.179759769307,112.179759769307,112.179759769307,112.167,112.187,112.179284667969,112.180062015089
261.3,112.16003232,112.175462405509,112.179725475647,112.179725475647,112.179725475647,112.167,112.187,112.179211425781,112.179983425041
261.35,112.16003232,112.175450228759,112.179691181987,112.179691181987,112.179691181987,112.167,112.187,112.179138183594,112.179904834993
261.4,112.16003232,112.175438052008,112.179656888327,112.179656888327,112.179656888327,112.167,112.187,112.179064941406,112.179826244945
261.45,112.16003232,112.175425875258,112.179622594666,112.179622594666,112.179622594666,112.167,112.187,112.178991699219,112.179747654897
261.5,112.16003232,112.175413698508,112.179588301006,112.179588301006,112.179588301006,112.167,112.187,112.178918457031,112.179669064849
261.55,112.16003232,112.175401521757,112.179554007346,112.179554007346,112.179554007346,112.167,112.187,112.178845214844,112.179590474801
261.6,112.16003232,112.175389345007,112.179519713686,112.179519713686,112.179519713686,112.167,112.187,112.178771972656,112.179511884753
261.65,112.16003232,112.175377168256,112.179485420026,112.179485420026,112.179485420026,112.167,112.187,112.178698730469,112.179433294705
261.7,112.16003232,112.175364991506,112.179451126366,112.179451126366,112.179451126366,112.167,112.187,112.178625488281,112.179354704658
261.75,112.16003232,112.175352814756,112.179416832706,112.179416832706,112.179416832706,112.167,112.187,112.178552246094,112.17927611461
261.8,112.16003232,112.175340638005,112.179382539045,112.179382539045,112.179382539045,112.167,112.187,112.178479003906,112.179197524562
261.85,112.16003232,112.175328461255,112.179348245385,112.179348245385,112.179348245385,112.167,112.187,112.178405761719,112.179118934514
261.9,112.16003232,112.175316284504,112.179313951725,112.179313951725,112.179313951725,112.167,112.187,112.178332519531,112.179040344466
261.95,112.16003232,112.175304107754,112.179279658065,112.179279658065,112.179279658065,112.167,112.187,112.178259277344,112.178961754418
262,112.16003232,112.175291931004,112.179245364405,112.179245364405,112.179245364405,112.167,112.187,112.178186035156,112.17888316437
262.05,112.16003232,112.175279754253,112.179211070745,112.179211070745,112.179211070745,112.167,112.187,112.178112792969,112.178804574322
262.1,112.16003232,112.175267577503,112.179176777084,112.179176777084,112.179176777084,112.167,112.187,112.178039550781,112.178725984275
262.15,112.16003232,112.175255400752,112.179142483424,112.179142483424,112.179142483424,112.167,112.187,112.177966308594,112.178647394227
262.2,112.16003232,112.175243224002,112.179108189764,112.179108189764,112.179108189764,112.167,112.187,112.177893066406,112.178568804179
262.25,112.16003232,112.175231047252,112.179073896104,112.179073896104,112.179073896104,112.167,112.187,112.177819824219,112.178490214131
262.3,112.16003232,112.175218870501,112.179039602444,112.179039602444,112.179039602444,112.167,112.187,112.177746582031,112.178411624083
262.35,112.16003232,112.175206693751,112.179005308784,112.179005308784,112.179005308784,112.167,112.187,112.177673339844,112.178333034035
262.4,112.16003232,112.175194517,112.178971015123,112.178971015123,112.178971015123,112.167,112.187,112.177600097656,112.178254443987
262.45,112.16003232,112.17518234025,112.178936721463,112.178936721463,112.178936721463,112.167,112.187,112.177526855469,112.178175853939
262.5,112.16003232,112.1751701635,112.178902427803,112.178902427803,112.178902427803,112.167,112.187,112.177453613281,112.178097263891
262.55,112.16003232,112.175157986749,112.178868134143,112.178868134143,112.178868134143,112.167,112.187,112.177380371094,112.178018673844
262.6,112.16003232,112.175145809999,112.178833840483,112.178833840483,112.178833840483,112.167,112.187,112.177307128906,112.177940083796
262.65,112.16003232,112.175133633248,112.178799546823,112.178799546823,112.178799546823,112.167,112.187,112.177233886719,112.177861493748
262.7,112.16003232,112.175121456498,112.178765253162,112.178765253162,112.178765253162,112.167,112.187,112.177160644531,112.1777829037
262.75,112.16003232,112.175109279748,112.178730959502,112.178730959502,112.178730959502,112.167,112.187,112.177087402344,112.177704313652
262.8,112.16003232,112.175097102997,112.178696665842,112.178696665842,112.178696665842,112.167,112.187,112.177014160156,112.177625723604
262.85,112.16003232,112.175084926247,112.178662372182,112.178662372182,112.178662372182,112.167,112.187,112.176940917969,112.177547133556
262.9,112.16003232,112.175072749496,112.178628078522,112.178628078522,112.178628078522,112.167,112.187,112.176867675781,112.177468543508
262.95,112.16003232,112.175060572746,112.178593784862,112.178593784862,112.178593784862,112.167,112.187,112.176794433594,112.17738995346
263,112.16003232,112.175048395996,112.178559491202,112.178559491202,112.178559491202,112.15185,112.17185,112.176721191406,112.177311363413
263.05,112.16003232,112.175036219245,112.178525197541,112.178525197541,112.178525197541,112.12155,112.14155,112.176647949219,112.177232773365
263.1,112.16003232,112.175024042495,112.178490903881,112.178490903881,112.178490903881,112.09125,112.11125,112.176574707031,112.177154183317
263.15,112.16003232,112.175011865745,112.178456610221,112.178456610221,112.178456610221,112.06095,112.08095,112.176501464844,112.177075593269
263.2,112.16003232,112.174999688994,112.178422316561,112.178422316561,112.178422316561,112.03065,112.05065,112.176428222656,112.176997003221
263.25,112.16003232,112.174987512244,112.178388022901,112.178388022901,112.178388022901,112.00035,112.02035,112.176354980469,112.176918413173
263.3,112.16003232,112.174975335493,112.178353729241,112.178353729241,112.178353729241,111.97005,111.99005,112.176281738281,112.176839823125
263.35,112.16003232,112.174963158743,112.17831943558,112.17831943558,112.17831943558,111.93975,111.95975,112.176208496094,112.176761233077
263.4,112.16003232,112.174950981993,112.17828514192,112.17828514192,112.17828514192,111.90945,111.92945,112.176135253906,112.176682643029
263.45,112.16003232,112.174938805242,112.17825084826,112.17825084826,112.17825084826,111.87915,111.89915,112.176062011719,112.176604052982
263.5,112.16003232,112.174926628492,112.1782165546,112.1782165546,112.1782165546,111.84885,111.86885,112.175988769531,112.176525462934
263.55,112.16003232,112.174914451741,112.17818226094,112.17818226094,112.17818226094,111.81855,111.83855,112.175915527344,112.176446872886
263.6,112.16003232,112.174902274991,112.17814796728,112.17814796728,112.17814796728,111.78825,111.80825,112.175842285156,112.176368282838
263.65,112.16003232,112.174890098241,112.178113673619,112.178113673619,112.178113673619,111.75795,111.77795,112.175769042969,112.17628969279
263.7,112.16003232,112.17487792149,112.178079379959,112.178079379959,112.178079379959,111.72765,111.74765,112.175695800781,112.176211102742
263.75,112.16003232,112.17486574474,112.178045086299,112.178045086299,112.178045086299,111.69735,111.71735,112.175622558594,112.176132512694
263.8,112.16003232,112.174853567989,112.178010792639,112.178010792639,112.178010792639,111.66705,111.68705,112.175549316406,112.176053922646
263.85,112.16003232,112.174841391239,112.177976498979,112.177976498979,112.177976498979,111.63675,111.65675,112.175476074219,112.175975332598
263.9,112.16003232,112.174829214489,112.177942205319,112.177942205319,112.177942205319,111.60645,111.62645,112.175402832031,112.175896742551
263.95,112.16003232,112.174817037738,112.177907911658,112.177907911658,112.177907911658,111.57615,111.59615,112.175329589844,112.175818152503
264,112.16003232,112.174804860988,112.177873617998,112.177873617998,112.177873617998,111.561,111.581,112.175256347656,112.175739562455
264.05,112.16003232,112.174792684237,112.177839324338,112.177839324338,112.177839324338,111.561,111.581,112.175183105469,112.175660972407
264.1,112.16003232,112.174780507487,112.177805030678,112.177805030678,112.177805030678,111.561,111.581,112.175109863281,112.175582382359
264.15,112.16003232,112.174768330737,112.177770737018,112.177770737018,112.177770737018,111.561,111.581,112.175036621094,112.175503792311
264.2,112.16003232,112.174756153986,112.177736443358,112.177736443358,112.177736443358,111.561,111.581,112.174963378906,112.175425202263
264.25,112.16003232,112.174743977236,112.177702149698,112.177702149698,112.177702149698,111.561,111.581,112.174890136719,112.175346612215
264.3,112.16003232,112.174731800485,112.177667856037,112.177667856037,112.177667856037,111.561,111.581,112.174816894531,112.175268022168
264.35,112.16003232,112.174719623735,112.177633562377,112.177633562377,112.177633562377,111.561,111.581,112.174743652344,112.17518943212
264.4,112.16003232,112.174707446985,112.177599268717,112.177599268717,112.177599268717,111.561,111.581,112.174670410156,112.175110842072
264.45,112.16003232,112.174695270234,112.177564975057,112.177564975057,112.177564975057,111.561,111.581,112.174597167969,112.175032252024
264.5,112.16003232,112.174683093484,112.177530681397,112.177530681397,112.177530681397,111.561,111.581,112.174523925781,112.174953661976
264.55,112.16003232,112.174670916733,112.177496387737,112.177496387737,112.177496387737,111.561,111.581,112.174450683594,112.174875071928
264.6,112.16003232,112.174658739983,112.177462094076,112.177462094076,112.177462094076,111.561,111.581,112.174377441406,112.17479648188
264.65,112.16003232,112.174646563233,112.177427800416,112.177427800416,112.177427800416,111.561,111.581,112.174304199219,112.174717891832
264.7,112.16003232,112.174634386482,112.177393506756,112.177393506756,112.177393506756,111.561,111.581,112.174230957031,112.174639301784
264.75,112.16003232,112.174622209732,112.177359213096,112.177359213096,112.177359213096,111.561,111.581,112.174157714844,112.174560711737
264.8,112.16003232,112.174610032982,112.177324919436,112.177324919436,112.177324919436,111.561,111.581,112.174084472656,112.174482121689
264.85,112.16003232,112.174597856231,112.177290625776,112.177290625776,112.177290625776,111.561,111.581,112.174011230469,112.174403531641
264.9,112.16003232,112.174585679481,112.177256332115,112.177256332115,112.177256332115,111.561,111.581,112.173937988281,112.174324941593
264.95,112.16003232,112.17457350273,112.177222038455,112.177222038455,112.177222038455,111.561,111.581,112.173864746094,112.174246351545
265,112.16003232,112.17456132598,112.177187744795,112.177187744795,112.177187744795,111.561,111.581,112.173791503906,112.174167761497
265.05,112.16003232,112.17454914923,112.177153451135,112.177153451135,112.177153451135,111.561,111.581,112.173718261719,112.174089171449
265.1,112.16003232,112.174536972479,112.177119157475,112.177119157475,112.177119157475,111.561,111.581,112.173645019531,112.174010581401
265.15,112.16003232,112.174524795729,112.177084863815,112.177084863815,112.177084863815,111.561,111.581,112.173571777344,112.173931991353
265.2,112.16003232,112.174512618978,112.177050570154,112.177050570154,112.177050570154,111.561,111.581,112.173498535156,112.173853401306
265.25,112.16003232,112.174500442228,112.177016276494,112.177016276494,112.177016276494,111.561,111.581,112.173425292969,112.173774811258
265.3,112.16003232,112.174488265478,112.176981982834,112.176981982834,112.176981982834,111.561,111.581,112.173352050781,112.17369622121
265.35,112.16003232,112.174476088727,112.176947689174,112.176947689174,112.176947689174,111.561,111.581,112.173278808594,112.173617631162
265.4,112.16003232,112.174463911977,112.176913395514,112.176913395514,112.176913395514,111.561,111.581,112.173205566406,112.173539041114
265.45,112.16003232,112.174451735226,112.176879101854,112.176879101854,112.176879101854,111.561,111.581,112.173132324219,112.173460451066
265.5,112.16003232,112.174439558476,112.176844808194,112.176844808194,112.176844808194,111.561,111.581,112.173059082031,112.173381861018
265.55,112.16003232,112.174427381726,112.176810514533,112.176810514533,112.176810514533,111.561,111.581,112.172985839844,112.17330327097
265.6,112.16003232,112.174415204975,112.176776220873,112.176776220873,112.176776220873,111.561,111.581,112.172912597656,112.173224680922
265.65,112.16003232,112.174403028225,112.176741927213,112.176741927213,112.176741927213,111.561,111.581,112.172839355469,112.173146090875
265.7,112.16003232,112.174390851474,112.176707633553,112.176707633553,112.176707633553,111.561,111.581,112.172766113281,112.173067500827
265.75,112.16003232,112.174378674724,112.176673339893,112.176673339893,112.176673339893,111.561,111.581,112.172692871094,112.172988910779
265.8,112.16003232,112.174366497974,112.176639046233,112.176639046233,112.176639046233,111.561,111.581,112.172619628906,112.172910320731
265.85,112.16003232,112.174354321223,112.176604752572,112.176604752572,112.176604752572,111.561,111.581,112.172546386719,112.172831730683
265.9,112.16003232,112.174342144473,112.176570458912,112.176570458912,112.176570458912,111.561,111.581,112.172473144531,112.172753140635
265.95,112.16003232,112.174329967722,112.176536165252,112.176536165252,112.176536165252,111.561,111.581,112.172399902344,112.172674550587
266,112.16003232,112.174317790972,112.176501871592,112.176501871592,112.176501871592,111.56755,111.58755,112.172326660156,112.172595960539
266.05,112.16003232,112.174305614222,112.176467577932,112.176467577932,112.176467577932,111.58065,111.60065,112.172253417969,112.172517370492
266.1,112.16003232,112.174293437471,112.176433284272,112.176433284272,112.176433284272,111.59375,111.61375,112.172180175781,112.172438780444
266.15,112.16003232,112.174281260721,112.176398990611,112.176398990611,112.176398990611,111.60685,111.62685,112.172106933594,112.172360190396
266.2,112.16003232,112.17426908397,112.176364696951,112.176364696951,112.176364696951,111.61995,111.63995,112.172033691406,112.172281600348
266.25,112.16003232,112.17425690722,112.176330403291,112.176330403291,112.176330403291,111.63305,111.65305,112.171960449219,112.1722030103
266.3,112.16003232,112.17424473047,112.176296109631,112.176296109631,112.176296109631,111.64615,111.66615,112.171887207031,112.172124420252
266.35,112.16003232,112.174232553719,112.176261815971,112.176261815971,112.176261815971,111.65925,111.67925,112.171813964844,112.172045830204
266.4,112.16003232,112.174220376969,112.176227522311,112.176227522311,112.176227522311,111.67235,111.69235,112.171740722656,112.171967240156
266.45,112.16003232,112.174208200219,112.17619322865,112.17619322865,112.17619322865,111.68545,111.70545,112.171667480469,112.171888650108
266.5,112.16003232,112.174196023468,112.17615893499,112.17615893499,112.17615893499,111.69855,111.71855,112.171594238281,112.171810060061
266.55,112.16003232,112.174183846718,112.17612464133,112.17612464133,112.17612464133,111.71165,111.73165,112.171520996094,112.171731470013
266.6,112.16003232,112.174171669967,112.17609034767,112.17609034767,112.17609034767,111.72475,111.74475,112.171447753906,112.171652879965
266.65,112.16003232,112.174159493217,112.17605605401,112.17605605401,112.17605605401,111.73785,111.75785,112.171374511719,112.171574289917
266.7,112.16003232,112.174147316467,112.17602176035,112.17602176035,112.17602176035,111.75095,111.77095,112.171301269531,112.171495699869
266.75,112.16003232,112.174135139716,112.175987466689,112.175987466689,112.175987466689,111.76405,111.78405,112.171228027344,112.171417109821
266.8,112.16003232,112.174122962966,112.175953173029,112.175953173029,112.175953173029,111.77715,111.79715,112.171154785156,112.171338519773
266.85,112.16003232,112.174110786215,112.175918879369,112.175918879369,112.175918879369,111.79025,111.81025,112.171081542969,112.171259929725
266.9,112.16003232,112.174098609465,112.175884585709,112.175884585709,112.175884585709,111.80335,111.82335,112.171008300781,112.171181339677
266.95,112.16003232,112.174086432715,112.175850292049,112.175850292049,112.175850292049,111.81645,111.83645,112.170935058594,112.17110274963
267,112.16003232,112.173949255964,112.175690998389,112.175690998389,112.175690998389,111.8313,111.8513,112.170861816406,112.171024159582
267.05,112.16003232,112.173687079214,112.175406704729,112.175406704729,112.175406704729,111.8479,111.8679,112.170788574219,112.170945569534
267.1,112.16003232,112.173424902463,112.175122411068,112.175122411068,112.175122411068,111.8645,111.8845,112.170715332031,112.170866979486
267.15,112.16003232,112.173162725713,112.174838117408,112.174838117408,112.174838117408,111.8811,111.9011,112.170642089844,112.170788389438
267.2,112.16003232,112.172900548963,112.174553823748,112.174553823748,112.174553823748,111.8977,111.9177,112.170568847656,112.17070979939
267.25,112.16003232,112.172638372212,112.174269530088,112.174269530088,112.174269530088,111.9143,111.9343,112.170495605469,112.170631209342
267.3,112.16003232,112.172376195462,112.173985236428,112.173985236428,112.173985236428,111.9309,111.9509,112.170422363281,112.170552619294
267.35,112.16003232,112.172114018711,112.173700942768,112.173700942768,112.173700942768,111.9475,111.9675,112.170349121094,112.170474029246
267.4,112.16003232,112.171851841961,112.173416649107,112.173416649107,112.173416649107,111.9641,111.9841,112.170275878906,112.170395439199
267.45,112.16003232,112.171589665211,112.173132355447,112.173132355447,112.173132355447,111.9807,112.0007,112.170202636719,112.170316849151
267.5,112.16003232,112.17132748846,112.172848061787,112.172848061787,112.172848061787,111.9973,112.0173,112.170129394531,112.170238259103
267.55,112.16003232,112.17106531171,112.172563768127,112.172563768127,112.172563768127,112.0139,112.0339,112.170056152344,112.170159669055
267.6,112.16003232,112.170803134959,112.172279474467,112.172279474467,112.172279474467,112.0305,112.0505,112.169982910156,112.170081079007
267.65,112.16003232,112.170540958209,112.171995180807,112.171995180807,112.171995180807,112.0471,112.0671,112.169909667969,112.170002488959
267.7,112.16003232,112.170278781459,112.171710887146,112.171710887146,112.171710887146,112.0637,112.0837,112.169836425781,112.169923898911
267.75,112.16003232,112.170016604708,112.171426593486,112.171426593486,112.171426593486,112.0803,112.1003,112.169763183594,112.169845308863
267.8,112.16003232,112.169754427958,112.171142299826,112.171142299826,112.171142299826,112.0969,112.1169,112.169689941406,112.169766718815
267.85,112.16003232,112.169492251207,112.170858006166,112.170858006166,112.170858006166,112.1135,112.1335,112.169616699219,112.169688128768
267.9,112.16003232,112.169230074457,112.170573712506,112.170573712506,112.170573712506,112.1301,112.1501,112.169543457031,112.16960953872
267.95,112.16003232,112.168967897707,112.170289418846,112.170289418846,112.170289418846,112.1467,112.1667,112.169470214844,112.169530948672
268,112.16003232,112.168830720956,112.170130125185,112.170130125185,112.170130125185,112.15505,112.17505,112.169396972656,112.169452358624
268.05,112.16003232,112.168818544206,112.170095831525,112.170095831525,112.170095831525,112.15515,112.17515,112.169323730469,112.169373768576
268.1,112.16003232,112.168806367456,112.170061537865,112.170061537865,112.170061537865,112.15525,112.17525,112.169250488281,112.169295178528
268.15,112.16003232,112.168794190705,112.170027244205,112.170027244205,112.170027244205,112.15535,112.17535,112.169177246094,112.16921658848
268.2,112.16003232,112.168782013955,112.169992950545,112.169992950545,112.169992950545,112.15545,112.17545,112.169104003906,112.169137998432
268.25,112.16003232,112.168769837204,112.169958656885,112.169958656885,112.169958656885,112.15555,112.17555,112.169030761719,112.169059408385
268.3,112.16003232,112.168757660454,112.169924363225,112.169924363225,112.169924363225,112.15565,112.17565,112.168957519531,112.168980818337
268.35,112.16003232,112.168745483704,112.169890069564,112.169890069564,112.169890069564,112.15575,112.17575,112.168884277344,112.168902228289
268.4,112.16003232,112.168733306953,112.169855775904,112.169855775904,112.169855775904,112.15585,112.17585,112.168811035156,112.168823638241
268.45,112.16003232,112.168721130203,112.169821482244,112.169821482244,112.169821482244,112.15595,112.17595,112.168737792969,112.168745048193
268.5,112.16003232,112.168708953452,112.169787188584,112.169787188584,112.169787188584,112.15605,112.17605,112.168664550781,112.168666458145
268.55,112.16003232,112.168696776702,112.169752894924,112.169752894924,112.169752894924,112.15615,112.17615,112.168591308594,112.168587868097
268.6,112.16003232,112.168684599952,112.169718601264,112.169718601264,112.169718601264,112.15625,112.17625,112.168518066406,112.168509278049
268.65,112.16003232,112.168672423201,112.169684307603,112.169684307603,112.169684307603,112.15635,112.17635,112.168444824219,112.168430688001
268.7,112.16003232,112.168660246451,112.169650013943,112.169650013943,112.169650013943,112.15645,112.17645,112.168371582031,112.168352097954
268.75,112.16003232,112.1686480697,112.169615720283,112.169615720283,112.169615720283,112.15655,112.17655,112.168298339844,112.168273507906
268.8,112.16003232,112.16863589295,112.169581426623,112.169581426623,112.169581426623,112.15665,112.17665,112.168225097656,112.168194917858
268.85,112.16003232,112.1686237162,112.169547132963,112.169547132963,112.169547132963,112.15675,112.17675,112.168151855469,112.16811632781
268.9,112.16003232,112.168611539449,112.169512839303,112.169512839303,112.169512839303,112.15685,112.17685,112.168078613281,112.168037737762
268.95,112.16003232,112.168599362699,112.169478545642,112.169478545642,112.169478545642,112.15695,112.17695,112.168005371094,112.167959147714
269,112.16003232,112.168587185948,112.169444251982,112.169444251982,112.169444251982,112.1571,112.1771,112.16796875,112.16791717876
269.05,112.16003232,112.168575009198,112.169409958322,112.169409958322,112.169409958322,112.1573,112.1773,112.16796875,112.1679118309
269.1,112.16003232,112.168562832448,112.169375664662,112.169375664662,112.169375664662,112.1575,112.1775,112.16796875,112.167906483039
269.15,112.16003232,112.168550655697,112.169341371002,112.169341371002,112.169341371002,112.1577,112.1777,112.16796875,112.167901135179
269.2,112.16003232,112.168538478947,112.169307077342,112.169307077342,112.169307077342,112.1579,112.1779,112.16796875,112.167895787318
269.25,112.16003232,112.168526302196,112.169272783681,112.169272783681,112.169272783681,112.1581,112.1781,112.16796875,112.167890439458
269.3,112.16003232,112.168514125446,112.169238490021,112.169238490021,112.169238490021,112.1583,112.1783,112.16796875,112.167885091598
269.35,112.16003232,112.168501948696,112.169204196361,112.169204196361,112.169204196361,112.1585,112.1785,112.16796875,112.167879743737
269.4,112.16003232,112.168489771945,112.169169902701,112.169169902701,112.169169902701,112.1587,112.1787,112.16796875,112.167874395877
269.45,112.16003232,112.168477595195,112.169135609041,112.169135609041,112.169135609041,112.1589,112.1789,112.16796875,112.167869048016
269.5,112.16003232,112.168465418444,112.169101315381,112.169101315381,112.169101315381,112.1591,112.1791,112.16796875,112.167863700156
269.55,112.16003232,112.168453241694,112.169067021721,112.169067021721,112.169067021721,112.1593,112.1793,112.16796875,112.167858352296
269.6,112.16003232,112.168441064944,112.16903272806,112.16903272806,112.16903272806,112.1595,112.1795,112.16796875,112.167853004435
269.65,112.16003232,112.168428888193,112.1689984344,112.1689984344,112.1689984344,112.1597,112.1797,112.16796875,112.167847656575
269.7,112.16003232,112.168416711443,112.16896414074,112.16896414074,112.16896414074,112.1599,112.1799,112.16796875,112.167842308715
269.75,112.16003232,112.168404534692,112.16892984708,112.16892984708,112.16892984708,112.1601,112.1801,112.16796875,112.167836960854
269.8,112.16003232,112.168392357942,112.16889555342,112.16889555342,112.16889555342,112.1603,112.1803,112.16796875,112.167831612994
269.85,112.16003232,112.168380181192,112.16886125976,112.16886125976,112.16886125976,112.1605,112.1805,112.16796875,112.167826265133
269.9,112.16003232,112.168368004441,112.168826966099,112.168826966099,112.168826966099,112.1607,112.1807,112.16796875,112.167820917273
269.95,112.16003232,112.168355827691,112.168792672439,112.168792672439,112.168792672439,112.1609,112.1809,112.16796875,112.167815569413
270,112.16003232,112.168343650941,112.168758378779,112.168758378779,112.168758378779,112.160975,112.180975,112.16796875,112.167810221552
270.05,112.16003232,112.16833573862,112.16874214976,112.16874214976,112.16874214976,112.160925,112.180854829729,112.16796875,112.167810218526
270.1,112.16003232,112.168327826299,112.16872592074,112.16872592074,112.16872592074,112.160875,112.180734659459,112.16796875,112.1678102155
270.15,112.16003232,112.168319913978,112.168709691721,112.168709691721,112.168709691721,112.160825,112.180614489188,112.16796875,112.167810212474
270.2,112.16003232,112.168312001657,112.168693462702,112.168693462702,112.168693462702,112.160775,112.180494318917,112.16796875,112.167810209448
270.25,112.16003232,112.168304089336,112.168677233682,112.168677233682,112.168677233682,112.160725,112.180374148646,112.16796875,112.167810206422
270.3,112.16003232,112.168296177015,112.168661004663,112.168661004663,112.168661004663,112.160675,112.180253978376,112.16796875,112.167810203396
270.35,112.16003232,112.168288264694,112.168644775644,112.168644775644,112.168644775644,112.160625,112.180133808105,112.16796875,112.16781020037
270.4,112.16003232,112.168280352373,112.168628546624,112.168628546624,112.168628546624,112.160575,112.180013637834,112.16796875,112.167810197344
270.45,112.16003232,112.168272440052,112.168612317605,112.168612317605,112.168612317605,112.160525,112.179893467563,112.16796875,112.167810194318
270.5,112.16003232,112.168264527731,112.168596088586,112.168596088586,112.168596088586,112.160475,112.179773297293,112.16796875,112.167810191292
270.55,112.16003232,112.16825661541,112.168579859566,112.168579859566,112.168579859566,112.160425,112.179653127022,112.16796875,112.167810188266
270.6,112.16003232,112.168248703089,112.168563630547,112.168563630547,112.168563630547,112.160375,112.179532956751,112.16796875,112.167810185239
270.65,112.16003232,112.168240790768,112.168547401528,112.168547401528,112.168547401528,112.160325,112.17941278648,112.16796875,112.167810182213
270.7,112.16003232,112.168232878447,112.168531172508,112.168531172508,112.168531172508,112.160275,112.17929261621,112.16796875,112.167810179187
270.75,112.16003232,112.168224966127,112.168514943489,112.168514943489,112.168514943489,112.160225,112.179172445939,112.16796875,112.167810176161
270.8,112.16003232,112.168217053806,112.16849871447,112.16849871447,112.16849871447,112.160175,112.179052275668,112.16796875,112.167810173135
270.85,112.16003232,112.168209141485,112.16848248545,112.16848248545,112.16848248545,112.160125,112.178932105398,112.16796875,112.167810170109
270.9,112.16003232,112.168201229164,112.168466256431,112.168466256431,112.168466256431,112.160075,112.178811935127,112.16796875,112.167810167083
270.95,112.16003232,112.168193316843,112.168450027412,112.168450027412,112.168450027412,112.160025,112.178691764856,112.16796875,112.167810164057
271,112.16003232,112.168185404522,112.168433798392,112.168433798392,112.168433798392,112.16,112.178596594585,112.16796875,112.167810161031
271.05,112.16003232,112.168177492201,112.168417569373,112.168417569373,112.168417569373,112.16,112.178526424315,112.16796875,112.167810158005
271.1,112.16003232,112.16816957988,112.168401340354,112.168401340354,112.168401340354,112.16,112.178456254044,112.16796875,112.167810154979
271.15,112.16003232,112.168161667559,112.168385111334,112.168385111334,112.168385111334,112.16,112.178386083773,112.16796875,112.167810151953
271.2,112.16003232,112.168153755238,112.168368882315,112.168368882315,112.168368882315,112.16,112.178315913502,112.16796875,112.167810148927
271.25,112.16003232,112.168145842917,112.168352653296,112.168352653296,112.168352653296,112.16,112.178245743232,112.16796875,112.167810145901
271.3,112.16003232,112.168137930596,112.168336424276,112.168336424276,112.168336424276,112.16,112.178175572961,112.16796875,112.167810142875
271.35,112.16003232,112.168130018275,112.168320195257,112.168320195257,112.168320195257,112.16,112.17810540269,112.16796875,112.167810139848
271.4,112.16003232,112.168122105954,112.168303966238,112.168303966238,112.168303966238,112.16,112.17803523242,112.16796875,112.167810136822
271.45,112.16003232,112.168114193634,112.168287737218,112.168287737218,112.168287737218,112.16,112.177965062149,112.16796875,112.167810133796
271.5,112.16003232,112.168106281313,112.168271508199,112.168271508199,112.168271508199,112.16,112.177894891878,112.16796875,112.16781013077
271.55,112.16003232,112.168098368992,112.16825527918,112.16825527918,112.16825527918,112.16,112.177824721607,112.16796875,112.167810127744
271.6,112.16003232,112.168090456671,112.16823905016,112.16823905016,112.16823905016,112.16,112.177754551337,112.16796875,112.167810124718
271.65,112.16003232,112.16808254435,112.168222821141,112.168222821141,112.168222821141,112.16,112.177684381066,112.16796875,112.167810121692
271.7,112.16003232,112.168074632029,112.168206592122,112.168206592122,112.168206592122,112.16,112.177614210795,112.16796875,112.167810118666
271.75,112.16003232,112.168066719708,112.168190363102,112.168190363102,112.168190363102,112.16,112.177544040524,112.16796875,112.16781011564
271.8,112.16003232,112.168058807387,112.168174134083,112.168174134083,112.168174134083,112.16,112.177473870254,112.16796875,112.167810112614
271.85,112.16003232,112.168050895066,112.168157905064,112.168157905064,112.168157905064,112.16,112.177403699983,112.16796875,112.167810109588
271.9,112.16003232,112.168042982745,112.168141676044,112.168141676044,112.168141676044,112.16,112.177333529712,112.16796875,112.167810106562
271.95,112.16003232,112.168035070424,112.168125447025,112.168125447025,112.168125447025,112.16,112.177263359441,112.16796875,112.167810103536
272,112.16003232,112.168027158103,112.168109218005,112.168109218005,112.168109218005,112.160025,112.177218189171,112.16796875,112.16781010051
272.05,112.16003232,112.168019245782,112.168092988986,112.168092988986,112.168092988986,112.160075,112.1771980189,112.16796875,112.167810097484
272.1,112.16003232,112.168011333461,112.168076759967,112.168076759967,112.168076759967,112.160125,112.177177848629,112.16796875,112.167810094457
272.15,112.16003232,112.16800342114,112.168060530947,112.168060530947,112.168060530947,112.160175,112.177157678359,112.16796875,112.167810091431
272.2,112.16003232,112.16799550882,112.168044301928,112.168044301928,112.168044301928,112.160225,112.177137508088,112.16796875,112.167810088405
272.25,112.16003232,112.167987596499,112.168028072909,112.168028072909,112.168028072909,112.160275,112.177117337817,112.16796875,112.167810085379
272.3,112.16003232,112.167979684178,112.168011843889,112.168011843889,112.168011843889,112.160325,112.177097167546,112.16796875,112.167810082353
272.35,112.16003232,112.167971771857,112.16799561487,112.16799561487,112.16799561487,112.160375,112.177076997276,112.16796875,112.167810079327
272.4,112.16003232,112.167963859536,112.167979385851,112.167979385851,112.167979385851,112.160425,112.177056827005,112.16796875,112.167810076301
272.45,112.16003232,112.167955947215,112.167963156831,112.167963156831,112.167963156831,112.160475,112.177036656734,112.16796875,112.167810073275
272.5,112.16003232,112.167948034894,112.167946927812,112.167946927812,112.167946927812,112.160525,112.177016486463,112.16796875,112.167810070249
272.55,112.16003232,112.167940122573,112.167930698793,112.167930698793,112.167930698793,112.160575,112.176996316193,112.16796875,112.167810067223
272.6,112.16003232,112.167932210252,112.167914469773,112.167914469773,112.167914469773,112.160625,112.176976145922,112.16796875,112.167810064197
272.65,112.16003232,112.167924297931,112.167898240754,112.167898240754,112.167898240754,112.160675,112.176955975651,112.16796875,112.167810061171
272.7,112.16003232,112.16791638561,112.167882011735,112.167882011735,112.167882011735,112.160725,112.176935805381,112.16796875,112.167810058145
272.75,112.16003232,112.167908473289,112.167865782715,112.167865782715,112.167865782715,112.160775,112.17691563511,112.16796875,112.167810055119
272.8,112.16003232,112.167900560968,112.167849553696,112.167849553696,112.167849553696,112.160825,112.176895464839,112.16796875,112.167810052093
272.85,112.16003232,112.167892648647,112.167833324677,112.167833324677,112.167833324677,112.160875,112.176875294568,112.16796875,112.167810049066
272.9,112.16003232,112.167884736327,112.167817095657,112.167817095657,112.167817095657,112.160925,112.176855124298,112.16796875,112.16781004604
272.95,112.16003232,112.167876824006,112.167800866638,112.167800866638,112.167800866638,112.160975,112.176834954027,112.16796875,112.167810043014
273,112.16003232,112.167868911685,112.167784637619,112.167784637619,112.167784637619,112.161,112.176789783756,112.16796875,112.167810039988
273.05,112.16003232,112.167860999364,112.167768408599,112.167768408599,112.167768408599,112.161,112.176719613485,112.16796875,112.167810036962
273.1,112.16003232,112.167853087043,112.16775217958,112.16775217958,112.16775217958,112.161,112.176649443215,112.16796875,112.167810033936
273.15,112.16003232,112.167845174722,112.167735950561,112.167735950561,112.167735950561,112.161,112.176579272944,112.16796875,112.16781003091
273.2,112.16003232,112.167837262401,112.167719721541,112.167719721541,112.167719721541,112.161,112.176509102673,112.16796875,112.167810027884
273.25,112.16003232,112.16782935008,112.167703492522,112.167703492522,112.167703492522,112.161,112.176438932402,112.16796875,112.167810024858
273.3,112.16003232,112.167821437759,112.167687263503,112.167687263503,112.167687263503,112.161,112.176368762132,112.16796875,112.167810021832
273.35,112.16003232,112.167813525438,112.167671034483,112.167671034483,112.167671034483,112.161,112.176298591861,112.16796875,112.167810018806
273.4,112.16003232,112.167805613117,112.167654805464,112.167654805464,112.167654805464,112.161,112.17622842159,112.16796875,112.16781001578
273.45,112.16003232,112.167797700796,112.167638576445,112.167638576445,112.167638576445,112.161,112.17615825132,112.16796875,112.167810012754
273.5,112.16003232,112.167789788475,112.167622347425,112.167622347425,112.167622347425,112.161,112.176088081049,112.16796875,112.167810009728
273.55,112.16003232,112.167781876154,112.167606118406,112.167606118406,112.167606118406,112.161,112.176017910778,112.16796875,112.167810006702
273.6,112.16003232,112.167773963833,112.167589889387,112.167589889387,112.167589889387,112.161,112.175947740507,112.16796875,112.167810003675
273.65,112.16003232,112.167766051513,112.167573660367,112.167573660367,112.167573660367,112.161,112.175877570237,112.16796875,112.167810000649
273.7,112.16003232,112.167758139192,112.167557431348,112.167557431348,112.167557431348,112.161,112.175807399966,112.16796875,112.167809997623
273.75,112.16003232,112.167750226871,112.167541202329,112.167541202329,112.167541202329,112.161,112.175737229695,112.16796875,112.167809994597
273.8,112.16003232,112.16774231455,112.167524973309,112.167524973309,112.167524973309,112.161,112.175667059424,112.16796875,112.167809991571
273.85,112.16003232,112.167734402229,112.16750874429,112.16750874429,112.16750874429,112.161,112.175596889154,112.16796875,112.167809988545
273.9,112.16003232,112.167726489908,112.167492515271,112.167492515271,112.167492515271,112.161,112.175526718883,112.16796875,112.167809985519
273.95,112.16003232,112.167718577587,112.167476286251,112.167476286251,112.167476286251,112.161,112.175456548612,112.16796875,112.167809982493
274,112.16003232,112.167710665266,112.167460057232,112.167460057232,112.167460057232,112.161025,112.175411378341,112.16796875,112.167809979467
274.05,112.16003232,112.167702752945,112.167443828213,112.167443828213,112.167443828213,112.161075,112.175391208071,112.16796875,112.167809976441
274.1,112.16003232,112.167694840624,112.167427599193,112.167427599193,112.167427599193,112.161125,112.1753710378,112.16796875,112.167809973415
274.15,112.16003232,112.167686928303,112.167411370174,112.167411370174,112.167411370174,112.161175,112.175350867529,112.16796875,112.167809970389
274.2,112.16003232,112.167679015982,112.167395141155,112.167395141155,112.167395141155,112.161225,112.175330697259,112.16796875,112.167809967363
274.25,112.16003232,112.167671103661,112.167378912135,112.167378912135,112.167378912135,112.161275,112.175310526988,112.16796875,112.167809964337
274.3,112.16003232,112.16766319134,112.167362683116,112.167362683116,112.167362683116,112.161325,112.175290356717,112.16796875,112.167809961311
274.35,112.16003232,112.16765527902,112.167346454097,112.167346454097,112.167346454097,112.161375,112.175270186446,112.16796875,112.167809958284
274.4,112.16003232,112.167647366699,112.167330225077,112.167330225077,112.167330225077,112.161425,112.175250016176,112.16796875,112.167809955258
274.45,112.16003232,112.167639454378,112.167313996058,112.167313996058,112.167313996058,112.161475,112.175229845905,112.16796875,112.167809952232
274.5,112.16003232,112.167631542057,112.167297767038,112.167297767038,112.167297767038,112.161525,112.175209675634,112.16796875,112.167809949206
274.55,112.16003232,112.167623629736,112.167281538019,112.167281538019,112.167281538019,112.161575,112.175189505363,112.16796875,112.16780994618
274.6,112.16003232,112.167615717415,112.167265309,112.167265309,112.167265309,112.161625,112.175169335093,112.16796875,112.167809943154
274.65,112.16003232,112.167607805094,112.16724907998,112.16724907998,112.16724907998,112.161675,112.175149164822,112.16796875,112.167809940128
274.7,112.16003232,112.167599892773,112.167232850961,112.167232850961,112.167232850961,112.161725,112.175128994551,112.16796875,112.167809937102
274.75,112.16003232,112.167591980452,112.167216621942,112.167216621942,112.167216621942,112.161775,112.175108824281,112.16796875,112.167809934076
274.8,112.16003232,112.167584068131,112.167200392922,112.167200392922,112.167200392922,112.161825,112.17508865401,112.16796875,112.16780993105
274.85,112.16003232,112.16757615581,112.167184163903,112.167184163903,112.167184163903,112.161875,112.175068483739,112.16796875,112.167809928024
274.9,112.16003232,112.167568243489,112.167167934884,112.167167934884,112.167167934884,112.161925,112.175048313468,112.16796875,112.167809924998
274.95,112.16003232,112.167560331168,112.167151705864,112.167151705864,112.167151705864,112.161975,112.175028143198,112.16796875,112.167809921972
275,112.16003232,112.167552418847,112.167135476845,112.167135476845,112.167135476845,112.162125,112.175107972927,112.16796875,112.167809918946
275.05,112.16003232,112.167544506526,112.167119247826,112.167119247826,112.167119247826,112.162375,112.175287802656,112.16796875,112.16780991592
275.1,112.16003232,112.167536594206,112.167103018806,112.167103018806,112.167103018806,112.162625,112.175467632385,112.16796875,112.167809912893
275.15,112.16003232,112.167528681885,112.167086789787,112.167086789787,112.167086789787,112.162875,112.175647462115,112.16796875,112.167809909867
275.2,112.16003232,112.167520769564,112.167070560768,112.167070560768,112.167070560768,112.163125,112.175827291844,112.16796875,112.167809906841
275.25,112.16003232,112.167512857243,112.167054331748,112.167054331748,112.167054331748,112.163375,112.176007121573,112.16796875,112.167809903815
275.3,112.16003232,112.167504944922,112.167038102729,112.167038102729,112.167038102729,112.163625,112.176186951302,112.16796875,112.167809900789
275.35,112.16003232,112.167497032601,112.16702187371,112.16702187371,112.16702187371,112.163875,112.176366781032,112.16796875,112.167809897763
275.4,112.16003232,112.16748912028,112.16700564469,112.16700564469,112.16700564469,112.164125,112.176546610761,112.16796875,112.167809894737
275.45,112.16003232,112.167481207959,112.166989415671,112.166989415671,112.166989415671,112.164375,112.17672644049,112.16796875,112.167809891711
275.5,112.16003232,112.167473295638,112.166973186652,112.166973186652,112.166973186652,112.164625,112.17690627022,112.16796875,112.167809888685
275.55,112.16003232,112.167465383317,112.166956957632,112.166956957632,112.166956957632,112.164875,112.177086099949,112.16796875,112.167809885659
275.6,112.16003232,112.167457470996,112.166940728613,112.166940728613,112.166940728613,112.165125,112.177265929678,112.16796875,112.167809882633
275.65,112.16003232,112.167449558675,112.166924499594,112.166924499594,112.166924499594,112.165375,112.177445759407,112.16796875,112.167809879607
275.7,112.16003232,112.167441646354,112.166908270574,112.166908270574,112.166908270574,112.165625,112.177625589137,112.16796875,112.167809876581
275.75,112.16003232,112.167433734033,112.166892041555,112.166892041555,112.166892041555,112.165875,112.177805418866,112.16796875,112.167809873555
275.8,112.16003232,112.167425821712,112.166875812536,112.166875812536,112.166875812536,112.166125,112.177985248595,112.16796875,112.167809870529
275.85,112.16003232,112.167417909392,112.166859583516,112.166859583516,112.166859583516,112.166375,112.178165078324,112.16796875,112.167809867502
275.9,112.16003232,112.167409997071,112.166843354497,112.166843354497,112.166843354497,112.166625,112.178344908054,112.16796875,112.167809864476
275.95,112.16003232,112.16740208475,112.166827125478,112.166827125478,112.166827125478,112.166875,112.178524737783,112.16796875,112.16780986145
276,112.16003232,112.167394172429,112.166810896458,112.166810896458,112.166810896458,112.167,112.178579567512,112.16796875,112.167809858424
276.05,112.16003232,112.167386260108,112.166794667439,112.166794667439,112.166794667439,112.167,112.178509397241,112.16796875,112.167809855398
276.1,112.16003232,112.167378347787,112.16677843842,112.16677843842,112.16677843842,112.167,112.178439226971,112.16796875,112.167809852372
276.15,112.16003232,112.167370435466,112.1667622094,112.1667622094,112.1667622094,112.167,112.1783690567,112.16796875,112.167809849346
276.2,112.16003232,112.167362523145,112.166745980381,112.166745980381,112.166745980381,112.167,112.178298886429,112.16796875,112.16780984632
276.25,112.16003232,112.167354610824,112.166729751362,112.166729751362,112.166729751362,112.167,112.178228716159,112.16796875,112.167809843294
276.3,112.16003232,112.167346698503,112.166713522342,112.166713522342,112.166713522342,112.167,112.178158545888,112.16796875,112.167809840268
276.35,112.16003232,112.167338786182,112.166697293323,112.166697293323,112.166697293323,112.167,112.178088375617,112.16796875,112.167809837242
276.4,112.16003232,112.167330873861,112.166681064304,112.166681064304,112.166681064304,112.167,112.178018205346,112.16796875,112.167809834216
276.45,112.16003232,112.16732296154,112.166664835284,112.166664835284,112.166664835284,112.167,112.177948035076,112.16796875,112.16780983119
276.5,112.16003232,112.167315049219,112.166648606265,112.166648606265,112.166648606265,112.167,112.177877864805,112.16796875,112.167809828164
276.55,112.16003232,112.167307136899,112.166632377246,112.166632377246,112.166632377246,112.167,112.177807694534,112.16796875,112.167809825137
276.6,112.16003232,112.167299224578,112.166616148226,112.166616148226,112.166616148226,112.167,112.177737524263,112.16796875,112.167809822111
276.65,112.16003232,112.167291312257,112.166599919207,112.166599919207,112.166599919207,112.167,112.177667353993,112.16796875,112.167809819085
276.7,112.16003232,112.167283399936,112.166583690188,112.166583690188,112.166583690188,112.167,112.177597183722,112.16796875,112.167809816059
276.75,112.16003232,112.167275487615,112.166567461168,112.166567461168,112.166567461168,112.167,112.177527013451,112.16796875,112.167809813033
276.8,112.16003232,112.167267575294,112.166551232149,112.166551232149,112.166551232149,112.167,112.177456843181,112.16796875,112.167809810007
276.85,112.16003232,112.167259662973,112.166535003129,112.166535003129,112.166535003129,112.167,112.17738667291,112.16796875,112.167809806981
276.9,112.16003232,112.167251750652,112.16651877411,112.16651877411,112.16651877411,112.167,112.177316502639,112.16796875,112.167809803955
276.95,112.16003232,112.167243838331,112.166502545091,112.166502545091,112.166502545091,112.167,112.177246332368,112.16796875,112.167809800929
277,112.16003232,112.16723592601,112.166486316071,112.166486316071,112.166486316071,112.167,112.177176162098,112.167956542969,112.167797590872
277.05,112.16003232,112.167228013689,112.166470087052,112.166470087052,112.166470087052,112.167,112.177105991827,112.167932128906,112.167773173783
277.1,112.16003232,112.167220101368,112.166453858033,112.166453858033,112.166453858033,112.167,112.177035821556,112.167907714844,112.167748756695
277.15,112.16003232,112.167212189047,112.166437629013,112.166437629013,112.166437629013,112.167,112.176965651285,112.167883300781,112.167724339606
277.2,112.16003232,112.167204276726,112.166421399994,112.166421399994,112.166421399994,112.167,112.176895481015,112.167858886719,112.167699922517
277.25,112.16003232,112.167196364405,112.166405170975,112.166405170975,112.166405170975,112.167,112.176825310744,112.167834472656,112.167675505429
277.3,112.16003232,112.167188452085,112.166388941955,112.166388941955,112.166388941955,112.167,112.176755140473,112.167810058594,112.16765108834
277.35,112.16003232,112.167180539764,112.166372712936,112.166372712936,112.166372712936,112.167,112.176684970202,112.167785644531,112.167626671252
277.4,112.16003232,112.167172627443,112.166356483917,112.166356483917,112.166356483917,112.167,112.176614799932,112.167761230469,112.167602254163
277.45,112.16003232,112.167164715122,112.166340254897,112.166340254897,112.166340254897,112.167,112.176544629661,112.167736816406,112.167577837075
277.5,112.16003232,112.167156802801,112.166324025878,112.166324025878,112.166324025878,112.167,112.17647445939,112.167712402344,112.167553419986
277.55,112.16003232,112.16714889048,112.166307796859,112.166307796859,112.166307796859,112.167,112.17640428912,112.167687988281,112.167529002897
277.6,112.16003232,112.167140978159,112.166291567839,112.166291567839,112.166291567839,112.167,112.176334118849,112.167663574219,112.167504585809
277.65,112.16003232,112.167133065838,112.16627533882,112.16627533882,112.16627533882,112.167,112.176263948578,112.167639160156,112.16748016872
277.7,112.16003232,112.167125153517,112.166259109801,112.166259109801,112.166259109801,112.167,112.176193778307,112.167614746094,112.167455751632
277.75,112.16003232,112.167117241196,112.166242880781,112.166242880781,112.166242880781,112.167,112.176123608037,112.167590332031,112.167431334543
277.8,112.16003232,112.167109328875,112.166226651762,112.166226651762,112.166226651762,112.167,112.176053437766,112.167565917969,112.167406917455
277.85,112.16003232,112.167101416554,112.166210422743,112.166210422743,112.166210422743,112.167,112.175983267495,112.167541503906,112.167382500366
277.9,112.16003232,112.167093504233,112.166194193723,112.166194193723,112.166194193723,112.167,112.175913097224,112.167517089844,112.167358083277
277.95,112.16003232,112.167085591912,112.166177964704,112.166177964704,112.166177964704,112.167,112.175842926954,112.167492675781,112.167333666189
278,112.16003232,112.167077679592,112.166161735685,112.166161735685,112.166161735685,112.16695,112.175722756683,112.167468261719,112.1673092491
278.05,112.16003232,112.167069767271,112.166145506665,112.166145506665,112.166145506665,112.16685,112.175552586412,112.167443847656,112.167284832012
278.1,112.16003232,112.16706185495,112.166129277646,112.166129277646,112.166129277646,112.16675,112.175382416142,112.167419433594,112.167260414923
278.15,112.16003232,112.167053942629,112.166113048627,112.166113048627,112.166113048627,112.16665,112.175212245871,112.167395019531,112.167235997835
278.2,112.16003232,112.167046030308,112.166096819607,112.166096819607,112.166096819607,112.16655,112.1750420756,112.167370605469,112.167211580746
278.25,112.16003232,112.167038117987,112.166080590588,112.166080590588,112.166080590588,112.16645,112.174871905329,112.167346191406,112.167187163657
278.3,112.16003232,112.167030205666,112.166064361569,112.166064361569,112.166064361569,112.16635,112.174701735059,112.167321777344,112.167162746569
278.35,112.16003232,112.167022293345,112.166048132549,112.166048132549,112.166048132549,112.16625,112.174531564788,112.167297363281,112.16713832948
278.4,112.16003232,112.167014381024,112.16603190353,112.16603190353,112.16603190353,112.16615,112.174361394517,112.167272949219,112.167113912392
278.45,112.16003232,112.167006468703,112.166015674511,112.166015674511,112.166015674511,112.16605,112.174191224246,112.167248535156,112.167089495303
278.5,112.16003232,112.166998556382,112.165999445491,112.165999445491,112.165999445491,112.16595,112.174021053976,112.167224121094,112.167065078215
278.55,112.16003232,112.166990644061,112.165983216472,112.165983216472,112.165983216472,112.16585,112.173850883705,112.167199707031,112.167040661126
278.6,112.16003232,112.16698273174,112.165966987453,112.165966987453,112.165966987453,112.16575,112.173680713434,112.167175292969,112.167016244038
278.65,112.16003232,112.166974819419,112.165950758433,112.165950758433,112.165950758433,112.16565,112.173510543163,112.167150878906,112.166991826949
278.7,112.16003232,112.166966907098,112.165934529414,112.165934529414,112.165934529414,112.16555,112.173340372893,112.167126464844,112.16696740986
278.75,112.16003232,112.166958994778,112.165918300395,112.165918300395,112.165918300395,112.16545,112.173170202622,112.167102050781,112.166942992772
278.8,112.16003232,112.166951082457,112.165902071375,112.165902071375,112.165902071375,112.16535,112.173000032351,112.167077636719,112.166918575683
278.85,112.16003232,112.166943170136,112.165885842356,112.165885842356,112.165885842356,112.16525,112.172829862081,112.167053222656,112.166894158595
278.9,112.16003232,112.166935257815,112.165869613337,112.165869613337,112.165869613337,112.16515,112.17265969181,112.167028808594,112.166869741506
278.95,112.16003232,112.166927345494,112.165853384317,112.165853384317,112.165853384317,112.16505,112.172489521539,112.167004394531,112.166845324418
279,112.16003232,112.166919433173,112.165837155298,112.165837155298,112.165837155298,112.165,112.172369351268,112.166979980469,112.166820907329
279.05,112.16003232,112.166911520852,112.165820926279,112.165820926279,112.165820926279,112.165,112.172299180998,112.166955566406,112.16679649024
279.1,112.16003232,112.166903608531,112.165804697259,112.165804697259,112.165804697259,112.165,112.172229010727,112.166931152344,112.166772073152
279.15,112.16003232,112.16689569621,112.16578846824,112.16578846824,112.16578846824,112.165,112.172158840456,112.166906738281,112.166747656063
279.2,112.16003232,112.166887783889,112.165772239221,112.165772239221,112.165772239221,112.165,112.172088670185,112.166882324219,112.166723238975
279.25,112.16003232,112.166879871568,112.165756010201,112.165756010201,112.165756010201,112.165,112.172018499915,112.166857910156,112.166698821886
279.3,112.16003232,112.166871959247,112.165739781182,112.165739781182,112.165739781182,112.165,112.171948329644,112.166833496094,112.166674404798
279.35,112.16003232,112.166864046926,112.165723552163,112.165723552163,112.165723552163,112.165,112.171878159373,112.166809082031,112.166649987709
279.4,112.16003232,112.166856134605,112.165707323143,112.165707323143,112.165707323143,112.165,112.171807989102,112.166784667969,112.16662557062
279.45,112.16003232,112.166848222285,112.165691094124,112.165691094124,112.165691094124,112.165,112.171737818832,112.166760253906,112.166601153532
279.5,112.16003232,112.166840309964,112.165674865104,112.165674865104,112.165674865104,112.165,112.171667648561,112.166735839844,112.166576736443
279.55,112.16003232,112.166832397643,112.165658636085,112.165658636085,112.165658636085,112.165,112.17159747829,112.166711425781,112.166552319355
279.6,112.16003232,112.166824485322,112.165642407066,112.165642407066,112.165642407066,112.165,112.17152730802,112.166687011719,112.166527902266
279.65,112.16003232,112.166816573001,112.165626178046,112.165626178046,112.165626178046,112.165,112.171457137749,112.166662597656,112.166503485178
279.7,112.16003232,112.16680866068,112.165609949027,112.165609949027,112.165609949027,112.165,112.171386967478,112.166638183594,112.166479068089
279.75,112.16003232,112.166800748359,112.165593720008,112.165593720008,112.165593720008,112.165,112.171316797207,112.166613769531,112.166454651
279.8,112.16003232,112.166792836038,112.165577490988,112.165577490988,112.165577490988,112.165,112.171246626937,112.166589355469,112.166430233912
279.85,112.16003232,112.166784923717,112.165561261969,112.165561261969,112.165561261969,112.165,112.171176456666,112.166564941406,112.166405816823
279.9,112.16003232,112.166777011396,112.16554503295,112.16554503295,112.16554503295,112.165,112.171106286395,112.166540527344,112.166381399735
279.95,112.16003232,112.166769099075,112.16552880393,112.16552880393,112.16552880393,112.165,112.171036116124,112.166516113281,112.166356982646
280,112.16003232,112.166761186754,112.165512574911,112.165512574911,112.165512574911,112.165,112.170965945854,112.166491699219,112.166332565558
280.05,112.16003232,112.166768098233,112.165515728661,112.165515728661,112.165515728661,112.165,112.170918662163,112.166467285156,112.166320537189
280.1,112.16003232,112.166775009711,112.165518882411,112.165518882411,112.165518882411,112.165,112.170871378473,112.166442871094,112.16630850882
280.15,112.16003232,112.16678192119,112.16552203616,112.16552203616,112.16552203616,112.165,112.170824094783,112.166418457031,112.166296480451
280.2,112.16003232,112.166788832668,112.16552518991,112.16552518991,112.16552518991,112.165,112.170776811092,112.166394042969,112.166284452082
280.25,112.16003232,112.166795744146,112.16552834366,112.16552834366,112.16552834366,112.165,112.170729527402,112.166369628906,112.166272423713
280.3,112.16003232,112.166802655625,112.16553149741,112.16553149741,112.16553149741,112.165,112.170682243712,112.166345214844,112.166260395345
280.35,112.16003232,112.166809567103,112.165534651159,112.165534651159,112.165534651159,112.165,112.170634960021,112.166320800781,112.166248366976
280.4,112.16003232,112.166816478582,112.165537804909,112.165537804909,112.165537804909,112.165,112.170587676331,112.166296386719,112.166236338607
280.45,112.16003232,112.16682339006,112.165540958659,112.165540958659,112.165540958659,112.165,112.170540392641,112.166271972656,112.166224310238
280.5,112.16003232,112.166830301539,112.165544112408,112.165544112408,112.165544112408,112.165,112.17049310895,112.166247558594,112.166212281869
280.55,112.16003232,112.166837213017,112.165547266158,112.165547266158,112.165547266158,112.165,112.17044582526,112.166223144531,112.1662002535
280.6,112.16003232,112.166844124495,112.165550419908,112.165550419908,112.165550419908,112.165,112.17039854157,112.166198730469,112.166188225132
280.65,112.16003232,112.166851035974,112.165553573658,112.165553573658,112.165553573658,112.165,112.170351257879,112.166174316406,112.166176196763
280.7,112.16003232,112.166857947452,112.165556727407,112.165556727407,112.165556727407,112.165,112.170303974189,112.166149902344,112.166164168394
280.75,112.16003232,112.166864858931,112.165559881157,112.165559881157,112.165559881157,112.165,112.170256690499,112.166125488281,112.166152140025
280.8,112.16003232,112.166871770409,112.165563034907,112.165563034907,112.165563034907,112.165,112.170209406808,112.166101074219,112.166140111656
280.85,112.16003232,112.166878681888,112.165566188657,112.165566188657,112.165566188657,112.165,112.170162123118,112.166076660156,112.166128083288
280.9,112.16003232,112.166885593366,112.165569342406,112.165569342406,112.165569342406,112.165,112.170114839427,112.166052246094,112.166116054919
280.95,112.16003232,112.166892504845,112.165572496156,112.165572496156,112.165572496156,112.165,112.170067555737,112.166027832031,112.16610402655
281,112.16003232,112.166899416323,112.165575649906,112.165575649906,112.165575649906,112.165175,112.170195272047,112.166003417969,112.166091998181
281.05,112.16003232,112.166906327801,112.165578803656,112.165578803656,112.165578803656,112.165525,112.170497988356,112.165979003906,112.166079969812
281.1,112.16003232,112.16691323928,112.165581957405,112.165581957405,112.165581957405,112.165875,112.170800704666,112.165954589844,112.166067941443
281.15,112.16003232,112.166920150758,112.165585111155,112.165585111155,112.165585111155,112.166225,112.171103420976,112.165930175781,112.166055913075
281.2,112.16003232,112.166927062237,112.165588264905,112.165588264905,112.165588264905,112.166575,112.171406137285,112.165905761719,112.166043884706
281.25,112.16003232,112.166933973715,112.165591418655,112.165591418655,112.165591418655,112.166925,112.171708853595,112.165881347656,112.166031856337
281.3,112.16003232,112.166940885194,112.165594572404,112.165594572404,112.165594572404,112.167275,112.172011569905,112.165856933594,112.166019827968
281.35,112.16003232,112.166947796672,112.165597726154,112.165597726154,112.165597726154,112.167625,112.172314286214,112.165832519531,112.166007799599
281.4,112.16003232,112.16695470815,112.165600879904,112.165600879904,112.165600879904,112.167975,112.172617002524,112.165808105469,112.16599577123
281.45,112.16003232,112.166961619629,112.165604033653,112.165604033653,112.165604033653,112.168325,112.172919718834,112.165783691406,112.165983742862
281.5,112.16003232,112.166968531107,112.165607187403,112.165607187403,112.165607187403,112.168675,112.173222435143,112.165759277344,112.165971714493
281.55,112.16003232,112.166975442586,112.165610341153,112.165610341153,112.165610341153,112.169025,112.173525151453,112.165734863281,112.165959686124
281.6,112.16003232,112.166982354064,112.165613494903,112.165613494903,112.165613494903,112.169375,112.173827867763,112.165710449219,112.165947657755
281.65,112.16003232,112.166989265543,112.165616648652,112.165616648652,112.165616648652,112.169725,112.174130584072,112.165686035156,112.165935629386
281.7,112.16003232,112.166996177021,112.165619802402,112.165619802402,112.165619802402,112.170075,112.174433300382,112.165661621094,112.165923601017
281.75,112.16003232,112.1670030885,112.165622956152,112.165622956152,112.165622956152,112.170425,112.174736016692,112.165637207031,112.165911572649
281.8,112.16003232,112.167009999978,112.165626109902,112.165626109902,112.165626109902,112.170775,112.175038733001,112.165612792969,112.16589954428
281.85,112.16003232,112.167016911456,112.165629263651,112.165629263651,112.165629263651,112.171125,112.175341449311,112.165588378906,112.165887515911
281.9,112.16003232,112.167023822935,112.165632417401,112.165632417401,112.165632417401,112.171475,112.175644165621,112.165563964844,112.165875487542
281.95,112.16003232,112.167030734413,112.165635571151,112.165635571151,112.165635571151,112.171825,112.17594688193,112.165539550781,112.165863459173
282,112.16003232,112.167037645892,112.165638724901,112.165638724901,112.165638724901,112.172,112.17607459824,112.165515136719,112.165851430804
282.05,112.16003232,112.16704455737,112.16564187865,112.16564187865,112.16564187865,112.172,112.17602731455,112.165490722656,112.165839402436
282.1,112.16003232,112.167051468849,112.1656450324,112.1656450324,112.1656450324,112.172,112.175980030859,112.165466308594,112.165827374067
282.15,112.16003232,112.167058380327,112.16564818615,112.16564818615,112.16564818615,112.172,112.175932747169,112.165441894531,112.165815345698
282.2,112.16003232,112.167065291805,112.1656513399,112.1656513399,112.1656513399,112.172,112.175885463479,112.165417480469,112.165803317329
282.25,112.16003232,112.167072203284,112.165654493649,112.165654493649,112.165654493649,112.172,112.175838179788,112.165393066406,112.16579128896
282.3,112.16003232,112.167079114762,112.165657647399,112.165657647399,112.165657647399,112.172,112.175790896098,112.165368652344,112.165779260591
282.35,112.16003232,112.167086026241,112.165660801149,112.165660801149,112.165660801149,112.172,112.175743612407,112.165344238281,112.165767232223
282.4,112.16003232,112.167092937719,112.165663954899,112.165663954899,112.165663954899,112.172,112.175696328717,112.165319824219,112.165755203854
282.45,112.16003232,112.167099849198,112.165667108648,112.165667108648,112.165667108648,112.172,112.175649045027,112.165295410156,112.165743175485
282.5,112.16003232,112.167106760676,112.165670262398,112.165670262398,112.165670262398,112.172,112.175601761336,112.165270996094,112.165731147116
282.55,112.16003232,112.167113672154,112.165673416148,112.165673416148,112.165673416148,112.172,112.175554477646,112.165246582031,112.165719118747
282.6,112.16003232,112.167120583633,112.165676569897,112.165676569897,112.165676569897,112.172,112.175507193956,112.165222167969,112.165707090378
282.65,112.16003232,112.167127495111,112.165679723647,112.165679723647,112.165679723647,112.172,112.175459910265,112.165197753906,112.16569506201
282.7,112.16003232,112.16713440659,112.165682877397,112.165682877397,112.165682877397,112.172,112.175412626575,112.165173339844,112.165683033641
282.75,112.16003232,112.167141318068,112.165686031147,112.165686031147,112.165686031147,112.172,112.175365342885,112.165148925781,112.165671005272
282.8,112.16003232,112.167148229547,112.165689184896,112.165689184896,112.165689184896,112.172,112.175318059194,112.165124511719,112.165658976903
282.85,112.16003232,112.167155141025,112.165692338646,112.165692338646,112.165692338646,112.172,112.175270775504,112.165100097656,112.165646948534
282.9,112.16003232,112.167162052504,112.165695492396,112.165695492396,112.165695492396,112.172,112.175223491814,112.165075683594,112.165634920165
282.95,112.16003232,112.167168963982,112.165698646146,112.165698646146,112.165698646146,112.172,112.175176208123,112.165051269531,112.165622891797
283,112.16003232,112.16717587546,112.165701799895,112.165701799895,112.165701799895,112.172,112.175128924433,112.165026855469,112.165610863428
283.05,112.16003232,112.167182786939,112.165704953645,112.165704953645,112.165704953645,112.172,112.175081640743,112.165002441406,112.165598835059
283.1,112.16003232,112.167189698417,112.165708107395,112.165708107395,112.165708107395,112.172,112.175034357052,112.164978027344,112.16558680669
283.15,112.16003232,112.167196609896,112.165711261145,112.165711261145,112.165711261145,112.172,112.174987073362,112.164953613281,112.165574778321
283.2,112.16003232,112.167203521374,112.165714414894,112.165714414894,112.165714414894,112.172,112.174939789672,112.164929199219,112.165562749952
283.25,112.16003232,112.167210432853,112.165717568644,112.165717568644,112.165717568644,112.172,112.174892505981,112.164904785156,112.165550721584
283.3,112.16003232,112.167217344331,112.165720722394,112.165720722394,112.165720722394,112.172,112.174845222291,112.164880371094,112.165538693215
283.35,112.16003232,112.167224255809,112.165723876144,112.165723876144,112.165723876144,112.172,112.174797938601,112.164855957031,112.165526664846
283.4,112.16003232,112.167231167288,112.165727029893,112.165727029893,112.165727029893,112.172,112.17475065491,112.164831542969,112.165514636477
283.45,112.16003232,112.167238078766,112.165730183643,112.165730183643,112.165730183643,112.172,112.17470337122,112.164807128906,112.165502608108
283.5,112.16003232,112.167244990245,112.165733337393,112.165733337393,112.165733337393,112.172,112.17465608753,112.164782714844,112.165490579739
283.55,112.16003232,112.167251901723,112.165736491142,112.165736491142,112.165736491142,112.172,112.174608803839,112.164758300781,112.165478551371
283.6,112.16003232,112.167258813202,112.165739644892,112.165739644892,112.165739644892,112.172,112.174561520149,112.164733886719,112.165466523002
283.65,112.16003232,112.16726572468,112.165742798642,112.165742798642,112.165742798642,112.172,112.174514236458,112.164709472656,112.165454494633
283.7,112.16003232,112.167272636159,112.165745952392,112.165745952392,112.165745952392,112.172,112.174466952768,112.164685058594,112.165442466264
283.75,112.16003232,112.167279547637,112.165749106141,112.165749106141,112.165749106141,112.172,112.174419669078,112.164660644531,112.165430437895
283.8,112.16003232,112.167286459115,112.165752259891,112.165752259891,112.165752259891,112.172,112.174372385387,112.164636230469,112.165418409526
283.85,112.16003232,112.167293370594,112.165755413641,112.165755413641,112.165755413641,112.172,112.174325101697,112.164611816406,112.165406381158
283.9,112.16003232,112.167300282072,112.165758567391,112.165758567391,112.165758567391,112.172,112.174277818007,112.164587402344,112.165394352789
283.95,112.16003232,112.167307193551,112.16576172114,112.16576172114,112.16576172114,112.172,112.174230534316,112.164562988281,112.16538232442
284,112.16003232,112.167314105029,112.16576487489,112.16576487489,112.16576487489,112.171875,112.174058250626,112.164538574219,112.165370296051
284.05,112.16003232,112.167321016508,112.16576802864,112.16576802864,112.16576802864,112.171625,112.173760966936,112.164514160156,112.165358267682
284.1,112.16003232,112.167327927986,112.16577118239,112.16577118239,112.16577118239,112.171375,112.173463683245,112.164489746094,112.165346239313
284.15,112.16003232,112.167334839464,112.165774336139,112.165774336139,112.165774336139,112.171125,112.173166399555,112.164465332031,112.165334210945
284.2,112.16003232,112.167341750943,112.165777489889,112.165777489889,112.165777489889,112.170875,112.172869115865,112.164440917969,112.165322182576
284.25,112.16003232,112.167348662421,112.165780643639,112.165780643639,112.165780643639,112.170625,112.172571832174,112.164416503906,112.165310154207
284.3,112.16003232,112.1673555739,112.165783797389,112.165783797389,112.165783797389,112.170375,112.172274548484,112.164392089844,112.165298125838
284.35,112.16003232,112.167362485378,112.165786951138,112.165786951138,112.165786951138,112.170125,112.171977264794,112.164367675781,112.165286097469
284.4,112.16003232,112.167369396857,112.165790104888,112.165790104888,112.165790104888,112.169875,112.171679981103,112.164343261719,112.1652740691
284.45,112.16003232,112.167376308335,112.165793258638,112.165793258638,112.165793258638,112.169625,112.171382697413,112.164318847656,112.165262040732
284.5,112.16003232,112.167383219814,112.165796412387,112.165796412387,112.165796412387,112.169375,112.171085413723,112.164294433594,112.165250012363
284.55,112.16003232,112.167390131292,112.165799566137,112.165799566137,112.165799566137,112.169125,112.170788130032,112.164270019531,112.165237983994
284.6,112.16003232,112.16739704277,112.165802719887,112.165802719887,112.165802719887,112.168875,112.170490846342,112.164245605469,112.165225955625
284.65,112.16003232,112.167403954249,112.165805873637,112.165805873637,112.165805873637,112.168625,112.170193562652,112.164221191406,112.165213927256
284.7,112.16003232,112.167410865727,112.165809027386,112.165809027386,112.165809027386,112.168375,112.169896278961,112.164196777344,112.165201898888
284.75,112.16003232,112.167417777206,112.165812181136,112.165812181136,112.165812181136,112.168125,112.169598995271,112.164172363281,112.165189870519
284.8,112.16003232,112.167424688684,112.165815334886,112.165815334886,112.165815334886,112.167875,112.169301711581,112.164147949219,112.16517784215
284.85,112.16003232,112.167431600163,112.165818488636,112.165818488636,112.165818488636,112.167625,112.16900442789,112.164123535156,112.165165813781
284.9,112.16003232,112.167438511641,112.165821642385,112.165821642385,112.165821642385,112.167375,112.1687071442,112.164099121094,112.165153785412
284.95,112.16003232,112.167445423119,112.165824796135,112.165824796135,112.165824796135,112.167125,112.168409860509,112.164074707031,112.165141757043
285,112.16003232,112.167452334598,112.165827949885,112.165827949885,112.165827949885,112.166925,112.168162576819,112.1640625,112.165141935706
285.05,112.16003232,112.167459246076,112.165831103635,112.165831103635,112.165831103635,112.166775,112.167965293129,112.1640625,112.165154321399
285.1,112.16003232,112.167466157555,112.165834257384,112.165834257384,112.165834257384,112.166625,112.167768009438,112.1640625,112.165166707093
285.15,112.16003232,112.167473069033,112.165837411134,112.165837411134,112.165837411134,112.166475,112.167570725748,112.1640625,112.165179092787
285.2,112.16003232,112.167479980512,112.165840564884,112.165840564884,112.165840564884,112.166325,112.167373442058,112.1640625,112.16519147848
285.25,112.16003232,112.16748689199,112.165843718634,112.165843718634,112.165843718634,112.166175,112.167176158367,112.1640625,112.165203864174
285.3,112.16003232,112.167493803468,112.165846872383,112.165846872383,112.165846872383,112.166025,112.166978874677,112.1640625,112.165216249868
285.35,112.16003232,112.167500714947,112.165850026133,112.165850026133,112.165850026133,112.165875,112.166781590987,112.1640625,112.165228635561
285.4,112.16003232,112.167507626425,112.165853179883,112.165853179883,112.165853179883,112.165725,112.166584307296,112.1640625,112.165241021255
285.45,112.16003232,112.167514537904,112.165856333633,112.165856333633,112.165856333633,112.165575,112.166387023606,112.1640625,112.165253406949
285.5,112.16003232,112.167521449382,112.165859487382,112.165859487382,112.165859487382,112.165425,112.166189739916,112.1640625,112.165265792642
285.55,112.16003232,112.167528360861,112.165862641132,112.165862641132,112.165862641132,112.165275,112.165992456225,112.1640625,112.165278178336
285.6,112.16003232,112.167535272339,112.165865794882,112.165865794882,112.165865794882,112.165125,112.165795172535,112.1640625,112.16529056403
285.65,112.16003232,112.167542183818,112.165868948631,112.165868948631,112.165868948631,112.164975,112.165597888845,112.1640625,112.165302949723
285.7,112.16003232,112.167549095296,112.165872102381,112.165872102381,112.165872102381,112.164825,112.165400605154,112.1640625,112.165315335417
285.75,112.16003232,112.167556006774,112.165875256131,112.165875256131,112.165875256131,112.164675,112.165203321464,112.1640625,112.165327721111
285.8,112.16003232,112.167562918253,112.165878409881,112.165878409881,112.165878409881,112.164525,112.165006037774,112.1640625,112.165340106804
285.85,112.16003232,112.167569829731,112.16588156363,112.16588156363,112.16588156363,112.164375,112.164808754083,112.1640625,112.165352492498
285.9,112.16003232,112.16757674121,112.16588471738,112.16588471738,112.16588471738,112.164225,112.164611470393,112.1640625,112.165364878192
285.95,112.16003232,112.167583652688,112.16588787113,112.16588787113,112.16588787113,112.164075,112.164414186703,112.1640625,112.165377263885
286,112.16003232,112.167590564167,112.16589102488,112.16589102488,112.16589102488,112.16395,112.164241903012,112.1640625,112.165389649579
286.05,112.16003232,112.167597475645,112.165894178629,112.165894178629,112.165894178629,112.16385,112.164094619322,112.1640625,112.165402035273
286.1,112.16003232,112.167604387123,112.165897332379,112.165897332379,112.165897332379,112.16375,112.163947335632,112.1640625,112.165414420966
286.15,112.16003232,112.167611298602,112.165900486129,112.165900486129,112.165900486129,112.16365,112.163800051941,112.1640625,112.16542680666
286.2,112.16003232,112.16761821008,112.165903639879,112.165903639879,112.165903639879,112.16355,112.163652768251,112.1640625,112.165439192354
286.25,112.16003232,112.167625121559,112.165906793628,112.165906793628,112.165906793628,112.16345,112.163505484561,112.1640625,112.165451578047
286.3,112.16003232,112.167632033037,112.165909947378,112.165909947378,112.165909947378,112.16335,112.16335820087,112.1640625,112.165463963741
286.35,112.16003232,112.167638944516,112.165913101128,112.165913101128,112.165913101128,112.16325,112.16321091718,112.1640625,112.165476349435
286.4,112.16003232,112.167645855994,112.165916254878,112.165916254878,112.165916254878,112.16315,112.163063633489,112.1640625,112.165488735128
286.45,112.16003232,112.167652767473,112.165919408627,112.165919408627,112.165919408627,112.16305,112.162916349799,112.1640625,112.165501120822
286.5,112.16003232,112.167659678951,112.165922562377,112.165922562377,112.165922562377,112.16295,112.162769066109,112.1640625,112.165513506516
286.55,112.1600368,112.167666590429,112.165925716127,112.165925716127,112.165925716127,112.16285,112.162621782418,112.1640625,112.16552589221
286.6,112.16006032,112.167673501908,112.165928869876,112.165928869876,112.165928869876,112.16275,112.162474498728,112.1640625,112.165538277903
286.65,112.1600984,112.167680413386,112.165932023626,112.165932023626,112.165932023626,112.16265,112.162327215038,112.1640625,112.165550663597
286.7,112.16013536,112.167687324865,112.165935177376,112.165935177376,112.165935177376,112.16255,112.162179931347,112.1640625,112.165563049291
286.75,112.16017344,112.167694236343,112.165938331126,112.165938331126,112.165938331126,112.16245,112.162032647657,112.1640625,112.165575434984
286.8,112.16021152,112.167701147822,112.165941484875,112.165941484875,112.165941484875,112.16235,112.161885363967,112.1640625,112.165587820678
286.85,112.1602496,112.1677080593,112.165944638625,112.165944638625,112.165944638625,112.16225,112.161738080276,112.1640625,112.165600206372
286.9,112.16028656,112.167714970778,112.165947792375,112.165947792375,112.165947792375,112.16215,112.161590796586,112.1640625,112.165612592065
286.95,112.16032464,112.167721882257,112.165950946125,112.165950946125,112.165950946125,112.16205,112.161443512896,112.1640625,112.165624977759
287,112.16036272,112.167728793735,112.165954099874,112.165954099874,112.165954099874,112.16195,112.161296229205,112.1640625,112.165637363453
287.05,112.16039968,112.167735705214,112.165957253624,112.165957253624,112.165957253624,112.16185,112.161148945515,112.1640625,112.165649749146
287.1,112.16043776,112.167742616692,112.165960407374,112.165960407374,112.165960407374,112.16175,112.161001661825,112.1640625,112.16566213484
287.15,112.16047584,112.167749528171,112.165963561124,112.165963561124,112.165963561124,112.16165,112.160854378134,112.1640625,112.165674520534
287.2,112.16051392,112.167756439649,112.165966714873,112.165966714873,112.165966714873,112.16155,112.160707094444,112.1640625,112.165686906227
287.25,112.16055088,112.167763351127,112.165969868623,112.165969868623,112.165969868623,112.16145,112.160559810754,112.1640625,112.165699291921
287.3,112.16058896,112.167770262606,112.165973022373,112.165973022373,112.165973022373,112.16135,112.160412527063,112.1640625,112.165711677615
287.35,112.16062704,112.167777174084,112.165976176123,112.165976176123,112.165976176123,112.16125,112.160265243373,112.1640625,112.165724063308
287.4,112.16066512,112.167784085563,112.165979329872,112.165979329872,112.165979329872,112.16115,112.160117959683,112.1640625,112.165736449002
287.45,112.16070208,112.167790997041,112.165982483622,112.165982483622,112.165982483622,112.16105,112.159970675992,112.1640625,112.165748834696
287.5,112.16074016,112.16779790852,112.165985637372,112.165985637372,112.165985637372,112.16095,112.159823392302,112.1640625,112.165761220389
287.55,112.16077824,112.167804819998,112.165988791122,112.165988791122,112.165988791122,112.16085,112.159676108612,112.1640625,112.165773606083
287.6,112.1608152,112.167811731477,112.165991944871,112.165991944871,112.165991944871,112.16075,112.159528824921,112.1640625,112.165785991777
287.65,112.16085328,112.167818642955,112.165995098621,112.165995098621,112.165995098621,112.16065,112.159381541231,112.1640625,112.16579837747
287.7,112.16089136,112.167825554433,112.165998252371,112.165998252371,112.165998252371,112.16055,112.15923425754,112.1640625,112.165810763164
287.75,112.16092944,112.167832465912,112.16600140612,112.16600140612,112.16600140612,112.16045,112.15908697385,112.1640625,112.165823148858
287.8,112.1609664,112.16783937739,112.16600455987,112.16600455987,112.16600455987,112.16035,112.15893969016,112.1640625,112.165835534551
287.85,112.16100448,112.167846288869,112.16600771362,112.16600771362,112.16600771362,112.16025,112.158792406469,112.1640625,112.165847920245
287.9,112.16104256,112.167853200347,112.16601086737,112.16601086737,112.16601086737,112.16015,112.158645122779,112.1640625,112.165860305939
287.95,112.16107952,112.167860111826,112.166014021119,112.166014021119,112.166014021119,112.16005,112.158497839089,112.1640625,112.165872691632
288,112.1611176,112.167867023304,112.166017174869,112.166017174869,112.166017174869,112.16,112.158400555398,112.1640625,112.165885077326
288.05,112.16115568,112.167873934782,112.166020328619,112.166020328619,112.166020328619,112.16,112.158353271708,112.1640625,112.16589746302
288.1,112.16119376,112.167880846261,112.166023482369,112.166023482369,112.166023482369,112.16,112.158305988018,112.1640625,112.165909848713
288.15,112.16123072,112.167887757739,112.166026636118,112.166026636118,112.166026636118,112.16,112.158258704327,112.1640625,112.165922234407
288.2,112.1612688,112.167894669218,112.166029789868,112.166029789868,112.166029789868,112.16,112.158211420637,112.1640625,112.165934620101
288.25,112.16130688,112.167901580696,112.166032943618,112.166032943618,112.166032943618,112.16,112.158164136947,112.1640625,112.165947005794
288.3,112.16134384,112.167908492175,112.166036097368,112.166036097368,112.166036097368,112.16,112.158116853256,112.1640625,112.165959391488
288.35,112.16138192,112.167915403653,112.166039251117,112.166039251117,112.166039251117,112.16,112.158069569566,112.1640625,112.165971777182
288.4,112.16142,112.167922315132,112.166042404867,112.166042404867,112.166042404867,112.16,112.158022285876,112.1640625,112.165984162875
288.45,112.16145808,112.16792922661,112.166045558617,112.166045558617,112.166045558617,112.16,112.157975002185,112.1640625,112.165996548569
288.5,112.16149504,112.167936138088,112.166048712367,112.166048712367,112.166048712367,112.16,112.157927718495,112.1640625,112.166008934263
288.55,112.16153312,112.167943049567,112.166051866116,112.166051866116,112.166051866116,112.16,112.157880434805,112.1640625,112.166021319956
288.6,112.1615712,112.167949961045,112.166055019866,112.166055019866,112.166055019866,112.16,112.157833151114,112.1640625,112.16603370565
288.65,112.16160816,112.167956872524,112.166058173616,112.166058173616,112.166058173616,112.16,112.157785867424,112.1640625,112.166046091344
288.7,112.16164624,112.167963784002,112.166061327365,112.166061327365,112.166061327365,112.16,112.157738583734,112.1640625,112.166058477037
288.75,112.16168432,112.167970695481,112.166064481115,112.166064481115,112.166064481115,112.16,112.157691300043,112.1640625,112.166070862731
288.8,112.1617224,112.167977606959,112.166067634865,112.166067634865,112.166067634865,112.16,112.157644016353,112.1640625,112.166083248425
288.85,112.16175936,112.167984518437,112.166070788615,112.166070788615,112.166070788615,112.16,112.157596732663,112.1640625,112.166095634118
288.9,112.16179744,112.167991429916,112.166073942364,112.166073942364,112.166073942364,112.16,112.157549448972,112.1640625,112.166108019812
288.95,112.16183552,112.167998341394,112.166077096114,112.166077096114,112.166077096114,112.16,112.157502165282,112.1640625,112.166120405506
289,112.16187248,112.168005252873,112.166080249864,112.166080249864,112.166080249864,112.16,112.157454881592,112.1640625,112.166132791199
289.05,112.16191056,112.168012164351,112.166083403614,112.166083403614,112.166083403614,112.16,112.157407597901,112.1640625,112.166145176893
289.1,112.16194864,112.16801907583,112.166086557363,112.166086557363,112.166086557363,112.16,112.157360314211,112.1640625,112.166157562587
289.15,112.16198672,112.168025987308,112.166089711113,112.166089711113,112.166089711113,112.16,112.15731303052,112.1640625,112.16616994828
289.2,112.16202368,112.168032898786,112.166092864863,112.166092864863,112.166092864863,112.16,112.15726574683,112.1640625,112.166182333974
289.25,112.16206176,112.168039810265,112.166096018613,112.166096018613,112.166096018613,112.16,112.15721846314,112.1640625,112.166194719668
289.3,112.16209984,112.168046721743,112.166099172362,112.166099172362,112.166099172362,112.16,112.157171179449,112.1640625,112.166207105361
289.35,112.16213792,112.168053633222,112.166102326112,112.166102326112,112.166102326112,112.16,112.157123895759,112.1640625,112.166219491055
289.4,112.16217488,112.1680605447,112.166105479862,112.166105479862,112.166105479862,112.16,112.157076612069,112.1640625,112.166231876749
289.45,112.16221296,112.168067456179,112.166108633612,112.166108633612,112.166108633612,112.16,112.157029328378,112.1640625,112.166244262442
289.5,112.16225104,112.168074367657,112.166111787361,112.166111787361,112.166111787361,112.16,112.156982044688,112.1640625,112.166256648136
289.55,112.162288,112.168081279136,112.166114941111,112.166114941111,112.166114941111,112.16,112.156934760998,112.1640625,112.16626903383
289.6,112.16232608,112.168088190614,112.166118094861,112.166118094861,112.166118094861,112.16,112.156887477307,112.1640625,112.166281419523
289.65,112.16236416,112.168095102092,112.166121248611,112.166121248611,112.166121248611,112.16,112.156840193617,112.1640625,112.166293805217
289.7,112.16240224,112.168102013571,112.16612440236,112.16612440236,112.16612440236,112.16,112.156792909927,112.1640625,112.166306190911
289.75,112.1624392,112.168108925049,112.16612755611,112.16612755611,112.16612755611,112.16,112.156745626236,112.1640625,112.166318576604
289.8,112.16247728,112.168115836528,112.16613070986,112.16613070986,112.16613070986,112.16,112.156698342546,112.1640625,112.166330962298
289.85,112.16251536,112.168122748006,112.166133863609,112.166133863609,112.166133863609,112.16,112.156651058856,112.1640625,112.166343347992
289.9,112.16255232,112.168129659485,112.166137017359,112.166137017359,112.166137017359,112.16,112.156603775165,112.1640625,112.166355733685
289.95,112.1625904,112.168136570963,112.166140171109,112.166140171109,112.166140171109,112.16,112.156556491475,112.1640625,112.166368119379
290,112.16262848,112.168143482441,112.166143324859,112.166143324859,112.166143324859,112.160025,112.156534207785,112.1640625,112.166380505073
290.05,112.16266656,112.168163238672,112.166158127589,112.166158127589,112.166158127589,112.160075,112.156550620246,112.1640625,112.166403618345
290.1,112.16270352,112.168182994902,112.166172930319,112.166172930319,112.166172930319,112.160125,112.156567032707,112.1640625,112.166426731618
290.15,112.1627416,112.168202751132,112.166187733049,112.166187733049,112.166187733049,112.160175,112.156583445168,112.1640625,112.16644984489
290.2,112.16277968,112.168222507362,112.166202535779,112.166202535779,112.166202535779,112.160225,112.156599857629,112.1640625,112.166472958163
290.25,112.16281664,112.168242263593,112.166217338509,112.166217338509,112.166217338509,112.160275,112.15661627009,112.1640625,112.166496071435
290.3,112.16285472,112.168262019823,112.166232141239,112.166232141239,112.166232141239,112.160325,112.156632682551,112.1640625,112.166519184707
290.35,112.1628928,112.168281776053,112.166246943969,112.166246943969,112.166246943969,112.160375,112.156649095012,112.1640625,112.16654229798
290.4,112.16293088,112.168301532283,112.166261746699,112.166261746699,112.166261746699,112.160425,112.156665507473,112.1640625,112.166565411252
290.45,112.16296784,112.168321288514,112.16627654943,112.16627654943,112.16627654943,112.160475,112.156681919935,112.1640625,112.166588524525
290.5,112.16300592,112.168341044744,112.16629135216,112.16629135216,112.16629135216,112.160525,112.156698332396,112.1640625,112.166611637797
290.55,112.163044,112.168360800974,112.16630615489,112.16630615489,112.16630615489,112.160575,112.156714744857,112.1640625,112.16663475107
290.6,112.16308096,112.168380557204,112.16632095762,112.16632095762,112.16632095762,112.160625,112.156731157318,112.1640625,112.166657864342
290.65,112.16311904,112.168400313435,112.16633576035,112.16633576035,112.16633576035,112.160675,112.156747569779,112.1640625,112.166680977615
290.7,112.16315712,112.168420069665,112.16635056308,112.16635056308,112.16635056308,112.160725,112.15676398224,112.1640625,112.166704090887
290.75,112.1631952,112.168439825895,112.16636536581,112.16636536581,112.16636536581,112.160775,112.156780394701,112.1640625,112.16672720416
290.8,112.16323216,112.168459582125,112.16638016854,112.16638016854,112.16638016854,112.160825,112.156796807162,112.1640625,112.166750317432
290.85,112.16327024,112.168479338356,112.16639497127,112.16639497127,112.16639497127,112.160875,112.156813219623,112.1640625,112.166773430705
290.9,112.16330832,112.168499094586,112.166409774,112.166409774,112.166409774,112.160925,112.156829632085,112.1640625,112.166796543977
290.95,112.16334528,112.168518850816,112.166424576731,112.166424576731,112.166424576731,112.160975,112.156846044546,112.1640625,112.16681965725
291,112.16338336,112.168538607046,112.166439379461,112.166439379461,112.166439379461,112.1613,112.157137457007,112.1640625,112.166842770522
291.05,112.16342144,112.168558363277,112.166454182191,112.166454182191,112.166454182191,112.1619,112.157703869468,112.1640625,112.166865883795
291.1,112.16345952,112.168578119507,112.166468984921,112.166468984921,112.166468984921,112.1625,112.158270281929,112.1640625,112.166888997067
291.15,112.16349648,112.168597875737,112.166483787651,112.166483787651,112.166483787651,112.1631,112.15883669439,112.1640625,112.166912110339
291.2,112.16353456,112.168617631967,112.166498590381,112.166498590381,112.166498590381,112.1637,112.159403106851,112.1640625,112.166935223612
291.25,112.16357264,112.168637388197,112.166513393111,112.166513393111,112.166513393111,112.1643,112.159969519312,112.1640625,112.166958336884
291.3,112.16361072,112.168657144428,112.166528195841,112.166528195841,112.166528195841,112.1649,112.160535931773,112.1640625,112.166981450157
291.35,112.16364768,112.168676900658,112.166542998571,112.166542998571,112.166542998571,112.1655,112.161102344235,112.1640625,112.167004563429
291.4,112.16368576,112.168696656888,112.166557801302,112.166557801302,112.166557801302,112.1661,112.161668756696,112.1640625,112.167027676702
291.45,112.16372384,112.168716413118,112.166572604032,112.166572604032,112.166572604032,112.1667,112.162235169157,112.1640625,112.167050789974
291.5,112.1637608,112.168736169349,112.166587406762,112.166587406762,112.166587406762,112.1673,112.162801581618,112.1640625,112.167073903247
291.55,112.16379888,112.168755925579,112.166602209492,112.166602209492,112.166602209492,112.1679,112.163367994079,112.1640625,112.167097016519
291.6,112.16383696,112.168775681809,112.166617012222,112.166617012222,112.166617012222,112.1685,112.16393440654,112.1640625,112.167120129792
291.65,112.16387504,112.168795438039,112.166631814952,112.166631814952,112.166631814952,112.1691,112.164500819001,112.1640625,112.167143243064
291.7,112.163912,112.16881519427,112.166646617682,112.166646617682,112.166646617682,112.1697,112.165067231462,112.1640625,112.167166356337
291.75,112.16395008,112.1688349505,112.166661420412,112.166661420412,112.166661420412,112.1703,112.165633643923,112.1640625,112.167189469609
291.8,112.16398816,112.16885470673,112.166676223142,112.166676223142,112.166676223142,112.1709,112.166200056385,112.1640625,112.167212582882
291.85,112.16402512,112.16887446296,112.166691025872,112.166691025872,112.166691025872,112.1715,112.166766468846,112.1640625,112.167235696154
291.9,112.1640632,112.168894219191,112.166705828603,112.166705828603,112.166705828603,112.1721,112.167332881307,112.1640625,112.167258809427
291.95,112.16410128,112.168913975421,112.166720631333,112.166720631333,112.166720631333,112.1727,112.167899293768,112.1640625,112.167281922699
292,112.16413936,112.168933731651,112.166735434063,112.166735434063,112.166735434063,112.17315,112.168315706229,112.1640625,112.167305035972
292.05,112.16417632,112.168953487881,112.166750236793,112.166750236793,112.166750236793,112.17345,112.16858211869,112.1640625,112.167328149244
292.1,112.1642144,112.168973244112,112.166765039523,112.166765039523,112.166765039523,112.17375,112.168848531151,112.1640625,112.167351262516
292.15,112.16425248,112.168993000342,112.166779842253,112.166779842253,112.166779842253,112.17405,112.169114943612,112.1640625,112.167374375789
292.2,112.16428944,112.169012756572,112.166794644983,112.166794644983,112.166794644983,112.17435,112.169381356073,112.1640625,112.167397489061
292.25,112.16432752,112.169032512802,112.166809447713,112.166809447713,112.166809447713,112.17465,112.169647768535,112.1640625,112.167420602334
292.3,112.1643656,112.169052269033,112.166824250443,112.166824250443,112.166824250443,112.17495,112.169914180996,112.1640625,112.167443715606
292.35,112.16440368,112.169072025263,112.166839053173,112.166839053173,112.166839053173,112.17525,112.170180593457,112.1640625,112.167466828879
292.4,112.16444064,112.169091781493,112.166853855904,112.166853855904,112.166853855904,112.17555,112.170447005918,112.1640625,112.167489942151
292.45,112.16447872,112.169111537723,112.166868658634,112.166868658634,112.166868658634,112.17585,112.170713418379,112.1640625,112.167513055424
292.5,112.1645168,112.169131293953,112.166883461364,112.166883461364,112.166883461364,112.17615,112.17097983084,112.1640625,112.167536168696
292.55,112.16455376,112.169151050184,112.166898264094,112.166898264094,112.166898264094,112.17645,112.171246243301,112.1640625,112.167559281969
292.6,112.16459184,112.169170806414,112.166913066824,112.166913066824,112.166913066824,112.17675,112.171512655762,112.1640625,112.167582395241
292.65,112.16462992,112.169190562644,112.166927869554,112.166927869554,112.166927869554,112.17705,112.171779068223,112.1640625,112.167605508514
292.7,112.164668,112.169210318874,112.166942672284,112.166942672284,112.166942672284,112.17735,112.172045480685,112.1640625,112.167628621786
292.75,112.16470496,112.169230075105,112.166957475014,112.166957475014,112.166957475014,112.17765,112.172311893146,112.1640625,112.167651735059
292.8,112.16474304,112.169249831335,112.166972277744,112.166972277744,112.166972277744,112.17795,112.172578305607,112.1640625,112.167674848331
292.85,112.16478112,112.169269587565,112.166987080474,112.166987080474,112.166987080474,112.17825,112.172844718068,112.1640625,112.167697961604
292.9,112.1648192,112.169289343795,112.167001883205,112.167001883205,112.167001883205,112.17855,112.173111130529,112.1640625,112.167721074876
292.95,112.16485616,112.169309100026,112.167016685935,112.167016685935,112.167016685935,112.17885,112.17337754299,112.1640625,112.167744188148
293,112.16489424,112.169328856256,112.167031488665,112.167031488665,112.167031488665,112.179025,112.173518955451,112.1640625,112.167767301421
293.05,112.16493232,112.169348612486,112.167046291395,112.167046291395,112.167046291395,112.179075,112.173535367912,112.1640625,112.167790414693
293.1,112.16496928,112.169368368716,112.167061094125,112.167061094125,112.167061094125,112.179125,112.173551780373,112.1640625,112.167813527966
293.15,112.16500736,112.169388124947,112.167075896855,112.167075896855,112.167075896855,112.179175,112.173568192835,112.1640625,112.167836641238
293.2,112.16504544,112.169407881177,112.167090699585,112.167090699585,112.167090699585,112.179225,112.173584605296,112.1640625,112.167859754511
293.25,112.16508352,112.169427637407,112.167105502315,112.167105502315,112.167105502315,112.179275,112.173601017757,112.1640625,112.167882867783
293.3,112.16512048,112.169447393637,112.167120305045,112.167120305045,112.167120305045,112.179325,112.173617430218,112.1640625,112.167905981056
293.35,112.16515856,112.169467149868,112.167135107775,112.167135107775,112.167135107775,112.179375,112.173633842679,112.1640625,112.167929094328
293.4,112.16519664,112.169486906098,112.167149910506,112.167149910506,112.167149910506,112.179425,112.17365025514,112.1640625,112.167952207601
293.45,112.1652336,112.169506662328,112.167164713236,112.167164713236,112.167164713236,112.179475,112.173666667601,112.1640625,112.167975320873
293.5,112.16527168,112.169526418558,112.167179515966,112.167179515966,112.167179515966,112.179525,112.173683080062,112.1640625,112.167998434146
293.55,112.16530976,112.169546174789,112.167194318696,112.167194318696,112.167194318696,112.179575,112.173699492523,112.1640625,112.168021547418
293.6,112.16534784,112.169565931019,112.167209121426,112.167209121426,112.167209121426,112.179625,112.173715904985,112.1640625,112.168044660691
293.65,112.1653848,112.169585687249,112.167223924156,112.167223924156,112.167223924156,112.179675,112.173732317446,112.1640625,112.168067773963
293.7,112.16542288,112.169605443479,112.167238726886,112.167238726886,112.167238726886,112.179725,112.173748729907,112.1640625,112.168090887236
293.75,112.16546096,112.16962519971,112.167253529616,112.167253529616,112.167253529616,112.179775,112.173765142368,112.1640625,112.168114000508
293.8,112.16549792,112.16964495594,112.167268332346,112.167268332346,112.167268332346,112.179825,112.173781554829,112.1640625,112.16813711378
293.85,112.165536,112.16966471217,112.167283135076,112.167283135076,112.167283135076,112.179875,112.17379796729,112.1640625,112.168160227053
293.9,112.16557408,112.1696844684,112.167297937807,112.167297937807,112.167297937807,112.179925,112.173814379751,112.1640625,112.168183340325
293.95,112.16561216,112.16970422463,112.167312740537,112.167312740537,112.167312740537,112.179975,112.173830792212,112.1640625,112.168206453598
294,112.16564912,112.169723980861,112.167327543267,112.167327543267,112.167327543267,112.180025,112.173847204673,112.1640625,112.16822956687
294.05,112.1656872,112.169743737091,112.167342345997,112.167342345997,112.167342345997,112.180075,112.173863617135,112.1640625,112.168252680143
294.1,112.16572528,112.169763493321,112.167357148727,112.167357148727,112.167357148727,112.180125,112.173880029596,112.1640625,112.168275793415
294.15,112.16576224,112.169783249551,112.167371951457,112.167371951457,112.167371951457,112.180175,112.173896442057,112.1640625,112.168298906688
294.2,112.16580032,112.169803005782,112.167386754187,112.167386754187,112.167386754187,112.180225,112.173912854518,112.1640625,112.16832201996
294.25,112.1658384,112.169822762012,112.167401556917,112.167401556917,112.167401556917,112.180275,112.173929266979,112.1640625,112.168345133233
294.3,112.16587648,112.169842518242,112.167416359647,112.167416359647,112.167416359647,112.180325,112.17394567944,112.1640625,112.168368246505
294.35,112.16591344,112.169862274472,112.167431162377,112.167431162377,112.167431162377,112.180375,112.173962091901,112.1640625,112.168391359778
294.4,112.16595152,112.169882030703,112.167445965108,112.167445965108,112.167445965108,112.180425,112.173978504362,112.1640625,112.16841447305
294.45,112.1659896,112.169901786933,112.167460767838,112.167460767838,112.167460767838,112.180475,112.173994916823,112.1640625,112.168437586323
294.5,112.16602656,112.169921543163,112.167475570568,112.167475570568,112.167475570568,112.180525,112.174011329285,112.1640625,112.168460699595
294.55,112.16606464,112.169941299393,112.167490373298,112.167490373298,112.167490373298,112.180575,112.174027741746,112.1640625,112.168483812868
294.6,112.16610272,112.169961055624,112.167505176028,112.167505176028,112.167505176028,112.180625,112.174044154207,112.1640625,112.16850692614
294.65,112.1661408,112.169980811854,112.167519978758,112.167519978758,112.167519978758,112.180675,112.174060566668,112.1640625,112.168530039412
294.7,112.16617776,112.170000568084,112.167534781488,112.167534781488,112.167534781488,112.180725,112.174076979129,112.1640625,112.168553152685
294.75,112.16621584,112.170020324314,112.167549584218,112.167549584218,112.167549584218,112.180775,112.17409339159,112.1640625,112.168576265957
294.8,112.16625392,112.170040080545,112.167564386948,112.167564386948,112.167564386948,112.180825,112.174109804051,112.1640625,112.16859937923
294.85,112.166292,112.170059836775,112.167579189679,112.167579189679,112.167579189679,112.180875,112.174126216512,112.1640625,112.168622492502
294.9,112.16632896,112.170079593005,112.167593992409,112.167593992409,112.167593992409,112.180925,112.174142628973,112.1640625,112.168645605775
294.95,112.16636704,112.170099349235,112.167608795139,112.167608795139,112.167608795139,112.180975,112.174159041435,112.1640625,112.168668719047
295,112.16640512,112.170119105466,112.167623597869,112.167623597869,112.167623597869,112.181,112.174150453896,112.1640625,112.16869183232
295.05,112.16644208,112.170138861696,112.167638400599,112.167638400599,112.167638400599,112.181,112.174116866357,112.1640625,112.168714945592
295.1,112.16648016,112.170158617926,112.167653203329,112.167653203329,112.167653203329,112.181,112.174083278818,112.1640625,112.168738058865
295.15,112.16651824,112.170178374156,112.167668006059,112.167668006059,112.167668006059,112.181,112.174049691279,112.1640625,112.168761172137
295.2,112.16655632,112.170198130386,112.167682808789,112.167682808789,112.167682808789,112.181,112.17401610374,112.1640625,112.16878428541
295.25,112.16659328,112.170217886617,112.167697611519,112.167697611519,112.167697611519,112.181,112.173982516201,112.1640625,112.168807398682
295.3,112.16663136,112.170237642847,112.167712414249,112.167712414249,112.167712414249,112.181,112.173948928662,112.1640625,112.168830511955
295.35,112.16666944,112.170257399077,112.16772721698,112.16772721698,112.16772721698,112.181,112.173915341123,112.1640625,112.168853625227
295.4,112.1667064,112.170277155307,112.16774201971,112.16774201971,112.16774201971,112.181,112.173881753585,112.1640625,112.1688767385
295.45,112.16674448,112.170296911538,112.16775682244,112.16775682244,112.16775682244,112.181,112.173848166046,112.1640625,112.168899851772
295.5,112.16678256,112.170316667768,112.16777162517,112.16777162517,112.16777162517,112.181,112.173814578507,112.1640625,112.168922965045
295.55,112.16682064,112.170336423998,112.1677864279,112.1677864279,112.1677864279,112.181,112.173780990968,112.1640625,112.168946078317
295.6,112.1668576,112.170356180228,112.16780123063,112.16780123063,112.16780123063,112.181,112.173747403429,112.1640625,112.168969191589
295.65,112.16689568,112.170375936459,112.16781603336,112.16781603336,112.16781603336,112.181,112.17371381589,112.1640625,112.168992304862
295.7,112.16693376,112.170395692689,112.16783083609,112.16783083609,112.16783083609,112.181,112.173680228351,112.1640625,112.169015418134
295.75,112.16697072,112.170415448919,112.16784563882,112.16784563882,112.16784563882,112.181,112.173646640812,112.1640625,112.169038531407
295.8,112.1670088,112.170435205149,112.16786044155,112.16786044155,112.16786044155,112.181,112.173613053273,112.1640625,112.169061644679
295.85,112.16704688,112.17045496138,112.167875244281,112.167875244281,112.167875244281,112.181,112.173579465735,112.1640625,112.169084757952
295.9,112.16708496,112.17047471761,112.167890047011,112.167890047011,112.167890047011,112.181,112.173545878196,112.1640625,112.169107871224
295.95,112.16712192,112.17049447384,112.167904849741,112.167904849741,112.167904849741,112.181,112.173512290657,112.1640625,112.169130984497
296,112.16716,112.17051423007,112.167919652471,112.167919652471,112.167919652471,112.181,112.173478703118,112.1640625,112.169154097769
296.05,112.16719808,112.170533986301,112.167934455201,112.167934455201,112.167934455201,112.181,112.173445115579,112.1640625,112.169177211042
296.1,112.16723504,112.170553742531,112.167949257931,112.167949257931,112.167949257931,112.181,112.17341152804,112.1640625,112.169200324314
296.15,112.16727312,112.170573498761,112.167964060661,112.167964060661,112.167964060661,112.181,112.173377940501,112.1640625,112.169223437587
296.2,112.1673112,112.170593254991,112.167978863391,112.167978863391,112.167978863391,112.181,112.173344352962,112.1640625,112.169246550859
296.25,112.16734928,112.170613011222,112.167993666121,112.167993666121,112.167993666121,112.181,112.173310765423,112.1640625,112.169269664132
296.3,112.16738624,112.170632767452,112.168008468851,112.168008468851,112.168008468851,112.181,112.173277177885,112.1640625,112.169292777404
296.35,112.16742432,112.170652523682,112.168023271582,112.168023271582,112.168023271582,112.181,112.173243590346,112.1640625,112.169315890677
296.4,112.1674624,112.170672279912,112.168038074312,112.168038074312,112.168038074312,112.181,112.173210002807,112.1640625,112.169339003949
296.45,112.16749936,112.170692036142,112.168052877042,112.168052877042,112.168052877042,112.181,112.173176415268,112.1640625,112.169362117221
296.5,112.16753744,112.170711792373,112.168067679772,112.168067679772,112.168067679772,112.181,112.173142827729,112.1640625,112.169385230494
296.55,112.16757552,112.170731548603,112.168082482502,112.168082482502,112.168082482502,112.181,112.17310924019,112.1640625,112.169408343766
296.6,112.1676136,112.170751304833,112.168097285232,112.168097285232,112.168097285232,112.181,112.173075652651,112.1640625,112.169431457039
296.65,112.16765056,112.170771061063,112.168112087962,112.168112087962,112.168112087962,112.181,112.173042065112,112.1640625,112.169454570311
296.7,112.16768864,112.170790817294,112.168126890692,112.168126890692,112.168126890692,112.181,112.173008477573,112.1640625,112.169477683584
296.75,112.16772672,112.170810573524,112.168141693422,112.168141693422,112.168141693422,112.181,112.172974890034,112.1640625,112.169500796856
296.8,112.1677648,112.170830329754,112.168156496152,112.168156496152,112.168156496152,112.181,112.172941302496,112.1640625,112.169523910129
296.85,112.16780176,112.170850085984,112.168171298883,112.168171298883,112.168171298883,112.181,112.172907714957,112.1640625,112.169547023401
296.9,112.16783984,112.170869842215,112.168186101613,112.168186101613,112.168186101613,112.181,112.172874127418,112.1640625,112.169570136674
296.95,112.16787792,112.170889598445,112.168200904343,112.168200904343,112.168200904343,112.181,112.172840539879,112.1640625,112.169593249946
297,112.16791488,112.170909354675,112.168215707073,112.168215707073,112.168215707073,112.181,112.17280695234,112.1640625,112.169616363219
297.05,112.16795296,112.170929110905,112.168230509803,112.168230509803,112.168230509803,112.181,112.172773364801,112.1640625,112.169639476491
297.1,112.16799104,112.170948867136,112.168245312533,112.168245312533,112.168245312533,112.181,112.172739777262,112.1640625,112.169662589764
297.15,112.16802912,112.170968623366,112.168260115263,112.168260115263,112.168260115263,112.181,112.172706189723,112.1640625,112.169685703036
297.2,112.16806608,112.170988379596,112.168274917993,112.168274917993,112.168274917993,112.181,112.172672602184,112.1640625,112.169708816309
297.25,112.16810416,112.171008135826,112.168289720723,112.168289720723,112.168289720723,112.181,112.172639014646,112.1640625,112.169731929581
297.3,112.16814224,112.171027892057,112.168304523453,112.168304523453,112.168304523453,112.181,112.172605427107,112.1640625,112.169755042853
297.35,112.1681792,112.171047648287,112.168319326184,112.168319326184,112.168319326184,112.181,112.172571839568,112.1640625,112.169778156126
297.4,112.16821728,112.171067404517,112.168334128914,112.168334128914,112.168334128914,112.181,112.172538252029,112.1640625,112.169801269398
297.45,112.16825536,112.171087160747,112.168348931644,112.168348931644,112.168348931644,112.181,112.17250466449,112.1640625,112.169824382671
297.5,112.16829344,112.171106916978,112.168363734374,112.168363734374,112.168363734374,112.181,112.172471076951,112.1640625,112.169847495943
297.55,112.1683304,112.171126673208,112.168378537104,112.168378537104,112.168378537104,112.181,112.172437489412,112.1640625,112.169870609216
297.6,112.16836848,112.171146429438,112.168393339834,112.168393339834,112.168393339834,112.181,112.172403901873,112.1640625,112.169893722488
297.65,112.16840656,112.171166185668,112.168408142564,112.168408142564,112.168408142564,112.181,112.172370314334,112.1640625,112.169916835761
297.7,112.16844352,112.171185941899,112.168422945294,112.168422945294,112.168422945294,112.181,112.172336726796,112.1640625,112.169939949033
297.75,112.1684816,112.171205698129,112.168437748024,112.168437748024,112.168437748024,112.181,112.172303139257,112.1640625,112.169963062306
297.8,112.16851968,112.171225454359,112.168452550754,112.168452550754,112.168452550754,112.181,112.172269551718,112.1640625,112.169986175578
297.85,112.16855776,112.171245210589,112.168467353485,112.168467353485,112.168467353485,112.181,112.172235964179,112.1640625,112.170009288851
297.9,112.16859472,112.171264966819,112.168482156215,112.168482156215,112.168482156215,112.181,112.17220237664,112.1640625,112.170032402123
297.95,112.1686328,112.17128472305,112.168496958945,112.168496958945,112.168496958945,112.181,112.172168789101,112.1640625,112.170055515396
298,112.16867088,112.17130447928,112.168511761675,112.168511761675,112.168511761675,112.181,112.172135201562,112.1640625,112.170078628668
298.05,112.16870784,112.17132423551,112.168526564405,112.168526564405,112.168526564405,112.181,112.172101614023,112.1640625,112.170101741941
298.1,112.16874592,112.17134399174,112.168541367135,112.168541367135,112.168541367135,112.181,112.172068026484,112.1640625,112.170124855213
298.15,112.168784,112.171363747971,112.168556169865,112.168556169865,112.168556169865,112.181,112.172034438946,112.1640625,112.170147968485
298.2,112.16882208,112.171383504201,112.168570972595,112.168570972595,112.168570972595,112.181,112.172000851407,112.1640625,112.170171081758
298.25,112.16885904,112.171403260431,112.168585775325,112.168585775325,112.168585775325,112.181,112.171967263868,112.1640625,112.17019419503
298.3,112.16889712,112.171423016661,112.168600578056,112.168600578056,112.168600578056,112.181,112.171933676329,112.1640625,112.170217308303
298.35,112.1689352,112.171442772892,112.168615380786,112.168615380786,112.168615380786,112.181,112.17190008879,112.1640625,112.170240421575
298.4,112.16897216,112.171462529122,112.168630183516,112.168630183516,112.168630183516,112.181,112.171866501251,112.1640625,112.170263534848
298.45,112.16901024,112.171482285352,112.168644986246,112.168644986246,112.168644986246,112.181,112.171832913712,112.1640625,112.17028664812
298.5,112.16904832,112.171502041582,112.168659788976,112.168659788976,112.168659788976,112.181,112.171799326173,112.1640625,112.170309761393
298.55,112.1690864,112.171521797813,112.168674591706,112.168674591706,112.168674591706,112.181,112.171765738634,112.1640625,112.170332874665
298.6,112.16912336,112.171541554043,112.168689394436,112.168689394436,112.168689394436,112.181,112.171732151096,112.1640625,112.170355987938
298.65,112.16916144,112.171561310273,112.168704197166,112.168704197166,112.168704197166,112.181,112.171698563557,112.1640625,112.17037910121
298.7,112.16919952,112.171581066503,112.168718999896,112.168718999896,112.168718999896,112.181,112.171664976018,112.1640625,112.170402214483
298.75,112.1692376,112.171600822734,112.168733802626,112.168733802626,112.168733802626,112.181,112.171631388479,112.1640625,112.170425327755
298.8,112.16927456,112.171620578964,112.168748605357,112.168748605357,112.168748605357,112.181,112.17159780094,112.1640625,112.170448441028
298.85,112.16931264,112.171640335194,112.168763408087,112.168763408087,112.168763408087,112.181,112.171564213401,112.1640625,112.1704715543
298.9,112.16935072,112.171660091424,112.168778210817,112.168778210817,112.168778210817,112.181,112.171530625862,112.1640625,112.170494667573
298.95,112.16938768,112.171679847655,112.168793013547,112.168793013547,112.168793013547,112.181,112.171497038323,112.1640625,112.170517780845
299,112.16942576,112.171699603885,112.168807816277,112.168807816277,112.168807816277,112.181,112.171463450784,112.1640625,112.170540894117
299.05,112.16946384,112.171719360115,112.168822619007,112.168822619007,112.168822619007,112.181,112.171429863246,112.1640625,112.17056400739
299.1,112.16950192,112.171739116345,112.168837421737,112.168837421737,112.168837421737,112.181,112.171396275707,112.1640625,112.170587120662
299.15,112.16953888,112.171758872575,112.168852224467,112.168852224467,112.168852224467,112.181,112.171362688168,112.1640625,112.170610233935
299.2,112.16957696,112.171778628806,112.168867027197,112.168867027197,112.168867027197,112.181,112.171329100629,112.1640625,112.170633347207
299.25,112.16961504,112.171798385036,112.168881829927,112.168881829927,112.168881829927,112.181,112.17129551309,112.1640625,112.17065646048
299.3,112.169652,112.171818141266,112.168896632658,112.168896632658,112.168896632658,112.181,112.171261925551,112.1640625,112.170679573752
299.35,112.16969008,112.171837897496,112.168911435388,112.168911435388,112.168911435388,112.181,112.171228338012,112.1640625,112.170702687025
299.4,112.16972816,112.171857653727,112.168926238118,112.168926238118,112.168926238118,112.181,112.171194750473,112.1640625,112.170725800297
299.45,112.16976624,112.171877409957,112.168941040848,112.168941040848,112.168941040848,112.181,112.171161162934,112.1640625,112.17074891357
299.5,112.1698032,112.171897166187,112.168955843578,112.168955843578,112.168955843578,112.181,112.171127575396,112.1640625,112.170772026842
299.55,112.16984128,112.171916922417,112.168970646308,112.168970646308,112.168970646308,112.181,112.171093987857,112.1640625,112.170795140115
299.6,112.16987936,112.171936678648,112.168985449038,112.168985449038,112.168985449038,112.181,112.171060400318,112.1640625,112.170818253387
299.65,112.16991632,112.171956434878,112.169000251768,112.169000251768,112.169000251768,112.181,112.171026812779,112.1640625,112.17084136666
299.7,112.1699544,112.171976191108,112.169015054498,112.169015054498,112.169015054498,112.181,112.17099322524,112.1640625,112.170864479932
299.75,112.16999248,112.171995947338,112.169029857228,112.169029857228,112.169029857228,112.181,112.170959637701,112.1640625,112.170887593205
299.8,112.17003056,112.172015703569,112.169044659959,112.169044659959,112.169044659959,112.181,112.170926050162,112.1640625,112.170910706477
299.85,112.17006752,112.172035459799,112.169059462689,112.169059462689,112.169059462689,112.181,112.170892462623,112.1640625,112.17093381975
299.9,112.1701056,112.172055216029,112.169074265419,112.169074265419,112.169074265419,112.181,112.170858875084,112.1640625,112.170956933022
299.95,112.17014368,112.172074972259,112.169089068149,112.169089068149,112.169089068149,112.181,112.170825287546,112.1640625,112.170980046294
