time_s,GPS_Hz,SMR,F02,VS_FM,UNB,MFT,MFT_FM,SUV,SUV_FM
900,136.15605728,136.091065447195,136.108978502336,136.108978502336,136.108571315631,137.334,137.314,136.57421875,136.579698080331
900.05,136.15600288,136.091055221867,136.108941113603,136.108941113603,136.1085350315,137.334,137.314035689083,136.57421875,136.579695147209
900.1,136.15594848,136.091044996539,136.10890372487,136.10890372487,136.108498747368,137.334,137.314071378165,136.57421875,136.579692214086
900.15,136.15589544,136.091034771211,136.108866336137,136.108866336137,136.108462463237,137.334,137.314107067248,136.57421875,136.579689280964
900.2,136.15584104,136.091024545883,136.108828947404,136.108828947404,136.108426179106,137.334,137.314142756331,136.57421875,136.579686347842
900.25,136.155788,136.091014320555,136.108791558671,136.108791558671,136.108389894975,137.334,137.314178445413,136.57421875,136.579683414719
900.3,136.1557336,136.091004095227,136.108754169938,136.108754169938,136.108353610843,137.334,137.314214134496,136.57421875,136.579680481597
900.35,136.15568056,136.090993869899,136.108716781205,136.108716781205,136.108317326712,137.334,137.314249823578,136.57421875,136.579677548475
900.4,136.15562616,136.090983644571,136.108679392472,136.108679392472,136.108281042581,137.334,137.314285512661,136.57421875,136.579674615352
900.45,136.15557176,136.090973419243,136.108642003739,136.108642003739,136.10824475845,137.334,137.314321201744,136.57421875,136.57967168223
900.5,136.15551872,136.090963193915,136.108604615006,136.108604615006,136.108208474318,137.334,137.314356890826,136.57421875,136.579668749107
900.55,136.15546432,136.090952968587,136.108567226273,136.108567226273,136.108172190187,137.334,137.314392579909,136.57421875,136.579665815985
900.6,136.15541128,136.090942743259,136.10852983754,136.10852983754,136.108135906056,137.334,137.314428268991,136.57421875,136.579662882863
900.65,136.15535688,136.090932517931,136.108492448807,136.108492448807,136.108099621925,137.334,137.314463958074,136.57421875,136.57965994974
900.7,136.15530384,136.090922292603,136.108455060074,136.108455060074,136.108063337793,137.334,137.314499647157,136.57421875,136.579657016618
900.75,136.15524944,136.090912067275,136.108417671341,136.108417671341,136.108027053662,137.334,137.314535336239,136.57421875,136.579654083495
900.8,136.15519504,136.090901841947,136.108380282608,136.108380282608,136.107990769531,137.334,137.314571025322,136.57421875,136.579651150373
900.85,136.155142,136.090891616619,136.108342893875,136.108342893875,136.1079544854,137.334,137.314606714405,136.57421875,136.579648217251
900.9,136.1550876,136.09088139129,136.108305505142,136.108305505142,136.107918201268,137.334,137.314642403487,136.57421875,136.579645284128
900.95,136.15503456,136.090871165962,136.108268116409,136.108268116409,136.107881917137,137.334,137.31467809257,136.57421875,136.579642351006
901,136.15498016,136.090860940634,136.108230727676,136.108230727676,136.107845633006,137.334,137.314713781653,136.57421875,136.579639417884
901.05,136.15492712,136.090850715306,136.108193338943,136.108193338943,136.107809348875,137.334,137.314749470735,136.57421875,136.579636484761
901.1,136.15487272,136.090840489978,136.10815595021,136.10815595021,136.107773064744,137.334,137.314785159818,136.57421875,136.579633551639
901.15,136.15481832,136.09083026465,136.108118561477,136.108118561477,136.107736780612,137.334,137.3148208489,136.57421875,136.579630618516
901.2,136.15476528,136.090820039322,136.108081172744,136.108081172744,136.107700496481,137.334,137.314856537983,136.57421875,136.579627685394
901.25,136.15471088,136.090809813994,136.108043784011,136.108043784011,136.10766421235,137.334,137.314892227066,136.57421875,136.579624752272
901.3,136.15465784,136.090799588666,136.108006395278,136.108006395278,136.107627928219,137.334,137.314927916148,136.57421875,136.579621819149
901.35,136.15460344,136.090789363338,136.107969006545,136.107969006545,136.107591644087,137.334,137.314963605231,136.57421875,136.579618886027
901.4,136.1545504,136.09077913801,136.107931617812,136.107931617812,136.107555359956,137.334,137.314999294314,136.57421875,136.579615952905
901.45,136.154496,136.090768912682,136.107894229079,136.107894229079,136.107519075825,137.334,137.315034983396,136.57421875,136.579613019782
901.5,136.1544416,136.090758687354,136.107856840346,136.107856840346,136.107482791694,137.334,137.315070672479,136.57421875,136.57961008666
901.55,136.15438856,136.090748462026,136.107819451613,136.107819451613,136.107446507562,137.334,137.315106361561,136.57421875,136.579607153537
901.6,136.15433416,136.090738236698,136.10778206288,136.10778206288,136.107410223431,137.334,137.315142050644,136.57421875,136.579604220415
901.65,136.15428112,136.09072801137,136.107744674147,136.107744674147,136.1073739393,137.334,137.315177739727,136.57421875,136.579601287293
901.7,136.15422672,136.090717786042,136.107707285414,136.107707285414,136.107337655169,137.334,137.315213428809,136.57421875,136.57959835417
901.75,136.15417368,136.090707560714,136.107669896681,136.107669896681,136.107301371037,137.334,137.315249117892,136.57421875,136.579595421048
901.8,136.15411928,136.090697335386,136.107632507948,136.107632507948,136.107265086906,137.334,137.315284806975,136.57421875,136.579592487925
901.85,136.15406488,136.090687110058,136.107595119215,136.107595119215,136.107228802775,137.334,137.315320496057,136.57421875,136.579589554803
901.9,136.15401184,136.09067688473,136.107557730482,136.107557730482,136.107192518644,137.334,137.31535618514,136.57421875,136.579586621681
901.95,136.15395744,136.090666659402,136.107520341749,136.107520341749,136.107156234512,137.334,137.315391874222,136.57421875,136.579583688558
902,136.1539044,136.090656434073,136.107482953016,136.107482953016,136.107119950381,137.334,137.315427563305,136.57421875,136.579580755436
902.05,136.15385,136.090646208745,136.107445564283,136.107445564283,136.10708366625,137.334,137.315463252388,136.57421875,136.579577822314
902.1,136.15379696,136.090635983417,136.10740817555,136.10740817555,136.107047382119,137.334,137.31549894147,136.57421875,136.579574889191
902.15,136.15374256,136.090625758089,136.107370786817,136.107370786817,136.107011097987,137.334,137.315534630553,136.57421875,136.579571956069
902.2,136.15368816,136.090615532761,136.107333398084,136.107333398084,136.106974813856,137.334,137.315570319636,136.57421875,136.579569022946
902.25,136.15363512,136.090605307433,136.107296009351,136.107296009351,136.106938529725,137.334,137.315606008718,136.57421875,136.579566089824
902.3,136.15358072,136.090595082105,136.107258620618,136.107258620618,136.106902245594,137.334,137.315641697801,136.57421875,136.579563156702
902.35,136.15352768,136.090584856777,136.107221231885,136.107221231885,136.106865961463,137.334,137.315677386883,136.57421875,136.579560223579
902.4,136.15347328,136.090574631449,136.107183843152,136.107183843152,136.106829677331,137.334,137.315713075966,136.57421875,136.579557290457
902.45,136.15342024,136.090564406121,136.107146454419,136.107146454419,136.1067933932,137.334,137.315748765049,136.57421875,136.579554357335
902.5,136.15336584,136.090554180793,136.107109065686,136.107109065686,136.106757109069,137.334,137.315784454131,136.57421875,136.579551424212
902.55,136.15331144,136.090543955465,136.107071676953,136.107071676953,136.106720824938,137.334,137.315820143214,136.57421875,136.57954849109
902.6,136.1532584,136.090533730137,136.10703428822,136.10703428822,136.106684540806,137.334,137.315855832297,136.57421875,136.579545557967
902.65,136.153204,136.090523504809,136.106996899487,136.106996899487,136.106648256675,137.334,137.315891521379,136.57421875,136.579542624845
902.7,136.15315096,136.090513279481,136.106959510754,136.106959510754,136.106611972544,137.334,137.315927210462,136.57421875,136.579539691723
902.75,136.15309656,136.090503054153,136.106922122021,136.106922122021,136.106575688413,137.334,137.315962899544,136.57421875,136.5795367586
902.8,136.15304352,136.090492828825,136.106884733288,136.106884733288,136.106539404281,137.334,137.315998588627,136.57421875,136.579533825478
902.85,136.15298912,136.090482603497,136.106847344555,136.106847344555,136.10650312015,137.334,137.31603427771,136.57421875,136.579530892355
902.9,136.15293472,136.090472378169,136.106809955822,136.106809955822,136.106466836019,137.334,137.316069966792,136.57421875,136.579527959233
902.95,136.15288168,136.090462152841,136.106772567089,136.106772567089,136.106430551888,137.334,137.316105655875,136.57421875,136.579525026111
903,136.15282728,136.090451927513,136.106735178356,136.106735178356,136.106394267756,137.334,137.316141344958,136.57421875,136.579522092988
903.05,136.15277424,136.090441702184,136.106697789623,136.106697789623,136.106357983625,137.334,137.31617703404,136.57421875,136.579519159866
903.1,136.15271984,136.090431476856,136.10666040089,136.10666040089,136.106321699494,137.334,137.316212723123,136.57421875,136.579516226744
903.15,136.1526668,136.090421251528,136.106623012157,136.106623012157,136.106285415363,137.334,137.316248412205,136.57421875,136.579513293621
903.2,136.1526124,136.0904110262,136.106585623424,136.106585623424,136.106249131231,137.334,137.316284101288,136.57421875,136.579510360499
903.25,136.152558,136.090400800872,136.106548234691,136.106548234691,136.1062128471,137.334,137.316319790371,136.57421875,136.579507427376
903.3,136.15250496,136.090390575544,136.106510845958,136.106510845958,136.106176562969,137.334,137.316355479453,136.57421875,136.579504494254
903.35,136.15245056,136.090380350216,136.106473457225,136.106473457225,136.106140278838,137.334,137.316391168536,136.57421875,136.579501561132
903.4,136.15239752,136.090370124888,136.106436068492,136.106436068492,136.106103994706,137.334,137.316426857619,136.57421875,136.579498628009
903.45,136.15234312,136.09035989956,136.106398679759,136.106398679759,136.106067710575,137.334,137.316462546701,136.57421875,136.579495694887
903.5,136.15229008,136.090349674232,136.106361291026,136.106361291026,136.106031426444,137.334,137.316498235784,136.57421875,136.579492761764
903.55,136.15223568,136.090339448904,136.106323902293,136.106323902293,136.105995142313,137.334,137.316533924866,136.57421875,136.579489828642
903.6,136.15218128,136.090329223576,136.10628651356,136.10628651356,136.105958858181,137.334,137.316569613949,136.57421875,136.57948689552
903.65,136.15212824,136.090318998248,136.106249124827,136.106249124827,136.10592257405,137.334,137.316605303032,136.57421875,136.579483962397
903.7,136.15207384,136.09030877292,136.106211736094,136.106211736094,136.105886289919,137.334,137.316640992114,136.57421875,136.579481029275
903.75,136.1520208,136.090298547592,136.106174347361,136.106174347361,136.105850005788,137.334,137.316676681197,136.57421875,136.579478096153
903.8,136.1519664,136.090288322264,136.106136958628,136.106136958628,136.105813721657,137.334,137.31671237028,136.57421875,136.57947516303
903.85,136.15191336,136.090278096936,136.106099569895,136.106099569895,136.105777437525,137.334,137.316748059362,136.57421875,136.579472229908
903.9,136.15185896,136.090267871608,136.106062181162,136.106062181162,136.105741153394,137.334,137.316783748445,136.57421875,136.579469296785
903.95,136.15180456,136.09025764628,136.106024792429,136.106024792429,136.105704869263,137.334,137.316819437527,136.57421875,136.579466363663
904,136.15175152,136.090247420952,136.105987403696,136.105987403696,136.105668585132,137.334,137.31685512661,136.57421875,136.579463430541
904.05,136.15169712,136.090237195624,136.105950014963,136.105950014963,136.105632301,137.334,137.316890815693,136.57421875,136.579460497418
904.1,136.15164408,136.090226970295,136.10591262623,136.10591262623,136.105596016869,137.334,137.316926504775,136.57421875,136.579457564296
904.15,136.15158968,136.090216744967,136.105875237497,136.105875237497,136.105559732738,137.334,137.316962193858,136.57421875,136.579454631174
904.2,136.15153664,136.090206519639,136.105837848764,136.105837848764,136.105523448607,137.334,137.316997882941,136.57421875,136.579451698051
904.25,136.15148224,136.090196294311,136.105800460031,136.105800460031,136.105487164475,137.334,137.317033572023,136.57421875,136.579448764929
904.3,136.15142784,136.090186068983,136.105763071298,136.105763071298,136.105450880344,137.334,137.317069261106,136.57421875,136.579445831806
904.35,136.1513748,136.090175843655,136.105725682565,136.105725682565,136.105414596213,137.334,137.317104950188,136.57421875,136.579442898684
904.4,136.1513204,136.090165618327,136.105688293832,136.105688293832,136.105378312082,137.334,137.317140639271,136.57421875,136.579439965562
904.45,136.15126736,136.090155392999,136.1056509051,136.1056509051,136.10534202795,137.334,137.317176328354,136.57421875,136.579437032439
904.5,136.15121296,136.090145167671,136.105613516367,136.105613516367,136.105305743819,137.334,137.317212017436,136.57421875,136.579434099317
904.55,136.15115856,136.090134942343,136.105576127634,136.105576127634,136.105269459688,137.334,137.317247706519,136.57421875,136.579431166194
904.6,136.15110552,136.090124717015,136.105538738901,136.105538738901,136.105233175557,137.334,137.317283395602,136.57421875,136.579428233072
904.65,136.15105112,136.090114491687,136.105501350168,136.105501350168,136.105196891425,137.334,137.317319084684,136.57421875,136.57942529995
904.7,136.15099808,136.090104266359,136.105463961435,136.105463961435,136.105160607294,137.334,137.317354773767,136.57421875,136.579422366827
904.75,136.15094368,136.090094041031,136.105426572702,136.105426572702,136.105124323163,137.334,137.317390462849,136.57421875,136.579419433705
904.8,136.15089064,136.090083815703,136.105389183969,136.105389183969,136.105088039032,137.334,137.317426151932,136.57421875,136.579416500583
904.85,136.15083624,136.090073590375,136.105351795236,136.105351795236,136.1050517549,137.334,137.317461841015,136.57421875,136.57941356746
904.9,136.15078184,136.090063365047,136.105314406503,136.105314406503,136.105015470769,137.334,137.317497530097,136.57421875,136.579410634338
904.95,136.1507288,136.090053139719,136.10527701777,136.10527701777,136.104979186638,137.334,137.31753321918,136.57421875,136.579407701215
905,136.1506744,136.090042914391,136.105239629037,136.105239629037,136.104942902507,137.3336875,137.317256408263,136.57421875,136.579404768093
905.05,136.15062136,136.090032689063,136.105202240304,136.105202240304,136.104906618376,137.3330625,137.316667097345,136.57421875,136.579401834971
905.1,136.15056696,136.090022463735,136.105164851571,136.105164851571,136.104870334244,137.3324375,137.316077786428,136.57421875,136.579398901848
905.15,136.15051392,136.090012238406,136.105127462838,136.105127462838,136.104834050113,137.3318125,137.31548847551,136.57421875,136.579395968726
905.2,136.15045952,136.090002013078,136.105090074105,136.105090074105,136.104797765982,137.3311875,137.314899164593,136.57421875,136.579393035604
905.25,136.15040512,136.08999178775,136.105052685372,136.105052685372,136.104761481851,137.3305625,137.314309853676,136.57421875,136.579390102481
905.3,136.15035208,136.089981562422,136.105015296639,136.105015296639,136.104725197719,137.3299375,137.313720542758,136.57421875,136.579387169359
905.35,136.15029768,136.089971337094,136.104977907906,136.104977907906,136.104688913588,137.3293125,137.313131231841,136.57421875,136.579384236236
905.4,136.15024464,136.089961111766,136.104940519173,136.104940519173,136.104652629457,137.3286875,137.312541920924,136.57421875,136.579381303114
905.45,136.15019024,136.089950886438,136.10490313044,136.10490313044,136.104616345326,137.3280625,137.311952610006,136.57421875,136.579378369992
905.5,136.1501372,136.08994066111,136.104865741707,136.104865741707,136.104580061194,137.3274375,137.311363299089,136.57421875,136.579375436869
905.55,136.1500828,136.089930435782,136.104828352974,136.104828352974,136.104543777063,137.3268125,137.310773988171,136.57421875,136.579372503747
905.6,136.1500284,136.089920210454,136.104790964241,136.104790964241,136.104507492932,137.3261875,137.310184677254,136.57421875,136.579369570624
905.65,136.14997536,136.089909985126,136.104753575508,136.104753575508,136.104471208801,137.3255625,137.309595366337,136.57421875,136.579366637502
905.7,136.14992096,136.089899759798,136.104716186775,136.104716186775,136.104434924669,137.3249375,137.309006055419,136.57421875,136.57936370438
905.75,136.14986792,136.08988953447,136.104678798042,136.104678798042,136.104398640538,137.3243125,137.308416744502,136.57421875,136.579360771257
905.8,136.14981352,136.089879309142,136.104641409309,136.104641409309,136.104362356407,137.3236875,137.307827433585,136.57421875,136.579357838135
905.85,136.14976048,136.089869083814,136.104604020576,136.104604020576,136.104326072276,137.3230625,137.307238122667,136.57421875,136.579354905013
905.9,136.14970608,136.089858858486,136.104566631843,136.104566631843,136.104289788144,137.3224375,137.30664881175,136.57421875,136.57935197189
905.95,136.14965168,136.089848633158,136.10452924311,136.10452924311,136.104253504013,137.3218125,137.306059500832,136.57421875,136.579349038768
906,136.14959864,136.08983840783,136.104491854377,136.104491854377,136.104217219882,137.3211875,137.305470189915,136.57421875,136.579346105645
906.05,136.14954424,136.089828182502,136.104454465644,136.104454465644,136.104180935751,137.3205625,137.304880878998,136.57421875,136.579343172523
906.1,136.1494912,136.089817957174,136.104417076911,136.104417076911,136.104144651619,137.3199375,137.30429156808,136.57421875,136.579340239401
906.15,136.1494368,136.089807731846,136.104379688178,136.104379688178,136.104108367488,137.3193125,137.303702257163,136.57421875,136.579337306278
906.2,136.14938376,136.089797506517,136.104342299445,136.104342299445,136.104072083357,137.3186875,137.303112946246,136.57421875,136.579334373156
906.25,136.14932936,136.089787281189,136.104304910712,136.104304910712,136.104035799226,137.3180625,137.302523635328,136.57421875,136.579331440033
906.3,136.14927496,136.089777055861,136.104267521979,136.104267521979,136.103999515094,137.3174375,137.301934324411,136.57421875,136.579328506911
906.35,136.14922192,136.089766830533,136.104230133246,136.104230133246,136.103963230963,137.3168125,137.301345013493,136.57421875,136.579325573789
906.4,136.14916752,136.089756605205,136.104192744513,136.104192744513,136.103926946832,137.3161875,137.300755702576,136.57421875,136.579322640666
906.45,136.14911448,136.089746379877,136.10415535578,136.10415535578,136.103890662701,137.3155625,137.300166391659,136.57421875,136.579319707544
906.5,136.14906008,136.089736154549,136.104117967047,136.104117967047,136.10385437857,137.3149375,137.299577080741,136.57421875,136.579316774422
906.55,136.14900704,136.089725929221,136.104080578314,136.104080578314,136.103818094438,137.3143125,137.298987769824,136.57421875,136.579313841299
906.6,136.14895264,136.089715703893,136.104043189581,136.104043189581,136.103781810307,137.3136875,137.298398458907,136.57421875,136.579310908177
906.65,136.14889824,136.089705478565,136.104005800848,136.104005800848,136.103745526176,137.3130625,137.297809147989,136.57421875,136.579307975054
906.7,136.1488452,136.089695253237,136.103968412115,136.103968412115,136.103709242045,137.3124375,137.297219837072,136.57421875,136.579305041932
906.75,136.1487908,136.089685027909,136.103931023382,136.103931023382,136.103672957913,137.3118125,137.296630526154,136.57421875,136.57930210881
906.8,136.14873776,136.089674802581,136.103893634649,136.103893634649,136.103636673782,137.3111875,137.296041215237,136.57421875,136.579299175687
906.85,136.14868336,136.089664577253,136.103856245916,136.103856245916,136.103600389651,137.3105625,137.29545190432,136.57421875,136.579296242565
906.9,136.14863032,136.089654351925,136.103818857183,136.103818857183,136.10356410552,137.3099375,137.294862593402,136.57421875,136.579293309443
906.95,136.14857592,136.089644126597,136.10378146845,136.10378146845,136.103527821388,137.3093125,137.294273282485,136.57421875,136.57929037632
907,136.14852152,136.089633901269,136.103744079717,136.103744079717,136.103491537257,137.30495,137.289946471568,136.57421875,136.579287443198
907.05,136.14846848,136.089623675941,136.103706690984,136.103706690984,136.103455253126,137.29685,137.28188216065,136.57421875,136.579284510075
907.1,136.14841408,136.089613450613,136.103669302251,136.103669302251,136.103418968995,137.28875,137.273817849733,136.57421875,136.579281576953
907.15,136.14836104,136.089603225285,136.103631913518,136.103631913518,136.103382684863,137.28065,137.265753538815,136.57421875,136.579278643831
907.2,136.14830664,136.089592999957,136.103594524785,136.103594524785,136.103346400732,137.27255,137.257689227898,136.57421875,136.579275710708
907.25,136.1482536,136.089582774628,136.103557136052,136.103557136052,136.103310116601,137.26445,137.249624916981,136.57421875,136.579272777586
907.3,136.1481992,136.0895725493,136.103519747319,136.103519747319,136.10327383247,137.25635,137.241560606063,136.57421875,136.579269844463
907.35,136.1481448,136.089562323972,136.103482358586,136.103482358586,136.103237548338,137.24825,137.233496295146,136.57421875,136.579266911341
907.4,136.14809176,136.089552098644,136.103444969853,136.103444969853,136.103201264207,137.24015,137.225431984229,136.57421875,136.579263978219
907.45,136.14803736,136.089541873316,136.10340758112,136.10340758112,136.103164980076,137.23205,137.217367673311,136.57421875,136.579261045096
907.5,136.14798432,136.089531647988,136.103370192387,136.103370192387,136.103128695945,137.22395,137.209303362394,136.57421875,136.579258111974
907.55,136.14792992,136.08952142266,136.103332803654,136.103332803654,136.103092411813,137.21585,137.201239051476,136.57421875,136.579255178852
907.6,136.14787688,136.089511197332,136.103295414921,136.103295414921,136.103056127682,137.20775,137.193174740559,136.57421875,136.579252245729
907.65,136.14782248,136.089500972004,136.103258026188,136.103258026188,136.103019843551,137.19965,137.185110429642,136.57421875,136.579249312607
907.7,136.14776808,136.089490746676,136.103220637455,136.103220637455,136.10298355942,137.19155,137.177046118724,136.57421875,136.579246379484
907.75,136.14771504,136.089480521348,136.103183248722,136.103183248722,136.102947275288,137.18345,137.168981807807,136.57421875,136.579243446362
907.8,136.14766064,136.08947029602,136.103145859989,136.103145859989,136.102910991157,137.17535,137.16091749689,136.57421875,136.57924051324
907.85,136.1476076,136.089460070692,136.103108471256,136.103108471256,136.102874707026,137.16725,137.152853185972,136.57421875,136.579237580117
907.9,136.1475532,136.089449845364,136.103071082523,136.103071082523,136.102838422895,137.15915,137.144788875055,136.57421875,136.579234646995
907.95,136.14750016,136.089439620036,136.10303369379,136.10303369379,136.102802138764,137.15105,137.136724564137,136.57421875,136.579231713873
908,136.14744576,136.089429394708,136.102996305057,136.102996305057,136.102765854632,137.146,137.13171025322,136.57421875,136.57922878075
908.05,136.14739136,136.08941916938,136.102958916324,136.102958916324,136.102729570501,137.144,137.129745942303,136.57421875,136.579225847628
908.1,136.14733832,136.089408944052,136.102921527591,136.102921527591,136.10269328637,137.142,137.127781631385,136.57421875,136.579222914505
908.15,136.14728392,136.089398718724,136.102884138858,136.102884138858,136.102657002239,137.14,137.125817320468,136.57421875,136.579219981383
908.2,136.14723088,136.089388493396,136.102846750125,136.102846750125,136.102620718107,137.138,137.123853009551,136.57421875,136.579217048261
908.25,136.14717648,136.089378268068,136.102809361392,136.102809361392,136.102584433976,137.136,137.121888698633,136.57421875,136.579214115138
908.3,136.14712344,136.08936804274,136.102771972659,136.102771972659,136.102548149845,137.134,137.119924387716,136.57421875,136.579211182016
908.35,136.14706904,136.089357817411,136.102734583926,136.102734583926,136.102511865714,137.132,137.117960076798,136.57421875,136.579208248893
908.4,136.14701464,136.089347592083,136.102697195193,136.102697195193,136.102475581582,137.13,137.115995765881,136.57421875,136.579205315771
908.45,136.1469616,136.089337366755,136.10265980646,136.10265980646,136.102439297451,137.128,137.114031454964,136.57421875,136.579202382649
908.5,136.1469072,136.089327141427,136.102622417727,136.102622417727,136.10240301332,137.126,137.112067144046,136.57421875,136.579199449526
908.55,136.14685416,136.089316916099,136.102585028994,136.102585028994,136.102366729189,137.124,137.110102833129,136.57421875,136.579196516404
908.6,136.14679976,136.089306690771,136.102547640261,136.102547640261,136.102330445057,137.122,137.108138522212,136.57421875,136.579193583282
908.65,136.14674672,136.089296465443,136.102510251528,136.102510251528,136.102294160926,137.12,137.106174211294,136.57421875,136.579190650159
908.7,136.14669232,136.089286240115,136.102472862795,136.102472862795,136.102257876795,137.118,137.104209900377,136.57421875,136.579187717037
908.75,136.14663792,136.089276014787,136.102435474062,136.102435474062,136.102221592664,137.116,137.102245589459,136.57421875,136.579184783914
908.8,136.14658488,136.089265789459,136.102398085329,136.102398085329,136.102185308532,137.114,137.100281278542,136.57421875,136.579181850792
908.85,136.14653048,136.089255564131,136.102360696596,136.102360696596,136.102149024401,137.112,137.098316967625,136.57421875,136.57917891767
908.9,136.14647744,136.089245338803,136.102323307863,136.102323307863,136.10211274027,137.11,137.096352656707,136.57421875,136.579175984547
908.95,136.14642304,136.089235113475,136.10228591913,136.10228591913,136.102076456139,137.108,137.09438834579,136.57421875,136.579173051425
909,136.14637,136.089224888147,136.102248530397,136.102248530397,136.102040172007,137.106325,137.092749034873,136.57421875,136.579170118302
909.05,136.1463156,136.089214662819,136.102211141664,136.102211141664,136.102003887876,137.104975,137.091434723955,136.57421875,136.57916718518
909.1,136.1462612,136.089204437491,136.102173752931,136.102173752931,136.101967603745,137.103625,137.090120413038,136.57421875,136.579164252058
909.15,136.14620816,136.089194212163,136.102136364198,136.102136364198,136.101931319614,137.102275,137.08880610212,136.57421875,136.579161318935
909.2,136.14615376,136.089183986835,136.102098975465,136.102098975465,136.101895035482,137.100925,137.087491791203,136.57421875,136.579158385813
909.25,136.14610072,136.089173761507,136.102061586732,136.102061586732,136.101858751351,137.099575,137.086177480286,136.57421875,136.579155452691
909.3,136.14604632,136.089163536179,136.102024197999,136.102024197999,136.10182246722,137.098225,137.084863169368,136.57421875,136.579152519568
909.35,136.14599328,136.089153310851,136.101986809266,136.101986809266,136.101786183089,137.096875,137.083548858451,136.57421875,136.579149586446
909.4,136.14593888,136.089143085522,136.101949420533,136.101949420533,136.101749898958,137.095525,137.082234547534,136.57421875,136.579146653323
909.45,136.14588448,136.089132860194,136.1019120318,136.1019120318,136.101713614826,137.094175,137.080920236616,136.57421875,136.579143720201
909.5,136.14583144,136.089122634866,136.101874643067,136.101874643067,136.101677330695,137.092825,137.079605925699,136.57421875,136.579140787079
909.55,136.14577704,136.089112409538,136.101837254334,136.101837254334,136.101641046564,137.091475,137.078291614781,136.57421875,136.579137853956
909.6,136.145724,136.08910218421,136.101799865601,136.101799865601,136.101604762433,137.090125,137.076977303864,136.57421875,136.579134920834
909.65,136.1456696,136.089091958882,136.101762476868,136.101762476868,136.101568478301,137.088775,137.075662992947,136.57421875,136.579131987712
909.7,136.14561656,136.089081733554,136.101725088135,136.101725088135,136.10153219417,137.087425,137.074348682029,136.57421875,136.579129054589
909.75,136.14556216,136.089071508226,136.101687699402,136.101687699402,136.101495910039,137.086075,137.073034371112,136.57421875,136.579126121467
909.8,136.14550776,136.089061282898,136.101650310669,136.101650310669,136.101459625908,137.084725,137.071720060195,136.57421875,136.579123188344
909.85,136.14545472,136.08905105757,136.101612921936,136.101612921936,136.101423341776,137.083375,137.070405749277,136.57421875,136.579120255222
909.9,136.14540032,136.089040832242,136.101575533203,136.101575533203,136.101387057645,137.082025,137.06909143836,136.57421875,136.5791173221
909.95,136.14534728,136.089030606914,136.10153814447,136.10153814447,136.101350773514,137.080675,137.067777127442,136.57421875,136.579114388977
910,136.14529288,136.089020381586,136.101500755737,136.101500755737,136.101314489383,137.08,137.067137816525,136.57421875,136.579111455855
910.05,136.14523984,136.089018102267,136.101463971214,136.101463971214,136.101278576812,137.08,137.067179344816,136.57421875,136.579109199395
910.1,136.14518544,136.089015822949,136.101427186691,136.101427186691,136.101242664241,137.08,137.067220873106,136.57421875,136.579106942935
910.15,136.14513104,136.089013543631,136.101390402168,136.101390402168,136.10120675167,137.08,137.067262401396,136.57421875,136.579104686476
910.2,136.145078,136.089011264312,136.101353617644,136.101353617644,136.101170839099,137.08,137.067303929687,136.57421875,136.579102430016
910.25,136.1450236,136.089008984994,136.101316833121,136.101316833121,136.101134926528,137.08,137.067345457977,136.57421875,136.579100173556
910.3,136.14497056,136.089006705675,136.101280048598,136.101280048598,136.101099013957,137.08,137.067386986268,136.57421875,136.579097917097
910.35,136.14491616,136.089004426357,136.101243264075,136.101243264075,136.101063101386,137.08,137.067428514558,136.57421875,136.579095660637
910.4,136.14486312,136.089002147038,136.101206479552,136.101206479552,136.101027188815,137.08,137.067470042849,136.57421875,136.579093404177
910.45,136.14480872,136.08899986772,136.101169695028,136.101169695028,136.100991276244,137.08,137.067511571139,136.57421875,136.579091147718
910.5,136.14475432,136.088997588402,136.101132910505,136.101132910505,136.100955363673,137.08,137.067553099429,136.57421875,136.579088891258
910.55,136.14470128,136.088995309083,136.101096125982,136.101096125982,136.100919451102,137.08,137.06759462772,136.57421875,136.579086634798
910.6,136.14464688,136.088993029765,136.101059341459,136.101059341459,136.100883538531,137.08,137.06763615601,136.57421875,136.579084378339
910.65,136.14459384,136.088990750446,136.101022556935,136.101022556935,136.10084762596,137.08,137.067677684301,136.57421875,136.579082121879
910.7,136.14453944,136.088988471128,136.100985772412,136.100985772412,136.100811713389,137.08,137.067719212591,136.57421875,136.579079865419
910.75,136.1444864,136.088986191809,136.100948987889,136.100948987889,136.100775800818,137.08,137.067760740882,136.57421875,136.579077608959
910.8,136.144432,136.088983912491,136.100912203366,136.100912203366,136.100739888247,137.08,137.067802269172,136.57421875,136.5790753525
910.85,136.1443776,136.088981633172,136.100875418843,136.100875418843,136.100703975676,137.08,137.067843797463,136.57421875,136.57907309604
910.9,136.14432456,136.088979353854,136.100838634319,136.100838634319,136.100668063105,137.08,137.067885325753,136.57421875,136.57907083958
910.95,136.14427016,136.088977074536,136.100801849796,136.100801849796,136.100632150534,137.08,137.067926854043,136.57421875,136.579068583121
911,136.14421712,136.088974795217,136.100765065273,136.100765065273,136.100596237963,137.08,137.067968382334,136.57421875,136.579066326661
911.05,136.14416272,136.088972515899,136.10072828075,136.10072828075,136.100560325392,137.08,137.068009910624,136.57421875,136.579064070201
911.1,136.14410832,136.08897023658,136.100691496226,136.100691496226,136.100524412821,137.08,137.068051438915,136.57421875,136.579061813742
911.15,136.14405528,136.088967957262,136.100654711703,136.100654711703,136.10048850025,137.08,137.068092967205,136.57421875,136.579059557282
911.2,136.14400088,136.088965677943,136.10061792718,136.10061792718,136.100452587679,137.08,137.068134495496,136.57421875,136.579057300822
911.25,136.14394784,136.088963398625,136.100581142657,136.100581142657,136.100416675108,137.08,137.068176023786,136.57421875,136.579055044362
911.3,136.14389344,136.088961119306,136.100544358134,136.100544358134,136.100380762537,137.08,137.068217552077,136.57421875,136.579052787903
911.35,136.1438404,136.088958839988,136.10050757361,136.10050757361,136.100344849966,137.08,137.068259080367,136.57421875,136.579050531443
911.4,136.143786,136.08895656067,136.100470789087,136.100470789087,136.100308937395,137.08,137.068300608657,136.57421875,136.579048274983
911.45,136.1437316,136.088954281351,136.100434004564,136.100434004564,136.100273024824,137.08,137.068342136948,136.57421875,136.579046018524
911.5,136.14367856,136.088952002033,136.100397220041,136.100397220041,136.100237112253,137.08,137.068383665238,136.57421875,136.579043762064
911.55,136.14362416,136.088949722714,136.100360435517,136.100360435517,136.100201199682,137.08,137.068425193529,136.57421875,136.579041505604
911.6,136.14357112,136.088947443396,136.100323650994,136.100323650994,136.100165287111,137.08,137.068466721819,136.57421875,136.579039249145
911.65,136.14351672,136.088945164077,136.100286866471,136.100286866471,136.10012937454,137.08,137.06850825011,136.57421875,136.579036992685
911.7,136.14346368,136.088942884759,136.100250081948,136.100250081948,136.100093461969,137.08,137.0685497784,136.57421875,136.579034736225
911.75,136.14340928,136.088940605441,136.100213297425,136.100213297425,136.100057549398,137.08,137.068591306691,136.57421875,136.579032479765
911.8,136.14335488,136.088938326122,136.100176512901,136.100176512901,136.100021636827,137.08,137.068632834981,136.57421875,136.579030223306
911.85,136.14330184,136.088936046804,136.100139728378,136.100139728378,136.099985724256,137.08,137.068674363271,136.57421875,136.579027966846
911.9,136.14324744,136.088933767485,136.100102943855,136.100102943855,136.099949811685,137.08,137.068715891562,136.57421875,136.579025710386
911.95,136.1431944,136.088931488167,136.100066159332,136.100066159332,136.099913899114,137.08,137.068757419852,136.57421875,136.579023453927
912,136.14314,136.088929208848,136.100029374808,136.100029374808,136.099877986543,137.07965,137.068448948143,136.57421875,136.579021197467
912.05,136.14308696,136.08892692953,136.099992590285,136.099992590285,136.099842073972,137.07895,137.067790476433,136.57421875,136.579018941007
912.1,136.14303256,136.088924650211,136.099955805762,136.099955805762,136.099806161401,137.07825,137.067132004724,136.57421875,136.579016684548
912.15,136.14297816,136.088922370893,136.099919021239,136.099919021239,136.09977024883,137.07755,137.066473533014,136.57421875,136.579014428088
912.2,136.14292512,136.088920091575,136.099882236716,136.099882236716,136.099734336259,137.07685,137.065815061305,136.57421875,136.579012171628
912.25,136.14287072,136.088917812256,136.099845452192,136.099845452192,136.099698423688,137.07615,137.065156589595,136.57421875,136.579009915168
912.3,136.14281768,136.088915532938,136.099808667669,136.099808667669,136.099662511117,137.07545,137.064498117885,136.57421875,136.579007658709
912.35,136.14276328,136.088913253619,136.099771883146,136.099771883146,136.099626598546,137.07475,137.063839646176,136.57421875,136.579005402249
912.4,136.14271024,136.088910974301,136.099735098623,136.099735098623,136.099590685975,137.07405,137.063181174466,136.57421875,136.579003145789
912.45,136.14265584,136.088908694982,136.099698314099,136.099698314099,136.099554773404,137.07335,137.062522702757,136.57421875,136.57900088933
912.5,136.14260144,136.088906415664,136.099661529576,136.099661529576,136.099518860833,137.07265,137.061864231047,136.57421875,136.57899863287
912.55,136.1425484,136.088904136345,136.099624745053,136.099624745053,136.099482948262,137.07195,137.061205759338,136.57421875,136.57899637641
912.6,136.142494,136.088901857027,136.09958796053,136.09958796053,136.099447035691,137.07125,137.060547287628,136.57421875,136.578994119951
912.65,136.14244096,136.088899577709,136.099551176007,136.099551176007,136.09941112312,137.07055,137.059888815919,136.57421875,136.578991863491
912.7,136.14238656,136.08889729839,136.099514391483,136.099514391483,136.099375210549,137.06985,137.059230344209,136.57421875,136.578989607031
912.75,136.14233352,136.088895019072,136.09947760696,136.09947760696,136.099339297978,137.06915,137.058571872499,136.57421875,136.578987350571
912.8,136.14227912,136.088892739753,136.099440822437,136.099440822437,136.099303385407,137.06845,137.05791340079,136.57421875,136.578985094112
912.85,136.14222472,136.088890460435,136.099404037914,136.099404037914,136.099267472836,137.06775,137.05725492908,136.57421875,136.578982837652
912.9,136.14217168,136.088888181116,136.09936725339,136.09936725339,136.099231560265,137.06705,137.056596457371,136.57421875,136.578980581192
912.95,136.14211728,136.088885901798,136.099330468867,136.099330468867,136.099195647694,137.06635,137.055937985661,136.57421875,136.578978324733
913,136.14206424,136.08888362248,136.099293684344,136.099293684344,136.099159735123,137.066,137.055629513952,136.574133300781,136.578890619054
913.05,136.14200984,136.088881343161,136.099256899821,136.099256899821,136.099123822552,137.066,137.055671042242,136.573962402344,136.578717464157
913.1,136.1419568,136.088879063843,136.099220115298,136.099220115298,136.099087909981,137.066,137.055712570533,136.573791503906,136.57854430926
913.15,136.1419024,136.088876784524,136.099183330774,136.099183330774,136.09905199741,137.066,137.055754098823,136.573620605469,136.578371154363
913.2,136.141848,136.088874505206,136.099146546251,136.099146546251,136.099016084839,137.066,137.055795627113,136.573449707031,136.578197999465
913.25,136.14179496,136.088872225887,136.099109761728,136.099109761728,136.098980172268,137.066,137.055837155404,136.573278808594,136.578024844568
913.3,136.14174056,136.088869946569,136.099072977205,136.099072977205,136.098944259697,137.066,137.055878683694,136.573107910156,136.577851689671
913.35,136.14168752,136.08886766725,136.099036192681,136.099036192681,136.098908347126,137.066,137.055920211985,136.572937011719,136.577678534774
913.4,136.14163312,136.088865387932,136.098999408158,136.098999408158,136.098872434555,137.066,137.055961740275,136.572766113281,136.577505379877
913.45,136.14158008,136.088863108614,136.098962623635,136.098962623635,136.098836521984,137.066,137.056003268566,136.572595214844,136.577332224979
913.5,136.14152568,136.088860829295,136.098925839112,136.098925839112,136.098800609413,137.066,137.056044796856,136.572424316406,136.577159070082
913.55,136.14147128,136.088858549977,136.098889054589,136.098889054589,136.098764696842,137.066,137.056086325146,136.572253417969,136.576985915185
913.6,136.14141824,136.088856270658,136.098852270065,136.098852270065,136.098728784271,137.066,137.056127853437,136.572082519531,136.576812760288
913.65,136.14136384,136.08885399134,136.098815485542,136.098815485542,136.0986928717,137.066,137.056169381727,136.571911621094,136.576639605391
913.7,136.1413108,136.088851712021,136.098778701019,136.098778701019,136.098656959129,137.066,137.056210910018,136.571740722656,136.576466450493
913.75,136.1412564,136.088849432703,136.098741916496,136.098741916496,136.098621046559,137.066,137.056252438308,136.571569824219,136.576293295596
913.8,136.14120336,136.088847153385,136.098705131973,136.098705131973,136.098585133988,137.066,137.056293966599,136.571398925781,136.576120140699
913.85,136.14114896,136.088844874066,136.098668347449,136.098668347449,136.098549221417,137.066,137.056335494889,136.571228027344,136.575946985802
913.9,136.14109456,136.088842594748,136.098631562926,136.098631562926,136.098513308846,137.066,137.05637702318,136.571057128906,136.575773830905
913.95,136.14104152,136.088840315429,136.098594778403,136.098594778403,136.098477396275,137.066,137.05641855147,136.570886230469,136.575600676007
914,136.14098712,136.088838036111,136.09855799388,136.09855799388,136.098441483704,137.0658,137.05626007976,136.570715332031,136.57542752111
914.05,136.14093408,136.088835756792,136.098521209356,136.098521209356,136.098405571133,137.0654,137.055901608051,136.570544433594,136.575254366213
914.1,136.14087968,136.088833477474,136.098484424833,136.098484424833,136.098369658562,137.065,137.055543136341,136.570373535156,136.575081211316
914.15,136.14082664,136.088831198155,136.09844764031,136.09844764031,136.098333745991,137.0646,137.055184664632,136.570202636719,136.574908056419
914.2,136.14077224,136.088828918837,136.098410855787,136.098410855787,136.09829783342,137.0642,137.054826192922,136.570031738281,136.574734901521
914.25,136.14071784,136.088826639519,136.098374071264,136.098374071264,136.098261920849,137.0638,137.054467721213,136.569860839844,136.574561746624
914.3,136.1406648,136.0888243602,136.09833728674,136.09833728674,136.098226008278,137.0634,137.054109249503,136.569689941406,136.574388591727
914.35,136.1406104,136.088822080882,136.098300502217,136.098300502217,136.098190095707,137.063,137.053750777794,136.569519042969,136.57421543683
914.4,136.14055736,136.088819801563,136.098263717694,136.098263717694,136.098154183136,137.0626,137.053392306084,136.569348144531,136.574042281933
914.45,136.14050296,136.088817522245,136.098226933171,136.098226933171,136.098118270565,137.0622,137.053033834374,136.569177246094,136.573869127035
914.5,136.14044992,136.088815242926,136.098190148647,136.098190148647,136.098082357994,137.0618,137.052675362665,136.569006347656,136.573695972138
914.55,136.14039552,136.088812963608,136.098153364124,136.098153364124,136.098046445423,137.0614,137.052316890955,136.568835449219,136.573522817241
914.6,136.14034112,136.088810684289,136.098116579601,136.098116579601,136.098010532852,137.061,137.051958419246,136.568664550781,136.573349662344
914.65,136.14028808,136.088808404971,136.098079795078,136.098079795078,136.097974620281,137.0606,137.051599947536,136.568493652344,136.573176507447
914.7,136.14023368,136.088806125653,136.098043010555,136.098043010555,136.09793870771,137.0602,137.051241475827,136.568322753906,136.57300335255
914.75,136.14018064,136.088803846334,136.098006226031,136.098006226031,136.097902795139,137.0598,137.050883004117,136.568151855469,136.572830197652
914.8,136.14012624,136.088801567016,136.097969441508,136.097969441508,136.097866882568,137.0594,137.050524532408,136.567980957031,136.572657042755
914.85,136.1400732,136.088799287697,136.097932656985,136.097932656985,136.097830969997,137.059,137.050166060698,136.567810058594,136.572483887858
914.9,136.1400188,136.088797008379,136.097895872462,136.097895872462,136.097795057426,137.0586,137.049807588988,136.567639160156,136.572310732961
914.95,136.1399644,136.08879472906,136.097859087938,136.097859087938,136.097759144855,137.0582,137.049449117279,136.567468261719,136.572137578064
915,136.13991136,136.088792449742,136.097822303415,136.097822303415,136.097723232284,137.057975,137.049265645569,136.567297363281,136.571964423166
915.05,136.13985696,136.088790170424,136.097785518892,136.097785518892,136.097687319713,137.057925,137.04925717386,136.567126464844,136.571791268269
915.1,136.13980392,136.088787891105,136.097748734369,136.097748734369,136.097651407142,137.057875,137.04924870215,136.566955566406,136.571618113372
915.15,136.13974952,136.088785611787,136.097711949846,136.097711949846,136.097615494571,137.057825,137.049240230441,136.566784667969,136.571444958475
915.2,136.13969648,136.088783332468,136.097675165322,136.097675165322,136.097579582,137.057775,137.049231758731,136.566613769531,136.571271803578
915.25,136.13964208,136.08878105315,136.097638380799,136.097638380799,136.097543669429,137.057725,137.049223287022,136.566442871094,136.57109864868
915.3,136.13958768,136.088778773831,136.097601596276,136.097601596276,136.097507756858,137.057675,137.049214815312,136.566271972656,136.570925493783
915.35,136.13953464,136.088776494513,136.097564811753,136.097564811753,136.097471844287,137.057625,137.049206343602,136.566101074219,136.570752338886
915.4,136.13948024,136.088774215194,136.097528027229,136.097528027229,136.097435931716,137.057575,137.049197871893,136.565930175781,136.570579183989
915.45,136.1394272,136.088771935876,136.097491242706,136.097491242706,136.097400019145,137.057525,137.049189400183,136.565759277344,136.570406029092
915.5,136.1393728,136.088769656558,136.097454458183,136.097454458183,136.097364106574,137.057475,137.049180928474,136.565588378906,136.570232874194
915.55,136.13931976,136.088767377239,136.09741767366,136.09741767366,136.097328194003,137.057425,137.049172456764,136.565417480469,136.570059719297
915.6,136.13926536,136.088765097921,136.097380889137,136.097380889137,136.097292281432,137.057375,137.049163985055,136.565246582031,136.5698865644
915.65,136.13921096,136.088762818602,136.097344104613,136.097344104613,136.097256368861,137.057325,137.049155513345,136.565075683594,136.569713409503
915.7,136.13915792,136.088760539284,136.09730732009,136.09730732009,136.09722045629,137.057275,137.049147041636,136.564904785156,136.569540254606
915.75,136.13912936,136.088758259965,136.097270535567,136.097270535567,136.097184543719,137.057225,137.049138569926,136.564733886719,136.569367099708
915.8,136.139128,136.088755980647,136.097233751044,136.097233751044,136.097148631148,137.057175,137.049130098216,136.564562988281,136.569193944811
915.85,136.139128,136.088753701328,136.09719696652,136.09719696652,136.097112718577,137.057125,137.049121626507,136.564392089844,136.569020789914
915.9,136.139128,136.08875142201,136.097160181997,136.097160181997,136.097076806006,137.057075,137.049113154797,136.564221191406,136.568847635017
915.95,136.139128,136.088749142692,136.097123397474,136.097123397474,136.097040893435,137.057025,137.049104683088,136.564050292969,136.56867448012
916,136.139128,136.088746863373,136.097086612951,136.097086612951,136.097004980864,136.99355,136.985671211378,136.563879394531,136.568501325222
916.05,136.139128,136.088744584055,136.097049828428,136.097049828428,136.096969068293,136.86665,136.858812739669,136.563708496094,136.568328170325
916.1,136.139128,136.088742304736,136.097013043904,136.097013043904,136.096933155722,136.73975,136.731954267959,136.563537597656,136.568155015428
916.15,136.139128,136.088740025418,136.096976259381,136.096976259381,136.096897243151,136.61285,136.605095796249,136.563366699219,136.567981860531
916.2,136.139128,136.088737746099,136.096939474858,136.096939474858,136.09686133058,136.48595,136.47823732454,136.563195800781,136.567808705634
916.25,136.139128,136.088735466781,136.096902690335,136.096902690335,136.096825418009,136.35905,136.35137885283,136.563024902344,136.567635550736
916.3,136.139128,136.088733187463,136.096865905811,136.096865905811,136.096789505438,136.23215,136.224520381121,136.562854003906,136.567462395839
916.35,136.139128,136.088730908144,136.096829121288,136.096829121288,136.096753592867,136.10525,136.097661909411,136.562683105469,136.567289240942
916.4,136.139128,136.088728628826,136.096792336765,136.096792336765,136.096717680296,135.97835,135.970803437702,136.562512207031,136.567116086045
916.45,136.139128,136.088726349507,136.096755552242,136.096755552242,136.096681767725,135.85145,135.843944965992,136.562341308594,136.566942931148
916.5,136.139128,136.088724070189,136.096718767719,136.096718767719,136.096645855154,135.72455,135.717086494283,136.562170410156,136.56676977625
916.55,136.139128,136.08872179087,136.096681983195,136.096681983195,136.096609942583,135.59765,135.590228022573,136.561999511719,136.566596621353
916.6,136.139128,136.088719511552,136.096645198672,136.096645198672,136.096574030012,135.47075,135.463369550863,136.561828613281,136.566423466456
916.65,136.139128,136.088717232233,136.096608414149,136.096608414149,136.096538117441,135.34385,135.336511079154,136.561657714844,136.566250311559
916.7,136.139128,136.088714952915,136.096571629626,136.096571629626,136.09650220487,135.21695,135.209652607444,136.561486816406,136.566077156662
916.75,136.139128,136.088712673597,136.096534845103,136.096534845103,136.096466292299,135.09005,135.082794135735,136.561315917969,136.565904001764
916.8,136.139128,136.088710394278,136.096498060579,136.096498060579,136.096430379728,134.96315,134.955935664025,136.561145019531,136.565730846867
916.85,136.139128,136.08870811496,136.096461276056,136.096461276056,136.096394467157,134.83625,134.829077192316,136.560974121094,136.56555769197
916.9,136.139128,136.088705835641,136.096424491533,136.096424491533,136.096358554586,134.70935,134.702218720606,136.560803222656,136.565384537073
916.95,136.139128,136.088703556323,136.09638770701,136.09638770701,136.096322642015,134.58245,134.575360248897,136.560632324219,136.565211382176
917,136.139128,136.088701277004,136.096350922486,136.096350922486,136.096286729444,134.5188,134.511751777187,136.560461425781,136.565038227278
917.05,136.139128,136.088698997686,136.096314137963,136.096314137963,136.096250816873,134.5184,134.511393305477,136.560290527344,136.564865072381
917.1,136.139128,136.088696718368,136.09627735344,136.09627735344,136.096214904302,134.518,134.511034833768,136.560119628906,136.564691917484
917.15,136.139128,136.088694439049,136.096240568917,136.096240568917,136.096178991731,134.5176,134.510676362058,136.559948730469,136.564518762587
917.2,136.139128,136.088692159731,136.096203784394,136.096203784394,136.09614307916,134.5172,134.510317890349,136.559777832031,136.56434560769
917.25,136.139128,136.088689880412,136.09616699987,136.09616699987,136.096107166589,134.5168,134.509959418639,136.559606933594,136.564172452792
917.3,136.139128,136.088687601094,136.096130215347,136.096130215347,136.096071254018,134.5164,134.50960094693,136.559436035156,136.563999297895
917.35,136.139128,136.088685321775,136.096093430824,136.096093430824,136.096035341447,134.516,134.50924247522,136.559265136719,136.563826142998
917.4,136.139128,136.088683042457,136.096056646301,136.096056646301,136.095999428876,134.5156,134.508884003511,136.559094238281,136.563652988101
917.45,136.139128,136.088680763138,136.096019861777,136.096019861777,136.095963516305,134.5152,134.508525531801,136.558923339844,136.563479833204
917.5,136.139128,136.08867848382,136.095983077254,136.095983077254,136.095927603734,134.5148,134.508167060091,136.558752441406,136.563306678306
917.55,136.139128,136.088676204502,136.095946292731,136.095946292731,136.095891691163,134.5144,134.507808588382,136.558581542969,136.563133523409
917.6,136.139128,136.088673925183,136.095909508208,136.095909508208,136.095855778592,134.514,134.507450116672,136.558410644531,136.562960368512
917.65,136.139128,136.088671645865,136.095872723685,136.095872723685,136.095819866021,134.5136,134.507091644963,136.558239746094,136.562787213615
917.7,136.139128,136.088669366546,136.095835939161,136.095835939161,136.09578395345,134.5132,134.506733173253,136.558068847656,136.562614058718
917.75,136.139128,136.088667087228,136.095799154638,136.095799154638,136.095748040879,134.5128,134.506374701544,136.557897949219,136.56244090382
917.8,136.139128,136.088664807909,136.095762370115,136.095762370115,136.095712128308,134.5124,134.506016229834,136.557727050781,136.562267748923
917.85,136.139128,136.088662528591,136.095725585592,136.095725585592,136.095676215737,134.512,134.505657758125,136.557556152344,136.562094594026
917.9,136.139128,136.088660249272,136.095688801068,136.095688801068,136.095640303166,134.5116,134.505299286415,136.557385253906,136.561921439129
917.95,136.139128,136.088657969954,136.095652016545,136.095652016545,136.095604390595,134.5112,134.504940814705,136.557214355469,136.561748284232
918,136.139128,136.088655690636,136.095615232022,136.095615232022,136.095568478025,134.511,134.504782342996,136.557043457031,136.561575129334
918.05,136.139128,136.088653411317,136.095578447499,136.095578447499,136.095532565454,134.511,134.504823871286,136.556872558594,136.561401974437
918.1,136.139128,136.088651131999,136.095541662976,136.095541662976,136.095496652883,134.511,134.504865399577,136.556701660156,136.56122881954
918.15,136.139128,136.08864885268,136.095504878452,136.095504878452,136.095460740312,134.511,134.504906927867,136.556530761719,136.561055664643
918.2,136.139128,136.088646573362,136.095468093929,136.095468093929,136.095424827741,134.511,134.504948456158,136.556359863281,136.560882509746
918.25,136.139128,136.088644294043,136.095431309406,136.095431309406,136.09538891517,134.511,134.504989984448,136.556188964844,136.560709354848
918.3,136.139128,136.088642014725,136.095394524883,136.095394524883,136.095353002599,134.511,134.505031512738,136.556018066406,136.560536199951
918.35,136.139128,136.088639735407,136.095357740359,136.095357740359,136.095317090028,134.511,134.505073041029,136.555847167969,136.560363045054
918.4,136.139128,136.088637456088,136.095320955836,136.095320955836,136.095281177457,134.511,134.505114569319,136.555676269531,136.560189890157
918.45,136.139128,136.08863517677,136.095284171313,136.095284171313,136.095245264886,134.511,134.50515609761,136.555505371094,136.56001673526
918.5,136.139128,136.088632897451,136.09524738679,136.09524738679,136.095209352315,134.511,134.5051976259,136.555334472656,136.559843580362
918.55,136.139128,136.088630618133,136.095210602267,136.095210602267,136.095173439744,134.511,134.505239154191,136.555163574219,136.559670425465
918.6,136.139128,136.088628338814,136.095173817743,136.095173817743,136.095137527173,134.511,134.505280682481,136.554992675781,136.559497270568
918.65,136.139128,136.088626059496,136.09513703322,136.09513703322,136.095101614602,134.511,134.505322210772,136.554821777344,136.559324115671
918.7,136.139128,136.088623780177,136.095100248697,136.095100248697,136.095065702031,134.511,134.505363739062,136.554650878906,136.559150960774
918.75,136.139128,136.088621500859,136.095063464174,136.095063464174,136.09502978946,134.511,134.505405267353,136.554479980469,136.558977805876
918.8,136.139128,136.088619221541,136.09502667965,136.09502667965,136.094993876889,134.511,134.505446795643,136.554309082031,136.558804650979
918.85,136.139128,136.088616942222,136.094989895127,136.094989895127,136.094957964318,134.511,134.505488323933,136.554138183594,136.558631496082
918.9,136.139128,136.088614662904,136.094953110604,136.094953110604,136.094922051747,134.511,134.505529852224,136.553967285156,136.558458341185
918.95,136.139128,136.088612383585,136.094916326081,136.094916326081,136.094886139176,134.511,134.505571380514,136.553796386719,136.558285186288
919,136.139128,136.088610104267,136.094879541558,136.094879541558,136.094850226605,134.511,134.505612908805,136.553625488281,136.55811203139
919.05,136.139128,136.088607824948,136.094842757034,136.094842757034,136.094814314034,134.511,134.505654437095,136.553454589844,136.557938876493
919.1,136.139128,136.08860554563,136.094805972511,136.094805972511,136.094778401463,134.511,134.505695965386,136.553283691406,136.557765721596
919.15,136.139128,136.088603266312,136.094769187988,136.094769187988,136.094742488892,134.511,134.505737493676,136.553112792969,136.557592566699
919.2,136.139128,136.088600986993,136.094732403465,136.094732403465,136.094706576321,134.511,134.505779021966,136.552941894531,136.557419411802
919.25,136.139128,136.088598707675,136.094695618942,136.094695618942,136.09467066375,134.511,134.505820550257,136.552770996094,136.557246256905
919.3,136.139128,136.088596428356,136.094658834418,136.094658834418,136.094634751179,134.511,134.505862078547,136.552600097656,136.557073102007
919.35,136.139128,136.088594149038,136.094622049895,136.094622049895,136.094598838608,134.511,134.505903606838,136.552429199219,136.55689994711
919.4,136.139128,136.088591869719,136.094585265372,136.094585265372,136.094562926037,134.511,134.505945135128,136.552258300781,136.556726792213
919.45,136.139128,136.088589590401,136.094548480849,136.094548480849,136.094527013466,134.511,134.505986663419,136.552087402344,136.556553637316
919.5,136.139128,136.088587311082,136.094511696325,136.094511696325,136.094491100895,134.511,134.506028191709,136.551916503906,136.556380482419
919.55,136.139128,136.088585031764,136.094474911802,136.094474911802,136.094455188324,134.511,134.50606972,136.551745605469,136.556207327521
919.6,136.139128,136.088582752446,136.094438127279,136.094438127279,136.094419275753,134.511,134.50611124829,136.551574707031,136.556034172624
919.65,136.139128,136.088580473127,136.094401342756,136.094401342756,136.094383363182,134.511,134.50615277658,136.551403808594,136.555861017727
919.7,136.139128,136.088578193809,136.094364558233,136.094364558233,136.094347450611,134.511,134.506194304871,136.551232910156,136.55568786283
919.75,136.139128,136.08857591449,136.094327773709,136.094327773709,136.09431153804,134.511,134.506235833161,136.551062011719,136.555514707933
919.8,136.139128,136.088573635172,136.094290989186,136.094290989186,136.094275625469,134.511,134.506277361452,136.550891113281,136.555341553035
919.85,136.139128,136.088571355853,136.094254204663,136.094254204663,136.094239712898,134.511,134.506318889742,136.550720214844,136.555168398138
919.9,136.139128,136.088569076535,136.09421742014,136.09421742014,136.094203800327,134.511,134.506360418033,136.550549316406,136.554995243241
919.95,136.139128,136.088566797216,136.094180635616,136.094180635616,136.094167887756,134.511,134.506401946323,136.550378417969,136.554822088344
920,136.139128,136.088564517898,136.094143851093,136.094143851093,136.094131975185,134.56055,134.555993474614,136.550207519531,136.554648933447
920.05,136.139128,136.088566962217,136.094110155992,136.094110155992,136.094098699922,134.65965,134.655139268839,136.550036621094,136.554477377554
920.1,136.139128,136.088569406536,136.094076460892,136.094076460892,136.094065424659,134.75875,134.754285063064,136.549865722656,136.554305821661
920.15,136.139128,136.088571850855,136.094042765791,136.094042765791,136.094032149396,134.85785,134.853430857289,136.549694824219,136.554134265768
920.2,136.139128,136.088574295174,136.09400907069,136.09400907069,136.093998874133,134.95695,134.952576651514,136.549523925781,136.553962709875
920.25,136.139128,136.088576739494,136.09397537559,136.09397537559,136.09396559887,135.05605,135.051722445739,136.549353027344,136.553791153982
920.3,136.139128,136.088579183813,136.093941680489,136.093941680489,136.093932323606,135.15515,135.150868239964,136.549182128906,136.553619598089
920.35,136.139128,136.088581628132,136.093907985388,136.093907985388,136.093899048343,135.25425,135.250014034188,136.549011230469,136.553448042196
920.4,136.139128,136.088584072451,136.093874290287,136.093874290287,136.09386577308,135.35335,135.349159828413,136.548840332031,136.553276486303
920.45,136.139128,136.08858651677,136.093840595187,136.093840595187,136.093832497817,135.45245,135.448305622638,136.548669433594,136.553104930411
920.5,136.139128,136.088588961089,136.093806900086,136.093806900086,136.093799222554,135.55155,135.547451416863,136.548498535156,136.552933374518
920.55,136.139128,136.088591405408,136.093773204985,136.093773204985,136.093765947291,135.65065,135.646597211088,136.548327636719,136.552761818625
920.6,136.139128,136.088593849727,136.093739509885,136.093739509885,136.093732672028,135.74975,135.745743005313,136.548156738281,136.552590262732
920.65,136.139128,136.088596294046,136.093705814784,136.093705814784,136.093699396765,135.84885,135.844888799538,136.547985839844,136.552418706839
920.7,136.139128,136.088598738365,136.093672119683,136.093672119683,136.093666121502,135.94795,135.944034593763,136.547814941406,136.552247150946
920.75,136.139128,136.088601182684,136.093638424582,136.093638424582,136.093632846239,136.04705,136.043180387988,136.547644042969,136.552075595053
920.8,136.139128,136.088603627004,136.093604729482,136.093604729482,136.093599570976,136.14615,136.142326182213,136.547473144531,136.55190403916
920.85,136.139128,136.088606071323,136.093571034381,136.093571034381,136.093566295713,136.24525,136.241471976438,136.547302246094,136.551732483267
920.9,136.139128,136.088608515642,136.09353733928,136.09353733928,136.093533020449,136.34435,136.340617770663,136.547131347656,136.551560927374
920.95,136.139128,136.088610959961,136.093503644179,136.093503644179,136.093499745186,136.44345,136.439763564888,136.546960449219,136.551389371482
921,136.139128,136.08861340428,136.093469949079,136.093469949079,136.093466469923,136.493075,136.489434359113,136.547009277344,136.551437542151
921.05,136.139128,136.088615848599,136.093436253978,136.093436253978,136.09343319466,136.493225,136.489630153338,136.547277832031,136.551705439383
921.1,136.139128,136.088618292918,136.093402558877,136.093402558877,136.093399919397,136.493375,136.489825947563,136.547546386719,136.551973336615
921.15,136.139128,136.088620737237,136.093368863777,136.093368863777,136.093366644134,136.493525,136.490021741788,136.547814941406,136.552241233847
921.2,136.139128,136.088623181556,136.093335168676,136.093335168676,136.093333368871,136.493675,136.490217536013,136.548083496094,136.55250913108
921.25,136.139128,136.088625625875,136.093301473575,136.093301473575,136.093300093608,136.493825,136.490413330238,136.548352050781,136.552777028312
921.3,136.139128,136.088628070194,136.093267778474,136.093267778474,136.093266818345,136.493975,136.490609124463,136.548620605469,136.553044925544
921.35,136.139128,136.088630514514,136.093234083374,136.093234083374,136.093233543082,136.494125,136.490804918688,136.548889160156,136.553312822776
921.4,136.139128,136.088632958833,136.093200388273,136.093200388273,136.093200267819,136.494275,136.491000712913,136.549157714844,136.553580720008
921.45,136.139128,136.088635403152,136.093166693172,136.093166693172,136.093166992556,136.494425,136.491196507138,136.549426269531,136.55384861724
921.5,136.139128,136.088637847471,136.093132998072,136.093132998072,136.093133717292,136.494575,136.491392301363,136.549694824219,136.554116514472
921.55,136.139128,136.08864029179,136.093099302971,136.093099302971,136.093100442029,136.494725,136.491588095588,136.549963378906,136.554384411704
921.6,136.139128,136.088642736109,136.09306560787,136.09306560787,136.093067166766,136.494875,136.491783889813,136.550231933594,136.554652308936
921.65,136.139128,136.088645180428,136.093031912769,136.093031912769,136.093033891503,136.495025,136.491979684038,136.550500488281,136.554920206169
921.7,136.139128,136.088647624747,136.092998217669,136.092998217669,136.09300061624,136.495175,136.492175478263,136.550769042969,136.555188103401
921.75,136.139128,136.088650069066,136.092964522568,136.092964522568,136.092967340977,136.495325,136.492371272488,136.551037597656,136.555456000633
921.8,136.139128,136.088652513385,136.092930827467,136.092930827467,136.092934065714,136.495475,136.492567066713,136.551306152344,136.555723897865
921.85,136.139128,136.088654957705,136.092897132366,136.092897132366,136.092900790451,136.495625,136.492762860938,136.551574707031,136.555991795097
921.9,136.139128,136.088657402024,136.092863437266,136.092863437266,136.092867515188,136.495775,136.492958655163,136.551843261719,136.556259692329
921.95,136.139128,136.088659846343,136.092829742165,136.092829742165,136.092834239925,136.495925,136.493154449388,136.552111816406,136.556527589561
922,136.139128,136.088662290662,136.092796047064,136.092796047064,136.092800964662,136.52025,136.517525243613,136.552380371094,136.556795486793
922.05,136.139128,136.088664734981,136.092762351964,136.092762351964,136.092767689399,136.56875,136.566071037838,136.552648925781,136.557063384025
922.1,136.139128,136.0886671793,136.092728656863,136.092728656863,136.092734414135,136.61725,136.614616832063,136.552917480469,136.557331281258
922.15,136.139128,136.088669623619,136.092694961762,136.092694961762,136.092701138872,136.66575,136.663162626288,136.553186035156,136.55759917849
922.2,136.139128,136.088672067938,136.092661266661,136.092661266661,136.092667863609,136.71425,136.711708420513,136.553454589844,136.557867075722
922.25,136.139128,136.088674512257,136.092627571561,136.092627571561,136.092634588346,136.76275,136.760254214738,136.553723144531,136.558134972954
922.3,136.139128,136.088676956576,136.09259387646,136.09259387646,136.092601313083,136.81125,136.808800008963,136.553991699219,136.558402870186
922.35,136.139128,136.088679400896,136.092560181359,136.092560181359,136.09256803782,136.85975,136.857345803188,136.554260253906,136.558670767418
922.4,136.139128,136.088681845215,136.092526486259,136.092526486259,136.092534762557,136.90825,136.905891597413,136.554528808594,136.55893866465
922.45,136.139128,136.088684289534,136.092492791158,136.092492791158,136.092501487294,136.95675,136.954437391638,136.554797363281,136.559206561882
922.5,136.139128,136.088686733853,136.092459096057,136.092459096057,136.092468212031,137.00525,137.002983185863,136.555065917969,136.559474459114
922.55,136.139128,136.088689178172,136.092425400956,136.092425400956,136.092434936768,137.05375,137.051528980088,136.555334472656,136.559742356347
922.6,136.139128,136.088691622491,136.092391705856,136.092391705856,136.092401661505,137.10225,137.100074774313,136.555603027344,136.560010253579
922.65,136.139128,136.08869406681,136.092358010755,136.092358010755,136.092368386242,137.15075,137.148620568538,136.555871582031,136.560278150811
922.7,136.139128,136.088696511129,136.092324315654,136.092324315654,136.092335110978,137.19925,137.197166362763,136.556140136719,136.560546048043
922.75,136.139128,136.088698955448,136.092290620553,136.092290620553,136.092301835715,137.24775,137.245712156988,136.556408691406,136.560813945275
922.8,136.139128,136.088701399767,136.092256925453,136.092256925453,136.092268560452,137.29625,137.294257951213,136.556677246094,136.561081842507
922.85,136.139128,136.088703844086,136.092223230352,136.092223230352,136.092235285189,137.34475,137.342803745438,136.556945800781,136.561349739739
922.9,136.139128,136.088706288406,136.092189535251,136.092189535251,136.092202009926,137.39325,137.391349539663,136.557214355469,136.561617636971
922.95,136.139128,136.088708732725,136.092155840151,136.092155840151,136.092168734663,137.44175,137.439895333888,136.557482910156,136.561885534203
923,136.139128,136.088711177044,136.09212214505,136.09212214505,136.0921354594,137.46685,137.465041128113,136.557751464844,136.562153431435
923.05,136.139128,136.088713621363,136.092088449949,136.092088449949,136.092102184137,137.46855,137.466786922338,136.558020019531,136.562421328668
923.1,136.139128,136.088716065682,136.092054754848,136.092054754848,136.092068908874,137.47025,137.468532716563,136.558288574219,136.5626892259
923.15,136.139128,136.088718510001,136.092021059748,136.092021059748,136.092035633611,137.47195,137.470278510788,136.558557128906,136.562957123132
923.2,136.139128,136.08872095432,136.091987364647,136.091987364647,136.092002358348,137.47365,137.472024305013,136.558825683594,136.563225020364
923.25,136.139128,136.088723398639,136.091953669546,136.091953669546,136.091969083085,137.47535,137.473770099238,136.559094238281,136.563492917596
923.3,136.139128,136.088725842958,136.091919974445,136.091919974445,136.091935807822,137.47705,137.475515893463,136.559362792969,136.563760814828
923.35,136.139128,136.088728287277,136.091886279345,136.091886279345,136.091902532558,137.47875,137.477261687688,136.559631347656,136.56402871206
923.4,136.139128,136.088730731596,136.091852584244,136.091852584244,136.091869257295,137.48045,137.479007481913,136.559899902344,136.564296609292
923.45,136.139128,136.088733175916,136.091818889143,136.091818889143,136.091835982032,137.48215,137.480753276138,136.560168457031,136.564564506524
923.5,136.139128,136.088735620235,136.091785194043,136.091785194043,136.091802706769,137.48385,137.482499070363,136.560437011719,136.564832403757
923.55,136.139128,136.088738064554,136.091751498942,136.091751498942,136.091769431506,137.48555,137.484244864588,136.560705566406,136.565100300989
923.6,136.139128,136.088740508873,136.091717803841,136.091717803841,136.091736156243,137.48725,137.485990658813,136.560974121094,136.565368198221
923.65,136.139128,136.088742953192,136.09168410874,136.09168410874,136.09170288098,137.48895,137.487736453038,136.561242675781,136.565636095453
923.7,136.139128,136.088745397511,136.09165041364,136.09165041364,136.091669605717,137.49065,137.489482247263,136.561511230469,136.565903992685
923.75,136.139128,136.08874784183,136.091616718539,136.091616718539,136.091636330454,137.49235,137.491228041488,136.561779785156,136.566171889917
923.8,136.139128,136.088750286149,136.091583023438,136.091583023438,136.091603055191,137.49405,137.492973835713,136.562048339844,136.566439787149
923.85,136.139128,136.088752730468,136.091549328338,136.091549328338,136.091569779928,137.49575,137.494719629938,136.562316894531,136.566707684381
923.9,136.139128,136.088755174787,136.091515633237,136.091515633237,136.091536504665,137.49745,137.496465424163,136.562585449219,136.566975581613
923.95,136.139128,136.088757619107,136.091481938136,136.091481938136,136.091503229401,137.49915,137.498211218388,136.562854003906,136.567243478846
924,136.139128,136.088760063426,136.091448243035,136.091448243035,136.091469954138,137.5,137.499107012613,136.563122558594,136.567511376078
924.05,136.139128,136.088762507745,136.091414547935,136.091414547935,136.091436678875,137.5,137.499152806838,136.563391113281,136.56777927331
924.1,136.139128,136.088764952064,136.091380852834,136.091380852834,136.091403403612,137.5,137.499198601063,136.563659667969,136.568047170542
924.15,136.139128,136.088767396383,136.091347157733,136.091347157733,136.091370128349,137.5,137.499244395288,136.563928222656,136.568315067774
924.2,136.139128,136.088769840702,136.091313462632,136.091313462632,136.091336853086,137.5,137.499290189513,136.564196777344,136.568582965006
924.25,136.139128,136.088772285021,136.091279767532,136.091279767532,136.091303577823,137.5,137.499335983738,136.564465332031,136.568850862238
924.3,136.139128,136.08877472934,136.091246072431,136.091246072431,136.09127030256,137.5,137.499381777963,136.564733886719,136.56911875947
924.35,136.139128,136.088777173659,136.09121237733,136.09121237733,136.091237027297,137.5,137.499427572188,136.565002441406,136.569386656702
924.4,136.139128,136.088779617978,136.09117868223,136.09117868223,136.091203752034,137.5,137.499473366413,136.565270996094,136.569654553934
924.45,136.139128,136.088782062297,136.091144987129,136.091144987129,136.091170476771,137.5,137.499519160638,136.565539550781,136.569922451167
924.5,136.139128,136.088784506617,136.091111292028,136.091111292028,136.091137201508,137.5,137.499564954863,136.565808105469,136.570190348399
924.55,136.139128,136.088786950936,136.091077596927,136.091077596927,136.091103926244,137.5,137.499610749088,136.566076660156,136.570458245631
924.6,136.139128,136.088789395255,136.091043901827,136.091043901827,136.091070650981,137.5,137.499656543313,136.566345214844,136.570726142863
924.65,136.139128,136.088791839574,136.091010206726,136.091010206726,136.091037375718,137.5,137.499702337538,136.566613769531,136.570994040095
924.7,136.139128,136.088794283893,136.090976511625,136.090976511625,136.091004100455,137.5,137.499748131763,136.566882324219,136.571261937327
924.75,136.139128,136.088796728212,136.090942816525,136.090942816525,136.090970825192,137.5,137.499793925988,136.567150878906,136.571529834559
924.8,136.139128,136.088799172531,136.090909121424,136.090909121424,136.090937549929,137.5,137.499839720213,136.567419433594,136.571797731791
924.85,136.139128,136.08880161685,136.090875426323,136.090875426323,136.090904274666,137.5,137.499885514438,136.567687988281,136.572065629023
924.9,136.139128,136.088804061169,136.090841731222,136.090841731222,136.090870999403,137.5,137.499931308663,136.567956542969,136.572333526256
924.95,136.139128,136.088806505488,136.090808036122,136.090808036122,136.09083772414,137.5,137.499977102887,136.568225097656,136.572601423488
925,136.139128,136.088808949808,136.090774341021,136.090774341021,136.090804448877,137.5,137.500022897113,136.568493652344,136.57286932072
925.05,136.139128,136.088811394127,136.09074064592,136.09074064592,136.090771173614,137.5,137.500068691337,136.568762207031,136.573137217952
925.1,136.139128,136.088813838446,136.090706950819,136.090706950819,136.090737898351,137.5,137.500114485562,136.569030761719,136.573405115184
925.15,136.139128,136.088816282765,136.090673255719,136.090673255719,136.090704623087,137.5,137.500160279787,136.569299316406,136.573673012416
925.2,136.139128,136.088818727084,136.090639560618,136.090639560618,136.090671347824,137.5,137.500206074012,136.569567871094,136.573940909648
925.25,136.139128,136.088821171403,136.090605865517,136.090605865517,136.090638072561,137.5,137.500251868237,136.569836425781,136.57420880688
925.3,136.139128,136.088823615722,136.090572170417,136.090572170417,136.090604797298,137.5,137.500297662462,136.570104980469,136.574476704112
925.35,136.139128,136.088826060041,136.090538475316,136.090538475316,136.090571522035,137.5,137.500343456687,136.570373535156,136.574744601344
925.4,136.139128,136.08882850436,136.090504780215,136.090504780215,136.090538246772,137.5,137.500389250912,136.570642089844,136.575012498577
925.45,136.139128,136.088830948679,136.090471085114,136.090471085114,136.090504971509,137.5,137.500435045137,136.570910644531,136.575280395809
925.5,136.139128,136.088833392998,136.090437390014,136.090437390014,136.090471696246,137.5,137.500480839362,136.571179199219,136.575548293041
925.55,136.139128,136.088835837318,136.090403694913,136.090403694913,136.090438420983,137.5,137.500526633587,136.571447753906,136.575816190273
925.6,136.139128,136.088838281637,136.090369999812,136.090369999812,136.09040514572,137.5,137.500572427812,136.571716308594,136.576084087505
925.65,136.139128,136.088840725956,136.090336304712,136.090336304712,136.090371870457,137.5,137.500618222037,136.571984863281,136.576351984737
925.7,136.139128,136.088843170275,136.090302609611,136.090302609611,136.090338595194,137.5,137.500664016262,136.572253417969,136.576619881969
925.75,136.139128,136.088845614594,136.09026891451,136.09026891451,136.09030531993,137.5,137.500709810487,136.572521972656,136.576887779201
925.8,136.139128,136.088848058913,136.090235219409,136.090235219409,136.090272044667,137.5,137.500755604712,136.572790527344,136.577155676433
925.85,136.139128,136.088850503232,136.090201524309,136.090201524309,136.090238769404,137.5,137.500801398937,136.573059082031,136.577423573666
925.9,136.139128,136.088852947551,136.090167829208,136.090167829208,136.090205494141,137.5,137.500847193162,136.573327636719,136.577691470898
925.95,136.139128,136.08885539187,136.090134134107,136.090134134107,136.090172218878,137.5,137.500892987387,136.573596191406,136.57795936813
926,136.139128,136.088982836189,136.090225439006,136.090225439006,136.090263943615,137.4782,137.479138781612,136.573864746094,136.578227265362
926.05,136.139128,136.089235280508,136.090441743906,136.090441743906,136.090480668352,137.4346,137.435584575837,136.574133300781,136.578495162594
926.1,136.139128,136.089487724828,136.090658048805,136.090658048805,136.090697393089,137.391,137.392030370062,136.574401855469,136.578763059826
926.15,136.139128,136.089740169147,136.090874353704,136.090874353704,136.090914117826,137.3474,137.348476164287,136.574670410156,136.579030957058
926.2,136.139128,136.089992613466,136.091090658604,136.091090658604,136.091130842563,137.3038,137.304921958512,136.574938964844,136.57929885429
926.25,136.139128,136.090245057785,136.091306963503,136.091306963503,136.0913475673,137.2602,137.261367752737,136.575207519531,136.579566751522
926.3,136.139128,136.090497502104,136.091523268402,136.091523268402,136.091564292037,137.2166,137.217813546962,136.575476074219,136.579834648755
926.35,136.139128,136.090749946423,136.091739573301,136.091739573301,136.091781016773,137.173,137.174259341187,136.575744628906,136.580102545987
926.4,136.139128,136.091002390742,136.091955878201,136.091955878201,136.09199774151,137.1294,137.130705135412,136.576013183594,136.580370443219
926.45,136.139128,136.091254835061,136.0921721831,136.0921721831,136.092214466247,137.0858,137.087150929637,136.576281738281,136.580638340451
926.5,136.139128,136.09150727938,136.092388487999,136.092388487999,136.092431190984,137.0422,137.043596723862,136.576550292969,136.580906237683
926.55,136.139128,136.091759723699,136.092604792899,136.092604792899,136.092647915721,136.9986,137.000042518087,136.576818847656,136.581174134915
926.6,136.139128,136.092012168019,136.092821097798,136.092821097798,136.092864640458,136.955,136.956488312312,136.577087402344,136.581442032147
926.65,136.139128,136.092264612338,136.093037402697,136.093037402697,136.093081365195,136.9114,136.912934106537,136.577355957031,136.581709929379
926.7,136.139128,136.092517056657,136.093253707596,136.093253707596,136.093298089932,136.8678,136.869379900762,136.577624511719,136.581977826611
926.75,136.139128,136.092769500976,136.093470012496,136.093470012496,136.093514814669,136.8242,136.825825694987,136.577893066406,136.582245723843
926.8,136.139128,136.093021945295,136.093686317395,136.093686317395,136.093731539406,136.7806,136.782271489212,136.578161621094,136.582513621076
926.85,136.139128,136.093274389614,136.093902622294,136.093902622294,136.093948264143,136.737,136.738717283437,136.578430175781,136.582781518308
926.9,136.139128,136.093526833933,136.094118927193,136.094118927193,136.09416498888,136.6934,136.695163077662,136.578698730469,136.58304941554
926.95,136.139128,136.093779278252,136.094335232093,136.094335232093,136.094381713616,136.6498,136.651608871887,136.578967285156,136.583317312772
927,136.139128,136.094031722571,136.094551536992,136.094551536992,136.094598438353,136.6167,136.618554666112,136.579235839844,136.583585210004
927.05,136.139128,136.09428416689,136.094767841891,136.094767841891,136.09481516309,136.5941,136.596000460337,136.579504394531,136.583853107236
927.1,136.139128,136.094536611209,136.094984146791,136.094984146791,136.095031887827,136.5715,136.573446254562,136.579772949219,136.584121004468
927.15,136.139128,136.094789055529,136.09520045169,136.09520045169,136.095248612564,136.5489,136.550892048787,136.580041503906,136.5843889017
927.2,136.139128,136.095041499848,136.095416756589,136.095416756589,136.095465337301,136.5263,136.528337843012,136.580310058594,136.584656798932
927.25,136.139128,136.095293944167,136.095633061488,136.095633061488,136.095682062038,136.5037,136.505783637237,136.580578613281,136.584924696165
927.3,136.139128,136.095546388486,136.095849366388,136.095849366388,136.095898786775,136.4811,136.483229431462,136.580847167969,136.585192593397
927.35,136.139128,136.095798832805,136.096065671287,136.096065671287,136.096115511512,136.4585,136.460675225687,136.581115722656,136.585460490629
927.4,136.139128,136.096051277124,136.096281976186,136.096281976186,136.096332236249,136.4359,136.438121019912,136.581384277344,136.585728387861
927.45,136.139128,136.096303721443,136.096498281086,136.096498281086,136.096548960986,136.4133,136.415566814137,136.581652832031,136.585996285093
927.5,136.139128,136.096556165762,136.096714585985,136.096714585985,136.096765685723,136.3907,136.393012608362,136.581921386719,136.586264182325
927.55,136.139128,136.096808610081,136.096930890884,136.096930890884,136.096982410459,136.3681,136.370458402587,136.582189941406,136.586532079557
927.6,136.139128,136.0970610544,136.097147195783,136.097147195783,136.097199135196,136.3455,136.347904196812,136.582458496094,136.586799976789
927.65,136.139128,136.09731349872,136.097363500683,136.097363500683,136.097415859933,136.3229,136.325349991037,136.582727050781,136.587067874021
927.7,136.139128,136.097565943039,136.097579805582,136.097579805582,136.09763258467,136.3003,136.302795785262,136.582995605469,136.587335771254
927.75,136.139128,136.097818387358,136.097796110481,136.097796110481,136.097849309407,136.2777,136.280241579487,136.583264160156,136.587603668486
927.8,136.139128,136.098070831677,136.09801241538,136.09801241538,136.098066034144,136.2551,136.257687373712,136.583532714844,136.587871565718
927.85,136.139128,136.098323275996,136.09822872028,136.09822872028,136.098282758881,136.2325,136.235133167937,136.583801269531,136.58813946295
927.9,136.139128,136.098575720315,136.098445025179,136.098445025179,136.098499483618,136.2099,136.212578962162,136.584069824219,136.588407360182
927.95,136.139128,136.098828164634,136.098661330078,136.098661330078,136.098716208355,136.1873,136.190024756387,136.584338378906,136.588675257414
928,136.139128,136.098955608953,136.098752634978,136.098752634978,136.098807933092,136.175875,136.178645550612,136.584606933594,136.588943154646
928.05,136.139128,136.098958053272,136.098718939877,136.098718939877,136.098774657829,136.175625,136.178441344837,136.584875488281,136.589211051878
928.1,136.139128,136.098960497591,136.098685244776,136.098685244776,136.098741382566,136.175375,136.178237139062,136.585144042969,136.58947894911
928.15,136.139128,136.09896294191,136.098651549675,136.098651549675,136.098708107302,136.175125,136.178032933287,136.585412597656,136.589746846343
928.2,136.139128,136.09896538623,136.098617854575,136.098617854575,136.098674832039,136.174875,136.177828727512,136.585681152344,136.590014743575
928.25,136.139128,136.098967830549,136.098584159474,136.098584159474,136.098641556776,136.174625,136.177624521737,136.585949707031,136.590282640807
928.3,136.139128,136.098970274868,136.098550464373,136.098550464373,136.098608281513,136.174375,136.177420315962,136.586218261719,136.590550538039
928.35,136.139128,136.098972719187,136.098516769273,136.098516769273,136.09857500625,136.174125,136.177216110187,136.586486816406,136.590818435271
928.4,136.139128,136.098975163506,136.098483074172,136.098483074172,136.098541730987,136.173875,136.177011904412,136.586755371094,136.591086332503
928.45,136.139128,136.098977607825,136.098449379071,136.098449379071,136.098508455724,136.173625,136.176807698637,136.587023925781,136.591354229735
928.5,136.139128,136.098980052144,136.09841568397,136.09841568397,136.098475180461,136.173375,136.176603492862,136.587292480469,136.591622126967
928.55,136.139128,136.098982496463,136.09838198887,136.09838198887,136.098441905198,136.173125,136.176399287087,136.587561035156,136.591890024199
928.6,136.139128,136.098984940782,136.098348293769,136.098348293769,136.098408629935,136.172875,136.176195081312,136.587829589844,136.592157921431
928.65,136.139128,136.098987385101,136.098314598668,136.098314598668,136.098375354672,136.172625,136.175990875537,136.588098144531,136.592425818664
928.7,136.139128,136.098989829421,136.098280903567,136.098280903567,136.098342079409,136.172375,136.175786669762,136.588366699219,136.592693715896
928.75,136.139128,136.09899227374,136.098247208467,136.098247208467,136.098308804145,136.172125,136.175582463987,136.588635253906,136.592961613128
928.8,136.139128,136.098994718059,136.098213513366,136.098213513366,136.098275528882,136.171875,136.175378258212,136.588903808594,136.59322951036
928.85,136.139128,136.098997162378,136.098179818265,136.098179818265,136.098242253619,136.171625,136.175174052437,136.589172363281,136.593497407592
928.9,136.139128,136.098999606697,136.098146123165,136.098146123165,136.098208978356,136.171375,136.174969846662,136.589440917969,136.593765304824
928.95,136.139128,136.099002051016,136.098112428064,136.098112428064,136.098175703093,136.171125,136.174765640887,136.589709472656,136.594033202056
929,136.139128,136.099004495335,136.098078732963,136.098078732963,136.09814242783,136.171,136.174686435112,136.589929199219,136.594252271163
929.05,136.139128,136.099006939654,136.098045037862,136.098045037862,136.098109152567,136.171,136.174732229337,136.590100097656,136.594422512145
929.1,136.139128,136.099009383973,136.098011342762,136.098011342762,136.098075877304,136.171,136.174778023562,136.590270996094,136.594592753128
929.15,136.139128,136.099011828292,136.097977647661,136.097977647661,136.098042602041,136.171,136.174823817787,136.590441894531,136.59476299411
929.2,136.139128,136.099014272611,136.09794395256,136.09794395256,136.098009326778,136.171,136.174869612012,136.590612792969,136.594933235092
929.25,136.139128,136.099016716931,136.09791025746,136.09791025746,136.097976051515,136.171,136.174915406237,136.590783691406,136.595103476074
929.3,136.139128,136.09901916125,136.097876562359,136.097876562359,136.097942776252,136.171,136.174961200462,136.590954589844,136.595273717056
929.35,136.139128,136.099021605569,136.097842867258,136.097842867258,136.097909500989,136.171,136.175006994687,136.591125488281,136.595443958038
929.4,136.139128,136.099024049888,136.097809172157,136.097809172157,136.097876225725,136.171,136.175052788912,136.591296386719,136.59561419902
929.45,136.139128,136.099026494207,136.097775477057,136.097775477057,136.097842950462,136.171,136.175098583137,136.591467285156,136.595784440002
929.5,136.139128,136.099028938526,136.097741781956,136.097741781956,136.097809675199,136.171,136.175144377362,136.591638183594,136.595954680984
929.55,136.139128,136.099031382845,136.097708086855,136.097708086855,136.097776399936,136.171,136.175190171587,136.591809082031,136.596124921966
929.6,136.139128,136.099033827164,136.097674391754,136.097674391754,136.097743124673,136.171,136.175235965812,136.591979980469,136.596295162949
929.65,136.139128,136.099036271483,136.097640696654,136.097640696654,136.09770984941,136.171,136.175281760037,136.592150878906,136.596465403931
929.7,136.139128,136.099038715802,136.097607001553,136.097607001553,136.097676574147,136.171,136.175327554262,136.592321777344,136.596635644913
929.75,136.139128,136.099041160122,136.097573306452,136.097573306452,136.097643298884,136.171,136.175373348486,136.592492675781,136.596805885895
929.8,136.139128,136.099043604441,136.097539611352,136.097539611352,136.097610023621,136.171,136.175419142711,136.592663574219,136.596976126877
929.85,136.139128,136.09904604876,136.097505916251,136.097505916251,136.097576748358,136.171,136.175464936936,136.592834472656,136.597146367859
929.9,136.139128,136.099048493079,136.09747222115,136.09747222115,136.097543473095,136.171,136.175510731161,136.593005371094,136.597316608841
929.95,136.139128,136.099050937398,136.097438526049,136.097438526049,136.097510197832,136.171,136.175556525386,136.593176269531,136.597486849823
930,136.139128,136.099053381717,136.097404830949,136.097404830949,136.097476922568,136.171125,136.175727319611,136.593347167969,136.597657090805
930.05,136.139128,136.099029306112,136.097377503334,136.097377503334,136.097449609197,136.171375,136.176014478195,136.593518066406,136.597823110772
930.1,136.139128,136.099005230507,136.097350175719,136.097350175719,136.097422295826,136.171625,136.176301636779,136.593688964844,136.597989130738
930.15,136.139128,136.098981154903,136.097322848103,136.097322848103,136.097394982454,136.171875,136.176588795363,136.593859863281,136.598155150704
930.2,136.139128,136.098957079298,136.097295520488,136.097295520488,136.097367669083,136.172125,136.176875953947,136.594030761719,136.59832117067
930.25,136.139128,136.098933003693,136.097268192873,136.097268192873,136.097340355711,136.172375,136.177163112531,136.594201660156,136.598487190637
930.3,136.139128,136.098908928088,136.097240865258,136.097240865258,136.09731304234,136.172625,136.177450271115,136.594372558594,136.598653210603
930.35,136.139128,136.098884852484,136.097213537643,136.097213537643,136.097285728968,136.172875,136.177737429699,136.594543457031,136.598819230569
930.4,136.139128,136.098860776879,136.097186210028,136.097186210028,136.097258415597,136.173125,136.178024588283,136.594714355469,136.598985250535
930.45,136.139128,136.098836701274,136.097158882413,136.097158882413,136.097231102225,136.173375,136.178311746866,136.594885253906,136.599151270502
930.5,136.139128,136.098812625669,136.097131554798,136.097131554798,136.097203788854,136.173625,136.17859890545,136.595056152344,136.599317290468
930.55,136.139128,136.098788550064,136.097104227183,136.097104227183,136.097176475482,136.173875,136.178886064034,136.595227050781,136.599483310434
930.6,136.139128,136.09876447446,136.097076899568,136.097076899568,136.097149162111,136.174125,136.179173222618,136.595397949219,136.5996493304
930.65,136.139128,136.098740398855,136.097049571953,136.097049571953,136.09712184874,136.174375,136.179460381202,136.595568847656,136.599815350366
930.7,136.139128,136.09871632325,136.097022244337,136.097022244337,136.097094535368,136.174625,136.179747539786,136.595739746094,136.599981370333
930.75,136.139128,136.098692247645,136.096994916722,136.096994916722,136.097067221997,136.174875,136.18003469837,136.595910644531,136.600147390299
930.8,136.139128,136.098668172041,136.096967589107,136.096967589107,136.097039908625,136.175125,136.180321856954,136.596081542969,136.600313410265
930.85,136.139128,136.098644096436,136.096940261492,136.096940261492,136.097012595254,136.175375,136.180609015537,136.596252441406,136.600479430231
930.9,136.139128,136.098620020831,136.096912933877,136.096912933877,136.096985281882,136.175625,136.180896174121,136.596423339844,136.600645450198
930.95,136.139128,136.098595945226,136.096885606262,136.096885606262,136.096957968511,136.175875,136.181183332705,136.596594238281,136.600811470164
931,136.139128,136.098571869621,136.096858278647,136.096858278647,136.096930655139,136.193575,136.198920491289,136.596765136719,136.60097749013
931.05,136.139128,136.098547794017,136.096830951032,136.096830951032,136.096903341768,136.228725,136.234107649873,136.596936035156,136.601143510096
931.1,136.139128,136.098523718412,136.096803623417,136.096803623417,136.096876028396,136.263875,136.269294808457,136.597106933594,136.601309530063
931.15,136.139128,136.098499642807,136.096776295802,136.096776295802,136.096848715025,136.299025,136.304481967041,136.597277832031,136.601475550029
931.2,136.139128,136.098475567202,136.096748968187,136.096748968187,136.096821401654,136.334175,136.339669125625,136.597448730469,136.601641569995
931.25,136.139128,136.098451491598,136.096721640572,136.096721640572,136.096794088282,136.369325,136.374856284209,136.597619628906,136.601807589961
931.3,136.139128,136.098427415993,136.096694312956,136.096694312956,136.096766774911,136.404475,136.410043442792,136.597790527344,136.601973609927
931.35,136.139128,136.098403340388,136.096666985341,136.096666985341,136.096739461539,136.439625,136.445230601376,136.597961425781,136.602139629894
931.4,136.139128,136.098379264783,136.096639657726,136.096639657726,136.096712148168,136.474775,136.48041775996,136.598132324219,136.60230564986
931.45,136.139128,136.098355189178,136.096612330111,136.096612330111,136.096684834796,136.509925,136.515604918544,136.598303222656,136.602471669826
931.5,136.139128,136.098331113574,136.096585002496,136.096585002496,136.096657521425,136.545075,136.550792077128,136.598474121094,136.602637689792
931.55,136.139128,136.098307037969,136.096557674881,136.096557674881,136.096630208053,136.580225,136.585979235712,136.598645019531,136.602803709759
931.6,136.139128,136.098282962364,136.096530347266,136.096530347266,136.096602894682,136.615375,136.621166394296,136.598815917969,136.602969729725
931.65,136.139128,136.098258886759,136.096503019651,136.096503019651,136.09657558131,136.650525,136.65635355288,136.598986816406,136.603135749691
931.7,136.139128,136.098234811155,136.096475692036,136.096475692036,136.096548267939,136.685675,136.691540711464,136.599157714844,136.603301769657
931.75,136.139128,136.09821073555,136.096448364421,136.096448364421,136.096520954568,136.720825,136.726727870047,136.599328613281,136.603467789623
931.8,136.139128,136.098186659945,136.096421036806,136.096421036806,136.096493641196,136.755975,136.761915028631,136.599499511719,136.60363380959
931.85,136.139128,136.09816258434,136.09639370919,136.09639370919,136.096466327825,136.791125,136.797102187215,136.599670410156,136.603799829556
931.9,136.139128,136.098138508735,136.096366381575,136.096366381575,136.096439014453,136.826275,136.832289345799,136.599841308594,136.603965849522
931.95,136.139128,136.098114433131,136.09633905396,136.09633905396,136.096411701082,136.861425,136.867476504383,136.600012207031,136.604131869488
932,136.139128,136.098090357526,136.096311726345,136.096311726345,136.09638438771,136.879425,136.885513662967,136.600183105469,136.604297889455
932.05,136.139128,136.098066281921,136.09628439873,136.09628439873,136.096357074339,136.880275,136.886400821551,136.600354003906,136.604463909421
932.1,136.139128,136.098042206316,136.096257071115,136.096257071115,136.096329760967,136.881125,136.887287980135,136.600524902344,136.604629929387
932.15,136.139128,136.098018130712,136.0962297435,136.0962297435,136.096302447596,136.881975,136.888175138718,136.600695800781,136.604795949353
932.2,136.139128,136.097994055107,136.096202415885,136.096202415885,136.096275134224,136.882825,136.889062297302,136.600866699219,136.60496196932
932.25,136.139128,136.097969979502,136.09617508827,136.09617508827,136.096247820853,136.883675,136.889949455886,136.601037597656,136.605127989286
932.3,136.139128,136.097945903897,136.096147760655,136.096147760655,136.096220507482,136.884525,136.89083661447,136.601208496094,136.605294009252
932.35,136.139128,136.097921828292,136.09612043304,136.09612043304,136.09619319411,136.885375,136.891723773054,136.601379394531,136.605460029218
932.4,136.139128,136.097897752688,136.096093105425,136.096093105425,136.096165880739,136.886225,136.892610931638,136.601550292969,136.605626049184
932.45,136.139128,136.097873677083,136.096065777809,136.096065777809,136.096138567367,136.887075,136.893498090222,136.601721191406,136.605792069151
932.5,136.139128,136.097849601478,136.096038450194,136.096038450194,136.096111253996,136.887925,136.894385248806,136.601892089844,136.605958089117
932.55,136.139128,136.097825525873,136.096011122579,136.096011122579,136.096083940624,136.888775,136.89527240739,136.602062988281,136.606124109083
932.6,136.139128,136.097801450269,136.095983794964,136.095983794964,136.096056627253,136.889625,136.896159565973,136.602233886719,136.606290129049
932.65,136.139128,136.097777374664,136.095956467349,136.095956467349,136.096029313881,136.890475,136.897046724557,136.602404785156,136.606456149016
932.7,136.139128,136.097753299059,136.095929139734,136.095929139734,136.09600200051,136.891325,136.897933883141,136.602575683594,136.606622168982
932.75,136.139128,136.097729223454,136.095901812119,136.095901812119,136.095974687138,136.892175,136.898821041725,136.602746582031,136.606788188948
932.8,136.139128,136.097705147849,136.095874484504,136.095874484504,136.095947373767,136.893025,136.899708200309,136.602917480469,136.606954208914
932.85,136.139128,136.097681072245,136.095847156889,136.095847156889,136.095920060396,136.893875,136.900595358893,136.603088378906,136.607120228881
932.9,136.139128,136.09765699664,136.095819829274,136.095819829274,136.095892747024,136.894725,136.901482517477,136.603259277344,136.607286248847
932.95,136.139128,136.097632921035,136.095792501659,136.095792501659,136.095865433653,136.895575,136.902369676061,136.603430175781,136.607452268813
933,136.139128,136.09748384543,136.095640174044,136.095640174044,136.095713120281,136.896,136.902831834645,136.603601074219,136.607618288779
933.05,136.139128,136.097209769826,136.095362846428,136.095362846428,136.09543580691,136.896,136.902868993228,136.603771972656,136.607784308745
933.1,136.139128,136.096935694221,136.095085518813,136.095085518813,136.095158493538,136.896,136.902906151812,136.603942871094,136.607950328712
933.15,136.139128,136.096661618616,136.094808191198,136.094808191198,136.094881180167,136.896,136.902943310396,136.604113769531,136.608116348678
933.2,136.139128,136.096387543011,136.094530863583,136.094530863583,136.094603866795,136.896,136.90298046898,136.604284667969,136.608282368644
933.25,136.139128,136.096113467406,136.094253535968,136.094253535968,136.094326553424,136.896,136.903017627564,136.604455566406,136.60844838861
933.3,136.139128,136.095839391802,136.093976208353,136.093976208353,136.094049240052,136.896,136.903054786148,136.604626464844,136.608614408577
933.35,136.139128,136.095565316197,136.093698880738,136.093698880738,136.093771926681,136.896,136.903091944732,136.604797363281,136.608780428543
933.4,136.139128,136.095291240592,136.093421553123,136.093421553123,136.09349461331,136.896,136.903129103316,136.604968261719,136.608946448509
933.45,136.139128,136.095017164987,136.093144225508,136.093144225508,136.093217299938,136.896,136.9031662619,136.605139160156,136.609112468475
933.5,136.139128,136.094743089383,136.092866897893,136.092866897893,136.092939986567,136.896,136.903203420483,136.605310058594,136.609278488442
933.55,136.139128,136.094469013778,136.092589570278,136.092589570278,136.092662673195,136.896,136.903240579067,136.605480957031,136.609444508408
933.6,136.139128,136.094194938173,136.092312242663,136.092312242663,136.092385359824,136.896,136.903277737651,136.605651855469,136.609610528374
933.65,136.139128,136.093920862568,136.092034915047,136.092034915047,136.092108046452,136.896,136.903314896235,136.605822753906,136.60977654834
933.7,136.139128,136.093646786963,136.091757587432,136.091757587432,136.091830733081,136.896,136.903352054819,136.605993652344,136.609942568306
933.75,136.139128,136.093372711359,136.091480259817,136.091480259817,136.091553419709,136.896,136.903389213403,136.606164550781,136.610108588273
933.8,136.139128,136.093098635754,136.091202932202,136.091202932202,136.091276106338,136.896,136.903426371987,136.606335449219,136.610274608239
933.85,136.139128,136.092824560149,136.090925604587,136.090925604587,136.090998792967,136.896,136.903463530571,136.606506347656,136.610440628205
933.9,136.139128,136.092550484544,136.090648276972,136.090648276972,136.090721479595,136.896,136.903500689154,136.606677246094,136.610606648171
933.95,136.139128,136.09227640894,136.090370949357,136.090370949357,136.090444166224,136.896,136.903537847738,136.606848144531,136.610772668138
934,136.139128,136.092002333335,136.090093621742,136.090093621742,136.090166852852,136.896,136.903575006322,136.607019042969,136.610938688104
934.05,136.139128,136.09172825773,136.089816294127,136.089816294127,136.089889539481,136.896,136.903612164906,136.607189941406,136.61110470807
934.1,136.139128,136.091454182125,136.089538966512,136.089538966512,136.089612226109,136.896,136.90364932349,136.607360839844,136.611270728036
934.15,136.139128,136.09118010652,136.089261638897,136.089261638897,136.089334912738,136.896,136.903686482074,136.607531738281,136.611436748002
934.2,136.139128,136.090906030916,136.088984311281,136.088984311281,136.089057599366,136.896,136.903723640658,136.607702636719,136.611602767969
934.25,136.139128,136.090631955311,136.088706983666,136.088706983666,136.088780285995,136.896,136.903760799242,136.607873535156,136.611768787935
934.3,136.139128,136.090357879706,136.088429656051,136.088429656051,136.088502972623,136.896,136.903797957826,136.608044433594,136.611934807901
934.35,136.139128,136.090083804101,136.088152328436,136.088152328436,136.088225659252,136.896,136.903835116409,136.608215332031,136.612100827867
934.4,136.139128,136.089809728497,136.087875000821,136.087875000821,136.087948345881,136.896,136.903872274993,136.608386230469,136.612266847834
934.45,136.139128,136.089535652892,136.087597673206,136.087597673206,136.087671032509,136.896,136.903909433577,136.608557128906,136.6124328678
934.5,136.139128,136.089261577287,136.087320345591,136.087320345591,136.087393719138,136.896,136.903946592161,136.608728027344,136.612598887766
934.55,136.139128,136.088987501682,136.087043017976,136.087043017976,136.087116405766,136.896,136.903983750745,136.608898925781,136.612764907732
934.6,136.139128,136.088713426077,136.086765690361,136.086765690361,136.086839092395,136.896,136.904020909329,136.609069824219,136.612930927699
934.65,136.139128,136.088439350473,136.086488362746,136.086488362746,136.086561779023,136.896,136.904058067913,136.609240722656,136.613096947665
934.7,136.139128,136.088165274868,136.086211035131,136.086211035131,136.086284465652,136.896,136.904095226497,136.609411621094,136.613262967631
934.75,136.139128,136.087891199263,136.085933707516,136.085933707516,136.08600715228,136.896,136.904132385081,136.609582519531,136.613428987597
934.8,136.139128,136.087617123658,136.0856563799,136.0856563799,136.085729838909,136.896,136.904169543664,136.609753417969,136.613595007563
934.85,136.139128,136.087343048054,136.085379052285,136.085379052285,136.085452525537,136.896,136.904206702248,136.609924316406,136.61376102753
934.9,136.139128,136.087068972449,136.08510172467,136.08510172467,136.085175212166,136.896,136.904243860832,136.610095214844,136.613927047496
934.95,136.139128,136.086794896844,136.084824397055,136.084824397055,136.084897898795,136.896,136.904281019416,136.610266113281,136.614093067462
935,136.139128,136.086520821239,136.08454706944,136.08454706944,136.084620585423,136.8756,136.883918178,136.610437011719,136.614259087428
935.05,136.139128,136.086246745634,136.084269741825,136.084269741825,136.084343272052,136.8348,136.843155336584,136.610607910156,136.614425107395
935.1,136.139128,136.08597267003,136.08399241421,136.08399241421,136.08406595868,136.794,136.802392495168,136.610778808594,136.614591127361
935.15,136.139128,136.085698594425,136.083715086595,136.083715086595,136.083788645309,136.7532,136.761629653752,136.610949707031,136.614757147327
935.2,136.139128,136.08542451882,136.08343775898,136.08343775898,136.083511331937,136.7124,136.720866812335,136.611120605469,136.614923167293
935.25,136.139128,136.085150443215,136.083160431365,136.083160431365,136.083234018566,136.6716,136.680103970919,136.611291503906,136.61508918726
935.3,136.139128,136.084876367611,136.08288310375,136.08288310375,136.082956705194,136.6308,136.639341129503,136.611462402344,136.615255207226
935.35,136.139128,136.084602292006,136.082605776134,136.082605776134,136.082679391823,136.59,136.598578288087,136.611633300781,136.615421227192
935.4,136.139128,136.084328216401,136.082328448519,136.082328448519,136.082402078451,136.5492,136.557815446671,136.611804199219,136.615587247158
935.45,136.139128,136.084054140796,136.082051120904,136.082051120904,136.08212476508,136.5084,136.517052605255,136.611975097656,136.615753267124
935.5,136.139128,136.083780065191,136.081773793289,136.081773793289,136.081847451709,136.4676,136.476289763839,136.612145996094,136.615919287091
935.55,136.139128,136.083505989587,136.081496465674,136.081496465674,136.081570138337,136.4268,136.435526922423,136.612316894531,136.616085307057
935.6,136.139128,136.083231913982,136.081219138059,136.081219138059,136.081292824966,136.386,136.394764081007,136.612487792969,136.616251327023
935.65,136.139128,136.082957838377,136.080941810444,136.080941810444,136.081015511594,136.3452,136.35400123959,136.612658691406,136.616417346989
935.7,136.139128,136.082683762772,136.080664482829,136.080664482829,136.080738198223,136.3044,136.313238398174,136.612829589844,136.616583366956
935.75,136.139128,136.082409687168,136.080387155214,136.080387155214,136.080460884851,136.2636,136.272475556758,136.613000488281,136.616749386922
935.8,136.139128,136.082135611563,136.080109827599,136.080109827599,136.08018357148,136.2228,136.231712715342,136.613171386719,136.616915406888
935.85,136.139128,136.081861535958,136.079832499984,136.079832499984,136.079906258108,136.182,136.190949873926,136.613342285156,136.617081426854
935.9,136.139128,136.081587460353,136.079555172369,136.079555172369,136.079628944737,136.1412,136.15018703251,136.613513183594,136.61724744682
935.95,136.139128,136.081313384749,136.079277844753,136.079277844753,136.079351631365,136.1004,136.109424191094,136.613684082031,136.617413466787
936,136.139128,136.081039309144,136.079000517138,136.079000517138,136.079074317994,136.0793,136.088361349678,136.613854980469,136.617579486753
936.05,136.139128,136.080765233539,136.078723189523,136.078723189523,136.078797004623,136.0779,136.086998508262,136.614025878906,136.617745506719
936.1,136.139128,136.080491157934,136.078445861908,136.078445861908,136.078519691251,136.0765,136.085635666845,136.614196777344,136.617911526685
936.15,136.139128,136.080217082329,136.078168534293,136.078168534293,136.07824237788,136.0751,136.084272825429,136.614367675781,136.618077546652
936.2,136.139128,136.079943006725,136.077891206678,136.077891206678,136.077965064508,136.0737,136.082909984013,136.614538574219,136.618243566618
936.25,136.139128,136.07966893112,136.077613879063,136.077613879063,136.077687751137,136.0723,136.081547142597,136.614709472656,136.618409586584
936.3,136.139128,136.079394855515,136.077336551448,136.077336551448,136.077410437765,136.0709,136.080184301181,136.614880371094,136.61857560655
936.35,136.139128,136.07912077991,136.077059223833,136.077059223833,136.077133124394,136.0695,136.078821459765,136.615051269531,136.618741626517
936.4,136.139128,136.078846704306,136.076781896218,136.076781896218,136.076855811022,136.0681,136.077458618349,136.615222167969,136.618907646483
936.45,136.139128,136.078572628701,136.076504568603,136.076504568603,136.076578497651,136.0667,136.076095776933,136.615393066406,136.619073666449
936.5,136.139128,136.078298553096,136.076227240988,136.076227240988,136.076301184279,136.0653,136.074732935516,136.615563964844,136.619239686415
936.55,136.139128,136.078024477491,136.075949913372,136.075949913372,136.076023870908,136.0639,136.0733700941,136.615734863281,136.619405706381
936.6,136.139128,136.077750401886,136.075672585757,136.075672585757,136.075746557537,136.0625,136.072007252684,136.615905761719,136.619571726348
936.65,136.139128,136.077476326282,136.075395258142,136.075395258142,136.075469244165,136.0611,136.070644411268,136.616076660156,136.619737746314
936.7,136.139128,136.077202250677,136.075117930527,136.075117930527,136.075191930794,136.0597,136.069281569852,136.616247558594,136.61990376628
936.75,136.139128,136.076928175072,136.074840602912,136.074840602912,136.074914617422,136.0583,136.067918728436,136.616418457031,136.620069786246
936.8,136.139128,136.076654099467,136.074563275297,136.074563275297,136.074637304051,136.0569,136.06655588702,136.616589355469,136.620235806213
936.85,136.139128,136.076380023863,136.074285947682,136.074285947682,136.074359990679,136.0555,136.065193045604,136.616760253906,136.620401826179
936.9,136.139128,136.076105948258,136.074008620067,136.074008620067,136.074082677308,136.0541,136.063830204188,136.616931152344,136.620567846145
936.95,136.139128,136.075831872653,136.073731292452,136.073731292452,136.073805363936,136.0527,136.062467362771,136.617102050781,136.620733866111
937,136.139128,136.075557797048,136.073453964837,136.073453964837,136.073528050565,136.052,136.061804521355,136.617053222656,136.620680159515
937.05,136.139128,136.075283721443,136.073176637222,136.073176637222,136.073250737193,136.052,136.061841679939,136.616784667969,136.620406726356
937.1,136.139128,136.075009645839,136.072899309606,136.072899309606,136.072973423822,136.052,136.061878838523,136.616516113281,136.620133293197
937.15,136.139128,136.074735570234,136.072621981991,136.072621981991,136.072696110451,136.052,136.061915997107,136.616247558594,136.619859860039
937.2,136.139128,136.074461494629,136.072344654376,136.072344654376,136.072418797079,136.052,136.061953155691,136.615979003906,136.61958642688
937.25,136.139128,136.074187419024,136.072067326761,136.072067326761,136.072141483708,136.052,136.061990314275,136.615710449219,136.619312993721
937.3,136.139128,136.07391334342,136.071789999146,136.071789999146,136.071864170336,136.052,136.062027472859,136.615441894531,136.619039560562
937.35,136.139128,136.073639267815,136.071512671531,136.071512671531,136.071586856965,136.052,136.062064631443,136.615173339844,136.618766127404
937.4,136.139128,136.07336519221,136.071235343916,136.071235343916,136.071309543593,136.052,136.062101790026,136.614904785156,136.618492694245
937.45,136.139128,136.073091116605,136.070958016301,136.070958016301,136.071032230222,136.052,136.06213894861,136.614636230469,136.618219261086
937.5,136.139128,136.072817041,136.070680688686,136.070680688686,136.07075491685,136.052,136.062176107194,136.614367675781,136.617945827927
937.55,136.139128,136.072542965396,136.070403361071,136.070403361071,136.070477603479,136.052,136.062213265778,136.614099121094,136.617672394769
937.6,136.139128,136.072268889791,136.070126033456,136.070126033456,136.070200290107,136.052,136.062250424362,136.613830566406,136.61739896161
937.65,136.139128,136.071994814186,136.069848705841,136.069848705841,136.069922976736,136.052,136.062287582946,136.613562011719,136.617125528451
937.7,136.139128,136.071720738581,136.069571378225,136.069571378225,136.069645663365,136.052,136.06232474153,136.613293457031,136.616852095292
937.75,136.139128,136.071446662977,136.06929405061,136.06929405061,136.069368349993,136.052,136.062361900114,136.613024902344,136.616578662133
937.8,136.139128,136.071172587372,136.069016722995,136.069016722995,136.069091036622,136.052,136.062399058697,136.612756347656,136.616305228975
937.85,136.139128,136.070898511767,136.06873939538,136.06873939538,136.06881372325,136.052,136.062436217281,136.612487792969,136.616031795816
937.9,136.139128,136.070624436162,136.068462067765,136.068462067765,136.068536409879,136.052,136.062473375865,136.612219238281,136.615758362657
937.95,136.139128,136.070350360557,136.06818474015,136.06818474015,136.068259096507,136.052,136.062510534449,136.611950683594,136.615484929498
938,136.139128,136.070201284953,136.068032412535,136.068032412535,136.068106783136,136.052,136.062547693033,136.611682128906,136.61521149634
938.05,136.139128,136.070177209348,136.06800508492,136.06800508492,136.068079469764,136.052,136.062584851617,136.611413574219,136.614938063181
938.1,136.139128,136.070153133743,136.067977757305,136.067977757305,136.068052156393,136.052,136.062622010201,136.611145019531,136.614664630022
938.15,136.139128,136.070129058138,136.06795042969,136.06795042969,136.068024843021,136.052,136.062659168785,136.610876464844,136.614391196863
938.2,136.139128,136.070104982534,136.067923102075,136.067923102075,136.06799752965,136.052,136.062696327369,136.610607910156,136.614117763705
938.25,136.139128,136.070080906929,136.06789577446,136.06789577446,136.067970216279,136.052,136.062733485952,136.610339355469,136.613844330546
938.3,136.139128,136.070056831324,136.067868446844,136.067868446844,136.067942902907,136.052,136.062770644536,136.610070800781,136.613570897387
938.35,136.139128,136.070032755719,136.067841119229,136.067841119229,136.067915589536,136.052,136.06280780312,136.609802246094,136.613297464228
938.4,136.139128,136.070008680114,136.067813791614,136.067813791614,136.067888276164,136.052,136.062844961704,136.609533691406,136.613024031069
938.45,136.139128,136.06998460451,136.067786463999,136.067786463999,136.067860962793,136.052,136.062882120288,136.609265136719,136.612750597911
938.5,136.139128,136.069960528905,136.067759136384,136.067759136384,136.067833649421,136.052,136.062919278872,136.608996582031,136.612477164752
938.55,136.139128,136.0699364533,136.067731808769,136.067731808769,136.06780633605,136.052,136.062956437456,136.608728027344,136.612203731593
938.6,136.139128,136.069912377695,136.067704481154,136.067704481154,136.067779022678,136.052,136.06299359604,136.608459472656,136.611930298434
938.65,136.139128,136.069888302091,136.067677153539,136.067677153539,136.067751709307,136.052,136.063030754624,136.608190917969,136.611656865276
938.7,136.139128,136.069864226486,136.067649825924,136.067649825924,136.067724395935,136.052,136.063067913207,136.607922363281,136.611383432117
938.75,136.139128,136.069840150881,136.067622498309,136.067622498309,136.067697082564,136.052,136.063105071791,136.607653808594,136.611109998958
938.8,136.139128,136.069816075276,136.067595170694,136.067595170694,136.067669769193,136.052,136.063142230375,136.607385253906,136.610836565799
938.85,136.139128,136.069791999671,136.067567843078,136.067567843078,136.067642455821,136.052,136.063179388959,136.607116699219,136.61056313264
938.9,136.139128,136.069767924067,136.067540515463,136.067540515463,136.06761514245,136.052,136.063216547543,136.606848144531,136.610289699482
938.95,136.139128,136.069743848462,136.067513187848,136.067513187848,136.067587829078,136.052,136.063253706127,136.606579589844,136.610016266323
939,136.139128,136.069719772857,136.067485860233,136.067485860233,136.067560515707,136.0667,136.077990864711,136.606311035156,136.609742833164
939.05,136.139128,136.069695697252,136.067458532618,136.067458532618,136.067533202335,136.0961,136.107428023295,136.606042480469,136.609469400005
939.1,136.139128,136.069671621648,136.067431205003,136.067431205003,136.067505888964,136.1255,136.136865181879,136.605773925781,136.609195966847
939.15,136.139128,136.069647546043,136.067403877388,136.067403877388,136.067478575592,136.1549,136.166302340462,136.605505371094,136.608922533688
939.2,136.139128,136.069623470438,136.067376549773,136.067376549773,136.067451262221,136.1843,136.195739499046,136.605236816406,136.608649100529
939.25,136.139128,136.069599394833,136.067349222158,136.067349222158,136.067423948849,136.2137,136.22517665763,136.604968261719,136.60837566737
939.3,136.139128,136.069575319228,136.067321894543,136.067321894543,136.067396635478,136.2431,136.254613816214,136.604699707031,136.608102234212
939.35,136.139128,136.069551243624,136.067294566928,136.067294566928,136.067369322107,136.2725,136.284050974798,136.604431152344,136.607828801053
939.4,136.139128,136.069527168019,136.067267239313,136.067267239313,136.067342008735,136.3019,136.313488133382,136.604162597656,136.607555367894
939.45,136.139128,136.069503092414,136.067239911697,136.067239911697,136.067314695364,136.3313,136.342925291966,136.603894042969,136.607281934735
939.5,136.139128,136.069479016809,136.067212584082,136.067212584082,136.067287381992,136.3607,136.37236245055,136.603625488281,136.607008501576
939.55,136.139128,136.069454941205,136.067185256467,136.067185256467,136.067260068621,136.3901,136.401799609133,136.603356933594,136.606735068418
939.6,136.139128,136.0694308656,136.067157928852,136.067157928852,136.067232755249,136.4195,136.431236767717,136.603088378906,136.606461635259
939.65,136.139128,136.069406789995,136.067130601237,136.067130601237,136.067205441878,136.4489,136.460673926301,136.602819824219,136.6061882021
939.7,136.139128,136.06938271439,136.067103273622,136.067103273622,136.067178128506,136.4783,136.490111084885,136.602551269531,136.605914768941
939.75,136.139128,136.069358638785,136.067075946007,136.067075946007,136.067150815135,136.5077,136.519548243469,136.602282714844,136.605641335783
939.8,136.139128,136.069334563181,136.067048618392,136.067048618392,136.067123501763,136.5371,136.548985402053,136.602014160156,136.605367902624
939.85,136.139128,136.069310487576,136.067021290777,136.067021290777,136.067096188392,136.5665,136.578422560637,136.601745605469,136.605094469465
939.9,136.139128,136.069286411971,136.066993963162,136.066993963162,136.067068875021,136.5959,136.607859719221,136.601477050781,136.604821036306
939.95,136.139128,136.069262336366,136.066966635547,136.066966635547,136.067041561649,136.6253,136.637296877805,136.601208496094,136.604547603148
940,136.139128,136.069238260762,136.066939307932,136.066939307932,136.067014248278,136.64,136.652034036388,136.600939941406,136.604274169989
940.05,136.139128,136.069246298285,136.066926238059,136.066926238059,136.067001003156,136.64,136.652048213176,136.600671386719,136.60399234137
940.1,136.139128,136.069254335809,136.066913168187,136.066913168187,136.066987758035,136.64,136.652062389963,136.600402832031,136.603710512752
940.15,136.139128,136.069262373332,136.066900098314,136.066900098314,136.066974512914,136.64,136.65207656675,136.600134277344,136.603428684134
940.2,136.139128,136.069270410856,136.066887028442,136.066887028442,136.066961267792,136.64,136.652090743537,136.599865722656,136.603146855515
940.25,136.139128,136.069278448379,136.066873958569,136.066873958569,136.066948022671,136.64,136.652104920324,136.599597167969,136.602865026897
940.3,136.139128,136.069286485903,136.066860888697,136.066860888697,136.06693477755,136.64,136.652119097111,136.599328613281,136.602583198279
940.35,136.139128,136.069294523426,136.066847818824,136.066847818824,136.066921532429,136.64,136.652133273899,136.599060058594,136.602301369661
940.4,136.139128,136.06930256095,136.066834748952,136.066834748952,136.066908287307,136.64,136.652147450686,136.598791503906,136.602019541042
940.45,136.139128,136.069310598473,136.066821679079,136.066821679079,136.066895042186,136.64,136.652161627473,136.598522949219,136.601737712424
940.5,136.139128,136.069318635997,136.066808609207,136.066808609207,136.066881797065,136.64,136.65217580426,136.598254394531,136.601455883806
940.55,136.139128,136.06932667352,136.066795539334,136.066795539334,136.066868551943,136.64,136.652189981047,136.597985839844,136.601174055187
940.6,136.139128,136.069334711044,136.066782469462,136.066782469462,136.066855306822,136.64,136.652204157835,136.597717285156,136.600892226569
940.65,136.139128,136.069342748568,136.066769399589,136.066769399589,136.066842061701,136.64,136.652218334622,136.597448730469,136.600610397951
940.7,136.139128,136.069350786091,136.066756329717,136.066756329717,136.06682881658,136.64,136.652232511409,136.597180175781,136.600328569332
940.75,136.139128,136.069358823615,136.066743259844,136.066743259844,136.066815571458,136.64,136.652246688196,136.596911621094,136.600046740714
940.8,136.139128,136.069366861138,136.066730189972,136.066730189972,136.066802326337,136.64,136.652260864983,136.596643066406,136.599764912096
940.85,136.139128,136.069374898662,136.066717120099,136.066717120099,136.066789081216,136.64,136.65227504177,136.596374511719,136.599483083477
940.9,136.139128,136.069382936185,136.066704050227,136.066704050227,136.066775836094,136.64,136.652289218558,136.596105957031,136.599201254859
940.95,136.139128,136.069390973709,136.066690980354,136.066690980354,136.066762590973,136.64,136.652303395345,136.595837402344,136.598919426241
941,136.139128,136.069399011232,136.066677910482,136.066677910482,136.066749345852,136.64,136.652317572132,136.595568847656,136.598637597622
941.05,136.139128,136.069407048756,136.066664840609,136.066664840609,136.06673610073,136.64,136.652331748919,136.595300292969,136.598355769004
941.1,136.139128,136.069415086279,136.066651770737,136.066651770737,136.066722855609,136.64,136.652345925706,136.595031738281,136.598073940386
941.15,136.139128,136.069423123803,136.066638700864,136.066638700864,136.066709610488,136.64,136.652360102493,136.594763183594,136.597792111767
941.2,136.139128,136.069431161326,136.066625630992,136.066625630992,136.066696365367,136.64,136.652374279281,136.594494628906,136.597510283149
941.25,136.139128,136.06943919885,136.066612561119,136.066612561119,136.066683120245,136.64,136.652388456068,136.594226074219,136.597228454531
941.3,136.139128,136.069447236373,136.066599491247,136.066599491247,136.066669875124,136.64,136.652402632855,136.593957519531,136.596946625912
941.35,136.139128,136.069455273897,136.066586421374,136.066586421374,136.066656630003,136.64,136.652416809642,136.593688964844,136.596664797294
941.4,136.139128,136.069463311421,136.066573351502,136.066573351502,136.066643384881,136.64,136.652430986429,136.593420410156,136.596382968676
941.45,136.139128,136.069471348944,136.06656028163,136.06656028163,136.06663013976,136.64,136.652445163216,136.593151855469,136.596101140057
941.5,136.139128,136.069479386468,136.066547211757,136.066547211757,136.066616894639,136.64,136.652459340004,136.592883300781,136.595819311439
941.55,136.139128,136.069487423991,136.066534141885,136.066534141885,136.066603649517,136.64,136.652473516791,136.592614746094,136.595537482821
941.6,136.139128,136.069495461515,136.066521072012,136.066521072012,136.066590404396,136.64,136.652487693578,136.592346191406,136.595255654203
941.65,136.139128,136.069503499038,136.06650800214,136.06650800214,136.066577159275,136.64,136.652501870365,136.592077636719,136.594973825584
941.7,136.139128,136.069511536562,136.066494932267,136.066494932267,136.066563914154,136.64,136.652516047152,136.591809082031,136.594691996966
941.75,136.139128,136.069519574085,136.066481862395,136.066481862395,136.066550669032,136.64,136.652530223939,136.591540527344,136.594410168348
941.8,136.139128,136.069527611609,136.066468792522,136.066468792522,136.066537423911,136.64,136.652544400727,136.591271972656,136.594128339729
941.85,136.139128,136.069535649132,136.06645572265,136.06645572265,136.06652417879,136.64,136.652558577514,136.591003417969,136.593846511111
941.9,136.139128,136.069543686656,136.066442652777,136.066442652777,136.066510933668,136.64,136.652572754301,136.590734863281,136.593564682493
941.95,136.139128,136.069551724179,136.066429582905,136.066429582905,136.066497688547,136.64,136.652586931088,136.590466308594,136.593282853874
942,136.139128,136.069559761703,136.066416513032,136.066416513032,136.066484443426,136.6395,136.652101107875,136.590197753906,136.593001025256
942.05,136.139128,136.069567799227,136.06640344316,136.06640344316,136.066471198304,136.6385,136.651115284663,136.589929199219,136.592719196638
942.1,136.139128,136.06957583675,136.066390373287,136.066390373287,136.066457953183,136.6375,136.65012946145,136.589660644531,136.592437368019
942.15,136.139128,136.069583874274,136.066377303415,136.066377303415,136.066444708062,136.6365,136.649143638237,136.589392089844,136.592155539401
942.2,136.139128,136.069591911797,136.066364233542,136.066364233542,136.066431462941,136.6355,136.648157815024,136.589123535156,136.591873710783
942.25,136.139128,136.069599949321,136.06635116367,136.06635116367,136.066418217819,136.6345,136.647171991811,136.588854980469,136.591591882164
942.3,136.139128,136.069607986844,136.066338093797,136.066338093797,136.066404972698,136.6335,136.646186168598,136.588586425781,136.591310053546
942.35,136.139128,136.069616024368,136.066325023925,136.066325023925,136.066391727577,136.6325,136.645200345386,136.588317871094,136.591028224928
942.4,136.139128,136.069624061891,136.066311954052,136.066311954052,136.066378482455,136.6315,136.644214522173,136.588049316406,136.590746396309
942.45,136.139128,136.069632099415,136.06629888418,136.06629888418,136.066365237334,136.6305,136.64322869896,136.587780761719,136.590464567691
942.5,136.139128,136.069640136938,136.066285814307,136.066285814307,136.066351992213,136.6295,136.642242875747,136.587512207031,136.590182739073
942.55,136.139128,136.069648174462,136.066272744435,136.066272744435,136.066338747091,136.6285,136.641257052534,136.587243652344,136.589900910454
942.6,136.139128,136.069656211985,136.066259674562,136.066259674562,136.06632550197,136.6275,136.640271229321,136.586975097656,136.589619081836
942.65,136.139128,136.069664249509,136.06624660469,136.06624660469,136.066312256849,136.6265,136.639285406109,136.586706542969,136.589337253218
942.7,136.139128,136.069672287032,136.066233534817,136.066233534817,136.066299011728,136.6255,136.638299582896,136.586437988281,136.589055424599
942.75,136.139128,136.069680324556,136.066220464945,136.066220464945,136.066285766606,136.6245,136.637313759683,136.586169433594,136.588773595981
942.8,136.139128,136.06968836208,136.066207395073,136.066207395073,136.066272521485,136.6235,136.63632793647,136.585900878906,136.588491767363
942.85,136.139128,136.069696399603,136.0661943252,136.0661943252,136.066259276364,136.6225,136.635342113257,136.585632324219,136.588209938745
942.9,136.139128,136.069704437127,136.066181255328,136.066181255328,136.066246031242,136.6215,136.634356290044,136.585363769531,136.587928110126
942.95,136.139128,136.06971247465,136.066168185455,136.066168185455,136.066232786121,136.6205,136.633370466832,136.585095214844,136.587646281508
943,136.139128,136.069720512174,136.066155115583,136.066155115583,136.066219541,136.619175,136.632059643619,136.584826660156,136.58736445289
943.05,136.139128,136.069728549697,136.06614204571,136.06614204571,136.066206295879,136.617525,136.630423820406,136.584558105469,136.587082624271
943.1,136.139128,136.069736587221,136.066128975838,136.066128975838,136.066193050757,136.615875,136.628787997193,136.584289550781,136.586800795653
943.15,136.139128,136.069744624744,136.066115905965,136.066115905965,136.066179805636,136.614225,136.62715217398,136.584020996094,136.586518967035
943.2,136.139128,136.069752662268,136.066102836093,136.066102836093,136.066166560515,136.612575,136.625516350768,136.583752441406,136.586237138416
943.25,136.139128,136.069760699791,136.06608976622,136.06608976622,136.066153315393,136.610925,136.623880527555,136.583483886719,136.585955309798
943.3,136.139128,136.069768737315,136.066076696348,136.066076696348,136.066140070272,136.609275,136.622244704342,136.583215332031,136.58567348118
943.35,136.139128,136.069776774838,136.066063626475,136.066063626475,136.066126825151,136.607625,136.620608881129,136.582946777344,136.585391652561
943.4,136.139128,136.069784812362,136.066050556603,136.066050556603,136.066113580029,136.605975,136.618973057916,136.582678222656,136.585109823943
943.45,136.139128,136.069792849885,136.06603748673,136.06603748673,136.066100334908,136.604325,136.617337234703,136.582409667969,136.584827995325
943.5,136.139128,136.069800887409,136.066024416858,136.066024416858,136.066087089787,136.602675,136.615701411491,136.582141113281,136.584546166706
943.55,136.139128,136.069808924933,136.066011346985,136.066011346985,136.066073844666,136.601025,136.614065588278,136.581872558594,136.584264338088
943.6,136.139128,136.069816962456,136.065998277113,136.065998277113,136.066060599544,136.599375,136.612429765065,136.581604003906,136.58398250947
943.65,136.139128,136.06982499998,136.06598520724,136.06598520724,136.066047354423,136.597725,136.610793941852,136.581335449219,136.583700680851
943.7,136.139128,136.069833037503,136.065972137368,136.065972137368,136.066034109302,136.596075,136.609158118639,136.581066894531,136.583418852233
943.75,136.139128,136.069841075027,136.065959067495,136.065959067495,136.06602086418,136.594425,136.607522295426,136.580798339844,136.583137023615
943.8,136.139128,136.06984911255,136.065945997623,136.065945997623,136.066007619059,136.592775,136.605886472214,136.580529785156,136.582855194996
943.85,136.139128,136.069857150074,136.06593292775,136.06593292775,136.065994373938,136.591125,136.604250649001,136.580261230469,136.582573366378
943.9,136.139128,136.069865187597,136.065919857878,136.065919857878,136.065981128816,136.589475,136.602614825788,136.579992675781,136.58229153776
943.95,136.139128,136.069873225121,136.065906788005,136.065906788005,136.065967883695,136.587825,136.600979002575,136.579724121094,136.582009709141
944,136.139128,136.069881262644,136.065893718133,136.065893718133,136.065954638574,136.586025,136.599193179362,136.579455566406,136.581727880523
944.05,136.139128,136.069889300168,136.065880648261,136.065880648261,136.065941393453,136.584075,136.597257356149,136.579187011719,136.581446051905
944.1,136.139128,136.069897337691,136.065867578388,136.065867578388,136.065928148331,136.582125,136.595321532937,136.578918457031,136.581164223287
944.15,136.139128,136.069905375215,136.065854508516,136.065854508516,136.06591490321,136.580175,136.593385709724,136.578649902344,136.580882394668
944.2,136.139128,136.069913412739,136.065841438643,136.065841438643,136.065901658089,136.578225,136.591449886511,136.578381347656,136.58060056605
944.25,136.139128,136.069921450262,136.065828368771,136.065828368771,136.065888412967,136.576275,136.589514063298,136.578112792969,136.580318737432
944.3,136.139128,136.069929487786,136.065815298898,136.065815298898,136.065875167846,136.574325,136.587578240085,136.577844238281,136.580036908813
944.35,136.139128,136.069937525309,136.065802229026,136.065802229026,136.065861922725,136.572375,136.585642416873,136.577575683594,136.579755080195
944.4,136.139128,136.069945562833,136.065789159153,136.065789159153,136.065848677603,136.570425,136.58370659366,136.577307128906,136.579473251577
944.45,136.139128,136.069953600356,136.065776089281,136.065776089281,136.065835432482,136.568475,136.581770770447,136.577038574219,136.579191422958
944.5,136.139128,136.06996163788,136.065763019408,136.065763019408,136.065822187361,136.566525,136.579834947234,136.576770019531,136.57890959434
944.55,136.139128,136.069969675403,136.065749949536,136.065749949536,136.06580894224,136.564575,136.577899124021,136.576501464844,136.578627765722
944.6,136.139128,136.069977712927,136.065736879663,136.065736879663,136.065795697118,136.562625,136.575963300808,136.576232910156,136.578345937103
944.65,136.139128,136.06998575045,136.065723809791,136.065723809791,136.065782451997,136.560675,136.574027477596,136.575964355469,136.578064108485
944.7,136.139128,136.069993787974,136.065710739918,136.065710739918,136.065769206876,136.558725,136.572091654383,136.575695800781,136.577782279867
944.75,136.139128,136.070001825497,136.065697670046,136.065697670046,136.065755961754,136.556775,136.57015583117,136.575427246094,136.577500451248
944.8,136.139128,136.070009863021,136.065684600173,136.065684600173,136.065742716633,136.554825,136.568220007957,136.575158691406,136.57721862263
944.85,136.139128,136.070017900544,136.065671530301,136.065671530301,136.065729471512,136.552875,136.566284184744,136.574890136719,136.576936794012
944.9,136.139128,136.070025938068,136.065658460428,136.065658460428,136.065716226391,136.550925,136.564348361531,136.574621582031,136.576654965393
944.95,136.139128,136.070033975592,136.065645390556,136.065645390556,136.065702981269,136.548975,136.562412538319,136.574353027344,136.576373136775
945,136.139128,136.070042013115,136.065632320683,136.065632320683,136.065689736148,136.5475,136.560951715106,136.573950195313,136.575957030813
945.05,136.139128,136.070050050639,136.065619250811,136.065619250811,136.065676491027,136.5465,136.559965891893,136.573413085937,136.575406647507
945.1,136.139128,136.070058088162,136.065606180938,136.065606180938,136.065663245905,136.5455,136.55898006868,136.572875976562,136.574856264201
945.15,136.139128,136.070066125686,136.065593111066,136.065593111066,136.065650000784,136.5445,136.557994245467,136.572338867188,136.574305880896
945.2,136.139128,136.070074163209,136.065580041193,136.065580041193,136.065636755663,136.5435,136.557008422254,136.571801757812,136.57375549759
945.25,136.139128,136.070082200733,136.065566971321,136.065566971321,136.065623510541,136.5425,136.556022599042,136.571264648438,136.573205114284
945.3,136.139128,136.070090238256,136.065553901448,136.065553901448,136.06561026542,136.5415,136.555036775829,136.570727539062,136.572654730978
945.35,136.139128,136.07009827578,136.065540831576,136.065540831576,136.065597020299,136.5405,136.554050952616,136.570190429688,136.572104347672
945.4,136.139128,136.070106313303,136.065527761703,136.065527761703,136.065583775178,136.5395,136.553065129403,136.569653320313,136.571553964366
945.45,136.139128,136.070114350827,136.065514691831,136.065514691831,136.065570530056,136.5385,136.55207930619,136.569116210937,136.571003581061
945.5,136.139128,136.07012238835,136.065501621959,136.065501621959,136.065557284935,136.5375,136.551093482977,136.568579101563,136.570453197755
945.55,136.139128,136.070130425874,136.065488552086,136.065488552086,136.065544039814,136.5365,136.550107659765,136.568041992187,136.569902814449
945.6,136.13912936,136.070138463398,136.065475482214,136.065475482214,136.065530794692,136.5355,136.549121836552,136.567504882812,136.569352431143
945.65,136.13913208,136.070146500921,136.065462412341,136.065462412341,136.065517549571,136.5345,136.548136013339,136.566967773438,136.568802047837
945.7,136.13913752,136.070154538445,136.065449342469,136.065449342469,136.06550430445,136.5335,136.547150190126,136.566430664062,136.568251664532
945.75,136.13914432,136.070162575968,136.065436272596,136.065436272596,136.065491059328,136.5325,136.546164366913,136.565893554688,136.567701281226
945.8,136.13914976,136.070170613492,136.065423202724,136.065423202724,136.065477814207,136.5315,136.545178543701,136.565356445312,136.56715089792
945.85,136.1391552,136.070178651015,136.065410132851,136.065410132851,136.065464569086,136.5305,136.544192720488,136.564819335938,136.566600514614
945.9,136.13916064,136.070186688539,136.065397062979,136.065397062979,136.065451323965,136.5295,136.543206897275,136.564282226563,136.566050131308
945.95,136.13916608,136.070194726062,136.065383993106,136.065383993106,136.065438078843,136.5285,136.542221074062,136.563745117187,136.565499748002
946,136.13917288,136.070202763586,136.065370923234,136.065370923234,136.065424833722,136.52795,136.541685250849,136.563208007813,136.564949364697
946.05,136.13917832,136.070210801109,136.065357853361,136.065357853361,136.065411588601,136.52785,136.541599427636,136.562670898437,136.564398981391
946.1,136.13918376,136.070218838633,136.065344783489,136.065344783489,136.065398343479,136.52775,136.541513604424,136.562133789062,136.563848598085
946.15,136.1391892,136.070226876156,136.065331713616,136.065331713616,136.065385098358,136.52765,136.541427781211,136.561596679688,136.563298214779
946.2,136.139196,136.07023491368,136.065318643744,136.065318643744,136.065371853237,136.52755,136.541341957998,136.561059570312,136.562747831473
946.25,136.13920144,136.070242951203,136.065305573871,136.065305573871,136.065358608115,136.52745,136.541256134785,136.560522460938,136.562197448167
946.3,136.13920688,136.070250988727,136.065292503999,136.065292503999,136.065345362994,136.52735,136.541170311572,136.559985351562,136.561647064862
946.35,136.13921232,136.070259026251,136.065279434126,136.065279434126,136.065332117873,136.52725,136.541084488359,136.559448242188,136.561096681556
946.4,136.13921776,136.070267063774,136.065266364254,136.065266364254,136.065318872752,136.52715,136.540998665147,136.558911132813,136.56054629825
946.45,136.13922456,136.070275101298,136.065253294381,136.065253294381,136.06530562763,136.52705,136.540912841934,136.558374023437,136.559995914944
946.5,136.13923,136.070283138821,136.065240224509,136.065240224509,136.065292382509,136.52695,136.540827018721,136.557836914063,136.559445531638
946.55,136.13923544,136.070291176345,136.065227154636,136.065227154636,136.065279137388,136.52685,136.540741195508,136.557299804687,136.558895148333
946.6,136.13924088,136.070299213868,136.065214084764,136.065214084764,136.065265892266,136.52675,136.540655372295,136.556762695312,136.558344765027
946.65,136.13924632,136.070307251392,136.065201014891,136.065201014891,136.065252647145,136.52665,136.540569549082,136.556225585938,136.557794381721
946.7,136.13925312,136.070315288915,136.065187945019,136.065187945019,136.065239402024,136.52655,136.54048372587,136.555688476562,136.557243998415
946.75,136.13925856,136.070323326439,136.065174875146,136.065174875146,136.065226156902,136.52645,136.540397902657,136.555151367188,136.556693615109
946.8,136.139264,136.070331363962,136.065161805274,136.065161805274,136.065212911781,136.52635,136.540312079444,136.554614257812,136.556143231803
946.85,136.13926944,136.070339401486,136.065148735402,136.065148735402,136.06519966666,136.52625,136.540226256231,136.554077148438,136.555592848498
946.9,136.13927624,136.070347439009,136.065135665529,136.065135665529,136.065186421539,136.52615,136.540140433018,136.553540039063,136.555042465192
946.95,136.13928168,136.070355476533,136.065122595657,136.065122595657,136.065173176417,136.52605,136.540054609806,136.553002929687,136.554492081886
947,136.13928712,136.070488514057,136.065234525784,136.065234525784,136.065284931296,136.526,136.540018786593,136.552465820313,136.55394169858
947.05,136.13929256,136.07074655158,136.065471455912,136.065471455912,136.065521686175,136.526,136.54003296338,136.551928710937,136.553391315274
947.1,136.139298,136.071004589104,136.065708386039,136.065708386039,136.065758441053,136.526,136.540047140167,136.551391601562,136.552840931969
947.15,136.1393048,136.071262626627,136.065945316167,136.065945316167,136.065995195932,136.526,136.540061316954,136.550854492188,136.552290548663
947.2,136.13931024,136.071520664151,136.066182246294,136.066182246294,136.066231950811,136.526,136.540075493741,136.550317382812,136.551740165357
947.25,136.13931568,136.071778701674,136.066419176422,136.066419176422,136.06646870569,136.526,136.540089670529,136.549780273438,136.551189782051
947.3,136.13932112,136.072036739198,136.066656106549,136.066656106549,136.066705460568,136.526,136.540103847316,136.549243164062,136.550639398745
947.35,136.13932792,136.072294776721,136.066893036677,136.066893036677,136.066942215447,136.526,136.540118024103,136.548706054688,136.550089015439
947.4,136.13933336,136.072552814245,136.067129966804,136.067129966804,136.067178970326,136.526,136.54013220089,136.548168945313,136.549538632134
947.45,136.1393388,136.072810851768,136.067366896932,136.067366896932,136.067415725204,136.526,136.540146377677,136.547631835937,136.548988248828
947.5,136.13934424,136.073068889292,136.067603827059,136.067603827059,136.067652480083,136.526,136.540160554464,136.547094726563,136.548437865522
947.55,136.13934968,136.073326926815,136.067840757187,136.067840757187,136.067889234962,136.526,136.540174731252,136.546557617187,136.547887482216
947.6,136.13935648,136.073584964339,136.068077687314,136.068077687314,136.06812598984,136.526,136.540188908039,136.546020507812,136.54733709891
947.65,136.13936192,136.073843001862,136.068314617442,136.068314617442,136.068362744719,136.526,136.540203084826,136.545483398438,136.546786715605
947.7,136.13936736,136.074101039386,136.068551547569,136.068551547569,136.068599499598,136.526,136.540217261613,136.544946289062,136.546236332299
947.75,136.1393728,136.07435907691,136.068788477697,136.068788477697,136.068836254477,136.526,136.5402314384,136.544409179688,136.545685948993
947.8,136.13937824,136.074617114433,136.069025407824,136.069025407824,136.069073009355,136.526,136.540245615187,136.543872070312,136.545135565687
947.85,136.13938504,136.074875151957,136.069262337952,136.069262337952,136.069309764234,136.526,136.540259791975,136.543334960938,136.544585182381
947.9,136.13939048,136.07513318948,136.069499268079,136.069499268079,136.069546519113,136.526,136.540273968762,136.542797851563,136.544034799075
947.95,136.13939592,136.075391227004,136.069736198207,136.069736198207,136.069783273991,136.526,136.540288145549,136.542260742187,136.54348441577
948,136.13940136,136.075649264527,136.069973128334,136.069973128334,136.07002002887,136.526,136.540302322336,136.541723632813,136.542934032464
948.05,136.13940816,136.075907302051,136.070210058462,136.070210058462,136.070256783749,136.526,136.540316499123,136.541186523437,136.542383649158
948.1,136.1394136,136.076165339574,136.070446988589,136.070446988589,136.070493538627,136.526,136.54033067591,136.540649414062,136.541833265852
948.15,136.13941904,136.076423377098,136.070683918717,136.070683918717,136.070730293506,136.526,136.540344852698,136.540112304688,136.541282882546
948.2,136.13942448,136.076681414621,136.070920848845,136.070920848845,136.070967048385,136.526,136.540359029485,136.539575195312,136.540732499241
948.25,136.13942992,136.076939452145,136.071157778972,136.071157778972,136.071203803264,136.526,136.540373206272,136.539038085938,136.540182115935
948.3,136.13943672,136.077197489668,136.0713947091,136.0713947091,136.071440558142,136.526,136.540387383059,136.538500976562,136.539631732629
948.35,136.13944216,136.077455527192,136.071631639227,136.071631639227,136.071677313021,136.526,136.540401559846,136.537963867188,136.539081349323
948.4,136.1394476,136.077713564716,136.071868569355,136.071868569355,136.0719140679,136.526,136.540415736634,136.537426757813,136.538530966017
948.45,136.13945304,136.077971602239,136.072105499482,136.072105499482,136.072150822778,136.526,136.540429913421,136.536889648437,136.537980582711
948.5,136.13945848,136.078229639763,136.07234242961,136.07234242961,136.072387577657,136.526,136.540444090208,136.536352539063,136.537430199406
948.55,136.13946528,136.078487677286,136.072579359737,136.072579359737,136.072624332536,136.526,136.540458266995,136.535815429687,136.5368798161
948.6,136.13947072,136.07874571481,136.072816289865,136.072816289865,136.072861087414,136.526,136.540472443782,136.535278320312,136.536329432794
948.65,136.13947616,136.079003752333,136.073053219992,136.073053219992,136.073097842293,136.526,136.540486620569,136.534741210938,136.535779049488
948.7,136.1394816,136.079261789857,136.07329015012,136.07329015012,136.073334597172,136.526,136.540500797357,136.534204101562,136.535228666182
948.75,136.1394884,136.07951982738,136.073527080247,136.073527080247,136.073571352051,136.526,136.540514974144,136.533666992188,136.534678282877
948.8,136.13949384,136.079777864904,136.073764010375,136.073764010375,136.073808106929,136.526,136.540529150931,136.533129882812,136.534127899571
948.85,136.13949928,136.080035902427,136.074000940502,136.074000940502,136.074044861808,136.526,136.540543327718,136.532592773438,136.533577516265
948.9,136.13950472,136.080293939951,136.07423787063,136.07423787063,136.074281616687,136.526,136.540557504505,136.532055664063,136.533027132959
948.95,136.13951016,136.080551977474,136.074474800757,136.074474800757,136.074518371565,136.526,136.540571681292,136.531518554687,136.532476749653
949,136.13951696,136.080810014998,136.074711730885,136.074711730885,136.074755126444,136.527025,136.54161085808,136.530981445313,136.531926366347
949.05,136.1395224,136.081068052521,136.074948661012,136.074948661012,136.074991881323,136.529075,136.543675034867,136.530444335937,136.531375983042
949.1,136.13952784,136.081326090045,136.07518559114,136.07518559114,136.075228636202,136.531125,136.545739211654,136.529907226562,136.530825599736
949.15,136.13953328,136.081584127569,136.075422521267,136.075422521267,136.07546539108,136.533175,136.547803388441,136.529370117188,136.53027521643
949.2,136.13954008,136.081842165092,136.075659451395,136.075659451395,136.075702145959,136.535225,136.549867565228,136.528833007812,136.529724833124
949.25,136.13954552,136.082100202616,136.075896381522,136.075896381522,136.075938900838,136.537275,136.551931742015,136.528295898438,136.529174449818
949.3,136.13955096,136.082358240139,136.07613331165,136.07613331165,136.076175655716,136.539325,136.553995918803,136.527758789062,136.528624066512
949.35,136.1395564,136.082616277663,136.076370241777,136.076370241777,136.076412410595,136.541375,136.55606009559,136.527221679688,136.528073683207
949.4,136.13956184,136.082874315186,136.076607171905,136.076607171905,136.076649165474,136.543425,136.558124272377,136.526684570313,136.527523299901
949.45,136.13956864,136.08313235271,136.076844102032,136.076844102032,136.076885920352,136.545475,136.560188449164,136.526147460937,136.526972916595
949.5,136.13957408,136.083390390233,136.07708103216,136.07708103216,136.077122675231,136.547525,136.562252625951,136.525610351563,136.526422533289
949.55,136.13957952,136.083648427757,136.077317962288,136.077317962288,136.07735943011,136.549575,136.564316802739,136.525073242187,136.525872149983
949.6,136.13958496,136.08390646528,136.077554892415,136.077554892415,136.077596184989,136.551625,136.566380979526,136.524536132812,136.525321766678
949.65,136.1395904,136.084164502804,136.077791822543,136.077791822543,136.077832939867,136.553675,136.568445156313,136.523999023438,136.524771383372
949.7,136.1395972,136.084422540327,136.07802875267,136.07802875267,136.078069694746,136.555725,136.5705093331,136.523461914062,136.524221000066
949.75,136.13960264,136.084680577851,136.078265682798,136.078265682798,136.078306449625,136.557775,136.572573509887,136.522924804688,136.52367061676
949.8,136.13960808,136.084938615374,136.078502612925,136.078502612925,136.078543204503,136.559825,136.574637686674,136.522387695312,136.523120233454
949.85,136.13961352,136.085196652898,136.078739543053,136.078739543053,136.078779959382,136.561875,136.576701863462,136.521850585938,136.522569850148
949.9,136.13962032,136.085454690422,136.07897647318,136.07897647318,136.079016714261,136.563925,136.578766040249,136.521313476563,136.522019466843
949.95,136.13962576,136.085712727945,136.079213403308,136.079213403308,136.079253469139,136.565975,136.580830217036,136.520776367187,136.521469083537
950,136.1396312,136.085970765469,136.079450333435,136.079450333435,136.079490224018,136.568025,136.582894393823,136.520239257813,136.520918700231
950.05,136.13963664,136.08623455551,136.07970577404,136.07970577404,136.079745414695,136.570075,136.584940697447,136.519702148437,136.520362293226
950.1,136.13964208,136.086498345552,136.079961214644,136.079961214644,136.080000605372,136.572125,136.586987001072,136.519165039062,136.51980588622
950.15,136.13964888,136.086762135594,136.080216655249,136.080216655249,136.08025579605,136.574175,136.589033304696,136.518627929688,136.519249479215
950.2,136.13965432,136.087025925635,136.080472095853,136.080472095853,136.080510986727,136.576225,136.59107960832,136.518090820312,136.518693072209
950.25,136.13965976,136.087289715677,136.080727536458,136.080727536458,136.080766177404,136.578275,136.593125911944,136.517553710938,136.518136665204
950.3,136.1396652,136.087553505718,136.080982977062,136.080982977062,136.081021368081,136.580325,136.595172215569,136.517016601562,136.517580258198
950.35,136.13967064,136.08781729576,136.081238417667,136.081238417667,136.081276558758,136.582375,136.597218519193,136.516479492188,136.517023851193
950.4,136.13967744,136.088081085802,136.081493858271,136.081493858271,136.081531749435,136.584425,136.599264822817,136.515942382813,136.516467444187
950.45,136.13968288,136.088344875843,136.081749298876,136.081749298876,136.081786940113,136.586475,136.601311126442,136.515405273437,136.515911037182
950.5,136.13968832,136.088608665885,136.08200473948,136.08200473948,136.08204213079,136.588525,136.603357430066,136.514868164063,136.515354630176
950.55,136.13969376,136.088872455927,136.082260180085,136.082260180085,136.082297321467,136.590575,136.60540373369,136.514331054687,136.514798223171
950.6,136.13970056,136.089136245968,136.082515620689,136.082515620689,136.082552512144,136.592625,136.607450037314,136.513793945312,136.514241816165
950.65,136.139706,136.08940003601,136.082771061294,136.082771061294,136.082807702821,136.594675,136.609496340939,136.513256835938,136.51368540916
950.7,136.13971144,136.089663826051,136.083026501899,136.083026501899,136.083062893498,136.596725,136.611542644563,136.512719726562,136.513129002154
950.75,136.13971688,136.089927616093,136.083281942503,136.083281942503,136.083318084176,136.598775,136.613588948187,136.512182617188,136.512572595149
950.8,136.13972232,136.090191406135,136.083537383108,136.083537383108,136.083573274853,136.600825,136.615635251811,136.511645507812,136.512016188144
950.85,136.13972912,136.090455196176,136.083792823712,136.083792823712,136.08382846553,136.602875,136.617681555436,136.511108398438,136.511459781138
950.9,136.13973456,136.090718986218,136.084048264317,136.084048264317,136.084083656207,136.604925,136.61972785906,136.510571289063,136.510903374133
950.95,136.13974,136.09098277626,136.084303704921,136.084303704921,136.084338846884,136.606975,136.621774162684,136.510034179687,136.510346967127
951,136.13974544,136.091246566301,136.084559145526,136.084559145526,136.084594037561,136.6102,136.624995466309,136.509497070313,136.509790560122
951.05,136.13975224,136.091510356343,136.08481458613,136.08481458613,136.084849228239,136.6146,136.629391769933,136.508959960937,136.509234153116
951.1,136.13975768,136.091774146384,136.085070026735,136.085070026735,136.085104418916,136.619,136.633788073557,136.508422851562,136.508677746111
951.15,136.13976312,136.092037936426,136.085325467339,136.085325467339,136.085359609593,136.6234,136.638184377181,136.507885742188,136.508121339105
951.2,136.13976856,136.092301726468,136.085580907944,136.085580907944,136.08561480027,136.6278,136.642580680806,136.507348632812,136.5075649321
951.25,136.139774,136.092565516509,136.085836348548,136.085836348548,136.085869990947,136.6322,136.64697698443,136.506811523438,136.507008525094
951.3,136.1397808,136.092829306551,136.086091789153,136.086091789153,136.086125181624,136.6366,136.651373288054,136.506274414062,136.506452118089
951.35,136.13978624,136.093093096593,136.086347229757,136.086347229757,136.086380372302,136.641,136.655769591679,136.505737304688,136.505895711083
951.4,136.13979168,136.093356886634,136.086602670362,136.086602670362,136.086635562979,136.6454,136.660165895303,136.505200195313,136.505339304078
951.45,136.13979712,136.093620676676,136.086858110966,136.086858110966,136.086890753656,136.6498,136.664562198927,136.504663085937,136.504782897073
951.5,136.13980256,136.093884466717,136.087113551571,136.087113551571,136.087145944333,136.6542,136.668958502551,136.504125976563,136.504226490067
951.55,136.13980936,136.094148256759,136.087368992175,136.087368992175,136.08740113501,136.6586,136.673354806176,136.503588867187,136.503670083062
951.6,136.1398148,136.094412046801,136.08762443278,136.08762443278,136.087656325687,136.663,136.6777511098,136.503051757812,136.503113676056
951.65,136.13982024,136.094675836842,136.087879873384,136.087879873384,136.087911516365,136.6674,136.682147413424,136.502514648438,136.502557269051
951.7,136.13982568,136.094939626884,136.088135313989,136.088135313989,136.088166707042,136.6718,136.686543717048,136.501977539062,136.502000862045
951.75,136.13983248,136.095203416926,136.088390754593,136.088390754593,136.088421897719,136.6762,136.690940020673,136.501440429688,136.50144445504
951.8,136.13983792,136.095467206967,136.088646195198,136.088646195198,136.088677088396,136.6806,136.695336324297,136.500903320312,136.500888048034
951.85,136.13984336,136.095730997009,136.088901635803,136.088901635803,136.088932279073,136.685,136.699732627921,136.500366210938,136.500331641029
951.9,136.1398488,136.095994787051,136.089157076407,136.089157076407,136.08918746975,136.6894,136.704128931546,136.499829101563,136.499775234023
951.95,136.13985424,136.096258577092,136.089412517012,136.089412517012,136.089442660428,136.6938,136.70852523517,136.499291992187,136.499218827018
952,136.13986104,136.096522367134,136.089667957616,136.089667957616,136.089697851105,136.697475,136.712196538794,136.498754882813,136.498662420012
952.05,136.13986648,136.096786157175,136.089923398221,136.089923398221,136.089953041782,136.700425,136.715142842418,136.498217773437,136.498106013007
952.1,136.13987192,136.097049947217,136.090178838825,136.090178838825,136.090208232459,136.703375,136.718089146043,136.497680664062,136.497549606001
952.15,136.13987736,136.097313737259,136.09043427943,136.09043427943,136.090463423136,136.706325,136.721035449667,136.497143554688,136.496993198996
952.2,136.1398828,136.0975775273,136.090689720034,136.090689720034,136.090718613813,136.709275,136.723981753291,136.496606445312,136.496436791991
952.25,136.1398896,136.097841317342,136.090945160639,136.090945160639,136.090973804491,136.712225,136.726928056915,136.496069335938,136.495880384985
952.3,136.13989504,136.098105107384,136.091200601243,136.091200601243,136.091228995168,136.715175,136.72987436054,136.495532226562,136.49532397798
952.35,136.13990048,136.098368897425,136.091456041848,136.091456041848,136.091484185845,136.718125,136.732820664164,136.494995117188,136.494767570974
952.4,136.13990592,136.098632687467,136.091711482452,136.091711482452,136.091739376522,136.721075,136.735766967788,136.494458007813,136.494211163969
952.45,136.13991272,136.098896477508,136.091966923057,136.091966923057,136.091994567199,136.724025,136.738713271413,136.493920898437,136.493654756963
952.5,136.13991816,136.09916026755,136.092222363661,136.092222363661,136.092249757876,136.726975,136.741659575037,136.493383789063,136.493098349958
952.55,136.1399236,136.099424057592,136.092477804266,136.092477804266,136.092504948553,136.729925,136.744605878661,136.492846679687,136.492541942952
952.6,136.13992904,136.099687847633,136.09273324487,136.09273324487,136.092760139231,136.732875,136.747552182285,136.492309570312,136.491985535947
952.65,136.13993448,136.099951637675,136.092988685475,136.092988685475,136.093015329908,136.735825,136.75049848591,136.491772460938,136.491429128941
952.7,136.13994128,136.100215427717,136.093244126079,136.093244126079,136.093270520585,136.738775,136.753444789534,136.491235351562,136.490872721936
952.75,136.13994672,136.100479217758,136.093499566684,136.093499566684,136.093525711262,136.741725,136.756391093158,136.490698242188,136.49031631493
952.8,136.13995216,136.1007430078,136.093755007288,136.093755007288,136.093780901939,136.744675,136.759337396783,136.490161132812,136.489759907925
952.85,136.1399576,136.101006797841,136.094010447893,136.094010447893,136.094036092616,136.747625,136.762283700407,136.489624023438,136.48920350092
952.9,136.1399644,136.101270587883,136.094265888498,136.094265888498,136.094291283294,136.750575,136.765230004031,136.489086914063,136.488647093914
952.95,136.13996984,136.101534377925,136.094521329102,136.094521329102,136.094546473971,136.753525,136.768176307655,136.488549804687,136.488090686909
953,136.13997528,136.101798167966,136.094776769707,136.094776769707,136.094801664648,136.75555,136.77019761128,136.4876953125,136.487216897091
953.05,136.13998072,136.102061958008,136.095032210311,136.095032210311,136.095056855325,136.75665,136.771293914904,136.4865234375,136.48602572446
953.1,136.13998616,136.10232574805,136.095287650916,136.095287650916,136.095312046002,136.75775,136.772390218528,136.4853515625,136.48483455183
953.15,136.13999296,136.102589538091,136.09554309152,136.09554309152,136.095567236679,136.75885,136.773486522152,136.4841796875,136.483643379199
953.2,136.1399984,136.102853328133,136.095798532125,136.095798532125,136.095822427357,136.75995,136.774582825777,136.4830078125,136.482452206569
953.25,136.14000384,136.103117118175,136.096053972729,136.096053972729,136.096077618034,136.76105,136.775679129401,136.4818359375,136.481261033938
953.3,136.14000928,136.103380908216,136.096309413334,136.096309413334,136.096332808711,136.76215,136.776775433025,136.4806640625,136.480069861308
953.35,136.14001472,136.103644698258,136.096564853938,136.096564853938,136.096587999388,136.76325,136.77787173665,136.4794921875,136.478878688677
953.4,136.14002152,136.103908488299,136.096820294543,136.096820294543,136.096843190065,136.76435,136.778968040274,136.4783203125,136.477687516047
953.45,136.14002696,136.104172278341,136.097075735147,136.097075735147,136.097098380742,136.76545,136.780064343898,136.4771484375,136.476496343416
953.5,136.1400324,136.104436068383,136.097331175752,136.097331175752,136.09735357142,136.76655,136.781160647522,136.4759765625,136.475305170786
953.55,136.14003784,136.104699858424,136.097586616356,136.097586616356,136.097608762097,136.76765,136.782256951147,136.4748046875,136.474113998156
953.6,136.14004464,136.104963648466,136.097842056961,136.097842056961,136.097863952774,136.76875,136.783353254771,136.4736328125,136.472922825525
953.65,136.14005008,136.105227438508,136.098097497565,136.098097497565,136.098119143451,136.76985,136.784449558395,136.4724609375,136.471731652895
953.7,136.14005552,136.105491228549,136.09835293817,136.09835293817,136.098374334128,136.77095,136.785545862019,136.4712890625,136.470540480264
953.75,136.14006096,136.105755018591,136.098608378774,136.098608378774,136.098629524805,136.77205,136.786642165644,136.4701171875,136.469349307634
953.8,136.1400664,136.106018808632,136.098863819379,136.098863819379,136.098884715483,136.77315,136.787738469268,136.4689453125,136.468158135003
953.85,136.1400732,136.106282598674,136.099119259983,136.099119259983,136.09913990616,136.77425,136.788834772892,136.4677734375,136.466966962373
953.9,136.14007864,136.106546388716,136.099374700588,136.099374700588,136.099395096837,136.77535,136.789931076517,136.4666015625,136.465775789742
953.95,136.14008408,136.106810178757,136.099630141193,136.099630141193,136.099650287514,136.77645,136.791027380141,136.4654296875,136.464584617112
954,136.14008952,136.107073968799,136.099885581797,136.099885581797,136.099905478191,136.782475,136.797048683765,136.4642578125,136.463393444481
954.05,136.14009496,136.107337758841,136.100141022402,136.100141022402,136.100160668868,136.793425,136.807994987389,136.4630859375,136.462202271851
954.1,136.14010176,136.107601548882,136.100396463006,136.100396463006,136.100415859546,136.804375,136.818941291014,136.4619140625,136.46101109922
954.15,136.1401072,136.107865338924,136.100651903611,136.100651903611,136.100671050223,136.815325,136.829887594638,136.4607421875,136.45981992659
954.2,136.14011264,136.108129128965,136.100907344215,136.100907344215,136.1009262409,136.826275,136.840833898262,136.4595703125,136.458628753959
954.25,136.14011808,136.108392919007,136.10116278482,136.10116278482,136.101181431577,136.837225,136.851780201887,136.4583984375,136.457437581329
954.3,136.14012488,136.108656709049,136.101418225424,136.101418225424,136.101436622254,136.848175,136.862726505511,136.4572265625,136.456246408699
954.35,136.14013032,136.10892049909,136.101673666029,136.101673666029,136.101691812931,136.859125,136.873672809135,136.4560546875,136.455055236068
954.4,136.14013576,136.109184289132,136.101929106633,136.101929106633,136.101947003609,136.870075,136.884619112759,136.4548828125,136.453864063438
954.45,136.1401412,136.109448079174,136.102184547238,136.102184547238,136.102202194286,136.881025,136.895565416384,136.4537109375,136.452672890807
954.5,136.14014664,136.109711869215,136.102439987842,136.102439987842,136.102457384963,136.891975,136.906511720008,136.4525390625,136.451481718177
954.55,136.14015344,136.109975659257,136.102695428447,136.102695428447,136.10271257564,136.902925,136.917458023632,136.4513671875,136.450290545546
954.6,136.14015888,136.110239449298,136.102950869051,136.102950869051,136.102967766317,136.913875,136.928404327256,136.4501953125,136.449099372916
954.65,136.14016432,136.11050323934,136.103206309656,136.103206309656,136.103222956994,136.924825,136.939350630881,136.4490234375,136.447908200285
954.7,136.14016976,136.110767029382,136.10346175026,136.10346175026,136.103478147672,136.935775,136.950296934505,136.4478515625,136.446717027655
954.75,136.14017656,136.111030819423,136.103717190865,136.103717190865,136.103733338349,136.946725,136.961243238129,136.4466796875,136.445525855024
954.8,136.140182,136.111294609465,136.103972631469,136.103972631469,136.103988529026,136.957675,136.972189541754,136.4455078125,136.444334682394
954.85,136.14018744,136.111558399507,136.104228072074,136.104228072074,136.104243719703,136.968625,136.983135845378,136.4443359375,136.443143509763
954.9,136.14019288,136.111822189548,136.104483512678,136.104483512678,136.10449891038,136.979575,136.994082149002,136.4431640625,136.441952337133
954.95,136.14019832,136.11208597959,136.104738953283,136.104738953283,136.104754101057,136.990525,137.005028452626,136.4419921875,136.440761164503
955,136.14020512,136.112224769632,136.104869393888,136.104869393888,136.104884291734,136.996,137.010499756251,136.4408203125,136.439569991872
955.05,136.14021056,136.112238559673,136.104874834492,136.104874834492,136.104889482412,136.996,137.010496059875,136.4396484375,136.438378819242
955.1,136.140216,136.112252349715,136.104880275097,136.104880275097,136.104894673089,136.996,137.010492363499,136.4384765625,136.437187646611
955.15,136.14022144,136.112266139756,136.104885715701,136.104885715701,136.104899863766,136.996,137.010488667123,136.4373046875,136.435996473981
955.2,136.14022688,136.112279929798,136.104891156306,136.104891156306,136.104905054443,136.996,137.010484970748,136.4361328125,136.43480530135
955.25,136.14023368,136.11229371984,136.10489659691,136.10489659691,136.10491024512,136.996,137.010481274372,136.4349609375,136.43361412872
955.3,136.14023912,136.112307509881,136.104902037515,136.104902037515,136.104915435797,136.996,137.010477577996,136.4337890625,136.432422956089
955.35,136.14024456,136.112321299923,136.104907478119,136.104907478119,136.104920626475,136.996,137.010473881621,136.4326171875,136.431231783459
955.4,136.14025,136.112335089965,136.104912918724,136.104912918724,136.104925817152,136.996,137.010470185245,136.4314453125,136.430040610828
955.45,136.1402568,136.112348880006,136.104918359328,136.104918359328,136.104931007829,136.996,137.010466488869,136.4302734375,136.428849438198
955.5,136.14026224,136.112362670048,136.104923799933,136.104923799933,136.104936198506,136.996,137.010462792493,136.4291015625,136.427658265567
955.55,136.14026768,136.112376460089,136.104929240537,136.104929240537,136.104941389183,136.996,137.010459096118,136.4279296875,136.426467092937
955.6,136.14027312,136.112390250131,136.104934681142,136.104934681142,136.10494657986,136.996,137.010455399742,136.4267578125,136.425275920306
955.65,136.14027856,136.112404040173,136.104940121746,136.104940121746,136.104951770538,136.996,137.010451703366,136.4255859375,136.424084747676
955.7,136.14028536,136.112417830214,136.104945562351,136.104945562351,136.104956961215,136.996,137.010448006991,136.4244140625,136.422893575046
955.75,136.1402908,136.112431620256,136.104951002955,136.104951002955,136.104962151892,136.996,137.010444310615,136.4232421875,136.421702402415
955.8,136.14029624,136.112445410298,136.10495644356,136.10495644356,136.104967342569,136.996,137.010440614239,136.4220703125,136.420511229785
955.85,136.14030168,136.112459200339,136.104961884164,136.104961884164,136.104972533246,136.996,137.010436917863,136.4208984375,136.419320057154
955.9,136.14030712,136.112472990381,136.104967324769,136.104967324769,136.104977723923,136.996,137.010433221488,136.4197265625,136.418128884524
955.95,136.14031392,136.112486780422,136.104972765373,136.104972765373,136.104982914601,136.996,137.010429525112,136.4185546875,136.416937711893
956,136.14031936,136.112625570464,136.105103205978,136.105103205978,136.105113105278,136.996,137.010425828736,136.4173828125,136.415746539263
956.05,136.1403248,136.112889360506,136.105358646583,136.105358646583,136.105368295955,136.996,137.01042213236,136.4162109375,136.414555366632
956.1,136.14033024,136.113153150547,136.105614087187,136.105614087187,136.105623486632,136.996,137.010418435985,136.4150390625,136.413364194002
956.15,136.14033704,136.113416940589,136.105869527792,136.105869527792,136.105878677309,136.996,137.010414739609,136.4138671875,136.412173021371
956.2,136.14034248,136.113680730631,136.106124968396,136.106124968396,136.106133867986,136.996,137.010411043233,136.4126953125,136.410981848741
956.25,136.14034792,136.113944520672,136.106380409001,136.106380409001,136.106389058664,136.996,137.010407346858,136.4115234375,136.40979067611
956.3,136.14035336,136.114208310714,136.106635849605,136.106635849605,136.106644249341,136.996,137.010403650482,136.4103515625,136.40859950348
956.35,136.1403588,136.114472100756,136.10689129021,136.10689129021,136.106899440018,136.996,137.010399954106,136.4091796875,136.40740833085
956.4,136.1403656,136.114735890797,136.107146730814,136.107146730814,136.107154630695,136.996,137.01039625773,136.4080078125,136.406217158219
956.45,136.14037104,136.114999680839,136.107402171419,136.107402171419,136.107409821372,136.996,137.010392561355,136.4068359375,136.405025985589
956.5,136.14037648,136.11526347088,136.107657612023,136.107657612023,136.107665012049,136.996,137.010388864979,136.4056640625,136.403834812958
956.55,136.14038192,136.115527260922,136.107913052628,136.107913052628,136.107920202727,136.996,137.010385168603,136.4044921875,136.402643640328
956.6,136.14038872,136.115791050964,136.108168493232,136.108168493232,136.108175393404,136.996,137.010381472227,136.4033203125,136.401452467697
956.65,136.14039416,136.116054841005,136.108423933837,136.108423933837,136.108430584081,136.996,137.010377775852,136.4021484375,136.400261295067
956.7,136.1403996,136.116318631047,136.108679374441,136.108679374441,136.108685774758,136.996,137.010374079476,136.4009765625,136.399070122436
956.75,136.14040504,136.116582421089,136.108934815046,136.108934815046,136.108940965435,136.996,137.0103703831,136.3998046875,136.397878949806
956.8,136.14041048,136.11684621113,136.10919025565,136.10919025565,136.109196156112,136.996,137.010366686725,136.3986328125,136.396687777175
956.85,136.14041728,136.117110001172,136.109445696255,136.109445696255,136.10945134679,136.996,137.010362990349,136.3974609375,136.395496604545
956.9,136.14042272,136.117373791213,136.109701136859,136.109701136859,136.109706537467,136.996,137.010359293973,136.3962890625,136.394305431914
956.95,136.14042816,136.117637581255,136.109956577464,136.109956577464,136.109961728144,136.996,137.010355597597,136.3951171875,136.393114259284
957,136.1404336,136.117901371297,136.110212018068,136.110212018068,136.110216918821,136.9805,136.994851901222,136.3939453125,136.391923086653
957.05,136.14043904,136.118165161338,136.110467458673,136.110467458673,136.110472109498,136.9495,136.963848204846,136.3927734375,136.390731914023
957.1,136.14044584,136.11842895138,136.110722899278,136.110722899278,136.110727300175,136.9185,136.93284450847,136.3916015625,136.389540741393
957.15,136.14045128,136.118692741422,136.110978339882,136.110978339882,136.110982490853,136.8875,136.901840812095,136.3904296875,136.388349568762
957.2,136.14045672,136.118956531463,136.111233780487,136.111233780487,136.11123768153,136.8565,136.870837115719,136.3892578125,136.387158396132
957.25,136.14046216,136.119220321505,136.111489221091,136.111489221091,136.111492872207,136.8255,136.839833419343,136.3880859375,136.385967223501
957.3,136.14046896,136.119484111546,136.111744661696,136.111744661696,136.111748062884,136.7945,136.808829722967,136.3869140625,136.384776050871
957.35,136.1404744,136.119747901588,136.1120001023,136.1120001023,136.112003253561,136.7635,136.777826026592,136.3857421875,136.38358487824
957.4,136.14047984,136.12001169163,136.112255542905,136.112255542905,136.112258444238,136.7325,136.746822330216,136.3845703125,136.38239370561
957.45,136.14048528,136.120275481671,136.112510983509,136.112510983509,136.112513634916,136.7015,136.71581863384,136.3833984375,136.381202532979
957.5,136.14049072,136.120539271713,136.112766424114,136.112766424114,136.112768825593,136.6705,136.684814937464,136.3822265625,136.380011360349
957.55,136.14049752,136.120803061755,136.113021864718,136.113021864718,136.11302401627,136.6395,136.653811241089,136.3810546875,136.378820187718
957.6,136.14050296,136.121066851796,136.113277305323,136.113277305323,136.113279206947,136.6085,136.622807544713,136.3798828125,136.377629015088
957.65,136.1405084,136.121330641838,136.113532745927,136.113532745927,136.113534397624,136.5775,136.591803848337,136.3787109375,136.376437842457
957.7,136.14051384,136.12159443188,136.113788186532,136.113788186532,136.113789588301,136.5465,136.560800151962,136.3775390625,136.375246669827
957.75,136.14051928,136.121858221921,136.114043627136,136.114043627136,136.114044778978,136.5155,136.529796455586,136.3763671875,136.374055497197
957.8,136.14052608,136.122122011963,136.114299067741,136.114299067741,136.114299969656,136.4845,136.49879275921,136.3751953125,136.372864324566
957.85,136.14053152,136.122385802004,136.114554508345,136.114554508345,136.114555160333,136.4535,136.467789062834,136.3740234375,136.371673151936
957.9,136.14053696,136.122649592046,136.11480994895,136.11480994895,136.11481035101,136.4225,136.436785366459,136.3728515625,136.370481979305
957.95,136.1405424,136.122913382088,136.115065389554,136.115065389554,136.115065541687,136.3915,136.405781670083,136.3716796875,136.369290806675
958,136.1405492,136.123177172129,136.115320830159,136.115320830159,136.115320732364,136.375925,136.390202973707,136.3705078125,136.368099634044
958.05,136.14055464,136.123440962171,136.115576270763,136.115576270763,136.115575923041,136.375775,136.390049277332,136.3693359375,136.366908461414
958.1,136.14056008,136.123704752213,136.115831711368,136.115831711368,136.115831113719,136.375625,136.389895580956,136.3681640625,136.365717288783
958.15,136.14056552,136.123968542254,136.116087151972,136.116087151972,136.116086304396,136.375475,136.38974188458,136.3669921875,136.364526116153
958.2,136.14057096,136.124232332296,136.116342592577,136.116342592577,136.116341495073,136.375325,136.389588188204,136.3658203125,136.363334943522
958.25,136.14057776,136.124496122337,136.116598033182,136.116598033182,136.11659668575,136.375175,136.389434491829,136.3646484375,136.362143770892
958.3,136.1405832,136.124759912379,136.116853473786,136.116853473786,136.116851876427,136.375025,136.389280795453,136.3634765625,136.360952598261
958.35,136.14058864,136.125023702421,136.117108914391,136.117108914391,136.117107067104,136.374875,136.389127099077,136.3623046875,136.359761425631
958.4,136.14059408,136.125287492462,136.117364354995,136.117364354995,136.117362257782,136.374725,136.388973402701,136.3611328125,136.358570253
958.45,136.14060088,136.125551282504,136.1176197956,136.1176197956,136.117617448459,136.374575,136.388819706326,136.3599609375,136.35737908037
958.5,136.14060632,136.125815072546,136.117875236204,136.117875236204,136.117872639136,136.374425,136.38866600995,136.3587890625,136.35618790774
958.55,136.14061176,136.126078862587,136.118130676809,136.118130676809,136.118127829813,136.374275,136.388512313574,136.3576171875,136.354996735109
958.6,136.1406172,136.126342652629,136.118386117413,136.118386117413,136.11838302049,136.374125,136.388358617199,136.3564453125,136.353805562479
958.65,136.14062264,136.12660644267,136.118641558018,136.118641558018,136.118638211167,136.373975,136.388204920823,136.3552734375,136.352614389848
958.7,136.14062944,136.126870232712,136.118896998622,136.118896998622,136.118893401845,136.373825,136.388051224447,136.3541015625,136.351423217218
958.75,136.14063488,136.127134022754,136.119152439227,136.119152439227,136.119148592522,136.373675,136.387897528071,136.3529296875,136.350232044587
958.8,136.14064032,136.127397812795,136.119407879831,136.119407879831,136.119403783199,136.373525,136.387743831696,136.3517578125,136.349040871957
958.85,136.14064576,136.127661602837,136.119663320436,136.119663320436,136.119658973876,136.373375,136.38759013532,136.3505859375,136.347849699326
958.9,136.1406512,136.127925392879,136.11991876104,136.11991876104,136.119914164553,136.373225,136.387436438944,136.3494140625,136.346658526696
958.95,136.140658,136.12818918292,136.120174201645,136.120174201645,136.12016935523,136.373075,136.387282742568,136.3482421875,136.345467354065
959,136.14066344,136.128452972962,136.120429642249,136.120429642249,136.120424545908,136.3729,136.387104046193,136.3470703125,136.344276181435
959.05,136.14066888,136.128716763003,136.120685082854,136.120685082854,136.120679736585,136.3727,136.386900349817,136.3458984375,136.343085008804
959.1,136.14067432,136.128980553045,136.120940523458,136.120940523458,136.120934927262,136.3725,136.386696653441,136.3447265625,136.341893836174
959.15,136.14068112,136.129244343087,136.121195964063,136.121195964063,136.121190117939,136.3723,136.386492957066,136.3435546875,136.340702663543
959.2,136.14068656,136.129508133128,136.121451404668,136.121451404668,136.121445308616,136.3721,136.38628926069,136.3423828125,136.339511490913
959.25,136.140692,136.12977192317,136.121706845272,136.121706845272,136.121700499293,136.3719,136.386085564314,136.3412109375,136.338320318283
959.3,136.14069744,136.130035713212,136.121962285877,136.121962285877,136.121955689971,136.3717,136.385881867938,136.3400390625,136.337129145652
959.35,136.14070288,136.130299503253,136.122217726481,136.122217726481,136.122210880648,136.3715,136.385678171563,136.3388671875,136.335937973022
959.4,136.14070968,136.130563293295,136.122473167086,136.122473167086,136.122466071325,136.3713,136.385474475187,136.3376953125,136.334746800391
959.45,136.14071512,136.130827083337,136.12272860769,136.12272860769,136.122721262002,136.3711,136.385270778811,136.3365234375,136.333555627761
959.5,136.14072056,136.131090873378,136.122984048295,136.122984048295,136.122976452679,136.3709,136.385067082436,136.3353515625,136.33236445513
959.55,136.140726,136.13135466342,136.123239488899,136.123239488899,136.123231643356,136.3707,136.38486338606,136.3341796875,136.3311732825
959.6,136.14073144,136.131618453461,136.123494929504,136.123494929504,136.123486834034,136.3705,136.384659689684,136.3330078125,136.329982109869
959.65,136.14073824,136.131882243503,136.123750370108,136.123750370108,136.123742024711,136.3703,136.384455993308,136.3318359375,136.328790937239
959.7,136.14074368,136.132146033545,136.124005810713,136.124005810713,136.123997215388,136.3701,136.384252296933,136.3306640625,136.327599764608
959.75,136.14074912,136.132409823586,136.124261251317,136.124261251317,136.124252406065,136.3699,136.384048600557,136.3294921875,136.326408591978
959.8,136.14075456,136.132673613628,136.124516691922,136.124516691922,136.124507596742,136.3697,136.383844904181,136.3283203125,136.325217419347
959.85,136.14076136,136.13293740367,136.124772132526,136.124772132526,136.124762787419,136.3695,136.383641207805,136.3271484375,136.324026246717
959.9,136.1407668,136.133201193711,136.125027573131,136.125027573131,136.125017978097,136.3693,136.38343751143,136.3259765625,136.322835074087
959.95,136.14077224,136.133464983753,136.125283013735,136.125283013735,136.125273168774,136.3691,136.383233815054,136.3248046875,136.321643901456
960,136.14077768,136.133728773794,136.12553845434,136.12553845434,136.125528359451,136.368925,136.383055118678,136.3236328125,136.320452728826
960.05,136.14078312,136.133981275528,136.125809075858,136.125809075858,136.125798850692,136.368775,136.382890909164,136.3224609375,136.319266640876
960.1,136.14078992,136.134233777262,136.126079697376,136.126079697376,136.126069341932,136.368625,136.38272669965,136.3212890625,136.318080552927
960.15,136.14079536,136.134486278995,136.126350318894,136.126350318894,136.126339833173,136.368475,136.382562490136,136.3201171875,136.316894464978
960.2,136.1408008,136.134738780729,136.126620940412,136.126620940412,136.126610324414,136.368325,136.382398280621,136.3189453125,136.315708377029
960.25,136.14080624,136.134991282463,136.12689156193,136.12689156193,136.126880815654,136.368175,136.382234071107,136.3177734375,136.314522289079
960.3,136.14081304,136.135243784196,136.127162183448,136.127162183448,136.127151306895,136.368025,136.382069861593,136.3166015625,136.31333620113
960.35,136.14081848,136.13549628593,136.127432804966,136.127432804966,136.127421798136,136.367875,136.381905652079,136.3154296875,136.312150113181
960.4,136.14082392,136.135748787664,136.127703426485,136.127703426485,136.127692289376,136.367725,136.381741442564,136.3142578125,136.310964025232
960.45,136.14082936,136.136001289397,136.127974048003,136.127974048003,136.127962780617,136.367575,136.38157723305,136.3130859375,136.309777937283
960.5,136.1408348,136.136253791131,136.128244669521,136.128244669521,136.128233271858,136.367425,136.381413023536,136.3119140625,136.308591849333
960.55,136.1408416,136.136506292865,136.128515291039,136.128515291039,136.128503763098,136.367275,136.381248814021,136.3107421875,136.307405761384
960.6,136.14084704,136.136758794598,136.128785912557,136.128785912557,136.128774254339,136.367125,136.381084604507,136.3095703125,136.306219673435
960.65,136.14085248,136.137011296332,136.129056534075,136.129056534075,136.12904474558,136.366975,136.380920394993,136.3083984375,136.305033585486
960.7,136.14085792,136.137263798066,136.129327155593,136.129327155593,136.129315236821,136.366825,136.380756185479,136.3072265625,136.303847497536
960.75,136.14086336,136.137516299799,136.129597777111,136.129597777111,136.129585728061,136.366675,136.380591975964,136.3060546875,136.302661409587
960.8,136.14087016,136.137768801533,136.129868398629,136.129868398629,136.129856219302,136.366525,136.38042776645,136.3048828125,136.301475321638
960.85,136.1408756,136.138021303266,136.130139020147,136.130139020147,136.130126710543,136.366375,136.380263556936,136.3037109375,136.300289233689
960.9,136.14088104,136.138273805,136.130409641665,136.130409641665,136.130397201783,136.366225,136.380099347422,136.3025390625,136.299103145739
960.95,136.14088648,136.138526306734,136.130680263183,136.130680263183,136.130667693024,136.366075,136.379935137907,136.3013671875,136.29791705779
961,136.14089328,136.138778808467,136.130950884701,136.130950884701,136.130938184265,136.361975,136.375820928393,136.300354003906,136.296889661247
961.05,136.14089872,136.139031310201,136.13122150622,136.13122150622,136.131208675505,136.353925,136.367756718879,136.299499511719,136.296020956111
961.1,136.14090416,136.139283811935,136.131492127738,136.131492127738,136.131479166746,136.345875,136.359692509365,136.298645019531,136.295152250974
961.15,136.1409096,136.139536313668,136.131762749256,136.131762749256,136.131749657987,136.337825,136.35162829985,136.297790527344,136.294283545837
961.2,136.14091504,136.139788815402,136.132033370774,136.132033370774,136.132020149227,136.329775,136.343564090336,136.296936035156,136.2934148407
961.25,136.14092184,136.140041317136,136.132303992292,136.132303992292,136.132290640468,136.321725,136.335499880822,136.296081542969,136.292546135564
961.3,136.14092728,136.140293818869,136.13257461381,136.13257461381,136.132561131709,136.313675,136.327435671308,136.295227050781,136.291677430427
961.35,136.14093272,136.140546320603,136.132845235328,136.132845235328,136.13283162295,136.305625,136.319371461793,136.294372558594,136.29080872529
961.4,136.14093816,136.140798822337,136.133115856846,136.133115856846,136.13310211419,136.297575,136.311307252279,136.293518066406,136.289940020153
961.45,136.1409436,136.14105132407,136.133386478364,136.133386478364,136.133372605431,136.289525,136.303243042765,136.292663574219,136.289071315017
961.5,136.1409504,136.141303825804,136.133657099882,136.133657099882,136.133643096672,136.281475,136.295178833251,136.291809082031,136.28820260988
961.55,136.14095584,136.141556327538,136.1339277214,136.1339277214,136.133913587912,136.273425,136.287114623736,136.290954589844,136.287333904743
961.6,136.14096128,136.141808829271,136.134198342918,136.134198342918,136.134184079153,136.265375,136.279050414222,136.290100097656,136.286465199607
961.65,136.14096672,136.142061331005,136.134468964436,136.134468964436,136.134454570394,136.257325,136.270986204708,136.289245605469,136.28559649447
961.7,136.14097352,136.142313832738,136.134739585955,136.134739585955,136.134725061634,136.249275,136.262921995194,136.288391113281,136.284727789333
961.75,136.14097896,136.142566334472,136.135010207473,136.135010207473,136.134995552875,136.241225,136.254857785679,136.287536621094,136.283859084196
961.8,136.1409844,136.142818836206,136.135280828991,136.135280828991,136.135266044116,136.233175,136.246793576165,136.286682128906,136.28299037906
961.85,136.14098984,136.143071337939,136.135551450509,136.135551450509,136.135536535356,136.225125,136.238729366651,136.285827636719,136.282121673923
961.9,136.14099528,136.143323839673,136.135822072027,136.135822072027,136.135807026597,136.217075,136.230665157137,136.284973144531,136.281252968786
961.95,136.14100208,136.143576341407,136.136092693545,136.136092693545,136.136077517838,136.209025,136.222600947622,136.284118652344,136.280384263649
962,136.14100752,136.14382884314,136.136363315063,136.136363315063,136.136348009079,136.205,136.218561738108,136.283264160156,136.279515558513
962.05,136.14101296,136.144081344874,136.136633936581,136.136633936581,136.136618500319,136.205,136.218547528594,136.282409667969,136.278646853376
962.1,136.1410184,136.144333846608,136.136904558099,136.136904558099,136.13688899156,136.205,136.21853331908,136.281555175781,136.277778148239
962.15,136.1410252,136.144586348341,136.137175179617,136.137175179617,136.137159482801,136.205,136.218519109565,136.280700683594,136.276909443103
962.2,136.14103064,136.144838850075,136.137445801135,136.137445801135,136.137429974041,136.205,136.218504900051,136.279846191406,136.276040737966
962.25,136.14103608,136.145091351809,136.137716422653,136.137716422653,136.137700465282,136.205,136.218490690537,136.278991699219,136.275172032829
962.3,136.14104152,136.145343853542,136.137987044172,136.137987044172,136.137970956523,136.205,136.218476481023,136.278137207031,136.274303327692
962.35,136.14104696,136.145596355276,136.13825766569,136.13825766569,136.138241447763,136.205,136.218462271508,136.277282714844,136.273434622556
962.4,136.14105376,136.145848857009,136.138528287208,136.138528287208,136.138511939004,136.205,136.218448061994,136.276428222656,136.272565917419
962.45,136.1410592,136.146101358743,136.138798908726,136.138798908726,136.138782430245,136.205,136.21843385248,136.275573730469,136.271697212282
962.5,136.14106464,136.146353860477,136.139069530244,136.139069530244,136.139052921486,136.205,136.218419642966,136.274719238281,136.270828507145
962.55,136.14107008,136.14660636221,136.139340151762,136.139340151762,136.139323412726,136.205,136.218405433451,136.273864746094,136.269959802009
962.6,136.14107552,136.146858863944,136.13961077328,136.13961077328,136.139593903967,136.205,136.218391223937,136.273010253906,136.269091096872
962.65,136.14108232,136.147111365678,136.139881394798,136.139881394798,136.139864395208,136.205,136.218377014423,136.272155761719,136.268222391735
962.7,136.14108776,136.147363867411,136.140152016316,136.140152016316,136.140134886448,136.205,136.218362804909,136.271301269531,136.267353686599
962.75,136.1410932,136.147616369145,136.140422637834,136.140422637834,136.140405377689,136.205,136.218348595394,136.270446777344,136.266484981462
962.8,136.14109864,136.147868870879,136.140693259352,136.140693259352,136.14067586893,136.205,136.21833438588,136.269592285156,136.265616276325
962.85,136.14110544,136.148121372612,136.14096388087,136.14096388087,136.14094636017,136.205,136.218320176366,136.268737792969,136.264747571188
962.9,136.14111088,136.148373874346,136.141234502388,136.141234502388,136.141216851411,136.205,136.218305966852,136.267883300781,136.263878866052
962.95,136.14111632,136.14862637608,136.141505123907,136.141505123907,136.141487342652,136.205,136.218291757337,136.267028808594,136.263010160915
963,136.14112176,136.148878877813,136.141775745425,136.141775745425,136.141757833892,136.205,136.218277547823,136.266174316406,136.262141455778
963.05,136.1411272,136.149131379547,136.142046366943,136.142046366943,136.142028325133,136.205,136.218263338309,136.265319824219,136.261272750641
963.1,136.141134,136.149383881281,136.142316988461,136.142316988461,136.142298816374,136.205,136.218249128795,136.264465332031,136.260404045505
963.15,136.14113944,136.149636383014,136.142587609979,136.142587609979,136.142569307615,136.205,136.21823491928,136.263610839844,136.259535340368
963.2,136.14114488,136.149888884748,136.142858231497,136.142858231497,136.142839798855,136.205,136.218220709766,136.262756347656,136.258666635231
963.25,136.14115032,136.150141386481,136.143128853015,136.143128853015,136.143110290096,136.205,136.218206500252,136.261901855469,136.257797930095
963.3,136.14115576,136.150393888215,136.143399474533,136.143399474533,136.143380781337,136.205,136.218192290738,136.261047363281,136.256929224958
963.35,136.14116256,136.150646389949,136.143670096051,136.143670096051,136.143651272577,136.205,136.218178081223,136.260192871094,136.256060519821
963.4,136.141168,136.150898891682,136.143940717569,136.143940717569,136.143921763818,136.205,136.218163871709,136.259338378906,136.255191814684
963.45,136.14117344,136.151151393416,136.144211339087,136.144211339087,136.144192255059,136.205,136.218149662195,136.258483886719,136.254323109548
963.5,136.14117888,136.15140389515,136.144481960605,136.144481960605,136.144462746299,136.205,136.218135452681,136.257629394531,136.253454404411
963.55,136.14118568,136.151656396883,136.144752582123,136.144752582123,136.14473323754,136.205,136.218121243166,136.256774902344,136.252585699274
963.6,136.14119112,136.151908898617,136.145023203642,136.145023203642,136.145003728781,136.205,136.218107033652,136.255920410156,136.251716994137
963.65,136.14119656,136.152161400351,136.14529382516,136.14529382516,136.145274220021,136.205,136.218092824138,136.255065917969,136.250848289001
963.7,136.141202,136.152413902084,136.145564446678,136.145564446678,136.145544711262,136.205,136.218078614624,136.254211425781,136.249979583864
963.75,136.14120744,136.152666403818,136.145835068196,136.145835068196,136.145815202503,136.205,136.218064405109,136.253356933594,136.249110878727
963.8,136.14121424,136.152918905552,136.146105689714,136.146105689714,136.146085693744,136.205,136.218050195595,136.252502441406,136.24824217359
963.85,136.14121968,136.153171407285,136.146376311232,136.146376311232,136.146356184984,136.205,136.218035986081,136.251647949219,136.247373468454
963.9,136.14122512,136.153423909019,136.14664693275,136.14664693275,136.146626676225,136.205,136.218021776567,136.250793457031,136.246504763317
963.95,136.14123056,136.153676410753,136.146917554268,136.146917554268,136.146897167466,136.205,136.218007567052,136.249938964844,136.24563605818
964,136.14123736,136.153928912486,136.147188175786,136.147188175786,136.147167658706,136.205,136.217993357538,136.249084472656,136.244767353044
964.05,136.1412428,136.15418141422,136.147458797304,136.147458797304,136.147438149947,136.205,136.217979148024,136.248229980469,136.243898647907
964.1,136.14124824,136.154433915953,136.147729418822,136.147729418822,136.147708641188,136.205,136.21796493851,136.247375488281,136.24302994277
964.15,136.14125368,136.154686417687,136.14800004034,136.14800004034,136.147979132428,136.205,136.217950728995,136.246520996094,136.242161237633
964.2,136.14125912,136.154938919421,136.148270661859,136.148270661859,136.148249623669,136.205,136.217936519481,136.245666503906,136.241292532497
964.25,136.14126592,136.155191421154,136.148541283377,136.148541283377,136.14852011491,136.205,136.217922309967,136.244812011719,136.24042382736
964.3,136.14127136,136.155443922888,136.148811904895,136.148811904895,136.14879060615,136.205,136.217908100453,136.243957519531,136.239555122223
964.35,136.1412768,136.155696424622,136.149082526413,136.149082526413,136.149061097391,136.205,136.217893890938,136.243103027344,136.238686417086
964.4,136.14128224,136.155948926355,136.149353147931,136.149353147931,136.149331588632,136.205,136.217879681424,136.242248535156,136.23781771195
964.45,136.14128768,136.156201428089,136.149623769449,136.149623769449,136.149602079873,136.205,136.21786547191,136.241394042969,136.236949006813
964.5,136.14129448,136.156453929823,136.149894390967,136.149894390967,136.149872571113,136.205,136.217851262396,136.240539550781,136.236080301676
964.55,136.14129992,136.156706431556,136.150165012485,136.150165012485,136.150143062354,136.205,136.217837052881,136.239685058594,136.23521159654
964.6,136.14130536,136.15695893329,136.150435634003,136.150435634003,136.150413553595,136.205,136.217822843367,136.238830566406,136.234342891403
964.65,136.1413108,136.157211435024,136.150706255521,136.150706255521,136.150684044835,136.205,136.217808633853,136.237976074219,136.233474186266
964.7,136.1413176,136.157463936757,136.150976877039,136.150976877039,136.150954536076,136.205,136.217794424339,136.237121582031,136.232605481129
964.75,136.14132304,136.157716438491,136.151247498557,136.151247498557,136.151225027317,136.205,136.217780214824,136.236267089844,136.231736775993
964.8,136.14132848,136.157968940225,136.151518120075,136.151518120075,136.151495518557,136.205,136.21776600531,136.235412597656,136.230868070856
964.85,136.14133392,136.158221441958,136.151788741594,136.151788741594,136.151766009798,136.205,136.217751795796,136.234558105469,136.229999365719
964.9,136.14133936,136.158473943692,136.152059363112,136.152059363112,136.152036501039,136.205,136.217737586282,136.233703613281,136.229130660582
964.95,136.14134616,136.158726445425,136.15232998463,136.15232998463,136.152306992279,136.205,136.217723376767,136.232849121094,136.228261955446
965,136.1413516,136.158853947159,136.152475606148,136.152475606148,136.15245248352,136.205,136.217709167253,136.231994628906,136.227393250309
965.05,136.14135704,136.158856448893,136.152496227666,136.152496227666,136.152472974761,136.205,136.217694957739,136.231140136719,136.226524545172
965.1,136.14136248,136.158858950626,136.152516849184,136.152516849184,136.152493466002,136.205,136.217680748225,136.230285644531,136.225655840036
965.15,136.14136792,136.15886145236,136.152537470702,136.152537470702,136.152513957242,136.205,136.21766653871,136.229431152344,136.224787134899
965.2,136.14137472,136.158863954094,136.15255809222,136.15255809222,136.152534448483,136.205,136.217652329196,136.228576660156,136.223918429762
965.25,136.14138016,136.158866455827,136.152578713738,136.152578713738,136.152554939724,136.205,136.217638119682,136.227722167969,136.223049724625
965.3,136.1413856,136.158868957561,136.152599335256,136.152599335256,136.152575430964,136.205,136.217623910168,136.226867675781,136.222181019489
965.35,136.14139104,136.158871459295,136.152619956774,136.152619956774,136.152595922205,136.205,136.217609700653,136.226013183594,136.221312314352
965.4,136.14139784,136.158873961028,136.152640578292,136.152640578292,136.152616413446,136.205,136.217595491139,136.225158691406,136.220443609215
965.45,136.14140328,136.158876462762,136.15266119981,136.15266119981,136.152636904686,136.205,136.217581281625,136.224304199219,136.219574904078
965.5,136.14140872,136.158878964496,136.152681821329,136.152681821329,136.152657395927,136.205,136.21756707211,136.223449707031,136.218706198942
965.55,136.14141416,136.158881466229,136.152702442847,136.152702442847,136.152677887168,136.205,136.217552862596,136.222595214844,136.217837493805
965.6,136.1414196,136.158883967963,136.152723064365,136.152723064365,136.152698378408,136.205,136.217538653082,136.221740722656,136.216968788668
965.65,136.1414264,136.158886469697,136.152743685883,136.152743685883,136.152718869649,136.205,136.217524443568,136.220886230469,136.216100083532
965.7,136.14143184,136.15888897143,136.152764307401,136.152764307401,136.15273936089,136.205,136.217510234053,136.220031738281,136.215231378395
965.75,136.14143728,136.158891473164,136.152784928919,136.152784928919,136.152759852131,136.205,136.217496024539,136.219177246094,136.214362673258
965.8,136.14144272,136.158893974897,136.152805550437,136.152805550437,136.152780343371,136.205,136.217481815025,136.218322753906,136.213493968121
965.85,136.14144952,136.158896476631,136.152826171955,136.152826171955,136.152800834612,136.205,136.217467605511,136.217468261719,136.212625262985
965.9,136.14145496,136.158898978365,136.152846793473,136.152846793473,136.152821325853,136.205,136.217453395996,136.216613769531,136.211756557848
965.95,136.1414604,136.158901480098,136.152867414991,136.152867414991,136.152841817093,136.205,136.217439186482,136.215759277344,136.210887852711
966,136.14146584,136.158903981832,136.152888036509,136.152888036509,136.152862308334,136.186875,136.199299976968,136.214904785156,136.210019147574
966.05,136.14147128,136.158906483566,136.152908658027,136.152908658027,136.152882799575,136.150625,136.163035767454,136.214050292969,136.209150442438
966.1,136.14147808,136.158908985299,136.152929279546,136.152929279546,136.152903290815,136.114375,136.126771557939,136.213195800781,136.208281737301
966.15,136.14148352,136.158911487033,136.152949901064,136.152949901064,136.152923782056,136.078125,136.090507348425,136.212341308594,136.207413032164
966.2,136.14148896,136.158913988767,136.152970522582,136.152970522582,136.152944273297,136.041875,136.054243138911,136.211486816406,136.206544327028
966.25,136.1414944,136.1589164905,136.1529911441,136.1529911441,136.152964764537,136.005625,136.017978929397,136.210632324219,136.205675621891
966.3,136.14149984,136.158918992234,136.153011765618,136.153011765618,136.152985255778,135.969375,135.981714719882,136.209777832031,136.204806916754
966.35,136.14150664,136.158921493968,136.153032387136,136.153032387136,136.153005747019,135.933125,135.945450510368,136.208923339844,136.203938211617
966.4,136.14151208,136.158923995701,136.153053008654,136.153053008654,136.15302623826,135.896875,135.909186300854,136.208068847656,136.203069506481
966.45,136.14151752,136.158926497435,136.153073630172,136.153073630172,136.1530467295,135.860625,135.87292209134,136.207214355469,136.202200801344
966.5,136.14152296,136.158928999169,136.15309425169,136.15309425169,136.153067220741,135.824375,135.836657881825,136.206359863281,136.201332096207
966.55,136.14152976,136.158931500902,136.153114873208,136.153114873208,136.153087711982,135.788125,135.800393672311,136.205505371094,136.20046339107
966.6,136.1415352,136.158934002636,136.153135494726,136.153135494726,136.153108203222,135.751875,135.764129462797,136.204650878906,136.199594685934
966.65,136.14154064,136.158936504369,136.153156116244,136.153156116244,136.153128694463,135.715625,135.727865253283,136.203796386719,136.198725980797
966.7,136.14154608,136.158939006103,136.153176737762,136.153176737762,136.153149185704,135.679375,135.691601043768,136.202941894531,136.19785727566
966.75,136.14155152,136.158941507837,136.153197359281,136.153197359281,136.153169676944,135.643125,135.655336834254,136.202087402344,136.196988570524
966.8,136.14155832,136.15894400957,136.153217980799,136.153217980799,136.153190168185,135.606875,135.61907262474,136.201232910156,136.196119865387
966.85,136.14156376,136.158946511304,136.153238602317,136.153238602317,136.153210659426,135.570625,135.582808415226,136.200378417969,136.19525116025
966.9,136.1415692,136.158949013038,136.153259223835,136.153259223835,136.153231150666,135.534375,135.546544205711,136.199523925781,136.194382455113
966.95,136.14157464,136.158951514771,136.153279845353,136.153279845353,136.153251641907,135.498125,135.510279996197,136.198669433594,136.193513749977
967,136.14158008,136.158954016505,136.153300466871,136.153300466871,136.153272133148,135.48,135.492140786683,136.197814941406,136.19264504484
967.05,136.14158688,136.158956518239,136.153321088389,136.153321088389,136.153292624389,135.48,135.492126577169,136.196960449219,136.191776339703
967.1,136.14159232,136.158959019972,136.153341709907,136.153341709907,136.153313115629,135.48,135.492112367654,136.196105957031,136.190907634566
967.15,136.14159776,136.158961521706,136.153362331425,136.153362331425,136.15333360687,135.48,135.49209815814,136.195251464844,136.19003892943
967.2,136.1416032,136.15896402344,136.153382952943,136.153382952943,136.153354098111,135.48,135.492083948626,136.194396972656,136.189170224293
967.25,136.14161,136.158966525173,136.153403574461,136.153403574461,136.153374589351,135.48,135.492069739112,136.193542480469,136.188301519156
967.3,136.14161544,136.158969026907,136.153424195979,136.153424195979,136.153395080592,135.48,135.492055529597,136.192687988281,136.18743281402
967.35,136.14162088,136.158971528641,136.153444817498,136.153444817498,136.153415571833,135.48,135.492041320083,136.191833496094,136.186564108883
967.4,136.14162632,136.158974030374,136.153465439016,136.153465439016,136.153436063073,135.48,135.492027110569,136.190979003906,136.185695403746
967.45,136.14163176,136.158976532108,136.153486060534,136.153486060534,136.153456554314,135.48,135.492012901055,136.190124511719,136.184826698609
967.5,136.14163856,136.158979033841,136.153506682052,136.153506682052,136.153477045555,135.48,135.49199869154,136.189270019531,136.183957993473
967.55,136.141644,136.158981535575,136.15352730357,136.15352730357,136.153497536795,135.48,135.491984482026,136.188415527344,136.183089288336
967.6,136.14164944,136.158984037309,136.153547925088,136.153547925088,136.153518028036,135.48,135.491970272512,136.187561035156,136.182220583199
967.65,136.14165488,136.158986539042,136.153568546606,136.153568546606,136.153538519277,135.48,135.491956062998,136.186706542969,136.181351878062
967.7,136.14166168,136.158989040776,136.153589168124,136.153589168124,136.153559010518,135.48,135.491941853483,136.185852050781,136.180483172926
967.75,136.14166712,136.15899154251,136.153609789642,136.153609789642,136.153579501758,135.48,135.491927643969,136.184997558594,136.179614467789
967.8,136.14167256,136.158994044243,136.15363041116,136.15363041116,136.153599992999,135.48,135.491913434455,136.184143066406,136.178745762652
967.85,136.141678,136.158996545977,136.153651032678,136.153651032678,136.15362048424,135.48,135.491899224941,136.183288574219,136.177877057516
967.9,136.14168344,136.158999047711,136.153671654196,136.153671654196,136.15364097548,135.48,135.491885015426,136.182434082031,136.177008352379
967.95,136.14169024,136.159001549444,136.153692275714,136.153692275714,136.153661466721,135.48,135.491870805912,136.181579589844,136.176139647242
968,136.14169568,136.159004051178,136.153712897233,136.153712897233,136.153681957962,135.48,135.491856596398,136.180725097656,136.175270942105
968.05,136.14170112,136.159006552912,136.153733518751,136.153733518751,136.153702449202,135.48,135.491842386884,136.179870605469,136.174402236969
968.1,136.14170656,136.159009054645,136.153754140269,136.153754140269,136.153722940443,135.48,135.491828177369,136.179016113281,136.173533531832
968.15,136.141712,136.159011556379,136.153774761787,136.153774761787,136.153743431684,135.48,135.491813967855,136.178161621094,136.172664826695
968.2,136.1417188,136.159014058113,136.153795383305,136.153795383305,136.153763922924,135.48,135.491799758341,136.177307128906,136.171796121558
968.25,136.14172424,136.159016559846,136.153816004823,136.153816004823,136.153784414165,135.48,135.491785548827,136.176452636719,136.170927416422
968.3,136.14172968,136.15901906158,136.153836626341,136.153836626341,136.153804905406,135.48,135.491771339312,136.175598144531,136.170058711285
968.35,136.14173512,136.159021563313,136.153857247859,136.153857247859,136.153825396647,135.48,135.491757129798,136.174743652344,136.169190006148
968.4,136.14174192,136.159024065047,136.153877869377,136.153877869377,136.153845887887,135.48,135.491742920284,136.173889160156,136.168321301012
968.45,136.14174736,136.159026566781,136.153898490895,136.153898490895,136.153866379128,135.48,135.49172871077,136.173034667969,136.167452595875
968.5,136.1417528,136.159029068514,136.153919112413,136.153919112413,136.153886870369,135.48,135.491714501255,136.172180175781,136.166583890738
968.55,136.14175824,136.159031570248,136.153939733931,136.153939733931,136.153907361609,135.48,135.491700291741,136.171325683594,136.165715185601
968.6,136.14176368,136.159034071982,136.153960355449,136.153960355449,136.15392785285,135.48,135.491686082227,136.170471191406,136.164846480465
968.65,136.14177048,136.159036573715,136.153980976968,136.153980976968,136.153948344091,135.48,135.491671872713,136.169616699219,136.163977775328
968.7,136.14177592,136.159039075449,136.154001598486,136.154001598486,136.153968835331,135.48,135.491657663198,136.168762207031,136.163109070191
968.75,136.14178136,136.159041577183,136.154022220004,136.154022220004,136.153989326572,135.48,135.491643453684,136.167907714844,136.162240365054
968.8,136.1417868,136.159044078916,136.154042841522,136.154042841522,136.154009817813,135.48,135.49162924417,136.167053222656,136.161371659918
968.85,136.14179224,136.15904658065,136.15406346304,136.15406346304,136.154030309053,135.48,135.491615034656,136.166198730469,136.160502954781
968.9,136.14179904,136.159049082384,136.154084084558,136.154084084558,136.154050800294,135.48,135.491600825141,136.165344238281,136.159634249644
968.95,136.14180448,136.159051584117,136.154104706076,136.154104706076,136.154071291535,135.48,135.491586615627,136.164489746094,136.158765544507
969,136.14180992,136.159054085851,136.154125327594,136.154125327594,136.154091782776,135.4808,135.492372406113,136.164123535156,136.158385120621
969.05,136.14181536,136.159056587585,136.154145949112,136.154145949112,136.154112274016,135.4824,135.493958196599,136.164245605469,136.158492977984
969.1,136.14182216,136.159059089318,136.15416657063,136.15416657063,136.154132765257,135.484,135.495543987084,136.164367675781,136.158600835347
969.15,136.1418276,136.159061591052,136.154187192148,136.154187192148,136.154153256498,135.4856,135.49712977757,136.164489746094,136.158708692711
969.2,136.14183304,136.159064092785,136.154207813666,136.154207813666,136.154173747738,135.4872,135.498715568056,136.164611816406,136.158816550074
969.25,136.14183848,136.159066594519,136.154228435185,136.154228435185,136.154194238979,135.4888,135.500301358542,136.164733886719,136.158924407437
969.3,136.14184392,136.159069096253,136.154249056703,136.154249056703,136.15421473022,135.4904,135.501887149027,136.164855957031,136.1590322648
969.35,136.14185072,136.159071597986,136.154269678221,136.154269678221,136.15423522146,135.492,135.503472939513,136.164978027344,136.159140122164
969.4,136.14185616,136.15907409972,136.154290299739,136.154290299739,136.154255712701,135.4936,135.505058729999,136.165100097656,136.159247979527
969.45,136.1418616,136.159076601454,136.154310921257,136.154310921257,136.154276203942,135.4952,135.506644520485,136.165222167969,136.15935583689
969.5,136.14186704,136.159079103187,136.154331542775,136.154331542775,136.154296695182,135.4968,135.50823031097,136.165344238281,136.159463694253
969.55,136.14187384,136.159081604921,136.154352164293,136.154352164293,136.154317186423,135.4984,135.509816101456,136.165466308594,136.159571551617
969.6,136.14187928,136.159084106655,136.154372785811,136.154372785811,136.154337677664,135.5,135.511401891942,136.165588378906,136.15967940898
969.65,136.14188472,136.159086608388,136.154393407329,136.154393407329,136.154358168905,135.5016,135.512987682428,136.165710449219,136.159787266343
969.7,136.14189016,136.159089110122,136.154414028847,136.154414028847,136.154378660145,135.5032,135.514573472913,136.165832519531,136.159895123707
969.75,136.1418956,136.159091611856,136.154434650365,136.154434650365,136.154399151386,135.5048,135.516159263399,136.165954589844,136.16000298107
969.8,136.1419024,136.159094113589,136.154455271883,136.154455271883,136.154419642627,135.5064,135.517745053885,136.166076660156,136.160110838433
969.85,136.14190784,136.159096615323,136.154475893401,136.154475893401,136.154440133867,135.508,135.519330844371,136.166198730469,136.160218695796
969.9,136.14191328,136.159099117057,136.15449651492,136.15449651492,136.154460625108,135.5096,135.520916634856,136.166320800781,136.16032655316
969.95,136.14191872,136.15910161879,136.154517136438,136.154517136438,136.154481116349,135.5112,135.522502425342,136.166442871094,136.160434410523
970,136.14192416,136.159104120524,136.154537757956,136.154537757956,136.154501607589,135.526225,135.537513215828,136.166564941406,136.160542267886
970.05,136.14193096,136.159101650269,136.154569513452,136.154569513452,136.154533371518,135.554675,135.565943873264,136.166687011719,136.160666026361
970.1,136.1419364,136.159099180013,136.154601268948,136.154601268948,136.154565135446,135.583125,135.5943745307,136.166809082031,136.160789784836
970.15,136.14194184,136.159096709758,136.154633024445,136.154633024445,136.154596899374,135.611575,135.622805188136,136.166931152344,136.160913543311
970.2,136.14194728,136.159094239503,136.154664779941,136.154664779941,136.154628663303,135.640025,135.651235845572,136.167053222656,136.161037301787
970.25,136.14195408,136.159091769248,136.154696535437,136.154696535437,136.154660427231,135.668475,135.679666503008,136.167175292969,136.161161060262
970.3,136.14195952,136.159089298993,136.154728290934,136.154728290934,136.154692191159,135.696925,135.708097160444,136.167297363281,136.161284818737
970.35,136.14196496,136.159086828738,136.15476004643,136.15476004643,136.154723955087,135.725375,135.73652781788,136.167419433594,136.161408577212
970.4,136.1419704,136.159084358483,136.154791801926,136.154791801926,136.154755719016,135.753825,135.764958475316,136.167541503906,136.161532335687
970.45,136.14197584,136.159081888227,136.154823557423,136.154823557423,136.154787482944,135.782275,135.793389132752,136.167663574219,136.161656094162
970.5,136.14198264,136.159079417972,136.154855312919,136.154855312919,136.154819246872,135.810725,135.821819790188,136.167785644531,136.161779852637
970.55,136.14198808,136.159076947717,136.154887068415,136.154887068415,136.154851010801,135.839175,135.850250447624,136.167907714844,136.161903611112
970.6,136.14199352,136.159074477462,136.154918823912,136.154918823912,136.154882774729,135.867625,135.87868110506,136.168029785156,136.162027369587
970.65,136.14199896,136.159072007207,136.154950579408,136.154950579408,136.154914538657,135.896075,135.907111762496,136.168151855469,136.162151128062
970.7,136.1420044,136.159069536952,136.154982334904,136.154982334904,136.154946302586,135.924525,135.935542419932,136.168273925781,136.162274886537
970.75,136.1420112,136.159067066697,136.155014090401,136.155014090401,136.154978066514,135.952975,135.963973077368,136.168395996094,136.162398645012
970.8,136.14201664,136.159064596441,136.155045845897,136.155045845897,136.155009830442,135.981425,135.992403734804,136.168518066406,136.162522403488
970.85,136.14202208,136.159062126186,136.155077601393,136.155077601393,136.15504159437,136.009875,136.02083439224,136.168640136719,136.162646161963
970.9,136.14202752,136.159059655931,136.15510935689,136.15510935689,136.155073358299,136.038325,136.049265049676,136.168762207031,136.162769920438
970.95,136.14203432,136.159057185676,136.155141112386,136.155141112386,136.155105122227,136.066775,136.077695707112,136.168884277344,136.162893678913
971,136.14203976,136.159179715421,136.155297867882,136.155297867882,136.155261886155,136.0811,136.092001364548,136.169006347656,136.163017437388
971.05,136.1420452,136.159427245166,136.155579623379,136.155579623379,136.155543650084,136.0813,136.092182021984,136.169128417969,136.163141195863
971.1,136.14205064,136.15967477491,136.155861378875,136.155861378875,136.155825414012,136.0815,136.09236267942,136.169250488281,136.163264954338
971.15,136.14205608,136.159922304655,136.156143134371,136.156143134371,136.15610717794,136.0817,136.092543336856,136.169372558594,136.163388712813
971.2,136.14206288,136.1601698344,136.156424889868,136.156424889868,136.156388941869,136.0819,136.092723994292,136.169494628906,136.163512471288
971.25,136.14206832,136.160417364145,136.156706645364,136.156706645364,136.156670705797,136.0821,136.092904651728,136.169616699219,136.163636229763
971.3,136.14207376,136.16066489389,136.15698840086,136.15698840086,136.156952469725,136.0823,136.093085309164,136.169738769531,136.163759988238
971.35,136.1420792,136.160912423635,136.157270156357,136.157270156357,136.157234233653,136.0825,136.0932659666,136.169860839844,136.163883746713
971.4,136.142086,136.16115995338,136.157551911853,136.157551911853,136.157515997582,136.0827,136.093446624036,136.169982910156,136.164007505188
971.45,136.14209144,136.161407483124,136.15783366735,136.15783366735,136.15779776151,136.0829,136.093627281472,136.170104980469,136.164131263664
971.5,136.14209688,136.161655012869,136.158115422846,136.158115422846,136.158079525438,136.0831,136.093807938908,136.170227050781,136.164255022139
971.55,136.14210232,136.161902542614,136.158397178342,136.158397178342,136.158361289367,136.0833,136.093988596344,136.170349121094,136.164378780614
971.6,136.14210776,136.162150072359,136.158678933839,136.158678933839,136.158643053295,136.0835,136.09416925378,136.170471191406,136.164502539089
971.65,136.14211456,136.162397602104,136.158960689335,136.158960689335,136.158924817223,136.0837,136.094349911216,136.170593261719,136.164626297564
971.7,136.14212,136.162645131849,136.159242444831,136.159242444831,136.159206581152,136.0839,136.094530568652,136.170715332031,136.164750056039
971.75,136.14212544,136.162892661594,136.159524200328,136.159524200328,136.15948834508,136.0841,136.094711226088,136.170837402344,136.164873814514
971.8,136.14213088,136.163140191338,136.159805955824,136.159805955824,136.159770109008,136.0843,136.094891883524,136.170959472656,136.164997572989
971.85,136.14213632,136.163387721083,136.16008771132,136.16008771132,136.160051872936,136.0845,136.09507254096,136.171081542969,136.165121331464
971.9,136.14214312,136.163635250828,136.160369466817,136.160369466817,136.160333636865,136.0847,136.095253198396,136.171203613281,136.165245089939
971.95,136.14214856,136.163882780573,136.160651222313,136.160651222313,136.160615400793,136.0849,136.095433855832,136.171325683594,136.165368848414
972,136.142154,136.164130310318,136.160932977809,136.160932977809,136.160897164721,136.085725,136.096239513268,136.171447753906,136.16549260689
972.05,136.14215944,136.164377840063,136.161214733306,136.161214733306,136.16117892865,136.087175,136.097670170704,136.171569824219,136.165616365365
972.1,136.14216624,136.164625369807,136.161496488802,136.161496488802,136.161460692578,136.088625,136.09910082814,136.171691894531,136.16574012384
972.15,136.14217168,136.164872899552,136.161778244298,136.161778244298,136.161742456506,136.090075,136.100531485576,136.171813964844,136.165863882315
972.2,136.14217712,136.165120429297,136.162059999795,136.162059999795,136.162024220434,136.091525,136.101962143012,136.171936035156,136.16598764079
972.25,136.14218256,136.165367959042,136.162341755291,136.162341755291,136.162305984363,136.092975,136.103392800448,136.172058105469,136.166111399265
972.3,136.142188,136.165615488787,136.162623510787,136.162623510787,136.162587748291,136.094425,136.104823457884,136.172180175781,136.16623515774
972.35,136.1421948,136.165863018532,136.162905266284,136.162905266284,136.162869512219,136.095875,136.10625411532,136.172302246094,136.166358916215
972.4,136.14220024,136.166110548277,136.16318702178,136.16318702178,136.163151276148,136.097325,136.107684772756,136.172424316406,136.16648267469
972.45,136.14220568,136.166358078021,136.163468777276,136.163468777276,136.163433040076,136.098775,136.109115430192,136.172546386719,136.166606433165
972.5,136.14221112,136.166605607766,136.163750532773,136.163750532773,136.163714804004,136.100225,136.110546087628,136.172668457031,136.16673019164
972.55,136.14221656,136.166853137511,136.164032288269,136.164032288269,136.163996567933,136.101675,136.111976745064,136.172790527344,136.166853950115
972.6,136.14222336,136.167100667256,136.164314043765,136.164314043765,136.164278331861,136.103125,136.1134074025,136.172912597656,136.16697770859
972.65,136.1422288,136.167348197001,136.164595799262,136.164595799262,136.164560095789,136.104575,136.114838059936,136.173034667969,136.167101467066
972.7,136.14223424,136.167595726746,136.164877554758,136.164877554758,136.164841859717,136.106025,136.116268717372,136.173156738281,136.167225225541
972.75,136.14223968,136.16784325649,136.165159310254,136.165159310254,136.165123623646,136.107475,136.117699374808,136.173278808594,136.167348984016
972.8,136.14224648,136.168090786235,136.165441065751,136.165441065751,136.165405387574,136.108925,136.119130032244,136.173400878906,136.167472742491
972.85,136.14225192,136.16833831598,136.165722821247,136.165722821247,136.165687151502,136.110375,136.12056068968,136.173522949219,136.167596500966
972.9,136.14225736,136.168585845725,136.166004576743,136.166004576743,136.165968915431,136.111825,136.121991347116,136.173645019531,136.167720259441
972.95,136.1422628,136.16883337547,136.16628633224,136.16628633224,136.166250679359,136.113275,136.123422004552,136.173767089844,136.167844017916
973,136.14226824,136.169080905215,136.166568087736,136.166568087736,136.166532443287,136.114,136.124127661988,136.173889160156,136.167967776391
973.05,136.14227504,136.16932843496,136.166849843232,136.166849843232,136.166814207216,136.114,136.124108319424,136.174011230469,136.168091534866
973.1,136.14228048,136.169575964704,136.167131598729,136.167131598729,136.167095971144,136.114,136.12408897686,136.174133300781,136.168215293341
973.15,136.14228592,136.169823494449,136.167413354225,136.167413354225,136.167377735072,136.114,136.124069634296,136.174255371094,136.168339051816
973.2,136.14229136,136.170071024194,136.167695109721,136.167695109721,136.167659499,136.114,136.124050291732,136.174377441406,136.168462810291
973.25,136.14229816,136.170318553939,136.167976865218,136.167976865218,136.167941262929,136.114,136.124030949168,136.174499511719,136.168586568767
973.3,136.1423036,136.170566083684,136.168258620714,136.168258620714,136.168223026857,136.114,136.124011606604,136.174621582031,136.168710327242
973.35,136.14230904,136.170813613429,136.16854037621,136.16854037621,136.168504790785,136.114,136.12399226404,136.174743652344,136.168834085717
973.4,136.14231448,136.171061143173,136.168822131707,136.168822131707,136.168786554714,136.114,136.123972921476,136.174865722656,136.168957844192
973.45,136.14231992,136.171308672918,136.169103887203,136.169103887203,136.169068318642,136.114,136.123953578912,136.174987792969,136.169081602667
973.5,136.14232672,136.171556202663,136.169385642699,136.169385642699,136.16935008257,136.114,136.123934236348,136.175109863281,136.169205361142
973.55,136.14233216,136.171803732408,136.169667398196,136.169667398196,136.169631846499,136.114,136.123914893784,136.175231933594,136.169329119617
973.6,136.1423376,136.172051262153,136.169949153692,136.169949153692,136.169913610427,136.114,136.12389555122,136.175354003906,136.169452878092
973.65,136.14234304,136.172298791898,136.170230909188,136.170230909188,136.170195374355,136.114,136.123876208656,136.175476074219,136.169576636567
973.7,136.14234848,136.172546321643,136.170512664685,136.170512664685,136.170477138283,136.114,136.123856866092,136.175598144531,136.169700395042
973.75,136.14235528,136.172793851387,136.170794420181,136.170794420181,136.170758902212,136.114,136.123837523528,136.175720214844,136.169824153517
973.8,136.14236072,136.173041381132,136.171076175677,136.171076175677,136.17104066614,136.114,136.123818180964,136.175842285156,136.169947911992
973.85,136.14236616,136.173288910877,136.171357931174,136.171357931174,136.171322430068,136.114,136.123798838401,136.175964355469,136.170071670468
973.9,136.1423716,136.173536440622,136.17163968667,136.17163968667,136.171604193997,136.114,136.123779495837,136.176086425781,136.170195428943
973.95,136.1423784,136.173783970367,136.171921442166,136.171921442166,136.171885957925,136.114,136.123760153273,136.176208496094,136.170319187418
974,136.14238384,136.174031500112,136.172203197663,136.172203197663,136.172167721853,136.114,136.123740810709,136.176330566406,136.170442945893
974.05,136.14238928,136.174279029857,136.172484953159,136.172484953159,136.172449485782,136.114,136.123721468145,136.176452636719,136.170566704368
974.1,136.14239472,136.174526559601,136.172766708655,136.172766708655,136.17273124971,136.114,136.123702125581,136.176574707031,136.170690462843
974.15,136.14240016,136.174774089346,136.173048464152,136.173048464152,136.173013013638,136.114,136.123682783017,136.176696777344,136.170814221318
974.2,136.14240696,136.175021619091,136.173330219648,136.173330219648,136.173294777566,136.114,136.123663440453,136.176818847656,136.170937979793
974.25,136.1424124,136.175269148836,136.173611975144,136.173611975144,136.173576541495,136.114,136.123644097889,136.176940917969,136.171061738268
974.3,136.14241784,136.175516678581,136.173893730641,136.173893730641,136.173858305423,136.114,136.123624755325,136.177062988281,136.171185496743
974.35,136.14242328,136.175764208326,136.174175486137,136.174175486137,136.174140069351,136.114,136.123605412761,136.177185058594,136.171309255218
974.4,136.14242872,136.17601173807,136.174457241633,136.174457241633,136.17442183328,136.114,136.123586070197,136.177307128906,136.171433013693
974.45,136.14243552,136.176259267815,136.17473899713,136.17473899713,136.174703597208,136.114,136.123566727633,136.177429199219,136.171556772169
974.5,136.14244096,136.17650679756,136.175020752626,136.175020752626,136.174985361136,136.114,136.123547385069,136.177551269531,136.171680530644
974.55,136.1424464,136.176754327305,136.175302508122,136.175302508122,136.175267125064,136.114,136.123528042505,136.177673339844,136.171804289119
974.6,136.14245184,136.17700185705,136.175584263619,136.175584263619,136.175548888993,136.114,136.123508699941,136.177795410156,136.171928047594
974.65,136.14245864,136.177249386795,136.175866019115,136.175866019115,136.175830652921,136.114,136.123489357377,136.177917480469,136.172051806069
974.7,136.14246408,136.17749691654,136.176147774611,136.176147774611,136.176112416849,136.114,136.123470014813,136.178039550781,136.172175564544
974.75,136.14246952,136.177744446284,136.176429530108,136.176429530108,136.176394180778,136.114,136.123450672249,136.178161621094,136.172299323019
974.8,136.14247496,136.177991976029,136.176711285604,136.176711285604,136.176675944706,136.114,136.123431329685,136.178283691406,136.172423081494
974.85,136.1424804,136.178239505774,136.1769930411,136.1769930411,136.176957708634,136.114,136.123411987121,136.178405761719,136.172546839969
974.9,136.1424872,136.178487035519,136.177274796597,136.177274796597,136.177239472563,136.114,136.123392644557,136.178527832031,136.172670598444
974.95,136.14249264,136.178734565264,136.177556552093,136.177556552093,136.177521236491,136.114,136.123373301993,136.178649902344,136.172794356919
975,136.14249808,136.178982095009,136.177838307589,136.177838307589,136.177803000419,136.081925,136.091278959429,136.178771972656,136.172918115394
975.05,136.14250352,136.179229624753,136.178120063086,136.178120063086,136.178084764347,136.017775,136.027109616865,136.178894042969,136.17304187387
975.1,136.14251032,136.179477154498,136.178401818582,136.178401818582,136.178366528276,135.953625,135.962940274301,136.179016113281,136.173165632345
975.15,136.14251576,136.179724684243,136.178683574079,136.178683574079,136.178648292204,135.889475,135.898770931737,136.179138183594,136.17328939082
975.2,136.1425212,136.179972213988,136.178965329575,136.178965329575,136.178930056132,135.825325,135.834601589173,136.179260253906,136.173413149295
975.25,136.14252664,136.180219743733,136.179247085071,136.179247085071,136.179211820061,135.761175,135.770432246609,136.179382324219,136.17353690777
975.3,136.14253208,136.180467273478,136.179528840568,136.179528840568,136.179493583989,135.697025,135.706262904045,136.179504394531,136.173660666245
975.35,136.14253888,136.180714803223,136.179810596064,136.179810596064,136.179775347917,135.632875,135.642093561481,136.179626464844,136.17378442472
975.4,136.14254432,136.180962332967,136.18009235156,136.18009235156,136.180057111846,135.568725,135.577924218917,136.179748535156,136.173908183195
975.45,136.14254976,136.181209862712,136.180374107057,136.180374107057,136.180338875774,135.504575,135.513754876353,136.179870605469,136.17403194167
975.5,136.1425552,136.181457392457,136.180655862553,136.180655862553,136.180620639702,135.440425,135.449585533789,136.179992675781,136.174155700145
975.55,136.14256064,136.181704922202,136.180937618049,136.180937618049,136.18090240363,135.376275,135.385416191225,136.180114746094,136.17427945862
975.6,136.14256744,136.181952451947,136.181219373546,136.181219373546,136.181184167559,135.312125,135.321246848661,136.180236816406,136.174403217095
975.65,136.14257152,136.182199981692,136.181501129042,136.181501129042,136.181465931487,135.247975,135.257077506097,136.180358886719,136.174526975571
975.7,136.14257424,136.182447511437,136.181782884538,136.181782884538,136.181747695415,135.183825,135.192908163533,136.180480957031,136.174650734046
975.75,136.14257424,136.182695041181,136.182064640035,136.182064640035,136.182029459344,135.119675,135.128738820969,136.180603027344,136.174774492521
975.8,136.14257424,136.182942570926,136.182346395531,136.182346395531,136.182311223272,135.055525,135.064569478405,136.180725097656,136.174898250996
975.85,136.14257424,136.183190100671,136.182628151027,136.182628151027,136.1825929872,134.991375,135.000400135841,136.180847167969,136.175022009471
975.9,136.14257424,136.183437630416,136.182909906524,136.182909906524,136.182874751129,134.927225,134.936230793277,136.180969238281,136.175145767946
975.95,136.14257424,136.183685160161,136.18319166202,136.18319166202,136.183156515057,134.863075,134.872061450713,136.181091308594,136.175269526421
976,136.14257424,136.183932689906,136.183473417516,136.183473417516,136.183438278985,134.831,134.839967108149,136.181213378906,136.175393284896
976.05,136.14257424,136.18418021965,136.183755173013,136.183755173013,136.183720042913,134.831,134.839947765585,136.181335449219,136.175517043371
976.1,136.14257424,136.184427749395,136.184036928509,136.184036928509,136.184001806842,134.831,134.839928423021,136.181457519531,136.175640801846
976.15,136.14257424,136.18467527914,136.184318684005,136.184318684005,136.18428357077,134.831,134.839909080457,136.181579589844,136.175764560321
976.2,136.14257424,136.184922808885,136.184600439502,136.184600439502,136.184565334698,134.831,134.839889737893,136.181701660156,136.175888318796
976.25,136.14257424,136.18517033863,136.184882194998,136.184882194998,136.184847098627,134.831,134.839870395329,136.181823730469,136.176012077272
976.3,136.14257424,136.185417868375,136.185163950494,136.185163950494,136.185128862555,134.831,134.839851052765,136.181945800781,136.176135835747
976.35,136.14257424,136.18566539812,136.185445705991,136.185445705991,136.185410626483,134.831,134.839831710201,136.182067871094,136.176259594222
976.4,136.14257424,136.185912927864,136.185727461487,136.185727461487,136.185692390412,134.831,134.839812367637,136.182189941406,136.176383352697
976.45,136.14257424,136.186160457609,136.186009216983,136.186009216983,136.18597415434,134.831,134.839793025073,136.182312011719,136.176507111172
976.5,136.14257424,136.186407987354,136.18629097248,136.18629097248,136.186255918268,134.831,134.839773682509,136.182434082031,136.176630869647
976.55,136.14257424,136.186655517099,136.186572727976,136.186572727976,136.186537682196,134.831,134.839754339945,136.182556152344,136.176754628122
976.6,136.14257424,136.186903046844,136.186854483472,136.186854483472,136.186819446125,134.831,134.839734997381,136.182678222656,136.176878386597
976.65,136.14257424,136.187150576589,136.187136238969,136.187136238969,136.187101210053,134.831,134.839715654817,136.182800292969,136.177002145072
976.7,136.14257424,136.187398106333,136.187417994465,136.187417994465,136.187382973981,134.831,134.839696312253,136.182922363281,136.177125903547
976.75,136.14257424,136.187645636078,136.187699749961,136.187699749961,136.18766473791,134.831,134.839676969689,136.183044433594,136.177249662022
976.8,136.14257424,136.187893165823,136.187981505458,136.187981505458,136.187946501838,134.831,134.839657627125,136.183166503906,136.177373420497
976.85,136.14257424,136.188140695568,136.188263260954,136.188263260954,136.188228265766,134.831,134.839638284561,136.183288574219,136.177497178973
976.9,136.14257424,136.188388225313,136.18854501645,136.18854501645,136.188510029694,134.831,134.839618941997,136.183410644531,136.177620937448
976.95,136.14257424,136.188635755058,136.188826771947,136.188826771947,136.188791793623,134.831,134.839599599433,136.183532714844,136.177744695923
977,136.14257424,136.188883284803,136.189108527443,136.189108527443,136.189073557551,134.831,134.839580256869,136.183679199219,136.17789286846
977.05,136.14257424,136.189130814547,136.189390282939,136.189390282939,136.189355321479,134.831,134.839560914305,136.183850097656,136.17806545506
977.1,136.14257424,136.189378344292,136.189672038436,136.189672038436,136.189637085408,134.831,134.839541571741,136.184020996094,136.17823804166
977.15,136.14257424,136.189625874037,136.189953793932,136.189953793932,136.189918849336,134.831,134.839522229177,136.184191894531,136.178410628261
977.2,136.14257424,136.189873403782,136.190235549428,136.190235549428,136.190200613264,134.831,134.839502886613,136.184362792969,136.178583214861
977.25,136.14257424,136.190120933527,136.190517304925,136.190517304925,136.190482377193,134.831,134.839483544049,136.184533691406,136.178755801461
977.3,136.14257424,136.190368463272,136.190799060421,136.190799060421,136.190764141121,134.831,134.839464201485,136.184704589844,136.178928388061
977.35,136.14257424,136.190615993017,136.191080815917,136.191080815917,136.191045905049,134.831,134.839444858921,136.184875488281,136.179100974661
977.4,136.14257424,136.190863522761,136.191362571414,136.191362571414,136.191327668977,134.831,134.839425516357,136.185046386719,136.179273561261
977.45,136.14257424,136.191111052506,136.19164432691,136.19164432691,136.191609432906,134.831,134.839406173793,136.185217285156,136.179446147861
977.5,136.14257424,136.191358582251,136.191926082406,136.191926082406,136.191891196834,134.831,134.839386831229,136.185388183594,136.179618734461
977.55,136.14257424,136.191606111996,136.192207837903,136.192207837903,136.192172960762,134.831,134.839367488665,136.185559082031,136.179791321061
977.6,136.14257424,136.191853641741,136.192489593399,136.192489593399,136.192454724691,134.831,134.839348146101,136.185729980469,136.179963907661
977.65,136.14257424,136.192101171486,136.192771348895,136.192771348895,136.192736488619,134.831,134.839328803537,136.185900878906,136.180136494261
977.7,136.14257424,136.19234870123,136.193053104392,136.193053104392,136.193018252547,134.831,134.839309460973,136.186071777344,136.180309080861
977.75,136.14257424,136.192596230975,136.193334859888,136.193334859888,136.193300016476,134.831,134.839290118409,136.186242675781,136.180481667462
977.8,136.14257424,136.19284376072,136.193616615384,136.193616615384,136.193581780404,134.831,134.839270775845,136.186413574219,136.180654254062
977.85,136.14257424,136.193091290465,136.193898370881,136.193898370881,136.193863544332,134.831,134.839251433281,136.186584472656,136.180826840662
977.9,136.14257424,136.19333882021,136.194180126377,136.194180126377,136.19414530826,134.831,134.839232090717,136.186755371094,136.180999427262
977.95,136.14257424,136.193586349955,136.194461881873,136.194461881873,136.194427072189,134.831,134.839212748153,136.186926269531,136.181172013862
978,136.14257424,136.1937088797,136.19461863737,136.19461863737,136.194583836117,134.8321,134.840293405589,136.187097167969,136.181344600462
978.05,136.14257424,136.193706409444,136.194650392866,136.194650392866,136.194615600045,134.8343,134.842474063025,136.187268066406,136.181517187062
978.1,136.14257424,136.193703939189,136.194682148362,136.194682148362,136.194647363974,134.8365,134.844654720461,136.187438964844,136.181689773662
978.15,136.14257424,136.193701468934,136.194713903859,136.194713903859,136.194679127902,134.8387,134.846835377897,136.187609863281,136.181862360262
978.2,136.14257424,136.193698998679,136.194745659355,136.194745659355,136.19471089183,134.8409,134.849016035333,136.187780761719,136.182034946862
978.25,136.14257424,136.193696528424,136.194777414851,136.194777414851,136.194742655759,134.8431,134.851196692769,136.187951660156,136.182207533462
978.3,136.14257424,136.193694058169,136.194809170348,136.194809170348,136.194774419687,134.8453,134.853377350205,136.188122558594,136.182380120062
978.35,136.14257424,136.193691587913,136.194840925844,136.194840925844,136.194806183615,134.8475,134.855558007641,136.188293457031,136.182552706663
978.4,136.14257424,136.193689117658,136.19487268134,136.19487268134,136.194837947543,134.8497,134.857738665077,136.188464355469,136.182725293263
978.45,136.14257424,136.193686647403,136.194904436837,136.194904436837,136.194869711472,134.8519,134.859919322513,136.188635253906,136.182897879863
978.5,136.14257424,136.193684177148,136.194936192333,136.194936192333,136.1949014754,134.8541,134.862099979949,136.188806152344,136.183070466463
978.55,136.14257424,136.193681706893,136.194967947829,136.194967947829,136.194933239328,134.8563,134.864280637385,136.188977050781,136.183243053063
978.6,136.14257424,136.193679236638,136.194999703326,136.194999703326,136.194965003257,134.8585,134.866461294821,136.189147949219,136.183415639663
978.65,136.14257424,136.193676766383,136.195031458822,136.195031458822,136.194996767185,134.8607,134.868641952257,136.189318847656,136.183588226263
978.7,136.14257424,136.193674296127,136.195063214319,136.195063214319,136.195028531113,134.8629,134.870822609693,136.189489746094,136.183760812863
978.75,136.14257424,136.193671825872,136.195094969815,136.195094969815,136.195060295041,134.8651,134.873003267129,136.189660644531,136.183933399463
978.8,136.14257424,136.193669355617,136.195126725311,136.195126725311,136.19509205897,134.8673,134.875183924565,136.189831542969,136.184105986063
978.85,136.14257424,136.193666885362,136.195158480808,136.195158480808,136.195123822898,134.8695,134.877364582001,136.190002441406,136.184278572663
978.9,136.14257424,136.193664415107,136.195190236304,136.195190236304,136.195155586826,134.8717,134.879545239438,136.190173339844,136.184451159263
978.95,136.14257424,136.193661944852,136.1952219918,136.1952219918,136.195187350755,134.8739,134.881725896874,136.190344238281,136.184623745863
979,136.14257424,136.193659474597,136.195253747297,136.195253747297,136.195219114683,134.8756,134.88340655431,136.190515136719,136.184796332464
979.05,136.14257424,136.193657004341,136.195285502793,136.195285502793,136.195250878611,134.8768,134.884587211746,136.190686035156,136.184968919064
979.1,136.14257424,136.193654534086,136.195317258289,136.195317258289,136.19528264254,134.878,134.885767869182,136.190856933594,136.185141505664
979.15,136.14257424,136.193652063831,136.195349013786,136.195349013786,136.195314406468,134.8792,134.886948526618,136.191027832031,136.185314092264
979.2,136.14257424,136.193649593576,136.195380769282,136.195380769282,136.195346170396,134.8804,134.888129184054,136.191198730469,136.185486678864
979.25,136.14257424,136.193647123321,136.195412524778,136.195412524778,136.195377934324,134.8816,134.88930984149,136.191369628906,136.185659265464
979.3,136.14257424,136.193644653066,136.195444280275,136.195444280275,136.195409698253,134.8828,134.890490498926,136.191540527344,136.185831852064
979.35,136.14257424,136.19364218281,136.195476035771,136.195476035771,136.195441462181,134.884,134.891671156362,136.191711425781,136.186004438664
979.4,136.14257424,136.193639712555,136.195507791267,136.195507791267,136.195473226109,134.8852,134.892851813798,136.191882324219,136.186177025264
979.45,136.14257424,136.1936372423,136.195539546764,136.195539546764,136.195504990038,134.8864,134.894032471234,136.192053222656,136.186349611864
979.5,136.14257424,136.193634772045,136.19557130226,136.19557130226,136.195536753966,134.8876,134.89521312867,136.192224121094,136.186522198464
979.55,136.14257424,136.19363230179,136.195603057756,136.195603057756,136.195568517894,134.8888,134.896393786106,136.192395019531,136.186694785065
979.6,136.14257424,136.193629831535,136.195634813253,136.195634813253,136.195600281823,134.89,134.897574443542,136.192565917969,136.186867371665
979.65,136.14257424,136.19362736128,136.195666568749,136.195666568749,136.195632045751,134.8912,134.898755100978,136.192736816406,136.187039958265
979.7,136.14257424,136.193624891024,136.195698324245,136.195698324245,136.195663809679,134.8924,134.899935758414,136.192907714844,136.187212544865
979.75,136.14257424,136.193622420769,136.195730079742,136.195730079742,136.195695573607,134.8936,134.90111641585,136.193078613281,136.187385131465
979.8,136.14257424,136.193619950514,136.195761835238,136.195761835238,136.195727337536,134.8948,134.902297073286,136.193249511719,136.187557718065
979.85,136.14257424,136.193617480259,136.195793590734,136.195793590734,136.195759101464,134.896,134.903477730722,136.193420410156,136.187730304665
979.9,136.14257424,136.193615010004,136.195825346231,136.195825346231,136.195790865392,134.8972,134.904658388158,136.193591308594,136.187902891265
979.95,136.14257424,136.193612539749,136.195857101727,136.195857101727,136.195822629321,134.8984,134.905839045594,136.193762207031,136.188075477865
980,136.14257424,136.193735069493,136.196013857223,136.196013857223,136.195979393249,134.899425,134.90684470303,136.193933105469,136.188248064465
980.05,136.14257424,136.194000418683,136.196301483052,136.196301483052,136.196267138572,134.900275,134.907666379792,136.194104003906,136.188433606105
980.1,136.14257424,136.194265767873,136.196589108881,136.196589108881,136.196554883895,134.901125,134.908488056553,136.194274902344,136.188619147745
980.15,136.14257424,136.194531117063,136.196876734709,136.196876734709,136.196842629218,134.901975,134.909309733315,136.194445800781,136.188804689385
980.2,136.14257424,136.194796466253,136.197164360538,136.197164360538,136.197130374541,134.902825,134.910131410077,136.194616699219,136.188990231025
980.25,136.14257424,136.195061815443,136.197451986366,136.197451986366,136.197418119864,134.903675,134.910953086839,136.194787597656,136.189175772664
980.3,136.14257424,136.195327164632,136.197739612195,136.197739612195,136.197705865187,134.904525,134.911774763601,136.194958496094,136.189361314304
980.35,136.14257424,136.195592513822,136.198027238024,136.198027238024,136.19799361051,134.905375,134.912596440363,136.195129394531,136.189546855944
980.4,136.14257424,136.195857863012,136.198314863852,136.198314863852,136.198281355833,134.906225,134.913418117124,136.195300292969,136.189732397584
980.45,136.14257424,136.196123212202,136.198602489681,136.198602489681,136.198569101156,134.907075,134.914239793886,136.195471191406,136.189917939224
980.5,136.14257424,136.196388561392,136.198890115509,136.198890115509,136.198856846479,134.907925,134.915061470648,136.195642089844,136.190103480864
980.55,136.14257424,136.196653910582,136.199177741338,136.199177741338,136.199144591802,134.908775,134.91588314741,136.195812988281,136.190289022504
980.6,136.14257424,136.196919259771,136.199465367167,136.199465367167,136.199432337125,134.909625,134.916704824172,136.195983886719,136.190474564143
980.65,136.14257424,136.197184608961,136.199752992995,136.199752992995,136.199720082448,134.910475,134.917526500934,136.196154785156,136.190660105783
980.7,136.14257424,136.197449958151,136.200040618824,136.200040618824,136.200007827771,134.911325,134.918348177695,136.196325683594,136.190845647423
980.75,136.14257424,136.197715307341,136.200328244653,136.200328244653,136.200295573094,134.912175,134.919169854457,136.196496582031,136.191031189063
980.8,136.14257424,136.197980656531,136.200615870481,136.200615870481,136.200583318417,134.913025,134.919991531219,136.196667480469,136.191216730703
980.85,136.14257424,136.19824600572,136.20090349631,136.20090349631,136.20087106374,134.913875,134.920813207981,136.196838378906,136.191402272343
980.9,136.14257424,136.19851135491,136.201191122138,136.201191122138,136.201158809063,134.914725,134.921634884743,136.197009277344,136.191587813982
980.95,136.14257424,136.1987767041,136.201478747967,136.201478747967,136.201446554386,134.915575,134.922456561505,136.197180175781,136.191773355622
981,136.14257424,136.19904205329,136.201766373796,136.201766373796,136.201734299709,134.916275,134.923128238266,136.197351074219,136.191958897262
981.05,136.14257424,136.19930740248,136.202053999624,136.202053999624,136.202022045032,134.916825,134.923649915028,136.197521972656,136.192144438902
981.1,136.14257424,136.19957275167,136.202341625453,136.202341625453,136.202309790355,134.917375,134.92417159179,136.197692871094,136.192329980542
981.15,136.14257424,136.199838100859,136.202629251282,136.202629251282,136.202597535678,134.917925,134.924693268552,136.197863769531,136.192515522182
981.2,136.14257424,136.200103450049,136.20291687711,136.20291687711,136.202885281001,134.918475,134.925214945314,136.198034667969,136.192701063822
981.25,136.14257424,136.200368799239,136.203204502939,136.203204502939,136.203173026324,134.919025,134.925736622076,136.198205566406,136.192886605461
981.3,136.14257424,136.200634148429,136.203492128767,136.203492128767,136.203460771647,134.919575,134.926258298837,136.198376464844,136.193072147101
981.35,136.14257424,136.200899497619,136.203779754596,136.203779754596,136.203748516971,134.920125,134.926779975599,136.198547363281,136.193257688741
981.4,136.14257424,136.201164846808,136.204067380425,136.204067380425,136.204036262294,134.920675,134.927301652361,136.198718261719,136.193443230381
981.45,136.14257424,136.201430195998,136.204355006253,136.204355006253,136.204324007617,134.921225,134.927823329123,136.198889160156,136.193628772021
981.5,136.14257424,136.201695545188,136.204642632082,136.204642632082,136.20461175294,134.921775,134.928345005885,136.199060058594,136.193814313661
981.55,136.14257424,136.201960894378,136.20493025791,136.20493025791,136.204899498263,134.922325,134.928866682646,136.199230957031,136.193999855301
981.6,136.14257424,136.202226243568,136.205217883739,136.205217883739,136.205187243586,134.922875,134.929388359408,136.199401855469,136.19418539694
981.65,136.14257424,136.202491592758,136.205505509568,136.205505509568,136.205474988909,134.923425,134.92991003617,136.199572753906,136.19437093858
981.7,136.14257424,136.202756941947,136.205793135396,136.205793135396,136.205762734232,134.923975,134.930431712932,136.199743652344,136.19455648022
981.75,136.14257424,136.203022291137,136.206080761225,136.206080761225,136.206050479555,134.924525,134.930953389694,136.199914550781,136.19474202186
981.8,136.14257424,136.203287640327,136.206368387054,136.206368387054,136.206338224878,134.925075,134.931475066456,136.200085449219,136.1949275635
981.85,136.14257424,136.203552989517,136.206656012882,136.206656012882,136.206625970201,134.925625,134.931996743217,136.200256347656,136.19511310514
981.9,136.14257424,136.203818338707,136.206943638711,136.206943638711,136.206913715524,134.926175,134.932518419979,136.200427246094,136.195298646779
981.95,136.14257424,136.204083687897,136.207231264539,136.207231264539,136.207201460847,134.926725,134.933040096741,136.200598144531,136.195484188419
982,136.14257424,136.204349037086,136.207518890368,136.207518890368,136.20748920617,134.9491,134.955386773503,136.200769042969,136.195669730059
982.05,136.14257424,136.204614386276,136.207806516197,136.207806516197,136.207776951493,134.9933,134.999558450265,136.200939941406,136.195855271699
982.1,136.14257424,136.204879735466,136.208094142025,136.208094142025,136.208064696816,135.0375,135.043730127027,136.201110839844,136.196040813339
982.15,136.14257424,136.205145084656,136.208381767854,136.208381767854,136.208352442139,135.0817,135.087901803788,136.201281738281,136.196226354979
982.2,136.14257424,136.205410433846,136.208669393683,136.208669393683,136.208640187462,135.1259,135.13207348055,136.201452636719,136.196411896619
982.25,136.14257424,136.205675783035,136.208957019511,136.208957019511,136.208927932785,135.1701,135.176245157312,136.201623535156,136.196597438258
982.3,136.14257424,136.205941132225,136.20924464534,136.20924464534,136.209215678108,135.2143,135.220416834074,136.201794433594,136.196782979898
982.35,136.14257424,136.206206481415,136.209532271168,136.209532271168,136.209503423431,135.2585,135.264588510836,136.201965332031,136.196968521538
982.4,136.14257424,136.206471830605,136.209819896997,136.209819896997,136.209791168754,135.3027,135.308760187598,136.202136230469,136.197154063178
982.45,136.14257424,136.206737179795,136.210107522826,136.210107522826,136.210078914077,135.3469,135.352931864359,136.202307128906,136.197339604818
982.5,136.14257424,136.207002528985,136.210395148654,136.210395148654,136.2103666594,135.3911,135.397103541121,136.202478027344,136.197525146458
982.55,136.14257424,136.207267878174,136.210682774483,136.210682774483,136.210654404723,135.4353,135.441275217883,136.202648925781,136.197710688097
982.6,136.14257424,136.207533227364,136.210970400311,136.210970400311,136.210942150046,135.4795,135.485446894645,136.202819824219,136.197896229737
982.65,136.14257424,136.207798576554,136.21125802614,136.21125802614,136.211229895369,135.5237,135.529618571407,136.202990722656,136.198081771377
982.7,136.14257424,136.208063925744,136.211545651969,136.211545651969,136.211517640692,135.5679,135.573790248169,136.203161621094,136.198267313017
982.75,136.14257424,136.208329274934,136.211833277797,136.211833277797,136.211805386015,135.6121,135.61796192493,136.203332519531,136.198452854657
982.8,136.14257424,136.208594624124,136.212120903626,136.212120903626,136.212093131338,135.6563,135.662133601692,136.203503417969,136.198638396297
982.85,136.14257424,136.208859973313,136.212408529455,136.212408529455,136.212380876661,135.7005,135.706305278454,136.203674316406,136.198823937937
982.9,136.14257424,136.209125322503,136.212696155283,136.212696155283,136.212668621984,135.7447,135.750476955216,136.203845214844,136.199009479576
982.95,136.14257424,136.209390671693,136.212983781112,136.212983781112,136.212956367307,135.7889,135.794648631978,136.204016113281,136.199195021216
983,136.14257424,136.209656020883,136.21327140694,136.21327140694,136.21324411263,135.8111,135.81682030874,136.204187011719,136.199380562856
983.05,136.14257424,136.209921370073,136.213559032769,136.213559032769,136.213531857953,135.8113,135.816991985501,136.204357910156,136.199566104496
983.1,136.14257424,136.210186719262,136.213846658598,136.213846658598,136.213819603276,135.8115,135.817163662263,136.204528808594,136.199751646136
983.15,136.14257424,136.210452068452,136.214134284426,136.214134284426,136.214107348599,135.8117,135.817335339025,136.204699707031,136.199937187776
983.2,136.14257424,136.210717417642,136.214421910255,136.214421910255,136.214395093922,135.8119,135.817507015787,136.204870605469,136.200122729416
983.25,136.14257424,136.210982766832,136.214709536084,136.214709536084,136.214682839245,135.8121,135.817678692549,136.205041503906,136.200308271055
983.3,136.14257424,136.211248116022,136.214997161912,136.214997161912,136.214970584568,135.8123,135.817850369311,136.205212402344,136.200493812695
983.35,136.14257424,136.211513465212,136.215284787741,136.215284787741,136.215258329891,135.8125,135.818022046072,136.205383300781,136.200679354335
983.4,136.14257424,136.211778814401,136.215572413569,136.215572413569,136.215546075214,135.8127,135.818193722834,136.205554199219,136.200864895975
983.45,136.14257424,136.212044163591,136.215860039398,136.215860039398,136.215833820537,135.8129,135.818365399596,136.205725097656,136.201050437615
983.5,136.14257424,136.212309512781,136.216147665227,136.216147665227,136.21612156586,135.8131,135.818537076358,136.205895996094,136.201235979255
983.55,136.14257424,136.212574861971,136.216435291055,136.216435291055,136.216409311183,135.8133,135.81870875312,136.206066894531,136.201421520894
983.6,136.14257424,136.212840211161,136.216722916884,136.216722916884,136.216697056507,135.8135,135.818880429882,136.206237792969,136.201607062534
983.65,136.14257424,136.21310556035,136.217010542712,136.217010542712,136.21698480183,135.8137,135.819052106643,136.206408691406,136.201792604174
983.7,136.14257424,136.21337090954,136.217298168541,136.217298168541,136.217272547153,135.8139,135.819223783405,136.206579589844,136.201978145814
983.75,136.14257424,136.21363625873,136.21758579437,136.21758579437,136.217560292476,135.8141,135.819395460167,136.206750488281,136.202163687454
983.8,136.14257424,136.21390160792,136.217873420198,136.217873420198,136.217848037799,135.8143,135.819567136929,136.206921386719,136.202349229094
983.85,136.14257424,136.21416695711,136.218161046027,136.218161046027,136.218135783122,135.8145,135.819738813691,136.207092285156,136.202534770734
983.9,136.14257424,136.2144323063,136.218448671856,136.218448671856,136.218423528445,135.8147,135.819910490453,136.207263183594,136.202720312373
983.95,136.14257424,136.214697655489,136.218736297684,136.218736297684,136.218711273768,135.8149,135.820082167214,136.207434082031,136.202905854013
984,136.14257424,136.214963004679,136.219023923513,136.219023923513,136.218999019091,135.8231,135.828253843976,136.207604980469,136.203091395653
984.05,136.14257424,136.215228353869,136.219311549341,136.219311549341,136.219286764414,135.8393,135.844425520738,136.207775878906,136.203276937293
984.1,136.14257424,136.215493703059,136.21959917517,136.21959917517,136.219574509737,135.8555,135.8605971975,136.207946777344,136.203462478933
984.15,136.14257424,136.215759052249,136.219886800999,136.219886800999,136.21986225506,135.8717,135.876768874262,136.208117675781,136.203648020573
984.2,136.14257424,136.216024401439,136.220174426827,136.220174426827,136.220150000383,135.8879,135.892940551024,136.208288574219,136.203833562212
984.25,136.14257424,136.216289750628,136.220462052656,136.220462052656,136.220437745706,135.9041,135.909112227785,136.208459472656,136.204019103852
984.3,136.14257424,136.216555099818,136.220749678485,136.220749678485,136.220725491029,135.9203,135.925283904547,136.208630371094,136.204204645492
984.35,136.14257424,136.216820449008,136.221037304313,136.221037304313,136.221013236352,135.9365,135.941455581309,136.208801269531,136.204390187132
984.4,136.14257424,136.217085798198,136.221324930142,136.221324930142,136.221300981675,135.9527,135.957627258071,136.208972167969,136.204575728772
984.45,136.14257424,136.217351147388,136.22161255597,136.22161255597,136.221588726998,135.9689,135.973798934833,136.209143066406,136.204761270412
984.5,136.14257424,136.217616496577,136.221900181799,136.221900181799,136.221876472321,135.9851,135.989970611595,136.209313964844,136.204946812052
984.55,136.14257424,136.217881845767,136.222187807628,136.222187807628,136.222164217644,136.0013,136.006142288356,136.209484863281,136.205132353691
984.6,136.14257424,136.218147194957,136.222475433456,136.222475433456,136.222451962967,136.0175,136.022313965118,136.209655761719,136.205317895331
984.65,136.14257424,136.218412544147,136.222763059285,136.222763059285,136.22273970829,136.0337,136.03848564188,136.209826660156,136.205503436971
984.7,136.14257424,136.218677893337,136.223050685113,136.223050685113,136.223027453613,136.0499,136.054657318642,136.209997558594,136.205688978611
984.75,136.14257424,136.218943242527,136.223338310942,136.223338310942,136.223315198936,136.0661,136.070828995404,136.210168457031,136.205874520251
984.8,136.14257424,136.219208591716,136.223625936771,136.223625936771,136.223602944259,136.0823,136.087000672166,136.210339355469,136.206060061891
984.85,136.14257424,136.219473940906,136.223913562599,136.223913562599,136.223890689582,136.0985,136.103172348927,136.210510253906,136.206245603531
984.9,136.14257424,136.219739290096,136.224201188428,136.224201188428,136.224178434905,136.1147,136.119344025689,136.210681152344,136.20643114517
984.95,136.14257424,136.220004639286,136.224488814257,136.224488814257,136.224466180228,136.1309,136.135515702451,136.210852050781,136.20661668681
985,136.14257424,136.220269988476,136.224776440085,136.224776440085,136.224753925551,136.1695,136.174087379213,136.211157226563,136.206936505794
985.05,136.14257424,136.220535337666,136.225064065914,136.225064065914,136.225041670874,136.2305,136.235059055975,136.211596679687,136.207390602121
985.1,136.14257424,136.220800686855,136.225351691742,136.225351691742,136.225329416197,136.2915,136.296030732737,136.212036132812,136.207844698448
985.15,136.14257424,136.221066036045,136.225639317571,136.225639317571,136.22561716152,136.3525,136.357002409498,136.212475585938,136.208298794776
985.2,136.14257424,136.221331385235,136.2259269434,136.2259269434,136.225904906843,136.4135,136.41797408626,136.212915039062,136.208752891103
985.25,136.14257424,136.221596734425,136.226214569228,136.226214569228,136.226192652166,136.4745,136.478945763022,136.213354492188,136.209206987431
985.3,136.14257424,136.221862083615,136.226502195057,136.226502195057,136.226480397489,136.5355,136.539917439784,136.213793945312,136.209661083758
985.35,136.14257424,136.222127432804,136.226789820886,136.226789820886,136.226768142812,136.5965,136.600889116546,136.214233398438,136.210115180085
985.4,136.14257424,136.222392781994,136.227077446714,136.227077446714,136.227055888135,136.6575,136.661860793308,136.214672851563,136.210569276413
985.45,136.14257424,136.222658131184,136.227365072543,136.227365072543,136.227343633458,136.7185,136.722832470069,136.215112304687,136.21102337274
985.5,136.14257424,136.222923480374,136.227652698371,136.227652698371,136.227631378781,136.7795,136.783804146831,136.215551757813,136.211477469067
985.55,136.14257424,136.223188829564,136.2279403242,136.2279403242,136.227919124104,136.8405,136.844775823593,136.215991210937,136.211931565395
985.6,136.14257424,136.223454178754,136.228227950029,136.228227950029,136.228206869427,136.9015,136.905747500355,136.216430664062,136.212385661722
985.65,136.14257424,136.223719527943,136.228515575857,136.228515575857,136.22849461475,136.9625,136.966719177117,136.216870117188,136.212839758049
985.7,136.14257424,136.223984877133,136.228803201686,136.228803201686,136.228782360073,137.0235,137.027690853879,136.217309570312,136.213293854377
985.75,136.14257424,136.224250226323,136.229090827514,136.229090827514,136.229070105396,137.0845,137.08866253064,136.217749023438,136.213747950704
985.8,136.14257424,136.224515575513,136.229378453343,136.229378453343,136.229357850719,137.1455,137.149634207402,136.218188476562,136.214202047031
985.85,136.14257424,136.224780924703,136.229666079172,136.229666079172,136.229645596043,137.2065,137.210605884164,136.218627929688,136.214656143359
985.9,136.14257424,136.225046273892,136.229953705,136.229953705,136.229933341366,137.2675,137.271577560926,136.219067382813,136.215110239686
985.95,136.14257424,136.225311623082,136.230241330829,136.230241330829,136.230221086689,137.3285,137.332549237688,136.219506835937,136.215564336013
986,136.14257424,136.225576972272,136.230528956658,136.230528956658,136.230508832012,137.35935,137.363370914449,136.219946289063,136.216018432341
986.05,136.14257424,136.225842321462,136.230816582486,136.230816582486,136.230796577335,137.36005,137.364042591211,136.220385742187,136.216472528668
986.1,136.14257424,136.226107670652,136.231104208315,136.231104208315,136.231084322658,137.36075,137.364714267973,136.220825195312,136.216926624995
986.15,136.14257424,136.226373019842,136.231391834143,136.231391834143,136.231372067981,137.36145,137.365385944735,136.221264648438,136.217380721323
986.2,136.14257424,136.226638369031,136.231679459972,136.231679459972,136.231659813304,137.36215,137.366057621497,136.221704101562,136.21783481765
986.25,136.14257424,136.226903718221,136.231967085801,136.231967085801,136.231947558627,137.36285,137.366729298259,136.222143554688,136.218288913978
986.3,136.14257424,136.227169067411,136.232254711629,136.232254711629,136.23223530395,137.36355,137.36740097502,136.222583007812,136.218743010305
986.35,136.14257424,136.227434416601,136.232542337458,136.232542337458,136.232523049273,137.36425,137.368072651782,136.223022460938,136.219197106632
986.4,136.14257424,136.227699765791,136.232829963287,136.232829963287,136.232810794596,137.36495,137.368744328544,136.223461914063,136.21965120296
986.45,136.14257424,136.227965114981,136.233117589115,136.233117589115,136.233098539919,137.36565,137.369416005306,136.223901367187,136.220105299287
986.5,136.14257424,136.22823046417,136.233405214944,136.233405214944,136.233386285242,137.36635,137.370087682068,136.224340820313,136.220559395614
986.55,136.14257424,136.22849581336,136.233692840772,136.233692840772,136.233674030565,137.36705,137.37075935883,136.224780273437,136.221013491942
986.6,136.14257424,136.22876116255,136.233980466601,136.233980466601,136.233961775888,137.36775,137.371431035591,136.225219726562,136.221467588269
986.65,136.14257424,136.22902651174,136.23426809243,136.23426809243,136.234249521211,137.36845,137.372102712353,136.225659179688,136.221921684596
986.7,136.14257424,136.22929186093,136.234555718258,136.234555718258,136.234537266534,137.36915,137.372774389115,136.226098632812,136.222375780924
986.75,136.14257424,136.229557210119,136.234843344087,136.234843344087,136.234825011857,137.36985,137.373446065877,136.226538085938,136.222829877251
986.8,136.14257424,136.229822559309,136.235130969915,136.235130969915,136.23511275718,137.37055,137.374117742639,136.226977539062,136.223283973578
986.85,136.14257424,136.230087908499,136.235418595744,136.235418595744,136.235400502503,137.37125,137.374789419401,136.227416992188,136.223738069906
986.9,136.14257424,136.230353257689,136.235706221573,136.235706221573,136.235688247826,137.37195,137.375461096162,136.227856445313,136.224192166233
986.95,136.14257424,136.230618606879,136.235993847401,136.235993847401,136.235975993149,137.37265,137.376132772924,136.228295898437,136.22464626256
987,136.14257424,136.230883956069,136.23628147323,136.23628147323,136.236263738472,137.373,137.376454449686,136.228735351563,136.225100358888
987.05,136.14257424,136.231149305258,136.236569099059,136.236569099059,136.236551483795,137.373,137.376426126448,136.229174804687,136.225554455215
987.1,136.14257424,136.231414654448,136.236856724887,136.236856724887,136.236839229118,137.373,137.37639780321,136.229614257812,136.226008551542
987.15,136.14257424,136.231680003638,136.237144350716,136.237144350716,136.237126974441,137.373,137.376369479972,136.230053710938,136.22646264787
987.2,136.14257424,136.231945352828,136.237431976544,136.237431976544,136.237414719764,137.373,137.376341156733,136.230493164062,136.226916744197
987.25,136.14257424,136.232210702018,136.237719602373,136.237719602373,136.237702465087,137.373,137.376312833495,136.230932617188,136.227370840524
987.3,136.14257424,136.232476051207,136.238007228202,136.238007228202,136.23799021041,137.373,137.376284510257,136.231372070312,136.227824936852
987.35,136.14257424,136.232741400397,136.23829485403,136.23829485403,136.238277955733,137.373,137.376256187019,136.231811523438,136.228279033179
987.4,136.14257424,136.233006749587,136.238582479859,136.238582479859,136.238565701056,137.373,137.376227863781,136.232250976563,136.228733129507
987.45,136.14257424,136.233272098777,136.238870105688,136.238870105688,136.238853446379,137.373,137.376199540543,136.232690429687,136.229187225834
987.5,136.14257424,136.233537447967,136.239157731516,136.239157731516,136.239141191702,137.373,137.376171217304,136.233129882813,136.229641322161
987.55,136.14257424,136.233802797157,136.239445357345,136.239445357345,136.239428937025,137.373,137.376142894066,136.233569335937,136.230095418489
987.6,136.14257424,136.234068146346,136.239732983173,136.239732983173,136.239716682348,137.373,137.376114570828,136.234008789062,136.230549514816
987.65,136.14257424,136.234333495536,136.240020609002,136.240020609002,136.240004427671,137.373,137.37608624759,136.234448242188,136.231003611143
987.7,136.14257424,136.234598844726,136.240308234831,136.240308234831,136.240292172994,137.373,137.376057924352,136.234887695312,136.231457707471
987.75,136.14257424,136.234864193916,136.240595860659,136.240595860659,136.240579918317,137.373,137.376029601114,136.235327148438,136.231911803798
987.8,136.14257424,136.235129543106,136.240883486488,136.240883486488,136.24086766364,137.373,137.376001277875,136.235766601562,136.232365900125
987.85,136.14257424,136.235394892296,136.241171112316,136.241171112316,136.241155408963,137.373,137.375972954637,136.236206054688,136.232819996453
987.9,136.14257424,136.235660241485,136.241458738145,136.241458738145,136.241443154286,137.373,137.375944631399,136.236645507813,136.23327409278
987.95,136.14257424,136.235925590675,136.241746363974,136.241746363974,136.241730899609,137.373,137.375916308161,136.237084960937,136.233728189107
988,136.14257424,136.236190939865,136.242033989802,136.242033989802,136.242018644932,137.373,137.375887984923,136.237524414063,136.234182285435
988.05,136.14257424,136.236456289055,136.242321615631,136.242321615631,136.242306390255,137.373,137.375859661685,136.237963867187,136.234636381762
988.1,136.14257424,136.236721638245,136.24260924146,136.24260924146,136.242594135578,137.373,137.375831338446,136.238403320312,136.235090478089
988.15,136.14257424,136.236986987434,136.242896867288,136.242896867288,136.242881880902,137.373,137.375803015208,136.238842773438,136.235544574417
988.2,136.14257424,136.237252336624,136.243184493117,136.243184493117,136.243169626225,137.373,137.37577469197,136.239282226562,136.235998670744
988.25,136.14257424,136.237517685814,136.243472118945,136.243472118945,136.243457371548,137.373,137.375746368732,136.239721679688,136.236452767071
988.3,136.14257424,136.237783035004,136.243759744774,136.243759744774,136.243745116871,137.373,137.375718045494,136.240161132812,136.236906863399
988.35,136.14257424,136.238048384194,136.244047370603,136.244047370603,136.244032862194,137.373,137.375689722256,136.240600585938,136.237360959726
988.4,136.14257424,136.238313733384,136.244334996431,136.244334996431,136.244320607517,137.373,137.375661399017,136.241040039063,136.237815056053
988.45,136.14257424,136.238579082573,136.24462262226,136.24462262226,136.24460835284,137.373,137.375633075779,136.241479492187,136.238269152381
988.5,136.14257424,136.238844431763,136.244910248089,136.244910248089,136.244896098163,137.373,137.375604752541,136.241918945313,136.238723248708
988.55,136.14257424,136.239109780953,136.245197873917,136.245197873917,136.245183843486,137.373,137.375576429303,136.242358398437,136.239177345036
988.6,136.14257424,136.239375130143,136.245485499746,136.245485499746,136.245471588809,137.373,137.375548106065,136.242797851562,136.239631441363
988.65,136.14257424,136.239640479333,136.245773125574,136.245773125574,136.245759334132,137.373,137.375519782827,136.243237304688,136.24008553769
988.7,136.14257424,136.239905828523,136.246060751403,136.246060751403,136.246047079455,137.373,137.375491459588,136.243676757812,136.240539634018
988.75,136.14257424,136.240171177712,136.246348377232,136.246348377232,136.246334824778,137.373,137.37546313635,136.244116210938,136.240993730345
988.8,136.14257424,136.240436526902,136.24663600306,136.24663600306,136.246622570101,137.373,137.375434813112,136.244555664062,136.241447826672
988.85,136.14257424,136.240701876092,136.246923628889,136.246923628889,136.246910315424,137.373,137.375406489874,136.244995117188,136.241901923
988.9,136.14257424,136.240967225282,136.247211254717,136.247211254717,136.247198060747,137.373,137.375378166636,136.245434570313,136.242356019327
988.95,136.14257424,136.241232574472,136.247498880546,136.247498880546,136.24748580607,137.373,137.375349843398,136.245874023437,136.242810115654
989,136.14257424,136.241497923661,136.247786506375,136.247786506375,136.247773551393,137.33945,137.341771520159,136.246313476563,136.243264211982
989.05,136.14257424,136.241763272851,136.248074132203,136.248074132203,136.248061296716,137.27235,137.274643196921,136.246752929687,136.243718308309
989.1,136.14257424,136.242028622041,136.248361758032,136.248361758032,136.248349042039,137.20525,137.207514873683,136.247192382812,136.244172404636
989.15,136.14257424,136.242293971231,136.248649383861,136.248649383861,136.248636787362,137.13815,137.140386550445,136.247631835938,136.244626500964
989.2,136.14257424,136.242559320421,136.248937009689,136.248937009689,136.248924532685,137.07105,137.073258227207,136.248071289062,136.245080597291
989.25,136.14257424,136.242824669611,136.249224635518,136.249224635518,136.249212278008,137.00395,137.006129903969,136.248510742188,136.245534693618
989.3,136.14257424,136.2430900188,136.249512261346,136.249512261346,136.249500023331,136.93685,136.93900158073,136.248950195312,136.245988789946
989.35,136.14257424,136.24335536799,136.249799887175,136.249799887175,136.249787768654,136.86975,136.871873257492,136.249389648438,136.246442886273
989.4,136.14257424,136.24362071718,136.250087513004,136.250087513004,136.250075513977,136.80265,136.804744934254,136.249829101563,136.2468969826
989.45,136.14257424,136.24388606637,136.250375138832,136.250375138832,136.2503632593,136.73555,136.737616611016,136.250268554687,136.247351078928
989.5,136.14257424,136.24415141556,136.250662764661,136.250662764661,136.250651004623,136.66845,136.670488287778,136.250708007813,136.247805175255
989.55,136.14257424,136.24441676475,136.25095039049,136.25095039049,136.250938749946,136.60135,136.60335996454,136.251147460937,136.248259271582
989.6,136.14257424,136.244682113939,136.251238016318,136.251238016318,136.251226495269,136.53425,136.536231641301,136.251586914062,136.24871336791
989.65,136.14257424,136.244947463129,136.251525642147,136.251525642147,136.251514240592,136.46715,136.469103318063,136.252026367188,136.249167464237
989.7,136.14257424,136.245212812319,136.251813267975,136.251813267975,136.251801985915,136.40005,136.401974994825,136.252465820312,136.249621560565
989.75,136.14257424,136.245478161509,136.252100893804,136.252100893804,136.252089731238,136.33295,136.334846671587,136.252905273438,136.250075656892
989.8,136.14257424,136.245743510699,136.252388519633,136.252388519633,136.252377476561,136.26585,136.267718348349,136.253344726562,136.250529753219
989.85,136.14257424,136.246008859888,136.252676145461,136.252676145461,136.252665221884,136.19875,136.200590025111,136.253784179688,136.250983849547
989.9,136.14257424,136.246274209078,136.25296377129,136.25296377129,136.252952967207,136.13165,136.133461701872,136.254223632813,136.251437945874
989.95,136.14257424,136.246539558268,136.253251397118,136.253251397118,136.25324071253,136.06455,136.066333378634,136.254663085937,136.251892042201
990,136.14257424,136.246804907458,136.253539022947,136.253539022947,136.253528457853,136.031,136.032755055396,136.255102539063,136.252346138529
990.05,136.14257424,136.247073151149,136.253821700201,136.253821700201,136.253811236106,136.031,136.032717234624,136.255541992187,136.252803764024
990.1,136.14257424,136.247341394841,136.254104377456,136.254104377456,136.254094014359,136.031,136.032679413851,136.255981445312,136.25326138952
990.15,136.14257424,136.247609638532,136.25438705471,136.25438705471,136.254376792611,136.031,136.032641593079,136.256420898438,136.253719015015
990.2,136.14257424,136.247877882223,136.254669731965,136.254669731965,136.254659570864,136.031,136.032603772307,136.256860351562,136.254176640511
990.25,136.14257424,136.248146125915,136.254952409219,136.254952409219,136.254942349117,136.031,136.032565951534,136.257299804688,136.254634266007
990.3,136.14257424,136.248414369606,136.255235086473,136.255235086473,136.255225127369,136.031,136.032528130762,136.257739257812,136.255091891502
990.35,136.14257424,136.248682613298,136.255517763728,136.255517763728,136.255507905622,136.031,136.032490309989,136.258178710938,136.255549516998
990.4,136.14257424,136.248950856989,136.255800440982,136.255800440982,136.255790683875,136.031,136.032452489217,136.258618164063,136.256007142493
990.45,136.14257424,136.24921910068,136.256083118236,136.256083118236,136.256073462127,136.031,136.032414668445,136.259057617187,136.256464767989
990.5,136.14257424,136.249487344372,136.256365795491,136.256365795491,136.25635624038,136.031,136.032376847672,136.259497070313,136.256922393485
990.55,136.14257424,136.249755588063,136.256648472745,136.256648472745,136.256639018633,136.031,136.0323390269,136.259936523437,136.25738001898
990.6,136.14257424,136.250023831755,136.256931149999,136.256931149999,136.256921796885,136.031,136.032301206128,136.260375976562,136.257837644476
990.65,136.14257424,136.250292075446,136.257213827254,136.257213827254,136.257204575138,136.031,136.032263385355,136.260815429688,136.258295269971
990.7,136.14257424,136.250560319137,136.257496504508,136.257496504508,136.257487353391,136.031,136.032225564583,136.261254882812,136.258752895467
990.75,136.14257424,136.250828562829,136.257779181763,136.257779181763,136.257770131643,136.031,136.032187743811,136.261694335938,136.259210520963
990.8,136.14257424,136.25109680652,136.258061859017,136.258061859017,136.258052909896,136.031,136.032149923038,136.262133789062,136.259668146458
990.85,136.14257424,136.251365050212,136.258344536271,136.258344536271,136.258335688149,136.031,136.032112102266,136.262573242188,136.260125771954
990.9,136.14257424,136.251633293903,136.258627213526,136.258627213526,136.258618466401,136.031,136.032074281493,136.263012695313,136.260583397449
990.95,136.14257424,136.251901537594,136.25890989078,136.25890989078,136.258901244654,136.031,136.032036460721,136.263452148437,136.261041022945
991,136.14257424,136.252169781286,136.259192568034,136.259192568034,136.259184022907,136.031,136.031998639949,136.263891601563,136.261498648441
991.05,136.14257424,136.252438024977,136.259475245289,136.259475245289,136.259466801159,136.031,136.031960819176,136.264331054687,136.261956273936
991.1,136.14257424,136.252706268669,136.259757922543,136.259757922543,136.259749579412,136.031,136.031922998404,136.264770507812,136.262413899432
991.15,136.14257424,136.25297451236,136.260040599797,136.260040599797,136.260032357665,136.031,136.031885177632,136.265209960938,136.262871524927
991.2,136.14257424,136.253242756051,136.260323277052,136.260323277052,136.260315135917,136.031,136.031847356859,136.265649414062,136.263329150423
991.25,136.14257424,136.253510999743,136.260605954306,136.260605954306,136.26059791417,136.031,136.031809536087,136.266088867188,136.263786775919
991.3,136.14257424,136.253779243434,136.260888631561,136.260888631561,136.260880692423,136.031,136.031771715315,136.266528320312,136.264244401414
991.35,136.14257424,136.254047487125,136.261171308815,136.261171308815,136.261163470675,136.031,136.031733894542,136.266967773438,136.26470202691
991.4,136.14257424,136.254315730817,136.261453986069,136.261453986069,136.261446248928,136.031,136.03169607377,136.267407226563,136.265159652405
991.45,136.14257424,136.254583974508,136.261736663324,136.261736663324,136.261729027181,136.031,136.031658252997,136.267846679687,136.265617277901
991.5,136.14257424,136.2548522182,136.262019340578,136.262019340578,136.262011805433,136.031,136.031620432225,136.268286132813,136.266074903396
991.55,136.14257424,136.255120461891,136.262302017832,136.262302017832,136.262294583686,136.031,136.031582611453,136.268725585937,136.266532528892
991.6,136.14257424,136.255388705582,136.262584695087,136.262584695087,136.262577361939,136.031,136.03154479068,136.269165039062,136.266990154388
991.65,136.14257424,136.255656949274,136.262867372341,136.262867372341,136.262860140191,136.031,136.031506969908,136.269604492188,136.267447779883
991.7,136.14257424,136.255925192965,136.263150049595,136.263150049595,136.263142918444,136.031,136.031469149136,136.270043945312,136.267905405379
991.75,136.14257424,136.256193436657,136.26343272685,136.26343272685,136.263425696697,136.031,136.031431328363,136.270483398438,136.268363030874
991.8,136.14257424,136.256461680348,136.263715404104,136.263715404104,136.263708474949,136.031,136.031393507591,136.270922851562,136.26882065637
991.85,136.14257424,136.256729924039,136.263998081358,136.263998081358,136.263991253202,136.031,136.031355686819,136.271362304688,136.269278281866
991.9,136.14257424,136.256998167731,136.264280758613,136.264280758613,136.264274031455,136.031,136.031317866046,136.271801757813,136.269735907361
991.95,136.14257424,136.257266411422,136.264563435867,136.264563435867,136.264556809707,136.031,136.031280045274,136.272241210937,136.270193532857
992,136.14257424,136.257534655114,136.264846113122,136.264846113122,136.26483958796,136.032025,136.032267224501,136.272680664063,136.270651158352
992.05,136.14257424,136.257802898805,136.265128790376,136.265128790376,136.265122366213,136.034075,136.034279403729,136.273120117187,136.271108783848
992.1,136.14257424,136.258071142496,136.26541146763,136.26541146763,136.265405144465,136.036125,136.036291582957,136.273559570312,136.271566409344
992.15,136.14257424,136.258339386188,136.265694144885,136.265694144885,136.265687922718,136.038175,136.038303762184,136.273999023438,136.272024034839
992.2,136.14257424,136.258607629879,136.265976822139,136.265976822139,136.265970700971,136.040225,136.040315941412,136.274438476562,136.272481660335
992.25,136.14257424,136.258875873571,136.266259499393,136.266259499393,136.266253479223,136.042275,136.04232812064,136.274877929688,136.27293928583
992.3,136.14257424,136.259144117262,136.266542176648,136.266542176648,136.266536257476,136.044325,136.044340299867,136.275317382812,136.273396911326
992.35,136.14257424,136.259412360953,136.266824853902,136.266824853902,136.266819035729,136.046375,136.046352479095,136.275756835938,136.273854536822
992.4,136.14257424,136.259680604645,136.267107531156,136.267107531156,136.267101813981,136.048425,136.048364658323,136.276196289063,136.274312162317
992.45,136.14257424,136.259948848336,136.267390208411,136.267390208411,136.267384592234,136.050475,136.05037683755,136.276635742187,136.274769787813
992.5,136.14257424,136.260217092027,136.267672885665,136.267672885665,136.267667370487,136.052525,136.052389016778,136.277075195313,136.275227413308
992.55,136.14257424,136.260485335719,136.26795556292,136.26795556292,136.267950148739,136.054575,136.054401196006,136.277514648437,136.275685038804
992.6,136.14257424,136.26075357941,136.268238240174,136.268238240174,136.268232926992,136.056625,136.056413375233,136.277954101562,136.2761426643
992.65,136.14257424,136.261021823102,136.268520917428,136.268520917428,136.268515705245,136.058675,136.058425554461,136.278393554688,136.276600289795
992.7,136.14257424,136.261290066793,136.268803594683,136.268803594683,136.268798483497,136.060725,136.060437733688,136.278833007812,136.277057915291
992.75,136.14257424,136.261558310484,136.269086271937,136.269086271937,136.26908126175,136.062775,136.062449912916,136.279272460938,136.277515540786
992.8,136.14257424,136.261826554176,136.269368949191,136.269368949191,136.269364040003,136.064825,136.064462092144,136.279711914062,136.277973166282
992.85,136.14257424,136.262094797867,136.269651626446,136.269651626446,136.269646818255,136.066875,136.066474271371,136.280151367188,136.278430791778
992.9,136.14257424,136.262363041559,136.2699343037,136.2699343037,136.269929596508,136.068925,136.068486450599,136.280590820313,136.278888417273
992.95,136.14257424,136.26263128525,136.270216980954,136.270216980954,136.270212374761,136.070975,136.070498629827,136.281030273437,136.279346042769
993,136.14257424,136.262899528941,136.270499658209,136.270499658209,136.270495153013,136.0912,136.090685809054,136.281311035156,136.279644976858
993.05,136.14257424,136.263167772633,136.270782335463,136.270782335463,136.270777931266,136.1296,136.129047988282,136.281433105469,136.279785219541
993.1,136.14257424,136.263436016324,136.271065012718,136.271065012718,136.271060709519,136.168,136.16741016751,136.281555175781,136.279925462224
993.15,136.14257424,136.263704260016,136.271347689972,136.271347689972,136.271343487771,136.2064,136.205772346737,136.281677246094,136.280065704907
993.2,136.14257424,136.263972503707,136.271630367226,136.271630367226,136.271626266024,136.2448,136.244134525965,136.281799316406,136.28020594759
993.25,136.14257424,136.264240747398,136.271913044481,136.271913044481,136.271909044277,136.2832,136.282496705192,136.281921386719,136.280346190274
993.3,136.14257424,136.26450899109,136.272195721735,136.272195721735,136.272191822529,136.3216,136.32085888442,136.282043457031,136.280486432957
993.35,136.14257424,136.264777234781,136.272478398989,136.272478398989,136.272474600782,136.36,136.359221063648,136.282165527344,136.28062667564
993.4,136.14257424,136.265045478473,136.272761076244,136.272761076244,136.272757379035,136.3984,136.397583242875,136.282287597656,136.280766918323
993.45,136.14257424,136.265313722164,136.273043753498,136.273043753498,136.273040157287,136.4368,136.435945422103,136.282409667969,136.280907161006
993.5,136.14257424,136.265581965855,136.273326430752,136.273326430752,136.27332293554,136.4752,136.474307601331,136.282531738281,136.281047403689
993.55,136.14257424,136.265850209547,136.273609108007,136.273609108007,136.273605713793,136.5136,136.512669780558,136.282653808594,136.281187646372
993.6,136.14257424,136.266118453238,136.273891785261,136.273891785261,136.273888492045,136.552,136.551031959786,136.282775878906,136.281327889055
993.65,136.14257424,136.266386696929,136.274174462516,136.274174462516,136.274171270298,136.5904,136.589394139014,136.282897949219,136.281468131738
993.7,136.14257424,136.266654940621,136.27445713977,136.27445713977,136.274454048551,136.6288,136.627756318241,136.283020019531,136.281608374421
993.75,136.14257424,136.266923184312,136.274739817024,136.274739817024,136.274736826803,136.6672,136.666118497469,136.283142089844,136.281748617105
993.8,136.14257424,136.267191428004,136.275022494279,136.275022494279,136.275019605056,136.7056,136.704480676696,136.283264160156,136.281888859788
993.85,136.14257424,136.267459671695,136.275305171533,136.275305171533,136.275302383309,136.744,136.742842855924,136.283386230469,136.282029102471
993.9,136.14257424,136.267727915386,136.275587848787,136.275587848787,136.275585161561,136.7824,136.781205035152,136.283508300781,136.282169345154
993.95,136.14257424,136.267996159078,136.275870526042,136.275870526042,136.275867939814,136.8208,136.819567214379,136.283630371094,136.282309587837
994,136.14257424,136.268264402769,136.276153203296,136.276153203296,136.276150718067,136.84,136.838729393607,136.283752441406,136.28244983052
994.05,136.14257424,136.268532646461,136.27643588055,136.27643588055,136.276433496319,136.84,136.838691572835,136.283874511719,136.282590073203
994.1,136.14257424,136.268800890152,136.276718557805,136.276718557805,136.276716274572,136.84,136.838653752062,136.283996582031,136.282730315886
994.15,136.14257424,136.269069133843,136.277001235059,136.277001235059,136.276999052825,136.84,136.83861593129,136.284118652344,136.282870558569
994.2,136.14257424,136.269337377535,136.277283912313,136.277283912313,136.277281831077,136.84,136.838578110518,136.284240722656,136.283010801252
994.25,136.14257424,136.269605621226,136.277566589568,136.277566589568,136.27756460933,136.84,136.838540289745,136.284362792969,136.283151043935
994.3,136.14257424,136.269873864918,136.277849266822,136.277849266822,136.277847387583,136.84,136.838502468973,136.284484863281,136.283291286619
994.35,136.14257424,136.270142108609,136.278131944077,136.278131944077,136.278130165835,136.84,136.8384646482,136.284606933594,136.283431529302
994.4,136.14257424,136.2704103523,136.278414621331,136.278414621331,136.278412944088,136.84,136.838426827428,136.284729003906,136.283571771985
994.45,136.14257424,136.270678595992,136.278697298585,136.278697298585,136.278695722341,136.84,136.838389006656,136.284851074219,136.283712014668
994.5,136.14257424,136.270946839683,136.27897997584,136.27897997584,136.278978500593,136.84,136.838351185883,136.284973144531,136.283852257351
994.55,136.14257424,136.271215083374,136.279262653094,136.279262653094,136.279261278846,136.84,136.838313365111,136.285095214844,136.283992500034
994.6,136.14257424,136.271483327066,136.279545330348,136.279545330348,136.279544057099,136.84,136.838275544339,136.285217285156,136.284132742717
994.65,136.14257424,136.271751570757,136.279828007603,136.279828007603,136.279826835351,136.84,136.838237723566,136.285339355469,136.2842729854
994.7,136.14257424,136.272019814449,136.280110684857,136.280110684857,136.280109613604,136.84,136.838199902794,136.285461425781,136.284413228083
994.75,136.14257424,136.27228805814,136.280393362111,136.280393362111,136.280392391857,136.84,136.838162082022,136.285583496094,136.284553470766
994.8,136.14257424,136.272556301831,136.280676039366,136.280676039366,136.280675170109,136.84,136.838124261249,136.285705566406,136.28469371345
994.85,136.14257424,136.272824545523,136.28095871662,136.28095871662,136.280957948362,136.84,136.838086440477,136.285827636719,136.284833956133
994.9,136.14257424,136.273092789214,136.281241393875,136.281241393875,136.281240726615,136.84,136.838048619704,136.285949707031,136.284974198816
994.95,136.14257424,136.273361032906,136.281524071129,136.281524071129,136.281523504867,136.84,136.838010798932,136.286071777344,136.285114441499
995,136.14257424,136.273629276597,136.281806748383,136.281806748383,136.28180628312,136.840775,136.83874797816,136.286193847656,136.285254684182
995.05,136.14257424,136.273897520288,136.282089425638,136.282089425638,136.282089061373,136.842325,136.840260157387,136.286315917969,136.285394926865
995.1,136.14257424,136.27416576398,136.282372102892,136.282372102892,136.282371839625,136.843875,136.841772336615,136.286437988281,136.285535169548
995.15,136.14257424,136.274434007671,136.282654780146,136.282654780146,136.282654617878,136.845425,136.843284515843,136.286560058594,136.285675412231
995.2,136.14257424,136.274702251363,136.282937457401,136.282937457401,136.282937396131,136.846975,136.84479669507,136.286682128906,136.285815654914
995.25,136.14257424,136.274970495054,136.283220134655,136.283220134655,136.283220174383,136.848525,136.846308874298,136.286804199219,136.285955897597
995.3,136.14257424,136.275238738745,136.283502811909,136.283502811909,136.283502952636,136.850075,136.847821053526,136.286926269531,136.28609614028
995.35,136.14257424,136.275506982437,136.283785489164,136.283785489164,136.283785730889,136.851625,136.849333232753,136.287048339844,136.286236382964
995.4,136.14257424,136.275775226128,136.284068166418,136.284068166418,136.284068509141,136.853175,136.850845411981,136.287170410156,136.286376625647
995.45,136.14257424,136.27604346982,136.284350843673,136.284350843673,136.284351287394,136.854725,136.852357591208,136.287292480469,136.28651686833
995.5,136.14257424,136.276311713511,136.284633520927,136.284633520927,136.284634065647,136.856275,136.853869770436,136.287414550781,136.286657111013
995.55,136.14257424,136.276579957202,136.284916198181,136.284916198181,136.284916843899,136.857825,136.855381949664,136.287536621094,136.286797353696
995.6,136.14257424,136.276848200894,136.285198875436,136.285198875436,136.285199622152,136.859375,136.856894128891,136.287658691406,136.286937596379
995.65,136.14257424,136.277116444585,136.28548155269,136.28548155269,136.285482400405,136.860925,136.858406308119,136.287780761719,136.287077839062
995.7,136.14257424,136.277384688276,136.285764229944,136.285764229944,136.285765178657,136.862475,136.859918487347,136.287902832031,136.287218081745
995.75,136.14257424,136.277652931968,136.286046907199,136.286046907199,136.28604795691,136.864025,136.861430666574,136.288024902344,136.287358324428
995.8,136.14257424,136.277921175659,136.286329584453,136.286329584453,136.286330735163,136.865575,136.862942845802,136.288146972656,136.287498567111
995.85,136.14257424,136.278189419351,136.286612261707,136.286612261707,136.286613513415,136.867125,136.86445502503,136.288269042969,136.287638809795
995.9,136.14257424,136.278457663042,136.286894938962,136.286894938962,136.286896291668,136.868675,136.865967204257,136.288391113281,136.287779052478
995.95,136.14257424,136.278725906733,136.287177616216,136.287177616216,136.287179069921,136.870225,136.867479383485,136.288513183594,136.287919295161
996,136.14257424,136.278869150425,136.287335293471,136.287335293471,136.287336848173,136.871,136.868216562712,136.288635253906,136.288059537844
996.05,136.14257424,136.278887394116,136.287367970725,136.287367970725,136.287369626426,136.871,136.86817874194,136.288757324219,136.288199780527
996.1,136.14257424,136.278905637808,136.287400647979,136.287400647979,136.287402404679,136.871,136.868140921168,136.288879394531,136.28834002321
996.15,136.14257424,136.278923881499,136.287433325234,136.287433325234,136.287435182931,136.871,136.868103100395,136.289001464844,136.288480265893
996.2,136.14257424,136.27894212519,136.287466002488,136.287466002488,136.287467961184,136.871,136.868065279623,136.289123535156,136.288620508576
996.25,136.14257424,136.278960368882,136.287498679742,136.287498679742,136.287500739437,136.871,136.868027458851,136.289245605469,136.288760751259
996.3,136.14257424,136.278978612573,136.287531356997,136.287531356997,136.287533517689,136.871,136.867989638078,136.289367675781,136.288900993942
996.35,136.14257424,136.278996856265,136.287564034251,136.287564034251,136.287566295942,136.871,136.867951817306,136.289489746094,136.289041236625
996.4,136.14257424,136.279015099956,136.287596711505,136.287596711505,136.287599074195,136.871,136.867913996534,136.289611816406,136.289181479309
996.45,136.14257424,136.279033343647,136.28762938876,136.28762938876,136.287631852447,136.871,136.867876175761,136.289733886719,136.289321721992
996.5,136.14257424,136.279051587339,136.287662066014,136.287662066014,136.2876646307,136.871,136.867838354989,136.289855957031,136.289461964675
996.55,136.14257424,136.27906983103,136.287694743269,136.287694743269,136.287697408953,136.871,136.867800534216,136.289978027344,136.289602207358
996.6,136.14257424,136.279088074721,136.287727420523,136.287727420523,136.287730187205,136.871,136.867762713444,136.290100097656,136.289742450041
996.65,136.14257424,136.279106318413,136.287760097777,136.287760097777,136.287762965458,136.871,136.867724892672,136.290222167969,136.289882692724
996.7,136.14257424,136.279124562104,136.287792775032,136.287792775032,136.287795743711,136.871,136.867687071899,136.290344238281,136.290022935407
996.75,136.14257424,136.279142805796,136.287825452286,136.287825452286,136.287828521963,136.871,136.867649251127,136.290466308594,136.29016317809
996.8,136.14257424,136.279161049487,136.28785812954,136.28785812954,136.287861300216,136.871,136.867611430355,136.290588378906,136.290303420773
996.85,136.14257424,136.279179293178,136.287890806795,136.287890806795,136.287894078469,136.871,136.867573609582,136.290710449219,136.290443663456
996.9,136.14257424,136.27919753687,136.287923484049,136.287923484049,136.287926856721,136.871,136.86753578881,136.290832519531,136.29058390614
996.95,136.14257424,136.279215780561,136.287956161303,136.287956161303,136.287959634974,136.871,136.867497968038,136.290954589844,136.290724148823
997,136.14257424,136.279234024253,136.287988838558,136.287988838558,136.287992413227,136.885075,136.881535147265,136.291076660156,136.290864391506
997.05,136.14257424,136.279252267944,136.288021515812,136.288021515812,136.288025191479,136.913225,136.909647326493,136.291198730469,136.291004634189
997.1,136.14257424,136.279270511635,136.288054193066,136.288054193066,136.288057969732,136.941375,136.93775950572,136.291320800781,136.291144876872
997.15,136.14257424,136.279288755327,136.288086870321,136.288086870321,136.288090747985,136.969525,136.965871684948,136.291442871094,136.291285119555
997.2,136.14257424,136.279306999018,136.288119547575,136.288119547575,136.288123526237,136.997675,136.993983864176,136.291564941406,136.291425362238
997.25,136.14257424,136.27932524271,136.28815222483,136.28815222483,136.28815630449,137.025825,137.022096043403,136.291687011719,136.291565604921
997.3,136.14257424,136.279343486401,136.288184902084,136.288184902084,136.288189082743,137.053975,137.050208222631,136.291809082031,136.291705847604
997.35,136.14257424,136.279361730092,136.288217579338,136.288217579338,136.288221860995,137.082125,137.078320401859,136.291931152344,136.291846090287
997.4,136.14257424,136.279379973784,136.288250256593,136.288250256593,136.288254639248,137.110275,137.106432581086,136.292053222656,136.29198633297
997.45,136.14257424,136.279398217475,136.288282933847,136.288282933847,136.288287417501,137.138425,137.134544760314,136.292175292969,136.292126575654
997.5,136.14257424,136.279416461167,136.288315611101,136.288315611101,136.288320195753,137.166575,137.162656939542,136.292297363281,136.292266818337
997.55,136.14257424,136.279434704858,136.288348288356,136.288348288356,136.288352974006,137.194725,137.190769118769,136.292419433594,136.29240706102
997.6,136.14257424,136.279452948549,136.28838096561,136.28838096561,136.288385752259,137.222875,137.218881297997,136.292541503906,136.292547303703
997.65,136.14257424,136.279471192241,136.288413642864,136.288413642864,136.288418530511,137.251025,137.246993477225,136.292663574219,136.292687546386
997.7,136.14257424,136.279489435932,136.288446320119,136.288446320119,136.288451308764,137.279175,137.275105656452,136.292785644531,136.292827789069
997.75,136.14257424,136.279507679623,136.288478997373,136.288478997373,136.288484087017,137.307325,137.30321783568,136.292907714844,136.292968031752
997.8,136.14257424,136.279525923315,136.288511674628,136.288511674628,136.288516865269,137.335475,137.331330014907,136.293029785156,136.293108274435
997.85,136.14257424,136.279544167006,136.288544351882,136.288544351882,136.288549643522,137.363625,137.359442194135,136.293151855469,136.293248517118
997.9,136.14257424,136.279562410698,136.288577029136,136.288577029136,136.288582421775,137.391775,137.387554373363,136.293273925781,136.293388759801
997.95,136.14257424,136.279580654389,136.288609706391,136.288609706391,136.288615200027,137.419925,137.41566655259,136.293395996094,136.293529002484
998,136.14257424,136.27959889808,136.288642383645,136.288642383645,136.28864797828,137.434175,137.429878731818,136.293518066406,136.293669245168
998.05,136.14257424,136.279617141772,136.288675060899,136.288675060899,136.288680756533,137.434525,137.430190911046,136.293640136719,136.293809487851
998.1,136.14257424,136.279635385463,136.288707738154,136.288707738154,136.288713534785,137.434875,137.430503090273,136.293762207031,136.293949730534
998.15,136.14257424,136.279653629155,136.288740415408,136.288740415408,136.288746313038,137.435225,137.430815269501,136.293884277344,136.294089973217
998.2,136.14257424,136.279671872846,136.288773092662,136.288773092662,136.288779091291,137.435575,137.431127448729,136.294006347656,136.2942302159
998.25,136.14257424,136.279690116537,136.288805769917,136.288805769917,136.288811869543,137.435925,137.431439627956,136.294128417969,136.294370458583
998.3,136.14257424,136.279708360229,136.288838447171,136.288838447171,136.288844647796,137.436275,137.431751807184,136.294250488281,136.294510701266
998.35,136.14257424,136.27972660392,136.288871124426,136.288871124426,136.288877426049,137.436625,137.432063986411,136.294372558594,136.294650943949
998.4,136.14257424,136.279744847612,136.28890380168,136.28890380168,136.288910204301,137.436975,137.432376165639,136.294494628906,136.294791186632
998.45,136.14257424,136.279763091303,136.288936478934,136.288936478934,136.288942982554,137.437325,137.432688344867,136.294616699219,136.294931429315
998.5,136.14257424,136.279781334994,136.288969156189,136.288969156189,136.288975760807,137.437675,137.433000524094,136.294738769531,136.295071671999
998.55,136.14257424,136.279799578686,136.289001833443,136.289001833443,136.289008539059,137.438025,137.433312703322,136.294860839844,136.295211914682
998.6,136.14257424,136.279817822377,136.289034510697,136.289034510697,136.289041317312,137.438375,137.43362488255,136.294982910156,136.295352157365
998.65,136.14257424,136.279836066069,136.289067187952,136.289067187952,136.289074095565,137.438725,137.433937061777,136.295104980469,136.295492400048
998.7,136.14257424,136.27985430976,136.289099865206,136.289099865206,136.289106873818,137.439075,137.434249241005,136.295227050781,136.295632642731
998.75,136.14257424,136.279872553451,136.28913254246,136.28913254246,136.28913965207,137.439425,137.434561420233,136.295349121094,136.295772885414
998.8,136.14257424,136.279890797143,136.289165219715,136.289165219715,136.289172430323,137.439775,137.43487359946,136.295471191406,136.295913128097
998.85,136.14257424,136.279909040834,136.289197896969,136.289197896969,136.289205208576,137.440125,137.435185778688,136.295593261719,136.29605337078
998.9,136.14257424,136.279927284525,136.289230574223,136.289230574223,136.289237986828,137.440475,137.435497957915,136.295715332031,136.296193613463
998.95,136.14257424,136.279945528217,136.289263251478,136.289263251478,136.289270765081,137.440825,137.435810137143,136.295837402344,136.296333856146
999,136.14257424,136.279963771908,136.289295928732,136.289295928732,136.289303543333,137.441225,137.436172316371,136.295959472656,136.296474098829
999.05,136.14257424,136.2799820156,136.289328605987,136.289328605987,136.289336321586,137.441675,137.436584495598,136.296081542969,136.296614341513
999.1,136.14257424,136.280000259291,136.289361283241,136.289361283241,136.289369099839,137.442125,137.436996674826,136.296203613281,136.296754584196
999.15,136.14257424,136.280018502982,136.289393960495,136.289393960495,136.289401878091,137.442575,137.437408854054,136.296325683594,136.296894826879
999.2,136.14257424,136.280036746674,136.28942663775,136.28942663775,136.289434656344,137.443025,137.437821033281,136.296447753906,136.297035069562
999.25,136.14257424,136.280054990365,136.289459315004,136.289459315004,136.289467434597,137.443475,137.438233212509,136.296569824219,136.297175312245
999.3,136.14257424,136.280073234057,136.289491992258,136.289491992258,136.28950021285,137.443925,137.438645391737,136.296691894531,136.297315554928
999.35,136.14257424,136.280091477748,136.289524669513,136.289524669513,136.289532991102,137.444375,137.439057570964,136.296813964844,136.297455797611
999.4,136.14257424,136.280109721439,136.289557346767,136.289557346767,136.289565769355,137.444825,137.439469750192,136.296936035156,136.297596040294
999.45,136.14257424,136.280127965131,136.289590024021,136.289590024021,136.289598547608,137.445275,137.439881929419,136.297058105469,136.297736282977
999.5,136.14257424,136.280146208822,136.289622701276,136.289622701276,136.28963132586,137.445725,137.440294108647,136.297180175781,136.29787652566
999.55,136.14257424,136.280164452514,136.28965537853,136.28965537853,136.289664104113,137.446175,137.440706287875,136.297302246094,136.298016768344
999.6,136.14257424,136.280182696205,136.289688055785,136.289688055785,136.289696882366,137.446625,137.441118467102,136.297424316406,136.298157011027
999.65,136.14257424,136.280200939896,136.289720733039,136.289720733039,136.289729660618,137.447075,137.44153064633,136.297546386719,136.29829725371
999.7,136.14257424,136.280219183588,136.289753410293,136.289753410293,136.289762438871,137.447525,137.441942825558,136.297668457031,136.298437496393
999.75,136.14257424,136.280237427279,136.289786087548,136.289786087548,136.289795217124,137.447975,137.442355004785,136.297790527344,136.298577739076
999.8,136.14257424,136.280255670971,136.289818764802,136.289818764802,136.289827995376,137.448425,137.442767184013,136.297912597656,136.298717981759
999.85,136.14257424,136.280273914662,136.289851442056,136.289851442056,136.289860773629,137.448875,137.443179363241,136.298034667969,136.298858224442
999.9,136.14257424,136.280292158353,136.289884119311,136.289884119311,136.289893551882,137.449325,137.443591542468,136.298156738281,136.298998467125
999.95,136.14257424,136.280310402045,136.289916796565,136.289916796565,136.289926330134,137.449775,137.444003721696,136.298278808594,136.299138709808
1000,136.14257424,136.280328645736,136.289949473819,136.289949473819,136.289959108387,137.45,137.444190900923,136.298400878906,136.299278952491
1000.05,136.14257424,136.280327851021,136.28996614316,136.28996614316,136.289975767059,137.45,137.444155098643,136.298522949219,136.299414349206
1000.1,136.14257424,136.280327056306,136.2899828125,136.2899828125,136.289992425731,137.45,137.444119296363,136.298645019531,136.299549745921
1000.15,136.14257424,136.28032626159,136.289999481841,136.289999481841,136.290009084403,137.45,137.444083494083,136.298767089844,136.299685142636
1000.2,136.14257424,136.280325466875,136.290016151181,136.290016151181,136.290025743075,137.45,137.444047691802,136.298889160156,136.299820539351
1000.25,136.14257424,136.28032467216,136.290032820521,136.290032820521,136.290042401747,137.45,137.444011889522,136.299011230469,136.299955936066
1000.3,136.14257424,136.280323877445,136.290049489862,136.290049489862,136.290059060419,137.45,137.443976087242,136.299133300781,136.30009133278
1000.35,136.14257424,136.28032308273,136.290066159202,136.290066159202,136.290075719091,137.45,137.443940284961,136.299255371094,136.300226729495
1000.4,136.14257424,136.280322288014,136.290082828542,136.290082828542,136.290092377763,137.45,137.443904482681,136.299377441406,136.30036212621
1000.45,136.14257424,136.280321493299,136.290099497883,136.290099497883,136.290109036435,137.45,137.443868680401,136.299499511719,136.300497522925
1000.5,136.14257424,136.280320698584,136.290116167223,136.290116167223,136.290125695107,137.45,137.44383287812,136.299621582031,136.30063291964
1000.55,136.14257424,136.280319903869,136.290132836564,136.290132836564,136.290142353779,137.45,137.44379707584,136.299743652344,136.300768316355
1000.6,136.14257424,136.280319109154,136.290149505904,136.290149505904,136.290159012451,137.45,137.44376127356,136.299865722656,136.300903713069
1000.65,136.14257424,136.280318314438,136.290166175244,136.290166175244,136.290175671123,137.45,137.443725471279,136.299987792969,136.301039109784
1000.7,136.14257424,136.280317519723,136.290182844585,136.290182844585,136.290192329795,137.45,137.443689668999,136.300109863281,136.301174506499
1000.75,136.14257424,136.280316725008,136.290199513925,136.290199513925,136.290208988467,137.45,137.443653866719,136.300231933594,136.301309903214
1000.8,136.14257424,136.280315930293,136.290216183266,136.290216183266,136.290225647139,137.45,137.443618064438,136.300354003906,136.301445299929
1000.85,136.14257424,136.280315135578,136.290232852606,136.290232852606,136.290242305811,137.45,137.443582262158,136.300476074219,136.301580696644
1000.9,136.14257424,136.280314340862,136.290249521946,136.290249521946,136.290258964483,137.45,137.443546459878,136.300598144531,136.301716093358
1000.95,136.14257424,136.280313546147,136.290266191287,136.290266191287,136.290275623155,137.45,137.443510657597,136.300720214844,136.301851490073
1001,136.14257424,136.280312751432,136.290282860627,136.290282860627,136.290292281827,137.4509,137.444374855317,136.30068359375,136.301828195382
1001.05,136.14257424,136.280311956717,136.290299529967,136.290299529967,136.2903089405,137.4527,137.446139053037,136.30048828125,136.301646209284
1001.1,136.14257424,136.280311162002,136.290316199308,136.290316199308,136.290325599172,137.4545,137.447903250757,136.30029296875,136.301464223186
1001.15,136.14257424,136.280310367286,136.290332868648,136.290332868648,136.290342257844,137.4563,137.449667448476,136.30009765625,136.301282237089
1001.2,136.14257424,136.280309572571,136.290349537989,136.290349537989,136.290358916516,137.4581,137.451431646196,136.29990234375,136.301100250991
1001.25,136.14257424,136.280308777856,136.290366207329,136.290366207329,136.290375575188,137.4599,137.453195843916,136.29970703125,136.300918264893
1001.3,136.14257424,136.280307983141,136.290382876669,136.290382876669,136.29039223386,137.4617,137.454960041635,136.29951171875,136.300736278796
1001.35,136.14257424,136.280307188426,136.29039954601,136.29039954601,136.290408892532,137.4635,137.456724239355,136.29931640625,136.300554292698
1001.4,136.14257424,136.28030639371,136.29041621535,136.29041621535,136.290425551204,137.4653,137.458488437075,136.29912109375,136.3003723066
1001.45,136.14257424,136.280305598995,136.29043288469,136.29043288469,136.290442209876,137.4671,137.460252634794,136.29892578125,136.300190320503
1001.5,136.14257424,136.28030480428,136.290449554031,136.290449554031,136.290458868548,137.4689,137.462016832514,136.29873046875,136.300008334405
1001.55,136.14257424,136.280304009565,136.290466223371,136.290466223371,136.29047552722,137.4707,137.463781030234,136.29853515625,136.299826348308
1001.6,136.14257424,136.28030321485,136.290482892712,136.290482892712,136.290492185892,137.4725,137.465545227953,136.29833984375,136.29964436221
1001.65,136.14257424,136.280302420134,136.290499562052,136.290499562052,136.290508844564,137.4743,137.467309425673,136.29814453125,136.299462376112
1001.7,136.14257424,136.280301625419,136.290516231392,136.290516231392,136.290525503236,137.4761,137.469073623393,136.29794921875,136.299280390015
1001.75,136.14257424,136.280300830704,136.290532900733,136.290532900733,136.290542161908,137.4779,137.470837821112,136.29775390625,136.299098403917
1001.8,136.14257424,136.280300035989,136.290549570073,136.290549570073,136.29055882058,137.4797,137.472602018832,136.29755859375,136.298916417819
1001.85,136.14257424,136.280299241274,136.290566239414,136.290566239414,136.290575479252,137.4815,137.474366216552,136.29736328125,136.298734431721
1001.9,136.14257424,136.280298446558,136.290582908754,136.290582908754,136.290592137924,137.4833,137.476130414271,136.29716796875,136.298552445624
1001.95,136.14257424,136.280297651843,136.290599578094,136.290599578094,136.290608796596,137.4851,137.477894611991,136.29697265625,136.298370459526
1002,136.14257424,136.280296857128,136.290616247435,136.290616247435,136.290625455268,137.486,137.478758809711,136.29677734375,136.298188473428
1002.05,136.14257424,136.280296062413,136.290632916775,136.290632916775,136.29064211394,137.486,137.478723007431,136.29658203125,136.298006487331
1002.1,136.14257424,136.280295267698,136.290649586115,136.290649586115,136.290658772612,137.486,137.47868720515,136.29638671875,136.297824501233
1002.15,136.14257424,136.280294472982,136.290666255456,136.290666255456,136.290675431284,137.486,137.47865140287,136.29619140625,136.297642515135
1002.2,136.14257424,136.280293678267,136.290682924796,136.290682924796,136.290692089956,137.486,137.47861560059,136.29599609375,136.297460529038
1002.25,136.14257424,136.280292883552,136.290699594137,136.290699594137,136.290708748628,137.486,137.478579798309,136.29580078125,136.29727854294
1002.3,136.14257424,136.280292088837,136.290716263477,136.290716263477,136.2907254073,137.486,137.478543996029,136.29560546875,136.297096556842
1002.35,136.14257424,136.280291294122,136.290732932817,136.290732932817,136.290742065972,137.486,137.478508193749,136.29541015625,136.296914570745
1002.4,136.14257424,136.280290499406,136.290749602158,136.290749602158,136.290758724644,137.486,137.478472391468,136.29521484375,136.296732584647
1002.45,136.14257424,136.280289704691,136.290766271498,136.290766271498,136.290775383316,137.486,137.478436589188,136.29501953125,136.29655059855
1002.5,136.14257424,136.280288909976,136.290782940838,136.290782940838,136.290792041988,137.486,137.478400786908,136.29482421875,136.296368612452
1002.55,136.14257424,136.280288115261,136.290799610179,136.290799610179,136.29080870066,137.486,137.478364984627,136.29462890625,136.296186626354
1002.6,136.14257424,136.280287320546,136.290816279519,136.290816279519,136.290825359332,137.486,137.478329182347,136.29443359375,136.296004640257
1002.65,136.14257424,136.28028652583,136.29083294886,136.29083294886,136.290842018004,137.486,137.478293380067,136.29423828125,136.295822654159
1002.7,136.14257424,136.280285731115,136.2908496182,136.2908496182,136.290858676676,137.486,137.478257577786,136.29404296875,136.295640668061
1002.75,136.14257424,136.2802849364,136.29086628754,136.29086628754,136.290875335349,137.486,137.478221775506,136.29384765625,136.295458681964
1002.8,136.14257424,136.280284141685,136.290882956881,136.290882956881,136.290891994021,137.486,137.478185973226,136.29365234375,136.295276695866
1002.85,136.14257424,136.28028334697,136.290899626221,136.290899626221,136.290908652693,137.486,137.478150170946,136.29345703125,136.295094709768
1002.9,136.14257424,136.280282552254,136.290916295561,136.290916295561,136.290925311365,137.486,137.478114368665,136.29326171875,136.294912723671
1002.95,136.14257424,136.280281757539,136.290932964902,136.290932964902,136.290941970037,137.486,137.478078566385,136.29306640625,136.294730737573
1003,136.14257424,136.280280962824,136.290949634242,136.290949634242,136.290958628709,137.486,137.478042764105,136.29287109375,136.294548751475
1003.05,136.14257424,136.280280168109,136.290966303583,136.290966303583,136.290975287381,137.486,137.478006961824,136.29267578125,136.294366765378
1003.1,136.14257424,136.280279373394,136.290982972923,136.290982972923,136.290991946053,137.486,137.477971159544,136.29248046875,136.29418477928
1003.15,136.14257424,136.280278578678,136.290999642263,136.290999642263,136.291008604725,137.486,137.477935357264,136.29228515625,136.294002793182
1003.2,136.14257424,136.280277783963,136.291016311604,136.291016311604,136.291025263397,137.486,137.477899554983,136.29208984375,136.293820807085
1003.25,136.14257424,136.280276989248,136.291032980944,136.291032980944,136.291041922069,137.486,137.477863752703,136.29189453125,136.293638820987
1003.3,136.14257424,136.280276194533,136.291049650285,136.291049650285,136.291058580741,137.486,137.477827950423,136.29169921875,136.293456834889
1003.35,136.14257424,136.280275399818,136.291066319625,136.291066319625,136.291075239413,137.486,137.477792148142,136.29150390625,136.293274848791
1003.4,136.14257424,136.280274605102,136.291082988965,136.291082988965,136.291091898085,137.486,137.477756345862,136.29130859375,136.293092862694
1003.45,136.14257424,136.280273810387,136.291099658306,136.291099658306,136.291108556757,137.486,137.477720543582,136.29111328125,136.292910876596
1003.5,136.14257424,136.280273015672,136.291116327646,136.291116327646,136.291125215429,137.486,137.477684741301,136.29091796875,136.292728890499
1003.55,136.14257424,136.280272220957,136.291132996986,136.291132996986,136.291141874101,137.486,137.477648939021,136.29072265625,136.292546904401
1003.6,136.14257424,136.280271426242,136.291149666327,136.291149666327,136.291158532773,137.486,137.477613136741,136.29052734375,136.292364918303
1003.65,136.14257424,136.280270631526,136.291166335667,136.291166335667,136.291175191445,137.486,137.47757733446,136.29033203125,136.292182932206
1003.7,136.14257424,136.280269836811,136.291183005008,136.291183005008,136.291191850117,137.486,137.47754153218,136.29013671875,136.292000946108
1003.75,136.14257424,136.280269042096,136.291199674348,136.291199674348,136.291208508789,137.486,137.4775057299,136.28994140625,136.29181896001
1003.8,136.14257424,136.280268247381,136.291216343688,136.291216343688,136.291225167461,137.486,137.47746992762,136.28974609375,136.291636973913
1003.85,136.14257424,136.280267452666,136.291233013029,136.291233013029,136.291241826133,137.486,137.477434125339,136.28955078125,136.291454987815
1003.9,136.14257424,136.28026665795,136.291249682369,136.291249682369,136.291258484805,137.486,137.477398323059,136.28935546875,136.291273001717
1003.95,136.14257424,136.280265863235,136.291266351709,136.291266351709,136.291275143477,137.486,137.477362520779,136.28916015625,136.29109101562
1004,136.14257424,136.28026506852,136.29128302105,136.29128302105,136.291291802149,137.48595,137.477276718498,136.28896484375,136.290909029522
1004.05,136.14257424,136.280264273805,136.29129969039,136.29129969039,136.291308460821,137.48585,137.477140916218,136.28876953125,136.290727043424
1004.1,136.14257424,136.28026347909,136.291316359731,136.291316359731,136.291325119493,137.48575,137.477005113938,136.28857421875,136.290545057327
1004.15,136.14257424,136.280262684374,136.291333029071,136.291333029071,136.291341778165,137.48565,137.476869311657,136.28837890625,136.290363071229
1004.2,136.14257424,136.280261889659,136.291349698411,136.291349698411,136.291358436837,137.48555,137.476733509377,136.28818359375,136.290181085131
1004.25,136.14257424,136.280261094944,136.291366367752,136.291366367752,136.291375095509,137.48545,137.476597707097,136.28798828125,136.289999099034
1004.3,136.14257424,136.280260300229,136.291383037092,136.291383037092,136.291391754181,137.48535,137.476461904816,136.28779296875,136.289817112936
1004.35,136.14257424,136.280259505514,136.291399706433,136.291399706433,136.291408412854,137.48525,137.476326102536,136.28759765625,136.289635126838
1004.4,136.14257424,136.280258710798,136.291416375773,136.291416375773,136.291425071526,137.48515,137.476190300256,136.28740234375,136.289453140741
1004.45,136.14257424,136.280257916083,136.291433045113,136.291433045113,136.291441730198,137.48505,137.476054497975,136.28720703125,136.289271154643
1004.5,136.14257424,136.280257121368,136.291449714454,136.291449714454,136.29145838887,137.48495,137.475918695695,136.28701171875,136.289089168545
1004.55,136.14257424,136.280256326653,136.291466383794,136.291466383794,136.291475047542,137.48485,137.475782893415,136.28681640625,136.288907182448
1004.6,136.14257424,136.280255531938,136.291483053134,136.291483053134,136.291491706214,137.48475,137.475647091135,136.28662109375,136.28872519635
1004.65,136.14257424,136.280254737222,136.291499722475,136.291499722475,136.291508364886,137.48465,137.475511288854,136.28642578125,136.288543210252
1004.7,136.14257424,136.280253942507,136.291516391815,136.291516391815,136.291525023558,137.48455,137.475375486574,136.28623046875,136.288361224155
1004.75,136.14257424,136.280253147792,136.291533061156,136.291533061156,136.29154168223,137.48445,137.475239684294,136.28603515625,136.288179238057
1004.8,136.14257424,136.280252353077,136.291549730496,136.291549730496,136.291558340902,137.48435,137.475103882013,136.28583984375,136.287997251959
1004.85,136.14257424,136.280251558362,136.291566399836,136.291566399836,136.291574999574,137.48425,137.474968079733,136.28564453125,136.287815265862
1004.9,136.14257424,136.280250763646,136.291583069177,136.291583069177,136.291591658246,137.48415,137.474832277453,136.28544921875,136.287633279764
1004.95,136.14257424,136.280249968931,136.291599738517,136.291599738517,136.291608316918,137.48405,137.474696475172,136.28525390625,136.287451293666
1005,136.14257424,136.280249174216,136.291616407857,136.291616407857,136.29162497559,137.4834,137.474010672892,136.28505859375,136.287269307569
1005.05,136.14257424,136.280248379501,136.291633077198,136.291633077198,136.291641634262,137.4822,137.472774870612,136.28486328125,136.287087321471
1005.1,136.14257424,136.280247584786,136.291649746538,136.291649746538,136.291658292934,137.481,137.471539068331,136.28466796875,136.286905335373
1005.15,136.14257424,136.28024679007,136.291666415879,136.291666415879,136.291674951606,137.4798,137.470303266051,136.28447265625,136.286723349276
1005.2,136.14257424,136.280245995355,136.291683085219,136.291683085219,136.291691610278,137.4786,137.469067463771,136.28427734375,136.286541363178
1005.25,136.14257424,136.28024520064,136.291699754559,136.291699754559,136.29170826895,137.4774,137.46783166149,136.28408203125,136.28635937708
1005.3,136.14257424,136.280244405925,136.2917164239,136.2917164239,136.291724927622,137.4762,137.46659585921,136.28388671875,136.286177390983
1005.35,136.14257424,136.28024361121,136.29173309324,136.29173309324,136.291741586294,137.475,137.46536005693,136.28369140625,136.285995404885
1005.4,136.14257424,136.280242816494,136.29174976258,136.29174976258,136.291758244966,137.4738,137.464124254649,136.28349609375,136.285813418787
1005.45,136.14257424,136.280242021779,136.291766431921,136.291766431921,136.291774903638,137.4726,137.462888452369,136.28330078125,136.28563143269
1005.5,136.14257424,136.280241227064,136.291783101261,136.291783101261,136.29179156231,137.4714,137.461652650089,136.28310546875,136.285449446592
1005.55,136.14255656,136.280240432349,136.291799770602,136.291799770602,136.291808220982,137.4702,137.460416847809,136.28291015625,136.285267460494
1005.6,136.14249944,136.280239637634,136.291816439942,136.291816439942,136.291824879654,137.469,137.459181045528,136.28271484375,136.285085474397
1005.65,136.1424192,136.280238842918,136.291833109282,136.291833109282,136.291841538326,137.4678,137.457945243248,136.28251953125,136.284903488299
1005.7,136.14233896,136.280238048203,136.291849778623,136.291849778623,136.291858196998,137.4666,137.456709440968,136.28232421875,136.284721502201
1005.75,136.14225872,136.280237253488,136.291866447963,136.291866447963,136.29187485567,137.4654,137.455473638687,136.28212890625,136.284539516104
1005.8,136.14217848,136.280236458773,136.291883117304,136.291883117304,136.291891514342,137.4642,137.454237836407,136.28193359375,136.284357530006
1005.85,136.1420996,136.280235664058,136.291899786644,136.291899786644,136.291908173014,137.463,137.453002034127,136.28173828125,136.284175543908
1005.9,136.14201936,136.280234869342,136.291916455984,136.291916455984,136.291924831686,137.4618,137.451766231846,136.28154296875,136.283993557811
1005.95,136.14193912,136.280234074627,136.291933125325,136.291933125325,136.291941490358,137.4606,137.450530429566,136.28134765625,136.283811571713
1006,136.14185888,136.280233279912,136.291949794665,136.291949794665,136.291958149031,137.4595,137.449394627286,136.28115234375,136.283629585615
1006.05,136.14177864,136.280232485197,136.291966464005,136.291966464005,136.291974807703,137.4585,137.448358825005,136.28095703125,136.283447599518
1006.1,136.1416984,136.280231690482,136.291983133346,136.291983133346,136.291991466375,137.4575,137.447323022725,136.28076171875,136.28326561342
1006.15,136.14161816,136.280230895766,136.291999802686,136.291999802686,136.292008125047,137.4565,137.446287220445,136.28056640625,136.283083627322
1006.2,136.14153792,136.280230101051,136.292016472027,136.292016472027,136.292024783719,137.4555,137.445251418164,136.28037109375,136.282901641225
1006.25,136.14145768,136.280229306336,136.292033141367,136.292033141367,136.292041442391,137.4545,137.444215615884,136.28017578125,136.282719655127
1006.3,136.1413788,136.280228511621,136.292049810707,136.292049810707,136.292058101063,137.4535,137.443179813604,136.27998046875,136.282537669029
1006.35,136.14129856,136.280227716906,136.292066480048,136.292066480048,136.292074759735,137.4525,137.442144011323,136.27978515625,136.282355682932
1006.4,136.14121832,136.28022692219,136.292083149388,136.292083149388,136.292091418407,137.4515,137.441108209043,136.27958984375,136.282173696834
1006.45,136.14113808,136.280226127475,136.292099818728,136.292099818728,136.292108077079,137.4505,137.440072406763,136.27939453125,136.281991710736
1006.5,136.14105784,136.28022533276,136.292116488069,136.292116488069,136.292124735751,137.4495,137.439036604483,136.27919921875,136.281809724639
1006.55,136.1409776,136.280224538045,136.292133157409,136.292133157409,136.292141394423,137.4485,137.438000802202,136.27900390625,136.281627738541
1006.6,136.14089736,136.28022374333,136.29214982675,136.29214982675,136.292158053095,137.4475,137.436964999922,136.27880859375,136.281445752443
1006.65,136.14081712,136.280222948614,136.29216649609,136.29216649609,136.292174711767,137.4465,137.435929197642,136.27861328125,136.281263766346
1006.7,136.14073824,136.280222153899,136.29218316543,136.29218316543,136.292191370439,137.4455,137.434893395361,136.27841796875,136.281081780248
1006.75,136.140658,136.280221359184,136.292199834771,136.292199834771,136.292208029111,137.4445,137.433857593081,136.27822265625,136.28089979415
1006.8,136.14057776,136.280220564469,136.292216504111,136.292216504111,136.292224687783,137.4435,137.432821790801,136.27802734375,136.280717808053
1006.85,136.14049752,136.280219769754,136.292233173452,136.292233173452,136.292241346455,137.4425,137.43178598852,136.27783203125,136.280535821955
1006.9,136.14041728,136.280218975038,136.292249842792,136.292249842792,136.292258005127,137.4415,137.43075018624,136.27763671875,136.280353835857
1006.95,136.14033704,136.280218180323,136.292266512132,136.292266512132,136.292274663799,137.4405,137.42971438396,136.27744140625,136.28017184976
1007,136.1402568,136.280217385608,136.292283181473,136.292283181473,136.292291322471,137.4397,137.428878581679,136.27724609375,136.279989863662
1007.05,136.14017656,136.280216590893,136.292299850813,136.292299850813,136.292307981143,137.4391,137.428242779399,136.27705078125,136.279807877564
1007.1,136.14009768,136.280215796178,136.292316520153,136.292316520153,136.292324639815,137.4385,137.427606977119,136.27685546875,136.279625891467
1007.15,136.14001744,136.280215001462,136.292333189494,136.292333189494,136.292341298487,137.4379,137.426971174838,136.27666015625,136.279443905369
1007.2,136.1399372,136.280214206747,136.292349858834,136.292349858834,136.292357957159,137.4373,137.426335372558,136.27646484375,136.279261919271
1007.25,136.13985696,136.280213412032,136.292366528175,136.292366528175,136.292374615831,137.4367,137.425699570278,136.27626953125,136.279079933174
1007.3,136.13977672,136.280212617317,136.292383197515,136.292383197515,136.292391274503,137.4361,137.425063767998,136.27607421875,136.278897947076
1007.35,136.13969648,136.280211822602,136.292399866855,136.292399866855,136.292407933175,137.4355,137.424427965717,136.27587890625,136.278715960978
1007.4,136.13961624,136.280211027886,136.292416536196,136.292416536196,136.292424591847,137.4349,137.423792163437,136.27568359375,136.278533974881
1007.45,136.139536,136.280210233171,136.292433205536,136.292433205536,136.292441250519,137.4343,137.423156361157,136.27548828125,136.278351988783
1007.5,136.13945576,136.280209438456,136.292449874876,136.292449874876,136.292457909191,137.4337,137.422520558876,136.27529296875,136.278170002685
1007.55,136.13937688,136.280208643741,136.292466544217,136.292466544217,136.292474567863,137.4331,137.421884756596,136.27509765625,136.277988016588
1007.6,136.13929664,136.280207849026,136.292483213557,136.292483213557,136.292491226535,137.4325,137.421248954316,136.27490234375,136.27780603049
1007.65,136.1392164,136.28020705431,136.292499882898,136.292499882898,136.292507885208,137.4319,137.420613152035,136.27470703125,136.277624044392
1007.7,136.13913616,136.280206259595,136.292516552238,136.292516552238,136.29252454388,137.4313,137.419977349755,136.27451171875,136.277442058295
1007.75,136.13905592,136.28020546488,136.292533221578,136.292533221578,136.292541202552,137.4307,137.419341547475,136.27431640625,136.277260072197
1007.8,136.13897568,136.280204670165,136.292549890919,136.292549890919,136.292557861224,137.4301,137.418705745194,136.27412109375,136.277078086099
1007.85,136.13889544,136.28020387545,136.292566560259,136.292566560259,136.292574519896,137.4295,137.418069942914,136.27392578125,136.276896100002
1007.9,136.1388152,136.280203080734,136.292583229599,136.292583229599,136.292591178568,137.4289,137.417434140634,136.27373046875,136.276714113904
1007.95,136.13873632,136.280202286019,136.29259989894,136.29259989894,136.29260783724,137.4283,137.416798338353,136.27353515625,136.276532127806
1008,136.13865608,136.280201491304,136.29261656828,136.29261656828,136.292624495912,137.4047,137.393162536073,136.27333984375,136.276350141709
1008.05,136.13857584,136.280200696589,136.292633237621,136.292633237621,136.292641154584,137.3581,137.346526733793,136.27314453125,136.276168155611
1008.1,136.1384956,136.280199901874,136.292649906961,136.292649906961,136.292657813256,137.3115,137.299890931512,136.27294921875,136.275986169513
1008.15,136.13841536,136.280199107158,136.292666576301,136.292666576301,136.292674471928,137.2649,137.253255129232,136.27275390625,136.275804183416
1008.2,136.13833512,136.280198312443,136.292683245642,136.292683245642,136.2926911306,137.2183,137.206619326952,136.27255859375,136.275622197318
1008.25,136.13825488,136.280197517728,136.292699914982,136.292699914982,136.292707789272,137.1717,137.159983524672,136.27236328125,136.27544021122
1008.3,136.13817464,136.280196723013,136.292716584323,136.292716584323,136.292724447944,137.1251,137.113347722391,136.27216796875,136.275258225123
1008.35,136.1380944,136.280195928298,136.292733253663,136.292733253663,136.292741106616,137.0785,137.066711920111,136.27197265625,136.275076239025
1008.4,136.13801552,136.280195133582,136.292749923003,136.292749923003,136.292757765288,137.0319,137.020076117831,136.27177734375,136.274894252927
1008.45,136.13793528,136.280194338867,136.292766592344,136.292766592344,136.29277442396,136.9853,136.97344031555,136.27158203125,136.27471226683
1008.5,136.13785504,136.280193544152,136.292783261684,136.292783261684,136.292791082632,136.9387,136.92680451327,136.27138671875,136.274530280732
1008.55,136.1377748,136.280192749437,136.292799931024,136.292799931024,136.292807741304,136.8921,136.88016871099,136.27119140625,136.274348294634
1008.6,136.13769456,136.280191954722,136.292816600365,136.292816600365,136.292824399976,136.8455,136.833532908709,136.27099609375,136.274166308537
1008.65,136.13761432,136.280191160006,136.292833269705,136.292833269705,136.292841058648,136.7989,136.786897106429,136.27080078125,136.273984322439
1008.7,136.13753408,136.280190365291,136.292849939046,136.292849939046,136.29285771732,136.7523,136.740261304149,136.27060546875,136.273802336341
1008.75,136.13745384,136.280189570576,136.292866608386,136.292866608386,136.292874375992,136.7057,136.693625501868,136.27041015625,136.273620350244
1008.8,136.13737496,136.280188775861,136.292883277726,136.292883277726,136.292891034664,136.6591,136.646989699588,136.27021484375,136.273438364146
1008.85,136.13729472,136.280187981146,136.292899947067,136.292899947067,136.292907693336,136.6125,136.600353897308,136.27001953125,136.273256378048
1008.9,136.13721448,136.28018718643,136.292916616407,136.292916616407,136.292924352008,136.5659,136.553718095027,136.26982421875,136.273074391951
1008.95,136.13713424,136.280186391715,136.292933285747,136.292933285747,136.29294101068,136.5193,136.507082292747,136.26962890625,136.272892405853
1009,136.137054,136.280185597,136.292949955088,136.292949955088,136.292957669352,136.495525,136.483271490467,136.26962890625,136.272905732255
1009.05,136.13697376,136.280184802285,136.292966624428,136.292966624428,136.292974328024,136.494575,136.482285688186,136.26982421875,136.273114371158
1009.1,136.13689352,136.28018400757,136.292983293769,136.292983293769,136.292990986696,136.493625,136.481299885906,136.27001953125,136.27332301006
1009.15,136.13681328,136.280183212854,136.292999963109,136.292999963109,136.293007645368,136.492675,136.480314083626,136.27021484375,136.273531648962
1009.2,136.13673304,136.280182418139,136.293016632449,136.293016632449,136.29302430404,136.491725,136.479328281346,136.27041015625,136.273740287865
1009.25,136.13665416,136.280181623424,136.29303330179,136.29303330179,136.293040962712,136.490775,136.478342479065,136.27060546875,136.273948926767
1009.3,136.13657392,136.280180828709,136.29304997113,136.29304997113,136.293057621385,136.489825,136.477356676785,136.27080078125,136.274157565669
1009.35,136.13649368,136.280180033994,136.29306664047,136.29306664047,136.293074280057,136.488875,136.476370874505,136.27099609375,136.274366204572
1009.4,136.13641344,136.280179239278,136.293083309811,136.293083309811,136.293090938729,136.487925,136.475385072224,136.27119140625,136.274574843474
1009.45,136.1363332,136.280178444563,136.293099979151,136.293099979151,136.293107597401,136.486975,136.474399269944,136.27138671875,136.274783482376
1009.5,136.13625296,136.280177649848,136.293116648492,136.293116648492,136.293124256073,136.486025,136.473413467664,136.27158203125,136.274992121279
1009.55,136.13617272,136.280176855133,136.293133317832,136.293133317832,136.293140914745,136.485075,136.472427665383,136.27177734375,136.275200760181
1009.6,136.13609248,136.280176060418,136.293149987172,136.293149987172,136.293157573417,136.484125,136.471441863103,136.27197265625,136.275409399083
1009.65,136.1360136,136.280175265702,136.293166656513,136.293166656513,136.293174232089,136.483175,136.470456060823,136.27216796875,136.275618037986
1009.7,136.13593336,136.280174470987,136.293183325853,136.293183325853,136.293190890761,136.482225,136.469470258542,136.27236328125,136.275826676888
1009.75,136.13585312,136.280173676272,136.293199995194,136.293199995194,136.293207549433,136.481275,136.468484456262,136.27255859375,136.27603531579
1009.8,136.13577288,136.280172881557,136.293216664534,136.293216664534,136.293224208105,136.480325,136.467498653982,136.27275390625,136.276243954693
1009.85,136.13569264,136.280172086842,136.293233333874,136.293233333874,136.293240866777,136.479375,136.466512851701,136.27294921875,136.276452593595
1009.9,136.1356124,136.280171292126,136.293250003215,136.293250003215,136.293257525449,136.478425,136.465527049421,136.27314453125,136.276661232497
1009.95,136.13553216,136.280170497411,136.293266672555,136.293266672555,136.293274184121,136.477475,136.464541247141,136.27333984375,136.2768698714
1010,136.13545192,136.280169702696,136.293283341895,136.293283341895,136.293290842793,136.47565,136.462680444861,136.27353515625,136.277078510302
1010.05,136.13537304,136.280171625079,136.293278396437,136.293278396437,136.293285927347,136.47295,136.459962666083,136.27373046875,136.277278969787
1010.1,136.1352928,136.280173547463,136.293273450978,136.293273450978,136.293281011901,136.47025,136.457244887305,136.27392578125,136.277479429273
1010.15,136.13521256,136.280175469846,136.293268505519,136.293268505519,136.293276096455,136.46755,136.454527108528,136.27412109375,136.277679888758
1010.2,136.13513232,136.28017739223,136.29326356006,136.29326356006,136.293271181009,136.46485,136.45180932975,136.27431640625,136.277880348244
1010.25,136.13505208,136.280179314613,136.293258614602,136.293258614602,136.293266265562,136.46215,136.449091550973,136.27451171875,136.278080807729
1010.3,136.13497184,136.280181236996,136.293253669143,136.293253669143,136.293261350116,136.45945,136.446373772195,136.27470703125,136.278281267214
1010.35,136.1348916,136.28018315938,136.293248723684,136.293248723684,136.29325643467,136.45675,136.443655993417,136.27490234375,136.2784817267
1010.4,136.13481136,136.280185081763,136.293243778225,136.293243778225,136.293251519224,136.45405,136.44093821464,136.27509765625,136.278682186185
1010.45,136.13473112,136.280187004147,136.293238832767,136.293238832767,136.293246603778,136.45135,136.438220435862,136.27529296875,136.278882645671
1010.5,136.13465224,136.28018892653,136.293233887308,136.293233887308,136.293241688332,136.44865,136.435502657085,136.27548828125,136.279083105156
1010.55,136.134572,136.280190848913,136.293228941849,136.293228941849,136.293236772886,136.44595,136.432784878307,136.27568359375,136.279283564641
1010.6,136.13449176,136.280192771297,136.29322399639,136.29322399639,136.29323185744,136.44325,136.43006709953,136.27587890625,136.279484024127
1010.65,136.13441152,136.28019469368,136.293219050932,136.293219050932,136.293226941994,136.44055,136.427349320752,136.27607421875,136.279684483612
1010.7,136.13433128,136.280196616064,136.293214105473,136.293214105473,136.293222026548,136.43785,136.424631541974,136.27626953125,136.279884943097
1010.75,136.13425104,136.280198538447,136.293209160014,136.293209160014,136.293217111102,136.43515,136.421913763197,136.27646484375,136.280085402583
1010.8,136.1341708,136.28020046083,136.293204214555,136.293204214555,136.293212195655,136.43245,136.419195984419,136.27666015625,136.280285862068
1010.85,136.13409056,136.280202383214,136.293199269097,136.293199269097,136.293207280209,136.42975,136.416478205642,136.27685546875,136.280486321554
1010.9,136.13401168,136.280204305597,136.293194323638,136.293194323638,136.293202364763,136.42705,136.413760426864,136.27705078125,136.280686781039
1010.95,136.13393144,136.280206227981,136.293189378179,136.293189378179,136.293197449317,136.42435,136.411042648087,136.27724609375,136.280887240524
1011,136.1338512,136.280208150364,136.29318443272,136.29318443272,136.293192533871,136.4217,136.408374869309,136.27744140625,136.28108770001
1011.05,136.13377096,136.280210072747,136.293179487262,136.293179487262,136.293187618425,136.4191,136.405757090531,136.27763671875,136.281288159495
1011.1,136.13369072,136.280211995131,136.293174541803,136.293174541803,136.293182702979,136.4165,136.403139311754,136.27783203125,136.281488618981
1011.15,136.13361048,136.280213917514,136.293169596344,136.293169596344,136.293177787533,136.4139,136.400521532976,136.27802734375,136.281689078466
1011.2,136.13353024,136.280215839898,136.293164650885,136.293164650885,136.293172872087,136.4113,136.397903754199,136.27822265625,136.281889537951
1011.25,136.13345,136.280217762281,136.293159705427,136.293159705427,136.293167956641,136.4087,136.395285975421,136.27841796875,136.282089997437
1011.3,136.13336976,136.280219684664,136.293154759968,136.293154759968,136.293163041195,136.4061,136.392668196644,136.27861328125,136.282290456922
1011.35,136.13329088,136.280221607048,136.293149814509,136.293149814509,136.293158125748,136.4035,136.390050417866,136.27880859375,136.282490916408
1011.4,136.13321064,136.280223529431,136.29314486905,136.29314486905,136.293153210302,136.4009,136.387432639088,136.27900390625,136.282691375893
1011.45,136.1331304,136.280225451815,136.293139923592,136.293139923592,136.293148294856,136.3983,136.384814860311,136.27919921875,136.282891835379
1011.5,136.13305016,136.280227374198,136.293134978133,136.293134978133,136.29314337941,136.3957,136.382197081533,136.27939453125,136.283092294864
1011.55,136.13296992,136.280229296581,136.293130032674,136.293130032674,136.293138463964,136.3931,136.379579302756,136.27958984375,136.283292754349
1011.6,136.13288968,136.280231218965,136.293125087215,136.293125087215,136.293133548518,136.3905,136.376961523978,136.27978515625,136.283493213835
1011.65,136.13280944,136.280233141348,136.293120141757,136.293120141757,136.293128633072,136.3879,136.374343745201,136.27998046875,136.28369367332
1011.7,136.1327292,136.280235063732,136.293115196298,136.293115196298,136.293123717626,136.3853,136.371725966423,136.28017578125,136.283894132806
1011.75,136.13265032,136.280236986115,136.293110250839,136.293110250839,136.29311880218,136.3827,136.369108187645,136.28037109375,136.284094592291
1011.8,136.13257008,136.280238908499,136.29310530538,136.29310530538,136.293113886734,136.3801,136.366490408868,136.28056640625,136.284295051776
1011.85,136.13248984,136.280240830882,136.293100359922,136.293100359922,136.293108971288,136.3775,136.36387263009,136.28076171875,136.284495511262
1011.9,136.1324096,136.280242753265,136.293095414463,136.293095414463,136.293104055841,136.3749,136.361254851313,136.28095703125,136.284695970747
1011.95,136.13232936,136.280244675649,136.293090469004,136.293090469004,136.293099140395,136.3723,136.358637072535,136.28115234375,136.284896430232
1012,136.13224912,136.280246598032,136.293085523545,136.293085523545,136.293094224949,136.371,136.357319293757,136.28134765625,136.285096889718
1012.05,136.13216888,136.280248520416,136.293080578087,136.293080578087,136.293089309503,136.371,136.35730151498,136.28154296875,136.285297349203
1012.1,136.13208864,136.280250442799,136.293075632628,136.293075632628,136.293084394057,136.371,136.357283736202,136.28173828125,136.285497808689
1012.15,136.13200976,136.280252365182,136.293070687169,136.293070687169,136.293079478611,136.371,136.357265957425,136.28193359375,136.285698268174
1012.2,136.13192952,136.280254287566,136.29306574171,136.29306574171,136.293074563165,136.371,136.357248178647,136.28212890625,136.285898727659
1012.25,136.13184928,136.280256209949,136.293060796252,136.293060796252,136.293069647719,136.371,136.35723039987,136.28232421875,136.286099187145
1012.3,136.13176904,136.280258132333,136.293055850793,136.293055850793,136.293064732273,136.371,136.357212621092,136.28251953125,136.28629964663
1012.35,136.1316888,136.280260054716,136.293050905334,136.293050905334,136.293059816827,136.371,136.357194842314,136.28271484375,136.286500106116
1012.4,136.13160856,136.280261977099,136.293045959875,136.293045959875,136.29305490138,136.371,136.357177063537,136.28291015625,136.286700565601
1012.45,136.13152832,136.280263899483,136.293041014417,136.293041014417,136.293049985934,136.371,136.357159284759,136.28310546875,136.286901025086
1012.5,136.13144808,136.280265821866,136.293036068958,136.293036068958,136.293045070488,136.371,136.357141505982,136.28330078125,136.287101484572
1012.55,136.13136784,136.28026774425,136.293031123499,136.293031123499,136.293040155042,136.371,136.357123727204,136.28349609375,136.287301944057
1012.6,136.13128896,136.280269666633,136.29302617804,136.29302617804,136.293035239596,136.371,136.357105948427,136.28369140625,136.287502403543
1012.65,136.13120872,136.280271589016,136.293021232581,136.293021232581,136.29303032415,136.371,136.357088169649,136.28388671875,136.287702863028
1012.7,136.13112848,136.2802735114,136.293016287123,136.293016287123,136.293025408704,136.371,136.357070390871,136.28408203125,136.287903322513
1012.75,136.13104824,136.280275433783,136.293011341664,136.293011341664,136.293020493258,136.371,136.357052612094,136.28427734375,136.288103781999
1012.8,136.130968,136.280277356167,136.293006396205,136.293006396205,136.293015577812,136.371,136.357034833316,136.28447265625,136.288304241484
1012.85,136.13088776,136.28027927855,136.293001450746,136.293001450746,136.293010662366,136.371,136.357017054539,136.28466796875,136.28850470097
1012.9,136.13080752,136.280281200933,136.292996505288,136.292996505288,136.29300574692,136.371,136.356999275761,136.28486328125,136.288705160455
1012.95,136.13072728,136.280283123317,136.292991559829,136.292991559829,136.293000831473,136.371,136.356981496984,136.28505859375,136.28890561994
1013,136.1306484,136.2802850457,136.29298661437,136.29298661437,136.292995916027,136.371,136.356963718206,136.28525390625,136.289106079426
1013.05,136.13056816,136.280286968084,136.292981668911,136.292981668911,136.292991000581,136.371,136.356945939428,136.28544921875,136.289306538911
1013.1,136.13048792,136.280288890467,136.292976723453,136.292976723453,136.292986085135,136.371,136.356928160651,136.28564453125,136.289506998397
1013.15,136.13040768,136.28029081285,136.292971777994,136.292971777994,136.292981169689,136.371,136.356910381873,136.28583984375,136.289707457882
1013.2,136.13032744,136.280292735234,136.292966832535,136.292966832535,136.292976254243,136.371,136.356892603096,136.28603515625,136.289907917367
1013.25,136.1302472,136.280294657617,136.292961887076,136.292961887076,136.292971338797,136.371,136.356874824318,136.28623046875,136.290108376853
1013.3,136.13016696,136.280296580001,136.292956941618,136.292956941618,136.292966423351,136.371,136.356857045541,136.28642578125,136.290308836338
1013.35,136.13008672,136.280298502384,136.292951996159,136.292951996159,136.292961507905,136.371,136.356839266763,136.28662109375,136.290509295824
1013.4,136.13000648,136.280300424767,136.2929470507,136.2929470507,136.292956592459,136.371,136.356821487985,136.28681640625,136.290709755309
1013.45,136.1299276,136.280302347151,136.292942105241,136.292942105241,136.292951677013,136.371,136.356803709208,136.28701171875,136.290910214794
1013.5,136.12984736,136.280304269534,136.292937159783,136.292937159783,136.292946761566,136.371,136.35678593043,136.28720703125,136.29111067428
1013.55,136.12976712,136.280306191918,136.292932214324,136.292932214324,136.29294184612,136.371,136.356768151653,136.28740234375,136.291311133765
1013.6,136.12968688,136.280308114301,136.292927268865,136.292927268865,136.292936930674,136.371,136.356750372875,136.28759765625,136.291511593251
1013.65,136.12960664,136.280310036684,136.292922323406,136.292922323406,136.292932015228,136.371,136.356732594098,136.28779296875,136.291712052736
1013.7,136.1295264,136.280311959068,136.292917377948,136.292917377948,136.292927099782,136.371,136.35671481532,136.28798828125,136.291912512221
1013.75,136.12944616,136.280313881451,136.292912432489,136.292912432489,136.292922184336,136.371,136.356697036542,136.28818359375,136.292112971707
1013.8,136.12936592,136.280315803835,136.29290748703,136.29290748703,136.29291726889,136.371,136.356679257765,136.28837890625,136.292313431192
1013.85,136.12928704,136.280317726218,136.292902541571,136.292902541571,136.292912353444,136.371,136.356661478987,136.28857421875,136.292513890678
1013.9,136.1292068,136.280319648601,136.292897596113,136.292897596113,136.292907437998,136.371,136.35664370021,136.28876953125,136.292714350163
1013.95,136.12912656,136.280321570985,136.292892650654,136.292892650654,136.292902522552,136.371,136.356625921432,136.28896484375,136.292914809648
1014,136.12904632,136.280323493368,136.292887705195,136.292887705195,136.292897607106,136.3977,136.383308142654,136.28916015625,136.293115269134
1014.05,136.12896608,136.280325415752,136.292882759736,136.292882759736,136.292892691659,136.4511,136.436690363877,136.28935546875,136.293315728619
1014.1,136.12888584,136.280327338135,136.292877814278,136.292877814278,136.292887776213,136.5045,136.490072585099,136.28955078125,136.293516188105
1014.15,136.1288056,136.280329260518,136.292872868819,136.292872868819,136.292882860767,136.5579,136.543454806322,136.28974609375,136.29371664759
1014.2,136.12872536,136.280331182902,136.29286792336,136.29286792336,136.292877945321,136.6113,136.596837027544,136.28994140625,136.293917107075
1014.25,136.12864512,136.280333105285,136.292862977901,136.292862977901,136.292873029875,136.6647,136.650219248767,136.29013671875,136.294117566561
1014.3,136.12856624,136.280335027669,136.292858032443,136.292858032443,136.292868114429,136.7181,136.703601469989,136.29033203125,136.294318026046
1014.35,136.128486,136.280336950052,136.292853086984,136.292853086984,136.292863198983,136.7715,136.756983691211,136.29052734375,136.294518485532
1014.4,136.12840576,136.280338872435,136.292848141525,136.292848141525,136.292858283537,136.8249,136.810365912434,136.29072265625,136.294718945017
1014.45,136.12832552,136.280340794819,136.292843196066,136.292843196066,136.292853368091,136.8783,136.863748133656,136.29091796875,136.294919404502
1014.5,136.12824528,136.280342717202,136.292838250608,136.292838250608,136.292848452645,136.9317,136.917130354879,136.29111328125,136.295119863988
1014.55,136.12816504,136.280344639586,136.292833305149,136.292833305149,136.292843537199,136.9851,136.970512576101,136.29130859375,136.295320323473
1014.6,136.1280848,136.280346561969,136.29282835969,136.29282835969,136.292838621752,137.0385,137.023894797324,136.29150390625,136.295520782959
1014.65,136.12800456,136.280348484352,136.292823414231,136.292823414231,136.292833706306,137.0919,137.077277018546,136.29169921875,136.295721242444
1014.7,136.12792568,136.280350406736,136.292818468773,136.292818468773,136.29282879086,137.1453,137.130659239768,136.29189453125,136.295921701929
1014.75,136.12784544,136.280352329119,136.292813523314,136.292813523314,136.292823875414,137.1987,137.184041460991,136.29208984375,136.296122161415
1014.8,136.1277652,136.280354251503,136.292808577855,136.292808577855,136.292818959968,137.2521,137.237423682213,136.29228515625,136.2963226209
1014.85,136.12768496,136.280356173886,136.292803632396,136.292803632396,136.292814044522,137.3055,137.290805903436,136.29248046875,136.296523080386
1014.9,136.12760472,136.280358096269,136.292798686938,136.292798686938,136.292809129076,137.3589,137.344188124658,136.29267578125,136.296723539871
1014.95,136.12752448,136.280360018653,136.292793741479,136.292793741479,136.29280421363,137.4123,137.397570345881,136.29287109375,136.296923999356
1015,136.12744424,136.280361941036,136.29278879602,136.29278879602,136.292799298184,137.439,137.424252567103,136.29306640625,136.297124458842
1015.05,136.127364,136.28036386342,136.292783850561,136.292783850561,136.292794382738,137.439,137.424234788325,136.29326171875,136.297324918327
1015.1,136.12728512,136.280365785803,136.292778905103,136.292778905103,136.292789467291,137.439,137.424217009548,136.29345703125,136.297525377813
1015.15,136.12720488,136.280367708187,136.292773959644,136.292773959644,136.292784551845,137.439,137.42419923077,136.29365234375,136.297725837298
1015.2,136.12712464,136.28036963057,136.292769014185,136.292769014185,136.292779636399,137.439,137.424181451993,136.29384765625,136.297926296783
1015.25,136.1270444,136.280371552953,136.292764068726,136.292764068726,136.292774720953,137.439,137.424163673215,136.29404296875,136.298126756269
1015.3,136.12696416,136.280373475337,136.292759123268,136.292759123268,136.292769805507,137.439,137.424145894438,136.29423828125,136.298327215754
1015.35,136.12688392,136.28037539772,136.292754177809,136.292754177809,136.292764890061,137.439,137.42412811566,136.29443359375,136.29852767524
1015.4,136.12680368,136.280377320103,136.29274923235,136.29274923235,136.292759974615,137.439,137.424110336882,136.29462890625,136.298728134725
1015.45,136.12672344,136.280379242487,136.292744286891,136.292744286891,136.292755059169,137.439,137.424092558105,136.29482421875,136.29892859421
1015.5,136.1266432,136.28038116487,136.292739341433,136.292739341433,136.292750143723,137.439,137.424074779327,136.29501953125,136.299129053696
1015.55,136.12656432,136.280383087254,136.292734395974,136.292734395974,136.292745228277,137.439,137.42405700055,136.29521484375,136.299329513181
1015.6,136.12648408,136.280385009637,136.292729450515,136.292729450515,136.292740312831,137.439,137.424039221772,136.29541015625,136.299529972667
1015.65,136.12640384,136.280386932021,136.292724505056,136.292724505056,136.292735397384,137.439,137.424021442994,136.29560546875,136.299730432152
1015.7,136.1263236,136.280388854404,136.292719559598,136.292719559598,136.292730481938,137.439,137.424003664217,136.29580078125,136.299930891637
1015.75,136.12624336,136.280390776787,136.292714614139,136.292714614139,136.292725566492,137.439,137.423985885439,136.29599609375,136.300131351123
1015.8,136.12616312,136.280392699171,136.29270966868,136.29270966868,136.292720651046,137.439,137.423968106662,136.29619140625,136.300331810608
1015.85,136.12608288,136.280394621554,136.292704723221,136.292704723221,136.2927157356,137.439,137.423950327884,136.29638671875,136.300532270094
1015.9,136.12600264,136.280396543938,136.292699777762,136.292699777762,136.292710820154,137.439,137.423932549107,136.29658203125,136.300732729579
1015.95,136.12592376,136.280398466321,136.292694832304,136.292694832304,136.292705904708,137.439,137.423914770329,136.29677734375,136.300933189064
1016,136.12584352,136.280400388704,136.292689886845,136.292689886845,136.292700989262,137.439275,137.424171991551,136.29697265625,136.30113364855
1016.05,136.12576328,136.280402311088,136.292684941386,136.292684941386,136.292696073816,137.439825,137.424704212774,136.29716796875,136.301334108035
1016.1,136.12568304,136.280404233471,136.292679995927,136.292679995927,136.29269115837,137.440375,137.425236433996,136.29736328125,136.301534567521
1016.15,136.1256028,136.280406155855,136.292675050469,136.292675050469,136.292686242924,137.440925,137.425768655219,136.29755859375,136.301735027006
1016.2,136.12552256,136.280408078238,136.29267010501,136.29267010501,136.292681327477,137.441475,137.426300876441,136.29775390625,136.301935486491
1016.25,136.12544232,136.280410000621,136.292665159551,136.292665159551,136.292676412031,137.442025,137.426833097664,136.29794921875,136.302135945977
1016.3,136.12536208,136.280411923005,136.292660214092,136.292660214092,136.292671496585,137.442575,137.427365318886,136.29814453125,136.302336405462
1016.35,136.12528184,136.280413845388,136.292655268634,136.292655268634,136.292666581139,137.443125,137.427897540108,136.29833984375,136.302536864948
1016.4,136.12520296,136.280415767772,136.292650323175,136.292650323175,136.292661665693,137.443675,137.428429761331,136.29853515625,136.302737324433
1016.45,136.12512272,136.280417690155,136.292645377716,136.292645377716,136.292656750247,137.444225,137.428961982553,136.29873046875,136.302937783918
1016.5,136.12504248,136.280419612538,136.292640432257,136.292640432257,136.292651834801,137.444775,137.429494203776,136.29892578125,136.303138243404
1016.55,136.12496224,136.280421534922,136.292635486799,136.292635486799,136.292646919355,137.445325,137.430026424998,136.29912109375,136.303338702889
1016.6,136.124882,136.280423457305,136.29263054134,136.29263054134,136.292642003909,137.445875,137.430558646221,136.29931640625,136.303539162375
1016.65,136.12480176,136.280425379689,136.292625595881,136.292625595881,136.292637088463,137.446425,137.431090867443,136.29951171875,136.30373962186
1016.7,136.12472152,136.280427302072,136.292620650422,136.292620650422,136.292632173017,137.446975,137.431623088665,136.29970703125,136.303940081345
1016.75,136.12464128,136.280429224455,136.292615704964,136.292615704964,136.29262725757,137.447525,137.432155309888,136.29990234375,136.304140540831
1016.8,136.1245624,136.280431146839,136.292610759505,136.292610759505,136.292622342124,137.448075,137.43268753111,136.30009765625,136.304341000316
1016.85,136.12448216,136.280433069222,136.292605814046,136.292605814046,136.292617426678,137.448625,137.433219752333,136.30029296875,136.304541459802
1016.9,136.12440192,136.280434991606,136.292600868587,136.292600868587,136.292612511232,137.449175,137.433751973555,136.30048828125,136.304741919287
1016.95,136.12432168,136.280436913989,136.292595923129,136.292595923129,136.292607595786,137.449725,137.434284194778,136.30068359375,136.304942378772
1017,136.12424144,136.280438836372,136.29259097767,136.29259097767,136.29260268034,137.45,137.434541416,136.300659179688,136.304923111695
1017.05,136.1241612,136.280440758756,136.292586032211,136.292586032211,136.292597764894,137.45,137.434523637222,136.300415039062,136.304684118056
1017.1,136.12408096,136.280442681139,136.292581086752,136.292581086752,136.292592849448,137.45,137.434505858445,136.300170898438,136.304445124416
1017.15,136.12400072,136.280444603523,136.292576141294,136.292576141294,136.292587934002,137.45,137.434488079667,136.299926757812,136.304206130777
1017.2,136.12392048,136.280446525906,136.292571195835,136.292571195835,136.292583018556,137.45,137.43447030089,136.299682617188,136.303967137137
1017.25,136.1238416,136.280448448289,136.292566250376,136.292566250376,136.292578103109,137.45,137.434452522112,136.299438476562,136.303728143497
1017.3,136.12376136,136.280450370673,136.292561304917,136.292561304917,136.292573187663,137.45,137.434434743334,136.299194335938,136.303489149858
1017.35,136.12368112,136.280452293056,136.292556359459,136.292556359459,136.292568272217,137.45,137.434416964557,136.298950195312,136.303250156218
1017.4,136.12360088,136.28045421544,136.292551414,136.292551414,136.292563356771,137.45,137.434399185779,136.298706054688,136.303011162579
1017.45,136.12352064,136.280456137823,136.292546468541,136.292546468541,136.292558441325,137.45,137.434381407002,136.298461914062,136.302772168939
1017.5,136.1234404,136.280458060206,136.292541523082,136.292541523082,136.292553525879,137.45,137.434363628224,136.298217773438,136.302533175299
1017.55,136.12336016,136.28045998259,136.292536577624,136.292536577624,136.292548610433,137.45,137.434345849447,136.297973632812,136.30229418166
1017.6,136.12327992,136.280461904973,136.292531632165,136.292531632165,136.292543694987,137.45,137.434328070669,136.297729492188,136.30205518802
1017.65,136.12320104,136.280463827357,136.292526686706,136.292526686706,136.292538779541,137.45,137.434310291891,136.297485351562,136.301816194381
1017.7,136.1231208,136.28046574974,136.292521741247,136.292521741247,136.292533864095,137.45,137.434292513114,136.297241210938,136.301577200741
1017.75,136.12304056,136.280467672123,136.292516795789,136.292516795789,136.292528948649,137.45,137.434274734336,136.296997070312,136.301338207101
1017.8,136.12296032,136.280469594507,136.29251185033,136.29251185033,136.292524033202,137.45,137.434256955559,136.296752929688,136.301099213462
1017.85,136.12288008,136.28047151689,136.292506904871,136.292506904871,136.292519117756,137.45,137.434239176781,136.296508789062,136.300860219822
1017.9,136.12279984,136.280473439274,136.292501959412,136.292501959412,136.29251420231,137.45,137.434221398004,136.296264648438,136.300621226183
1017.95,136.1227196,136.280475361657,136.292497013954,136.292497013954,136.292509286864,137.45,137.434203619226,136.296020507812,136.300382232543
1018,136.12263936,136.28035228404,136.292367068495,136.292367068495,136.292379371418,137.45,137.434185840448,136.295776367188,136.300143238903
1018.05,136.12256048,136.280104206424,136.292112123036,136.292112123036,136.292124455972,137.45,137.434168061671,136.295532226562,136.299904245264
1018.1,136.12248024,136.279856128807,136.291857177577,136.291857177577,136.291869540526,137.45,137.434150282893,136.295288085938,136.299665251624
1018.15,136.1224,136.279608051191,136.291602232119,136.291602232119,136.29161462508,137.45,137.434132504116,136.295043945312,136.299426257985
1018.2,136.12231976,136.279359973574,136.29134728666,136.29134728666,136.291359709634,137.45,137.434114725338,136.294799804688,136.299187264345
1018.25,136.12223952,136.279111895957,136.291092341201,136.291092341201,136.291104794188,137.45,137.434096946561,136.294555664062,136.298948270705
1018.3,136.12215928,136.278863818341,136.290837395742,136.290837395742,136.290849878742,137.45,137.434079167783,136.294311523438,136.298709277066
1018.35,136.12207904,136.278615740724,136.290582450284,136.290582450284,136.290594963295,137.45,137.434061389005,136.294067382812,136.298470283426
1018.4,136.1219988,136.278367663108,136.290327504825,136.290327504825,136.290340047849,137.45,137.434043610228,136.293823242188,136.298231289787
1018.45,136.12191856,136.278119585491,136.290072559366,136.290072559366,136.290085132403,137.45,137.43402583145,136.293579101562,136.297992296147
1018.5,136.12183968,136.277871507874,136.289817613907,136.289817613907,136.289830216957,137.45,137.434008052673,136.293334960938,136.297753302507
1018.55,136.12175944,136.277623430258,136.289562668449,136.289562668449,136.289575301511,137.45,137.433990273895,136.293090820312,136.297514308868
1018.6,136.1216792,136.277375352641,136.28930772299,136.28930772299,136.289320386065,137.45,137.433972495118,136.292846679688,136.297275315228
1018.65,136.12159896,136.277127275025,136.289052777531,136.289052777531,136.289065470619,137.45,137.43395471634,136.292602539062,136.297036321589
1018.7,136.12151872,136.276879197408,136.288797832072,136.288797832072,136.288810555173,137.45,137.433936937562,136.292358398438,136.296797327949
1018.75,136.12143848,136.276631119791,136.288542886614,136.288542886614,136.288555639727,137.45,137.433919158785,136.292114257812,136.296558334309
1018.8,136.12135824,136.276383042175,136.288287941155,136.288287941155,136.288300724281,137.45,137.433901380007,136.291870117188,136.29631934067
1018.85,136.121278,136.276134964558,136.288032995696,136.288032995696,136.288045808835,137.45,137.43388360123,136.291625976562,136.29608034703
1018.9,136.12119912,136.275886886942,136.287778050237,136.287778050237,136.287790893388,137.45,137.433865822452,136.291381835938,136.295841353391
1018.95,136.12111888,136.275638809325,136.287523104779,136.287523104779,136.287535977942,137.45,137.433848043674,136.291137695312,136.295602359751
1019,136.12103864,136.275390731709,136.28726815932,136.28726815932,136.287281062496,137.45,137.433830264897,136.290893554688,136.295363366111
1019.05,136.1209584,136.275142654092,136.287013213861,136.287013213861,136.28702614705,137.45,137.433812486119,136.290649414062,136.295124372472
1019.1,136.12087816,136.274894576475,136.286758268402,136.286758268402,136.286771231604,137.45,137.433794707342,136.290405273438,136.294885378832
1019.15,136.12079792,136.274646498859,136.286503322944,136.286503322944,136.286516316158,137.45,137.433776928564,136.290161132812,136.294646385193
1019.2,136.12071768,136.274398421242,136.286248377485,136.286248377485,136.286261400712,137.45,137.433759149787,136.289916992188,136.294407391553
1019.25,136.12063744,136.274150343626,136.285993432026,136.285993432026,136.286006485266,137.45,137.433741371009,136.289672851562,136.294168397913
1019.3,136.1205572,136.273902266009,136.285738486567,136.285738486567,136.28575156982,137.45,137.433723592231,136.289428710938,136.293929404274
1019.35,136.12047832,136.273654188392,136.285483541108,136.285483541108,136.285496654374,137.45,137.433705813454,136.289184570312,136.293690410634
1019.4,136.12039808,136.273406110776,136.28522859565,136.28522859565,136.285241738928,137.45,137.433688034676,136.288940429688,136.293451416995
1019.45,136.12031784,136.273158033159,136.284973650191,136.284973650191,136.284986823481,137.45,137.433670255899,136.288696289062,136.293212423355
1019.5,136.1202376,136.272909955543,136.284718704732,136.284718704732,136.284731908035,137.45,137.433652477121,136.288452148438,136.292973429715
1019.55,136.12015736,136.272661877926,136.284463759273,136.284463759273,136.284476992589,137.45,137.433634698344,136.288208007812,136.292734436076
1019.6,136.12007712,136.272413800309,136.284208813815,136.284208813815,136.284222077143,137.45,137.433616919566,136.287963867188,136.292495442436
1019.65,136.11999688,136.272165722693,136.283953868356,136.283953868356,136.283967161697,137.45,137.433599140788,136.287719726562,136.292256448797
1019.7,136.11991664,136.271917645076,136.283698922897,136.283698922897,136.283712246251,137.45,137.433581362011,136.287475585938,136.292017455157
1019.75,136.11983776,136.27166956746,136.283443977438,136.283443977438,136.283457330805,137.45,137.433563583233,136.287231445312,136.291778461517
1019.8,136.11975752,136.271421489843,136.28318903198,136.28318903198,136.283202415359,137.45,137.433545804456,136.286987304688,136.291539467878
1019.85,136.11967728,136.271173412226,136.282934086521,136.282934086521,136.282947499913,137.45,137.433528025678,136.286743164062,136.291300474238
1019.9,136.11959704,136.27092533461,136.282679141062,136.282679141062,136.282692584467,137.45,137.433510246901,136.286499023438,136.291061480599
1019.95,136.1195168,136.270677256993,136.282424195603,136.282424195603,136.282437669021,137.45,137.433492468123,136.286254882812,136.290822486959
1020,136.11943656,136.270429179377,136.282169250145,136.282169250145,136.282182753574,137.447275,137.430749689345,136.286010742188,136.290583493319
1020.05,136.11935632,136.270174924352,136.281890435215,136.281890435215,136.281903956269,137.441825,137.425304648111,136.285766601562,136.290334538002
1020.1,136.11927608,136.269920669327,136.281611620286,136.281611620286,136.281625158963,137.436375,137.419859606876,136.285522460938,136.290085582684
1020.15,136.11919584,136.269666414303,136.281332805356,136.281332805356,136.281346361658,137.430925,137.414414565642,136.285278320312,136.289836627366
1020.2,136.11911696,136.269412159278,136.281053990427,136.281053990427,136.281067564352,137.425475,137.408969524407,136.285034179688,136.289587672048
1020.25,136.11903672,136.269157904254,136.280775175498,136.280775175498,136.280788767047,137.420025,137.403524483173,136.284790039062,136.289338716731
1020.3,136.11895648,136.268903649229,136.280496360568,136.280496360568,136.280509969741,137.414575,137.398079441938,136.284545898438,136.289089761413
1020.35,136.11887624,136.268649394205,136.280217545639,136.280217545639,136.280231172436,137.409125,137.392634400703,136.284301757812,136.288840806095
1020.4,136.118796,136.26839513918,136.279938730709,136.279938730709,136.27995237513,137.403675,137.387189359469,136.284057617188,136.288591850778
1020.45,136.11871576,136.268140884156,136.27965991578,136.27965991578,136.279673577825,137.398225,137.381744318234,136.283813476562,136.28834289546
1020.5,136.11863552,136.267886629131,136.279381100851,136.279381100851,136.279394780519,137.392775,137.376299277,136.283569335938,136.288093940142
1020.55,136.11855528,136.267632374107,136.279102285921,136.279102285921,136.279115983214,137.387325,137.370854235765,136.283325195312,136.287844984824
1020.6,136.1184764,136.267378119082,136.278823470992,136.278823470992,136.278837185908,137.381875,137.365409194531,136.283081054688,136.287596029507
1020.65,136.11839616,136.267123864057,136.278544656062,136.278544656062,136.278558388603,137.376425,137.359964153296,136.282836914062,136.287347074189
1020.7,136.11831592,136.266869609033,136.278265841133,136.278265841133,136.278279591297,137.370975,137.354519112062,136.282592773438,136.287098118871
1020.75,136.11823568,136.266615354008,136.277987026204,136.277987026204,136.278000793992,137.365525,137.349074070827,136.282348632812,136.286849163553
1020.8,136.11815544,136.266361098984,136.277708211274,136.277708211274,136.277721996686,137.360075,137.343629029592,136.282104492188,136.286600208236
1020.85,136.1180752,136.266106843959,136.277429396345,136.277429396345,136.277443199381,137.354625,137.338183988358,136.281860351562,136.286351252918
1020.9,136.11799496,136.265852588935,136.277150581415,136.277150581415,136.277164402075,137.349175,137.332738947123,136.281616210938,136.2861022976
1020.95,136.11791472,136.26559833391,136.276871766486,136.276871766486,136.27688560477,137.343725,137.327293905889,136.281372070312,136.285853342283
1021,136.11783584,136.265344078886,136.276592951557,136.276592951557,136.276606807464,137.341,137.324573864654,136.281127929688,136.285604386965
1021.05,136.1177556,136.265089823861,136.276314136627,136.276314136627,136.276328010159,137.341,137.32457882342,136.280883789062,136.285355431647
1021.1,136.11767536,136.264835568836,136.276035321698,136.276035321698,136.276049212853,137.341,137.324583782185,136.280639648438,136.285106476329
1021.15,136.11759512,136.264581313812,136.275756506768,136.275756506768,136.275770415548,137.341,137.32458874095,136.280395507812,136.284857521012
1021.2,136.11751488,136.264327058787,136.275477691839,136.275477691839,136.275491618242,137.341,137.324593699716,136.280151367188,136.284608565694
1021.25,136.11743464,136.264072803763,136.27519887691,136.27519887691,136.275212820937,137.341,137.324598658481,136.279907226562,136.284359610376
1021.3,136.1173544,136.263818548738,136.27492006198,136.27492006198,136.274934023631,137.341,137.324603617247,136.279663085938,136.284110655059
1021.35,136.11727416,136.263564293714,136.274641247051,136.274641247051,136.274655226326,137.341,137.324608576012,136.279418945312,136.283861699741
1021.4,136.11719392,136.263310038689,136.274362432121,136.274362432121,136.27437642902,137.341,137.324613534778,136.279174804688,136.283612744423
1021.45,136.11711504,136.263055783665,136.274083617192,136.274083617192,136.274097631715,137.341,137.324618493543,136.278930664062,136.283363789105
1021.5,136.1170348,136.26280152864,136.273804802262,136.273804802262,136.273818834409,137.341,137.324623452309,136.278686523438,136.283114833788
1021.55,136.11695456,136.262547273615,136.273525987333,136.273525987333,136.273540037104,137.341,137.324628411074,136.278442382812,136.28286587847
1021.6,136.11687432,136.262293018591,136.273247172404,136.273247172404,136.273261239798,137.341,137.324633369839,136.278198242188,136.282616923152
1021.65,136.11679408,136.262038763566,136.272968357474,136.272968357474,136.272982442493,137.341,137.324638328605,136.277954101562,136.282367967834
1021.7,136.11671384,136.261784508542,136.272689542545,136.272689542545,136.272703645187,137.341,137.32464328737,136.277709960938,136.282119012517
1021.75,136.1166336,136.261530253517,136.272410727615,136.272410727615,136.272424847882,137.341,137.324648246136,136.277465820312,136.281870057199
1021.8,136.11655336,136.261275998493,136.272131912686,136.272131912686,136.272146050576,137.341,137.324653204901,136.277221679688,136.281621101881
1021.85,136.11647448,136.261021743468,136.271853097757,136.271853097757,136.271867253271,137.341,137.324658163667,136.276977539062,136.281372146564
1021.9,136.11639424,136.260767488444,136.271574282827,136.271574282827,136.271588455965,137.341,137.324663122432,136.276733398438,136.281123191246
1021.95,136.116314,136.260513233419,136.271295467898,136.271295467898,136.27130965866,137.341,137.324668081197,136.276489257812,136.280874235928
1022,136.11623376,136.260258978395,136.271016652968,136.271016652968,136.271030861354,137.341,137.324673039963,136.276245117188,136.28062528061
1022.05,136.11615352,136.26000472337,136.270737838039,136.270737838039,136.270752064049,137.341,137.324677998728,136.276000976562,136.280376325293
1022.1,136.11607328,136.259750468345,136.27045902311,136.27045902311,136.270473266743,137.341,137.324682957494,136.275756835938,136.280127369975
1022.15,136.11599304,136.259496213321,136.27018020818,136.27018020818,136.270194469438,137.341,137.324687916259,136.275512695312,136.279878414657
1022.2,136.1159128,136.259241958296,136.269901393251,136.269901393251,136.269915672132,137.341,137.324692875025,136.275268554688,136.27962945934
1022.25,136.11583256,136.258987703272,136.269622578321,136.269622578321,136.269636874827,137.341,137.32469783379,136.275024414062,136.279380504022
1022.3,136.11575368,136.258733448247,136.269343763392,136.269343763392,136.269358077521,137.341,137.324702792555,136.274780273438,136.279131548704
1022.35,136.11567344,136.258479193223,136.269064948463,136.269064948463,136.269079280216,137.341,137.324707751321,136.274536132812,136.278882593386
1022.4,136.1155932,136.258224938198,136.268786133533,136.268786133533,136.26880048291,137.341,137.324712710086,136.274291992188,136.278633638069
1022.45,136.11551296,136.257970683174,136.268507318604,136.268507318604,136.268521685605,137.341,137.324717668852,136.274047851562,136.278384682751
1022.5,136.11543272,136.257716428149,136.268228503674,136.268228503674,136.268242888299,137.341,137.324722627617,136.273803710938,136.278135727433
1022.55,136.11535248,136.257462173124,136.267949688745,136.267949688745,136.267964090994,137.341,137.324727586383,136.273559570312,136.277886772115
1022.6,136.11527224,136.2572079181,136.267670873816,136.267670873816,136.267685293688,137.341,137.324732545148,136.273315429688,136.277637816798
1022.65,136.115192,136.256953663075,136.267392058886,136.267392058886,136.267406496383,137.341,137.324737503914,136.273071289062,136.27738886148
1022.7,136.11511312,136.256699408051,136.267113243957,136.267113243957,136.267127699077,137.341,137.324742462679,136.272827148438,136.277139906162
1022.75,136.11503288,136.256445153026,136.266834429027,136.266834429027,136.266848901771,137.341,137.324747421444,136.272583007812,136.276890950845
1022.8,136.11495264,136.256190898002,136.266555614098,136.266555614098,136.266570104466,137.341,137.32475238021,136.272338867188,136.276641995527
1022.85,136.1148724,136.255936642977,136.266276799169,136.266276799169,136.26629130716,137.341,137.324757338975,136.272094726562,136.276393040209
1022.9,136.11479216,136.255682387953,136.265997984239,136.265997984239,136.266012509855,137.341,137.324762297741,136.271850585938,136.276144084891
1022.95,136.11471192,136.255428132928,136.26571916931,136.26571916931,136.265733712549,137.341,137.324767256506,136.271606445312,136.275895129574
1023,136.11463168,136.255173877904,136.26544035438,136.26544035438,136.265454915244,137.341725,137.325497215272,136.271362304688,136.275646174256
1023.05,136.11455144,136.254919622879,136.265161539451,136.265161539451,136.265176117938,137.343175,137.326952174037,136.271118164062,136.275397218938
1023.1,136.1144712,136.254665367854,136.264882724521,136.264882724521,136.264897320633,137.344625,137.328407132802,136.270874023438,136.27514826362
1023.15,136.11439232,136.25441111283,136.264603909592,136.264603909592,136.264618523327,137.346075,137.329862091568,136.270629882812,136.274899308303
1023.2,136.11431208,136.254156857805,136.264325094663,136.264325094663,136.264339726022,137.347525,137.331317050333,136.270385742188,136.274650352985
1023.25,136.11423184,136.253902602781,136.264046279733,136.264046279733,136.264060928716,137.348975,137.332772009099,136.270141601562,136.274401397667
1023.3,136.1141516,136.253648347756,136.263767464804,136.263767464804,136.263782131411,137.350425,137.334226967864,136.269897460938,136.27415244235
1023.35,136.11407136,136.253394092732,136.263488649874,136.263488649874,136.263503334105,137.351875,137.33568192663,136.269653320312,136.273903487032
1023.4,136.11399112,136.253139837707,136.263209834945,136.263209834945,136.2632245368,137.353325,137.337136885395,136.269409179688,136.273654531714
1023.45,136.11391088,136.252885582683,136.262931020016,136.262931020016,136.262945739494,137.354775,137.338591844161,136.269165039062,136.273405576396
1023.5,136.11383064,136.252631327658,136.262652205086,136.262652205086,136.262666942189,137.356225,137.340046802926,136.268920898438,136.273156621079
1023.55,136.11375176,136.252377072633,136.262373390157,136.262373390157,136.262388144883,137.357675,137.341501761691,136.268676757812,136.272907665761
1023.6,136.11367152,136.252122817609,136.262094575227,136.262094575227,136.262109347578,137.359125,137.342956720457,136.268432617188,136.272658710443
1023.65,136.11359128,136.251868562584,136.261815760298,136.261815760298,136.261830550272,137.360575,137.344411679222,136.268188476562,136.272409755125
1023.7,136.11351104,136.25161430756,136.261536945369,136.261536945369,136.261551752967,137.362025,137.345866637988,136.267944335938,136.272160799808
1023.75,136.1134308,136.251360052535,136.261258130439,136.261258130439,136.261272955661,137.363475,137.347321596753,136.267700195312,136.27191184449
1023.8,136.11335056,136.251105797511,136.26097931551,136.26097931551,136.260994158356,137.364925,137.348776555519,136.267456054688,136.271662889172
1023.85,136.11327032,136.250851542486,136.26070050058,136.26070050058,136.26071536105,137.366375,137.350231514284,136.267211914062,136.271413933855
1023.9,136.11319008,136.250597287462,136.260421685651,136.260421685651,136.260436563745,137.367825,137.351686473049,136.266967773438,136.271164978537
1023.95,136.1131112,136.250343032437,136.260142870722,136.260142870722,136.260157766439,137.369275,137.353141431815,136.266723632812,136.270916023219
1024,136.11303096,136.250088777413,136.259864055792,136.259864055792,136.259878969134,137.37,137.35387139058,136.266479492188,136.270667067901
1024.05,136.11295072,136.249834522388,136.259585240863,136.259585240863,136.259600171828,137.37,137.353876349346,136.266235351562,136.270418112584
1024.1,136.11287048,136.249580267363,136.259306425933,136.259306425933,136.259321374523,137.37,137.353881308111,136.265991210938,136.270169157266
1024.15,136.11279024,136.249326012339,136.259027611004,136.259027611004,136.259042577217,137.37,137.353886266877,136.265747070312,136.269920201948
1024.2,136.11271,136.249071757314,136.258748796075,136.258748796075,136.258763779912,137.37,137.353891225642,136.265502929688,136.269671246631
1024.25,136.11262976,136.24881750229,136.258469981145,136.258469981145,136.258484982606,137.37,137.353896184408,136.265258789062,136.269422291313
1024.3,136.11254952,136.248563247265,136.258191166216,136.258191166216,136.258206185301,137.37,137.353901143173,136.265014648438,136.269173335995
1024.35,136.11246928,136.248308992241,136.257912351286,136.257912351286,136.257927387995,137.37,137.353906101938,136.264770507812,136.268924380677
1024.4,136.1123904,136.248054737216,136.257633536357,136.257633536357,136.25764859069,137.37,137.353911060704,136.264526367188,136.26867542536
1024.45,136.11231016,136.247800482192,136.257354721427,136.257354721427,136.257369793384,137.37,137.353916019469,136.264282226562,136.268426470042
1024.5,136.11222992,136.247546227167,136.257075906498,136.257075906498,136.257090996079,137.37,137.353920978235,136.264038085938,136.268177514724
1024.55,136.11214968,136.247291972142,136.256797091569,136.256797091569,136.256812198773,137.37,137.353925937,136.263793945312,136.267928559406
1024.6,136.11206944,136.247037717118,136.256518276639,136.256518276639,136.256533401468,137.37,137.353930895766,136.263549804688,136.267679604089
1024.65,136.1119892,136.246783462093,136.25623946171,136.25623946171,136.256254604162,137.37,137.353935854531,136.263305664062,136.267430648771
1024.7,136.11190896,136.246529207069,136.25596064678,136.25596064678,136.255975806857,137.37,137.353940813296,136.263061523438,136.267181693453
1024.75,136.11182872,136.246274952044,136.255681831851,136.255681831851,136.255697009551,137.37,137.353945772062,136.262817382812,136.266932738136
1024.8,136.11174984,136.24602069702,136.255403016922,136.255403016922,136.255418212246,137.37,137.353950730827,136.262573242188,136.266683782818
1024.85,136.1116696,136.245766441995,136.255124201992,136.255124201992,136.25513941494,137.37,137.353955689593,136.262329101562,136.2664348275
1024.9,136.11158936,136.245512186971,136.254845387063,136.254845387063,136.254860617635,137.37,137.353960648358,136.262084960938,136.266185872182
1024.95,136.11150912,136.245257931946,136.254566572133,136.254566572133,136.254581820329,137.37,137.353965607124,136.261840820312,136.265936916865
1025,136.11142888,136.245003676921,136.254287757204,136.254287757204,136.254303023024,137.37,137.353970565889,136.261572265625,136.265663547484
1025.05,136.11134864,136.244749421897,136.254008942275,136.254008942275,136.254024225718,137.37,137.353975524654,136.261279296875,136.265365764042
1025.1,136.1112684,136.244495166872,136.253730127345,136.253730127345,136.253745428413,137.37,137.35398048342,136.260986328125,136.265067980599
1025.15,136.11118816,136.244240911848,136.253451312416,136.253451312416,136.253466631107,137.37,137.353985442185,136.260693359375,136.264770197156
1025.2,136.11110792,136.243986656823,136.253172497486,136.253172497486,136.253187833802,137.37,137.353990400951,136.260400390625,136.264472413714
1025.25,136.11102904,136.243732401799,136.252893682557,136.252893682557,136.252909036496,137.37,137.353995359716,136.260107421875,136.264174630271
1025.3,136.1109488,136.243478146774,136.252614867628,136.252614867628,136.252630239191,137.37,137.354000318482,136.259814453125,136.263876846828
1025.35,136.11086856,136.24322389175,136.252336052698,136.252336052698,136.252351441885,137.37,137.354005277247,136.259521484375,136.263579063385
1025.4,136.11078832,136.242969636725,136.252057237769,136.252057237769,136.25207264458,137.37,137.354010236013,136.259228515625,136.263281279943
1025.45,136.11070808,136.242715381701,136.251778422839,136.251778422839,136.251793847274,137.37,137.354015194778,136.258935546875,136.2629834965
1025.5,136.11062784,136.242461126676,136.25149960791,136.25149960791,136.251515049969,137.37,137.354020153543,136.258642578125,136.262685713057
1025.55,136.1105476,136.242206871651,136.251220792981,136.251220792981,136.251236252663,137.37,137.354025112309,136.258349609375,136.262387929615
1025.6,136.11046736,136.241952616627,136.250941978051,136.250941978051,136.250957455358,137.37,137.354030071074,136.258056640625,136.262090146172
1025.65,136.11038848,136.241698361602,136.250663163122,136.250663163122,136.250678658052,137.37,137.35403502984,136.257763671875,136.261792362729
1025.7,136.11030824,136.241444106578,136.250384348192,136.250384348192,136.250399860747,137.37,137.354039988605,136.257470703125,136.261494579286
1025.75,136.110228,136.241189851553,136.250105533263,136.250105533263,136.250121063441,137.37,137.354044947371,136.257177734375,136.261196795844
1025.8,136.11014776,136.240935596529,136.249826718333,136.249826718333,136.249842266136,137.37,137.354049906136,136.256884765625,136.260899012401
1025.85,136.11006752,136.240681341504,136.249547903404,136.249547903404,136.24956346883,137.37,137.354054864901,136.256591796875,136.260601228958
1025.9,136.10998728,136.24042708648,136.249269088475,136.249269088475,136.249284671524,137.37,137.354059823667,136.256298828125,136.260303445515
1025.95,136.10990704,136.240172831455,136.248990273545,136.248990273545,136.249005874219,137.37,137.354064782432,136.256005859375,136.260005662073
1026,136.1098268,136.23991857643,136.248711458616,136.248711458616,136.248727076913,137.370775,137.354844741198,136.255712890625,136.25970787863
1026.05,136.10974792,136.239664321406,136.248432643686,136.248432643686,136.248448279608,137.372325,137.356399699963,136.255419921875,136.259410095187
1026.1,136.10966768,136.239410066381,136.248153828757,136.248153828757,136.248169482302,137.373875,137.357954658729,136.255126953125,136.259112311745
1026.15,136.10958744,136.239155811357,136.247875013828,136.247875013828,136.247890684997,137.375425,137.359509617494,136.254833984375,136.258814528302
1026.2,136.1095072,136.238901556332,136.247596198898,136.247596198898,136.247611887691,137.376975,137.36106457626,136.254541015625,136.258516744859
1026.25,136.10942696,136.238647301308,136.247317383969,136.247317383969,136.247333090386,137.378525,137.362619535025,136.254248046875,136.258218961416
1026.3,136.10934672,136.238393046283,136.247038569039,136.247038569039,136.24705429308,137.380075,137.36417449379,136.253955078125,136.257921177974
1026.35,136.10926648,136.238138791259,136.24675975411,136.24675975411,136.246775495775,137.381625,137.365729452556,136.253662109375,136.257623394531
1026.4,136.10918624,136.237884536234,136.246480939181,136.246480939181,136.246496698469,137.383175,137.367284411321,136.253369140625,136.257325611088
1026.45,136.109106,136.23763028121,136.246202124251,136.246202124251,136.246217901164,137.384725,137.368839370087,136.253076171875,136.257027827645
1026.5,136.10902712,136.237376026185,136.245923309322,136.245923309322,136.245939103858,137.386275,137.370394328852,136.252783203125,136.256730044203
1026.55,136.10894688,136.23712177116,136.245644494392,136.245644494392,136.245660306553,137.387825,137.371949287618,136.252490234375,136.25643226076
1026.6,136.10886664,136.236867516136,136.245365679463,136.245365679463,136.245381509247,137.389375,137.373504246383,136.252197265625,136.256134477317
1026.65,136.1087864,136.236613261111,136.245086864534,136.245086864534,136.245102711942,137.390925,137.375059205148,136.251904296875,136.255836693875
1026.7,136.10870616,136.236359006087,136.244808049604,136.244808049604,136.244823914636,137.392475,137.376614163914,136.251611328125,136.255538910432
1026.75,136.10862592,136.236104751062,136.244529234675,136.244529234675,136.244545117331,137.394025,137.378169122679,136.251318359375,136.255241126989
1026.8,136.10854568,136.235850496038,136.244250419745,136.244250419745,136.244266320025,137.395575,137.379724081445,136.251025390625,136.254943343546
1026.85,136.10846544,136.235596241013,136.243971604816,136.243971604816,136.24398752272,137.397125,137.38127904021,136.250732421875,136.254645560104
1026.9,136.10838656,136.235341985989,136.243692789887,136.243692789887,136.243708725414,137.398675,137.382833998976,136.250439453125,136.254347776661
1026.95,136.10830632,136.235087730964,136.243413974957,136.243413974957,136.243429928109,137.400225,137.384388957741,136.250146484375,136.254049993218
1027,136.10822608,136.234833475939,136.243135160028,136.243135160028,136.243151130803,137.401,137.385168916507,136.249853515625,136.253752209776
1027.05,136.10814584,136.234579220915,136.242856345098,136.242856345098,136.242872333498,137.401,137.385173875272,136.249560546875,136.253454426333
1027.1,136.1080656,136.23432496589,136.242577530169,136.242577530169,136.242593536192,137.401,137.385178834037,136.249267578125,136.25315664289
1027.15,136.10798536,136.234070710866,136.242298715239,136.242298715239,136.242314738887,137.401,137.385183792803,136.248974609375,136.252858859447
1027.2,136.10790512,136.233816455841,136.24201990031,136.24201990031,136.242035941581,137.401,137.385188751568,136.248681640625,136.252561076005
1027.25,136.10782488,136.233562200817,136.241741085381,136.241741085381,136.241757144276,137.401,137.385193710334,136.248388671875,136.252263292562
1027.3,136.10774464,136.233307945792,136.241462270451,136.241462270451,136.24147834697,137.401,137.385198669099,136.248095703125,136.251965509119
1027.35,136.10766576,136.233053690768,136.241183455522,136.241183455522,136.241199549665,137.401,137.385203627865,136.247802734375,136.251667725676
1027.4,136.10758552,136.232799435743,136.240904640592,136.240904640592,136.240920752359,137.401,137.38520858663,136.247509765625,136.251369942234
1027.45,136.10750528,136.232545180718,136.240625825663,136.240625825663,136.240641955054,137.401,137.385213545395,136.247216796875,136.251072158791
1027.5,136.10742504,136.232290925694,136.240347010734,136.240347010734,136.240363157748,137.401,137.385218504161,136.246923828125,136.250774375348
1027.55,136.1073448,136.232036670669,136.240068195804,136.240068195804,136.240084360443,137.401,137.385223462926,136.246630859375,136.250476591906
1027.6,136.10726456,136.231782415645,136.239789380875,136.239789380875,136.239805563137,137.401,137.385228421692,136.246337890625,136.250178808463
1027.65,136.10718432,136.23152816062,136.239510565945,136.239510565945,136.239526765832,137.401,137.385233380457,136.246044921875,136.24988102502
1027.7,136.10710408,136.231273905596,136.239231751016,136.239231751016,136.239247968526,137.401,137.385238339223,136.245751953125,136.249583241577
1027.75,136.1070252,136.231019650571,136.238952936087,136.238952936087,136.238969171221,137.401,137.385243297988,136.245458984375,136.249285458135
1027.8,136.10694496,136.230765395547,136.238674121157,136.238674121157,136.238690373915,137.401,137.385248256753,136.245166015625,136.248987674692
1027.85,136.10686472,136.230511140522,136.238395306228,136.238395306228,136.23841157661,137.401,137.385253215519,136.244873046875,136.248689891249
1027.9,136.10678448,136.230256885498,136.238116491298,136.238116491298,136.238132779304,137.401,137.385258174284,136.244580078125,136.248392107806
1027.95,136.10670424,136.230002630473,136.237837676369,136.237837676369,136.237853981999,137.401,137.38526313305,136.244287109375,136.248094324364
1028,136.106624,136.229748375448,136.23755886144,136.23755886144,136.237575184693,137.401125,137.385393091815,136.243994140625,136.247796540921
1028.05,136.10654376,136.229494120424,136.23728004651,136.23728004651,136.237296387388,137.401375,137.385648050581,136.243701171875,136.247498757478
1028.1,136.10646352,136.229239865399,136.237001231581,136.237001231581,136.237017590082,137.401625,137.385903009346,136.243408203125,136.247200974036
1028.15,136.10638328,136.228985610375,136.236722416651,136.236722416651,136.236738792777,137.401875,137.386157968112,136.243115234375,136.246903190593
1028.2,136.1063044,136.22873135535,136.236443601722,136.236443601722,136.236459995471,137.402125,137.386412926877,136.242822265625,136.24660540715
1028.25,136.10622416,136.228477100326,136.236164786793,136.236164786793,136.236181198166,137.402375,137.386667885642,136.242529296875,136.246307623707
1028.3,136.10614392,136.228222845301,136.235885971863,136.235885971863,136.23590240086,137.402625,137.386922844408,136.242236328125,136.246009840265
1028.35,136.10606368,136.227968590277,136.235607156934,136.235607156934,136.235623603555,137.402875,137.387177803173,136.241943359375,136.245712056822
1028.4,136.10598344,136.227714335252,136.235328342004,136.235328342004,136.235344806249,137.403125,137.387432761939,136.241650390625,136.245414273379
1028.45,136.1059032,136.227460080227,136.235049527075,136.235049527075,136.235066008944,137.403375,137.387687720704,136.241357421875,136.245116489937
1028.5,136.10582296,136.227205825203,136.234770712146,136.234770712146,136.234787211638,137.403625,137.38794267947,136.241064453125,136.244818706494
1028.55,136.10574272,136.226951570178,136.234491897216,136.234491897216,136.234508414333,137.403875,137.388197638235,136.240771484375,136.244520923051
1028.6,136.10566384,136.226697315154,136.234213082287,136.234213082287,136.234229617027,137.404125,137.388452597,136.240478515625,136.244223139608
1028.65,136.1055836,136.226443060129,136.233934267357,136.233934267357,136.233950819722,137.404375,137.388707555766,136.240185546875,136.243925356166
1028.7,136.10550336,136.226188805105,136.233655452428,136.233655452428,136.233672022416,137.404625,137.388962514531,136.239892578125,136.243627572723
1028.75,136.10542312,136.22593455008,136.233376637498,136.233376637498,136.233393225111,137.404875,137.389217473297,136.239599609375,136.24332978928
1028.8,136.10534288,136.225680295056,136.233097822569,136.233097822569,136.233114427805,137.405125,137.389472432062,136.239306640625,136.243032005837
1028.85,136.10526264,136.225426040031,136.23281900764,136.23281900764,136.2328356305,137.405375,137.389727390828,136.239013671875,136.242734222395
1028.9,136.1051824,136.225171785007,136.23254019271,136.23254019271,136.232556833194,137.405625,137.389982349593,136.238720703125,136.242436438952
1028.95,136.10510216,136.224917529982,136.232261377781,136.232261377781,136.232278035889,137.405875,137.390237308359,136.238427734375,136.242138655509
1029,136.10502328,136.224663274957,136.231982562851,136.231982562851,136.231999238583,137.406,137.390367267124,136.238134765625,136.241840872067
1029.05,136.10494304,136.224409019933,136.231703747922,136.231703747922,136.231720441278,137.406,137.390372225889,136.237841796875,136.241543088624
1029.1,136.1048628,136.224154764908,136.231424932993,136.231424932993,136.231441643972,137.406,137.390377184655,136.237548828125,136.241245305181
1029.15,136.10478256,136.223900509884,136.231146118063,136.231146118063,136.231162846667,137.406,137.39038214342,136.237255859375,136.240947521738
1029.2,136.10470232,136.223646254859,136.230867303134,136.230867303134,136.230884049361,137.406,137.390387102186,136.236962890625,136.240649738296
1029.25,136.10462208,136.223391999835,136.230588488204,136.230588488204,136.230605252055,137.406,137.390392060951,136.236669921875,136.240351954853
1029.3,136.10454184,136.22313774481,136.230309673275,136.230309673275,136.23032645475,137.406,137.390397019717,136.236376953125,136.24005417141
1029.35,136.1044616,136.222883489786,136.230030858346,136.230030858346,136.230047657444,137.406,137.390401978482,136.236083984375,136.239756387968
1029.4,136.10438136,136.222629234761,136.229752043416,136.229752043416,136.229768860139,137.406,137.390406937247,136.235791015625,136.239458604525
1029.45,136.10430248,136.222374979736,136.229473228487,136.229473228487,136.229490062833,137.406,137.390411896013,136.235498046875,136.239160821082
1029.5,136.10422224,136.222120724712,136.229194413557,136.229194413557,136.229211265528,137.406,137.390416854778,136.235205078125,136.238863037639
1029.55,136.104142,136.221866469687,136.228915598628,136.228915598628,136.228932468222,137.406,137.390421813544,136.234912109375,136.238565254197
1029.6,136.10406176,136.221612214663,136.228636783699,136.228636783699,136.228653670917,137.406,137.390426772309,136.234619140625,136.238267470754
1029.65,136.10398152,136.221357959638,136.228357968769,136.228357968769,136.228374873611,137.406,137.390431731075,136.234326171875,136.237969687311
1029.7,136.10390128,136.221103704614,136.22807915384,136.22807915384,136.228096076306,137.406,137.39043668984,136.234033203125,136.237671903868
1029.75,136.10382104,136.220849449589,136.22780033891,136.22780033891,136.227817279,137.406,137.390441648606,136.233740234375,136.237374120426
1029.8,136.1037408,136.220595194565,136.227521523981,136.227521523981,136.227538481695,137.406,137.390446607371,136.233447265625,136.237076336983
1029.85,136.10366192,136.22034093954,136.227242709052,136.227242709052,136.227259684389,137.406,137.390451566136,136.233154296875,136.23677855354
1029.9,136.10358168,136.220086684516,136.226963894122,136.226963894122,136.226980887084,137.406,137.390456524902,136.232861328125,136.236480770098
1029.95,136.10350144,136.219832429491,136.226685079193,136.226685079193,136.226702089778,137.406,137.390461483667,136.232568359375,136.236182986655
1030,136.1034212,136.219578174466,136.226406264263,136.226406264263,136.226423292473,137.406,137.390466442433,136.232275390625,136.235885203212
1030.05,136.10334096,136.219305729962,136.226112525144,136.226112525144,136.226129424781,137.406,137.390494141985,136.231982421875,136.235579409722
1030.1,136.10326072,136.219033285458,136.225818786025,136.225818786025,136.225835557088,137.406,137.390521841536,136.231689453125,136.235273616231
1030.15,136.10318048,136.218760840954,136.225525046905,136.225525046905,136.225541689396,137.406,137.390549541088,136.231396484375,136.234967822741
1030.2,136.10310024,136.21848839645,136.225231307786,136.225231307786,136.225247821704,137.406,137.39057724064,136.231103515625,136.234662029251
1030.25,136.10302,136.218215951946,136.224937568666,136.224937568666,136.224953954011,137.406,137.390604940192,136.230810546875,136.23435623576
1030.3,136.10294112,136.217943507442,136.224643829547,136.224643829547,136.224660086319,137.406,137.390632639744,136.230517578125,136.23405044227
1030.35,136.10286088,136.217671062938,136.224350090428,136.224350090428,136.224366218627,137.406,137.390660339296,136.230224609375,136.23374464878
1030.4,136.10278064,136.217398618434,136.224056351308,136.224056351308,136.224072350934,137.406,137.390688038847,136.229931640625,136.233438855289
1030.45,136.1027004,136.21712617393,136.223762612189,136.223762612189,136.223778483242,137.406,137.390715738399,136.229638671875,136.233133061799
1030.5,136.10262016,136.216853729426,136.22346887307,136.22346887307,136.22348461555,137.406,137.390743437951,136.229345703125,136.232827268309
1030.55,136.10253992,136.216581284922,136.22317513395,136.22317513395,136.223190747858,137.406,137.390771137503,136.229052734375,136.232521474818
1030.6,136.10245968,136.216308840418,136.222881394831,136.222881394831,136.222896880165,137.406,137.390798837055,136.228759765625,136.232215681328
1030.65,136.10237944,136.216036395914,136.222587655711,136.222587655711,136.222603012473,137.406,137.390826536607,136.228466796875,136.231909887838
1030.7,136.10230056,136.21576395141,136.222293916592,136.222293916592,136.222309144781,137.406,137.390854236159,136.228173828125,136.231604094347
1030.75,136.10222032,136.215491506906,136.222000177473,136.222000177473,136.222015277088,137.406,137.39088193571,136.227880859375,136.231298300857
1030.8,136.10214008,136.215219062402,136.221706438353,136.221706438353,136.221721409396,137.406,137.390909635262,136.227587890625,136.230992507366
1030.85,136.10205984,136.214946617898,136.221412699234,136.221412699234,136.221427541704,137.406,137.390937334814,136.227294921875,136.230686713876
1030.9,136.1019796,136.214674173394,136.221118960115,136.221118960115,136.221133674011,137.406,137.390965034366,136.227001953125,136.230380920386
1030.95,136.10189936,136.21440172889,136.220825220995,136.220825220995,136.220839806319,137.406,137.390992733918,136.226708984375,136.230075126895
1031,136.10181912,136.214129284386,136.220531481876,136.220531481876,136.220545938627,137.3763,137.36132043347,136.226416015625,136.229769333405
1031.05,136.10173888,136.213856839882,136.220237742756,136.220237742756,136.220252070935,137.3169,137.301948133021,136.226123046875,136.229463539915
1031.1,136.10165864,136.213584395378,136.219944003637,136.219944003637,136.219958203242,137.2575,137.242575832573,136.225830078125,136.229157746424
1031.15,136.10157976,136.213311950874,136.219650264518,136.219650264518,136.21966433555,137.1981,137.183203532125,136.225537109375,136.228851952934
1031.2,136.10149952,136.21303950637,136.219356525398,136.219356525398,136.219370467858,137.1387,137.123831231677,136.225244140625,136.228546159444
1031.25,136.10141928,136.212767061866,136.219062786279,136.219062786279,136.219076600165,137.0793,137.064458931229,136.224951171875,136.228240365953
1031.3,136.10133904,136.212494617362,136.21876904716,136.21876904716,136.218782732473,137.0199,137.005086630781,136.224658203125,136.227934572463
1031.35,136.1012588,136.212222172858,136.21847530804,136.21847530804,136.218488864781,136.9605,136.945714330332,136.224365234375,136.227628778973
1031.4,136.10117856,136.211949728354,136.218181568921,136.218181568921,136.218194997089,136.9011,136.886342029884,136.224072265625,136.227322985482
1031.45,136.10109832,136.211677283849,136.217887829802,136.217887829802,136.217901129396,136.8417,136.826969729436,136.223779296875,136.227017191992
1031.5,136.10101808,136.211404839345,136.217594090682,136.217594090682,136.217607261704,136.7823,136.767597428988,136.223486328125,136.226711398501
1031.55,136.1009392,136.211132394841,136.217300351563,136.217300351563,136.217313394012,136.7229,136.70822512854,136.223193359375,136.226405605011
1031.6,136.10085896,136.210859950337,136.217006612443,136.217006612443,136.217019526319,136.6635,136.648852828092,136.222900390625,136.226099811521
1031.65,136.10077872,136.210587505833,136.216712873324,136.216712873324,136.216725658627,136.6041,136.589480527643,136.222607421875,136.22579401803
1031.7,136.10069848,136.210315061329,136.216419134205,136.216419134205,136.216431790935,136.5447,136.530108227195,136.222314453125,136.22548822454
1031.75,136.10061824,136.210042616825,136.216125395085,136.216125395085,136.216137923242,136.4853,136.470735926747,136.222021484375,136.22518243105
1031.8,136.100538,136.209770172321,136.215831655966,136.215831655966,136.21584405555,136.4259,136.411363626299,136.221728515625,136.224876637559
1031.85,136.10045776,136.209497727817,136.215537916847,136.215537916847,136.215550187858,136.3665,136.351991325851,136.221435546875,136.224570844069
1031.9,136.10037752,136.209225283313,136.215244177727,136.215244177727,136.215256320166,136.3071,136.292619025403,136.221142578125,136.224265050579
1031.95,136.10029864,136.208952838809,136.214950438608,136.214950438608,136.214962452473,136.2477,136.233246724955,136.220849609375,136.223959257088
1032,136.1002184,136.208680394305,136.214656699488,136.214656699488,136.214668584781,136.218,136.203574424506,136.220556640625,136.223653463598
1032.05,136.10013816,136.208407949801,136.214362960369,136.214362960369,136.214374717089,136.218,136.203602124058,136.220263671875,136.223347670108
1032.1,136.10005792,136.208135505297,136.21406922125,136.21406922125,136.214080849396,136.218,136.20362982361,136.219970703125,136.223041876617
1032.15,136.09997768,136.207863060793,136.21377548213,136.21377548213,136.213786981704,136.218,136.203657523162,136.219677734375,136.222736083127
1032.2,136.09989744,136.207590616289,136.213481743011,136.213481743011,136.213493114012,136.218,136.203685222714,136.219384765625,136.222430289636
1032.25,136.0998172,136.207318171785,136.213188003892,136.213188003892,136.213199246319,136.218,136.203712922266,136.219091796875,136.222124496146
1032.3,136.09973696,136.207045727281,136.212894264772,136.212894264772,136.212905378627,136.218,136.203740621817,136.218798828125,136.221818702656
1032.35,136.09965672,136.206773282777,136.212600525653,136.212600525653,136.212611510935,136.218,136.203768321369,136.218505859375,136.221512909165
1032.4,136.09957784,136.206500838273,136.212306786533,136.212306786533,136.212317643243,136.218,136.203796020921,136.218212890625,136.221207115675
1032.45,136.0994976,136.206228393769,136.212013047414,136.212013047414,136.21202377555,136.218,136.203823720473,136.217919921875,136.220901322185
1032.5,136.09941736,136.205955949265,136.211719308295,136.211719308295,136.211729907858,136.218,136.203851420025,136.217626953125,136.220595528694
1032.55,136.09933712,136.205683504761,136.211425569175,136.211425569175,136.211436040166,136.218,136.203879119577,136.217333984375,136.220289735204
1032.6,136.09925688,136.205411060257,136.211131830056,136.211131830056,136.211142172473,136.218,136.203906819128,136.217041015625,136.219983941714
1032.65,136.09917664,136.205138615753,136.210838090937,136.210838090937,136.210848304781,136.218,136.20393451868,136.216748046875,136.219678148223
1032.7,136.0990964,136.204866171249,136.210544351817,136.210544351817,136.210554437089,136.218,136.203962218232,136.216455078125,136.219372354733
1032.75,136.09901616,136.204593726745,136.210250612698,136.210250612698,136.210260569396,136.218,136.203989917784,136.216162109375,136.219066561243
1032.8,136.09893728,136.204321282241,136.209956873578,136.209956873578,136.209966701704,136.218,136.204017617336,136.215869140625,136.218760767752
1032.85,136.09885704,136.204048837737,136.209663134459,136.209663134459,136.209672834012,136.218,136.204045316888,136.215576171875,136.218454974262
1032.9,136.0987768,136.203776393233,136.20936939534,136.20936939534,136.20937896632,136.218,136.20407301644,136.215283203125,136.218149180772
1032.95,136.09869656,136.203503948728,136.20907565622,136.20907565622,136.209085098627,136.218,136.204100715991,136.214990234375,136.217843387281
1033,136.09861632,136.203231504224,136.208781917101,136.208781917101,136.208791230935,136.218,136.204128415543,136.214575195313,136.217415523478
1033.05,136.09853608,136.20295905972,136.208488177982,136.208488177982,136.208497363243,136.218,136.204156115095,136.214038085937,136.216865589363
1033.1,136.09845584,136.202686615216,136.208194438862,136.208194438862,136.20820349555,136.218,136.204183814647,136.213500976562,136.216315655248
1033.15,136.0983756,136.202414170712,136.207900699743,136.207900699743,136.207909627858,136.218,136.204211514199,136.212963867188,136.215765721132
1033.2,136.09829536,136.202141726208,136.207606960623,136.207606960623,136.207615760166,136.218,136.204239213751,136.212426757812,136.215215787017
1033.25,136.09821648,136.201869281704,136.207313221504,136.207313221504,136.207321892473,136.218,136.204266913302,136.211889648438,136.214665852902
1033.3,136.09813624,136.2015968372,136.207019482385,136.207019482385,136.207028024781,136.218,136.204294612854,136.211352539062,136.214115918786
1033.35,136.098056,136.201324392696,136.206725743265,136.206725743265,136.206734157089,136.218,136.204322312406,136.210815429688,136.213565984671
1033.4,136.09797576,136.201051948192,136.206432004146,136.206432004146,136.206440289397,136.218,136.204350011958,136.210278320313,136.213016050555
1033.45,136.09789552,136.200779503688,136.206138265027,136.206138265027,136.206146421704,136.218,136.20437771151,136.209741210937,136.21246611644
1033.5,136.09781528,136.200507059184,136.205844525907,136.205844525907,136.205852554012,136.218,136.204405411062,136.209204101563,136.211916182325
1033.55,136.09773504,136.20023461468,136.205550786788,136.205550786788,136.20555868632,136.218,136.204433110614,136.208666992187,136.211366248209
1033.6,136.0976548,136.199962170176,136.205257047669,136.205257047669,136.205264818627,136.218,136.204460810165,136.208129882812,136.210816314094
1033.65,136.09757592,136.199689725672,136.204963308549,136.204963308549,136.204970950935,136.218,136.204488509717,136.207592773438,136.210266379979
1033.7,136.09749568,136.199417281168,136.20466956943,136.20466956943,136.204677083243,136.218,136.204516209269,136.207055664062,136.209716445863
1033.75,136.09741544,136.199144836664,136.20437583031,136.20437583031,136.20438321555,136.218,136.204543908821,136.206518554688,136.209166511748
1033.8,136.0973352,136.19887239216,136.204082091191,136.204082091191,136.204089347858,136.218,136.204571608373,136.205981445312,136.208616577633
1033.85,136.09725496,136.198599947656,136.203788352072,136.203788352072,136.203795480166,136.218,136.204599307925,136.205444335938,136.208066643517
1033.9,136.09717472,136.198327503152,136.203494612952,136.203494612952,136.203501612474,136.218,136.204627007476,136.204907226563,136.207516709402
1033.95,136.09709448,136.198055058648,136.203200873833,136.203200873833,136.203207744781,136.218,136.204654707028,136.204370117187,136.206966775287
1034,136.09701424,136.197782614144,136.202907134714,136.202907134714,136.202913877089,136.218275,136.20495740658,136.203833007813,136.206416841171
1034.05,136.096934,136.19751016964,136.202613395594,136.202613395594,136.202620009397,136.218825,136.205535106132,136.203295898437,136.205866907056
1034.1,136.09685512,136.197237725136,136.202319656475,136.202319656475,136.202326141704,136.219375,136.206112805684,136.202758789062,136.205316972941
1034.15,136.09677488,136.196965280632,136.202025917355,136.202025917355,136.202032274012,136.219925,136.206690505236,136.202221679688,136.204767038825
1034.2,136.09669464,136.196692836128,136.201732178236,136.201732178236,136.20173840632,136.220475,136.207268204787,136.201684570312,136.20421710471
1034.25,136.0966144,136.196420391624,136.201438439117,136.201438439117,136.201444538627,136.221025,136.207845904339,136.201147460938,136.203667170594
1034.3,136.09653416,136.19614794712,136.201144699997,136.201144699997,136.201150670935,136.221575,136.208423603891,136.200610351562,136.203117236479
1034.35,136.09645392,136.195875502616,136.200850960878,136.200850960878,136.200856803243,136.222125,136.209001303443,136.200073242188,136.202567302364
1034.4,136.09637368,136.195603058112,136.200557221759,136.200557221759,136.200562935551,136.222675,136.209579002995,136.199536132813,136.202017368248
1034.45,136.09629344,136.195330613608,136.200263482639,136.200263482639,136.200269067858,136.223225,136.210156702547,136.198999023437,136.201467434133
1034.5,136.09621456,136.195058169104,136.19996974352,136.19996974352,136.199975200166,136.223775,136.210734402098,136.198461914063,136.200917500018
1034.55,136.09613432,136.194785724599,136.1996760044,136.1996760044,136.199681332474,136.224325,136.21131210165,136.197924804687,136.200367565902
1034.6,136.09605408,136.194513280095,136.199382265281,136.199382265281,136.199387464781,136.224875,136.211889801202,136.197387695312,136.199817631787
1034.65,136.09597384,136.194240835591,136.199088526162,136.199088526162,136.199093597089,136.225425,136.212467500754,136.196850585938,136.199267697672
1034.7,136.0958936,136.193968391087,136.198794787042,136.198794787042,136.198799729397,136.225975,136.213045200306,136.196313476562,136.198717763556
1034.75,136.09581336,136.193695946583,136.198501047923,136.198501047923,136.198505861705,136.226525,136.213622899858,136.195776367188,136.198167829441
1034.8,136.09573312,136.193423502079,136.198207308804,136.198207308804,136.198211994012,136.227075,136.21420059941,136.195239257812,136.197617895326
1034.85,136.09565288,136.193151057575,136.197913569684,136.197913569684,136.19791812632,136.227625,136.214778298961,136.194702148438,136.19706796121
1034.9,136.095574,136.192878613071,136.197619830565,136.197619830565,136.197624258628,136.228175,136.215355998513,136.194165039063,136.196518027095
1034.95,136.09549376,136.192606168567,136.197326091445,136.197326091445,136.197330390935,136.228725,136.215933698065,136.193627929687,136.195968092979
1035,136.09541352,136.192333724063,136.197032352326,136.197032352326,136.197036523243,136.253025,136.240261397617,136.193090820313,136.195418158864
1035.05,136.09533328,136.192061279559,136.196738613207,136.196738613207,136.196742655551,136.301075,136.288339097169,136.192553710937,136.194868224749
1035.1,136.09525304,136.191788835055,136.196444874087,136.196444874087,136.196448787858,136.349125,136.336416796721,136.192016601562,136.194318290633
1035.15,136.0951728,136.191516390551,136.196151134968,136.196151134968,136.196154920166,136.397175,136.384494496272,136.191479492188,136.193768356518
1035.2,136.09509256,136.191243946047,136.195857395849,136.195857395849,136.195861052474,136.445225,136.432572195824,136.190942382812,136.193218422403
1035.25,136.09501232,136.190971501543,136.195563656729,136.195563656729,136.195567184782,136.493275,136.480649895376,136.190405273438,136.192668488287
1035.3,136.09493208,136.190699057039,136.19526991761,136.19526991761,136.195273317089,136.541325,136.528727594928,136.189868164062,136.192118554172
1035.35,136.0948532,136.190426612535,136.19497617849,136.19497617849,136.194979449397,136.589375,136.57680529448,136.189331054688,136.191568620057
1035.4,136.09477296,136.190154168031,136.194682439371,136.194682439371,136.194685581705,136.637425,136.624882994032,136.188793945313,136.191018685941
1035.45,136.09469272,136.189881723527,136.194388700252,136.194388700252,136.194391714012,136.685475,136.672960693583,136.188256835937,136.190468751826
1035.5,136.09461248,136.189609279023,136.194094961132,136.194094961132,136.19409784632,136.733525,136.721038393135,136.187719726563,136.189918817711
1035.55,136.09453224,136.189336834519,136.193801222013,136.193801222013,136.193803978628,136.781575,136.769116092687,136.187182617187,136.189368883595
1035.6,136.09446968,136.189064390015,136.193507482894,136.193507482894,136.193510110935,136.829625,136.817193792239,136.186645507812,136.18881894948
1035.65,136.09444792,136.188791945511,136.193213743774,136.193213743774,136.193216243243,136.877675,136.865271491791,136.186108398438,136.188269015365
1035.7,136.09444792,136.188519501007,136.192920004655,136.192920004655,136.192922375551,136.925725,136.913349191343,136.185571289062,136.187719081249
1035.75,136.09444792,136.188247056503,136.192626265536,136.192626265536,136.192628507859,136.973775,136.961426890895,136.185034179688,136.187169147134
1035.8,136.09444792,136.187974611999,136.192332526416,136.192332526416,136.192334640166,137.021825,137.009504590446,136.184497070312,136.186619213018
1035.85,136.09444792,136.187702167495,136.192038787297,136.192038787297,136.192040772474,137.069875,137.057582289998,136.183959960938,136.186069278903
1035.9,136.09444792,136.187429722991,136.191745048177,136.191745048177,136.191746904782,137.117925,137.10565998955,136.183422851563,136.185519344788
1035.95,136.09444792,136.187157278487,136.191451309058,136.191451309058,136.191453037089,137.165975,137.153737689102,136.182885742187,136.184969410672
1036,136.09444792,136.186759833983,136.191032569939,136.191032569939,136.191034169397,137.191475,137.179265388654,136.182348632813,136.184419476557
1036.05,136.09444792,136.186237389478,136.190488830819,136.190488830819,136.190490301705,137.194425,137.182243088206,136.181811523437,136.183869542442
1036.1,136.09444792,136.185714944974,136.1899450917,136.1899450917,136.189946434012,137.197375,137.185220787757,136.181274414062,136.183319608326
1036.15,136.09444792,136.18519250047,136.189401352581,136.189401352581,136.18940256632,137.200325,137.188198487309,136.180737304688,136.182769674211
1036.2,136.09444792,136.184670055966,136.188857613461,136.188857613461,136.188858698628,137.203275,137.191176186861,136.180200195312,136.182219740096
1036.25,136.09444792,136.184147611462,136.188313874342,136.188313874342,136.188314830936,137.206225,137.194153886413,136.179663085938,136.18166980598
1036.3,136.09444792,136.183625166958,136.187770135222,136.187770135222,136.187770963243,137.209175,137.197131585965,136.179125976562,136.181119871865
1036.35,136.09444792,136.183102722454,136.187226396103,136.187226396103,136.187227095551,137.212125,137.200109285517,136.178588867188,136.18056993775
1036.4,136.09444792,136.18258027795,136.186682656984,136.186682656984,136.186683227859,137.215075,137.203086985068,136.178051757813,136.180020003634
1036.45,136.09444792,136.182057833446,136.186138917864,136.186138917864,136.186139360166,137.218025,137.20606468462,136.177514648437,136.179470069519
1036.5,136.09444792,136.181535388942,136.185595178745,136.185595178745,136.185595492474,137.220975,137.209042384172,136.176977539063,136.178920135404
1036.55,136.09444792,136.181012944438,136.185051439626,136.185051439626,136.185051624782,137.223925,137.212020083724,136.176440429687,136.178370201288
1036.6,136.09444792,136.180490499934,136.184507700506,136.184507700506,136.184507757089,137.226875,137.214997783276,136.175903320312,136.177820267173
1036.65,136.09444792,136.17996805543,136.183963961387,136.183963961387,136.183963889397,137.229825,137.217975482828,136.175366210938,136.177270333057
1036.7,136.09444792,136.179445610926,136.183420222267,136.183420222267,136.183420021705,137.232775,137.22095318238,136.174829101562,136.176720398942
1036.75,136.09444792,136.178923166422,136.182876483148,136.182876483148,136.182876154013,137.235725,137.223930881931,136.174291992188,136.176170464827
1036.8,136.09444792,136.178400721918,136.182332744029,136.182332744029,136.18233228632,137.238675,137.226908581483,136.173754882812,136.175620530711
1036.85,136.09444792,136.177878277414,136.181789004909,136.181789004909,136.181788418628,137.241625,137.229886281035,136.173217773438,136.175070596596
1036.9,136.09444792,136.17735583291,136.18124526579,136.18124526579,136.181244550936,137.244575,137.232863980587,136.172680664063,136.174520662481
1036.95,136.09444792,136.176833388406,136.180701526671,136.180701526671,136.180700683243,137.247525,137.235841680139,136.172143554687,136.173970728365
1037,136.09444792,136.176310943902,136.180157787551,136.180157787551,136.180156815551,137.249425,137.237769379691,136.171606445313,136.17342079425
1037.05,136.09444792,136.175788499398,136.179614048432,136.179614048432,136.179612947859,137.250275,137.238647079242,136.171069335937,136.172870860135
1037.1,136.09444792,136.175266054894,136.179070309312,136.179070309312,136.179069080166,137.251125,137.239524778794,136.170532226562,136.172320926019
1037.15,136.09444792,136.17474361039,136.178526570193,136.178526570193,136.178525212474,137.251975,137.240402478346,136.169995117188,136.171770991904
1037.2,136.09444792,136.174221165886,136.177982831074,136.177982831074,136.177981344782,137.252825,137.241280177898,136.169458007812,136.171221057789
1037.25,136.09444792,136.173698721382,136.177439091954,136.177439091954,136.17743747709,137.253675,137.24215787745,136.168920898438,136.170671123673
1037.3,136.09444792,136.173176276878,136.176895352835,136.176895352835,136.176893609397,137.254525,137.243035577002,136.168383789062,136.170121189558
1037.35,136.09444792,136.172653832374,136.176351613716,136.176351613716,136.176349741705,137.255375,137.243913276553,136.167846679688,136.169571255442
1037.4,136.09444792,136.17213138787,136.175807874596,136.175807874596,136.175805874013,137.256225,137.244790976105,136.167309570313,136.169021321327
1037.45,136.09444792,136.171608943366,136.175264135477,136.175264135477,136.17526200632,137.257075,137.245668675657,136.166772460937,136.168471387212
1037.5,136.09444792,136.171086498862,136.174720396357,136.174720396357,136.174718138628,137.257925,137.246546375209,136.166235351563,136.167921453096
1037.55,136.09444792,136.170564054358,136.174176657238,136.174176657238,136.174174270936,137.258775,137.247424074761,136.165698242187,136.167371518981
1037.6,136.09444792,136.170041609853,136.173632918119,136.173632918119,136.173630403243,137.259625,137.248301774313,136.165161132812,136.166821584866
1037.65,136.09444792,136.169519165349,136.173089178999,136.173089178999,136.173086535551,137.260475,137.249179473865,136.164624023438,136.16627165075
1037.7,136.09444792,136.168996720845,136.17254543988,136.17254543988,136.172542667859,137.261325,137.250057173416,136.164086914062,136.165721716635
1037.75,136.09444792,136.168474276341,136.172001700761,136.172001700761,136.171998800167,137.262175,137.250934872968,136.163549804688,136.16517178252
1037.8,136.09444792,136.167951831837,136.171457961641,136.171457961641,136.171454932474,137.263025,137.25181257252,136.163012695312,136.164621848404
1037.85,136.09444792,136.167429387333,136.170914222522,136.170914222522,136.170911064782,137.263875,137.252690272072,136.162475585938,136.164071914289
1037.9,136.09444792,136.166906942829,136.170370483403,136.170370483403,136.17036719709,137.264725,137.253567971624,136.161938476563,136.163521980174
1037.95,136.09444792,136.166384498325,136.169826744283,136.169826744283,136.169823329397,137.265575,137.254445671176,136.161401367187,136.162972046058
1038,136.09444792,136.165862053821,136.169283005164,136.169283005164,136.169279461705,137.268625,137.257523370727,136.160864257813,136.162422111943
1038.05,136.09444792,136.165339609317,136.168739266044,136.168739266044,136.168735594013,137.273875,137.262801070279,136.160327148437,136.161872177828
1038.1,136.09444792,136.164817164813,136.168195526925,136.168195526925,136.168191726321,137.279125,137.268078769831,136.159790039062,136.161322243712
1038.15,136.09444792,136.164294720309,136.167651787806,136.167651787806,136.167647858628,137.284375,137.273356469383,136.159252929688,136.160772309597
1038.2,136.09444792,136.163772275805,136.167108048686,136.167108048686,136.167103990936,137.289625,137.278634168935,136.158715820312,136.160222375481
1038.25,136.09444792,136.163249831301,136.166564309567,136.166564309567,136.166560123244,137.294875,137.283911868487,136.158178710938,136.159672441366
1038.3,136.09444792,136.162727386797,136.166020570448,136.166020570448,136.166016255551,137.300125,137.289189568038,136.157641601562,136.159122507251
1038.35,136.09444792,136.162204942293,136.165476831328,136.165476831328,136.165472387859,137.305375,137.29446726759,136.157104492188,136.158572573135
1038.4,136.09444792,136.161682497789,136.164933092209,136.164933092209,136.164928520167,137.310625,137.299744967142,136.156567382813,136.15802263902
1038.45,136.09444792,136.161160053285,136.164389353089,136.164389353089,136.164384652474,137.315875,137.305022666694,136.156030273437,136.157472704905
1038.5,136.09444792,136.160637608781,136.16384561397,136.16384561397,136.163840784782,137.321125,137.310300366246,136.155493164063,136.156922770789
1038.55,136.09444792,136.160115164277,136.163301874851,136.163301874851,136.16329691709,137.326375,137.315578065798,136.154956054687,136.156372836674
1038.6,136.09444792,136.159592719773,136.162758135731,136.162758135731,136.162753049398,137.331625,137.32085576535,136.154418945312,136.155822902559
1038.65,136.09444792,136.159070275269,136.162214396612,136.162214396612,136.162209181705,137.336875,137.326133464901,136.153881835938,136.155272968443
1038.7,136.09444792,136.158547830765,136.161670657493,136.161670657493,136.161665314013,137.342125,137.331411164453,136.153344726562,136.154723034328
1038.75,136.09444792,136.158025386261,136.161126918373,136.161126918373,136.161121446321,137.347375,137.336688864005,136.152807617188,136.154173100213
1038.8,136.09444792,136.157502941757,136.160583179254,136.160583179254,136.160577578628,137.352625,137.341966563557,136.152270507812,136.153623166097
1038.85,136.09444792,136.156980497253,136.160039440134,136.160039440134,136.160033710936,137.357875,137.347244263109,136.151733398438,136.153073231982
1038.9,136.09444792,136.156458052749,136.159495701015,136.159495701015,136.159489843244,137.363125,137.352521962661,136.151196289063,136.152523297866
1038.95,136.09444792,136.155935608245,136.158951961896,136.158951961896,136.158945975551,137.368375,137.357799662212,136.150659179687,136.151973363751
1039,136.09444792,136.155413163741,136.158408222776,136.158408222776,136.158402107859,137.371,137.360452361764,136.150122070313,136.151423429636
1039.05,136.09444792,136.154890719237,136.157864483657,136.157864483657,136.157858240167,137.371,137.360480061316,136.149584960937,136.15087349552
1039.1,136.09444792,136.154368274733,136.157320744538,136.157320744538,136.157314372475,137.371,137.360507760868,136.149047851562,136.150323561405
1039.15,136.09444792,136.153845830228,136.156777005418,136.156777005418,136.156770504782,137.371,137.36053546042,136.148510742188,136.14977362729
1039.2,136.09444792,136.153323385724,136.156233266299,136.156233266299,136.15622663709,137.371,137.360563159972,136.147973632812,136.149223693174
1039.25,136.09444792,136.15280094122,136.155689527179,136.155689527179,136.155682769398,137.371,137.360590859523,136.147436523438,136.148673759059
1039.3,136.09444792,136.152278496716,136.15514578806,136.15514578806,136.155138901705,137.371,137.360618559075,136.146899414062,136.148123824944
1039.35,136.09444792,136.151756052212,136.154602048941,136.154602048941,136.154595034013,137.371,137.360646258627,136.146362304688,136.147573890828
1039.4,136.09444792,136.151233607708,136.154058309821,136.154058309821,136.154051166321,137.371,137.360673958179,136.145825195313,136.147023956713
1039.45,136.09444792,136.150711163204,136.153514570702,136.153514570702,136.153507298628,137.371,137.360701657731,136.145288085937,136.146474022598
1039.5,136.09444792,136.1501887187,136.152970831583,136.152970831583,136.152963430936,137.371,137.360729357283,136.144750976563,136.145924088482
1039.55,136.09444792,136.149666274196,136.152427092463,136.152427092463,136.152419563244,137.371,137.360757056835,136.144213867187,136.145374154367
1039.6,136.09444792,136.149143829692,136.151883353344,136.151883353344,136.151875695552,137.371,137.360784756386,136.143676757812,136.144824220252
1039.65,136.09444792,136.148621385188,136.151339614224,136.151339614224,136.151331827859,137.371,137.360812455938,136.143139648438,136.144274286136
1039.7,136.09444792,136.148098940684,136.150795875105,136.150795875105,136.150787960167,137.371,137.36084015549,136.142602539062,136.143724352021
1039.75,136.09444792,136.14757649618,136.150252135986,136.150252135986,136.150244092475,137.371,137.360867855042,136.142065429688,136.143174417905
1039.8,136.09444792,136.147054051676,136.149708396866,136.149708396866,136.149700224782,137.371,137.360895554594,136.141528320312,136.14262448379
1039.85,136.09444792,136.146531607172,136.149164657747,136.149164657747,136.14915635709,137.371,137.360923254146,136.140991210938,136.142074549675
1039.9,136.09444792,136.146009162668,136.148620918628,136.148620918628,136.148612489398,137.371,137.360950953697,136.140454101563,136.141524615559
1039.95,136.09444792,136.145486718164,136.148077179508,136.148077179508,136.148068621705,137.371,137.360978653249,136.139916992187,136.140974681444
1040,136.09444792,136.14496427366,136.147533440389,136.147533440389,136.147524754013,137.371,137.361006352801,136.139379882813,136.140424747329
1040.05,136.09444792,136.144443502925,136.146993856655,136.146993856655,136.146985089847,137.371,137.361041104444,136.138842773437,136.139873842742
1040.1,136.09444792,136.143922732189,136.146454272921,136.146454272921,136.146445425682,137.371,137.361075856088,136.138305664062,136.139322938155
1040.15,136.09444792,136.143401961454,136.145914689187,136.145914689187,136.145905761516,137.371,137.361110607731,136.137768554688,136.138772033567
1040.2,136.09444792,136.142881190718,136.145375105453,136.145375105453,136.14536609735,137.371,137.361145359374,136.137231445312,136.13822112898
1040.25,136.09444792,136.142360419983,136.144835521718,136.144835521718,136.144826433184,137.371,137.361180111018,136.136694335938,136.137670224393
1040.3,136.09444792,136.141839649248,136.144295937984,136.144295937984,136.144286769018,137.371,137.361214862661,136.136157226562,136.137119319806
1040.35,136.09444792,136.141318878512,136.14375635425,136.14375635425,136.143747104852,137.371,137.361249614304,136.135620117188,136.136568415219
1040.4,136.09444792,136.140798107777,136.143216770516,136.143216770516,136.143207440687,137.371,137.361284365948,136.135083007813,136.136017510632
1040.45,136.09444792,136.140277337041,136.142677186782,136.142677186782,136.142667776521,137.371,137.361319117591,136.134545898437,136.135466606045
1040.5,136.09444792,136.139756566306,136.142137603048,136.142137603048,136.142128112355,137.371,137.361353869234,136.134008789063,136.134915701458
1040.55,136.09444792,136.13923579557,136.141598019314,136.141598019314,136.141588448189,137.371,137.361388620878,136.133471679687,136.134364796871
1040.6,136.09444792,136.138715024835,136.14105843558,136.14105843558,136.141048784023,137.371,137.361423372521,136.132934570312,136.133813892284
1040.65,136.09444792,136.1381942541,136.140518851846,136.140518851846,136.140509119858,137.371,137.361458124164,136.132397460938,136.133262987697
1040.7,136.09444792,136.137673483364,136.139979268112,136.139979268112,136.139969455692,137.371,137.361492875808,136.131860351562,136.13271208311
1040.75,136.09444792,136.137152712629,136.139439684377,136.139439684377,136.139429791526,137.371,137.361527627451,136.131323242188,136.132161178523
1040.8,136.09444792,136.136631941893,136.138900100643,136.138900100643,136.13889012736,137.371,137.361562379094,136.130786132812,136.131610273936
1040.85,136.09444792,136.136111171158,136.138360516909,136.138360516909,136.138350463194,137.371,137.361597130738,136.130249023438,136.131059369348
1040.9,136.09444792,136.135590400423,136.137820933175,136.137820933175,136.137810799029,137.371,137.361631882381,136.129711914063,136.130508464761
1040.95,136.09444792,136.135069629687,136.137281349441,136.137281349441,136.137271134863,137.371,137.361666634024,136.129174804687,136.129957560174
1041,136.09444792,136.134673858952,136.136866765707,136.136866765707,136.136856470697,137.369825,137.360526385668,136.128723144531,136.129492104806
1041.05,136.09444792,136.134403088216,136.136577181973,136.136577181973,136.136566806531,137.367475,137.358211137311,136.128356933594,136.129112098656
1041.1,136.09444792,136.134132317481,136.136287598239,136.136287598239,136.136277142365,137.365125,137.355895888954,136.127990722656,136.128732092507
1041.15,136.09444792,136.133861546746,136.135998014505,136.135998014505,136.135987478199,137.362775,137.353580640598,136.127624511719,136.128352086357
1041.2,136.09444792,136.13359077601,136.135708430771,136.135708430771,136.135697814034,137.360425,137.351265392241,136.127258300781,136.127972080208
1041.25,136.09444792,136.133320005275,136.135418847037,136.135418847037,136.135408149868,137.358075,137.348950143884,136.126892089844,136.127592074058
1041.3,136.09444792,136.133049234539,136.135129263302,136.135129263302,136.135118485702,137.355725,137.346634895528,136.126525878906,136.127212067909
1041.35,136.09444792,136.132778463804,136.134839679568,136.134839679568,136.134828821536,137.353375,137.344319647171,136.126159667969,136.126832061759
1041.4,136.09444792,136.132507693069,136.134550095834,136.134550095834,136.13453915737,137.351025,137.342004398814,136.125793457031,136.126452055609
1041.45,136.09444792,136.132236922333,136.1342605121,136.1342605121,136.134249493205,137.348675,137.339689150458,136.125427246094,136.12607204946
1041.5,136.09444792,136.131966151598,136.133970928366,136.133970928366,136.133959829039,137.346325,137.337373902101,136.125061035156,136.12569204331
1041.55,136.09444792,136.131695380862,136.133681344632,136.133681344632,136.133670164873,137.343975,137.335058653744,136.124694824219,136.125312037161
1041.6,136.09444792,136.131424610127,136.133391760898,136.133391760898,136.133380500707,137.341625,137.332743405388,136.124328613281,136.124932031011
1041.65,136.09444792,136.131153839392,136.133102177164,136.133102177164,136.133090836541,137.339275,137.330428157031,136.123962402344,136.124552024862
1041.7,136.09444792,136.130883068656,136.13281259343,136.13281259343,136.132801172376,137.336925,137.328112908674,136.123596191406,136.124172018712
1041.75,136.09444792,136.130612297921,136.132523009696,136.132523009696,136.13251150821,137.334575,137.325797660318,136.123229980469,136.123792012562
1041.8,136.09444792,136.130341527185,136.132233425962,136.132233425962,136.132221844044,137.332225,137.323482411961,136.122863769531,136.123412006413
1041.85,136.09444792,136.13007075645,136.131943842227,136.131943842227,136.131932179878,137.329875,137.321167163604,136.122497558594,136.123032000263
1041.9,136.09444792,136.129799985715,136.131654258493,136.131654258493,136.131642515712,137.327525,137.318851915248,136.122131347656,136.122651994114
1041.95,136.09444792,136.129529214979,136.131364674759,136.131364674759,136.131352851546,137.325175,137.316536666891,136.121765136719,136.122271987964
1042,136.09444792,136.129258444244,136.131075091025,136.131075091025,136.131063187381,137.324,137.315396418534,136.121398925781,136.121891981815
1042.05,136.09444792,136.128987673508,136.130785507291,136.130785507291,136.130773523215,137.324,137.315431170178,136.121032714844,136.121511975665
1042.1,136.09444792,136.128716902773,136.130495923557,136.130495923557,136.130483859049,137.324,137.315465921821,136.120666503906,136.121131969516
1042.15,136.09444792,136.128446132038,136.130206339823,136.130206339823,136.130194194883,137.324,137.315500673464,136.120300292969,136.120751963366
1042.2,136.09444792,136.128175361302,136.129916756089,136.129916756089,136.129904530717,137.324,137.315535425108,136.119934082031,136.120371957216
1042.25,136.09444792,136.127904590567,136.129627172355,136.129627172355,136.129614866552,137.324,137.315570176751,136.119567871094,136.119991951067
1042.3,136.09444792,136.127633819831,136.129337588621,136.129337588621,136.129325202386,137.324,137.315604928394,136.119201660156,136.119611944917
1042.35,136.09444792,136.127363049096,136.129048004887,136.129048004887,136.12903553822,137.324,137.315639680037,136.118835449219,136.119231938768
1042.4,136.09444792,136.127092278361,136.128758421152,136.128758421152,136.128745874054,137.324,137.315674431681,136.118469238281,136.118851932618
1042.45,136.09444792,136.126821507625,136.128468837418,136.128468837418,136.128456209888,137.324,137.315709183324,136.118103027344,136.118471926469
1042.5,136.09444792,136.12655073689,136.128179253684,136.128179253684,136.128166545723,137.324,137.315743934967,136.117736816406,136.118091920319
1042.55,136.09444792,136.126279966154,136.12788966995,136.12788966995,136.127876881557,137.324,137.315778686611,136.117370605469,136.117711914169
1042.6,136.09444792,136.126009195419,136.127600086216,136.127600086216,136.127587217391,137.324,137.315813438254,136.117004394531,136.11733190802
1042.65,136.09444792,136.125738424684,136.127310502482,136.127310502482,136.127297553225,137.324,137.315848189897,136.116638183594,136.11695190187
1042.7,136.09444792,136.125467653948,136.127020918748,136.127020918748,136.127007889059,137.324,137.315882941541,136.116271972656,136.116571895721
1042.75,136.09444792,136.125196883213,136.126731335014,136.126731335014,136.126718224893,137.324,137.315917693184,136.115905761719,136.116191889571
1042.8,136.09444792,136.124926112477,136.12644175128,136.12644175128,136.126428560728,137.324,137.315952444827,136.115539550781,136.115811883422
1042.85,136.09444792,136.124655341742,136.126152167546,136.126152167546,136.126138896562,137.324,137.315987196471,136.115173339844,136.115431877272
1042.9,136.09444792,136.124384571007,136.125862583811,136.125862583811,136.125849232396,137.324,137.316021948114,136.114807128906,136.115051871122
1042.95,136.09444792,136.124113800271,136.125573000077,136.125573000077,136.12555956823,137.324,137.316056699757,136.114440917969,136.114671864973
1043,136.09444792,136.123843029536,136.125283416343,136.125283416343,136.125269904064,137.324,137.316091451401,136.114074707031,136.114291858823
1043.05,136.09444792,136.1235722588,136.124993832609,136.124993832609,136.124980239899,137.324,137.316126203044,136.113708496094,136.113911852674
1043.1,136.09444792,136.123301488065,136.124704248875,136.124704248875,136.124690575733,137.324,137.316160954687,136.113342285156,136.113531846524
1043.15,136.09444792,136.12303071733,136.124414665141,136.124414665141,136.124400911567,137.324,137.316195706331,136.112976074219,136.113151840375
1043.2,136.09444792,136.122759946594,136.124125081407,136.124125081407,136.124111247401,137.324,137.316230457974,136.112609863281,136.112771834225
1043.25,136.09444792,136.122489175859,136.123835497673,136.123835497673,136.123821583235,137.324,137.316265209617,136.112243652344,136.112391828075
1043.3,136.09444792,136.122218405123,136.123545913939,136.123545913939,136.12353191907,137.324,137.316299961261,136.111877441406,136.112011821926
1043.35,136.09444792,136.121947634388,136.123256330205,136.123256330205,136.123242254904,137.324,137.316334712904,136.111511230469,136.111631815776
1043.4,136.09444792,136.121676863653,136.122966746471,136.122966746471,136.122952590738,137.324,137.316369464547,136.111145019531,136.111251809627
1043.45,136.09444792,136.121406092917,136.122677162736,136.122677162736,136.122662926572,137.324,137.316404216191,136.110778808594,136.110871803477
1043.5,136.09444792,136.121135322182,136.122387579002,136.122387579002,136.122373262406,137.324,137.316438967834,136.110412597656,136.110491797328
1043.55,136.09444792,136.120864551446,136.122097995268,136.122097995268,136.12208359824,137.324,137.316473719477,136.110046386719,136.110111791178
1043.6,136.09444792,136.120593780711,136.121808411534,136.121808411534,136.121793934075,137.324,137.316508471121,136.109680175781,136.109731785028
1043.65,136.09444792,136.120323009976,136.1215188278,136.1215188278,136.121504269909,137.324,137.316543222764,136.109313964844,136.109351778879
1043.7,136.09444792,136.12005223924,136.121229244066,136.121229244066,136.121214605743,137.324,137.316577974407,136.108947753906,136.108971772729
1043.75,136.09444792,136.119781468505,136.120939660332,136.120939660332,136.120924941577,137.324,137.316612726051,136.108581542969,136.10859176658
1043.8,136.09444792,136.119510697769,136.120650076598,136.120650076598,136.120635277411,137.324,137.316647477694,136.108215332031,136.10821176043
1043.85,136.09444792,136.119239927034,136.120360492864,136.120360492864,136.120345613246,137.324,137.316682229337,136.107849121094,136.107831754281
1043.9,136.09444792,136.118969156299,136.12007090913,136.12007090913,136.12005594908,137.324,137.316716980981,136.107482910156,136.107451748131
1043.95,136.09444792,136.118698385563,136.119781325396,136.119781325396,136.119766284914,137.324,137.316751732624,136.107116699219,136.107071741981
1044,136.09444792,136.118427614828,136.119491741661,136.119491741661,136.119476620748,137.324,137.316786484267,136.106750488281,136.106691735832
1044.05,136.09444792,136.118156844092,136.119202157927,136.119202157927,136.119186956582,137.324,137.316821235911,136.106384277344,136.106311729682
1044.1,136.09444792,136.117886073357,136.118912574193,136.118912574193,136.118897292417,137.324,137.316855987554,136.106018066406,136.105931723533
1044.15,136.09444792,136.117615302621,136.118622990459,136.118622990459,136.118607628251,137.324,137.316890739197,136.105651855469,136.105551717383
1044.2,136.09444792,136.117344531886,136.118333406725,136.118333406725,136.118317964085,137.324,137.316925490841,136.105285644531,136.105171711234
1044.25,136.09444792,136.117073761151,136.118043822991,136.118043822991,136.118028299919,137.324,137.316960242484,136.104919433594,136.104791705084
1044.3,136.09444792,136.116802990415,136.117754239257,136.117754239257,136.117738635753,137.324,137.316994994127,136.104553222656,136.104411698934
1044.35,136.09444792,136.11653221968,136.117464655523,136.117464655523,136.117448971587,137.324,137.317029745771,136.104187011719,136.104031692785
1044.4,136.09444792,136.116261448944,136.117175071789,136.117175071789,136.117159307422,137.324,137.317064497414,136.103820800781,136.103651686635
1044.45,136.09444792,136.115990678209,136.116885488055,136.116885488055,136.116869643256,137.324,137.317099249057,136.103454589844,136.103271680486
1044.5,136.09444792,136.115719907474,136.116595904321,136.116595904321,136.11657997909,137.324,137.317134000701,136.103088378906,136.102891674336
1044.55,136.09444792,136.115449136738,136.116306320586,136.116306320586,136.116290314924,137.324,137.317168752344,136.102722167969,136.102511668187
1044.6,136.09444792,136.115178366003,136.116016736852,136.116016736852,136.116000650758,137.324,137.317203503987,136.102355957031,136.102131662037
1044.65,136.09444792,136.114907595267,136.115727153118,136.115727153118,136.115710986593,137.324,137.317238255631,136.101989746094,136.101751655887
1044.7,136.09444792,136.114636824532,136.115437569384,136.115437569384,136.115421322427,137.324,137.317273007274,136.101623535156,136.101371649738
1044.75,136.09444792,136.114366053797,136.11514798565,136.11514798565,136.115131658261,137.324,137.317307758917,136.101257324219,136.100991643588
1044.8,136.09444792,136.114095283061,136.114858401916,136.114858401916,136.114841994095,137.324,137.317342510561,136.100891113281,136.100611637439
1044.85,136.09444792,136.113824512326,136.114568818182,136.114568818182,136.114552329929,137.324,137.317377262204,136.100524902344,136.100231631289
1044.9,136.09444792,136.11355374159,136.114279234448,136.114279234448,136.114262665764,137.324,137.317412013847,136.100158691406,136.09985162514
1044.95,136.09444792,136.113282970855,136.113989650714,136.113989650714,136.113973001598,137.324,137.317446765491,136.099792480469,136.09947161899
1045,136.09444792,136.11288720012,136.11357506698,136.11357506698,136.113558337432,137.324,137.317481517134,136.099426269531,136.09909161284
1045.05,136.09444792,136.112366429384,136.113035483245,136.113035483245,136.113018673266,137.324,137.317516268777,136.099060058594,136.098711606691
1045.1,136.09444792,136.111845658649,136.112495899511,136.112495899511,136.1124790091,137.324,137.31755102042,136.098693847656,136.098331600541
1045.15,136.09444792,136.111324887913,136.111956315777,136.111956315777,136.111939344934,137.324,137.317585772064,136.098327636719,136.097951594392
1045.2,136.09444792,136.110804117178,136.111416732043,136.111416732043,136.111399680769,137.324,137.317620523707,136.097961425781,136.097571588242
1045.25,136.09444792,136.110283346443,136.110877148309,136.110877148309,136.110860016603,137.324,137.31765527535,136.097595214844,136.097191582093
1045.3,136.09444792,136.109762575707,136.110337564575,136.110337564575,136.110320352437,137.324,137.317690026994,136.097229003906,136.096811575943
1045.35,136.09444792,136.109241804972,136.109797980841,136.109797980841,136.109780688271,137.324,137.317724778637,136.096862792969,136.096431569793
1045.4,136.09444792,136.108721034236,136.109258397107,136.109258397107,136.109241024105,137.324,137.31775953028,136.096496582031,136.096051563644
1045.45,136.09444792,136.108200263501,136.108718813373,136.108718813373,136.10870135994,137.324,137.317794281924,136.096130371094,136.095671557494
1045.5,136.09444792,136.107679492766,136.108179229639,136.108179229639,136.108161695774,137.324,137.317829033567,136.095764160156,136.095291551345
1045.55,136.09444792,136.10715872203,136.107639645905,136.107639645905,136.107622031608,137.324,137.31786378521,136.095397949219,136.094911545195
1045.6,136.09444792,136.106637951295,136.10710006217,136.10710006217,136.107082367442,137.324,137.317898536854,136.095031738281,136.094531539046
1045.65,136.09444792,136.106117180559,136.106560478436,136.106560478436,136.106542703276,137.324,137.317933288497,136.094665527344,136.094151532896
1045.7,136.09444792,136.105596409824,136.106020894702,136.106020894702,136.106003039111,137.324,137.31796804014,136.094299316406,136.093771526747
1045.75,136.09444792,136.105075639089,136.105481310968,136.105481310968,136.105463374945,137.324,137.318002791784,136.093933105469,136.093391520597
1045.8,136.09444792,136.104554868353,136.104941727234,136.104941727234,136.104923710779,137.324,137.318037543427,136.093566894531,136.093011514447
1045.85,136.09444792,136.104034097618,136.1044021435,136.1044021435,136.104384046613,137.324,137.31807229507,136.093200683594,136.092631508298
1045.9,136.09444792,136.103513326882,136.103862559766,136.103862559766,136.103844382447,137.324,137.318107046714,136.092834472656,136.092251502148
1045.95,136.09444792,136.102992556147,136.103322976032,136.103322976032,136.103304718281,137.324,137.318141798357,136.092468261719,136.091871495999
1046,136.09444792,136.102471785412,136.102783392298,136.102783392298,136.102765054116,137.323875,137.31805155,136.092102050781,136.091491489849
1046.05,136.09444792,136.101951014676,136.102243808564,136.102243808564,136.10222538995,137.323625,137.317836301644,136.091735839844,136.0911114837
1046.1,136.09444792,136.101430243941,136.10170422483,136.10170422483,136.101685725784,137.323375,137.317621053287,136.091369628906,136.09073147755
1046.15,136.09444792,136.100909473205,136.101164641095,136.101164641095,136.101146061618,137.323125,137.31740580493,136.091003417969,136.0903514714
1046.2,136.09444792,136.10038870247,136.100625057361,136.100625057361,136.100606397452,137.322875,137.317190556574,136.090637207031,136.089971465251
1046.25,136.09444792,136.099867931735,136.100085473627,136.100085473627,136.100066733287,137.322625,137.316975308217,136.090270996094,136.089591459101
1046.3,136.09444792,136.099347160999,136.099545889893,136.099545889893,136.099527069121,137.322375,137.31676005986,136.089904785156,136.089211452952
1046.35,136.09444792,136.098826390264,136.099006306159,136.099006306159,136.098987404955,137.322125,137.316544811504,136.089538574219,136.088831446802
1046.4,136.09444792,136.098305619528,136.098466722425,136.098466722425,136.098447740789,137.321875,137.316329563147,136.089172363281,136.088451440653
1046.45,136.09444792,136.097784848793,136.097927138691,136.097927138691,136.097908076623,137.321625,137.31611431479,136.088806152344,136.088071434503
1046.5,136.09444792,136.097264078058,136.097387554957,136.097387554957,136.097368412458,137.321375,137.315899066434,136.088439941406,136.087691428353
1046.55,136.09444792,136.096743307322,136.096847971223,136.096847971223,136.096828748292,137.321125,137.315683818077,136.088073730469,136.087311422204
1046.6,136.09444792,136.096222536587,136.096308387489,136.096308387489,136.096289084126,137.320875,137.31546856972,136.087707519531,136.086931416054
1046.65,136.09444792,136.095701765851,136.095768803755,136.095768803755,136.09574941996,137.320625,137.315253321364,136.087341308594,136.086551409905
1046.7,136.09444792,136.095180995116,136.09522922002,136.09522922002,136.095209755794,137.320375,137.315038073007,136.086975097656,136.086171403755
1046.75,136.09444792,136.094660224381,136.094689636286,136.094689636286,136.094670091628,137.320125,137.31482282465,136.086608886719,136.085791397606
1046.8,136.09444792,136.094139453645,136.094150052552,136.094150052552,136.094130427463,137.319875,137.314607576294,136.086242675781,136.085411391456
1046.85,136.09444792,136.09361868291,136.093610468818,136.093610468818,136.093590763297,137.319625,137.314392327937,136.085876464844,136.085031385306
1046.9,136.09444792,136.093097912174,136.093070885084,136.093070885084,136.093051099131,137.319375,137.31417707958,136.085510253906,136.084651379157
1046.95,136.09444792,136.092577141439,136.09253130135,136.09253130135,136.092511434965,137.319125,137.313961831224,136.085144042969,136.084271373007
1047,136.09444792,136.092181370704,136.092116717616,136.092116717616,136.092096770799,137.28635,137.281221582867,136.084777832031,136.083891366858
1047.05,136.09444792,136.091910599968,136.091827133882,136.091827133882,136.091807106634,137.22105,137.21595633451,136.084411621094,136.083511360708
1047.1,136.09444792,136.091639829233,136.091537550148,136.091537550148,136.091517442468,137.15575,137.150691086154,136.084045410156,136.083131354559
1047.15,136.09444792,136.091369058497,136.091247966414,136.091247966414,136.091227778302,137.09045,137.085425837797,136.083679199219,136.082751348409
1047.2,136.09444792,136.091098287762,136.09095838268,136.09095838268,136.090938114136,137.02515,137.02016058944,136.083312988281,136.082371342259
1047.25,136.09444792,136.090827517026,136.090668798945,136.090668798945,136.09064844997,136.95985,136.954895341084,136.082946777344,136.08199133611
1047.3,136.09444792,136.090556746291,136.090379215211,136.090379215211,136.090358785805,136.89455,136.889630092727,136.082580566406,136.08161132996
1047.35,136.09444792,136.090285975556,136.090089631477,136.090089631477,136.090069121639,136.82925,136.82436484437,136.082214355469,136.081231323811
1047.4,136.09444792,136.09001520482,136.089800047743,136.089800047743,136.089779457473,136.76395,136.759099596014,136.081848144531,136.080851317661
1047.45,136.09444792,136.089744434085,136.089510464009,136.089510464009,136.089489793307,136.69865,136.693834347657,136.081481933594,136.080471311512
1047.5,136.09444792,136.089473663349,136.089220880275,136.089220880275,136.089200129141,136.63335,136.6285690993,136.081115722656,136.080091305362
1047.55,136.09444792,136.089202892614,136.088931296541,136.088931296541,136.088910464975,136.56805,136.563303850943,136.080749511719,136.079711299212
1047.6,136.09444792,136.088932121879,136.088641712807,136.088641712807,136.08862080081,136.50275,136.498038602587,136.080383300781,136.079331293063
1047.65,136.09444792,136.088661351143,136.088352129073,136.088352129073,136.088331136644,136.43745,136.43277335423,136.080017089844,136.078951286913
1047.7,136.09444792,136.088390580408,136.088062545339,136.088062545339,136.088041472478,136.37215,136.367508105874,136.079650878906,136.078571280764
1047.75,136.09444792,136.088119809672,136.087772961604,136.087772961604,136.087751808312,136.30685,136.302242857517,136.079284667969,136.078191274614
1047.8,136.09444792,136.087849038937,136.08748337787,136.08748337787,136.087462144146,136.24155,136.23697760916,136.078918457031,136.077811268465
1047.85,136.09444792,136.087578268202,136.087193794136,136.087193794136,136.087172479981,136.17625,136.171712360803,136.078552246094,136.077431262315
1047.9,136.09444792,136.087307497466,136.086904210402,136.086904210402,136.086882815815,136.11095,136.106447112447,136.078186035156,136.077051256165
1047.95,136.09444792,136.087036726731,136.086614626668,136.086614626668,136.086593151649,136.04565,136.04118186409,136.077819824219,136.076671250016
1048,136.09444792,136.086765955995,136.086325042934,136.086325042934,136.086303487483,136.013,136.008566615733,136.077453613281,136.076291243866
1048.05,136.09444792,136.08649518526,136.0860354592,136.0860354592,136.086013823317,136.013,136.008601367377,136.077087402344,136.075911237717
1048.1,136.09444792,136.086224414525,136.085745875466,136.085745875466,136.085724159152,136.013,136.00863611902,136.076721191406,136.075531231567
1048.15,136.09444792,136.085953643789,136.085456291732,136.085456291732,136.085434494986,136.013,136.008670870663,136.076354980469,136.075151225418
1048.2,136.09444792,136.085682873054,136.085166707998,136.085166707998,136.08514483082,136.013,136.008705622307,136.075988769531,136.074771219268
1048.25,136.09444792,136.085412102318,136.084877124264,136.084877124264,136.084855166654,136.013,136.00874037395,136.075622558594,136.074391213118
1048.3,136.09444792,136.085141331583,136.084587540529,136.084587540529,136.084565502488,136.013,136.008775125593,136.075256347656,136.074011206969
1048.35,136.09444792,136.084870560848,136.084297956795,136.084297956795,136.084275838322,136.013,136.008809877237,136.074890136719,136.073631200819
1048.4,136.09444792,136.084599790112,136.084008373061,136.084008373061,136.083986174157,136.013,136.00884462888,136.074523925781,136.07325119467
1048.45,136.09444792,136.084329019377,136.083718789327,136.083718789327,136.083696509991,136.013,136.008879380523,136.074157714844,136.07287118852
1048.5,136.09444792,136.084058248641,136.083429205593,136.083429205593,136.083406845825,136.013,136.008914132167,136.073791503906,136.072491182371
1048.55,136.09444792,136.083787477906,136.083139621859,136.083139621859,136.083117181659,136.013,136.00894888381,136.073425292969,136.072111176221
1048.6,136.09444792,136.083516707171,136.082850038125,136.082850038125,136.082827517493,136.013,136.008983635453,136.073059082031,136.071731170071
1048.65,136.09444792,136.083245936435,136.082560454391,136.082560454391,136.082537853328,136.013,136.009018387097,136.072692871094,136.071351163922
1048.7,136.09444792,136.0829751657,136.082270870657,136.082270870657,136.082248189162,136.013,136.00905313874,136.072326660156,136.070971157772
1048.75,136.09444792,136.082704394964,136.081981286923,136.081981286923,136.081958524996,136.013,136.009087890383,136.071960449219,136.070591151623
1048.8,136.09444792,136.082433624229,136.081691703189,136.081691703189,136.08166886083,136.013,136.009122642027,136.071594238281,136.070211145473
1048.85,136.09444792,136.082162853494,136.081402119454,136.081402119454,136.081379196664,136.013,136.00915739367,136.071228027344,136.069831139324
1048.9,136.09444792,136.081892082758,136.08111253572,136.08111253572,136.081089532498,136.013,136.009192145313,136.070861816406,136.069451133174
1048.95,136.09444792,136.081621312023,136.080822951986,136.080822951986,136.080799868333,136.013,136.009226896957,136.070495605469,136.069071127024
1049,136.09444792,136.081350541287,136.080533368252,136.080533368252,136.080510204167,136.013,136.0092616486,136.070336914062,136.068898640406
1049.05,136.09444792,136.081079770552,136.080243784518,136.080243784518,136.080220540001,136.013,136.009296400243,136.070385742188,136.068933673319
1049.1,136.09444792,136.080808999817,136.079954200784,136.079954200784,136.079930875835,136.013,136.009331151887,136.070434570312,136.068968706232
1049.15,136.09444792,136.080538229081,136.07966461705,136.07966461705,136.079641211669,136.013,136.00936590353,136.070483398437,136.069003739145
1049.2,136.09444792,136.080267458346,136.079375033316,136.079375033316,136.079351547504,136.013,136.009400655173,136.070532226563,136.069038772058
1049.25,136.09444792,136.07999668761,136.079085449582,136.079085449582,136.079061883338,136.013,136.009435406817,136.070581054687,136.069073804971
1049.3,136.09444792,136.079725916875,136.078795865848,136.078795865848,136.078772219172,136.013,136.00947015846,136.070629882813,136.069108837884
1049.35,136.09444792,136.07945514614,136.078506282113,136.078506282113,136.078482555006,136.013,136.009504910103,136.070678710938,136.069143870797
1049.4,136.09444792,136.079184375404,136.078216698379,136.078216698379,136.07819289084,136.013,136.009539661747,136.070727539062,136.06917890371
1049.45,136.09444792,136.078913604669,136.077927114645,136.077927114645,136.077903226675,136.013,136.00957441339,136.070776367188,136.069213936623
1049.5,136.09444792,136.078642833933,136.077637530911,136.077637530911,136.077613562509,136.013,136.009609165033,136.070825195312,136.069248969535
1049.55,136.09444792,136.078372063198,136.077347947177,136.077347947177,136.077323898343,136.013,136.009643916677,136.070874023438,136.069284002448
1049.6,136.09444792,136.078101292463,136.077058363443,136.077058363443,136.077034234177,136.013,136.00967866832,136.070922851562,136.069319035361
1049.65,136.09444792,136.077830521727,136.076768779709,136.076768779709,136.076744570011,136.013,136.009713419963,136.070971679687,136.069354068274
1049.7,136.09444792,136.077559750992,136.076479195975,136.076479195975,136.076454905845,136.013,136.009748171607,136.071020507813,136.069389101187
1049.75,136.09444792,136.077288980256,136.076189612241,136.076189612241,136.07616524168,136.013,136.00978292325,136.071069335937,136.0694241341
1049.8,136.09444792,136.077018209521,136.075900028507,136.075900028507,136.075875577514,136.013,136.009817674893,136.071118164063,136.069459167013
1049.85,136.09444792,136.076747438786,136.075610444773,136.075610444773,136.075585913348,136.013,136.009852426537,136.071166992188,136.069494199926
1049.9,136.09444792,136.07647666805,136.075320861038,136.075320861038,136.075296249182,136.013,136.00988717818,136.071215820312,136.069529232839
1049.95,136.09444792,136.076205897315,136.075031277304,136.075031277304,136.075006585016,136.013,136.009921929823,136.071264648438,136.069564265752
1050,136.09444792,136.075935126579,136.07474169357,136.07474169357,136.074716920851,136.013075,136.010031681467,136.071313476562,136.069599298665
1050.05,136.09444792,136.07567820572,136.074470983007,136.074470983007,136.07444619959,136.013225,136.010205877679,136.071362304688,136.069641094722
1050.1,136.09444792,136.07542128486,136.074200272444,136.074200272444,136.07417547833,136.013375,136.010380073891,136.071411132812,136.06968289078
1050.15,136.09444792,136.075164364001,136.073929561881,136.073929561881,136.073904757069,136.013525,136.010554270103,136.071459960937,136.069724686838
1050.2,136.09444792,136.074907443141,136.073658851318,136.073658851318,136.073634035809,136.013675,136.010728466315,136.071508789063,136.069766482895
1050.25,136.09444792,136.074650522281,136.073388140755,136.073388140755,136.073363314548,136.013825,136.010902662527,136.071557617187,136.069808278953
1050.3,136.09444792,136.074393601422,136.073117430192,136.073117430192,136.073092593288,136.013975,136.011076858739,136.071606445313,136.069850075011
1050.35,136.09444792,136.074136680562,136.072846719629,136.072846719629,136.072821872027,136.014125,136.011251054951,136.071655273438,136.069891871069
1050.4,136.09444792,136.073879759703,136.072576009066,136.072576009066,136.072551150767,136.014275,136.011425251163,136.071704101562,136.069933667126
1050.45,136.09444792,136.073622838843,136.072305298503,136.072305298503,136.072280429506,136.014425,136.011599447375,136.071752929688,136.069975463184
1050.5,136.09444792,136.073365917983,136.07203458794,136.07203458794,136.072009708246,136.014575,136.011773643587,136.071801757812,136.070017259242
1050.55,136.09444792,136.073108997124,136.071763877376,136.071763877376,136.071738986985,136.014725,136.011947839799,136.071850585938,136.070059055299
1050.6,136.09444792,136.072852076264,136.071493166813,136.071493166813,136.071468265725,136.014875,136.012122036011,136.071899414062,136.070100851357
1050.65,136.09444792,136.072595155405,136.07122245625,136.07122245625,136.071197544464,136.015025,136.012296232223,136.071948242187,136.070142647415
1050.7,136.09444792,136.072338234545,136.070951745687,136.070951745687,136.070926823204,136.015175,136.012470428435,136.071997070313,136.070184443472
1050.75,136.09444792,136.072081313686,136.070681035124,136.070681035124,136.070656101943,136.015325,136.012644624647,136.072045898437,136.07022623953
1050.8,136.09444792,136.071824392826,136.070410324561,136.070410324561,136.070385380683,136.015475,136.012818820859,136.072094726563,136.070268035588
1050.85,136.09444792,136.071567471966,136.070139613998,136.070139613998,136.070114659423,136.015625,136.012993017071,136.072143554688,136.070309831645
1050.9,136.09444792,136.071310551107,136.069868903435,136.069868903435,136.069843938162,136.015775,136.013167213284,136.072192382812,136.070351627703
1050.95,136.09444792,136.071053630247,136.069598192872,136.069598192872,136.069573216902,136.015925,136.013341409496,136.072241210938,136.070393423761
1051,136.09444792,136.070921709388,136.069452482309,136.069452482309,136.069427495641,136.016175,136.013615605708,136.072290039062,136.070435219818
1051.05,136.09444792,136.070914788528,136.069431771746,136.069431771746,136.069406774381,136.016525,136.01398980192,136.072338867188,136.070477015876
1051.1,136.09444792,136.070907867668,136.069411061183,136.069411061183,136.06938605312,136.016875,136.014363998132,136.072387695312,136.070518811934
1051.15,136.09444792,136.070900946809,136.06939035062,136.06939035062,136.06936533186,136.017225,136.014738194344,136.072436523437,136.070560607991
1051.2,136.09444792,136.070894025949,136.069369640057,136.069369640057,136.069344610599,136.017575,136.015112390556,136.072485351563,136.070602404049
1051.25,136.09444792,136.07088710509,136.069348929493,136.069348929493,136.069323889339,136.017925,136.015486586768,136.072534179687,136.070644200107
1051.3,136.09444792,136.07088018423,136.06932821893,136.06932821893,136.069303168078,136.018275,136.01586078298,136.072583007813,136.070685996164
1051.35,136.09444792,136.07087326337,136.069307508367,136.069307508367,136.069282446818,136.018625,136.016234979192,136.072631835938,136.070727792222
1051.4,136.09444792,136.070866342511,136.069286797804,136.069286797804,136.069261725557,136.018975,136.016609175404,136.072680664062,136.07076958828
1051.45,136.09444792,136.070859421651,136.069266087241,136.069266087241,136.069241004297,136.019325,136.016983371616,136.072729492188,136.070811384337
1051.5,136.09444792,136.070852500792,136.069245376678,136.069245376678,136.069220283036,136.019675,136.017357567828,136.072778320312,136.070853180395
1051.55,136.09444792,136.070845579932,136.069224666115,136.069224666115,136.069199561776,136.020025,136.01773176404,136.072827148438,136.070894976453
1051.6,136.09444792,136.070838659073,136.069203955552,136.069203955552,136.069178840515,136.020375,136.018105960252,136.072875976562,136.07093677251
1051.65,136.09444792,136.070831738213,136.069183244989,136.069183244989,136.069158119255,136.020725,136.018480156464,136.072924804687,136.070978568568
1051.7,136.09444792,136.070824817353,136.069162534426,136.069162534426,136.069137397994,136.021075,136.018854352676,136.072973632813,136.071020364626
1051.75,136.09444792,136.070817896494,136.069141823863,136.069141823863,136.069116676734,136.021425,136.019228548888,136.073022460937,136.071062160684
1051.8,136.09444792,136.070810975634,136.0691211133,136.0691211133,136.069095955474,136.021775,136.0196027451,136.073071289063,136.071103956741
1051.85,136.09444792,136.070804054775,136.069100402737,136.069100402737,136.069075234213,136.022125,136.019976941313,136.073120117188,136.071145752799
1051.9,136.09444792,136.070797133915,136.069079692174,136.069079692174,136.069054512953,136.022475,136.020351137525,136.073168945312,136.071187548857
1051.95,136.09444792,136.070790213055,136.06905898161,136.06905898161,136.069033791692,136.022825,136.020725333737,136.073217773438,136.071229344914
1052,136.09444792,136.070783292196,136.069038271047,136.069038271047,136.069013070432,136.023475,136.021399529949,136.073266601562,136.071271140972
1052.05,136.09444792,136.070776371336,136.069017560484,136.069017560484,136.068992349171,136.024425,136.022373726161,136.073315429688,136.07131293703
1052.1,136.09444792,136.070769450477,136.068996849921,136.068996849921,136.068971627911,136.025375,136.023347922373,136.073364257812,136.071354733087
1052.15,136.09444792,136.070762529617,136.068976139358,136.068976139358,136.06895090665,136.026325,136.024322118585,136.073413085937,136.071396529145
1052.2,136.09444792,136.070755608757,136.068955428795,136.068955428795,136.06893018539,136.027275,136.025296314797,136.073461914063,136.071438325203
1052.25,136.09444792,136.070748687898,136.068934718232,136.068934718232,136.068909464129,136.028225,136.026270511009,136.073510742187,136.07148012126
1052.3,136.09444792,136.070741767038,136.068914007669,136.068914007669,136.068888742869,136.029175,136.027244707221,136.073559570313,136.071521917318
1052.35,136.09444792,136.070734846179,136.068893297106,136.068893297106,136.068868021608,136.030125,136.028218903433,136.073608398438,136.071563713376
1052.4,136.09444792,136.070727925319,136.068872586543,136.068872586543,136.068847300348,136.031075,136.029193099645,136.073657226562,136.071605509433
1052.45,136.09444792,136.07072100446,136.06885187598,136.06885187598,136.068826579087,136.032025,136.030167295857,136.073706054688,136.071647305491
1052.5,136.09444792,136.0707140836,136.068831165417,136.068831165417,136.068805857827,136.032975,136.031141492069,136.073754882812,136.071689101549
1052.55,136.09444792,136.07070716274,136.068810454854,136.068810454854,136.068785136566,136.033925,136.032115688281,136.073803710938,136.071730897606
1052.6,136.09444792,136.070700241881,136.068789744291,136.068789744291,136.068764415306,136.034875,136.033089884493,136.073852539062,136.071772693664
1052.65,136.09444792,136.070693321021,136.068769033727,136.068769033727,136.068743694045,136.035825,136.034064080705,136.073901367187,136.071814489722
1052.7,136.09444792,136.070686400162,136.068748323164,136.068748323164,136.068722972785,136.036775,136.035038276917,136.073950195313,136.071856285779
1052.75,136.09444792,136.070679479302,136.068727612601,136.068727612601,136.068702251524,136.037725,136.036012473129,136.073999023437,136.071898081837
1052.8,136.09444792,136.070672558442,136.068706902038,136.068706902038,136.068681530264,136.038675,136.036986669341,136.074047851563,136.071939877895
1052.85,136.09444792,136.070665637583,136.068686191475,136.068686191475,136.068660809004,136.039625,136.037960865554,136.074096679688,136.071981673952
1052.9,136.09444792,136.070658716723,136.068665480912,136.068665480912,136.068640087743,136.040575,136.038935061766,136.074145507812,136.07202347001
1052.95,136.09444792,136.070651795864,136.068644770349,136.068644770349,136.068619366483,136.041525,136.039909257978,136.074194335938,136.072065266068
1053,136.09444792,136.070644875004,136.068624059786,136.068624059786,136.068598645222,136.042925,136.04133345419,136.074243164062,136.072107062125
1053.05,136.09444792,136.070637954144,136.068603349223,136.068603349223,136.068577923962,136.044775,136.043207650402,136.074291992188,136.072148858183
1053.1,136.09444792,136.070631033285,136.06858263866,136.06858263866,136.068557202701,136.046625,136.045081846614,136.074340820312,136.072190654241
1053.15,136.09444792,136.070624112425,136.068561928097,136.068561928097,136.068536481441,136.048475,136.046956042826,136.074389648437,136.072232450298
1053.2,136.09444792,136.070617191566,136.068541217534,136.068541217534,136.06851576018,136.050325,136.048830239038,136.074438476563,136.072274246356
1053.25,136.09444792,136.070610270706,136.068520506971,136.068520506971,136.06849503892,136.052175,136.05070443525,136.074487304687,136.072316042414
1053.3,136.09444792,136.070603349847,136.068499796408,136.068499796408,136.068474317659,136.054025,136.052578631462,136.074536132813,136.072357838472
1053.35,136.09444792,136.070596428987,136.068479085844,136.068479085844,136.068453596399,136.055875,136.054452827674,136.074584960938,136.072399634529
1053.4,136.09444792,136.070589508127,136.068458375281,136.068458375281,136.068432875138,136.057725,136.056327023886,136.074633789062,136.072441430587
1053.45,136.09444792,136.070582587268,136.068437664718,136.068437664718,136.068412153878,136.059575,136.058201220098,136.074682617188,136.072483226645
1053.5,136.09444792,136.070575666408,136.068416954155,136.068416954155,136.068391432617,136.061425,136.06007541631,136.074731445312,136.072525022702
1053.55,136.09444792,136.070568745549,136.068396243592,136.068396243592,136.068370711357,136.063275,136.061949612522,136.074780273438,136.07256681876
1053.6,136.09444792,136.070561824689,136.068375533029,136.068375533029,136.068349990096,136.065125,136.063823808734,136.074829101562,136.072608614818
1053.65,136.09444792,136.070554903829,136.068354822466,136.068354822466,136.068329268836,136.066975,136.065698004946,136.074877929687,136.072650410875
1053.7,136.09444792,136.07054798297,136.068334111903,136.068334111903,136.068308547575,136.068825,136.067572201158,136.074926757813,136.072692206933
1053.75,136.09444792,136.07054106211,136.06831340134,136.06831340134,136.068287826315,136.070675,136.06944639737,136.074975585937,136.072734002991
1053.8,136.09444792,136.070534141251,136.068292690777,136.068292690777,136.068267105054,136.072525,136.071320593583,136.075024414063,136.072775799048
1053.85,136.09444792,136.070527220391,136.068271980214,136.068271980214,136.068246383794,136.074375,136.073194789795,136.075073242188,136.072817595106
1053.9,136.09444792,136.070520299531,136.068251269651,136.068251269651,136.068225662534,136.076225,136.075068986007,136.075122070312,136.072859391164
1053.95,136.09444792,136.070513378672,136.068230559088,136.068230559088,136.068204941273,136.078075,136.076943182219,136.075170898438,136.072901187221
1054,136.09444792,136.070506457812,136.068209848524,136.068209848524,136.068184220013,136.079975,136.078867378431,136.075219726562,136.072942983279
1054.05,136.09444792,136.070499536953,136.068189137961,136.068189137961,136.068163498752,136.081925,136.080841574643,136.075268554688,136.072984779337
1054.1,136.09444792,136.070492616093,136.068168427398,136.068168427398,136.068142777492,136.083875,136.082815770855,136.075317382812,136.073026575394
1054.15,136.09444792,136.070485695234,136.068147716835,136.068147716835,136.068122056231,136.085825,136.084789967067,136.075366210937,136.073068371452
1054.2,136.09444792,136.070478774374,136.068127006272,136.068127006272,136.068101334971,136.087775,136.086764163279,136.075415039063,136.07311016751
1054.25,136.09444792,136.070471853514,136.068106295709,136.068106295709,136.06808061371,136.089725,136.088738359491,136.075463867187,136.073151963567
1054.3,136.09444792,136.070464932655,136.068085585146,136.068085585146,136.06805989245,136.091675,136.090712555703,136.075512695313,136.073193759625
1054.35,136.09444792,136.070458011795,136.068064874583,136.068064874583,136.068039171189,136.093625,136.092686751915,136.075561523438,136.073235555683
1054.4,136.09444792,136.070451090936,136.06804416402,136.06804416402,136.068018449929,136.095575,136.094660948127,136.075610351562,136.07327735174
1054.45,136.09444792,136.070444170076,136.068023453457,136.068023453457,136.067997728668,136.097525,136.096635144339,136.075659179688,136.073319147798
1054.5,136.09444792,136.070437249216,136.068002742894,136.068002742894,136.067977007408,136.099475,136.098609340551,136.075708007812,136.073360943856
1054.55,136.09444792,136.070430328357,136.067982032331,136.067982032331,136.067956286147,136.101425,136.100583536763,136.075756835938,136.073402739913
1054.6,136.09444792,136.070423407497,136.067961321768,136.067961321768,136.067935564887,136.103375,136.102557732975,136.075805664062,136.073444535971
1054.65,136.09444792,136.070416486638,136.067940611205,136.067940611205,136.067914843626,136.105325,136.104531929187,136.075854492187,136.073486332029
1054.7,136.09444792,136.070409565778,136.067919900641,136.067919900641,136.067894122366,136.107275,136.106506125399,136.075903320313,136.073528128087
1054.75,136.09444792,136.070402644919,136.067899190078,136.067899190078,136.067873401105,136.109225,136.108480321612,136.075952148437,136.073569924144
1054.8,136.09444792,136.070395724059,136.067878479515,136.067878479515,136.067852679845,136.111175,136.110454517824,136.076000976563,136.073611720202
1054.85,136.09444792,136.070388803199,136.067857768952,136.067857768952,136.067831958584,136.113125,136.112428714036,136.076049804688,136.07365351626
1054.9,136.09444792,136.07038188234,136.067837058389,136.067837058389,136.067811237324,136.115075,136.114402910248,136.076098632812,136.073695312317
1054.95,136.09444792,136.07037496148,136.067816347826,136.067816347826,136.067790516064,136.117025,136.11637710646,136.076147460938,136.073737108375
1055,136.09444792,136.070368040621,136.067795637263,136.067795637263,136.067769794803,136.1186,136.117976302672,136.076196289062,136.073778904433
1055.05,136.09444792,136.070361119761,136.0677749267,136.0677749267,136.067749073543,136.1198,136.119200498884,136.076245117188,136.07382070049
1055.1,136.09444792,136.070354198901,136.067754216137,136.067754216137,136.067728352282,136.121,136.120424695096,136.076293945312,136.073862496548
1055.15,136.09444792,136.070347278042,136.067733505574,136.067733505574,136.067707631022,136.1222,136.121648891308,136.076342773437,136.073904292606
1055.2,136.09444792,136.070340357182,136.067712795011,136.067712795011,136.067686909761,136.1234,136.12287308752,136.076391601563,136.073946088663
1055.25,136.09444792,136.070333436323,136.067692084448,136.067692084448,136.067666188501,136.1246,136.124097283732,136.076440429687,136.073987884721
1055.3,136.09444792,136.070326515463,136.067671373885,136.067671373885,136.06764546724,136.1258,136.125321479944,136.076489257813,136.074029680779
1055.35,136.09444792,136.070319594603,136.067650663322,136.067650663322,136.06762474598,136.127,136.126545676156,136.076538085938,136.074071476836
1055.4,136.09444792,136.070312673744,136.067629952758,136.067629952758,136.067604024719,136.1282,136.127769872368,136.076586914062,136.074113272894
1055.45,136.09444792,136.070305752884,136.067609242195,136.067609242195,136.067583303459,136.1294,136.12899406858,136.076635742188,136.074155068952
1055.5,136.09444792,136.070298832025,136.067588531632,136.067588531632,136.067562582198,136.1306,136.130218264792,136.076684570312,136.074196865009
1055.55,136.09444792,136.070291911165,136.067567821069,136.067567821069,136.067541860938,136.1318,136.131442461004,136.076733398438,136.074238661067
1055.6,136.09444792,136.070284990306,136.067547110506,136.067547110506,136.067521139677,136.133,136.132666657216,136.076782226562,136.074280457125
1055.65,136.09444792,136.070278069446,136.067526399943,136.067526399943,136.067500418417,136.1342,136.133890853428,136.076831054687,136.074322253182
1055.7,136.09444792,136.070271148586,136.06750568938,136.06750568938,136.067479697156,136.1354,136.135115049641,136.076879882813,136.07436404924
1055.75,136.09444792,136.070264227727,136.067484978817,136.067484978817,136.067458975896,136.1366,136.136339245853,136.076928710937,136.074405845298
1055.8,136.09444792,136.070257306867,136.067464268254,136.067464268254,136.067438254635,136.1378,136.137563442065,136.076977539063,136.074447641355
1055.85,136.09444792,136.070250386008,136.067443557691,136.067443557691,136.067417533375,136.139,136.138787638277,136.077026367188,136.074489437413
1055.9,136.09444792,136.070243465148,136.067422847128,136.067422847128,136.067396812115,136.1402,136.140011834489,136.077075195312,136.074531233471
1055.95,136.09444792,136.070236544288,136.067402136565,136.067402136565,136.067376090854,136.1414,136.141236030701,136.077124023438,136.074573029528
1056,136.09444792,136.070104623429,136.067256426002,136.067256426002,136.067230369594,136.142,136.141860226913,136.077172851562,136.074614825586
1056.05,136.09444792,136.069847702569,136.066985715439,136.066985715439,136.066959648333,136.142,136.141884423125,136.077221679688,136.074656621644
1056.1,136.09444792,136.06959078171,136.066715004875,136.066715004875,136.066688927073,136.142,136.141908619337,136.077270507812,136.074698417702
1056.15,136.09444792,136.06933386085,136.066444294312,136.066444294312,136.066418205812,136.142,136.141932815549,136.077319335937,136.074740213759
1056.2,136.09444792,136.06907693999,136.066173583749,136.066173583749,136.066147484552,136.142,136.141957011761,136.077368164063,136.074782009817
1056.25,136.09444792,136.068820019131,136.065902873186,136.065902873186,136.065876763291,136.142,136.141981207973,136.077416992187,136.074823805875
1056.3,136.09444792,136.068563098271,136.065632162623,136.065632162623,136.065606042031,136.142,136.142005404185,136.077465820313,136.074865601932
1056.35,136.09444792,136.068306177412,136.06536145206,136.06536145206,136.06533532077,136.142,136.142029600397,136.077514648438,136.07490739799
1056.4,136.09444792,136.068049256552,136.065090741497,136.065090741497,136.06506459951,136.142,136.142053796609,136.077563476562,136.074949194048
1056.45,136.09444792,136.067792335693,136.064820030934,136.064820030934,136.064793878249,136.142,136.142077992821,136.077612304688,136.074990990105
1056.5,136.09444792,136.067535414833,136.064549320371,136.064549320371,136.064523156989,136.142,136.142102189033,136.077661132812,136.075032786163
1056.55,136.09444792,136.067278493973,136.064278609808,136.064278609808,136.064252435728,136.142,136.142126385245,136.077709960938,136.075074582221
1056.6,136.09444792,136.067021573114,136.064007899245,136.064007899245,136.063981714468,136.142,136.142150581457,136.077758789062,136.075116378278
1056.65,136.09444792,136.066764652254,136.063737188682,136.063737188682,136.063710993207,136.142,136.14217477767,136.077807617187,136.075158174336
1056.7,136.09444792,136.066507731395,136.063466478119,136.063466478119,136.063440271947,136.142,136.142198973882,136.077856445313,136.075199970394
1056.75,136.09444792,136.066250810535,136.063195767555,136.063195767555,136.063169550686,136.142,136.142223170094,136.077905273437,136.075241766451
1056.8,136.09444792,136.065993889675,136.062925056992,136.062925056992,136.062898829426,136.142,136.142247366306,136.077954101563,136.075283562509
1056.85,136.09444792,136.065736968816,136.062654346429,136.062654346429,136.062628108165,136.142,136.142271562518,136.078002929688,136.075325358567
1056.9,136.09444792,136.065480047956,136.062383635866,136.062383635866,136.062357386905,136.142,136.14229575873,136.078051757812,136.075367154624
1056.95,136.09444792,136.065223127097,136.062112925303,136.062112925303,136.062086665645,136.142,136.142319954942,136.078100585938,136.075408950682
1057,136.09444792,136.064966206237,136.06184221474,136.06184221474,136.061815944384,136.142,136.142344151154,136.077868652344,136.075169985021
1057.05,136.09444792,136.064709285377,136.061571504177,136.061571504177,136.061545223124,136.142,136.142368347366,136.077355957031,136.074650257641
1057.1,136.09444792,136.064452364518,136.061300793614,136.061300793614,136.061274501863,136.142,136.142392543578,136.076843261719,136.074130530261
1057.15,136.09444792,136.064195443658,136.061030083051,136.061030083051,136.061003780603,136.142,136.14241673979,136.076330566406,136.073610802882
1057.2,136.09444792,136.063938522799,136.060759372488,136.060759372488,136.060733059342,136.142,136.142440936002,136.075817871094,136.073091075502
1057.25,136.09444792,136.063681601939,136.060488661925,136.060488661925,136.060462338082,136.142,136.142465132214,136.075305175781,136.072571348122
1057.3,136.09444792,136.06342468108,136.060217951362,136.060217951362,136.060191616821,136.142,136.142489328426,136.074792480469,136.072051620742
1057.35,136.09444792,136.06316776022,136.059947240799,136.059947240799,136.059920895561,136.142,136.142513524638,136.074279785156,136.071531893362
1057.4,136.09444792,136.06291083936,136.059676530236,136.059676530236,136.0596501743,136.142,136.14253772085,136.073767089844,136.071012165982
1057.45,136.09444792,136.062653918501,136.059405819672,136.059405819672,136.05937945304,136.142,136.142561917062,136.073254394531,136.070492438603
1057.5,136.09444792,136.062396997641,136.059135109109,136.059135109109,136.059108731779,136.142,136.142586113274,136.072741699219,136.069972711223
1057.55,136.09444792,136.062140076782,136.058864398546,136.058864398546,136.058838010519,136.142,136.142610309486,136.072229003906,136.069452983843
1057.6,136.09444792,136.061883155922,136.058593687983,136.058593687983,136.058567289258,136.142,136.142634505699,136.071716308594,136.068933256463
1057.65,136.09444792,136.061626235062,136.05832297742,136.05832297742,136.058296567998,136.142,136.142658701911,136.071203613281,136.068413529083
1057.7,136.09444792,136.061369314203,136.058052266857,136.058052266857,136.058025846737,136.142,136.142682898123,136.070690917969,136.067893801703
1057.75,136.09444792,136.061112393343,136.057781556294,136.057781556294,136.057755125477,136.142,136.142707094335,136.070178222656,136.067374074324
1057.8,136.09444792,136.060855472484,136.057510845731,136.057510845731,136.057484404216,136.142,136.142731290547,136.069665527344,136.066854346944
1057.85,136.09444792,136.060598551624,136.057240135168,136.057240135168,136.057213682956,136.142,136.142755486759,136.069152832031,136.066334619564
1057.9,136.09444792,136.060341630764,136.056969424605,136.056969424605,136.056942961696,136.142,136.142779682971,136.068640136719,136.065814892184
1057.95,136.09444792,136.060084709905,136.056698714042,136.056698714042,136.056672240435,136.142,136.142803879183,136.068127441406,136.065295164804
1058,136.09444792,136.059827789045,136.056428003479,136.056428003479,136.056401519175,136.14155,136.142378075395,136.067614746094,136.064775437425
1058.05,136.09444792,136.059570868186,136.056157292916,136.056157292916,136.056130797914,136.14065,136.141502271607,136.067102050781,136.064255710045
1058.1,136.09444792,136.059313947326,136.055886582353,136.055886582353,136.055860076654,136.13975,136.140626467819,136.066589355469,136.063735982665
1058.15,136.09444792,136.059057026467,136.055615871789,136.055615871789,136.055589355393,136.13885,136.139750664031,136.066076660156,136.063216255285
1058.2,136.09444792,136.058800105607,136.055345161226,136.055345161226,136.055318634133,136.13795,136.138874860243,136.065563964844,136.062696527905
1058.25,136.09444792,136.058543184747,136.055074450663,136.055074450663,136.055047912872,136.13705,136.137999056455,136.065051269531,136.062176800525
1058.3,136.09444792,136.058286263888,136.0548037401,136.0548037401,136.054777191612,136.13615,136.137123252667,136.064538574219,136.061657073146
1058.35,136.09444792,136.058029343028,136.054533029537,136.054533029537,136.054506470351,136.13525,136.136247448879,136.064025878906,136.061137345766
1058.4,136.09444792,136.057772422169,136.054262318974,136.054262318974,136.054235749091,136.13435,136.135371645091,136.063513183594,136.060617618386
1058.45,136.09444792,136.057515501309,136.053991608411,136.053991608411,136.05396502783,136.13345,136.134495841303,136.063000488281,136.060097891006
1058.5,136.09444792,136.057258580449,136.053720897848,136.053720897848,136.05369430657,136.13255,136.133620037515,136.062487792969,136.059578163626
1058.55,136.09444792,136.05700165959,136.053450187285,136.053450187285,136.053423585309,136.13165,136.132744233727,136.061975097656,136.059058436246
1058.6,136.09444792,136.05674473873,136.053179476722,136.053179476722,136.053152864049,136.13075,136.13186842994,136.061462402344,136.058538708867
1058.65,136.09444792,136.056487817871,136.052908766159,136.052908766159,136.052882142788,136.12985,136.130992626152,136.060949707031,136.058018981487
1058.7,136.09444792,136.056230897011,136.052638055596,136.052638055596,136.052611421528,136.12895,136.130116822364,136.060437011719,136.057499254107
1058.75,136.09444792,136.055973976152,136.052367345033,136.052367345033,136.052340700267,136.12805,136.129241018576,136.059924316406,136.056979526727
1058.8,136.09444792,136.055717055292,136.05209663447,136.05209663447,136.052069979007,136.12715,136.128365214788,136.059411621094,136.056459799347
1058.85,136.09444792,136.055460134432,136.051825923906,136.051825923906,136.051799257746,136.12625,136.127489411,136.058898925781,136.055940071968
1058.9,136.09444792,136.055203213573,136.051555213343,136.051555213343,136.051528536486,136.12535,136.126613607212,136.058386230469,136.055420344588
1058.95,136.09444792,136.054946292713,136.05128450278,136.05128450278,136.051257815226,136.12445,136.125737803424,136.057873535156,136.054900617208
1059,136.09444792,136.054564371854,136.050888792217,136.050888792217,136.050862093965,136.122575,136.123886999636,136.057360839844,136.054380889828
1059.05,136.09444792,136.054057450994,136.050368081654,136.050368081654,136.050341372705,136.119725,136.121061195848,136.056848144531,136.053861162448
1059.1,136.09444792,136.053550530134,136.049847371091,136.049847371091,136.049820651444,136.116875,136.11823539206,136.056335449219,136.053341435068
1059.15,136.09444792,136.053043609275,136.049326660528,136.049326660528,136.049299930184,136.114025,136.115409588272,136.055822753906,136.052821707689
1059.2,136.09444792,136.052536688415,136.048805949965,136.048805949965,136.048779208923,136.111175,136.112583784484,136.055310058594,136.052301980309
1059.25,136.09444792,136.052029767556,136.048285239402,136.048285239402,136.048258487663,136.108325,136.109757980696,136.054797363281,136.051782252929
1059.3,136.09444792,136.051522846696,136.047764528839,136.047764528839,136.047737766402,136.105475,136.106932176908,136.054284667969,136.051262525549
1059.35,136.09444792,136.051015925836,136.047243818276,136.047243818276,136.047217045142,136.102625,136.10410637312,136.053771972656,136.050742798169
1059.4,136.09444792,136.050509004977,136.046723107713,136.046723107713,136.046696323881,136.099775,136.101280569332,136.053259277344,136.05022307079
1059.45,136.09444792,136.050002084117,136.04620239715,136.04620239715,136.046175602621,136.096925,136.098454765544,136.052746582031,136.04970334341
1059.5,136.09444792,136.049495163258,136.045681686587,136.045681686587,136.04565488136,136.094075,136.095628961756,136.052233886719,136.04918361603
1059.55,136.09444792,136.048988242398,136.045160976023,136.045160976023,136.0451341601,136.091225,136.092803157969,136.051721191406,136.04866388865
1059.6,136.09444792,136.048481321539,136.04464026546,136.04464026546,136.044613438839,136.088375,136.089977354181,136.051208496094,136.04814416127
1059.65,136.09444792,136.047974400679,136.044119554897,136.044119554897,136.044092717579,136.085525,136.087151550393,136.050695800781,136.04762443389
1059.7,136.09444792,136.047467479819,136.043598844334,136.043598844334,136.043571996318,136.082675,136.084325746605,136.050183105469,136.047104706511
1059.75,136.09444792,136.04696055896,136.043078133771,136.043078133771,136.043051275058,136.079825,136.081499942817,136.049670410156,136.046584979131
1059.8,136.09444792,136.0464536381,136.042557423208,136.042557423208,136.042530553797,136.076975,136.078674139029,136.049157714844,136.046065251751
1059.85,136.09444792,136.045946717241,136.042036712645,136.042036712645,136.042009832537,136.074125,136.075848335241,136.048645019531,136.045545524371
1059.9,136.09444792,136.045439796381,136.041516002082,136.041516002082,136.041489111276,136.071275,136.073022531453,136.048132324219,136.045025796991
1059.95,136.09444792,136.044932875521,136.040995291519,136.040995291519,136.040968390016,136.068425,136.070196727665,136.047619628906,136.044506069611
1060,136.09444792,136.044425954662,136.040474580956,136.040474580956,136.040447668756,136.06535,136.067145923877,136.047106933594,136.043986342232
1060.05,136.09444792,136.04392053776,136.039976769452,136.039976769452,136.039949817609,136.06205,136.063848820195,136.046594238281,136.043476342384
1060.1,136.09444792,136.043415120859,136.039478957948,136.039478957948,136.039451966462,136.05875,136.060551716513,136.046081542969,136.042966342537
1060.15,136.09444792,136.042909703958,136.038981146445,136.038981146445,136.038954115316,136.05545,136.057254612831,136.045568847656,136.04245634269
1060.2,136.09444792,136.042404287056,136.038483334941,136.038483334941,136.038456264169,136.05215,136.053957509149,136.045056152344,136.041946342842
1060.25,136.09444792,136.041898870155,136.037985523437,136.037985523437,136.037958413023,136.04885,136.050660405468,136.044543457031,136.041436342995
1060.3,136.09444792,136.041393453253,136.037487711934,136.037487711934,136.037460561876,136.04555,136.047363301786,136.044030761719,136.040926343148
1060.35,136.09444792,136.040888036352,136.03698990043,136.03698990043,136.03696271073,136.04225,136.044066198104,136.043518066406,136.0404163433
1060.4,136.09444792,136.040382619451,136.036492088926,136.036492088926,136.036464859583,136.03895,136.040769094422,136.043005371094,136.039906343453
1060.45,136.09444792,136.039877202549,136.035994277423,136.035994277423,136.035967008437,136.03565,136.03747199074,136.042492675781,136.039396343606
1060.5,136.09444792,136.039371785648,136.035496465919,136.035496465919,136.03546915729,136.03235,136.034174887058,136.041979980469,136.038886343758
1060.55,136.09444792,136.038866368746,136.034998654415,136.034998654415,136.034971306144,136.02905,136.030877783376,136.041467285156,136.038376343911
1060.6,136.09444792,136.038360951845,136.034500842912,136.034500842912,136.034473454997,136.02575,136.027580679694,136.040954589844,136.037866344064
1060.65,136.09444792,136.037855534943,136.034003031408,136.034003031408,136.033975603851,136.02245,136.024283576012,136.040441894531,136.037356344216
1060.7,136.09444792,136.037350118042,136.033505219904,136.033505219904,136.033477752704,136.01915,136.02098647233,136.039929199219,136.036846344369
1060.75,136.09444792,136.036844701141,136.033007408401,136.033007408401,136.032979901557,136.01585,136.017689368649,136.039416503906,136.036336344521
1060.8,136.09444792,136.036339284239,136.032509596897,136.032509596897,136.032482050411,136.01255,136.014392264967,136.038903808594,136.035826344674
1060.85,136.09444792,136.035833867338,136.032011785394,136.032011785394,136.031984199264,136.00925,136.011095161285,136.038391113281,136.035316344827
1060.9,136.09444792,136.035328450436,136.03151397389,136.03151397389,136.031486348118,136.00595,136.007798057603,136.037878417969,136.034806344979
1060.95,136.09444792,136.034823033535,136.031016162386,136.031016162386,136.030988496971,136.00265,136.004500953921,136.037365722656,136.034296345132
1061,136.09444792,136.034442616634,136.030643350883,136.030643350883,136.030615645825,136.000025,136.001878850239,136.036853027344,136.033786345285
1061.05,136.09444792,136.034187199732,136.030395539379,136.030395539379,136.030367794678,135.998075,135.999931746557,136.036340332031,136.033276345437
1061.1,136.09444792,136.033931782831,136.030147727875,136.030147727875,136.030119943532,135.996125,135.997984642875,136.035827636719,136.03276634559
1061.15,136.09444792,136.033676365929,136.029899916372,136.029899916372,136.029872092385,135.994175,135.996037539193,136.035314941406,136.032256345743
1061.2,136.09444792,136.033420949028,136.029652104868,136.029652104868,136.029624241239,135.992225,135.994090435512,136.034802246094,136.031746345895
1061.25,136.09444792,136.033165532127,136.029404293364,136.029404293364,136.029376390092,135.990275,135.99214333183,136.034289550781,136.031236346048
1061.3,136.09444792,136.032910115225,136.029156481861,136.029156481861,136.029128538946,135.988325,135.990196228148,136.033776855469,136.030726346201
1061.35,136.09444792,136.032654698324,136.028908670357,136.028908670357,136.028880687799,135.986375,135.988249124466,136.033264160156,136.030216346353
1061.4,136.09444792,136.032399281422,136.028660858853,136.028660858853,136.028632836653,135.984425,135.986302020784,136.032751464844,136.029706346506
1061.45,136.09444792,136.032143864521,136.02841304735,136.02841304735,136.028384985506,135.982475,135.984354917102,136.032238769531,136.029196346659
1061.5,136.09444792,136.03188844762,136.028165235846,136.028165235846,136.028137134359,135.980525,135.98240781342,136.031726074219,136.028686346811
1061.55,136.09444792,136.031633030718,136.027917424342,136.027917424342,136.027889283213,135.978575,135.980460709738,136.031213378906,136.028176346964
1061.6,136.09444792,136.031377613817,136.027669612839,136.027669612839,136.027641432066,135.976625,135.978513606056,136.030700683594,136.027666347117
1061.65,136.09444792,136.031122196915,136.027421801335,136.027421801335,136.02739358092,135.974675,135.976566502375,136.030187988281,136.027156347269
1061.7,136.09444792,136.030866780014,136.027173989831,136.027173989831,136.027145729773,135.972725,135.974619398693,136.029675292969,136.026646347422
1061.75,136.09444792,136.030611363112,136.026926178328,136.026926178328,136.026897878627,135.970775,135.972672295011,136.029162597656,136.026136347575
1061.8,136.09444792,136.030355946211,136.026678366824,136.026678366824,136.02665002748,135.968825,135.970725191329,136.028649902344,136.025626347727
1061.85,136.09444792,136.03010052931,136.02643055532,136.02643055532,136.026402176334,135.966875,135.968778087647,136.028137207031,136.02511634788
1061.9,136.09444792,136.029845112408,136.026182743817,136.026182743817,136.026154325187,135.964925,135.966830983965,136.027624511719,136.024606348032
1061.95,136.09444792,136.029589695507,136.025934932313,136.025934932313,136.025906474041,135.962975,135.964883880283,136.027111816406,136.024096348185
1062,136.09444792,136.029334278605,136.025687120809,136.025687120809,136.025658622894,135.96165,135.963561776601,136.026599121094,136.023586348338
1062.05,136.09444792,136.029078861704,136.025439309306,136.025439309306,136.025410771748,135.96095,135.962864672919,136.026086425781,136.02307634849
1062.1,136.09444792,136.028823444803,136.025191497802,136.025191497802,136.025162920601,135.96025,135.962167569237,136.025573730469,136.022566348643
1062.15,136.09444792,136.028568027901,136.024943686298,136.024943686298,136.024915069455,135.95955,135.961470465556,136.025061035156,136.022056348796
1062.2,136.09444792,136.028312611,136.024695874795,136.024695874795,136.024667218308,135.95885,135.960773361874,136.024548339844,136.021546348948
1062.25,136.09444792,136.028057194098,136.024448063291,136.024448063291,136.024419367161,135.95815,135.960076258192,136.024035644531,136.021036349101
1062.3,136.09444792,136.027801777197,136.024200251787,136.024200251787,136.024171516015,135.95745,135.95937915451,136.023522949219,136.020526349254
1062.35,136.09444792,136.027546360296,136.023952440284,136.023952440284,136.023923664868,135.95675,135.958682050828,136.023010253906,136.020016349406
1062.4,136.09444792,136.027290943394,136.02370462878,136.02370462878,136.023675813722,135.95605,135.957984947146,136.022497558594,136.019506349559
1062.45,136.09444792,136.027035526493,136.023456817276,136.023456817276,136.023427962575,135.95535,135.957287843464,136.021984863281,136.018996349712
1062.5,136.09444792,136.026780109591,136.023209005773,136.023209005773,136.023180111429,135.95465,135.956590739782,136.021472167969,136.018486349864
1062.55,136.09444792,136.02652469269,136.022961194269,136.022961194269,136.022932260282,135.95395,135.9558936361,136.020959472656,136.017976350017
1062.6,136.09444792,136.026269275788,136.022713382765,136.022713382765,136.022684409136,135.95325,135.955196532419,136.020446777344,136.01746635017
1062.65,136.09444792,136.026013858887,136.022465571262,136.022465571262,136.022436557989,135.95255,135.954499428737,136.019934082031,136.016956350322
1062.7,136.09444792,136.025758441986,136.022217759758,136.022217759758,136.022188706843,135.95185,135.953802325055,136.019421386719,136.016446350475
1062.75,136.09444792,136.025503025084,136.021969948254,136.021969948254,136.021940855696,135.95115,135.953105221373,136.018908691406,136.015936350628
1062.8,136.09444792,136.025247608183,136.021722136751,136.021722136751,136.02169300455,135.95045,135.952408117691,136.018395996094,136.01542635078
1062.85,136.09444792,136.024992191281,136.021474325247,136.021474325247,136.021445153403,135.94975,135.951711014009,136.017883300781,136.014916350933
1062.9,136.09444792,136.02473677438,136.021226513743,136.021226513743,136.021197302256,135.94905,135.951013910327,136.017370605469,136.014406351086
1062.95,136.09444792,136.024481357479,136.02097870224,136.02097870224,136.02094945111,135.94835,135.950316806645,136.016857910156,136.013896351238
1063,136.09444792,136.024225940577,136.020730890736,136.020730890736,136.020701599963,135.937325,135.939294702963,136.016345214844,136.013386351391
1063.05,136.09444792,136.023970523676,136.020483079232,136.020483079232,136.020453748817,135.915975,135.917947599281,136.015832519531,136.012876351543
1063.1,136.09444792,136.023715106774,136.020235267729,136.020235267729,136.02020589767,135.894625,135.8966004956,136.015319824219,136.012366351696
1063.15,136.09444792,136.023459689873,136.019987456225,136.019987456225,136.019958046524,135.873275,135.875253391918,136.014807128906,136.011856351849
1063.2,136.09444792,136.023204272972,136.019739644721,136.019739644721,136.019710195377,135.851925,135.853906288236,136.014294433594,136.011346352001
1063.25,136.09444792,136.02294885607,136.019491833218,136.019491833218,136.019462344231,135.830575,135.832559184554,136.013781738281,136.010836352154
1063.3,136.09444792,136.022693439169,136.019244021714,136.019244021714,136.019214493084,135.809225,135.811212080872,136.013269042969,136.010326352307
1063.35,136.09444792,136.022438022267,136.01899621021,136.01899621021,136.018966641938,135.787875,135.78986497719,136.012756347656,136.009816352459
1063.4,136.09444792,136.022182605366,136.018748398707,136.018748398707,136.018718790791,135.766525,135.768517873508,136.012243652344,136.009306352612
1063.45,136.09444792,136.021927188465,136.018500587203,136.018500587203,136.018470939645,135.745175,135.747170769826,136.011730957031,136.008796352765
1063.5,136.09444792,136.021671771563,136.018252775699,136.018252775699,136.018223088498,135.723825,135.725823666144,136.011218261719,136.008286352917
1063.55,136.09444792,136.021416354662,136.018004964196,136.018004964196,136.017975237352,135.702475,135.704476562463,136.010705566406,136.00777635307
1063.6,136.09444792,136.02116093776,136.017757152692,136.017757152692,136.017727386205,135.681125,135.683129458781,136.010192871094,136.007266353223
1063.65,136.09444792,136.020905520859,136.017509341188,136.017509341188,136.017479535058,135.659775,135.661782355099,136.009680175781,136.006756353375
1063.7,136.09444792,136.020650103957,136.017261529685,136.017261529685,136.017231683912,135.638425,135.640435251417,136.009167480469,136.006246353528
1063.75,136.09444792,136.020394687056,136.017013718181,136.017013718181,136.016983832765,135.617075,135.619088147735,136.008654785156,136.005736353681
1063.8,136.09444792,136.020139270155,136.016765906677,136.016765906677,136.016735981619,135.595725,135.597741044053,136.008142089844,136.005226353833
1063.85,136.09444792,136.019883853253,136.016518095174,136.016518095174,136.016488130472,135.574375,135.576393940371,136.007629394531,136.004716353986
1063.9,136.09444792,136.019628436352,136.01627028367,136.01627028367,136.016240279326,135.553025,135.555046836689,136.007116699219,136.004206354139
1063.95,136.09444792,136.01937301945,136.016022472166,136.016022472166,136.015992428179,135.531675,135.533699733007,136.006604003906,136.003696354291
1064,136.09444792,136.019117602549,136.015774660663,136.015774660663,136.015744577033,135.520525,135.522552629326,136.006091308594,136.003186354444
1064.05,136.09444792,136.018862185648,136.015526849159,136.015526849159,136.015496725886,135.519575,135.521605525644,136.005578613281,136.002676354597
1064.1,136.09444792,136.018606768746,136.015279037655,136.015279037655,136.01524887474,135.518625,135.520658421962,136.005065917969,136.002166354749
1064.15,136.09444792,136.018351351845,136.015031226152,136.015031226152,136.015001023593,135.517675,135.51971131828,136.004553222656,136.001656354902
1064.2,136.09444792,136.018095934943,136.014783414648,136.014783414648,136.014753172447,135.516725,135.518764214598,136.004040527344,136.001146355055
1064.25,136.09444792,136.017840518042,136.014535603144,136.014535603144,136.0145053213,135.515775,135.517817110916,136.003527832031,136.000636355207
1064.3,136.09444792,136.017585101141,136.014287791641,136.014287791641,136.014257470153,135.514825,135.516870007234,136.003015136719,136.00012635536
1064.35,136.09444792,136.017329684239,136.014039980137,136.014039980137,136.014009619007,135.513875,135.515922903552,136.002502441406,135.999616355512
1064.4,136.09444792,136.017074267338,136.013792168633,136.013792168633,136.01376176786,135.512925,135.51497579987,136.001989746094,135.999106355665
1064.45,136.09444792,136.016818850436,136.01354435713,136.01354435713,136.013513916714,135.511975,135.514028696188,136.001477050781,135.998596355818
1064.5,136.09444792,136.016563433535,136.013296545626,136.013296545626,136.013266065567,135.511025,135.513081592507,136.000964355469,135.99808635597
1064.55,136.09444792,136.016308016633,136.013048734122,136.013048734122,136.013018214421,135.510075,135.512134488825,136.000451660156,135.997576356123
1064.6,136.09444792,136.016052599732,136.012800922619,136.012800922619,136.012770363274,135.509125,135.511187385143,135.999938964844,135.997066356276
1064.65,136.09444792,136.015797182831,136.012553111115,136.012553111115,136.012522512128,135.508175,135.510240281461,135.999426269531,135.996556356428
1064.7,136.09444792,136.015541765929,136.012305299611,136.012305299611,136.012274660981,135.507225,135.509293177779,135.998913574219,135.996046356581
1064.75,136.09444792,136.015286349028,136.012057488108,136.012057488108,136.012026809835,135.506275,135.508346074097,135.998400878906,135.995536356734
1064.8,136.09444792,136.015030932126,136.011809676604,136.011809676604,136.011778958688,135.505325,135.507398970415,135.997888183594,135.995026356886
1064.85,136.09444792,136.014775515225,136.0115618651,136.0115618651,136.011531107542,135.504375,135.506451866733,135.997375488281,135.994516357039
1064.9,136.09444792,136.014520098324,136.011314053597,136.011314053597,136.011283256395,135.503425,135.505504763051,135.996862792969,135.994006357192
1064.95,136.09444792,136.014264681422,136.011066242093,136.011066242093,136.011035405249,135.502475,135.50455765937,135.996350097656,135.993496357344
1065,136.09444792,136.014009264521,136.010818430589,136.010818430589,136.010787554102,135.501125,135.503210555688,135.996130371094,135.993279326247
1065.05,136.09444792,136.013753847619,136.010570619086,136.010570619086,136.010539702955,135.499375,135.501463452006,135.996203613281,135.9933552639
1065.1,136.09444792,136.013498430718,136.010322807582,136.010322807582,136.010291851809,135.497625,135.499716348324,135.996276855469,135.993431201552
1065.15,136.09444792,136.013243013817,136.010074996078,136.010074996078,136.010044000662,135.495875,135.497969244642,135.996350097656,135.993507139205
1065.2,136.09444792,136.012987596915,136.009827184575,136.009827184575,136.009796149516,135.494125,135.49622214096,135.996423339844,135.993583076858
1065.25,136.09444792,136.012732180014,136.009579373071,136.009579373071,136.009548298369,135.492375,135.494475037278,135.996496582031,135.99365901451
1065.3,136.09444792,136.012476763112,136.009331561568,136.009331561568,136.009300447223,135.490625,135.492727933596,135.996569824219,135.993734952163
1065.35,136.09444792,136.012221346211,136.009083750064,136.009083750064,136.009052596076,135.488875,135.490980829914,135.996643066406,135.993810889816
1065.4,136.09444792,136.011965929309,136.00883593856,136.00883593856,136.00880474493,135.487125,135.489233726232,135.996716308594,135.993886827468
1065.45,136.09444792,136.011710512408,136.008588127056,136.008588127056,136.008556893783,135.485375,135.487486622551,135.996789550781,135.993962765121
1065.5,136.09444384,136.011455095507,136.008340315553,136.008340315553,136.008309042637,135.483625,135.485739518869,135.996862792969,135.994038702773
1065.55,136.09442752,136.011199678605,136.008092504049,136.008092504049,136.00806119149,135.481875,135.483992415187,135.996936035156,135.994114640426
1065.6,136.09440168,136.010944261704,136.007844692546,136.007844692546,136.007813340344,135.480125,135.482245311505,135.997009277344,135.994190578079
1065.65,136.09437448,136.010688844802,136.007596881042,136.007596881042,136.007565489197,135.478375,135.480498207823,135.997082519531,135.994266515731
1065.7,136.09434864,136.010433427901,136.007349069538,136.007349069538,136.00731763805,135.476625,135.478751104141,135.997155761719,135.994342453384
1065.75,136.0943228,136.010178011,136.007101258035,136.007101258035,136.007069786904,135.474875,135.477004000459,135.997229003906,135.994418391037
1065.8,136.09429696,136.009922594098,136.006853446531,136.006853446531,136.006821935757,135.473125,135.475256896777,135.997302246094,135.994494328689
1065.85,136.09427112,136.009667177197,136.006605635027,136.006605635027,136.006574084611,135.471375,135.473509793095,135.997375488281,135.994570266342
1065.9,136.09424528,136.009411760295,136.006357823524,136.006357823524,136.006326233464,135.469625,135.471762689414,135.997448730469,135.994646203995
1065.95,136.09421944,136.009156343394,136.00611001202,136.00611001202,136.006078382318,135.467875,135.470015585732,135.997521972656,135.994722141647
1066,136.09419224,136.009025926493,136.005987200516,136.005987200516,136.005955531171,135.466275,135.46841848205,135.997595214844,135.9947980793
1066.05,136.0941664,136.009020509591,136.005989389013,136.005989389013,136.005957680025,135.464825,135.466971378368,135.997668457031,135.994874016953
1066.1,136.09414056,136.00901509269,136.005991577509,136.005991577509,136.005959828878,135.463375,135.465524274686,135.997741699219,135.994949954605
1066.15,136.09411472,136.009009675788,136.005993766005,136.005993766005,136.005961977732,135.461925,135.464077171004,135.997814941406,135.995025892258
1066.2,136.09408888,136.009004258887,136.005995954502,136.005995954502,136.005964126585,135.460475,135.462630067322,135.997888183594,135.995101829911
1066.25,136.09406304,136.008998841986,136.005998142998,136.005998142998,136.005966275439,135.459025,135.46118296364,135.997961425781,135.995177767563
1066.3,136.09403584,136.008993425084,136.006000331494,136.006000331494,136.005968424292,135.457575,135.459735859958,135.998034667969,135.995253705216
1066.35,136.09401,136.008988008183,136.006002519991,136.006002519991,136.005970573146,135.456125,135.458288756276,135.998107910156,135.995329642869
1066.4,136.09398416,136.008982591281,136.006004708487,136.006004708487,136.005972721999,135.454675,135.456841652595,135.998181152344,135.995405580521
1066.45,136.09395832,136.00897717438,136.006006896983,136.006006896983,136.005974870852,135.453225,135.455394548913,135.998254394531,135.995481518174
1066.5,136.09393248,136.008971757478,136.00600908548,136.00600908548,136.005977019706,135.451775,135.453947445231,135.998327636719,135.995557455827
1066.55,136.09390664,136.008966340577,136.006011273976,136.006011273976,136.005979168559,135.450325,135.452500341549,135.998400878906,135.995633393479
1066.6,136.09387944,136.008960923676,136.006013462472,136.006013462472,136.005981317413,135.448875,135.451053237867,135.998474121094,135.995709331132
1066.65,136.0938536,136.008955506774,136.006015650969,136.006015650969,136.005983466266,135.447425,135.449606134185,135.998547363281,135.995785268784
1066.7,136.09382776,136.008950089873,136.006017839465,136.006017839465,136.00598561512,135.445975,135.448159030503,135.998620605469,135.995861206437
1066.75,136.09380192,136.008944672971,136.006020027961,136.006020027961,136.005987763973,135.444525,135.446711926821,135.998693847656,135.99593714409
1066.8,136.09377608,136.00893925607,136.006022216458,136.006022216458,136.005989912827,135.443075,135.445264823139,135.998767089844,135.996013081742
1066.85,136.09375024,136.008933839169,136.006024404954,136.006024404954,136.00599206168,135.441625,135.443817719458,135.998840332031,135.996089019395
1066.9,136.0937244,136.008928422267,136.00602659345,136.00602659345,136.005994210534,135.440175,135.442370615776,135.998913574219,135.996164957048
1066.95,136.0936972,136.008923005366,136.006028781947,136.006028781947,136.005996359387,135.438725,135.440923512094,135.998986816406,135.9962408947
1067,136.09367136,136.008917588464,136.006030970443,136.006030970443,136.005998508241,135.438,135.440201408412,135.999060058594,135.996316832353
1067.05,136.09364552,136.008912171563,136.006033158939,136.006033158939,136.006000657094,135.438,135.44020430473,135.999133300781,135.996392770006
1067.1,136.09361968,136.008906754662,136.006035347436,136.006035347436,136.006002805948,135.438,135.440207201048,135.999206542969,135.996468707658
1067.15,136.09359384,136.00890133776,136.006037535932,136.006037535932,136.006004954801,135.438,135.440210097366,135.999279785156,135.996544645311
1067.2,136.093568,136.008895920859,136.006039724428,136.006039724428,136.006007103654,135.438,135.440212993684,135.999353027344,135.996620582964
1067.25,136.0935408,136.008890503957,136.006041912925,136.006041912925,136.006009252508,135.438,135.440215890002,135.999426269531,135.996696520616
1067.3,136.09351496,136.008885087056,136.006044101421,136.006044101421,136.006011401361,135.438,135.440218786321,135.999499511719,135.996772458269
1067.35,136.09348912,136.008879670154,136.006046289917,136.006046289917,136.006013550215,135.438,135.440221682639,135.999572753906,135.996848395922
1067.4,136.09346328,136.008874253253,136.006048478414,136.006048478414,136.006015699068,135.438,135.440224578957,135.999645996094,135.996924333574
1067.45,136.09343744,136.008868836352,136.00605066691,136.00605066691,136.006017847922,135.438,135.440227475275,135.999719238281,135.997000271227
1067.5,136.0934116,136.00886341945,136.006052855406,136.006052855406,136.006019996775,135.438,135.440230371593,135.999792480469,135.99707620888
1067.55,136.09338576,136.008858002549,136.006055043903,136.006055043903,136.006022145629,135.438,135.440233267911,135.999865722656,135.997152146532
1067.6,136.09335856,136.008852585647,136.006057232399,136.006057232399,136.006024294482,135.438,135.440236164229,135.999938964844,135.997228084185
1067.65,136.09333272,136.008847168746,136.006059420895,136.006059420895,136.006026443336,135.438,135.440239060547,136.000012207031,135.997304021838
1067.7,136.09330688,136.008841751845,136.006061609392,136.006061609392,136.006028592189,135.438,135.440241956865,136.000085449219,135.99737995949
1067.75,136.09328104,136.008836334943,136.006063797888,136.006063797888,136.006030741043,135.438,135.440244853183,136.000158691406,135.997455897143
1067.8,136.0932552,136.008830918042,136.006065986384,136.006065986384,136.006032889896,135.438,135.440247749502,136.000231933594,135.997531834796
1067.85,136.09322936,136.00882550114,136.006068174881,136.006068174881,136.006035038749,135.438,135.44025064582,136.000305175781,135.997607772448
1067.9,136.09320216,136.008820084239,136.006070363377,136.006070363377,136.006037187603,135.438,135.440253542138,136.000378417969,135.997683710101
1067.95,136.09317632,136.008814667338,136.006072551873,136.006072551873,136.006039336456,135.438,135.440256438456,136.000451660156,135.997759647753
1068,136.09315048,136.008809250436,136.00607474037,136.00607474037,136.00604148531,135.438,135.440259334774,136.000524902344,135.997835585406
1068.05,136.09312464,136.008803833535,136.006076928866,136.006076928866,136.006043634163,135.438,135.440262231092,136.000598144531,135.997911523059
1068.1,136.0930988,136.008798416633,136.006079117362,136.006079117362,136.006045783017,135.438,135.44026512741,136.000671386719,135.997987460711
1068.15,136.09307296,136.008792999732,136.006081305859,136.006081305859,136.00604793187,135.438,135.440268023728,136.000744628906,135.998063398364
1068.2,136.09304576,136.008787582831,136.006083494355,136.006083494355,136.006050080724,135.438,135.440270920046,136.000817871094,135.998139336017
1068.25,136.09301992,136.008782165929,136.006085682851,136.006085682851,136.006052229577,135.438,135.440273816365,136.000891113281,135.998215273669
1068.3,136.09299408,136.008776749028,136.006087871348,136.006087871348,136.006054378431,135.438,135.440276712683,136.000964355469,135.998291211322
1068.35,136.09296824,136.008771332126,136.006090059844,136.006090059844,136.006056527284,135.438,135.440279609001,136.001037597656,135.998367148975
1068.4,136.0929424,136.008765915225,136.00609224834,136.00609224834,136.006058676138,135.438,135.440282505319,136.001110839844,135.998443086627
1068.45,136.09291656,136.008760498323,136.006094436837,136.006094436837,136.006060824991,135.438,135.440285401637,136.001184082031,135.99851902428
1068.5,136.09289072,136.008755081422,136.006096625333,136.006096625333,136.006062973845,135.438,135.440288297955,136.001257324219,135.998594961933
1068.55,136.09286352,136.008749664521,136.006098813829,136.006098813829,136.006065122698,135.438,135.440291194273,136.001330566406,135.998670899585
1068.6,136.09283768,136.008744247619,136.006101002326,136.006101002326,136.006067271551,135.438,135.440294090591,136.001403808594,135.998746837238
1068.65,136.09281184,136.008738830718,136.006103190822,136.006103190822,136.006069420405,135.438,135.440296986909,136.001477050781,135.998822774891
1068.7,136.092786,136.008733413816,136.006105379318,136.006105379318,136.006071569258,135.438,135.440299883227,136.001550292969,135.998898712543
1068.75,136.09276016,136.008727996915,136.006107567815,136.006107567815,136.006073718112,135.438,135.440302779546,136.001623535156,135.998974650196
1068.8,136.09273432,136.008722580014,136.006109756311,136.006109756311,136.006075866965,135.438,135.440305675864,136.001696777344,135.999050587849
1068.85,136.09270712,136.008717163112,136.006111944807,136.006111944807,136.006078015819,135.438,135.440308572182,136.001770019531,135.999126525501
1068.9,136.09268128,136.008711746211,136.006114133304,136.006114133304,136.006080164672,135.438,135.4403114685,136.001843261719,135.999202463154
1068.95,136.09265544,136.008706329309,136.0061163218,136.0061163218,136.006082313526,135.438,135.440314364818,136.001916503906,135.999278400807
1069,136.0926296,136.008700912408,136.006118510296,136.006118510296,136.006084462379,135.4511,135.453417261136,136.001989746094,135.999354338459
1069.05,136.09260376,136.008695495507,136.006120698793,136.006120698793,136.006086611233,135.4773,135.479620157454,136.002062988281,135.999430276112
1069.1,136.09257792,136.008690078605,136.006122887289,136.006122887289,136.006088760086,135.5035,135.505823053772,136.002136230469,135.999506213765
1069.15,136.09255208,136.008684661704,136.006125075785,136.006125075785,136.00609090894,135.5297,135.53202595009,136.002209472656,135.999582151417
1069.2,136.09252488,136.008679244802,136.006127264282,136.006127264282,136.006093057793,135.5559,135.558228846409,136.002282714844,135.99965808907
1069.25,136.09249904,136.008673827901,136.006129452778,136.006129452778,136.006095206646,135.5821,135.584431742727,136.002355957031,135.999734026722
1069.3,136.0924732,136.008668410999,136.006131641274,136.006131641274,136.0060973555,135.6083,135.610634639045,136.002429199219,135.999809964375
1069.35,136.09244736,136.008662994098,136.006133829771,136.006133829771,136.006099504353,135.6345,135.636837535363,136.002502441406,135.999885902028
1069.4,136.09242152,136.008657577197,136.006136018267,136.006136018267,136.006101653207,135.6607,135.663040431681,136.002575683594,135.99996183968
1069.45,136.09239568,136.008652160295,136.006138206763,136.006138206763,136.00610380206,135.6869,135.689243327999,136.002648925781,136.000037777333
1069.5,136.09236848,136.008646743394,136.00614039526,136.00614039526,136.006105950914,135.7131,135.715446224317,136.002722167969,136.000113714986
1069.55,136.09234264,136.008641326492,136.006142583756,136.006142583756,136.006108099767,135.7393,135.741649120635,136.002795410156,136.000189652638
1069.6,136.0923168,136.008635909591,136.006144772252,136.006144772252,136.006110248621,135.7655,135.767852016953,136.002868652344,136.000265590291
1069.65,136.09229096,136.00863049269,136.006146960749,136.006146960749,136.006112397474,135.7917,135.794054913272,136.002941894531,136.000341527944
1069.7,136.09226512,136.008625075788,136.006149149245,136.006149149245,136.006114546328,135.8179,135.82025780959,136.003015136719,136.000417465596
1069.75,136.09223928,136.008619658887,136.006151337741,136.006151337741,136.006116695181,135.8441,135.846460705908,136.003088378906,136.000493403249
1069.8,136.09221208,136.008614241985,136.006153526238,136.006153526238,136.006118844035,135.8703,135.872663602226,136.003161621094,136.000569340902
1069.85,136.09218624,136.008608825084,136.006155714734,136.006155714734,136.006120992888,135.8965,135.898866498544,136.003234863281,136.000645278554
1069.9,136.0921604,136.008603408183,136.006157903231,136.006157903231,136.006123141742,135.9227,135.925069394862,136.003308105469,136.000721216207
1069.95,136.09213456,136.008597991281,136.006160091727,136.006160091727,136.006125290595,135.9489,135.95127229118,136.003381347656,136.00079715386
1070,136.09210872,136.00859257438,136.006162280223,136.006162280223,136.006127439448,135.9621,135.964475187498,136.003454589844,136.000873091512
1070.05,136.09208288,136.008614437847,136.006180351845,136.006180351845,136.006145583209,135.9623,135.96466357927,136.003527832031,136.000955308201
1070.1,136.09205704,136.008636301314,136.006198423468,136.006198423468,136.00616372697,135.9625,135.964851971043,136.003601074219,136.001037524889
1070.15,136.09202984,136.008658164781,136.00621649509,136.00621649509,136.00618187073,135.9627,135.965040362815,136.003674316406,136.001119741577
1070.2,136.092004,136.008680028248,136.006234566712,136.006234566712,136.006200014491,135.9629,135.965228754587,136.003747558594,136.001201958266
1070.25,136.09197816,136.008701891715,136.006252638334,136.006252638334,136.006218158252,135.9631,135.965417146359,136.003820800781,136.001284174954
1070.3,136.09195232,136.008723755183,136.006270709956,136.006270709956,136.006236302012,135.9633,135.965605538131,136.003894042969,136.001366391642
1070.35,136.09192648,136.00874561865,136.006288781578,136.006288781578,136.006254445773,135.9635,135.965793929903,136.003967285156,136.001448608331
1070.4,136.09190064,136.008767482117,136.0063068532,136.0063068532,136.006272589534,135.9637,135.965982321675,136.004040527344,136.001530825019
1070.45,136.09187344,136.008789345584,136.006324924823,136.006324924823,136.006290733294,135.9639,135.966170713447,136.004113769531,136.001613041708
1070.5,136.0918476,136.008811209051,136.006342996445,136.006342996445,136.006308877055,135.9641,135.96635910522,136.004187011719,136.001695258396
1070.55,136.09182176,136.008833072518,136.006361068067,136.006361068067,136.006327020815,135.9643,135.966547496992,136.004260253906,136.001777475084
1070.6,136.09179592,136.008854935985,136.006379139689,136.006379139689,136.006345164576,135.9645,135.966735888764,136.004333496094,136.001859691773
1070.65,136.09177008,136.008876799453,136.006397211311,136.006397211311,136.006363308337,135.9647,135.966924280536,136.004406738281,136.001941908461
1070.7,136.09174424,136.00889866292,136.006415282933,136.006415282933,136.006381452097,135.9649,135.967112672308,136.004479980469,136.002024125149
1070.75,136.09171704,136.008920526387,136.006433354556,136.006433354556,136.006399595858,135.9651,135.96730106408,136.004553222656,136.002106341838
1070.8,136.0916912,136.008942389854,136.006451426178,136.006451426178,136.006417739619,135.9653,135.967489455852,136.004626464844,136.002188558526
1070.85,136.09166536,136.008964253321,136.0064694978,136.0064694978,136.006435883379,135.9655,135.967677847624,136.004699707031,136.002270775214
1070.9,136.09163952,136.008986116788,136.006487569422,136.006487569422,136.00645402714,135.9657,135.967866239397,136.004772949219,136.002352991903
1070.95,136.09161368,136.009007980255,136.006505641044,136.006505641044,136.006472170901,135.9659,135.968054631169,136.004846191406,136.002435208591
1071,136.09158784,136.009029843723,136.006523712666,136.006523712666,136.006490314661,135.966225,135.968368022941,136.004919433594,136.00251742528
1071.05,136.091562,136.00905170719,136.006541784289,136.006541784289,136.006508458422,135.966675,135.968806414713,136.004992675781,136.002599641968
1071.1,136.0915348,136.009073570657,136.006559855911,136.006559855911,136.006526602183,135.967125,135.969244806485,136.005065917969,136.002681858656
1071.15,136.09150896,136.009095434124,136.006577927533,136.006577927533,136.006544745943,135.967575,135.969683198257,136.005139160156,136.002764075345
1071.2,136.09148312,136.009117297591,136.006595999155,136.006595999155,136.006562889704,135.968025,135.970121590029,136.005212402344,136.002846292033
1071.25,136.09145728,136.009139161058,136.006614070777,136.006614070777,136.006581033464,135.968475,135.970559981801,136.005285644531,136.002928508721
1071.3,136.09143144,136.009161024525,136.006632142399,136.006632142399,136.006599177225,135.968925,135.970998373574,136.005358886719,136.00301072541
1071.35,136.0914056,136.009182887993,136.006650214022,136.006650214022,136.006617320986,135.969375,135.971436765346,136.005432128906,136.003092942098
1071.4,136.0913784,136.00920475146,136.006668285644,136.006668285644,136.006635464746,135.969825,135.971875157118,136.005505371094,136.003175158787
1071.45,136.09135256,136.009226614927,136.006686357266,136.006686357266,136.006653608507,135.970275,135.97231354889,136.005578613281,136.003257375475
1071.5,136.09132672,136.009248478394,136.006704428888,136.006704428888,136.006671752268,135.970725,135.972751940662,136.005651855469,136.003339592163
1071.55,136.09130088,136.009270341861,136.00672250051,136.00672250051,136.006689896028,135.971175,135.973190332434,136.005725097656,136.003421808852
1071.6,136.09127504,136.009292205328,136.006740572132,136.006740572132,136.006708039789,135.971625,135.973628724206,136.005798339844,136.00350402554
1071.65,136.0912492,136.009314068796,136.006758643754,136.006758643754,136.00672618355,135.972075,135.974067115978,136.005871582031,136.003586242228
1071.7,136.09122336,136.009335932263,136.006776715377,136.006776715377,136.00674432731,135.972525,135.974505507751,136.005944824219,136.003668458917
1071.75,136.09119616,136.00935779573,136.006794786999,136.006794786999,136.006762471071,135.972975,135.974943899523,136.006018066406,136.003750675605
1071.8,136.09117032,136.009379659197,136.006812858621,136.006812858621,136.006780614832,135.973425,135.975382291295,136.006091308594,136.003832892293
1071.85,136.09114448,136.009401522664,136.006830930243,136.006830930243,136.006798758592,135.973875,135.975820683067,136.006164550781,136.003915108982
1071.9,136.09111864,136.009423386131,136.006849001865,136.006849001865,136.006816902353,135.974325,135.976259074839,136.006237792969,136.00399732567
1071.95,136.0910928,136.009445249598,136.006867073487,136.006867073487,136.006835046113,135.974775,135.976697466611,136.006311035156,136.004079542359
1072,136.09106696,136.009467113066,136.00688514511,136.00688514511,136.006853189874,135.975,135.976910858383,136.006384277344,136.004161759047
1072.05,136.09103976,136.009488976533,136.006903216732,136.006903216732,136.006871333635,135.975,135.976899250156,136.006457519531,136.004243975735
1072.1,136.09101392,136.00951084,136.006921288354,136.006921288354,136.006889477395,135.975,135.976887641928,136.006530761719,136.004326192424
1072.15,136.09098808,136.009532703467,136.006939359976,136.006939359976,136.006907621156,135.975,135.9768760337,136.006604003906,136.004408409112
1072.2,136.09096224,136.009554566934,136.006957431598,136.006957431598,136.006925764917,135.975,135.976864425472,136.006677246094,136.0044906258
1072.25,136.0909364,136.009576430401,136.00697550322,136.00697550322,136.006943908677,135.975,135.976852817244,136.006750488281,136.004572842489
1072.3,136.09091056,136.009598293868,136.006993574843,136.006993574843,136.006962052438,135.975,135.976841209016,136.006823730469,136.004655059177
1072.35,136.09088336,136.009620157336,136.007011646465,136.007011646465,136.006980196199,135.975,135.976829600788,136.006896972656,136.004737275866
1072.4,136.09085752,136.009642020803,136.007029718087,136.007029718087,136.006998339959,135.975,135.97681799256,136.006970214844,136.004819492554
1072.45,136.09083168,136.00966388427,136.007047789709,136.007047789709,136.00701648372,135.975,135.976806384333,136.007043457031,136.004901709242
1072.5,136.09080584,136.009685747737,136.007065861331,136.007065861331,136.007034627481,135.975,135.976794776105,136.007116699219,136.004983925931
1072.55,136.09078,136.009707611204,136.007083932953,136.007083932953,136.007052771241,135.975,135.976783167877,136.007189941406,136.005066142619
1072.6,136.09075416,136.009729474671,136.007102004576,136.007102004576,136.007070915002,135.975,135.976771559649,136.007263183594,136.005148359307
1072.65,136.09072832,136.009751338138,136.007120076198,136.007120076198,136.007089058762,135.975,135.976759951421,136.007336425781,136.005230575996
1072.7,136.09070112,136.009773201606,136.00713814782,136.00713814782,136.007107202523,135.975,135.976748343193,136.007409667969,136.005312792684
1072.75,136.09067528,136.009795065073,136.007156219442,136.007156219442,136.007125346284,135.975,135.976736734965,136.007482910156,136.005395009372
1072.8,136.09064944,136.00981692854,136.007174291064,136.007174291064,136.007143490044,135.975,135.976725126737,136.007556152344,136.005477226061
1072.85,136.0906236,136.009838792007,136.007192362686,136.007192362686,136.007161633805,135.975,135.97671351851,136.007629394531,136.005559442749
1072.9,136.09059776,136.009860655474,136.007210434309,136.007210434309,136.007179777566,135.975,135.976701910282,136.007702636719,136.005641659438
1072.95,136.09057192,136.009882518941,136.007228505931,136.007228505931,136.007197921326,135.975,135.976690302054,136.007775878906,136.005723876126
1073,136.09054472,136.010029382408,136.007371577553,136.007371577553,136.007341065087,135.97565,135.977328693826,136.007897949219,136.005854920939
1073.05,136.09051888,136.010301245876,136.007639649175,136.007639649175,136.007609208848,135.97695,135.978617085598,136.008068847656,136.006034793878
1073.1,136.09049304,136.010573109343,136.007907720797,136.007907720797,136.007877352608,135.97825,135.97990547737,136.008239746094,136.006214666816
1073.15,136.0904672,136.01084497281,136.008175792419,136.008175792419,136.008145496369,135.97955,135.981193869142,136.008410644531,136.006394539754
1073.2,136.09044136,136.011116836277,136.008443864042,136.008443864042,136.00841364013,135.98085,135.982482260914,136.008581542969,136.006574412693
1073.25,136.09041552,136.011388699744,136.008711935664,136.008711935664,136.00868178389,135.98215,135.983770652687,136.008752441406,136.006754285631
1073.3,136.09038968,136.011660563211,136.008980007286,136.008980007286,136.008949927651,135.98345,135.985059044459,136.008923339844,136.006934158569
1073.35,136.09036248,136.011932426678,136.009248078908,136.009248078908,136.009218071411,135.98475,135.986347436231,136.009094238281,136.007114031508
1073.4,136.09033664,136.012204290146,136.00951615053,136.00951615053,136.009486215172,135.98605,135.987635828003,136.009265136719,136.007293904446
1073.45,136.0903108,136.012476153613,136.009784222152,136.009784222152,136.009754358933,135.98735,135.988924219775,136.009436035156,136.007473777385
1073.5,136.09028496,136.01274801708,136.010052293774,136.010052293774,136.010022502693,135.98865,135.990212611547,136.009606933594,136.007653650323
1073.55,136.09025912,136.013019880547,136.010320365397,136.010320365397,136.010290646454,135.98995,135.991501003319,136.009777832031,136.007833523261
1073.6,136.09023328,136.013291744014,136.010588437019,136.010588437019,136.010558790215,135.99125,135.992789395092,136.009948730469,136.0080133962
1073.65,136.09020608,136.013563607481,136.010856508641,136.010856508641,136.010826933975,135.99255,135.994077786864,136.010119628906,136.008193269138
1073.7,136.09018024,136.013835470948,136.011124580263,136.011124580263,136.011095077736,135.99385,135.995366178636,136.010290527344,136.008373142076
1073.75,136.0901544,136.014107334416,136.011392651885,136.011392651885,136.011363221497,135.99515,135.996654570408,136.010461425781,136.008553015015
1073.8,136.09012856,136.014379197883,136.011660723507,136.011660723507,136.011631365257,135.99645,135.99794296218,136.010632324219,136.008732887953
1073.85,136.09010272,136.01465106135,136.01192879513,136.01192879513,136.011899509018,135.99775,135.999231353952,136.010803222656,136.008912760892
1073.9,136.09007688,136.014922924817,136.012196866752,136.012196866752,136.012167652779,135.99905,136.000519745724,136.010974121094,136.00909263383
1073.95,136.09004968,136.015194788284,136.012464938374,136.012464938374,136.012435796539,136.00035,136.001808137496,136.011145019531,136.009272506768
1074,136.09002384,136.015466651751,136.012733009996,136.012733009996,136.0127039403,136.001875,136.003321529269,136.011315917969,136.009452379707
1074.05,136.089998,136.015738515218,136.013001081618,136.013001081618,136.01297208406,136.003625,136.005059921041,136.011486816406,136.009632252645
1074.1,136.08997216,136.016010378686,136.01326915324,136.01326915324,136.013240227821,136.005375,136.006798312813,136.011657714844,136.009812125583
1074.15,136.08994632,136.016282242153,136.013537224863,136.013537224863,136.013508371582,136.007125,136.008536704585,136.011828613281,136.009991998522
1074.2,136.08992048,136.01655410562,136.013805296485,136.013805296485,136.013776515342,136.008875,136.010275096357,136.011999511719,136.01017187146
1074.25,136.08989464,136.016825969087,136.014073368107,136.014073368107,136.014044659103,136.010625,136.012013488129,136.012170410156,136.010351744398
1074.3,136.08986744,136.017097832554,136.014341439729,136.014341439729,136.014312802864,136.012375,136.013751879901,136.012341308594,136.010531617337
1074.35,136.0898416,136.017369696021,136.014609511351,136.014609511351,136.014580946624,136.014125,136.015490271673,136.012512207031,136.010711490275
1074.4,136.08981576,136.017641559488,136.014877582973,136.014877582973,136.014849090385,136.015875,136.017228663446,136.012683105469,136.010891363214
1074.45,136.08978992,136.017913422956,136.015145654596,136.015145654596,136.015117234146,136.017625,136.018967055218,136.012854003906,136.011071236152
1074.5,136.08976408,136.018185286423,136.015413726218,136.015413726218,136.015385377906,136.019375,136.02070544699,136.013024902344,136.01125110909
1074.55,136.08973824,136.01845714989,136.01568179784,136.01568179784,136.015653521667,136.021125,136.022443838762,136.013195800781,136.011430982029
1074.6,136.08971104,136.018729013357,136.015949869462,136.015949869462,136.015921665427,136.022875,136.024182230534,136.013366699219,136.011610854967
1074.65,136.0896852,136.019000876824,136.016217941084,136.016217941084,136.016189809188,136.024625,136.025920622306,136.013537597656,136.011790727905
1074.7,136.08965936,136.019272740291,136.016486012706,136.016486012706,136.016457952949,136.026375,136.027659014078,136.013708496094,136.011970600844
1074.75,136.08963352,136.019544603758,136.016754084329,136.016754084329,136.016726096709,136.028125,136.02939740585,136.013879394531,136.012150473782
1074.8,136.08960768,136.019816467226,136.017022155951,136.017022155951,136.01699424047,136.029875,136.031135797623,136.014050292969,136.012330346721
1074.85,136.08958184,136.020088330693,136.017290227573,136.017290227573,136.017262384231,136.031625,136.032874189395,136.014221191406,136.012510219659
1074.9,136.08955464,136.02036019416,136.017558299195,136.017558299195,136.017530527991,136.033375,136.034612581167,136.014392089844,136.012690092597
1074.95,136.0895288,136.020632057627,136.017826370817,136.017826370817,136.017798671752,136.035125,136.036350972939,136.014562988281,136.012869965536
1075,136.08950296,136.020903921094,136.018094442439,136.018094442439,136.018066815513,136.0375,136.038714364711,136.014733886719,136.013049838474
1075.05,136.08947712,136.021175784561,136.018362514061,136.018362514061,136.018334959273,136.0405,136.041702756483,136.014904785156,136.013229711412
1075.1,136.08945128,136.021447648028,136.018630585684,136.018630585684,136.018603103034,136.0435,136.044691148255,136.015075683594,136.013409584351
1075.15,136.08942544,136.021719511496,136.018898657306,136.018898657306,136.018871246795,136.0465,136.047679540028,136.015246582031,136.013589457289
1075.2,136.0893996,136.021991374963,136.019166728928,136.019166728928,136.019139390555,136.0495,136.0506679318,136.015417480469,136.013769330227
1075.25,136.0893724,136.02226323843,136.01943480055,136.01943480055,136.019407534316,136.0525,136.053656323572,136.015588378906,136.013949203166
1075.3,136.08934656,136.022535101897,136.019702872172,136.019702872172,136.019675678077,136.0555,136.056644715344,136.015759277344,136.014129076104
1075.35,136.08932072,136.022806965364,136.019970943794,136.019970943794,136.019943821837,136.0585,136.059633107116,136.015930175781,136.014308949043
1075.4,136.08929488,136.023078828831,136.020239015417,136.020239015417,136.020211965598,136.0615,136.062621498888,136.016101074219,136.014488821981
1075.45,136.08926904,136.023350692298,136.020507087039,136.020507087039,136.020480109358,136.0645,136.06560989066,136.016271972656,136.014668694919
1075.5,136.0892432,136.023622555766,136.020775158661,136.020775158661,136.020748253119,136.0675,136.068598282432,136.016442871094,136.014848567858
1075.55,136.089216,136.023894419233,136.021043230283,136.021043230283,136.02101639688,136.0705,136.071586674205,136.016613769531,136.015028440796
1075.6,136.08919016,136.0241662827,136.021311301905,136.021311301905,136.02128454064,136.0735,136.074575065977,136.016784667969,136.015208313734
1075.65,136.08916432,136.024438146167,136.021579373527,136.021579373527,136.021552684401,136.0765,136.077563457749,136.016955566406,136.015388186673
1075.7,136.08913848,136.024710009634,136.02184744515,136.02184744515,136.021820828162,136.0795,136.080551849521,136.017126464844,136.015568059611
1075.75,136.08911264,136.024981873101,136.022115516772,136.022115516772,136.022088971922,136.0825,136.083540241293,136.017297363281,136.01574793255
1075.8,136.0890868,136.025253736569,136.022383588394,136.022383588394,136.022357115683,136.0855,136.086528633065,136.017468261719,136.015927805488
1075.85,136.08906096,136.025525600036,136.022651660016,136.022651660016,136.022625259444,136.0885,136.089517024837,136.017639160156,136.016107678426
1075.9,136.08903376,136.025797463503,136.022919731638,136.022919731638,136.022893403204,136.0915,136.092505416609,136.017810058594,136.016287551365
1075.95,136.08900792,136.02606932697,136.02318780326,136.02318780326,136.023161546965,136.0945,136.095493808382,136.017980957031,136.016467424303
1076,136.08898208,136.026216190437,136.023330874883,136.023330874883,136.023304690725,136.096,136.096982200154,136.018151855469,136.016647297241
1076.05,136.08895624,136.026238053904,136.023348946505,136.023348946505,136.023322834486,136.096,136.096970591926,136.018322753906,136.01682717018
1076.1,136.0889304,136.026259917371,136.023367018127,136.023367018127,136.023340978247,136.096,136.096958983698,136.018493652344,136.017007043118
1076.15,136.08890456,136.026281780839,136.023385089749,136.023385089749,136.023359122007,136.096,136.09694737547,136.018664550781,136.017186916056
1076.2,136.08887736,136.026303644306,136.023403161371,136.023403161371,136.023377265768,136.096,136.096935767242,136.018835449219,136.017366788995
1076.25,136.08885152,136.026325507773,136.023421232993,136.023421232993,136.023395409529,136.096,136.096924159014,136.019006347656,136.017546661933
1076.3,136.08882568,136.02634737124,136.023439304616,136.023439304616,136.023413553289,136.096,136.096912550786,136.019177246094,136.017726534872
1076.35,136.08879984,136.026369234707,136.023457376238,136.023457376238,136.02343169705,136.096,136.096900942559,136.019348144531,136.01790640781
1076.4,136.088774,136.026391098174,136.02347544786,136.02347544786,136.023449840811,136.096,136.096889334331,136.019519042969,136.018086280748
1076.45,136.08874816,136.026412961641,136.023493519482,136.023493519482,136.023467984571,136.096,136.096877726103,136.019689941406,136.018266153687
1076.5,136.08872096,136.026434825109,136.023511591104,136.023511591104,136.023486128332,136.096,136.096866117875,136.019860839844,136.018446026625
1076.55,136.08869512,136.026456688576,136.023529662726,136.023529662726,136.023504272093,136.096,136.096854509647,136.020031738281,136.018625899563
1076.6,136.08866928,136.026478552043,136.023547734349,136.023547734349,136.023522415853,136.096,136.096842901419,136.020202636719,136.018805772502
1076.65,136.08864344,136.02650041551,136.023565805971,136.023565805971,136.023540559614,136.096,136.096831293191,136.020373535156,136.01898564544
1076.7,136.0886176,136.026522278977,136.023583877593,136.023583877593,136.023558703374,136.096,136.096819684963,136.020544433594,136.019165518379
1076.75,136.08859176,136.026544142444,136.023601949215,136.023601949215,136.023576847135,136.096,136.096808076736,136.020715332031,136.019345391317
1076.8,136.08856592,136.026566005911,136.023620020837,136.023620020837,136.023594990896,136.096,136.096796468508,136.020886230469,136.019525264255
1076.85,136.08853872,136.026587869379,136.023638092459,136.023638092459,136.023613134656,136.096,136.09678486028,136.021057128906,136.019705137194
1076.9,136.08851288,136.026609732846,136.023656164081,136.023656164081,136.023631278417,136.096,136.096773252052,136.021228027344,136.019885010132
1076.95,136.08848704,136.026631596313,136.023674235704,136.023674235704,136.023649422178,136.096,136.096761643824,136.021398925781,136.02006488307
1077,136.0884612,136.02665345978,136.023692307326,136.023692307326,136.023667565938,136.096,136.096750035596,136.021569824219,136.020244756009
1077.05,136.08843536,136.026675323247,136.023710378948,136.023710378948,136.023685709699,136.096,136.096738427368,136.021740722656,136.020424628947
1077.1,136.08840952,136.026697186714,136.02372845057,136.02372845057,136.02370385346,136.096,136.096726819141,136.021911621094,136.020604501885
1077.15,136.08838232,136.026719050181,136.023746522192,136.023746522192,136.02372199722,136.096,136.096715210913,136.022082519531,136.020784374824
1077.2,136.08835648,136.026740913649,136.023764593814,136.023764593814,136.023740140981,136.096,136.096703602685,136.022253417969,136.020964247762
1077.25,136.08833064,136.026762777116,136.023782665437,136.023782665437,136.023758284742,136.096,136.096691994457,136.022424316406,136.021144120701
1077.3,136.0883048,136.026784640583,136.023800737059,136.023800737059,136.023776428502,136.096,136.096680386229,136.022595214844,136.021323993639
1077.35,136.08827896,136.02680650405,136.023818808681,136.023818808681,136.023794572263,136.096,136.096668778001,136.022766113281,136.021503866577
1077.4,136.08825312,136.026828367517,136.023836880303,136.023836880303,136.023812716023,136.096,136.096657169773,136.022937011719,136.021683739516
1077.45,136.08822728,136.026850230984,136.023854951925,136.023854951925,136.023830859784,136.096,136.096645561545,136.023107910156,136.021863612454
1077.5,136.08820008,136.026872094451,136.023873023547,136.023873023547,136.023849003545,136.096,136.096633953318,136.023278808594,136.022043485392
1077.55,136.08817424,136.026893957919,136.02389109517,136.02389109517,136.023867147305,136.096,136.09662234509,136.023449707031,136.022223358331
1077.6,136.0881484,136.026915821386,136.023909166792,136.023909166792,136.023885291066,136.096,136.096610736862,136.023620605469,136.022403231269
1077.65,136.08812256,136.026937684853,136.023927238414,136.023927238414,136.023903434827,136.096,136.096599128634,136.023791503906,136.022583104207
1077.7,136.08809672,136.02695954832,136.023945310036,136.023945310036,136.023921578587,136.096,136.096587520406,136.023962402344,136.022762977146
1077.75,136.08807088,136.026981411787,136.023963381658,136.023963381658,136.023939722348,136.096,136.096575912178,136.024133300781,136.022942850084
1077.8,136.08804368,136.027003275254,136.02398145328,136.02398145328,136.023957866109,136.096,136.09656430395,136.024304199219,136.023122723023
1077.85,136.08801784,136.027025138721,136.023999524903,136.023999524903,136.023976009869,136.096,136.096552695722,136.024475097656,136.023302595961
1077.9,136.087992,136.027047002189,136.024017596525,136.024017596525,136.02399415363,136.096,136.096541087495,136.024645996094,136.023482468899
1077.95,136.08796616,136.027068865656,136.024035668147,136.024035668147,136.024012297391,136.096,136.096529479267,136.024816894531,136.023662341838
1078,136.08794032,136.027090729123,136.024053739769,136.024053739769,136.024030441151,136.096125,136.096642871039,136.024987792969,136.023842214776
1078.05,136.08791448,136.02711259259,136.024071811391,136.024071811391,136.024048584912,136.096375,136.096881262811,136.025158691406,136.024022087714
1078.1,136.08788728,136.027134456057,136.024089883013,136.024089883013,136.024066728672,136.096625,136.097119654583,136.025329589844,136.024201960653
1078.15,136.08786144,136.027156319524,136.024107954635,136.024107954635,136.024084872433,136.096875,136.097358046355,136.025500488281,136.024381833591
1078.2,136.0878356,136.027178182991,136.024126026258,136.024126026258,136.024103016194,136.097125,136.097596438127,136.025671386719,136.02456170653
1078.25,136.08780976,136.027200046459,136.02414409788,136.02414409788,136.024121159954,136.097375,136.097834829899,136.025842285156,136.024741579468
1078.3,136.08778392,136.027221909926,136.024162169502,136.024162169502,136.024139303715,136.097625,136.098073221672,136.026013183594,136.024921452406
1078.35,136.08775808,136.027243773393,136.024180241124,136.024180241124,136.024157447476,136.097875,136.098311613444,136.026184082031,136.025101325345
1078.4,136.08773224,136.02726563686,136.024198312746,136.024198312746,136.024175591236,136.098125,136.098550005216,136.026354980469,136.025281198283
1078.45,136.08770504,136.027287500327,136.024216384368,136.024216384368,136.024193734997,136.098375,136.098788396988,136.026525878906,136.025461071221
1078.5,136.0876792,136.027309363794,136.024234455991,136.024234455991,136.024211878758,136.098625,136.09902678876,136.026696777344,136.02564094416
1078.55,136.08765336,136.027331227261,136.024252527613,136.024252527613,136.024230022518,136.098875,136.099265180532,136.026867675781,136.025820817098
1078.6,136.08762752,136.027353090729,136.024270599235,136.024270599235,136.024248166279,136.099125,136.099503572304,136.027038574219,136.026000690036
1078.65,136.08760168,136.027374954196,136.024288670857,136.024288670857,136.02426631004,136.099375,136.099741964076,136.027209472656,136.026180562975
1078.7,136.08757584,136.027396817663,136.024306742479,136.024306742479,136.0242844538,136.099625,136.099980355849,136.027380371094,136.026360435913
1078.75,136.08754864,136.02741868113,136.024324814101,136.024324814101,136.024302597561,136.099875,136.100218747621,136.027551269531,136.026540308852
1078.8,136.0875228,136.027440544597,136.024342885724,136.024342885724,136.024320741321,136.100125,136.100457139393,136.027722167969,136.02672018179
1078.85,136.08749696,136.027462408064,136.024360957346,136.024360957346,136.024338885082,136.100375,136.100695531165,136.027893066406,136.026900054728
1078.9,136.08747112,136.027484271531,136.024379028968,136.024379028968,136.024357028843,136.100625,136.100933922937,136.028063964844,136.027079927667
1078.95,136.08744528,136.027506134999,136.02439710059,136.02439710059,136.024375172603,136.100875,136.101172314709,136.028234863281,136.027259800605
1079,136.08741944,136.027402998466,136.024290172212,136.024290172212,136.024268316364,136.101,136.101285706481,136.028405761719,136.027439673543
1079.05,136.08739224,136.027174861933,136.024058243834,136.024058243834,136.024036460125,136.101,136.101274098254,136.028576660156,136.027619546482
1079.1,136.0873664,136.0269467254,136.023826315457,136.023826315457,136.023804603885,136.101,136.101262490026,136.028747558594,136.02779941942
1079.15,136.08734056,136.026718588867,136.023594387079,136.023594387079,136.023572747646,136.101,136.101250881798,136.028918457031,136.027979292359
1079.2,136.08731472,136.026490452334,136.023362458701,136.023362458701,136.023340891407,136.101,136.10123927357,136.029089355469,136.028159165297
1079.25,136.08728888,136.026262315801,136.023130530323,136.023130530323,136.023109035167,136.101,136.101227665342,136.029260253906,136.028339038235
1079.3,136.08726304,136.026034179269,136.022898601945,136.022898601945,136.022877178928,136.101,136.101216057114,136.029431152344,136.028518911174
1079.35,136.0872372,136.025806042736,136.022666673567,136.022666673567,136.022645322689,136.101,136.101204448886,136.029602050781,136.028698784112
1079.4,136.08721,136.025577906203,136.02243474519,136.02243474519,136.022413466449,136.101,136.101192840658,136.029772949219,136.02887865705
1079.45,136.08718416,136.02534976967,136.022202816812,136.022202816812,136.02218161021,136.101,136.101181232431,136.029943847656,136.029058529989
1079.5,136.08715832,136.025121633137,136.021970888434,136.021970888434,136.02194975397,136.101,136.101169624203,136.030114746094,136.029238402927
1079.55,136.08713248,136.024893496604,136.021738960056,136.021738960056,136.021717897731,136.101,136.101158015975,136.030285644531,136.029418275865
1079.6,136.08710664,136.024665360072,136.021507031678,136.021507031678,136.021486041492,136.101,136.101146407747,136.030456542969,136.029598148804
1079.65,136.0870808,136.024437223539,136.0212751033,136.0212751033,136.021254185252,136.101,136.101134799519,136.030627441406,136.029778021742
1079.7,136.0870536,136.024209087006,136.021043174923,136.021043174923,136.021022329013,136.101,136.101123191291,136.030798339844,136.029957894681
1079.75,136.08702776,136.023980950473,136.020811246545,136.020811246545,136.020790472774,136.101,136.101111583063,136.030969238281,136.030137767619
1079.8,136.08700192,136.02375281394,136.020579318167,136.020579318167,136.020558616534,136.101,136.101099974835,136.031140136719,136.030317640557
1079.85,136.08697608,136.023524677407,136.020347389789,136.020347389789,136.020326760295,136.101,136.101088366608,136.031311035156,136.030497513496
1079.9,136.08695024,136.023296540874,136.020115461411,136.020115461411,136.020094904056,136.101,136.10107675838,136.031481933594,136.030677386434
1079.95,136.0869244,136.023068404342,136.019883533033,136.019883533033,136.019863047816,136.101,136.101065150152,136.031652832031,136.030857259372
1080,136.08689856,136.022840267809,136.019651604655,136.019651604655,136.019631191577,136.1291,136.129153541924,136.031823730469,136.031037132311
1080.05,136.08687136,136.022588010637,136.019418211349,136.019418211349,136.01939811244,136.1853,136.185334768637,136.031994628906,136.031212881952
1080.1,136.08684552,136.022335753465,136.019184818043,136.019184818043,136.019165033302,136.2415,136.24151599535,136.032165527344,136.031388631593
1080.15,136.08681968,136.022083496294,136.018951424736,136.018951424736,136.018931954165,136.2977,136.297697222064,136.032336425781,136.031564381234
1080.2,136.08679384,136.021831239122,136.01871803143,136.01871803143,136.018698875028,136.3539,136.353878448777,136.032507324219,136.031740130875
1080.25,136.086768,136.02157898195,136.018484638123,136.018484638123,136.018465795891,136.4101,136.41005967549,136.032678222656,136.031915880516
1080.3,136.08674216,136.021326724778,136.018251244817,136.018251244817,136.018232716753,136.4663,136.466240902203,136.032849121094,136.032091630157
1080.35,136.08671496,136.021074467607,136.01801785151,136.01801785151,136.017999637616,136.5225,136.522422128916,136.033020019531,136.032267379799
1080.4,136.08668912,136.020822210435,136.017784458204,136.017784458204,136.017766558479,136.5787,136.57860335563,136.033190917969,136.03244312944
1080.45,136.08666328,136.020569953263,136.017551064898,136.017551064898,136.017533479342,136.6349,136.634784582343,136.033361816406,136.032618879081
1080.5,136.08663744,136.020317696092,136.017317671591,136.017317671591,136.017300400204,136.6911,136.690965809056,136.033532714844,136.032794628722
1080.55,136.0866116,136.02006543892,136.017084278285,136.017084278285,136.017067321067,136.7473,136.747147035769,136.033703613281,136.032970378363
1080.6,136.08658576,136.019813181748,136.016850884978,136.016850884978,136.01683424193,136.8035,136.803328262483,136.033874511719,136.033146128004
1080.65,136.08655856,136.019560924576,136.016617491672,136.016617491672,136.016601162793,136.8597,136.859509489196,136.034045410156,136.033321877645
1080.7,136.08653272,136.019308667405,136.016384098365,136.016384098365,136.016368083656,136.9159,136.915690715909,136.034216308594,136.033497627286
1080.75,136.08650688,136.019056410233,136.016150705059,136.016150705059,136.016135004518,136.9721,136.971871942622,136.034387207031,136.033673376928
1080.8,136.08648104,136.018804153061,136.015917311752,136.015917311752,136.015901925381,137.0283,137.028053169335,136.034558105469,136.033849126569
1080.85,136.0864552,136.01855189589,136.015683918446,136.015683918446,136.015668846244,137.0845,137.084234396049,136.034729003906,136.03402487621
1080.9,136.08642936,136.018299638718,136.015450525139,136.015450525139,136.015435767107,137.1407,137.140415622762,136.034899902344,136.034200625851
1080.95,136.08640352,136.018047381546,136.015217131833,136.015217131833,136.015202687969,137.1969,137.196596849475,136.035070800781,136.034376375492
1081,136.08637632,136.017795124374,136.014983738527,136.014983738527,136.014969608832,137.2252,137.224878076188,136.034973144531,136.034283570446
1081.05,136.08635048,136.017542867203,136.01475034522,136.01475034522,136.014736529695,137.2256,137.225259302902,136.034606933594,136.033922210712
1081.1,136.08632464,136.017290610031,136.014516951914,136.014516951914,136.014503450558,137.226,137.225640529615,136.034240722656,136.033560850978
1081.15,136.0862988,136.017038352859,136.014283558607,136.014283558607,136.01427037142,137.2264,137.226021756328,136.033874511719,136.033199491244
1081.2,136.08627296,136.016786095688,136.014050165301,136.014050165301,136.014037292283,137.2268,137.226402983041,136.033508300781,136.03283813151
1081.25,136.08624712,136.016533838516,136.013816771994,136.013816771994,136.013804213146,137.2272,137.226784209754,136.033142089844,136.032476771776
1081.3,136.08621992,136.016281581344,136.013583378688,136.013583378688,136.013571134009,137.2276,137.227165436468,136.032775878906,136.032115412042
1081.35,136.08619408,136.016029324172,136.013349985382,136.013349985382,136.013338054871,137.228,137.227546663181,136.032409667969,136.031754052308
1081.4,136.08616824,136.015777067001,136.013116592075,136.013116592075,136.013104975734,137.2284,137.227927889894,136.032043457031,136.031392692575
1081.45,136.0861424,136.015524809829,136.012883198769,136.012883198769,136.012871896597,137.2288,137.228309116607,136.031677246094,136.031031332841
1081.5,136.08611656,136.015272552657,136.012649805462,136.012649805462,136.01263881746,137.2292,137.22869034332,136.031311035156,136.030669973107
1081.55,136.08609072,136.015020295486,136.012416412156,136.012416412156,136.012405738323,137.2296,137.229071570034,136.030944824219,136.030308613373
1081.6,136.08606352,136.014768038314,136.012183018849,136.012183018849,136.012172659185,137.23,137.229452796747,136.030578613281,136.029947253639
1081.65,136.08603768,136.014515781142,136.011949625543,136.011949625543,136.011939580048,137.2304,137.22983402346,136.030212402344,136.029585893905
1081.7,136.08601184,136.01426352397,136.011716232236,136.011716232236,136.011706500911,137.2308,137.230215250173,136.029846191406,136.029224534171
1081.75,136.085986,136.014011266799,136.01148283893,136.01148283893,136.011473421774,137.2312,137.230596476887,136.029479980469,136.028863174437
1081.8,136.08596016,136.013759009627,136.011249445624,136.011249445624,136.011240342636,137.2316,137.2309777036,136.029113769531,136.028501814704
1081.85,136.08593432,136.013506752455,136.011016052317,136.011016052317,136.011007263499,137.232,137.231358930313,136.028747558594,136.02814045497
1081.9,136.08590848,136.013254495284,136.010782659011,136.010782659011,136.010774184362,137.2324,137.231740157026,136.028381347656,136.027779095236
1081.95,136.08588128,136.013002238112,136.010549265704,136.010549265704,136.010541105225,137.2328,137.232121383739,136.028015136719,136.027417735502
1082,136.08585544,136.01274998094,136.010315872398,136.010315872398,136.010308026087,137.233,137.232302610453,136.027648925781,136.027056375768
1082.05,136.0858296,136.012497723769,136.010082479091,136.010082479091,136.01007494695,137.233,137.232283837166,136.027282714844,136.026695016034
1082.1,136.08580376,136.012245466597,136.009849085785,136.009849085785,136.009841867813,137.233,137.232265063879,136.026916503906,136.0263336563
1082.15,136.08577792,136.011993209425,136.009615692478,136.009615692478,136.009608788676,137.233,137.232246290592,136.026550292969,136.025972296566
1082.2,136.08575208,136.011740952253,136.009382299172,136.009382299172,136.009375709538,137.233,137.232227517305,136.026184082031,136.025610936832
1082.25,136.08572488,136.011488695082,136.009148905866,136.009148905866,136.009142630401,137.233,137.232208744019,136.025817871094,136.025249577099
1082.3,136.08569904,136.01123643791,136.008915512559,136.008915512559,136.008909551264,137.233,137.232189970732,136.025451660156,136.024888217365
1082.35,136.0856732,136.010984180738,136.008682119253,136.008682119253,136.008676472127,137.233,137.232171197445,136.025085449219,136.024526857631
1082.4,136.08564736,136.010731923567,136.008448725946,136.008448725946,136.00844339299,137.233,137.232152424158,136.024719238281,136.024165497897
1082.45,136.08562152,136.010479666395,136.00821533264,136.00821533264,136.008210313852,137.233,137.232133650872,136.024353027344,136.023804138163
1082.5,136.08559568,136.010227409223,136.007981939333,136.007981939333,136.007977234715,137.233,137.232114877585,136.023986816406,136.023442778429
1082.55,136.08556984,136.009975152051,136.007748546027,136.007748546027,136.007744155578,137.233,137.232096104298,136.023620605469,136.023081418695
1082.6,136.08554264,136.00972289488,136.00751515272,136.00751515272,136.007511076441,137.233,137.232077331011,136.023254394531,136.022720058961
1082.65,136.0855168,136.009470637708,136.007281759414,136.007281759414,136.007277997303,137.233,137.232058557724,136.022888183594,136.022358699228
1082.7,136.08549096,136.009218380536,136.007048366108,136.007048366108,136.007044918166,137.233,137.232039784438,136.022521972656,136.021997339494
1082.75,136.08546512,136.008966123365,136.006814972801,136.006814972801,136.006811839029,137.233,137.232021011151,136.022155761719,136.02163597976
1082.8,136.08543928,136.008713866193,136.006581579495,136.006581579495,136.006578759892,137.233,137.232002237864,136.021789550781,136.021274620026
1082.85,136.08541344,136.008461609021,136.006348186188,136.006348186188,136.006345680754,137.233,137.231983464577,136.021423339844,136.020913260292
1082.9,136.08538624,136.008209351849,136.006114792882,136.006114792882,136.006112601617,137.233,137.231964691291,136.021057128906,136.020551900558
1082.95,136.0853604,136.007957094678,136.005881399575,136.005881399575,136.00587952248,137.233,137.231945918004,136.020690917969,136.020190540824
1083,136.08533456,136.007704837506,136.005648006269,136.005648006269,136.005646443343,137.233,137.231927144717,136.020324707031,136.01982918109
1083.05,136.08530872,136.007452580334,136.005414612962,136.005414612962,136.005413364205,137.233,137.23190837143,136.019958496094,136.019467821356
1083.1,136.08528288,136.007200323163,136.005181219656,136.005181219656,136.005180285068,137.233,137.231889598143,136.019592285156,136.019106461623
1083.15,136.08525704,136.006948065991,136.00494782635,136.00494782635,136.004947205931,137.233,137.231870824857,136.019226074219,136.018745101889
1083.2,136.08522984,136.006695808819,136.004714433043,136.004714433043,136.004714126794,137.233,137.23185205157,136.018859863281,136.018383742155
1083.25,136.085204,136.006443551647,136.004481039737,136.004481039737,136.004481047656,137.233,137.231833278283,136.018493652344,136.018022382421
1083.3,136.08517816,136.006191294476,136.00424764643,136.00424764643,136.004247968519,137.233,137.231814504996,136.018127441406,136.017661022687
1083.35,136.08515232,136.005939037304,136.004014253124,136.004014253124,136.004014889382,137.233,137.231795731709,136.017761230469,136.017299662953
1083.4,136.08512648,136.005686780132,136.003780859817,136.003780859817,136.003781810245,137.233,137.231776958423,136.017395019531,136.016938303219
1083.45,136.08510064,136.005434522961,136.003547466511,136.003547466511,136.003548731108,137.233,137.231758185136,136.017028808594,136.016576943485
1083.5,136.0850748,136.005182265789,136.003314073204,136.003314073204,136.00331565197,137.233,137.231739411849,136.016662597656,136.016215583752
1083.55,136.0850476,136.004930008617,136.003080679898,136.003080679898,136.003082572833,137.233,137.231720638562,136.016296386719,136.015854224018
1083.6,136.08502176,136.004677751446,136.002847286592,136.002847286592,136.002849493696,137.233,137.231701865276,136.015930175781,136.015492864284
1083.65,136.08499592,136.004425494274,136.002613893285,136.002613893285,136.002616414559,137.233,137.231683091989,136.015563964844,136.01513150455
1083.7,136.08497008,136.004173237102,136.002380499979,136.002380499979,136.002383335421,137.233,137.231664318702,136.015197753906,136.014770144816
1083.75,136.08494424,136.00392097993,136.002147106672,136.002147106672,136.002150256284,137.233,137.231645545415,136.014831542969,136.014408785082
1083.8,136.0849184,136.003668722759,136.001913713366,136.001913713366,136.001917177147,137.233,137.231626772128,136.014465332031,136.014047425348
1083.85,136.0848912,136.003416465587,136.001680320059,136.001680320059,136.00168409801,137.233,137.231607998842,136.014099121094,136.013686065614
1083.9,136.08486536,136.003164208415,136.001446926753,136.001446926753,136.001451018872,137.233,137.231589225555,136.013732910156,136.013324705881
1083.95,136.08483952,136.002911951244,136.001213533446,136.001213533446,136.001217939735,137.233,137.231570452268,136.013366699219,136.012963346147
1084,136.08481368,136.002659694072,136.00098014014,136.00098014014,136.000984860598,137.232075,137.230626678981,136.013000488281,136.012601986413
1084.05,136.08478784,136.0024074369,136.000746746834,136.000746746834,136.000751781461,137.230225,137.228757905695,136.012634277344,136.012240626679
1084.1,136.084762,136.002155179728,136.000513353527,136.000513353527,136.000518702323,137.228375,137.226889132408,136.012268066406,136.011879266945
1084.15,136.08473616,136.001902922557,136.000279960221,136.000279960221,136.000285623186,137.226525,137.225020359121,136.011901855469,136.011517907211
1084.2,136.08470896,136.001650665385,136.000046566914,136.000046566914,136.000052544049,137.224675,137.223151585834,136.011535644531,136.011156547477
1084.25,136.08468312,136.001398408213,135.999813173608,135.999813173608,135.999819464912,137.222825,137.221282812547,136.011169433594,136.010795187743
1084.3,136.08465728,136.001146151042,135.999579780301,135.999579780301,135.999586385775,137.220975,137.219414039261,136.010803222656,136.010433828009
1084.35,136.08463144,136.00089389387,135.999346386995,135.999346386995,135.999353306637,137.219125,137.217545265974,136.010437011719,136.010072468276
1084.4,136.0846056,136.000641636698,135.999112993688,135.999112993688,135.9991202275,137.217275,137.215676492687,136.010070800781,136.009711108542
1084.45,136.08457976,136.000389379526,135.998879600382,135.998879600382,135.998887148363,137.215425,137.2138077194,136.009704589844,136.009349748808
1084.5,136.08455256,136.000137122355,135.998646207076,135.998646207076,135.998654069226,137.213575,137.211938946113,136.009338378906,136.008988389074
1084.55,136.08452672,135.999884865183,135.998412813769,135.998412813769,135.998420990088,137.211725,137.210070172827,136.008972167969,136.00862702934
1084.6,136.08450088,135.999632608011,135.998179420463,135.998179420463,135.998187910951,137.209875,137.20820139954,136.008605957031,136.008265669606
1084.65,136.08447504,135.99938035084,135.997946027156,135.997946027156,135.997954831814,137.208025,137.206332626253,136.008239746094,136.007904309872
1084.7,136.0844492,135.999128093668,135.99771263385,135.99771263385,135.997721752677,137.206175,137.204463852966,136.007873535156,136.007542950138
1084.75,136.08442336,135.998875836496,135.997479240543,135.997479240543,135.997488673539,137.204325,137.20259507968,136.007507324219,136.007181590405
1084.8,136.08439616,135.998623579324,135.997245847237,135.997245847237,135.997255594402,137.202475,137.200726306393,136.007141113281,136.006820230671
1084.85,136.08437032,135.998371322153,135.99701245393,135.99701245393,135.997022515265,137.200625,137.198857533106,136.006774902344,136.006458870937
1084.9,136.08434448,135.998119064981,135.996779060624,135.996779060624,135.996789436128,137.198775,137.196988759819,136.006408691406,136.006097511203
1084.95,136.08431864,135.997866807809,135.996545667318,135.996545667318,135.99655635699,137.196925,137.195119986532,136.006042480469,136.005736151469
1085,136.0842928,135.997614550638,135.996312274011,135.996312274011,135.996323277853,137.196,137.194176213246,136.005676269531,136.005374791735
1085.05,136.08426696,135.997362293466,135.996078880705,135.996078880705,135.996090198716,137.196,137.194157439959,136.005310058594,136.005013432001
1085.1,136.08424112,135.997110036294,135.995845487398,135.995845487398,135.995857119579,137.196,137.194138666672,136.004943847656,136.004652072267
1085.15,136.08421392,135.996857779122,135.995612094092,135.995612094092,135.995624040441,137.196,137.194119893385,136.004577636719,136.004290712533
1085.2,136.08418808,135.996605521951,135.995378700785,135.995378700785,135.995390961304,137.196,137.194101120098,136.004211425781,136.0039293528
1085.25,136.08416224,135.996353264779,135.995145307479,135.995145307479,135.995157882167,137.196,137.194082346812,136.003845214844,136.003567993066
1085.3,136.0841364,135.996101007607,135.994911914173,135.994911914173,135.99492480303,137.196,137.194063573525,136.003479003906,136.003206633332
1085.35,136.08411056,135.995848750436,135.994678520866,135.994678520866,135.994691723893,137.196,137.194044800238,136.003112792969,136.002845273598
1085.4,136.08408472,135.995596493264,135.99444512756,135.99444512756,135.994458644755,137.196,137.194026026951,136.002746582031,136.002483913864
1085.45,136.08405752,135.995344236092,135.994211734253,135.994211734253,135.994225565618,137.196,137.194007253665,136.002380371094,136.00212255413
1085.5,136.08403168,135.99509197892,135.993978340947,135.993978340947,135.993992486481,137.196,137.193988480378,136.002014160156,136.001761194396
1085.55,136.08400584,135.994839721749,135.99374494764,135.99374494764,135.993759407344,137.196,137.193969707091,136.001647949219,136.001399834662
1085.6,136.08398,135.994587464577,135.993511554334,135.993511554334,135.993526328206,137.196,137.193950933804,136.001281738281,136.001038474929
1085.65,136.08395416,135.994335207405,135.993278161027,135.993278161027,135.993293249069,137.196,137.193932160517,136.000915527344,136.000677115195
1085.7,136.08392832,135.994082950234,135.993044767721,135.993044767721,135.993060169932,137.196,137.193913387231,136.000549316406,136.000315755461
1085.75,136.08390112,135.993830693062,135.992811374415,135.992811374415,135.992827090795,137.196,137.193894613944,136.000183105469,135.999954395727
1085.8,136.08387528,135.99357843589,135.992577981108,135.992577981108,135.992594011657,137.196,137.193875840657,135.999816894531,135.999593035993
1085.85,136.08384944,135.993326178719,135.992344587802,135.992344587802,135.99236093252,137.196,137.19385706737,135.999450683594,135.999231676259
1085.9,136.0838236,135.993073921547,135.992111194495,135.992111194495,135.992127853383,137.196,137.193838294084,135.999084472656,135.998870316525
1085.95,136.08379776,135.992821664375,135.991877801189,135.991877801189,135.991894774246,137.196,137.193819520797,135.998718261719,135.998508956791
1086,136.08377192,135.992569407203,135.991644407882,135.991644407882,135.991661695108,137.195975,137.19377574751,135.998352050781,135.998147597057
1086.05,136.08374608,135.992317150032,135.991411014576,135.991411014576,135.991428615971,137.195925,137.193706974223,135.997985839844,135.997786237324
1086.1,136.08371888,135.99206489286,135.991177621269,135.991177621269,135.991195536834,137.195875,137.193638200936,135.997619628906,135.99742487759
1086.15,136.08369304,135.991812635688,135.990944227963,135.990944227963,135.990962457697,137.195825,137.19356942765,135.997253417969,135.997063517856
1086.2,136.0836672,135.991560378517,135.990710834657,135.990710834657,135.99072937856,137.195775,137.193500654363,135.996887207031,135.996702158122
1086.25,136.08364136,135.991308121345,135.99047744135,135.99047744135,135.990496299422,137.195725,137.193431881076,135.996520996094,135.996340798388
1086.3,136.08361552,135.991055864173,135.990244048044,135.990244048044,135.990263220285,137.195675,137.193363107789,135.996154785156,135.995979438654
1086.35,136.08358968,135.990803607001,135.990010654737,135.990010654737,135.990030141148,137.195625,137.193294334502,135.995788574219,135.99561807892
1086.4,136.08356248,135.99055134983,135.989777261431,135.989777261431,135.989797062011,137.195575,137.193225561216,135.995422363281,135.995256719186
1086.45,136.08353664,135.990299092658,135.989543868124,135.989543868124,135.989563982873,137.195525,137.193156787929,135.995056152344,135.994895359453
1086.5,136.0835108,135.990046835486,135.989310474818,135.989310474818,135.989330903736,137.195475,137.193088014642,135.994689941406,135.994533999719
1086.55,136.08348496,135.989794578315,135.989077081511,135.989077081511,135.989097824599,137.195425,137.193019241355,135.994323730469,135.994172639985
1086.6,136.08345912,135.989542321143,135.988843688205,135.988843688205,135.988864745462,137.195375,137.192950468069,135.993957519531,135.993811280251
1086.65,136.08343328,135.989290063971,135.988610294899,135.988610294899,135.988631666324,137.195325,137.192881694782,135.993591308594,135.993449920517
1086.7,136.08340744,135.989037806799,135.988376901592,135.988376901592,135.988398587187,137.195275,137.192812921495,135.993225097656,135.993088560783
1086.75,136.08338024,135.988785549628,135.988143508286,135.988143508286,135.98816550805,137.195225,137.192744148208,135.992858886719,135.992727201049
1086.8,136.0833544,135.988533292456,135.987910114979,135.987910114979,135.987932428913,137.195175,137.192675374921,135.992492675781,135.992365841315
1086.85,136.08332856,135.988281035284,135.987676721673,135.987676721673,135.987699349775,137.195125,137.192606601635,135.992126464844,135.992004481581
1086.9,136.08330272,135.988028778113,135.987443328366,135.987443328366,135.987466270638,137.195075,137.192537828348,135.991760253906,135.991643121848
1086.95,136.08327688,135.987776520941,135.98720993506,135.98720993506,135.987233191501,137.195025,137.192469055061,135.991394042969,135.991281762114
1087,136.08325104,135.987524263769,135.986976541753,135.986976541753,135.987000112364,137.195,137.192425281774,135.991027832031,135.99092040238
1087.05,136.08322384,135.987272006597,135.986743148447,135.986743148447,135.986767033226,137.195,137.192406508488,135.990661621094,135.990559042646
1087.1,136.083198,135.987019749426,135.986509755141,135.986509755141,135.986533954089,137.195,137.192387735201,135.990295410156,135.990197682912
1087.15,136.08317216,135.986767492254,135.986276361834,135.986276361834,135.986300874952,137.195,137.192368961914,135.989929199219,135.989836323178
1087.2,136.08314632,135.986515235082,135.986042968528,135.986042968528,135.986067795815,137.195,137.192350188627,135.989562988281,135.989474963444
1087.25,136.08312048,135.986262977911,135.985809575221,135.985809575221,135.985834716678,137.195,137.19233141534,135.989196777344,135.98911360371
1087.3,136.08309464,135.986010720739,135.985576181915,135.985576181915,135.98560163754,137.195,137.192312642054,135.988830566406,135.988752243977
1087.35,136.08306744,135.985758463567,135.985342788608,135.985342788608,135.985368558403,137.195,137.192293868767,135.988464355469,135.988390884243
1087.4,136.0830416,135.985506206396,135.985109395302,135.985109395302,135.985135479266,137.195,137.19227509548,135.988098144531,135.988029524509
1087.45,136.08301576,135.985253949224,135.984876001995,135.984876001995,135.984902400129,137.195,137.192256322193,135.987731933594,135.987668164775
1087.5,136.08298992,135.985001692052,135.984642608689,135.984642608689,135.984669320991,137.195,137.192237548906,135.987365722656,135.987306805041
1087.55,136.08296408,135.98474943488,135.984409215383,135.984409215383,135.984436241854,137.195,137.19221877562,135.986999511719,135.986945445307
1087.6,136.08293824,135.984497177709,135.984175822076,135.984175822076,135.984203162717,137.195,137.192200002333,135.986633300781,135.986584085573
1087.65,136.0829124,135.984244920537,135.98394242877,135.98394242877,135.98397008358,137.195,137.192181229046,135.986267089844,135.986222725839
1087.7,136.0828852,135.983992663365,135.983709035463,135.983709035463,135.983737004442,137.195,137.192162455759,135.985900878906,135.985861366105
1087.75,136.08285936,135.983740406194,135.983475642157,135.983475642157,135.983503925305,137.195,137.192143682473,135.985534667969,135.985500006372
1087.8,136.08283352,135.983488149022,135.98324224885,135.98324224885,135.983270846168,137.195,137.192124909186,135.985168457031,135.985138646638
1087.85,136.08280768,135.98323589185,135.983008855544,135.983008855544,135.983037767031,137.195,137.192106135899,135.984802246094,135.984777286904
1087.9,136.08278184,135.982983634678,135.982775462237,135.982775462237,135.982804687893,137.195,137.192087362612,135.984436035156,135.98441592717
1087.95,136.082756,135.982731377507,135.982542068931,135.982542068931,135.982571608756,137.195,137.192068589325,135.984069824219,135.984054567436
1088,136.0827288,135.982604120335,135.982433675625,135.982433675625,135.982463529619,137.166825,137.163874816039,135.983703613281,135.983693207702
1088.05,136.08270296,135.982601863163,135.982450282318,135.982450282318,135.982480450482,137.110475,137.107506042752,135.983337402344,135.983331847968
1088.1,136.08267712,135.982599605992,135.982466889012,135.982466889012,135.982497371345,137.054125,137.051137269465,135.982971191406,135.982970488234
1088.15,136.08265128,135.98259734882,135.982483495705,135.982483495705,135.982514292207,136.997775,136.994768496178,135.982604980469,135.982609128501
1088.2,136.08262544,135.982595091648,135.982500102399,135.982500102399,135.98253121307,136.941425,136.938399722891,135.982238769531,135.982247768767
1088.25,136.0825996,135.982592834476,135.982516709092,135.982516709092,135.982548133933,136.885075,136.882030949605,135.981872558594,135.981886409033
1088.3,136.08257376,135.982590577305,135.982533315786,135.982533315786,135.982565054796,136.828725,136.825662176318,135.981506347656,135.981525049299
1088.35,136.08254656,135.982588320133,135.982549922479,135.982549922479,135.982581975658,136.772375,136.769293403031,135.981140136719,135.981163689565
1088.4,136.08252072,135.982586062961,135.982566529173,135.982566529173,135.982598896521,136.716025,136.712924629744,135.980773925781,135.980802329831
1088.45,136.08249488,135.98258380579,135.982583135867,135.982583135867,135.982615817384,136.659675,136.656555856458,135.980407714844,135.980440970097
1088.5,136.08246904,135.982581548618,135.98259974256,135.98259974256,135.982632738247,136.603325,136.600187083171,135.980041503906,135.980079610363
1088.55,136.0824432,135.982579291446,135.982616349254,135.982616349254,135.982649659109,136.546975,136.543818309884,135.979675292969,135.97971825063
1088.6,136.08241736,135.982577034274,135.982632955947,135.982632955947,135.982666579972,136.490625,136.487449536597,135.979309082031,135.979356890896
1088.65,136.08239016,135.982574777103,135.982649562641,135.982649562641,135.982683500835,136.434275,136.43108076331,135.978942871094,135.978995531162
1088.7,136.08236432,135.982572519931,135.982666169334,135.982666169334,135.982700421698,136.377925,136.374711990024,135.978576660156,135.978634171428
1088.75,136.08233848,135.982570262759,135.982682776028,135.982682776028,135.98271734256,136.321575,136.318343216737,135.978210449219,135.978272811694
1088.8,136.08231264,135.982568005588,135.982699382721,135.982699382721,135.982734263423,136.265225,136.26197444345,135.977844238281,135.97791145196
1088.85,136.0822868,135.982565748416,135.982715989415,135.982715989415,135.982751184286,136.208875,136.205605670163,135.977478027344,135.977550092226
1088.9,136.08226096,135.982563491244,135.982732596109,135.982732596109,135.982768105149,136.152525,136.149236896877,135.977111816406,135.977188732492
1088.95,136.08223376,135.982561234072,135.982749202802,135.982749202802,135.982785026011,136.096175,136.09286812359,135.976745605469,135.976827372758
1089,136.08220792,135.982558976901,135.982765809496,135.982765809496,135.982801946874,136.0673,136.063974350303,135.976538085938,135.976624704431
1089.05,136.08218208,135.982556719729,135.982782416189,135.982782416189,135.982818867737,136.0659,136.062555577016,135.976489257812,135.976580727509
1089.1,136.08215624,135.982554462557,135.982799022883,135.982799022883,135.9828357886,136.0645,136.061136803729,135.976440429688,135.976536750588
1089.15,136.0821304,135.982552205386,135.982815629576,135.982815629576,135.982852709463,136.0631,136.059718030443,135.976391601563,135.976492773667
1089.2,136.08210456,135.982549948214,135.98283223627,135.98283223627,135.982869630325,136.0617,136.058299257156,135.976342773437,135.976448796745
1089.25,136.08207872,135.982547691042,135.982848842964,135.982848842964,135.982886551188,136.0603,136.056880483869,135.976293945313,135.976404819824
1089.3,136.08205152,135.98254543387,135.982865449657,135.982865449657,135.982903472051,136.0589,136.055461710582,135.976245117187,135.976360842903
1089.35,136.08202568,135.982543176699,135.982882056351,135.982882056351,135.982920392914,136.0575,136.054042937295,135.976196289062,135.976316865981
1089.4,136.08199984,135.982540919527,135.982898663044,135.982898663044,135.982937313776,136.0561,136.052624164009,135.976147460938,135.97627288906
1089.45,136.081974,135.982538662355,135.982915269738,135.982915269738,135.982954234639,136.0547,136.051205390722,135.976098632812,135.976228912138
1089.5,136.08194816,135.982536405184,135.982931876431,135.982931876431,135.982971155502,136.0533,136.049786617435,135.976049804688,135.976184935217
1089.55,136.08192232,135.982534148012,135.982948483125,135.982948483125,135.982988076365,136.0519,136.048367844148,135.976000976562,135.976140958296
1089.6,136.08189512,135.98253189084,135.982965089818,135.982965089818,135.983004997227,136.0505,136.046949070862,135.975952148438,135.976096981374
1089.65,136.08186928,135.982529633669,135.982981696512,135.982981696512,135.98302191809,136.0491,136.045530297575,135.975903320313,135.976053004453
1089.7,136.08184344,135.982527376497,135.982998303206,135.982998303206,135.983038838953,136.0477,136.044111524288,135.975854492187,135.976009027531
1089.75,136.0818176,135.982525119325,135.983014909899,135.983014909899,135.983055759816,136.0463,136.042692751001,135.975805664063,135.97596505061
1089.8,136.08179176,135.982522862153,135.983031516593,135.983031516593,135.983072680678,136.0449,136.041273977714,135.975756835937,135.975921073689
1089.85,136.08176592,135.982520604982,135.983048123286,135.983048123286,135.983089601541,136.0435,136.039855204428,135.975708007812,135.975877096767
1089.9,136.08173872,135.98251834781,135.98306472998,135.98306472998,135.983106522404,136.0421,136.038436431141,135.975659179688,135.975833119846
1089.95,136.08171288,135.982516090638,135.983081336673,135.983081336673,135.983123443267,136.0407,136.037017657854,135.975610351562,135.975789142925
1090,136.08168704,135.982513833467,135.983097943367,135.983097943367,135.98314036413,136.0389,136.035198884567,135.975561523438,135.975745166003
1090.05,136.0816612,135.982508977532,135.983106308388,135.983106308388,135.98314923041,136.0367,136.032974606425,135.975512695312,135.975697351042
1090.1,136.08163536,135.982504121597,135.983114673409,135.983114673409,135.98315809669,136.0345,136.030750328284,135.975463867188,135.97564953608
1090.15,136.08160952,135.982499265663,135.98312303843,135.98312303843,135.983166962971,136.0323,136.028526050142,135.975415039063,135.975601721118
1090.2,136.08158368,135.982494409728,135.983131403452,135.983131403452,135.983175829251,136.0301,136.026301772,135.975366210937,135.975553906156
1090.25,136.08155648,135.982489553793,135.983139768473,135.983139768473,135.983184695532,136.0279,136.024077493858,135.975317382813,135.975506091195
1090.3,136.08153064,135.982484697859,135.983148133494,135.983148133494,135.983193561812,136.0257,136.021853215716,135.975268554687,135.975458276233
1090.35,136.0815048,135.982479841924,135.983156498515,135.983156498515,135.983202428093,136.0235,136.019628937574,135.975219726562,135.975410461271
1090.4,136.08147896,135.98247498599,135.983164863536,135.983164863536,135.983211294373,136.0213,136.017404659432,135.975170898438,135.97536264631
1090.45,136.08145312,135.982470130055,135.983173228557,135.983173228557,135.983220160654,136.0191,136.015180381291,135.975122070312,135.975314831348
1090.5,136.08142728,135.98246527412,135.983181593579,135.983181593579,135.983229026934,136.0169,136.012956103149,135.975073242188,135.975267016386
1090.55,136.08140008,135.982460418186,135.9831899586,135.9831899586,135.983237893214,136.0147,136.010731825007,135.975024414062,135.975219201425
1090.6,136.08137424,135.982455562251,135.983198323621,135.983198323621,135.983246759495,136.0125,136.008507546865,135.974975585938,135.975171386463
1090.65,136.0813484,135.982450706317,135.983206688642,135.983206688642,135.983255625775,136.0103,136.006283268723,135.974926757813,135.975123571501
1090.7,136.08132256,135.982445850382,135.983215053663,135.983215053663,135.983264492056,136.0081,136.004058990581,135.974877929687,135.97507575654
1090.75,136.08129672,135.982440994447,135.983223418685,135.983223418685,135.983273358336,136.0059,136.001834712439,135.974829101563,135.975027941578
1090.8,136.08127088,135.982436138513,135.983231783706,135.983231783706,135.983282224617,136.0037,135.999610434297,135.974780273437,135.974980126616
1090.85,136.08124504,135.982431282578,135.983240148727,135.983240148727,135.983291090897,136.0015,135.997386156156,135.974731445312,135.974932311655
1090.9,136.08121784,135.982426426644,135.983248513748,135.983248513748,135.983299957178,135.9993,135.995161878014,135.974682617188,135.974884496693
1090.95,136.081192,135.982421570709,135.983256878769,135.983256878769,135.983308823458,135.9971,135.992937599872,135.974633789062,135.974836681731
1091,136.08116616,135.982416714774,135.98326524379,135.98326524379,135.983317689738,135.996,135.99181332173,135.974584960938,135.97478886677
1091.05,136.08114032,135.98241185884,135.983273608812,135.983273608812,135.983326556019,135.996,135.991789043588,135.974536132812,135.974741051808
1091.1,136.08111448,135.982407002905,135.983281973833,135.983281973833,135.983335422299,135.996,135.991764765446,135.974487304688,135.974693236846
1091.15,136.08108864,135.98240214697,135.983290338854,135.983290338854,135.98334428858,135.996,135.991740487304,135.974438476563,135.974645421885
1091.2,136.08106144,135.982397291036,135.983298703875,135.983298703875,135.98335315486,135.996,135.991716209163,135.974389648437,135.974597606923
1091.25,136.0810356,135.982392435101,135.983307068896,135.983307068896,135.983362021141,135.996,135.991691931021,135.974340820313,135.974549791961
1091.3,136.08100976,135.982387579167,135.983315433918,135.983315433918,135.983370887421,135.996,135.991667652879,135.974291992187,135.974501977
1091.35,136.08098392,135.982382723232,135.983323798939,135.983323798939,135.983379753702,135.996,135.991643374737,135.974243164062,135.974454162038
1091.4,136.08095808,135.982377867297,135.98333216396,135.98333216396,135.983388619982,135.996,135.991619096595,135.974194335938,135.974406347076
1091.45,136.08093224,135.982373011363,135.983340528981,135.983340528981,135.983397486262,135.996,135.991594818453,135.974145507812,135.974358532114
1091.5,136.08090504,135.982368155428,135.983348894002,135.983348894002,135.983406352543,135.996,135.991570540311,135.974096679688,135.974310717153
1091.55,136.0808792,135.982363299494,135.983357259023,135.983357259023,135.983415218823,135.996,135.99154626217,135.974047851562,135.974262902191
1091.6,136.08085336,135.982358443559,135.983365624045,135.983365624045,135.983424085104,135.996,135.991521984028,135.973999023438,135.974215087229
1091.65,136.08082752,135.982353587624,135.983373989066,135.983373989066,135.983432951384,135.996,135.991497705886,135.973950195313,135.974167272268
1091.7,136.08080168,135.98234873169,135.983382354087,135.983382354087,135.983441817665,135.996,135.991473427744,135.973901367187,135.974119457306
1091.75,136.08077584,135.982343875755,135.983390719108,135.983390719108,135.983450683945,135.996,135.991449149602,135.973852539063,135.974071642344
1091.8,136.08075,135.982339019821,135.983399084129,135.983399084129,135.983459550225,135.996,135.99142487146,135.973803710937,135.974023827383
1091.85,136.0807228,135.982334163886,135.983407449151,135.983407449151,135.983468416506,135.996,135.991400593318,135.973754882812,135.973976012421
1091.9,136.08069696,135.982329307951,135.983415814172,135.983415814172,135.983477282786,135.996,135.991376315176,135.973706054688,135.973928197459
1091.95,136.08067112,135.982324452017,135.983424179193,135.983424179193,135.983486149067,135.996,135.991352037035,135.973657226562,135.973880382498
1092,136.08064528,135.982194596082,135.983307544214,135.983307544214,135.983370015347,135.996,135.991327758893,135.973608398438,135.973832567536
1092.05,136.08061944,135.981939740147,135.983065909235,135.983065909235,135.983128881628,135.996,135.991303480751,135.973559570312,135.973784752574
1092.1,136.0805936,135.981684884213,135.982824274256,135.982824274256,135.982887747908,135.996,135.991279202609,135.973510742188,135.973736937613
1092.15,136.0805664,135.981430028278,135.982582639278,135.982582639278,135.982646614189,135.996,135.991254924467,135.973461914063,135.973689122651
1092.2,136.08054056,135.981175172344,135.982341004299,135.982341004299,135.982405480469,135.996,135.991230646325,135.973413085937,135.973641307689
1092.25,136.08051472,135.980920316409,135.98209936932,135.98209936932,135.982164346749,135.996,135.991206368183,135.973364257813,135.973593492728
1092.3,136.08048888,135.980665460474,135.981857734341,135.981857734341,135.98192321303,135.996,135.991182090042,135.973315429687,135.973545677766
1092.35,136.08046304,135.98041060454,135.981616099362,135.981616099362,135.98168207931,135.996,135.9911578119,135.973266601562,135.973497862804
1092.4,136.0804372,135.980155748605,135.981374464384,135.981374464384,135.981440945591,135.996,135.991133533758,135.973217773438,135.973450047843
1092.45,136.08041136,135.979900892671,135.981132829405,135.981132829405,135.981199811871,135.996,135.991109255616,135.973168945312,135.973402232881
1092.5,136.08038416,135.979646036736,135.980891194426,135.980891194426,135.980958678152,135.996,135.991084977474,135.973120117188,135.973354417919
1092.55,136.08035832,135.979391180801,135.980649559447,135.980649559447,135.980717544432,135.996,135.991060699332,135.973071289062,135.973306602958
1092.6,136.08033248,135.979136324867,135.980407924468,135.980407924468,135.980476410713,135.996,135.99103642119,135.973022460938,135.973258787996
1092.65,136.08030664,135.978881468932,135.980166289489,135.980166289489,135.980235276993,135.996,135.991012143049,135.972973632813,135.973210973034
1092.7,136.0802808,135.978626612998,135.979924654511,135.979924654511,135.979994143273,135.996,135.990987864907,135.972924804687,135.973163158072
1092.75,136.08025496,135.978371757063,135.979683019532,135.979683019532,135.979753009554,135.996,135.990963586765,135.972875976563,135.973115343111
1092.8,136.08022776,135.978116901128,135.979441384553,135.979441384553,135.979511875834,135.996,135.990939308623,135.972827148437,135.973067528149
1092.85,136.08020192,135.977862045194,135.979199749574,135.979199749574,135.979270742115,135.996,135.990915030481,135.972778320312,135.973019713187
1092.9,136.08017608,135.977607189259,135.978958114595,135.978958114595,135.979029608395,135.996,135.990890752339,135.972729492188,135.972971898226
1092.95,136.08015024,135.977352333324,135.978716479617,135.978716479617,135.978788474676,135.996,135.990866474197,135.972680664062,135.972924083264
1093,136.0801244,135.97709747739,135.978474844638,135.978474844638,135.978547340956,135.9953,135.990142196056,135.972631835938,135.972876268302
1093.05,136.08009856,135.976842621455,135.978233209659,135.978233209659,135.978306207237,135.9939,135.988717917914,135.972583007812,135.972828453341
1093.1,136.08007136,135.976587765521,135.97799157468,135.97799157468,135.978065073517,135.9925,135.987293639772,135.972534179688,135.972780638379
1093.15,136.08004552,135.976332909586,135.977749939701,135.977749939701,135.977823939797,135.9911,135.98586936163,135.972485351563,135.972732823417
1093.2,136.08001968,135.976078053651,135.977508304722,135.977508304722,135.977582806078,135.9897,135.984445083488,135.972436523437,135.972685008456
1093.25,136.07999384,135.975823197717,135.977266669744,135.977266669744,135.977341672358,135.9883,135.983020805346,135.972387695313,135.972637193494
1093.3,136.079968,135.975568341782,135.977025034765,135.977025034765,135.977100538639,135.9869,135.981596527204,135.972338867187,135.972589378532
1093.35,136.07994216,135.975313485848,135.976783399786,135.976783399786,135.976859404919,135.9855,135.980172249062,135.972290039062,135.972541563571
1093.4,136.07991632,135.975058629913,135.976541764807,135.976541764807,135.9766182712,135.9841,135.978747970921,135.972241210938,135.972493748609
1093.45,136.07988912,135.974803773978,135.976300129828,135.976300129828,135.97637713748,135.9827,135.977323692779,135.972192382812,135.972445933647
1093.5,136.07986328,135.974548918044,135.976058494849,135.976058494849,135.976136003761,135.9813,135.975899414637,135.972143554688,135.972398118686
1093.55,136.07983744,135.974294062109,135.975816859871,135.975816859871,135.975894870041,135.9799,135.974475136495,135.972094726562,135.972350303724
1093.6,136.0798116,135.974039206175,135.975575224892,135.975575224892,135.975653736321,135.9785,135.973050858353,135.972045898438,135.972302488762
1093.65,136.07978576,135.97378435024,135.975333589913,135.975333589913,135.975412602602,135.9771,135.971626580211,135.971997070313,135.972254673801
1093.7,136.07975992,135.973529494305,135.975091954934,135.975091954934,135.975171468882,135.9757,135.970202302069,135.971948242187,135.972206858839
1093.75,136.07973272,135.973274638371,135.974850319955,135.974850319955,135.974930335163,135.9743,135.968778023928,135.971899414063,135.972159043877
1093.8,136.07970688,135.973019782436,135.974608684977,135.974608684977,135.974689201443,135.9729,135.967353745786,135.971850585937,135.972111228915
1093.85,136.07968104,135.972764926501,135.974367049998,135.974367049998,135.974448067724,135.9715,135.965929467644,135.971801757812,135.972063413954
1093.9,136.0796552,135.972510070567,135.974125415019,135.974125415019,135.974206934004,135.9701,135.964505189502,135.971752929688,135.972015598992
1093.95,136.07962936,135.972255214632,135.97388378004,135.97388378004,135.973965800285,135.9687,135.96308091136,135.971704101562,135.97196778403
1094,136.07960352,135.972000358698,135.973642145061,135.973642145061,135.973724666565,135.968,135.962356633218,135.971655273438,135.971919969069
1094.05,136.07957632,135.971745502763,135.973400510082,135.973400510082,135.973483532845,135.968,135.962332355076,135.971606445312,135.971872154107
1094.1,136.07955048,135.971490646828,135.973158875104,135.973158875104,135.973242399126,135.968,135.962308076935,135.971557617188,135.971824339145
1094.15,136.07952464,135.971235790894,135.972917240125,135.972917240125,135.973001265406,135.968,135.962283798793,135.971508789063,135.971776524184
1094.2,136.0794988,135.970980934959,135.972675605146,135.972675605146,135.972760131687,135.968,135.962259520651,135.971459960937,135.971728709222
1094.25,136.07947296,135.970726079025,135.972433970167,135.972433970167,135.972518997967,135.968,135.962235242509,135.971411132813,135.97168089426
1094.3,136.07944712,135.97047122309,135.972192335188,135.972192335188,135.972277864248,135.968,135.962210964367,135.971362304687,135.971633079299
1094.35,136.07942128,135.970216367155,135.97195070021,135.97195070021,135.972036730528,135.968,135.962186686225,135.971313476562,135.971585264337
1094.4,136.07939408,135.969961511221,135.971709065231,135.971709065231,135.971795596809,135.968,135.962162408083,135.971264648438,135.971537449375
1094.45,136.07936824,135.969706655286,135.971467430252,135.971467430252,135.971554463089,135.968,135.962138129941,135.971215820312,135.971489634414
1094.5,136.0793424,135.969451799352,135.971225795273,135.971225795273,135.971313329369,135.968,135.9621138518,135.971166992188,135.971441819452
1094.55,136.07931656,135.969196943417,135.970984160294,135.970984160294,135.97107219565,135.968,135.962089573658,135.971118164062,135.97139400449
1094.6,136.07929072,135.968942087482,135.970742525315,135.970742525315,135.97083106193,135.968,135.962065295516,135.971069335938,135.971346189529
1094.65,136.07926488,135.968687231548,135.970500890337,135.970500890337,135.970589928211,135.968,135.962041017374,135.971020507813,135.971298374567
1094.7,136.07923768,135.968432375613,135.970259255358,135.970259255358,135.970348794491,135.968,135.962016739232,135.970971679687,135.971250559605
1094.75,136.07921184,135.968177519678,135.970017620379,135.970017620379,135.970107660772,135.968,135.96199246109,135.970922851563,135.971202744644
1094.8,136.079186,135.967922663744,135.9697759854,135.9697759854,135.969866527052,135.968,135.961968182948,135.970874023437,135.971154929682
1094.85,136.07916016,135.967667807809,135.969534350421,135.969534350421,135.969625393333,135.968,135.961943904807,135.970825195312,135.97110711472
1094.9,136.07913432,135.967412951875,135.969292715443,135.969292715443,135.969384259613,135.968,135.961919626665,135.970776367188,135.971059299759
1094.95,136.07910848,135.96715809594,135.969051080464,135.969051080464,135.969143125893,135.968,135.961895348523,135.970727539062,135.971011484797
1095,136.07908264,135.967028240005,135.968934445485,135.968934445485,135.969026992174,135.968,135.961871070381,135.970678710938,135.970963669835
1095.05,136.07905544,135.967023384071,135.968942810506,135.968942810506,135.969035858454,135.968,135.961846792239,135.970629882812,135.970915854873
1095.1,136.0790296,135.967018528136,135.968951175527,135.968951175527,135.969044724735,135.968,135.961822514097,135.970581054688,135.970868039912
1095.15,136.07900376,135.967013672202,135.968959540548,135.968959540548,135.969053591015,135.968,135.961798235955,135.970532226563,135.97082022495
1095.2,136.07897792,135.967008816267,135.96896790557,135.96896790557,135.969062457296,135.968,135.961773957814,135.970483398437,135.970772409988
1095.25,136.07895208,135.967003960332,135.968976270591,135.968976270591,135.969071323576,135.968,135.961749679672,135.970434570313,135.970724595027
1095.3,136.07892624,135.966999104398,135.968984635612,135.968984635612,135.969080189857,135.968,135.96172540153,135.970385742187,135.970676780065
1095.35,136.07889904,135.966994248463,135.968993000633,135.968993000633,135.969089056137,135.968,135.961701123388,135.970336914062,135.970628965103
1095.4,136.0788732,135.966989392529,135.969001365654,135.969001365654,135.969097922417,135.968,135.961676845246,135.970288085938,135.970581150142
1095.45,136.07884736,135.966984536594,135.969009730676,135.969009730676,135.969106788698,135.968,135.961652567104,135.970239257812,135.97053333518
1095.5,136.07882152,135.966979680659,135.969018095697,135.969018095697,135.969115654978,135.968,135.961628288962,135.970190429688,135.970485520218
1095.55,136.0787984,135.966974824725,135.969026460718,135.969026460718,135.969124521259,135.968,135.961604010821,135.970141601562,135.970437705257
1095.6,136.07878888,135.96696996879,135.969034825739,135.969034825739,135.969133387539,135.968,135.961579732679,135.970092773438,135.970389890295
1095.65,136.07878888,135.966965112855,135.96904319076,135.96904319076,135.96914225382,135.968,135.961555454537,135.970043945313,135.970342075333
1095.7,136.07878888,135.966960256921,135.969051555781,135.969051555781,135.9691511201,135.968,135.961531176395,135.969995117187,135.970294260372
1095.75,136.07878888,135.966955400986,135.969059920803,135.969059920803,135.969159986381,135.968,135.961506898253,135.969946289063,135.97024644541
1095.8,136.07878888,135.966950545052,135.969068285824,135.969068285824,135.969168852661,135.968,135.961482620111,135.969897460937,135.970198630448
1095.85,136.07878888,135.966945689117,135.969076650845,135.969076650845,135.969177718941,135.968,135.961458341969,135.969848632812,135.970150815487
1095.9,136.07878888,135.966940833182,135.969085015866,135.969085015866,135.969186585222,135.968,135.961434063827,135.969799804688,135.970103000525
1095.95,136.07878888,135.966935977248,135.969093380887,135.969093380887,135.969195451502,135.968,135.961409785686,135.969750976562,135.970055185563
1096,136.07878888,135.966931121313,135.969101745909,135.969101745909,135.969204317783,135.968175,135.961560507544,135.969702148438,135.970007370602
1096.05,136.07878888,135.966926265379,135.96911011093,135.96911011093,135.969213184063,135.968525,135.961886229402,135.969653320312,135.96995955564
1096.1,136.07878888,135.966921409444,135.969118475951,135.969118475951,135.969222050344,135.968875,135.96221195126,135.969604492188,135.969911740678
1096.15,136.07878888,135.966916553509,135.969126840972,135.969126840972,135.969230916624,135.969225,135.962537673118,135.969555664063,135.969863925717
1096.2,136.07878888,135.966911697575,135.969135205993,135.969135205993,135.969239782905,135.969575,135.962863394976,135.969506835937,135.969816110755
1096.25,136.07878888,135.96690684164,135.969143571014,135.969143571014,135.969248649185,135.969925,135.963189116834,135.969458007813,135.969768295793
1096.3,136.07878888,135.966901985706,135.969151936036,135.969151936036,135.969257515465,135.970275,135.963514838693,135.969409179687,135.969720480831
1096.35,136.07878888,135.966897129771,135.969160301057,135.969160301057,135.969266381746,135.970625,135.963840560551,135.969360351562,135.96967266587
1096.4,136.07878888,135.966892273836,135.969168666078,135.969168666078,135.969275248026,135.970975,135.964166282409,135.969311523438,135.969624850908
1096.45,136.07878888,135.966887417902,135.969177031099,135.969177031099,135.969284114307,135.971325,135.964492004267,135.969262695312,135.969577035946
1096.5,136.07878888,135.966882561967,135.96918539612,135.96918539612,135.969292980587,135.971675,135.964817726125,135.969213867188,135.969529220985
1096.55,136.07878888,135.966877706032,135.969193761142,135.969193761142,135.969301846868,135.972025,135.965143447983,135.969165039062,135.969481406023
1096.6,136.07878888,135.966872850098,135.969202126163,135.969202126163,135.969310713148,135.972375,135.965469169841,135.969116210938,135.969433591061
1096.65,136.07878888,135.966867994163,135.969210491184,135.969210491184,135.969319579429,135.972725,135.9657948917,135.969067382813,135.9693857761
1096.7,136.07878888,135.966863138229,135.969218856205,135.969218856205,135.969328445709,135.973075,135.966120613558,135.969018554687,135.969337961138
1096.75,136.07878888,135.966858282294,135.969227221226,135.969227221226,135.969337311989,135.973425,135.966446335416,135.968969726563,135.969290146176
1096.8,136.07878888,135.966853426359,135.969235586247,135.969235586247,135.96934617827,135.973775,135.966772057274,135.968920898437,135.969242331215
1096.85,136.07878888,135.966848570425,135.969243951269,135.969243951269,135.96935504455,135.974125,135.967097779132,135.968872070312,135.969194516253
1096.9,136.07878888,135.96684371449,135.96925231629,135.96925231629,135.969363910831,135.974475,135.96742350099,135.968823242188,135.969146701291
1096.95,136.07878888,135.966838858556,135.969260681311,135.969260681311,135.969372777111,135.974825,135.967749222848,135.968774414062,135.96909888633
1097,136.07878888,135.966709002621,135.969144046332,135.969144046332,135.969256643392,135.975,135.967899944706,135.968737792969,135.969063278399
1097.05,136.07878888,135.966454146686,135.968902411353,135.968902411353,135.969015509672,135.975,135.967875666565,135.968713378906,135.9690398775
1097.1,136.07878888,135.966199290752,135.968660776375,135.968660776375,135.968774375953,135.975,135.967851388423,135.968688964844,135.969016476601
1097.15,136.07878888,135.965944434817,135.968419141396,135.968419141396,135.968533242233,135.975,135.967827110281,135.968664550781,135.968993075702
1097.2,136.07878888,135.965689578883,135.968177506417,135.968177506417,135.968292108513,135.975,135.967802832139,135.968640136719,135.968969674802
1097.25,136.07878888,135.965434722948,135.967935871438,135.967935871438,135.968050974794,135.975,135.967778553997,135.968615722656,135.968946273903
1097.3,136.07878888,135.965179867013,135.967694236459,135.967694236459,135.967809841074,135.975,135.967754275855,135.968591308594,135.968922873004
1097.35,136.07878888,135.964925011079,135.96745260148,135.96745260148,135.967568707355,135.975,135.967729997713,135.968566894531,135.968899472105
1097.4,136.07878888,135.964670155144,135.967210966502,135.967210966502,135.967327573635,135.975,135.967705719572,135.968542480469,135.968876071206
1097.45,136.07878888,135.964415299209,135.966969331523,135.966969331523,135.967086439916,135.975,135.96768144143,135.968518066406,135.968852670307
1097.5,136.07878888,135.964160443275,135.966727696544,135.966727696544,135.966845306196,135.975,135.967657163288,135.968493652344,135.968829269407
1097.55,136.07878888,135.96390558734,135.966486061565,135.966486061565,135.966604172476,135.975,135.967632885146,135.968469238281,135.968805868508
1097.6,136.07878888,135.963650731406,135.966244426586,135.966244426586,135.966363038757,135.975,135.967608607004,135.968444824219,135.968782467609
1097.65,136.07878888,135.963395875471,135.966002791608,135.966002791608,135.966121905037,135.975,135.967584328862,135.968420410156,135.96875906671
1097.7,136.07878888,135.963141019536,135.965761156629,135.965761156629,135.965880771318,135.975,135.96756005072,135.968395996094,135.968735665811
1097.75,136.07878888,135.962886163602,135.96551952165,135.96551952165,135.965639637598,135.975,135.967535772579,135.968371582031,135.968712264911
1097.8,136.07878888,135.962631307667,135.965277886671,135.965277886671,135.965398503879,135.975,135.967511494437,135.968347167969,135.968688864012
1097.85,136.07878888,135.962376451733,135.965036251692,135.965036251692,135.965157370159,135.975,135.967487216295,135.968322753906,135.968665463113
1097.9,136.07878888,135.962121595798,135.964794616713,135.964794616713,135.96491623644,135.975,135.967462938153,135.968298339844,135.968642062214
1097.95,136.07878888,135.961866739863,135.964552981735,135.964552981735,135.96467510272,135.975,135.967438660011,135.968273925781,135.968618661315
1098,136.07878888,135.961736883929,135.964436346756,135.964436346756,135.964558969,135.975,135.967414381869,135.968249511719,135.968595260416
1098.05,136.07878888,135.961732027994,135.964444711777,135.964444711777,135.964567835281,135.975,135.967390103727,135.968225097656,135.968571859516
1098.1,136.07878888,135.96172717206,135.964453076798,135.964453076798,135.964576701561,135.975,135.967365825585,135.968200683594,135.968548458617
1098.15,136.07878888,135.961722316125,135.964461441819,135.964461441819,135.964585567842,135.975,135.967341547444,135.968176269531,135.968525057718
1098.2,136.07878888,135.96171746019,135.96446980684,135.96446980684,135.964594434122,135.975,135.967317269302,135.968151855469,135.968501656819
1098.25,136.07878888,135.961712604256,135.964478171862,135.964478171862,135.964603300403,135.975,135.96729299116,135.968127441406,135.96847825592
1098.3,136.07878888,135.961707748321,135.964486536883,135.964486536883,135.964612166683,135.975,135.967268713018,135.968103027344,135.96845485502
1098.35,136.07878888,135.961702892386,135.964494901904,135.964494901904,135.964621032964,135.975,135.967244434876,135.968078613281,135.968431454121
1098.4,136.07878888,135.961698036452,135.964503266925,135.964503266925,135.964629899244,135.975,135.967220156734,135.968054199219,135.968408053222
1098.45,136.07878888,135.961693180517,135.964511631946,135.964511631946,135.964638765524,135.975,135.967195878592,135.968029785156,135.968384652323
1098.5,136.07878888,135.961688324583,135.964519996968,135.964519996968,135.964647631805,135.975,135.967171600451,135.968005371094,135.968361251424
1098.55,136.07878888,135.961683468648,135.964528361989,135.964528361989,135.964656498085,135.975,135.967147322309,135.967980957031,135.968337850525
1098.6,136.07878888,135.961678612713,135.96453672701,135.96453672701,135.964665364366,135.975,135.967123044167,135.967956542969,135.968314449625
1098.65,136.07878888,135.961673756779,135.964545092031,135.964545092031,135.964674230646,135.975,135.967098766025,135.967932128906,135.968291048726
1098.7,136.07878888,135.961668900844,135.964553457052,135.964553457052,135.964683096927,135.975,135.967074487883,135.967907714844,135.968267647827
1098.75,136.07878888,135.96166404491,135.964561822073,135.964561822073,135.964691963207,135.975,135.967050209741,135.967883300781,135.968244246928
1098.8,136.07878888,135.961659188975,135.964570187095,135.964570187095,135.964700829488,135.975,135.967025931599,135.967858886719,135.968220846029
1098.85,136.07878888,135.96165433304,135.964578552116,135.964578552116,135.964709695768,135.975,135.967001653458,135.967834472656,135.96819744513
1098.9,136.07878888,135.961649477106,135.964586917137,135.964586917137,135.964718562048,135.975,135.966977375316,135.967810058594,135.96817404423
1098.95,136.07878888,135.961644621171,135.964595282158,135.964595282158,135.964727428329,135.975,135.966953097174,135.967785644531,135.968150643331
1099,136.07878888,135.961639765237,135.964603647179,135.964603647179,135.964736294609,135.986775,135.978703819032,135.967761230469,135.968127242432
1099.05,136.07878888,135.961634909302,135.964612012201,135.964612012201,135.96474516089,136.010325,136.00222954089,135.967736816406,135.968103841533
1099.1,136.07878888,135.961630053367,135.964620377222,135.964620377222,135.96475402717,136.033875,136.025755262748,135.967712402344,135.968080440634
1099.15,136.07878888,135.961625197433,135.964628742243,135.964628742243,135.964762893451,136.057425,136.049280984606,135.967687988281,135.968057039734
1099.2,136.07878888,135.961620341498,135.964637107264,135.964637107264,135.964771759731,136.080975,136.072806706464,135.967663574219,135.968033638835
1099.25,136.07878888,135.961615485563,135.964645472285,135.964645472285,135.964780626012,136.104525,136.096332428323,135.967639160156,135.968010237936
1099.3,136.07878888,135.961610629629,135.964653837306,135.964653837306,135.964789492292,136.128075,136.119858150181,135.967614746094,135.967986837037
1099.35,136.07878888,135.961605773694,135.964662202328,135.964662202328,135.964798358572,136.151625,136.143383872039,135.967590332031,135.967963436138
1099.4,136.07878888,135.96160091776,135.964670567349,135.964670567349,135.964807224853,136.175175,136.166909593897,135.967565917969,135.967940035239
1099.45,136.07878888,135.961596061825,135.96467893237,135.96467893237,135.964816091133,136.198725,136.190435315755,135.967541503906,135.967916634339
1099.5,136.07878888,135.96159120589,135.964687297391,135.964687297391,135.964824957414,136.222275,136.213961037613,135.967517089844,135.96789323344
1099.55,136.07878888,135.961586349956,135.964695662412,135.964695662412,135.964833823694,136.245825,136.237486759471,135.967492675781,135.967869832541
1099.6,136.07878888,135.961581494021,135.964704027434,135.964704027434,135.964842689975,136.269375,136.26101248133,135.967468261719,135.967846431642
1099.65,136.07878888,135.961576638087,135.964712392455,135.964712392455,135.964851556255,136.292925,136.284538203188,135.967443847656,135.967823030743
1099.7,136.07878888,135.961571782152,135.964720757476,135.964720757476,135.964860422536,136.316475,136.308063925046,135.967419433594,135.967799629843
1099.75,136.07878888,135.961566926217,135.964729122497,135.964729122497,135.964869288816,136.340025,136.331589646904,135.967395019531,135.967776228944
1099.8,136.07878888,135.961562070283,135.964737487518,135.964737487518,135.964878155096,136.363575,136.355115368762,135.967370605469,135.967752828045
1099.85,136.07878888,135.961557214348,135.964745852539,135.964745852539,135.964887021377,136.387125,136.37864109062,135.967346191406,135.967729427146
1099.9,136.07878888,135.961552358414,135.964754217561,135.964754217561,135.964895887657,136.410675,136.402166812478,135.967321777344,135.967706026247
1099.95,136.07878888,135.961547502479,135.964762582582,135.964762582582,135.964904753938,136.434225,136.425692534337,135.967297363281,135.967682625348
1100,136.07878888,135.961542646544,135.964770947603,135.964770947603,135.964913620218,136.44645,136.437893256195,135.967272949219,135.967659224448
1100.05,136.07878888,135.96154263932,135.964768356654,135.964768356654,135.9649113674,136.44735,136.438767582175,135.967248535156,135.967633565932
1100.1,136.07878888,135.961542632095,135.964765765705,135.964765765705,135.964909114582,136.44825,136.439641908155,135.967224121094,135.967607907417
1100.15,136.07878888,135.96154262487,135.964763174757,135.964763174757,135.964906861764,136.44915,136.440516234135,135.967199707031,135.967582248901
1100.2,136.07878888,135.961542617645,135.964760583808,135.964760583808,135.964904608946,136.45005,136.441390560116,135.967175292969,135.967556590385
1100.25,136.07878888,135.961542610421,135.964757992859,135.964757992859,135.964902356128,136.45095,136.442264886096,135.967150878906,135.967530931869
1100.3,136.07878888,135.961542603196,135.96475540191,135.96475540191,135.96490010331,136.45185,136.443139212076,135.967126464844,135.967505273353
1100.35,136.07878888,135.961542595971,135.964752810961,135.964752810961,135.964897850492,136.45275,136.444013538056,135.967102050781,135.967479614837
1100.4,136.07878888,135.961542588747,135.964750220013,135.964750220013,135.964895597674,136.45365,136.444887864036,135.967077636719,135.967453956321
1100.45,136.07878888,135.961542581522,135.964747629064,135.964747629064,135.964893344856,136.45455,136.445762190017,135.967053222656,135.967428297805
1100.5,136.07878888,135.961542574297,135.964745038115,135.964745038115,135.964891092038,136.45545,136.446636515997,135.967028808594,135.967402639289
1100.55,136.07878888,135.961542567073,135.964742447166,135.964742447166,135.96488883922,136.45635,136.447510841977,135.967004394531,135.967376980774
1100.6,136.07878888,135.961542559848,135.964739856218,135.964739856218,135.964886586402,136.45725,136.448385167957,135.966979980469,135.967351322258
1100.65,136.07878888,135.961542552623,135.964737265269,135.964737265269,135.964884333584,136.45815,136.449259493937,135.966955566406,135.967325663742
1100.7,136.07878888,135.961542545398,135.96473467432,135.96473467432,135.964882080766,136.45905,136.450133819918,135.966931152344,135.967300005226
1100.75,136.07878888,135.961542538174,135.964732083371,135.964732083371,135.964879827948,136.45995,136.451008145898,135.966906738281,135.96727434671
1100.8,136.07878888,135.961542530949,135.964729492422,135.964729492422,135.96487757513,136.46085,136.451882471878,135.966882324219,135.967248688194
1100.85,136.07878888,135.961542523724,135.964726901474,135.964726901474,135.964875322312,136.46175,136.452756797858,135.966857910156,135.967223029678
1100.9,136.07878888,135.9615425165,135.964724310525,135.964724310525,135.964873069494,136.46265,136.453631123838,135.966833496094,135.967197371162
1100.95,136.07878888,135.961542509275,135.964721719576,135.964721719576,135.964870816676,136.46355,136.454505449819,135.966809082031,135.967171712646
1101,136.07878888,135.96154250205,135.964719128627,135.964719128627,135.964868563858,136.453525,136.444454775799,135.966784667969,135.96714605413
1101.05,136.07878888,135.961542494825,135.964716537679,135.964716537679,135.96486631104,136.432575,136.423479101779,135.966760253906,135.967120395615
1101.1,136.07878888,135.961542487601,135.96471394673,135.96471394673,135.964864058222,136.411625,136.402503427759,135.966735839844,135.967094737099
1101.15,136.07878888,135.961542480376,135.964711355781,135.964711355781,135.964861805404,136.390675,136.381527753739,135.966711425781,135.967069078583
1101.2,136.07878888,135.961542473151,135.964708764832,135.964708764832,135.964859552586,136.369725,136.36055207972,135.966687011719,135.967043420067
1101.25,136.07878888,135.961542465927,135.964706173883,135.964706173883,135.964857299768,136.348775,136.3395764057,135.966662597656,135.967017761551
1101.3,136.07878888,135.961542458702,135.964703582935,135.964703582935,135.96485504695,136.327825,136.31860073168,135.966638183594,135.966992103035
1101.35,136.07878888,135.961542451477,135.964700991986,135.964700991986,135.964852794132,136.306875,136.29762505766,135.966613769531,135.966966444519
1101.4,136.07878888,135.961542444253,135.964698401037,135.964698401037,135.964850541314,136.285925,136.27664938364,135.966589355469,135.966940786003
1101.45,136.07878888,135.961542437028,135.964695810088,135.964695810088,135.964848288497,136.264975,136.255673709621,135.966564941406,135.966915127487
1101.5,136.07878888,135.961542429803,135.964693219139,135.964693219139,135.964846035679,136.244025,136.234698035601,135.966540527344,135.966889468971
1101.55,136.07878888,135.961542422578,135.964690628191,135.964690628191,135.964843782861,136.223075,136.213722361581,135.966516113281,135.966863810456
1101.6,136.07878888,135.961542415354,135.964688037242,135.964688037242,135.964841530043,136.202125,136.192746687561,135.966491699219,135.96683815194
1101.65,136.07878888,135.961542408129,135.964685446293,135.964685446293,135.964839277225,136.181175,136.171771013541,135.966467285156,135.966812493424
1101.7,136.07878888,135.961542400904,135.964682855344,135.964682855344,135.964837024407,136.160225,136.150795339522,135.966442871094,135.966786834908
1101.75,136.07878888,135.96154239368,135.964680264396,135.964680264396,135.964834771589,136.139275,136.129819665502,135.966418457031,135.966761176392
1101.8,136.07878888,135.961542386455,135.964677673447,135.964677673447,135.964832518771,136.118325,136.108843991482,135.966394042969,135.966735517876
1101.85,136.07878888,135.96154237923,135.964675082498,135.964675082498,135.964830265953,136.097375,136.087868317462,135.966369628906,135.96670985936
1101.9,136.07878888,135.961542372005,135.964672491549,135.964672491549,135.964828013135,136.076425,136.066892643442,135.966345214844,135.966684200844
1101.95,136.07878888,135.961542364781,135.9646699006,135.9646699006,135.964825760317,136.055475,136.045916969423,135.966320800781,135.966658542328
1102,136.07878888,135.961542357556,135.964667309652,135.964667309652,135.964823507499,136.045,136.035416295403,135.966296386719,135.966632883812
1102.05,136.07878888,135.961542350331,135.964664718703,135.964664718703,135.964821254681,136.045,136.035390621383,135.966271972656,135.966607225297
1102.1,136.07878888,135.961542343107,135.964662127754,135.964662127754,135.964819001863,136.045,136.035364947363,135.966247558594,135.966581566781
1102.15,136.07878888,135.961542335882,135.964659536805,135.964659536805,135.964816749045,136.045,136.035339273343,135.966223144531,135.966555908265
1102.2,136.07878888,135.961542328657,135.964656945856,135.964656945856,135.964814496227,136.045,136.035313599324,135.966198730469,135.966530249749
1102.25,136.07878888,135.961542321432,135.964654354908,135.964654354908,135.964812243409,136.045,136.035287925304,135.966174316406,135.966504591233
1102.3,136.07878888,135.961542314208,135.964651763959,135.964651763959,135.964809990591,136.045,136.035262251284,135.966149902344,135.966478932717
1102.35,136.07878888,135.961542306983,135.96464917301,135.96464917301,135.964807737773,136.045,136.035236577264,135.966125488281,135.966453274201
1102.4,136.07878888,135.961542299758,135.964646582061,135.964646582061,135.964805484955,136.045,136.035210903244,135.966101074219,135.966427615685
1102.45,136.07878888,135.961542292534,135.964643991113,135.964643991113,135.964803232137,136.045,136.035185229225,135.966076660156,135.966401957169
1102.5,136.07878888,135.961542285309,135.964641400164,135.964641400164,135.964800979319,136.045,136.035159555205,135.966052246094,135.966376298653
1102.55,136.07878888,135.961542278084,135.964638809215,135.964638809215,135.964798726501,136.045,136.035133881185,135.966027832031,135.966350640138
1102.6,136.07878888,135.96154227086,135.964636218266,135.964636218266,135.964796473683,136.045,136.035108207165,135.966003417969,135.966324981622
1102.65,136.07878888,135.961542263635,135.964633627317,135.964633627317,135.964794220865,136.045,136.035082533146,135.965979003906,135.966299323106
1102.7,136.07878888,135.96154225641,135.964631036369,135.964631036369,135.964791968047,136.045,136.035056859126,135.965954589844,135.96627366459
1102.75,136.07878888,135.961542249185,135.96462844542,135.96462844542,135.964789715229,136.045,136.035031185106,135.965930175781,135.966248006074
1102.8,136.07878888,135.961542241961,135.964625854471,135.964625854471,135.964787462411,136.045,136.035005511086,135.965905761719,135.966222347558
1102.85,136.07878888,135.961542234736,135.964623263522,135.964623263522,135.964785209593,136.045,136.034979837066,135.965881347656,135.966196689042
1102.9,136.07878888,135.961542227511,135.964620672573,135.964620672573,135.964782956775,136.045,136.034954163047,135.965856933594,135.966171030526
1102.95,136.07878888,135.961542220287,135.964618081625,135.964618081625,135.964780703957,136.045,136.034928489027,135.965832519531,135.96614537201
1103,136.07878888,135.961542213062,135.964615490676,135.964615490676,135.964778451139,136.045,136.034902815007,135.965808105469,135.966119713494
1103.05,136.07878888,135.961542205837,135.964612899727,135.964612899727,135.964776198321,136.045,136.034877140987,135.965783691406,135.966094054979
1103.1,136.07878888,135.961542198612,135.964610308778,135.964610308778,135.964773945503,136.045,136.034851466967,135.965759277344,135.966068396463
1103.15,136.07878888,135.961542191388,135.96460771783,135.96460771783,135.964771692685,136.045,136.034825792948,135.965734863281,135.966042737947
1103.2,136.07878888,135.961542184163,135.964605126881,135.964605126881,135.964769439867,136.045,136.034800118928,135.965710449219,135.966017079431
1103.25,136.07878888,135.961542176938,135.964602535932,135.964602535932,135.964767187049,136.045,136.034774444908,135.965686035156,135.965991420915
1103.3,136.07878888,135.961542169714,135.964599944983,135.964599944983,135.964764934231,136.045,136.034748770888,135.965661621094,135.965965762399
1103.35,136.07878888,135.961542162489,135.964597354034,135.964597354034,135.964762681413,136.045,136.034723096868,135.965637207031,135.965940103883
1103.4,136.07878888,135.961542155264,135.964594763086,135.964594763086,135.964760428595,136.045,136.034697422849,135.965612792969,135.965914445367
1103.45,136.07878888,135.96154214804,135.964592172137,135.964592172137,135.964758175777,136.045,136.034671748829,135.965588378906,135.965888786851
1103.5,136.07878888,135.961542140815,135.964589581188,135.964589581188,135.964755922959,136.045,136.034646074809,135.965563964844,135.965863128336
1103.55,136.07878888,135.96154213359,135.964586990239,135.964586990239,135.964753670141,136.045,136.034620400789,135.965539550781,135.96583746982
1103.6,136.07878888,135.961542126365,135.96458439929,135.96458439929,135.964751417323,136.045,136.034594726769,135.965515136719,135.965811811304
1103.65,136.07878888,135.961542119141,135.964581808342,135.964581808342,135.964749164505,136.045,136.03456905275,135.965490722656,135.965786152788
1103.7,136.07878888,135.961542111916,135.964579217393,135.964579217393,135.964746911687,136.045,136.03454337873,135.965466308594,135.965760494272
1103.75,136.07878888,135.961542104691,135.964576626444,135.964576626444,135.964744658869,136.045,136.03451770471,135.965441894531,135.965734835756
1103.8,136.07878888,135.961542097467,135.964574035495,135.964574035495,135.964742406051,136.045,136.03449203069,135.965417480469,135.96570917724
1103.85,136.07878888,135.961542090242,135.964571444547,135.964571444547,135.964740153233,136.045,136.03446635667,135.965393066406,135.965683518724
1103.9,136.07878888,135.961542083017,135.964568853598,135.964568853598,135.964737900415,136.045,136.034440682651,135.965368652344,135.965657860208
1103.95,136.07878888,135.961542075792,135.964566262649,135.964566262649,135.964735647597,136.045,136.034415008631,135.965344238281,135.965632201692
1104,136.07878888,135.961542068568,135.9645636717,135.9645636717,135.964733394779,136.042725,136.032114334611,135.965319824219,135.965606543177
1104.05,136.07878888,135.961542061343,135.964561080751,135.964561080751,135.964731141961,136.038175,136.027538660591,135.965295410156,135.965580884661
1104.1,136.07878888,135.961542054118,135.964558489803,135.964558489803,135.964728889143,136.033625,136.022962986571,135.965270996094,135.965555226145
1104.15,136.07878888,135.961542046894,135.964555898854,135.964555898854,135.964726636325,136.029075,136.018387312552,135.965246582031,135.965529567629
1104.2,136.07878888,135.961542039669,135.964553307905,135.964553307905,135.964724383507,136.024525,136.013811638532,135.965222167969,135.965503909113
1104.25,136.07878888,135.961542032444,135.964550716956,135.964550716956,135.964722130689,136.019975,136.009235964512,135.965197753906,135.965478250597
1104.3,136.07878888,135.96154202522,135.964548126008,135.964548126008,135.964719877871,136.015425,136.004660290492,135.965173339844,135.965452592081
1104.35,136.07878888,135.961542017995,135.964545535059,135.964545535059,135.964717625053,136.010875,136.000084616472,135.965148925781,135.965426933565
1104.4,136.07878888,135.96154201077,135.96454294411,135.96454294411,135.964715372235,136.006325,135.995508942453,135.965124511719,135.965401275049
1104.45,136.07878888,135.961542003545,135.964540353161,135.964540353161,135.964713119417,136.001775,135.990933268433,135.965100097656,135.965375616533
1104.5,136.07878888,135.961541996321,135.964537762212,135.964537762212,135.964710866599,135.997225,135.986357594413,135.965075683594,135.965349958018
1104.55,136.07878888,135.961541989096,135.964535171264,135.964535171264,135.964708613781,135.992675,135.981781920393,135.965051269531,135.965324299502
1104.6,136.07878888,135.961541981871,135.964532580315,135.964532580315,135.964706360963,135.988125,135.977206246373,135.965026855469,135.965298640986
1104.65,136.07878888,135.961541974647,135.964529989366,135.964529989366,135.964704108145,135.983575,135.972630572354,135.965002441406,135.96527298247
1104.7,136.07878888,135.961541967422,135.964527398417,135.964527398417,135.964701855327,135.979025,135.968054898334,135.964978027344,135.965247323954
1104.75,136.07878888,135.961541960197,135.964524807468,135.964524807468,135.964699602509,135.974475,135.963479224314,135.964953613281,135.965221665438
1104.8,136.07878888,135.961541952972,135.96452221652,135.96452221652,135.964697349691,135.969925,135.958903550294,135.964929199219,135.965196006922
1104.85,136.07878888,135.961541945748,135.964519625571,135.964519625571,135.964695096873,135.965375,135.954327876275,135.964904785156,135.965170348406
1104.9,136.07878888,135.961541938523,135.964517034622,135.964517034622,135.964692844055,135.960825,135.949752202255,135.964880371094,135.96514468989
1104.95,136.07878888,135.961541931298,135.964514443673,135.964514443673,135.964690591237,135.956275,135.945176528235,135.964855957031,135.965119031374
1105,136.07878888,135.961541924074,135.964511852725,135.964511852725,135.964688338419,135.95365,135.942525854215,135.964819335938,135.965081165827
1105.05,136.07878888,135.961541916849,135.964509261776,135.964509261776,135.964686085601,135.95295,135.941800180195,135.964770507812,135.965031093249
1105.1,136.07878888,135.961541909624,135.964506670827,135.964506670827,135.964683832783,135.95225,135.941074506176,135.964721679688,135.964981020671
1105.15,136.07878888,135.961541902399,135.964504079878,135.964504079878,135.964681579965,135.95155,135.940348832156,135.964672851563,135.964930948092
1105.2,136.07878888,135.961541895175,135.964501488929,135.964501488929,135.964679327147,135.95085,135.939623158136,135.964624023437,135.964880875514
1105.25,136.07878888,135.96154188795,135.964498897981,135.964498897981,135.964677074329,135.95015,135.938897484116,135.964575195313,135.964830802935
1105.3,136.07878888,135.961541880725,135.964496307032,135.964496307032,135.964674821511,135.94945,135.938171810096,135.964526367187,135.964780730357
1105.35,136.07878888,135.961541873501,135.964493716083,135.964493716083,135.964672568693,135.94875,135.937446136077,135.964477539062,135.964730657779
1105.4,136.07878888,135.961541866276,135.964491125134,135.964491125134,135.964670315875,135.94805,135.936720462057,135.964428710938,135.9646805852
1105.45,136.07878888,135.961541859051,135.964488534185,135.964488534185,135.964668063057,135.94735,135.935994788037,135.964379882812,135.964630512622
1105.5,136.07878888,135.961541851827,135.964485943237,135.964485943237,135.964665810239,135.94665,135.935269114017,135.964331054688,135.964580440043
1105.55,136.07878888,135.961541844602,135.964483352288,135.964483352288,135.964663557421,135.94595,135.934543439997,135.964282226562,135.964530367465
1105.6,136.07878888,135.961541837377,135.964480761339,135.964480761339,135.964661304603,135.94525,135.933817765978,135.964233398438,135.964480294887
1105.65,136.07878888,135.961541830152,135.96447817039,135.96447817039,135.964659051785,135.94455,135.933092091958,135.964184570313,135.964430222308
1105.7,136.07878888,135.961541822928,135.964475579442,135.964475579442,135.964656798967,135.94385,135.932366417938,135.964135742187,135.96438014973
1105.75,136.07878888,135.961541815703,135.964472988493,135.964472988493,135.964654546149,135.94315,135.931640743918,135.964086914063,135.964330077151
1105.8,136.07878888,135.961541808478,135.964470397544,135.964470397544,135.964652293331,135.94245,135.930915069898,135.964038085937,135.964280004573
1105.85,136.07878888,135.961541801254,135.964467806595,135.964467806595,135.964650040513,135.94175,135.930189395879,135.963989257812,135.964229931995
1105.9,136.07878888,135.961541794029,135.964465215646,135.964465215646,135.964647787695,135.94105,135.929463721859,135.963940429688,135.964179859416
1105.95,136.07878888,135.961541786804,135.964462624698,135.964462624698,135.964645534877,135.94035,135.928738047839,135.963891601562,135.964129786838
1106,136.07878888,135.961541779579,135.964460033749,135.964460033749,135.964643282059,135.939825,135.928187373819,135.963842773438,135.964079714259
1106.05,136.07878888,135.961541772355,135.9644574428,135.9644574428,135.964641029241,135.939475,135.927811699799,135.963793945312,135.964029641681
1106.1,136.07878888,135.96154176513,135.964454851851,135.964454851851,135.964638776423,135.939125,135.92743602578,135.963745117188,135.963979569103
1106.15,136.07878888,135.961541757905,135.964452260902,135.964452260902,135.964636523605,135.938775,135.92706035176,135.963696289063,135.963929496524
1106.2,136.07878888,135.961541750681,135.964449669954,135.964449669954,135.964634270787,135.938425,135.92668467774,135.963647460937,135.963879423946
1106.25,136.07878888,135.961541743456,135.964447079005,135.964447079005,135.964632017969,135.938075,135.92630900372,135.963598632813,135.963829351367
1106.3,136.07878888,135.961541736231,135.964444488056,135.964444488056,135.964629765151,135.937725,135.9259333297,135.963549804687,135.963779278789
1106.35,136.07878888,135.961541729007,135.964441897107,135.964441897107,135.964627512333,135.937375,135.925557655681,135.963500976562,135.963729206211
1106.4,136.07878888,135.961541721782,135.964439306159,135.964439306159,135.964625259515,135.937025,135.925181981661,135.963452148438,135.963679133632
1106.45,136.07878888,135.961541714557,135.96443671521,135.96443671521,135.964623006697,135.936675,135.924806307641,135.963403320312,135.963629061054
1106.5,136.07878888,135.961541707332,135.964434124261,135.964434124261,135.964620753879,135.936325,135.924430633621,135.963354492188,135.963578988475
1106.55,136.07878888,135.961541700108,135.964431533312,135.964431533312,135.964618501061,135.935975,135.924054959601,135.963305664062,135.963528915897
1106.6,136.07878888,135.961541692883,135.964428942363,135.964428942363,135.964616248243,135.935625,135.923679285582,135.963256835938,135.963478843319
1106.65,136.07878888,135.961541685658,135.964426351415,135.964426351415,135.964613995426,135.935275,135.923303611562,135.963208007813,135.96342877074
1106.7,136.07878888,135.961541678434,135.964423760466,135.964423760466,135.964611742608,135.934925,135.922927937542,135.963159179687,135.963378698162
1106.75,136.07878888,135.961541671209,135.964421169517,135.964421169517,135.96460948979,135.934575,135.922552263522,135.963110351563,135.963328625583
1106.8,136.07878888,135.961541663984,135.964418578568,135.964418578568,135.964607236972,135.934225,135.922176589502,135.963061523437,135.963278553005
1106.85,136.07878888,135.961541656759,135.964415987619,135.964415987619,135.964604984154,135.933875,135.921800915483,135.963012695312,135.963228480427
1106.9,136.07878888,135.961541649535,135.964413396671,135.964413396671,135.964602731336,135.933525,135.921425241463,135.962963867188,135.963178407848
1106.95,136.07878888,135.96154164231,135.964410805722,135.964410805722,135.964600478518,135.933175,135.921049567443,135.962915039062,135.96312833527
1107,136.07878888,135.961541635085,135.964408214773,135.964408214773,135.9645982257,135.9331,135.920948893423,135.962866210938,135.963078262691
1107.05,136.07878888,135.961541627861,135.964405623824,135.964405623824,135.964595972882,135.9333,135.921123219404,135.962817382812,135.963028190113
1107.1,136.07878888,135.961541620636,135.964403032876,135.964403032876,135.964593720064,135.9335,135.921297545384,135.962768554688,135.962978117535
1107.15,136.07878888,135.961541613411,135.964400441927,135.964400441927,135.964591467246,135.9337,135.921471871364,135.962719726563,135.962928044956
1107.2,136.07878888,135.961541606187,135.964397850978,135.964397850978,135.964589214428,135.9339,135.921646197344,135.962670898437,135.962877972378
1107.25,136.07878888,135.961541598962,135.964395260029,135.964395260029,135.96458696161,135.9341,135.921820523324,135.962622070313,135.962827899799
1107.3,136.07878888,135.961541591737,135.96439266908,135.96439266908,135.964584708792,135.9343,135.921994849305,135.962573242187,135.962777827221
1107.35,136.07878888,135.961541584512,135.964390078132,135.964390078132,135.964582455974,135.9345,135.922169175285,135.962524414062,135.962727754643
1107.4,136.07878888,135.961541577288,135.964387487183,135.964387487183,135.964580203156,135.9347,135.922343501265,135.962475585938,135.962677682064
1107.45,136.07878888,135.961541570063,135.964384896234,135.964384896234,135.964577950338,135.9349,135.922517827245,135.962426757812,135.962627609486
1107.5,136.07878888,135.961541562838,135.964382305285,135.964382305285,135.96457569752,135.9351,135.922692153225,135.962377929688,135.962577536907
1107.55,136.07878888,135.961541555614,135.964379714337,135.964379714337,135.964573444702,135.9353,135.922866479206,135.962329101562,135.962527464329
1107.6,136.07878888,135.961541548389,135.964377123388,135.964377123388,135.964571191884,135.9355,135.923040805186,135.962280273438,135.962477391751
1107.65,136.07878888,135.961541541164,135.964374532439,135.964374532439,135.964568939066,135.9357,135.923215131166,135.962231445313,135.962427319172
1107.7,136.07878888,135.961541533939,135.96437194149,135.96437194149,135.964566686248,135.9359,135.923389457146,135.962182617187,135.962377246594
1107.75,136.07878888,135.961541526715,135.964369350541,135.964369350541,135.96456443343,135.9361,135.923563783126,135.962133789063,135.962327174015
1107.8,136.07878888,135.96154151949,135.964366759593,135.964366759593,135.964562180612,135.9363,135.923738109107,135.962084960937,135.962277101437
1107.85,136.07878888,135.961541512265,135.964364168644,135.964364168644,135.964559927794,135.9365,135.923912435087,135.962036132812,135.962227028859
1107.9,136.07878888,135.961541505041,135.964361577695,135.964361577695,135.964557674976,135.9367,135.924086761067,135.961987304688,135.96217695628
1107.95,136.07878888,135.961541497816,135.964358986746,135.964358986746,135.964555422158,135.9369,135.924261087047,135.961938476562,135.962126883702
1108,136.07878888,135.961541490591,135.964356395797,135.964356395797,135.96455316934,135.937075,135.924410413027,135.961889648438,135.962076811123
1108.05,136.07878888,135.961541483366,135.964353804849,135.964353804849,135.964550916522,135.937225,135.924534739008,135.961840820312,135.962026738545
1108.1,136.07878888,135.961541476142,135.9643512139,135.9643512139,135.964548663704,135.937375,135.924659064988,135.961791992188,135.961976665967
1108.15,136.07878888,135.961541468917,135.964348622951,135.964348622951,135.964546410886,135.937525,135.924783390968,135.961743164063,135.961926593388
1108.2,136.07878888,135.961541461692,135.964346032002,135.964346032002,135.964544158068,135.937675,135.924907716948,135.961694335937,135.96187652081
1108.25,136.07878888,135.961541454468,135.964343441054,135.964343441054,135.96454190525,135.937825,135.925032042928,135.961645507813,135.961826448231
1108.3,136.07878888,135.961541447243,135.964340850105,135.964340850105,135.964539652432,135.937975,135.925156368909,135.961596679687,135.961776375653
1108.35,136.07878888,135.961541440018,135.964338259156,135.964338259156,135.964537399614,135.938125,135.925280694889,135.961547851562,135.961726303075
1108.4,136.07878888,135.961541432794,135.964335668207,135.964335668207,135.964535146796,135.938275,135.925405020869,135.961499023438,135.961676230496
1108.45,136.07878888,135.961541425569,135.964333077258,135.964333077258,135.964532893978,135.938425,135.925529346849,135.961450195312,135.961626157918
1108.5,136.07878888,135.961541418344,135.96433048631,135.96433048631,135.96453064116,135.938575,135.925653672829,135.961401367188,135.961576085339
1108.55,136.07878888,135.961541411119,135.964327895361,135.964327895361,135.964528388342,135.938725,135.92577799881,135.961352539062,135.961526012761
1108.6,136.07878888,135.961541403895,135.964325304412,135.964325304412,135.964526135524,135.938875,135.92590232479,135.961303710938,135.961475940183
1108.65,136.07878888,135.96154139667,135.964322713463,135.964322713463,135.964523882706,135.939025,135.92602665077,135.961254882813,135.961425867604
1108.7,136.07878888,135.961541389445,135.964320122514,135.964320122514,135.964521629888,135.939175,135.92615097675,135.961206054687,135.961375795026
1108.75,136.07878888,135.961541382221,135.964317531566,135.964317531566,135.96451937707,135.939325,135.92627530273,135.961157226563,135.961325722447
1108.8,136.07878888,135.961541374996,135.964314940617,135.964314940617,135.964517124252,135.939475,135.926399628711,135.961108398437,135.961275649869
1108.85,136.07878888,135.961541367771,135.964312349668,135.964312349668,135.964514871434,135.939625,135.926523954691,135.961059570312,135.961225577291
1108.9,136.07878888,135.961541360546,135.964309758719,135.964309758719,135.964512618616,135.939775,135.926648280671,135.961010742188,135.961175504712
1108.95,136.07878888,135.961541353322,135.964307167771,135.964307167771,135.964510365798,135.939925,135.926772606651,135.960961914062,135.961125432134
1109,136.07878888,135.961541346097,135.964304576822,135.964304576822,135.96450811298,135.94,135.926821932631,135.960913085938,135.961075359555
1109.05,136.07878888,135.961541338872,135.964301985873,135.964301985873,135.964505860162,135.94,135.926796258612,135.960864257812,135.961025286977
1109.1,136.07878888,135.961541331648,135.964299394924,135.964299394924,135.964503607344,135.94,135.926770584592,135.960815429688,135.960975214399
1109.15,136.07878888,135.961541324423,135.964296803975,135.964296803975,135.964501354526,135.94,135.926744910572,135.960766601563,135.96092514182
1109.2,136.07878888,135.961541317198,135.964294213027,135.964294213027,135.964499101708,135.94,135.926719236552,135.960717773437,135.960875069242
1109.25,136.07878888,135.961541309974,135.964291622078,135.964291622078,135.96449684889,135.94,135.926693562533,135.960668945313,135.960824996663
1109.3,136.07878888,135.961541302749,135.964289031129,135.964289031129,135.964494596072,135.94,135.926667888513,135.960620117187,135.960774924085
1109.35,136.07878888,135.961541295524,135.96428644018,135.96428644018,135.964492343254,135.94,135.926642214493,135.960571289062,135.960724851507
1109.4,136.07878888,135.961541288299,135.964283849231,135.964283849231,135.964490090436,135.94,135.926616540473,135.960522460938,135.960674778928
1109.45,136.07878888,135.961541281075,135.964281258283,135.964281258283,135.964487837618,135.94,135.926590866453,135.960473632812,135.96062470635
1109.5,136.07878888,135.96154127385,135.964278667334,135.964278667334,135.9644855848,135.94,135.926565192434,135.960424804688,135.960574633771
1109.55,136.07878888,135.961541266625,135.964276076385,135.964276076385,135.964483331982,135.94,135.926539518414,135.960375976562,135.960524561193
1109.6,136.07878888,135.961541259401,135.964273485436,135.964273485436,135.964481079164,135.94,135.926513844394,135.960327148438,135.960474488615
1109.65,136.07878888,135.961541252176,135.964270894488,135.964270894488,135.964478826346,135.94,135.926488170374,135.960278320313,135.960424416036
1109.7,136.07878888,135.961541244951,135.964268303539,135.964268303539,135.964476573528,135.94,135.926462496354,135.960229492187,135.960374343458
1109.75,136.07878888,135.961541237726,135.96426571259,135.96426571259,135.96447432071,135.94,135.926436822335,135.960180664063,135.960324270879
1109.8,136.07878888,135.961541230502,135.964263121641,135.964263121641,135.964472067892,135.94,135.926411148315,135.960131835937,135.960274198301
1109.85,136.07878888,135.961541223277,135.964260530692,135.964260530692,135.964469815074,135.94,135.926385474295,135.960083007812,135.960224125723
1109.9,136.07878888,135.961541216052,135.964257939744,135.964257939744,135.964467562256,135.94,135.926359800275,135.960034179688,135.960174053144
1109.95,136.07878888,135.961541208828,135.964255348795,135.964255348795,135.964465309438,135.94,135.926334126255,135.959985351562,135.960123980566
1110,136.07878888,135.961541201603,135.964252757846,135.964252757846,135.96446305662,135.94025,135.926558452236,135.959936523438,135.960073907987
1110.05,136.07878888,135.96155250335,135.964239715415,135.964239715415,135.964449856333,135.94075,135.927038045211,135.959887695312,135.960021693683
1110.1,136.07878888,135.961563805097,135.964226672985,135.964226672985,135.964436656046,135.94125,135.927517638186,135.959838867188,135.959969479379
1110.15,136.07878888,135.961575106844,135.964213630554,135.964213630554,135.964423455759,135.94175,135.927997231162,135.959790039063,135.959917265075
1110.2,136.07878888,135.961586408591,135.964200588123,135.964200588123,135.964410255472,135.94225,135.928476824137,135.959741210937,135.959865050771
1110.25,136.07878888,135.961597710338,135.964187545692,135.964187545692,135.964397055185,135.94275,135.928956417113,135.959692382813,135.959812836467
1110.3,136.07878888,135.961609012084,135.964174503261,135.964174503261,135.964383854898,135.94325,135.929436010088,135.959643554687,135.959760622163
1110.35,136.07878888,135.961620313831,135.964161460831,135.964161460831,135.964370654611,135.94375,135.929915603064,135.959594726562,135.959708407858
1110.4,136.07878888,135.961631615578,135.9641484184,135.9641484184,135.964357454324,135.94425,135.930395196039,135.959545898438,135.959656193554
1110.45,136.07878888,135.961642917325,135.964135375969,135.964135375969,135.964344254037,135.94475,135.930874789015,135.959497070312,135.95960397925
1110.5,136.07878888,135.961654219072,135.964122333538,135.964122333538,135.96433105375,135.94525,135.93135438199,135.959448242188,135.959551764946
1110.55,136.07878888,135.961665520819,135.964109291108,135.964109291108,135.964317853463,135.94575,135.931833974965,135.959399414062,135.959499550642
1110.6,136.07878888,135.961676822566,135.964096248677,135.964096248677,135.964304653176,135.94625,135.932313567941,135.959350585938,135.959447336338
1110.65,136.07878888,135.961688124313,135.964083206246,135.964083206246,135.964291452889,135.94675,135.932793160916,135.959301757813,135.959395122033
1110.7,136.07878888,135.96169942606,135.964070163815,135.964070163815,135.964278252601,135.94725,135.933272753892,135.959252929687,135.959342907729
1110.75,136.07878888,135.961710727807,135.964057121385,135.964057121385,135.964265052314,135.94775,135.933752346867,135.959204101563,135.959290693425
1110.8,136.07878888,135.961722029554,135.964044078954,135.964044078954,135.964251852027,135.94825,135.934231939843,135.959155273437,135.959238479121
1110.85,136.07878888,135.961733331301,135.964031036523,135.964031036523,135.96423865174,135.94875,135.934711532818,135.959106445312,135.959186264817
1110.9,136.07878888,135.961744633048,135.964017994092,135.964017994092,135.964225451453,135.94925,135.935191125794,135.959057617188,135.959134050513
1110.95,136.07878888,135.961755934794,135.964004951662,135.964004951662,135.964212251166,135.94975,135.935670718769,135.959008789062,135.959081836208
1111,136.07878888,135.961767236541,135.963991909231,135.963991909231,135.964199050879,135.950225,135.936125311744,135.958959960938,135.959029621904
1111.05,136.07878888,135.961778538288,135.9639788668,135.9639788668,135.964185850592,135.950675,135.93655490472,135.958911132812,135.9589774076
1111.1,136.07878888,135.961789840035,135.963965824369,135.963965824369,135.964172650305,135.951125,135.936984497695,135.958862304688,135.958925193296
1111.15,136.07878888,135.961801141782,135.963952781939,135.963952781939,135.964159450018,135.951575,135.937414090671,135.958813476563,135.958872978992
1111.2,136.07878888,135.961812443529,135.963939739508,135.963939739508,135.964146249731,135.952025,135.937843683646,135.958764648437,135.958820764688
1111.25,136.07878888,135.961823745276,135.963926697077,135.963926697077,135.964133049444,135.952475,135.938273276622,135.958715820313,135.958768550384
1111.3,136.07878888,135.961835047023,135.963913654646,135.963913654646,135.964119849157,135.952925,135.938702869597,135.958666992187,135.958716336079
1111.35,136.07878888,135.96184634877,135.963900612216,135.963900612216,135.96410664887,135.953375,135.939132462573,135.958618164062,135.958664121775
1111.4,136.07878888,135.961857650517,135.963887569785,135.963887569785,135.964093448583,135.953825,135.939562055548,135.958569335938,135.958611907471
1111.45,136.07878888,135.961868952264,135.963874527354,135.963874527354,135.964080248296,135.954275,135.939991648523,135.958520507812,135.958559693167
1111.5,136.07878888,135.961880254011,135.963861484923,135.963861484923,135.964067048009,135.954725,135.940421241499,135.958471679688,135.958507478863
1111.55,136.07878888,135.961891555758,135.963848442493,135.963848442493,135.964053847722,135.955175,135.940850834474,135.958422851562,135.958455264559
1111.6,136.07878888,135.961902857505,135.963835400062,135.963835400062,135.964040647435,135.955625,135.94128042745,135.958374023438,135.958403050254
1111.65,136.07878888,135.961914159251,135.963822357631,135.963822357631,135.964027447147,135.956075,135.941710020425,135.958325195313,135.95835083595
1111.7,136.07878888,135.961925460998,135.9638093152,135.9638093152,135.96401424686,135.956525,135.942139613401,135.958276367187,135.958298621646
1111.75,136.07878888,135.961936762745,135.96379627277,135.96379627277,135.964001046573,135.956975,135.942569206376,135.958227539063,135.958246407342
1111.8,136.07878888,135.961948064492,135.963783230339,135.963783230339,135.963987846286,135.957425,135.942998799352,135.958178710937,135.958194193038
1111.85,136.07878888,135.961959366239,135.963770187908,135.963770187908,135.963974645999,135.957875,135.943428392327,135.958129882812,135.958141978734
1111.9,136.07878888,135.961970667986,135.963757145477,135.963757145477,135.963961445712,135.958325,135.943857985302,135.958081054688,135.95808976443
1111.95,136.07878888,135.961981969733,135.963744103047,135.963744103047,135.963948245425,135.958775,135.944287578278,135.958032226562,135.958037550125
1112,136.07878888,135.96199327148,135.963731060616,135.963731060616,135.963935045138,135.959,135.944492171253,135.957983398438,135.957985335821
1112.05,136.07878888,135.962004573227,135.963718018185,135.963718018185,135.963921844851,135.959,135.944471764229,135.957934570312,135.957933121517
1112.1,136.07878888,135.962015874974,135.963704975754,135.963704975754,135.963908644564,135.959,135.944451357204,135.957885742188,135.957880907213
1112.15,136.07878888,135.962027176721,135.963691933324,135.963691933324,135.963895444277,135.959,135.94443095018,135.957836914063,135.957828692909
1112.2,136.07878888,135.962038478468,135.963678890893,135.963678890893,135.96388224399,135.959,135.944410543155,135.957788085937,135.957776478605
1112.25,136.07878888,135.962049780215,135.963665848462,135.963665848462,135.963869043703,135.959,135.944390136131,135.957739257813,135.9577242643
1112.3,136.07878888,135.962061081962,135.963652806031,135.963652806031,135.963855843416,135.959,135.944369729106,135.957690429687,135.957672049996
1112.35,136.07878888,135.962072383708,135.9636397636,135.9636397636,135.963842643129,135.959,135.944349322081,135.957641601562,135.957619835692
1112.4,136.07878888,135.962083685455,135.96362672117,135.96362672117,135.963829442842,135.959,135.944328915057,135.957592773438,135.957567621388
1112.45,136.07878888,135.962094987202,135.963613678739,135.963613678739,135.963816242555,135.959,135.944308508032,135.957543945312,135.957515407084
1112.5,136.07878888,135.962106288949,135.963600636308,135.963600636308,135.963803042268,135.959,135.944288101008,135.957495117188,135.95746319278
1112.55,136.07878888,135.962117590696,135.963587593877,135.963587593877,135.963789841981,135.959,135.944267693983,135.957446289062,135.957410978475
1112.6,136.07878888,135.962128892443,135.963574551447,135.963574551447,135.963776641694,135.959,135.944247286959,135.957397460938,135.957358764171
1112.65,136.07878888,135.96214019419,135.963561509016,135.963561509016,135.963763441406,135.959,135.944226879934,135.957348632813,135.957306549867
1112.7,136.07878888,135.962151495937,135.963548466585,135.963548466585,135.963750241119,135.959,135.94420647291,135.957299804687,135.957254335563
1112.75,136.07878888,135.962162797684,135.963535424154,135.963535424154,135.963737040832,135.959,135.944186065885,135.957250976563,135.957202121259
1112.8,136.07878888,135.962174099431,135.963522381724,135.963522381724,135.963723840545,135.959,135.94416565886,135.957202148437,135.957149906955
1112.85,136.07878888,135.962185401178,135.963509339293,135.963509339293,135.963710640258,135.959,135.944145251836,135.957153320312,135.957097692651
1112.9,136.07878888,135.962196702925,135.963496296862,135.963496296862,135.963697439971,135.959,135.944124844811,135.957104492188,135.957045478346
1112.95,136.07878888,135.962208004672,135.963483254431,135.963483254431,135.963684239684,135.959,135.944104437787,135.957055664062,135.956993264042
1113,136.07878888,135.962219306418,135.963470212001,135.963470212001,135.963671039397,135.959,135.944084030762,135.957092285156,135.957026498957
1113.05,136.07878888,135.962230608165,135.96345716957,135.96345716957,135.96365783911,135.959,135.944063623738,135.957214355469,135.95714518309
1113.1,136.07878888,135.962241909912,135.963444127139,135.963444127139,135.963644638823,135.959,135.944043216713,135.957336425781,135.957263867223
1113.15,136.07878888,135.962253211659,135.963431084708,135.963431084708,135.963631438536,135.959,135.944022809689,135.957458496094,135.957382551357
1113.2,136.07878888,135.962264513406,135.963418042278,135.963418042278,135.963618238249,135.959,135.944002402664,135.957580566406,135.95750123549
1113.25,136.07878888,135.962275815153,135.963404999847,135.963404999847,135.963605037962,135.959,135.943981995639,135.957702636719,135.957619919624
1113.3,136.07878888,135.9622871169,135.963391957416,135.963391957416,135.963591837675,135.959,135.943961588615,135.957824707031,135.957738603757
1113.35,136.07878888,135.962298418647,135.963378914985,135.963378914985,135.963578637388,135.959,135.94394118159,135.957946777344,135.95785728789
1113.4,136.07878888,135.962309720394,135.963365872555,135.963365872555,135.963565437101,135.959,135.943920774566,135.958068847656,135.957975972024
1113.45,136.07878888,135.962321022141,135.963352830124,135.963352830124,135.963552236814,135.959,135.943900367541,135.958190917969,135.958094656157
1113.5,136.07878888,135.962332323888,135.963339787693,135.963339787693,135.963539036527,135.959,135.943879960517,135.958312988281,135.95821334029
1113.55,136.07878888,135.962343625635,135.963326745262,135.963326745262,135.96352583624,135.959,135.943859553492,135.958435058594,135.958332024424
1113.6,136.07878888,135.962354927382,135.963313702832,135.963313702832,135.963512635953,135.959,135.943839146468,135.958557128906,135.958450708557
1113.65,136.07878888,135.962366229129,135.963300660401,135.963300660401,135.963499435665,135.959,135.943818739443,135.958679199219,135.95856939269
1113.7,136.07878888,135.962377530875,135.96328761797,135.96328761797,135.963486235378,135.959,135.943798332418,135.958801269531,135.958688076824
1113.75,136.07878888,135.962388832622,135.963274575539,135.963274575539,135.963473035091,135.959,135.943777925394,135.958923339844,135.958806760957
1113.8,136.07878888,135.962400134369,135.963261533108,135.963261533108,135.963459834804,135.959,135.943757518369,135.959045410156,135.95892544509
1113.85,136.07878888,135.962411436116,135.963248490678,135.963248490678,135.963446634517,135.959,135.943737111345,135.959167480469,135.959044129224
1113.9,136.07878888,135.962422737863,135.963235448247,135.963235448247,135.96343343423,135.959,135.94371670432,135.959289550781,135.959162813357
1113.95,136.07878888,135.96243403961,135.963222405816,135.963222405816,135.963420233943,135.959,135.943696297296,135.959411621094,135.95928149749
1114,136.07878888,135.962445341357,135.963209363385,135.963209363385,135.963407033656,135.948625,135.933300890271,135.959533691406,135.959400181624
1114.05,136.07878888,135.962456643104,135.963196320955,135.963196320955,135.963393833369,135.927875,135.912530483247,135.959655761719,135.959518865757
1114.1,136.07878888,135.962467944851,135.963183278524,135.963183278524,135.963380633082,135.907125,135.891760076222,135.959777832031,135.95963754989
1114.15,136.07878888,135.962479246598,135.963170236093,135.963170236093,135.963367432795,135.886375,135.870989669197,135.959899902344,135.959756234024
1114.2,136.07878888,135.962490548345,135.963157193662,135.963157193662,135.963354232508,135.865625,135.850219262173,135.960021972656,135.959874918157
1114.25,136.07878888,135.962501850092,135.963144151232,135.963144151232,135.963341032221,135.844875,135.829448855148,135.960144042969,135.95999360229
1114.3,136.07878888,135.962513151839,135.963131108801,135.963131108801,135.963327831934,135.824125,135.808678448124,135.960266113281,135.960112286424
1114.35,136.07878888,135.962524453585,135.96311806637,135.96311806637,135.963314631647,135.803375,135.787908041099,135.960388183594,135.960230970557
1114.4,136.07878888,135.962535755332,135.963105023939,135.963105023939,135.96330143136,135.782625,135.767137634075,135.960510253906,135.96034965469
1114.45,136.07878888,135.962547057079,135.963091981509,135.963091981509,135.963288231073,135.761875,135.74636722705,135.960632324219,135.960468338824
1114.5,136.07878888,135.962558358826,135.963078939078,135.963078939078,135.963275030786,135.741125,135.725596820026,135.960754394531,135.960587022957
1114.55,136.07878888,135.962569660573,135.963065896647,135.963065896647,135.963261830499,135.720375,135.704826413001,135.960876464844,135.96070570709
1114.6,136.07878888,135.96258096232,135.963052854216,135.963052854216,135.963248630212,135.699625,135.684056005976,135.960998535156,135.960824391224
1114.65,136.07878888,135.962592264067,135.963039811786,135.963039811786,135.963235429924,135.678875,135.663285598952,135.961120605469,135.960943075357
1114.7,136.07878888,135.962603565814,135.963026769355,135.963026769355,135.963222229637,135.658125,135.642515191927,135.961242675781,135.96106175949
1114.75,136.07878888,135.962614867561,135.963013726924,135.963013726924,135.96320902935,135.637375,135.621744784903,135.961364746094,135.961180443624
1114.8,136.07878888,135.962626169308,135.963000684493,135.963000684493,135.963195829063,135.616625,135.600974377878,135.961486816406,135.961299127757
1114.85,136.07878888,135.962637471055,135.962987642063,135.962987642063,135.963182628776,135.595875,135.580203970854,135.961608886719,135.96141781189
1114.9,136.07878888,135.962648772802,135.962974599632,135.962974599632,135.963169428489,135.575125,135.559433563829,135.961730957031,135.961536496024
1114.95,136.07878888,135.962660074549,135.962961557201,135.962961557201,135.963156228202,135.554375,135.538663156805,135.961853027344,135.961655180157
1115,136.07878888,135.962671376296,135.96294851477,135.96294851477,135.963143027915,135.54385,135.52811774978,135.961975097656,135.961773864291
1115.05,136.07878888,135.962682678042,135.96293547234,135.96293547234,135.963129827628,135.54355,135.527797342755,135.962097167969,135.961892548424
1115.1,136.07878888,135.962693979789,135.962922429909,135.962922429909,135.963116627341,135.54325,135.527476935731,135.962219238281,135.962011232557
1115.15,136.07878888,135.962705281536,135.962909387478,135.962909387478,135.963103427054,135.54295,135.527156528706,135.962341308594,135.962129916691
1115.2,136.07878888,135.962716583283,135.962896345047,135.962896345047,135.963090226767,135.54265,135.526836121682,135.962463378906,135.962248600824
1115.25,136.07878888,135.96272788503,135.962883302617,135.962883302617,135.96307702648,135.54235,135.526515714657,135.962585449219,135.962367284957
1115.3,136.07878888,135.962739186777,135.962870260186,135.962870260186,135.963063826193,135.54205,135.526195307633,135.962707519531,135.962485969091
1115.35,136.07878888,135.962750488524,135.962857217755,135.962857217755,135.963050625906,135.54175,135.525874900608,135.962829589844,135.962604653224
1115.4,136.07878888,135.962761790271,135.962844175324,135.962844175324,135.963037425619,135.54145,135.525554493584,135.962951660156,135.962723337357
1115.45,136.07878888,135.962773092018,135.962831132894,135.962831132894,135.963024225332,135.54115,135.525234086559,135.963073730469,135.962842021491
1115.5,136.07878888,135.962784393765,135.962818090463,135.962818090463,135.963011025045,135.54085,135.524913679535,135.963195800781,135.962960705624
1115.55,136.07878888,135.962795695512,135.962805048032,135.962805048032,135.962997824758,135.54055,135.52459327251,135.963317871094,135.963079389757
1115.6,136.07878888,135.962806997259,135.962792005601,135.962792005601,135.962984624471,135.54025,135.524272865485,135.963439941406,135.963198073891
1115.65,136.07878888,135.962818299006,135.962778963171,135.962778963171,135.962971424183,135.53995,135.523952458461,135.963562011719,135.963316758024
1115.7,136.07878888,135.962829600752,135.96276592074,135.96276592074,135.962958223896,135.53965,135.523632051436,135.963684082031,135.963435442157
1115.75,136.07878888,135.962840902499,135.962752878309,135.962752878309,135.962945023609,135.53935,135.523311644412,135.963806152344,135.963554126291
1115.8,136.07878888,135.962852204246,135.962739835878,135.962739835878,135.962931823322,135.53905,135.522991237387,135.963928222656,135.963672810424
1115.85,136.07878888,135.962863505993,135.962726793447,135.962726793447,135.962918623035,135.53875,135.522670830363,135.964050292969,135.963791494557
1115.9,136.07878888,135.96287480774,135.962713751017,135.962713751017,135.962905422748,135.53845,135.522350423338,135.964172363281,135.963910178691
1115.95,136.07878888,135.962886109487,135.962700708586,135.962700708586,135.962892222461,135.53815,135.522030016313,135.964294433594,135.964028862824
1116,136.07878888,135.962897411234,135.962687666155,135.962687666155,135.962879022174,135.537525,135.521384609289,135.964416503906,135.964147546957
1116.05,136.07878888,135.962908712981,135.962674623724,135.962674623724,135.962865821887,135.536575,135.520414202264,135.964538574219,135.964266231091
1116.1,136.07878888,135.962920014728,135.962661581294,135.962661581294,135.9628526216,135.535625,135.51944379524,135.964660644531,135.964384915224
1116.15,136.07878888,135.962931316475,135.962648538863,135.962648538863,135.962839421313,135.534675,135.518473388215,135.964782714844,135.964503599357
1116.2,136.07878888,135.962942618222,135.962635496432,135.962635496432,135.962826221026,135.533725,135.517502981191,135.964904785156,135.964622283491
1116.25,136.07878888,135.962953919969,135.962622454001,135.962622454001,135.962813020739,135.532775,135.516532574166,135.965026855469,135.964740967624
1116.3,136.07878888,135.962965221716,135.962609411571,135.962609411571,135.962799820452,135.531825,135.515562167142,135.965148925781,135.964859651757
1116.35,136.07878888,135.962976523463,135.96259636914,135.96259636914,135.962786620165,135.530875,135.514591760117,135.965270996094,135.964978335891
1116.4,136.07878888,135.962987825209,135.962583326709,135.962583326709,135.962773419878,135.529925,135.513621353093,135.965393066406,135.965097020024
1116.45,136.07878888,135.962999126956,135.962570284278,135.962570284278,135.962760219591,135.528975,135.512650946068,135.965515136719,135.965215704157
1116.5,136.07878888,135.963010428703,135.962557241848,135.962557241848,135.962747019304,135.528025,135.511680539043,135.965637207031,135.965334388291
1116.55,136.07878888,135.96302173045,135.962544199417,135.962544199417,135.962733819017,135.527075,135.510710132019,135.965759277344,135.965453072424
1116.6,136.07878888,135.963033032197,135.962531156986,135.962531156986,135.96272061873,135.526125,135.509739724994,135.965881347656,135.965571756557
1116.65,136.07878888,135.963044333944,135.962518114555,135.962518114555,135.962707418442,135.525175,135.50876931797,135.966003417969,135.965690440691
1116.7,136.07878888,135.963055635691,135.962505072125,135.962505072125,135.962694218155,135.524225,135.507798910945,135.966125488281,135.965809124824
1116.75,136.07878888,135.963066937438,135.962492029694,135.962492029694,135.962681017868,135.523275,135.506828503921,135.966247558594,135.965927808958
1116.8,136.07878888,135.963078239185,135.962478987263,135.962478987263,135.962667817581,135.522325,135.505858096896,135.966369628906,135.966046493091
1116.85,136.07878888,135.963089540932,135.962465944832,135.962465944832,135.962654617294,135.521375,135.504887689872,135.966491699219,135.966165177224
1116.9,136.07878888,135.963100842679,135.962452902402,135.962452902402,135.962641417007,135.520425,135.503917282847,135.966613769531,135.966283861358
1116.95,136.07878888,135.963112144426,135.962439859971,135.962439859971,135.96262821672,135.519475,135.502946875822,135.966735839844,135.966402545491
1117,136.07878888,135.963123446173,135.96242681754,135.96242681754,135.962615016433,135.5184,135.501851468798,135.966857910156,135.966521229624
1117.05,136.07878888,135.963134747919,135.962413775109,135.962413775109,135.962601816146,135.5172,135.500631061773,135.966979980469,135.966639913758
1117.1,136.07878888,135.963146049666,135.962400732679,135.962400732679,135.962588615859,135.516,135.499410654749,135.967102050781,135.966758597891
1117.15,136.07878888,135.963157351413,135.962387690248,135.962387690248,135.962575415572,135.5148,135.498190247724,135.967224121094,135.966877282024
1117.2,136.07878888,135.96316865316,135.962374647817,135.962374647817,135.962562215285,135.5136,135.4969698407,135.967346191406,135.966995966158
1117.25,136.07878888,135.963179954907,135.962361605386,135.962361605386,135.962549014998,135.5124,135.495749433675,135.967468261719,135.967114650291
1117.3,136.07878888,135.963191256654,135.962348562956,135.962348562956,135.962535814711,135.5112,135.49452902665,135.967590332031,135.967233334424
1117.35,136.07878888,135.963202558401,135.962335520525,135.962335520525,135.962522614424,135.51,135.493308619626,135.967712402344,135.967352018558
1117.4,136.07878888,135.963213860148,135.962322478094,135.962322478094,135.962509414137,135.5088,135.492088212601,135.967834472656,135.967470702691
1117.45,136.07878888,135.963225161895,135.962309435663,135.962309435663,135.96249621385,135.5076,135.490867805577,135.967956542969,135.967589386824
1117.5,136.07878888,135.963236463642,135.962296393232,135.962296393232,135.962483013563,135.5064,135.489647398552,135.968078613281,135.967708070958
1117.55,136.07878888,135.963247765389,135.962283350802,135.962283350802,135.962469813276,135.5052,135.488426991528,135.968200683594,135.967826755091
1117.6,136.07878888,135.963259067136,135.962270308371,135.962270308371,135.962456612989,135.504,135.487206584503,135.968322753906,135.967945439224
1117.65,136.07878888,135.963270368883,135.96225726594,135.96225726594,135.962443412701,135.5028,135.485986177479,135.968444824219,135.968064123358
1117.7,136.07878888,135.96328167063,135.962244223509,135.962244223509,135.962430212414,135.5016,135.484765770454,135.968566894531,135.968182807491
1117.75,136.07878888,135.963292972376,135.962231181079,135.962231181079,135.962417012127,135.5004,135.483545363429,135.968688964844,135.968301491624
1117.8,136.07878888,135.963304274123,135.962218138648,135.962218138648,135.96240381184,135.4992,135.482324956405,135.968811035156,135.968420175758
1117.85,136.07878888,135.96331557587,135.962205096217,135.962205096217,135.962390611553,135.498,135.48110454938,135.968933105469,135.968538859891
1117.9,136.07878888,135.963326877617,135.962192053786,135.962192053786,135.962377411266,135.4968,135.479884142356,135.969055175781,135.968657544024
1117.95,136.07878888,135.963338179364,135.962179011356,135.962179011356,135.962364210979,135.4956,135.478663735331,135.969177246094,135.968776228158
1118,136.07878888,135.963349481111,135.962165968925,135.962165968925,135.962351010692,135.494425,135.477468328307,135.969299316406,135.968894912291
1118.05,136.07878888,135.963360782858,135.962152926494,135.962152926494,135.962337810405,135.493275,135.476297921282,135.969421386719,135.969013596424
1118.1,136.07878888,135.963372084605,135.962139884063,135.962139884063,135.962324610118,135.492125,135.475127514258,135.969543457031,135.969132280558
1118.15,136.07878888,135.963383386352,135.962126841633,135.962126841633,135.962311409831,135.490975,135.473957107233,135.969665527344,135.969250964691
1118.2,136.07878888,135.963394688099,135.962113799202,135.962113799202,135.962298209544,135.489825,135.472786700209,135.969787597656,135.969369648824
1118.25,136.07878888,135.963405989846,135.962100756771,135.962100756771,135.962285009257,135.488675,135.471616293184,135.969909667969,135.969488332958
1118.3,136.07878888,135.963417291593,135.96208771434,135.96208771434,135.96227180897,135.487525,135.470445886159,135.970031738281,135.969607017091
1118.35,136.07878888,135.96342859334,135.96207467191,135.96207467191,135.962258608683,135.486375,135.469275479135,135.970153808594,135.969725701224
1118.4,136.07878888,135.963439895087,135.962061629479,135.962061629479,135.962245408396,135.485225,135.46810507211,135.970275878906,135.969844385358
1118.45,136.07878888,135.963451196833,135.962048587048,135.962048587048,135.962232208109,135.484075,135.466934665086,135.970397949219,135.969963069491
1118.5,136.07878888,135.96346249858,135.962035544617,135.962035544617,135.962219007822,135.482925,135.465764258061,135.970520019531,135.970081753624
1118.55,136.07878888,135.963473800327,135.962022502187,135.962022502187,135.962205807535,135.481775,135.464593851037,135.970642089844,135.970200437758
1118.6,136.07878888,135.963485102074,135.962009459756,135.962009459756,135.962192607247,135.480625,135.463423444012,135.970764160156,135.970319121891
1118.65,136.07878888,135.963496403821,135.961996417325,135.961996417325,135.96217940696,135.479475,135.462253036988,135.970886230469,135.970437806025
1118.7,136.07878888,135.963507705568,135.961983374894,135.961983374894,135.962166206673,135.478325,135.461082629963,135.971008300781,135.970556490158
1118.75,136.07878888,135.963519007315,135.961970332464,135.961970332464,135.962153006386,135.477175,135.459912222938,135.971130371094,135.970675174291
1118.8,136.07878888,135.963530309062,135.961957290033,135.961957290033,135.962139806099,135.476025,135.458741815914,135.971252441406,135.970793858425
1118.85,136.07878888,135.963541610809,135.961944247602,135.961944247602,135.962126605812,135.474875,135.457571408889,135.971374511719,135.970912542558
1118.9,136.07878888,135.963552912556,135.961931205171,135.961931205171,135.962113405525,135.473725,135.456401001865,135.971496582031,135.971031226691
1118.95,136.07878888,135.963564214303,135.961918162741,135.961918162741,135.962100205238,135.472575,135.45523059484,135.971618652344,135.971149910825
1119,136.07878888,135.96357551605,135.96190512031,135.96190512031,135.962087004951,135.472,135.454635187816,135.971740722656,135.971268594958
1119.05,136.07878888,135.963586817797,135.961892077879,135.961892077879,135.962073804664,135.472,135.454614780791,135.971862792969,135.971387279091
1119.1,136.07878888,135.963598119543,135.961879035448,135.961879035448,135.962060604377,135.472,135.454594373767,135.971984863281,135.971505963225
1119.15,136.07878888,135.96360942129,135.961865993018,135.961865993018,135.96204740409,135.472,135.454573966742,135.972106933594,135.971624647358
1119.2,136.07878888,135.963620723037,135.961852950587,135.961852950587,135.962034203803,135.472,135.454553559717,135.972229003906,135.971743331491
1119.25,136.07878888,135.963632024784,135.961839908156,135.961839908156,135.962021003516,135.472,135.454533152693,135.972351074219,135.971862015625
1119.3,136.07878888,135.963643326531,135.961826865725,135.961826865725,135.962007803229,135.472,135.454512745668,135.972473144531,135.971980699758
1119.35,136.07878888,135.963654628278,135.961813823294,135.961813823294,135.961994602942,135.472,135.454492338644,135.972595214844,135.972099383891
1119.4,136.07878888,135.963665930025,135.961800780864,135.961800780864,135.961981402655,135.472,135.454471931619,135.972717285156,135.972218068025
1119.45,136.07878888,135.963677231772,135.961787738433,135.961787738433,135.961968202368,135.472,135.454451524595,135.972839355469,135.972336752158
1119.5,136.07878888,135.963688533519,135.961774696002,135.961774696002,135.961955002081,135.472,135.45443111757,135.972961425781,135.972455436291
1119.55,136.07878888,135.963699835266,135.961761653571,135.961761653571,135.961941801794,135.472,135.454410710546,135.973083496094,135.972574120425
1119.6,136.07878888,135.963711137013,135.961748611141,135.961748611141,135.961928601506,135.472,135.454390303521,135.973205566406,135.972692804558
1119.65,136.07878888,135.96372243876,135.96173556871,135.96173556871,135.961915401219,135.472,135.454369896496,135.973327636719,135.972811488691
1119.7,136.07878888,135.963733740507,135.961722526279,135.961722526279,135.961902200932,135.472,135.454349489472,135.973449707031,135.972930172825
1119.75,136.07878888,135.963745042254,135.961709483848,135.961709483848,135.961889000645,135.472,135.454329082447,135.973571777344,135.973048856958
1119.8,136.07878888,135.963756344,135.961696441418,135.961696441418,135.961875800358,135.472,135.454308675423,135.973693847656,135.973167541091
1119.85,136.07878888,135.963767645747,135.961683398987,135.961683398987,135.961862600071,135.472,135.454288268398,135.973815917969,135.973286225225
1119.9,136.07878888,135.963778947494,135.961670356556,135.961670356556,135.961849399784,135.472,135.454267861374,135.973937988281,135.973404909358
1119.95,136.07878888,135.963790249241,135.961657314125,135.961657314125,135.961836199497,135.472,135.454247454349,135.974060058594,135.973523593491
1120,136.07878888,135.963801550988,135.961644271695,135.961644271695,135.96182299921,135.472,135.454227047325,135.974182128906,135.973642277625
1120.05,136.07878888,135.963798362136,135.961627906446,135.961627906446,135.961805785567,135.472,135.454225666452,135.974304199219,135.973760554896
1120.1,136.07878888,135.963795173283,135.961611541198,135.961611541198,135.961788571925,135.472,135.45422428558,135.974426269531,135.973878832167
1120.15,136.07878888,135.963791984431,135.96159517595,135.96159517595,135.961771358282,135.472,135.454222904708,135.974548339844,135.973997109438
1120.2,136.07878888,135.963788795578,135.961578810702,135.961578810702,135.961754144639,135.472,135.454221523836,135.974670410156,135.974115386709
1120.25,136.07878888,135.963785606725,135.961562445453,135.961562445453,135.961736930997,135.472,135.454220142964,135.974792480469,135.97423366398
1120.3,136.07878888,135.963782417873,135.961546080205,135.961546080205,135.961719717354,135.472,135.454218762091,135.974914550781,135.974351941252
1120.35,136.07878888,135.96377922902,135.961529714957,135.961529714957,135.961702503711,135.472,135.454217381219,135.975036621094,135.974470218523
1120.4,136.07878888,135.963776040168,135.961513349709,135.961513349709,135.961685290069,135.472,135.454216000347,135.975158691406,135.974588495794
1120.45,136.07878888,135.963772851315,135.96149698446,135.96149698446,135.961668076426,135.472,135.454214619475,135.975280761719,135.974706773065
1120.5,136.07878888,135.963769662463,135.961480619212,135.961480619212,135.961650862783,135.472,135.454213238603,135.975402832031,135.974825050336
1120.55,136.07878888,135.96376647361,135.961464253964,135.961464253964,135.961633649141,135.472,135.454211857731,135.975524902344,135.974943327607
1120.6,136.07878888,135.963763284758,135.961447888715,135.961447888715,135.961616435498,135.472,135.454210476858,135.975646972656,135.975061604878
1120.65,136.07878888,135.963760095905,135.961431523467,135.961431523467,135.961599221855,135.472,135.454209095986,135.975769042969,135.97517988215
1120.7,136.07878888,135.963756907052,135.961415158219,135.961415158219,135.961582008212,135.472,135.454207715114,135.975891113281,135.975298159421
1120.75,136.07878888,135.9637537182,135.961398792971,135.961398792971,135.96156479457,135.472,135.454206334242,135.976013183594,135.975416436692
1120.8,136.07878888,135.963750529347,135.961382427722,135.961382427722,135.961547580927,135.472,135.45420495337,135.976135253906,135.975534713963
1120.85,136.07878888,135.963747340495,135.961366062474,135.961366062474,135.961530367284,135.472,135.454203572497,135.976257324219,135.975652991234
1120.9,136.07878888,135.963744151642,135.961349697226,135.961349697226,135.961513153642,135.472,135.454202191625,135.976379394531,135.975771268505
1120.95,136.07878888,135.96374096279,135.961333331978,135.961333331978,135.961495939999,135.472,135.454200810753,135.976501464844,135.975889545776
1121,136.07878888,135.963737773937,135.961316966729,135.961316966729,135.961478726356,135.47245,135.454649429881,135.976550292969,135.97593458086
1121.05,136.07878888,135.963734585085,135.961300601481,135.961300601481,135.961461512714,135.47335,135.455548049009,135.976525878906,135.975906373756
1121.1,136.07878888,135.963731396232,135.961284236233,135.961284236233,135.961444299071,135.47425,135.456446668137,135.976501464844,135.975878166652
1121.15,136.07878888,135.96372820738,135.961267870985,135.961267870985,135.961427085428,135.47515,135.457345287264,135.976477050781,135.975849959548
1121.2,136.07878888,135.963725018527,135.961251505736,135.961251505736,135.961409871786,135.47605,135.458243906392,135.976452636719,135.975821752445
1121.25,136.07878888,135.963721829674,135.961235140488,135.961235140488,135.961392658143,135.47695,135.45914252552,135.976428222656,135.975793545341
1121.3,136.07878888,135.963718640822,135.96121877524,135.96121877524,135.9613754445,135.47785,135.460041144648,135.976403808594,135.975765338237
1121.35,136.07878888,135.963715451969,135.961202409992,135.961202409992,135.961358230858,135.47875,135.460939763776,135.976379394531,135.975737131133
1121.4,136.07878888,135.963712263117,135.961186044743,135.961186044743,135.961341017215,135.47965,135.461838382903,135.976354980469,135.975708924029
1121.45,136.07878888,135.963709074264,135.961169679495,135.961169679495,135.961323803572,135.48055,135.462737002031,135.976330566406,135.975680716925
1121.5,136.07878888,135.963705885412,135.961153314247,135.961153314247,135.96130658993,135.48145,135.463635621159,135.976306152344,135.975652509821
1121.55,136.07878888,135.963702696559,135.961136948999,135.961136948999,135.961289376287,135.48235,135.464534240287,135.976281738281,135.975624302718
1121.6,136.07878888,135.963699507707,135.96112058375,135.96112058375,135.961272162644,135.48325,135.465432859415,135.976257324219,135.975596095614
1121.65,136.07878888,135.963696318854,135.961104218502,135.961104218502,135.961254949001,135.48415,135.466331478543,135.976232910156,135.97556788851
1121.7,136.07878888,135.963693130002,135.961087853254,135.961087853254,135.961237735359,135.48505,135.46723009767,135.976208496094,135.975539681406
1121.75,136.07878888,135.963689941149,135.961071488006,135.961071488006,135.961220521716,135.48595,135.468128716798,135.976184082031,135.975511474302
1121.8,136.07878888,135.963686752296,135.961055122757,135.961055122757,135.961203308073,135.48685,135.469027335926,135.976159667969,135.975483267198
1121.85,136.07878888,135.963683563444,135.961038757509,135.961038757509,135.961186094431,135.48775,135.469925955054,135.976135253906,135.975455060094
1121.9,136.07878888,135.963680374591,135.961022392261,135.961022392261,135.961168880788,135.48865,135.470824574182,135.976110839844,135.97542685299
1121.95,136.07878888,135.963677185739,135.961006027012,135.961006027012,135.961151667145,135.48955,135.471723193309,135.976086425781,135.975398645887
1122,136.07878888,135.963673996886,135.960989661764,135.960989661764,135.961134453503,135.5012,135.483371812437,135.976062011719,135.975370438783
1122.05,136.07878888,135.963670808034,135.960973296516,135.960973296516,135.96111723986,135.5236,135.505770431565,135.976037597656,135.975342231679
1122.1,136.07878888,135.963667619181,135.960956931268,135.960956931268,135.961100026217,135.546,135.528169050693,135.976013183594,135.975314024575
1122.15,136.07878888,135.963664430329,135.960940566019,135.960940566019,135.961082812575,135.5684,135.550567669821,135.975988769531,135.975285817471
1122.2,136.07878888,135.963661241476,135.960924200771,135.960924200771,135.961065598932,135.5908,135.572966288948,135.975964355469,135.975257610367
1122.25,136.07878888,135.963658052624,135.960907835523,135.960907835523,135.961048385289,135.6132,135.595364908076,135.975939941406,135.975229403263
1122.3,136.07878888,135.963654863771,135.960891470275,135.960891470275,135.961031171647,135.6356,135.617763527204,135.975915527344,135.97520119616
1122.35,136.07878888,135.963651674918,135.960875105026,135.960875105026,135.961013958004,135.658,135.640162146332,135.975891113281,135.975172989056
1122.4,136.07878888,135.963648486066,135.960858739778,135.960858739778,135.960996744361,135.6804,135.66256076546,135.975866699219,135.975144781952
1122.45,136.07878888,135.963645297213,135.96084237453,135.96084237453,135.960979530718,135.7028,135.684959384588,135.975842285156,135.975116574848
1122.5,136.07878888,135.963642108361,135.960826009282,135.960826009282,135.960962317076,135.7252,135.707358003715,135.975817871094,135.975088367744
1122.55,136.07878888,135.963638919508,135.960809644033,135.960809644033,135.960945103433,135.7476,135.729756622843,135.975793457031,135.97506016064
1122.6,136.07878888,135.963635730656,135.960793278785,135.960793278785,135.96092788979,135.77,135.752155241971,135.975769042969,135.975031953536
1122.65,136.07878888,135.963632541803,135.960776913537,135.960776913537,135.960910676148,135.7924,135.774553861099,135.975744628906,135.975003746433
1122.7,136.07878888,135.963629352951,135.960760548289,135.960760548289,135.960893462505,135.8148,135.796952480227,135.975720214844,135.974975539329
1122.75,136.07878888,135.963626164098,135.96074418304,135.96074418304,135.960876248862,135.8372,135.819351099354,135.975695800781,135.974947332225
1122.8,136.07878888,135.963622975246,135.960727817792,135.960727817792,135.96085903522,135.8596,135.841749718482,135.975671386719,135.974919125121
1122.85,136.07878888,135.963619786393,135.960711452544,135.960711452544,135.960841821577,135.882,135.86414833761,135.975646972656,135.974890918017
1122.9,136.07878888,135.96361659754,135.960695087296,135.960695087296,135.960824607934,135.9044,135.886546956738,135.975622558594,135.974862710913
1122.95,136.07878888,135.963613408688,135.960678722047,135.960678722047,135.960807394292,135.9268,135.908945575866,135.975598144531,135.974834503809
1123,136.07878888,135.963610219835,135.960662356799,135.960662356799,135.960790180649,135.957825,135.939969194994,135.975573730469,135.974806296705
1123.05,136.07878888,135.963607030983,135.960645991551,135.960645991551,135.960772967006,135.997475,135.979617814121,135.975549316406,135.974778089602
1123.1,136.07878888,135.96360384213,135.960629626303,135.960629626303,135.960755753364,136.037125,136.019266433249,135.975524902344,135.974749882498
1123.15,136.07878888,135.963600653278,135.960613261054,135.960613261054,135.960738539721,136.076775,136.058915052377,135.975500488281,135.974721675394
1123.2,136.07878888,135.963597464425,135.960596895806,135.960596895806,135.960721326078,136.116425,136.098563671505,135.975476074219,135.97469346829
1123.25,136.07878888,135.963594275573,135.960580530558,135.960580530558,135.960704112435,136.156075,136.138212290633,135.975451660156,135.974665261186
1123.3,136.07878888,135.96359108672,135.960564165309,135.960564165309,135.960686898793,136.195725,136.177860909761,135.975427246094,135.974637054082
1123.35,136.07878888,135.963587897868,135.960547800061,135.960547800061,135.96066968515,136.235375,136.217509528888,135.975402832031,135.974608846978
1123.4,136.07878888,135.963584709015,135.960531434813,135.960531434813,135.960652471507,136.275025,136.257158148016,135.975378417969,135.974580639875
1123.45,136.07878888,135.963581520162,135.960515069565,135.960515069565,135.960635257865,136.314675,136.296806767144,135.975354003906,135.974552432771
1123.5,136.07878888,135.96357833131,135.960498704316,135.960498704316,135.960618044222,136.354325,136.336455386272,135.975329589844,135.974524225667
1123.55,136.07878888,135.963575142457,135.960482339068,135.960482339068,135.960600830579,136.393975,136.3761040054,135.975305175781,135.974496018563
1123.6,136.07878888,135.963571953605,135.96046597382,135.96046597382,135.960583616937,136.433625,136.415752624527,135.975280761719,135.974467811459
1123.65,136.07878888,135.963568764752,135.960449608572,135.960449608572,135.960566403294,136.473275,136.455401243655,135.975256347656,135.974439604355
1123.7,136.07878888,135.9635655759,135.960433243323,135.960433243323,135.960549189651,136.512925,136.495049862783,135.975231933594,135.974411397251
1123.75,136.07878888,135.963562387047,135.960416878075,135.960416878075,135.960531976009,136.552575,136.534698481911,135.975207519531,135.974383190148
1123.8,136.07878888,135.963559198195,135.960400512827,135.960400512827,135.960514762366,136.592225,136.574347101039,135.975183105469,135.974354983044
1123.85,136.07878888,135.963556009342,135.960384147579,135.960384147579,135.960497548723,136.631875,136.613995720166,135.975158691406,135.97432677594
1123.9,136.07878888,135.96355282049,135.96036778233,135.96036778233,135.960480335081,136.671525,136.653644339294,135.975134277344,135.974298568836
1123.95,136.07878888,135.963549631637,135.960351417082,135.960351417082,135.960463121438,136.711175,136.693292958422,135.975109863281,135.974270361732
1124,136.07878888,135.963546442784,135.960335051834,135.960335051834,135.960445907795,136.731,136.71311657755,135.975085449219,135.974242154628
1124.05,136.07878888,135.963543253932,135.960318686586,135.960318686586,135.960428694152,136.731,136.713115196678,135.975061035156,135.974213947524
1124.1,136.07878888,135.963540065079,135.960302321337,135.960302321337,135.96041148051,136.731,136.713113815806,135.975036621094,135.97418574042
1124.15,136.07878888,135.963536876227,135.960285956089,135.960285956089,135.960394266867,136.731,136.713112434933,135.975012207031,135.974157533317
1124.2,136.07878888,135.963533687374,135.960269590841,135.960269590841,135.960377053224,136.731,136.713111054061,135.974987792969,135.974129326213
1124.25,136.07878888,135.963530498522,135.960253225593,135.960253225593,135.960359839582,136.731,136.713109673189,135.974963378906,135.974101119109
1124.3,136.07878888,135.963527309669,135.960236860344,135.960236860344,135.960342625939,136.731,136.713108292317,135.974938964844,135.974072912005
1124.35,136.07878888,135.963524120817,135.960220495096,135.960220495096,135.960325412296,136.731,136.713106911445,135.974914550781,135.974044704901
1124.4,136.07878888,135.963520931964,135.960204129848,135.960204129848,135.960308198654,136.731,136.713105530572,135.974890136719,135.974016497797
1124.45,136.07878888,135.963517743112,135.960187764599,135.960187764599,135.960290985011,136.731,136.7131041497,135.974865722656,135.973988290693
1124.5,136.07878888,135.963514554259,135.960171399351,135.960171399351,135.960273771368,136.731,136.713102768828,135.974841308594,135.97396008359
1124.55,136.07878888,135.963511365406,135.960155034103,135.960155034103,135.960256557726,136.731,136.713101387956,135.974816894531,135.973931876486
1124.6,136.07878888,135.963508176554,135.960138668855,135.960138668855,135.960239344083,136.731,136.713100007084,135.974792480469,135.973903669382
1124.65,136.07878888,135.963504987701,135.960122303606,135.960122303606,135.96022213044,136.731,136.713098626212,135.974768066406,135.973875462278
1124.7,136.07878888,135.963501798849,135.960105938358,135.960105938358,135.960204916798,136.731,136.713097245339,135.974743652344,135.973847255174
1124.75,136.07878888,135.963498609996,135.96008957311,135.96008957311,135.960187703155,136.731,136.713095864467,135.974719238281,135.97381904807
1124.8,136.07878888,135.963495421144,135.960073207862,135.960073207862,135.960170489512,136.731,136.713094483595,135.974694824219,135.973790840966
1124.85,136.07878888,135.963492232291,135.960056842613,135.960056842613,135.96015327587,136.731,136.713093102723,135.974670410156,135.973762633863
1124.9,136.07878888,135.963489043439,135.960040477365,135.960040477365,135.960136062227,136.731,136.713091721851,135.974645996094,135.973734426759
1124.95,136.07878888,135.963485854586,135.960024112117,135.960024112117,135.960118848584,136.731,136.713090340978,135.974621582031,135.973706219655
1125,136.07878888,135.963482665734,135.960007746869,135.960007746869,135.960101634941,136.731,136.713088960106,135.974597167969,135.973678012551
1125.05,136.07878888,135.963479476881,135.95999138162,135.95999138162,135.960084421299,136.731,136.713087579234,135.974572753906,135.973649805447
1125.1,136.07878888,135.963476288028,135.959975016372,135.959975016372,135.960067207656,136.731,136.713086198362,135.974548339844,135.973621598343
1125.15,136.07878888,135.963473099176,135.959958651124,135.959958651124,135.960049994013,136.731,136.71308481749,135.974523925781,135.973593391239
1125.2,136.07878888,135.963469910323,135.959942285876,135.959942285876,135.960032780371,136.731,136.713083436618,135.974499511719,135.973565184135
1125.25,136.07878888,135.963466721471,135.959925920627,135.959925920627,135.960015566728,136.731,136.713082055745,135.974475097656,135.973536977032
1125.3,136.07878888,135.963463532618,135.959909555379,135.959909555379,135.959998353085,136.731,136.713080674873,135.974450683594,135.973508769928
1125.35,136.07878888,135.963460343766,135.959893190131,135.959893190131,135.959981139443,136.731,136.713079294001,135.974426269531,135.973480562824
1125.4,136.07878888,135.963457154913,135.959876824883,135.959876824883,135.9599639258,136.731,136.713077913129,135.974401855469,135.97345235572
1125.45,136.07878888,135.963453966061,135.959860459634,135.959860459634,135.959946712157,136.731,136.713076532257,135.974377441406,135.973424148616
1125.5,136.07876304,135.963450777208,135.959844094386,135.959844094386,135.959929498515,136.731,136.713075151384,135.974353027344,135.973395941512
1125.55,136.07870728,135.963447588356,135.959827729138,135.959827729138,135.959912284872,136.731,136.713073770512,135.974328613281,135.973367734408
1125.6,136.07865152,135.963444399503,135.959811363889,135.959811363889,135.959895071229,136.731,136.71307238964,135.974304199219,135.973339527305
1125.65,136.07859576,135.96344121065,135.959794998641,135.959794998641,135.959877857587,136.731,136.713071008768,135.974279785156,135.973311320201
1125.7,136.07854136,135.963438021798,135.959778633393,135.959778633393,135.959860643944,136.731,136.713069627896,135.974255371094,135.973283113097
1125.75,136.0784856,135.963434832945,135.959762268145,135.959762268145,135.959843430301,136.731,136.713068247024,135.974230957031,135.973254905993
1125.8,136.07842984,135.963431644093,135.959745902896,135.959745902896,135.959826216658,136.731,136.713066866151,135.974206542969,135.973226698889
1125.85,136.07837408,135.96342845524,135.959729537648,135.959729537648,135.959809003016,136.731,136.713065485279,135.974182128906,135.973198491785
1125.9,136.07831832,135.963425266388,135.9597131724,135.9597131724,135.959791789373,136.731,136.713064104407,135.974157714844,135.973170284681
1125.95,136.07826256,135.963422077535,135.959696807152,135.959696807152,135.95977457573,136.731,136.713062723535,135.974133300781,135.973142077578
1126,136.0782068,135.963418888683,135.959680441903,135.959680441903,135.959757362088,136.71245,136.694511342663,135.974108886719,135.973113870474
1126.05,136.07815104,135.96341569983,135.959664076655,135.959664076655,135.959740148445,136.67535,136.65740996179,135.974084472656,135.97308566337
1126.1,136.07809528,135.963412510978,135.959647711407,135.959647711407,135.959722934802,136.63825,136.620308580918,135.974060058594,135.973057456266
1126.15,136.07803952,135.963409322125,135.959631346159,135.959631346159,135.95970572116,136.60115,136.583207200046,135.974035644531,135.973029249162
1126.2,136.07798376,135.963406133272,135.95961498091,135.95961498091,135.959688507517,136.56405,136.546105819174,135.974011230469,135.973001042058
1126.25,136.077928,135.96340294442,135.959598615662,135.959598615662,135.959671293874,136.52695,136.509004438302,135.973986816406,135.972972834954
1126.3,136.07787224,135.963399755567,135.959582250414,135.959582250414,135.959654080232,136.48985,136.47190305743,135.973962402344,135.97294462785
1126.35,136.07781648,135.963396566715,135.959565885166,135.959565885166,135.959636866589,136.45275,136.434801676557,135.973937988281,135.972916420747
1126.4,136.07776072,135.963393377862,135.959549519917,135.959549519917,135.959619652946,136.41565,136.397700295685,135.973913574219,135.972888213643
1126.45,136.07770496,135.96339018901,135.959533154669,135.959533154669,135.959602439304,136.37855,136.360598914813,135.973889160156,135.972860006539
1126.5,136.0776492,135.963387000157,135.959516789421,135.959516789421,135.959585225661,136.34145,136.323497533941,135.973864746094,135.972831799435
1126.55,136.07759344,135.963383811305,135.959500424173,135.959500424173,135.959568012018,136.30435,136.286396153069,135.973840332031,135.972803592331
1126.6,136.07753768,135.963380622452,135.959484058924,135.959484058924,135.959550798375,136.26725,136.249294772196,135.973815917969,135.972775385227
1126.65,136.07748192,135.9633774336,135.959467693676,135.959467693676,135.959533584733,136.23015,136.212193391324,135.973791503906,135.972747178123
1126.7,136.07742616,135.963374244747,135.959451328428,135.959451328428,135.95951637109,136.19305,136.175092010452,135.973767089844,135.97271897102
1126.75,136.07737176,135.963371055894,135.959434963179,135.959434963179,135.959499157447,136.15595,136.13799062958,135.973742675781,135.972690763916
1126.8,136.077316,135.963367867042,135.959418597931,135.959418597931,135.959481943805,136.11885,136.100889248708,135.973718261719,135.972662556812
1126.85,136.07726024,135.963364678189,135.959402232683,135.959402232683,135.959464730162,136.08175,136.063787867836,135.973693847656,135.972634349708
1126.9,136.07720448,135.963361489337,135.959385867435,135.959385867435,135.959447516519,136.04465,136.026686486963,135.973669433594,135.972606142604
1126.95,136.07714872,135.963358300484,135.959369502186,135.959369502186,135.959430302877,136.00755,135.989585106091,135.973645019531,135.9725779355
1127,136.07709296,135.963355111632,135.959353136938,135.959353136938,135.959413089234,135.988975,135.971008725219,135.973620605469,135.972549728396
1127.05,136.0770372,135.963351922779,135.95933677169,135.95933677169,135.959395875591,135.988925,135.970957344347,135.973596191406,135.972521521293
1127.1,136.07698144,135.963348733927,135.959320406442,135.959320406442,135.959378661949,135.988875,135.970905963475,135.973571777344,135.972493314189
1127.15,136.07692568,135.963345545074,135.959304041193,135.959304041193,135.959361448306,135.988825,135.970854582602,135.973547363281,135.972465107085
1127.2,136.07686992,135.963342356222,135.959287675945,135.959287675945,135.959344234663,135.988775,135.97080320173,135.973522949219,135.972436899981
1127.25,136.07681416,135.963339167369,135.959271310697,135.959271310697,135.959327021021,135.988725,135.970751820858,135.973498535156,135.972408692877
1127.3,136.0767584,135.963335978516,135.959254945449,135.959254945449,135.959309807378,135.988675,135.970700439986,135.973474121094,135.972380485773
1127.35,136.07670264,135.963332789664,135.9592385802,135.9592385802,135.959292593735,135.988625,135.970649059114,135.973449707031,135.972352278669
1127.4,136.07664688,135.963329600811,135.959222214952,135.959222214952,135.959275380093,135.988575,135.970597678242,135.973425292969,135.972324071566
1127.45,136.07659112,135.963326411959,135.959205849704,135.959205849704,135.95925816645,135.988525,135.970546297369,135.973400878906,135.972295864462
1127.5,136.07653536,135.963323223106,135.959189484456,135.959189484456,135.959240952807,135.988475,135.970494916497,135.973376464844,135.972267657358
1127.55,136.0764796,135.963320034254,135.959173119207,135.959173119207,135.959223739164,135.988425,135.970443535625,135.973352050781,135.972239450254
1127.6,136.07642384,135.963316845401,135.959156753959,135.959156753959,135.959206525522,135.988375,135.970392154753,135.973327636719,135.97221124315
1127.65,136.07636808,135.963313656549,135.959140388711,135.959140388711,135.959189311879,135.988325,135.970340773881,135.973303222656,135.972183036046
1127.7,136.07631232,135.963310467696,135.959124023463,135.959124023463,135.959172098236,135.988275,135.970289393008,135.973278808594,135.972154828942
1127.75,136.07625792,135.963307278844,135.959107658214,135.959107658214,135.959154884594,135.988225,135.970238012136,135.973254394531,135.972126621838
1127.8,136.07620216,135.963304089991,135.959091292966,135.959091292966,135.959137670951,135.988175,135.970186631264,135.973229980469,135.972098414735
1127.85,136.0761464,135.963300901138,135.959074927718,135.959074927718,135.959120457308,135.988125,135.970135250392,135.973205566406,135.972070207631
1127.9,136.07609064,135.963297712286,135.959058562469,135.959058562469,135.959103243666,135.988075,135.97008386952,135.973181152344,135.972042000527
1127.95,136.07603488,135.963294523433,135.959042197221,135.959042197221,135.959086030023,135.988025,135.970032488648,135.973156738281,135.972013793423
1128,136.07597912,135.963291334581,135.959025831973,135.959025831973,135.95906881638,135.987975,135.969981107775,135.973132324219,135.971985586319
1128.05,136.07592336,135.963288145728,135.959009466725,135.959009466725,135.959051602738,135.987925,135.969929726903,135.973107910156,135.971957379215
1128.1,136.0758676,135.963284956876,135.958993101476,135.958993101476,135.959034389095,135.987875,135.969878346031,135.973083496094,135.971929172111
1128.15,136.07581184,135.963281768023,135.958976736228,135.958976736228,135.959017175452,135.987825,135.969826965159,135.973059082031,135.971900965008
1128.2,136.07575608,135.963278579171,135.95896037098,135.95896037098,135.95899996181,135.987775,135.969775584287,135.973034667969,135.971872757904
1128.25,136.07570032,135.963275390318,135.958944005732,135.958944005732,135.958982748167,135.987725,135.969724203414,135.973010253906,135.9718445508
1128.3,136.07564456,135.963272201466,135.958927640483,135.958927640483,135.958965534524,135.987675,135.969672822542,135.972985839844,135.971816343696
1128.35,136.0755888,135.963269012613,135.958911275235,135.958911275235,135.958948320881,135.987625,135.96962144167,135.972961425781,135.971788136592
1128.4,136.07553304,135.96326582376,135.958894909987,135.958894909987,135.958931107239,135.987575,135.969570060798,135.972937011719,135.971759929488
1128.45,136.07547728,135.963262634908,135.958878544739,135.958878544739,135.958913893596,135.987525,135.969518679926,135.972912597656,135.971731722384
1128.5,136.07542152,135.963259446055,135.95886217949,135.95886217949,135.958896679953,135.987475,135.969467299054,135.972888183594,135.971703515281
1128.55,136.07536576,135.963256257203,135.958845814242,135.958845814242,135.958879466311,135.987425,135.969415918181,135.972863769531,135.971675308177
1128.6,136.07531,135.96325306835,135.958829448994,135.958829448994,135.958862252668,135.987375,135.969364537309,135.972839355469,135.971647101073
1128.65,136.07525424,135.963249879498,135.958813083746,135.958813083746,135.958845039025,135.987325,135.969313156437,135.972814941406,135.971618893969
1128.7,136.07519848,135.963246690645,135.958796718497,135.958796718497,135.958827825383,135.987275,135.969261775565,135.972790527344,135.971590686865
1128.75,136.07514272,135.963243501793,135.958780353249,135.958780353249,135.95881061174,135.987225,135.969210394693,135.972766113281,135.971562479761
1128.8,136.07508832,135.96324031294,135.958763988001,135.958763988001,135.958793398097,135.987175,135.96915901382,135.972741699219,135.971534272657
1128.85,136.07503256,135.963237124087,135.958747622753,135.958747622753,135.958776184455,135.987125,135.969107632948,135.972717285156,135.971506065553
1128.9,136.0749768,135.963233935235,135.958731257504,135.958731257504,135.958758970812,135.987075,135.969056252076,135.972692871094,135.97147785845
1128.95,136.07492104,135.963230746382,135.958714892256,135.958714892256,135.958741757169,135.987025,135.969004871204,135.972668457031,135.971449651346
1129,136.07486528,135.96322755753,135.958698527008,135.958698527008,135.958724543527,135.9868,135.968778490332,135.972521972656,135.971299373929
1129.05,136.07480952,135.963224368677,135.95868216176,135.95868216176,135.958707329884,135.9864,135.96837710946,135.972253417969,135.971027026201
1129.1,136.07475376,135.963221179825,135.958665796511,135.958665796511,135.958690116241,135.986,135.967975728587,135.971984863281,135.970754678472
1129.15,136.074698,135.963217990972,135.958649431263,135.958649431263,135.958672902598,135.9856,135.967574347715,135.971716308594,135.970482330743
1129.2,136.07464224,135.96321480212,135.958633066015,135.958633066015,135.958655688956,135.9852,135.967172966843,135.971447753906,135.970209983014
1129.25,136.07458648,135.963211613267,135.958616700766,135.958616700766,135.958638475313,135.9848,135.966771585971,135.971179199219,135.969937635285
1129.3,136.07453072,135.963208424415,135.958600335518,135.958600335518,135.95862126167,135.9844,135.966370205099,135.970910644531,135.969665287556
1129.35,136.07447496,135.963205235562,135.95858397027,135.95858397027,135.958604048028,135.984,135.965968824226,135.970642089844,135.969392939827
1129.4,136.0744192,135.963202046709,135.958567605022,135.958567605022,135.958586834385,135.9836,135.965567443354,135.970373535156,135.969120592098
1129.45,136.07436344,135.963198857857,135.958551239773,135.958551239773,135.958569620742,135.9832,135.965166062482,135.970104980469,135.96884824437
1129.5,136.07430768,135.963195669004,135.958534874525,135.958534874525,135.9585524071,135.9828,135.96476468161,135.969836425781,135.968575896641
1129.55,136.07425192,135.963192480152,135.958518509277,135.958518509277,135.958535193457,135.9824,135.964363300738,135.969567871094,135.968303548912
1129.6,136.07419616,135.963189291299,135.958502144029,135.958502144029,135.958517979814,135.982,135.963961919866,135.969299316406,135.968031201183
1129.65,136.0741404,135.963186102447,135.95848577878,135.95848577878,135.958500766172,135.9816,135.963560538993,135.969030761719,135.967758853454
1129.7,136.07408464,135.963182913594,135.958469413532,135.958469413532,135.958483552529,135.9812,135.963159158121,135.968762207031,135.967486505725
1129.75,136.07402888,135.963179724742,135.958453048284,135.958453048284,135.958466338886,135.9808,135.962757777249,135.968493652344,135.967214157996
1129.8,136.07397312,135.963176535889,135.958436683036,135.958436683036,135.958449125244,135.9804,135.962356396377,135.968225097656,135.966941810268
1129.85,136.07391872,135.963173347037,135.958420317787,135.958420317787,135.958431911601,135.98,135.961955015505,135.967956542969,135.966669462539
1129.9,136.07386296,135.963170158184,135.958403952539,135.958403952539,135.958414697958,135.9796,135.961553634632,135.967687988281,135.96639711481
1129.95,136.0738072,135.963166969331,135.958387587291,135.958387587291,135.958397484315,135.9792,135.96115225376,135.967419433594,135.966124767081
1130,136.07375144,135.963163780479,135.958371222043,135.958371222043,135.958380270673,135.978725,135.960675872888,135.967150878906,135.965852419352
1130.05,136.07369568,135.963148701816,135.958366602462,135.958366602462,135.958373795773,135.978175,135.960148280039,135.966882324219,135.965582725823
1130.1,136.07363992,135.963133623153,135.958361982882,135.958361982882,135.958367320874,135.977625,135.959620687191,135.966613769531,135.965313032294
1130.15,136.07358416,135.96311854449,135.958357363302,135.958357363302,135.958360845975,135.977075,135.959093094342,135.966345214844,135.965043338765
1130.2,136.0735284,135.963103465827,135.958352743721,135.958352743721,135.958354371076,135.976525,135.958565501494,135.966076660156,135.964773645237
1130.25,136.07347264,135.963088387164,135.958348124141,135.958348124141,135.958347896176,135.975975,135.958037908645,135.965808105469,135.964503951708
1130.3,136.07341688,135.963073308501,135.958343504561,135.958343504561,135.958341421277,135.975425,135.957510315796,135.965539550781,135.964234258179
1130.35,136.07336112,135.963058229838,135.95833888498,135.95833888498,135.958334946378,135.974875,135.956982722948,135.965270996094,135.96396456465
1130.4,136.07330536,135.963043151175,135.9583342654,135.9583342654,135.958328471478,135.974325,135.956455130099,135.965002441406,135.963694871121
1130.45,136.0732496,135.963028072512,135.95832964582,135.95832964582,135.958321996579,135.973775,135.95592753725,135.964733886719,135.963425177592
1130.5,136.07319384,135.963012993849,135.958325026239,135.958325026239,135.95831552168,135.973225,135.955399944402,135.964465332031,135.963155484063
1130.55,136.07313808,135.962997915186,135.958320406659,135.958320406659,135.95830904678,135.972675,135.954872351553,135.964196777344,135.962885790534
1130.6,136.07308232,135.962982836523,135.958315787079,135.958315787079,135.958302571881,135.972125,135.954344758704,135.963928222656,135.962616097005
1130.65,136.07302656,135.96296775786,135.958311167498,135.958311167498,135.958296096982,135.971575,135.953817165856,135.963659667969,135.962346403476
1130.7,136.0729708,135.962952679197,135.958306547918,135.958306547918,135.958289622082,135.971025,135.953289573007,135.963391113281,135.962076709947
1130.75,136.07291504,135.962937600534,135.958301928338,135.958301928338,135.958283147183,135.970475,135.952761980158,135.963122558594,135.961807016419
1130.8,136.07285928,135.962922521871,135.958297308757,135.958297308757,135.958276672284,135.969925,135.95223438731,135.962854003906,135.96153732289
1130.85,136.07280488,135.962907443208,135.958292689177,135.958292689177,135.958270197384,135.969375,135.951706794461,135.962585449219,135.961267629361
1130.9,136.07274912,135.962892364545,135.958288069597,135.958288069597,135.958263722485,135.968825,135.951179201613,135.962316894531,135.960997935832
1130.95,136.07269336,135.962877285882,135.958283450016,135.958283450016,135.958257247586,135.968275,135.950651608764,135.962048339844,135.960728242303
1131,136.0726376,135.962737207219,135.958153830436,135.958153830436,135.958125772686,135.96765,135.950049015915,135.961779785156,135.960458548774
1131.05,136.07258184,135.962472128556,135.957899210855,135.957899210855,135.957869297787,135.96695,135.949371423067,135.961511230469,135.960188855245
1131.1,136.07252608,135.962207049893,135.957644591275,135.957644591275,135.957612822888,135.96625,135.948693830218,135.961242675781,135.959919161716
1131.15,136.07247032,135.96194197123,135.957389971695,135.957389971695,135.957356347988,135.96555,135.948016237369,135.960974121094,135.959649468187
1131.2,136.07241456,135.961676892567,135.957135352114,135.957135352114,135.957099873089,135.96485,135.947338644521,135.960705566406,135.959379774658
1131.25,136.0723588,135.961411813904,135.956880732534,135.956880732534,135.95684339819,135.96415,135.946661051672,135.960437011719,135.95911008113
1131.3,136.07230304,135.961146735241,135.956626112954,135.956626112954,135.95658692329,135.96345,135.945983458823,135.960168457031,135.958840387601
1131.35,136.07224728,135.960881656578,135.956371493373,135.956371493373,135.956330448391,135.96275,135.945305865975,135.959899902344,135.958570694072
1131.4,136.07219152,135.960616577915,135.956116873793,135.956116873793,135.956073973492,135.96205,135.944628273126,135.959631347656,135.958301000543
1131.45,136.07213576,135.960351499252,135.955862254213,135.955862254213,135.955817498592,135.96135,135.943950680277,135.959362792969,135.958031307014
1131.5,136.07208,135.960086420589,135.955607634632,135.955607634632,135.955561023693,135.96065,135.943273087429,135.959094238281,135.957761613485
1131.55,136.07202424,135.959821341926,135.955353015052,135.955353015052,135.955304548794,135.95995,135.94259549458,135.958825683594,135.957491919956
1131.6,136.07196848,135.959556263263,135.955098395472,135.955098395472,135.955048073894,135.95925,135.941917901732,135.958557128906,135.957222226427
1131.65,136.07191272,135.9592911846,135.954843775891,135.954843775891,135.954791598995,135.95855,135.941240308883,135.958288574219,135.956952532898
1131.7,136.07185696,135.959026105937,135.954589156311,135.954589156311,135.954535124096,135.95785,135.940562716034,135.958020019531,135.956682839369
1131.75,136.0718012,135.958761027274,135.954334536731,135.954334536731,135.954278649196,135.95715,135.939885123186,135.957751464844,135.95641314584
1131.8,136.07174544,135.958495948611,135.95407991715,135.95407991715,135.954022174297,135.95645,135.939207530337,135.957482910156,135.956143452312
1131.85,136.07168968,135.958230869948,135.95382529757,135.95382529757,135.953765699398,135.95575,135.938529937488,135.957214355469,135.955873758783
1131.9,136.07163528,135.957965791285,135.95357067799,135.95357067799,135.953509224498,135.95505,135.93785234464,135.956945800781,135.955604065254
1131.95,136.07157952,135.957700712622,135.953316058409,135.953316058409,135.953252749599,135.95435,135.937174751791,135.956677246094,135.955334371725
1132,136.07152376,135.957560633959,135.953186438829,135.953186438829,135.9531212747,135.9538,135.936647158942,135.956408691406,135.955064678196
1132.05,136.071468,135.957545555296,135.953181819249,135.953181819249,135.9531147998,135.9534,135.936269566094,135.956140136719,135.954794984667
1132.1,136.07141224,135.957530476633,135.953177199668,135.953177199668,135.953108324901,135.953,135.935891973245,135.955871582031,135.954525291138
1132.15,136.07135648,135.95751539797,135.953172580088,135.953172580088,135.953101850002,135.9526,135.935514380396,135.955603027344,135.954255597609
1132.2,136.07130072,135.957500319307,135.953167960508,135.953167960508,135.953095375102,135.9522,135.935136787548,135.955334472656,135.95398590408
1132.25,136.07124496,135.957485240644,135.953163340927,135.953163340927,135.953088900203,135.9518,135.934759194699,135.955065917969,135.953716210551
1132.3,136.0711892,135.957470161981,135.953158721347,135.953158721347,135.953082425304,135.9514,135.934381601851,135.954797363281,135.953446517023
1132.35,136.07113344,135.957455083318,135.953154101767,135.953154101767,135.953075950404,135.951,135.934004009002,135.954528808594,135.953176823494
1132.4,136.07107768,135.957440004655,135.953149482186,135.953149482186,135.953069475505,135.9506,135.933626416153,135.954260253906,135.952907129965
1132.45,136.07102192,135.957424925992,135.953144862606,135.953144862606,135.953063000606,135.9502,135.933248823305,135.953991699219,135.952637436436
1132.5,136.07096616,135.957409847329,135.953140243026,135.953140243026,135.953056525706,135.9498,135.932871230456,135.953723144531,135.952367742907
1132.55,136.0709104,135.957394768666,135.953135623445,135.953135623445,135.953050050807,135.9494,135.932493637607,135.953454589844,135.952098049378
1132.6,136.07085464,135.957379690003,135.953131003865,135.953131003865,135.953043575908,135.949,135.932116044759,135.953186035156,135.951828355849
1132.65,136.07079888,135.95736461134,135.953126384285,135.953126384285,135.953037101008,135.9486,135.93173845191,135.952917480469,135.95155866232
1132.7,136.07074312,135.957349532677,135.953121764704,135.953121764704,135.953030626109,135.9482,135.931360859061,135.952648925781,135.951288968791
1132.75,136.07068736,135.957334454014,135.953117145124,135.953117145124,135.95302415121,135.9478,135.930983266213,135.952380371094,135.951019275262
1132.8,136.0706316,135.957319375351,135.953112525544,135.953112525544,135.95301767631,135.9474,135.930605673364,135.952111816406,135.950749581733
1132.85,136.07057584,135.957304296688,135.953107905963,135.953107905963,135.953011201411,135.947,135.930228080515,135.951843261719,135.950479888205
1132.9,136.07052008,135.957289218025,135.953103286383,135.953103286383,135.953004726512,135.9466,135.929850487667,135.951574707031,135.950210194676
1132.95,136.07046568,135.957274139362,135.953098666803,135.953098666803,135.952998251612,135.9462,135.929472894818,135.951306152344,135.949940501147
1133,136.07040992,135.957259060699,135.953094047222,135.953094047222,135.952991776713,135.94575,135.92904530197,135.951037597656,135.949670807618
1133.05,136.07035416,135.957243982036,135.953089427642,135.953089427642,135.952985301814,135.94525,135.928567709121,135.950769042969,135.949401114089
1133.1,136.0702984,135.957228903373,135.953084808062,135.953084808062,135.952978826914,135.94475,135.928090116272,135.950500488281,135.94913142056
1133.15,136.07024264,135.95721382471,135.953080188481,135.953080188481,135.952972352015,135.94425,135.927612523424,135.950231933594,135.948861727031
1133.2,136.07018688,135.957198746047,135.953075568901,135.953075568901,135.952965877116,135.94375,135.927134930575,135.949963378906,135.948592033502
1133.25,136.07013112,135.957183667384,135.953070949321,135.953070949321,135.952959402216,135.94325,135.926657337726,135.949694824219,135.948322339973
1133.3,136.07007536,135.957168588721,135.95306632974,135.95306632974,135.952952927317,135.94275,135.926179744878,135.949426269531,135.948052646444
1133.35,136.0700196,135.957153510058,135.95306171016,135.95306171016,135.952946452418,135.94225,135.925702152029,135.949157714844,135.947782952916
1133.4,136.06996384,135.957138431395,135.95305709058,135.95305709058,135.952939977518,135.94175,135.92522455918,135.948889160156,135.947513259387
1133.45,136.06990808,135.957123352732,135.953052470999,135.953052470999,135.952933502619,135.94125,135.924746966332,135.948620605469,135.947243565858
1133.5,136.06985232,135.957108274069,135.953047851419,135.953047851419,135.95292702772,135.94075,135.924269373483,135.948352050781,135.946973872329
1133.55,136.06979656,135.957093195406,135.953043231839,135.953043231839,135.95292055282,135.94025,135.923791780635,135.948083496094,135.9467041788
1133.6,136.0697408,135.957078116743,135.953038612258,135.953038612258,135.952914077921,135.93975,135.923314187786,135.947814941406,135.946434485271
1133.65,136.06968504,135.95706303808,135.953033992678,135.953033992678,135.952907603022,135.93925,135.922836594937,135.947546386719,135.946164791742
1133.7,136.06962928,135.957047959417,135.953029373098,135.953029373098,135.952901128122,135.93875,135.922359002089,135.947277832031,135.945895098213
1133.75,136.06957352,135.957032880754,135.953024753517,135.953024753517,135.952894653223,135.93825,135.92188140924,135.947009277344,135.945625404684
1133.8,136.06951776,135.957017802091,135.953020133937,135.953020133937,135.952888178324,135.93775,135.921403816391,135.946740722656,135.945355711155
1133.85,136.069462,135.957002723428,135.953015514357,135.953015514357,135.952881703424,135.93725,135.920926223543,135.946472167969,135.945086017626
1133.9,136.06940624,135.956987644765,135.953010894776,135.953010894776,135.952875228525,135.93675,135.920448630694,135.946203613281,135.944816324098
1133.95,136.06935184,135.956972566102,135.953006275196,135.953006275196,135.952868753626,135.93625,135.919971037845,135.945935058594,135.944546630569
1134,136.06929608,135.956957487439,135.953001655616,135.953001655616,135.952862278726,135.936,135.919743444997,135.945666503906,135.94427693704
1134.05,136.06924032,135.956942408776,135.952997036035,135.952997036035,135.952855803827,135.936,135.919765852148,135.945397949219,135.944007243511
1134.1,136.06918456,135.956927330113,135.952992416455,135.952992416455,135.952849328928,135.936,135.919788259299,135.945129394531,135.943737549982
1134.15,136.0691288,135.95691225145,135.952987796875,135.952987796875,135.952842854028,135.936,135.919810666451,135.944860839844,135.943467856453
1134.2,136.06907304,135.956897172787,135.952983177294,135.952983177294,135.952836379129,135.936,135.919833073602,135.944592285156,135.943198162924
1134.25,136.06901728,135.956882094124,135.952978557714,135.952978557714,135.95282990423,135.936,135.919855480754,135.944323730469,135.942928469395
1134.3,136.06896152,135.956867015461,135.952973938134,135.952973938134,135.95282342933,135.936,135.919877887905,135.944055175781,135.942658775866
1134.35,136.06890576,135.956851936798,135.952969318553,135.952969318553,135.952816954431,135.936,135.919900295056,135.943786621094,135.942389082337
1134.4,136.06885,135.956836858135,135.952964698973,135.952964698973,135.952810479532,135.936,135.919922702208,135.943518066406,135.942119388809
1134.45,136.06879424,135.956821779472,135.952960079393,135.952960079393,135.952804004632,135.936,135.919945109359,135.943249511719,135.94184969528
1134.5,136.06873848,135.956806700809,135.952955459812,135.952955459812,135.952797529733,135.936,135.91996751651,135.942980957031,135.941580001751
1134.55,136.06868272,135.956791622146,135.952950840232,135.952950840232,135.952791054834,135.936,135.919989923662,135.942712402344,135.941310308222
1134.6,136.06862696,135.956776543483,135.952946220652,135.952946220652,135.952784579934,135.936,135.920012330813,135.942443847656,135.941040614693
1134.65,136.0685712,135.95676146482,135.952941601071,135.952941601071,135.952778105035,135.936,135.920034737964,135.942175292969,135.940770921164
1134.7,136.06851544,135.956746386157,135.952936981491,135.952936981491,135.952771630136,135.936,135.920057145116,135.941906738281,135.940501227635
1134.75,136.06845968,135.956731307494,135.95293236191,135.95293236191,135.952765155236,135.936,135.920079552267,135.941638183594,135.940231534106
1134.8,136.06840392,135.956716228831,135.95292774233,135.95292774233,135.952758680337,135.936,135.920101959418,135.941369628906,135.939961840577
1134.85,136.06834816,135.956701150168,135.95292312275,135.95292312275,135.952752205438,135.936,135.92012436657,135.941101074219,135.939692147048
1134.9,136.0682924,135.956686071505,135.952918503169,135.952918503169,135.952745730538,135.936,135.920146773721,135.940832519531,135.939422453519
1134.95,136.06823664,135.956670992842,135.952913883589,135.952913883589,135.952739255639,135.936,135.920169180873,135.940563964844,135.939152759991
1135,136.06818224,135.956655914179,135.952909264009,135.952909264009,135.95273278074,135.936,135.920191588024,135.940295410156,135.938883066462
1135.05,136.06812648,135.956640835516,135.952904644428,135.952904644428,135.95272630584,135.936,135.920213995175,135.940026855469,135.938613372933
1135.1,136.06807072,135.956625756853,135.952900024848,135.952900024848,135.952719830941,135.936,135.920236402327,135.939758300781,135.938343679404
1135.15,136.06801496,135.95661067819,135.952895405268,135.952895405268,135.952713356042,135.936,135.920258809478,135.939489746094,135.938073985875
1135.2,136.0679592,135.956595599527,135.952890785687,135.952890785687,135.952706881142,135.936,135.920281216629,135.939221191406,135.937804292346
1135.25,136.06790344,135.956580520864,135.952886166107,135.952886166107,135.952700406243,135.936,135.920303623781,135.938952636719,135.937534598817
1135.3,136.06784768,135.956565442201,135.952881546527,135.952881546527,135.952693931344,135.936,135.920326030932,135.938684082031,135.937264905288
1135.35,136.06779192,135.956550363538,135.952876926946,135.952876926946,135.952687456444,135.936,135.920348438083,135.938415527344,135.936995211759
1135.4,136.06773616,135.956535284875,135.952872307366,135.952872307366,135.952680981545,135.936,135.920370845235,135.938146972656,135.93672551823
1135.45,136.0676804,135.956520206212,135.952867687786,135.952867687786,135.952674506646,135.936,135.920393252386,135.937878417969,135.936455824702
1135.5,136.06762464,135.956505127549,135.952863068205,135.952863068205,135.952668031746,135.936,135.920415659537,135.937609863281,135.936186131173
1135.55,136.06756888,135.956490048886,135.952858448625,135.952858448625,135.952661556847,135.936,135.920438066689,135.937341308594,135.935916437644
1135.6,136.06751312,135.956474970223,135.952853829045,135.952853829045,135.952655081948,135.936,135.92046047384,135.937072753906,135.935646744115
1135.65,136.06745736,135.95645989156,135.952849209464,135.952849209464,135.952648607048,135.936,135.920482880992,135.936804199219,135.935377050586
1135.7,136.0674016,135.956444812897,135.952844589884,135.952844589884,135.952642132149,135.936,135.920505288143,135.936535644531,135.935107357057
1135.75,136.06734584,135.956429734234,135.952839970304,135.952839970304,135.95263565725,135.936,135.920527695294,135.936267089844,135.934837663528
1135.8,136.06729008,135.956414655571,135.952835350723,135.952835350723,135.95262918235,135.936,135.920550102446,135.935998535156,135.934567969999
1135.85,136.06723432,135.956399576908,135.952830731143,135.952830731143,135.952622707451,135.936,135.920572509597,135.935729980469,135.93429827647
1135.9,136.06717856,135.956384498245,135.952826111563,135.952826111563,135.952616232552,135.936,135.920594916748,135.935461425781,135.934028582941
1135.95,136.0671228,135.956369419582,135.952821491982,135.952821491982,135.952609757652,135.936,135.9206173239,135.935192871094,135.933758889412
1136,136.0670684,135.956354340919,135.952816872402,135.952816872402,135.952603282753,135.9503,135.934939731051,135.934924316406,135.933489195884
1136.05,136.06701264,135.956339262256,135.952812252822,135.952812252822,135.952596807854,135.9789,135.963562138202,135.934655761719,135.933219502355
1136.1,136.06695688,135.956324183593,135.952807633241,135.952807633241,135.952590332954,136.0075,135.992184545354,135.934387207031,135.932949808826
1136.15,136.06690112,135.95630910493,135.952803013661,135.952803013661,135.952583858055,136.0361,136.020806952505,135.934118652344,135.932680115297
1136.2,136.06684536,135.956294026267,135.952798394081,135.952798394081,135.952577383156,136.0647,136.049429359657,135.933850097656,135.932410421768
1136.25,136.0667896,135.956278947604,135.9527937745,135.9527937745,135.952570908256,136.0933,136.078051766808,135.933581542969,135.932140728239
1136.3,136.06673384,135.956263868941,135.95278915492,135.95278915492,135.952564433357,136.1219,136.106674173959,135.933312988281,135.93187103471
1136.35,136.06667808,135.956248790278,135.95278453534,135.95278453534,135.952557958458,136.1505,136.135296581111,135.933044433594,135.931601341181
1136.4,136.06662232,135.956233711615,135.952779915759,135.952779915759,135.952551483558,136.1791,136.163918988262,135.932775878906,135.931331647652
1136.45,136.06656656,135.956218632952,135.952775296179,135.952775296179,135.952545008659,136.2077,136.192541395413,135.932507324219,135.931061954123
1136.5,136.0665108,135.956203554289,135.952770676599,135.952770676599,135.95253853376,136.2363,136.221163802565,135.932238769531,135.930792260595
1136.55,136.06645504,135.956188475626,135.952766057018,135.952766057018,135.95253205886,136.2649,136.249786209716,135.931970214844,135.930522567066
1136.6,136.06639928,135.956173396963,135.952761437438,135.952761437438,135.952525583961,136.2935,136.278408616867,135.931701660156,135.930252873537
1136.65,136.06634352,135.9561583183,135.952756817858,135.952756817858,135.952519109062,136.3221,136.307031024019,135.931433105469,135.929983180008
1136.7,136.06628776,135.956143239637,135.952752198277,135.952752198277,135.952512634162,136.3507,136.33565343117,135.931164550781,135.929713486479
1136.75,136.066232,135.956128160974,135.952747578697,135.952747578697,135.952506159263,136.3793,136.364275838321,135.930895996094,135.92944379295
1136.8,136.06617624,135.956113082311,135.952742959117,135.952742959117,135.952499684364,136.4079,136.392898245473,135.930627441406,135.929174099421
1136.85,136.06612048,135.956098003648,135.952738339536,135.952738339536,135.952493209464,136.4365,136.421520652624,135.930358886719,135.928904405892
1136.9,136.06606472,135.956082924985,135.952733719956,135.952733719956,135.952486734565,136.4651,136.450143059776,135.930090332031,135.928634712363
1136.95,136.06600896,135.956067846322,135.952729100376,135.952729100376,135.952480259666,136.4937,136.478765466927,135.929821777344,135.928365018834
1137,136.0659532,135.956177767659,135.952849480795,135.952849480795,135.952598784766,136.508,136.493087874078,135.929711914062,135.928254016712
1137.05,136.0658988,135.956412688996,135.953094861215,135.953094861215,135.952842309867,136.508,136.49311028123,135.929760742188,135.928301705995
1137.1,136.06584304,135.956647610333,135.953340241635,135.953340241635,135.953085834968,136.508,136.493132688381,135.929809570312,135.928349395279
1137.15,136.06578728,135.95688253167,135.953585622054,135.953585622054,135.953329360068,136.508,136.493155095532,135.929858398437,135.928397084563
1137.2,136.06573152,135.957117453007,135.953831002474,135.953831002474,135.953572885169,136.508,136.493177502684,135.929907226563,135.928444773846
1137.25,136.06567576,135.957352374344,135.954076382894,135.954076382894,135.95381641027,136.508,136.493199909835,135.929956054687,135.92849246313
1137.3,136.06562,135.957587295681,135.954321763313,135.954321763313,135.95405993537,136.508,136.493222316986,135.930004882813,135.928540152413
1137.35,136.06556424,135.957822217018,135.954567143733,135.954567143733,135.954303460471,136.508,136.493244724138,135.930053710938,135.928587841697
1137.4,136.06550848,135.958057138355,135.954812524153,135.954812524153,135.954546985572,136.508,136.493267131289,135.930102539062,135.928635530981
1137.45,136.06545272,135.958292059692,135.955057904572,135.955057904572,135.954790510672,136.508,136.49328953844,135.930151367188,135.928683220264
1137.5,136.06539696,135.958526981029,135.955303284992,135.955303284992,135.955034035773,136.508,136.493311945592,135.930200195312,135.928730909548
1137.55,136.0653412,135.958761902366,135.955548665412,135.955548665412,135.955277560874,136.508,136.493334352743,135.930249023438,135.928778598831
1137.6,136.06528544,135.958996823703,135.955794045831,135.955794045831,135.955521085975,136.508,136.493356759895,135.930297851562,135.928826288115
1137.65,136.06522968,135.95923174504,135.956039426251,135.956039426251,135.955764611075,136.508,136.493379167046,135.930346679687,135.928873977398
1137.7,136.06517392,135.959466666377,135.956284806671,135.956284806671,135.956008136176,136.508,136.493401574197,135.930395507813,135.928921666682
1137.75,136.06511816,135.959701587714,135.95653018709,135.95653018709,135.956251661277,136.508,136.493423981349,135.930444335937,135.928969355966
1137.8,136.0650624,135.959936509051,135.95677556751,135.95677556751,135.956495186377,136.508,136.4934463885,135.930493164063,135.929017045249
1137.85,136.06500664,135.960171430388,135.95702094793,135.95702094793,135.956738711478,136.508,136.493468795651,135.930541992188,135.929064734533
1137.9,136.06495088,135.960406351725,135.957266328349,135.957266328349,135.956982236579,136.508,136.493491202803,135.930590820312,135.929112423816
1137.95,136.06489512,135.960641273062,135.957511708769,135.957511708769,135.957225761679,136.508,136.493513609954,135.930639648438,135.9291601131
1138,136.06483936,135.960876194399,135.957757089189,135.957757089189,135.95746928678,136.508,136.493536017105,135.930688476562,135.929207802384
1138.05,136.0647836,135.961111115736,135.958002469608,135.958002469608,135.957712811881,136.508,136.493558424257,135.930737304688,135.929255491667
1138.1,136.0647292,135.961346037073,135.958247850028,135.958247850028,135.957956336981,136.508,136.493580831408,135.930786132812,135.929303180951
1138.15,136.06467344,135.96158095841,135.958493230448,135.958493230448,135.958199862082,136.508,136.493603238559,135.930834960937,135.929350870234
1138.2,136.06461768,135.961815879747,135.958738610867,135.958738610867,135.958443387183,136.508,136.493625645711,135.930883789063,135.929398559518
1138.25,136.06456192,135.962050801084,135.958983991287,135.958983991287,135.958686912283,136.508,136.493648052862,135.930932617187,135.929446248802
1138.3,136.06450616,135.962285722421,135.959229371706,135.959229371706,135.958930437384,136.508,136.493670460014,135.930981445313,135.929493938085
1138.35,136.0644504,135.962520643758,135.959474752126,135.959474752126,135.959173962485,136.508,136.493692867165,135.931030273438,135.929541627369
1138.4,136.06439464,135.962755565095,135.959720132546,135.959720132546,135.959417487585,136.508,136.493715274316,135.931079101562,135.929589316652
1138.45,136.06433888,135.962990486432,135.959965512965,135.959965512965,135.959661012686,136.508,136.493737681468,135.931127929688,135.929637005936
1138.5,136.06428312,135.963225407769,135.960210893385,135.960210893385,135.959904537787,136.508,136.493760088619,135.931176757812,135.92968469522
1138.55,136.06422736,135.963460329106,135.960456273805,135.960456273805,135.960148062887,136.508,136.49378249577,135.931225585938,135.929732384503
1138.6,136.0641716,135.963695250443,135.960701654224,135.960701654224,135.960391587988,136.508,136.493804902922,135.931274414062,135.929780073787
1138.65,136.06411584,135.96393017178,135.960947034644,135.960947034644,135.960635113089,136.508,136.493827310073,135.931323242187,135.92982776307
1138.7,136.06406008,135.964165093117,135.961192415064,135.961192415064,135.960878638189,136.508,136.493849717224,135.931372070313,135.929875452354
1138.75,136.06400432,135.964400014454,135.961437795483,135.961437795483,135.96112216329,136.508,136.493872124376,135.931420898437,135.929923141638
1138.8,136.06394856,135.964634935791,135.961683175903,135.961683175903,135.961365688391,136.508,136.493894531527,135.931469726563,135.929970830921
1138.85,136.0638928,135.964869857128,135.961928556323,135.961928556323,135.961609213491,136.508,136.493916938678,135.931518554688,135.930018520205
1138.9,136.06383704,135.965104778465,135.962173936742,135.962173936742,135.961852738592,136.508,136.49393934583,135.931567382812,135.930066209488
1138.95,136.06378128,135.965339699802,135.962419317162,135.962419317162,135.962096263693,136.508,136.493961752981,135.931616210938,135.930113898772
1139,136.06372552,135.965574621139,135.962664697582,135.962664697582,135.962339788793,136.5087,136.494684160133,135.931665039062,135.930161588056
1139.05,136.06366976,135.965809542476,135.962910078001,135.962910078001,135.962583313894,136.5101,136.496106567284,135.931713867188,135.930209277339
1139.1,136.06361536,135.966044463813,135.963155458421,135.963155458421,135.962826838995,136.5115,136.497528974435,135.931762695312,135.930256966623
1139.15,136.0635596,135.96627938515,135.963400838841,135.963400838841,135.963070364095,136.5129,136.498951381587,135.931811523437,135.930304655906
1139.2,136.06350384,135.966514306487,135.96364621926,135.96364621926,135.963313889196,136.5143,136.500373788738,135.931860351563,135.93035234519
1139.25,136.06344808,135.966749227824,135.96389159968,135.96389159968,135.963557414297,136.5157,136.501796195889,135.931909179687,135.930400034474
1139.3,136.06339232,135.966984149161,135.9641369801,135.9641369801,135.963800939397,136.5171,136.503218603041,135.931958007813,135.930447723757
1139.35,136.06333656,135.967219070498,135.964382360519,135.964382360519,135.964044464498,136.5185,136.504641010192,135.932006835938,135.930495413041
1139.4,136.0632808,135.967453991835,135.964627740939,135.964627740939,135.964287989599,136.5199,136.506063417343,135.932055664062,135.930543102324
1139.45,136.06322504,135.967688913172,135.964873121359,135.964873121359,135.964531514699,136.5213,136.507485824495,135.932104492188,135.930590791608
1139.5,136.06316928,135.967923834509,135.965118501778,135.965118501778,135.9647750398,136.5227,136.508908231646,135.932153320312,135.930638480892
1139.55,136.06311352,135.968158755846,135.965363882198,135.965363882198,135.965018564901,136.5241,136.510330638797,135.932202148438,135.930686170175
1139.6,136.06305776,135.968393677183,135.965609262618,135.965609262618,135.965262090001,136.5255,136.511753045949,135.932250976562,135.930733859459
1139.65,136.063002,135.96862859852,135.965854643037,135.965854643037,135.965505615102,136.5269,136.5131754531,135.932299804687,135.930781548742
1139.7,136.06294624,135.968863519857,135.966100023457,135.966100023457,135.965749140203,136.5283,136.514597860252,135.932348632813,135.930829238026
1139.75,136.06289048,135.969098441194,135.966345403877,135.966345403877,135.965992665303,136.5297,136.516020267403,135.932397460937,135.930876927309
1139.8,136.06283472,135.969333362531,135.966590784296,135.966590784296,135.966236190404,136.5311,136.517442674554,135.932446289063,135.930924616593
1139.85,136.06277896,135.969568283868,135.966836164716,135.966836164716,135.966479715505,136.5325,136.518865081706,135.932495117188,135.930972305877
1139.9,136.0627232,135.969803205205,135.967081545136,135.967081545136,135.966723240605,136.5339,136.520287488857,135.932543945312,135.93101999516
1139.95,136.06266744,135.970038126542,135.967326925555,135.967326925555,135.966966765706,136.5353,136.521709896008,135.932592773438,135.931067684444
1140,136.06261168,135.970273047879,135.967572305975,135.967572305975,135.967210290807,136.5223,136.50873230316,135.932641601562,135.931115373727
1140.05,136.06255592,135.970535445543,135.967840075134,135.967840075134,135.967475710006,136.4949,136.481370424514,135.932690429688,135.9311676687
1140.1,136.06250016,135.970797843206,135.968107844293,135.968107844293,135.967741129206,136.4675,136.454008545868,135.932739257812,135.931219963673
1140.15,136.06244576,135.97106024087,135.968375613452,135.968375613452,135.968006548406,136.4401,136.426646667223,135.932788085937,135.931272258645
1140.2,136.06239,135.971322638534,135.968643382611,135.968643382611,135.968271967606,136.4127,136.399284788577,135.932836914063,135.931324553618
1140.25,136.06233424,135.971585036197,135.968911151769,135.968911151769,135.968537386805,136.3853,136.371922909931,135.932885742187,135.93137684859
1140.3,136.06227848,135.971847433861,135.969178920928,135.969178920928,135.968802806005,136.3579,136.344561031286,135.932934570313,135.931429143563
1140.35,136.06222272,135.972109831525,135.969446690087,135.969446690087,135.969068225205,136.3305,136.31719915264,135.932983398438,135.931481438535
1140.4,136.06216696,135.972372229188,135.969714459246,135.969714459246,135.969333644405,136.3031,136.289837273994,135.933032226562,135.931533733508
1140.45,136.0621112,135.972634626852,135.969982228405,135.969982228405,135.969599063605,136.2757,136.262475395349,135.933081054688,135.931586028481
1140.5,136.06205544,135.972897024515,135.970249997564,135.970249997564,135.969864482804,136.2483,136.235113516703,135.933129882812,135.931638323453
1140.55,136.06199968,135.973159422179,135.970517766723,135.970517766723,135.970129902004,136.2209,136.207751638057,135.933178710938,135.931690618426
1140.6,136.06194392,135.973421819843,135.970785535882,135.970785535882,135.970395321204,136.1935,136.180389759412,135.933227539062,135.931742913398
1140.65,136.06188816,135.973684217506,135.97105330504,135.97105330504,135.970660740404,136.1661,136.153027880766,135.933276367187,135.931795208371
1140.7,136.0618324,135.97394661517,135.971321074199,135.971321074199,135.970926159603,136.1387,136.12566600212,135.933325195313,135.931847503343
1140.75,136.06177664,135.974209012833,135.971588843358,135.971588843358,135.971191578803,136.1113,136.098304123474,135.933374023437,135.931899798316
1140.8,136.06172088,135.974471410497,135.971856612517,135.971856612517,135.971456998003,136.0839,136.070942244829,135.933422851563,135.931952093289
1140.85,136.06166512,135.974733808161,135.972124381676,135.972124381676,135.971722417203,136.0565,136.043580366183,135.933471679688,135.932004388261
1140.9,136.06160936,135.974996205824,135.972392150835,135.972392150835,135.971987836402,136.0291,136.016218487537,135.933520507812,135.932056683234
1140.95,136.0615536,135.975258603488,135.972659919994,135.972659919994,135.972253255602,136.0017,135.988856608892,135.933569335938,135.932108978206
1141,136.06149784,135.975521001151,135.972927689153,135.972927689153,135.972518674802,135.987975,135.975169730246,135.933618164062,135.932161273179
1141.05,136.06144208,135.975783398815,135.973195458311,135.973195458311,135.972784094002,135.987925,135.9751578516,135.933666992188,135.932213568151
1141.1,136.06138632,135.976045796479,135.97346322747,135.97346322747,135.973049513202,135.987875,135.975145972955,135.933715820312,135.932265863124
1141.15,136.06133056,135.976308194142,135.973730996629,135.973730996629,135.973314932401,135.987825,135.975134094309,135.933764648437,135.932318158097
1141.2,136.06127616,135.976570591806,135.973998765788,135.973998765788,135.973580351601,135.987775,135.975122215663,135.933813476563,135.932370453069
1141.25,136.0612204,135.976832989469,135.974266534947,135.974266534947,135.973845770801,135.987725,135.975110337018,135.933862304687,135.932422748042
1141.3,136.06116464,135.977095387133,135.974534304106,135.974534304106,135.974111190001,135.987675,135.975098458372,135.933911132813,135.932475043014
1141.35,136.06110888,135.977357784797,135.974802073265,135.974802073265,135.9743766092,135.987625,135.975086579726,135.933959960938,135.932527337987
1141.4,136.06105312,135.97762018246,135.975069842424,135.975069842424,135.9746420284,135.987575,135.975074701081,135.934008789062,135.932579632959
1141.45,136.06099736,135.977882580124,135.975337611583,135.975337611583,135.9749074476,135.987525,135.975062822435,135.934057617188,135.932631927932
1141.5,136.0609416,135.978144977787,135.975605380741,135.975605380741,135.9751728668,135.987475,135.975050943789,135.934106445312,135.932684222905
1141.55,136.06088584,135.978407375451,135.9758731499,135.9758731499,135.975438286,135.987425,135.975039065144,135.934155273438,135.932736517877
1141.6,136.06083008,135.978669773115,135.976140919059,135.976140919059,135.975703705199,135.987375,135.975027186498,135.934204101562,135.93278881285
1141.65,136.06077432,135.978932170778,135.976408688218,135.976408688218,135.975969124399,135.987325,135.975015307852,135.934252929687,135.932841107822
1141.7,136.06071856,135.979194568442,135.976676457377,135.976676457377,135.976234543599,135.987275,135.975003429206,135.934301757813,135.932893402795
1141.75,136.0606628,135.979456966105,135.976944226536,135.976944226536,135.976499962799,135.987225,135.974991550561,135.934350585937,135.932945697767
1141.8,136.06060704,135.979719363769,135.977211995695,135.977211995695,135.976765381998,135.987175,135.974979671915,135.934399414063,135.93299799274
1141.85,136.06055128,135.979981761433,135.977479764854,135.977479764854,135.977030801198,135.987125,135.974967793269,135.934448242188,135.933050287712
1141.9,136.06049552,135.980244159096,135.977747534012,135.977747534012,135.977296220398,135.987075,135.974955914624,135.934497070312,135.933102582685
1141.95,136.06043976,135.98050655676,135.978015303171,135.978015303171,135.977561639598,135.987025,135.974944035978,135.934545898438,135.933154877658
1142,136.060384,135.980768954423,135.97828307233,135.97828307233,135.977827058797,135.969025,135.956982157332,135.934594726562,135.93320717263
1142.05,136.06032824,135.981031352087,135.978550841489,135.978550841489,135.978092477997,135.933075,135.921070278687,135.934643554688,135.933259467603
1142.1,136.06027248,135.981293749751,135.978818610648,135.978818610648,135.978357897197,135.897125,135.885158400041,135.934692382812,135.933311762575
1142.15,136.06021672,135.981556147414,135.979086379807,135.979086379807,135.978623316397,135.861175,135.849246521395,135.934741210937,135.933364057548
1142.2,136.06016232,135.981818545078,135.979354148966,135.979354148966,135.978888735597,135.825225,135.81333464275,135.934790039063,135.93341635252
1142.25,136.06010656,135.982080942742,135.979621918125,135.979621918125,135.979154154796,135.789275,135.777422764104,135.934838867187,135.933468647493
1142.3,136.0600508,135.982343340405,135.979889687284,135.979889687284,135.979419573996,135.753325,135.741510885458,135.934887695313,135.933520942466
1142.35,136.05999504,135.982605738069,135.980157456442,135.980157456442,135.979684993196,135.717375,135.705599006813,135.934936523438,135.933573237438
1142.4,136.05993928,135.982868135732,135.980425225601,135.980425225601,135.979950412396,135.681425,135.669687128167,135.934985351562,135.933625532411
1142.45,136.05988352,135.983130533396,135.98069299476,135.98069299476,135.980215831595,135.645475,135.633775249521,135.935034179688,135.933677827383
1142.5,136.05982776,135.98339293106,135.980960763919,135.980960763919,135.980481250795,135.609525,135.597863370876,135.935083007812,135.933730122356
1142.55,136.059772,135.983655328723,135.981228533078,135.981228533078,135.980746669995,135.573575,135.56195149223,135.935131835938,135.933782417328
1142.6,136.05971624,135.983917726387,135.981496302237,135.981496302237,135.981012089195,135.537625,135.526039613584,135.935180664062,135.933834712301
1142.65,136.05966048,135.98418012405,135.981764071396,135.981764071396,135.981277508394,135.501675,135.490127734939,135.935229492187,135.933887007274
1142.7,136.05960472,135.984442521714,135.982031840555,135.982031840555,135.981542927594,135.465725,135.454215856293,135.935278320313,135.933939302246
1142.75,136.05954896,135.984704919378,135.982299609713,135.982299609713,135.981808346794,135.429775,135.418303977647,135.935327148437,135.933991597219
1142.8,136.0594932,135.984967317041,135.982567378872,135.982567378872,135.982073765994,135.393825,135.382392099001,135.935375976563,135.934043892191
1142.85,136.05943744,135.985229714705,135.982835148031,135.982835148031,135.982339185194,135.357875,135.346480220356,135.935424804688,135.934096187164
1142.9,136.05938168,135.985492112368,135.98310291719,135.98310291719,135.982604604393,135.321925,135.31056834171,135.935473632812,135.934148482136
1142.95,136.05932592,135.985754510032,135.983370686349,135.983370686349,135.982870023593,135.285975,135.274656463064,135.935522460938,135.934200777109
1143,136.05927016,135.986016907696,135.983638455508,135.983638455508,135.983135442793,135.268,135.256719584419,135.935571289062,135.934253072082
1143.05,136.0592144,135.986279305359,135.983906224667,135.983906224667,135.983400861993,135.268,135.256757705773,135.935620117188,135.934305367054
1143.1,136.05915864,135.986541703023,135.984173993826,135.984173993826,135.983666281192,135.268,135.256795827127,135.935668945312,135.934357662027
1143.15,136.05910288,135.986804100686,135.984441762984,135.984441762984,135.983931700392,135.268,135.256833948482,135.935717773437,135.934409956999
1143.2,136.05904712,135.98706649835,135.984709532143,135.984709532143,135.984197119592,135.268,135.256872069836,135.935766601563,135.934462251972
1143.25,136.05899272,135.987328896014,135.984977301302,135.984977301302,135.984462538792,135.268,135.25691019119,135.935815429687,135.934514546944
1143.3,136.05893696,135.987591293677,135.985245070461,135.985245070461,135.984727957991,135.268,135.256948312545,135.935864257813,135.934566841917
1143.35,136.0588812,135.987853691341,135.98551283962,135.98551283962,135.984993377191,135.268,135.256986433899,135.935913085938,135.93461913689
1143.4,136.05882544,135.988116089004,135.985780608779,135.985780608779,135.985258796391,135.268,135.257024555253,135.935961914062,135.934671431862
1143.45,136.05876968,135.988378486668,135.986048377938,135.986048377938,135.985524215591,135.268,135.257062676608,135.936010742188,135.934723726835
1143.5,136.05871392,135.988640884332,135.986316147097,135.986316147097,135.985789634791,135.268,135.257100797962,135.936059570312,135.934776021807
1143.55,136.05865816,135.988903281995,135.986583916255,135.986583916255,135.98605505399,135.268,135.257138919316,135.936108398438,135.93482831678
1143.6,136.0586024,135.989165679659,135.986851685414,135.986851685414,135.98632047319,135.268,135.257177040671,135.936157226562,135.934880611752
1143.65,136.05854664,135.989428077322,135.987119454573,135.987119454573,135.98658589239,135.268,135.257215162025,135.936206054687,135.934932906725
1143.7,136.05849088,135.989690474986,135.987387223732,135.987387223732,135.98685131159,135.268,135.257253283379,135.936254882813,135.934985201698
1143.75,136.05843512,135.98995287265,135.987654992891,135.987654992891,135.987116730789,135.268,135.257291404733,135.936303710937,135.93503749667
1143.8,136.05837936,135.990215270313,135.98792276205,135.98792276205,135.987382149989,135.268,135.257329526088,135.936352539063,135.935089791643
1143.85,136.0583236,135.990477667977,135.988190531209,135.988190531209,135.987647569189,135.268,135.257367647442,135.936401367188,135.935142086615
1143.9,136.05826784,135.99074006564,135.988458300368,135.988458300368,135.987912988389,135.268,135.257405768796,135.936450195312,135.935194381588
1143.95,136.05821208,135.991002463304,135.988726069527,135.988726069527,135.988178407588,135.268,135.257443890151,135.936499023438,135.93524667656
1144,136.05815632,135.991264860968,135.988993838685,135.988993838685,135.988443826788,135.268,135.257482011505,135.936547851562,135.935298971533
1144.05,136.05810056,135.991527258631,135.989261607844,135.989261607844,135.988709245988,135.268,135.257520132859,135.936596679688,135.935351266505
1144.1,136.0580448,135.991789656295,135.989529377003,135.989529377003,135.988974665188,135.268,135.257558254214,135.936645507812,135.935403561478
1144.15,136.05798904,135.992052053959,135.989797146162,135.989797146162,135.989240084388,135.268,135.257596375568,135.936694335937,135.935455856451
1144.2,136.05793328,135.992314451622,135.990064915321,135.990064915321,135.989505503587,135.268,135.257634496922,135.936743164063,135.935508151423
1144.25,136.05787752,135.992576849286,135.99033268448,135.99033268448,135.989770922787,135.268,135.257672618277,135.936791992187,135.935560446396
1144.3,136.05782312,135.992839246949,135.990600453639,135.990600453639,135.990036341987,135.268,135.257710739631,135.936840820313,135.935612741368
1144.35,136.05776736,135.993101644613,135.990868222798,135.990868222798,135.990301761187,135.268,135.257748860985,135.936889648438,135.935665036341
1144.4,136.0577116,135.993364042277,135.991135991956,135.991135991956,135.990567180386,135.268,135.25778698234,135.936938476562,135.935717331313
1144.45,136.05765584,135.99362643994,135.991403761115,135.991403761115,135.990832599586,135.268,135.257825103694,135.936987304688,135.935769626286
1144.5,136.05760008,135.993888837604,135.991671530274,135.991671530274,135.991098018786,135.268,135.257863225048,135.937036132812,135.935821921259
1144.55,136.05754432,135.994151235267,135.991939299433,135.991939299433,135.991363437986,135.268,135.257901346403,135.937084960938,135.935874216231
1144.6,136.05748856,135.994413632931,135.992207068592,135.992207068592,135.991628857186,135.268,135.257939467757,135.937133789062,135.935926511204
1144.65,136.0574328,135.994676030595,135.992474837751,135.992474837751,135.991894276385,135.268,135.257977589111,135.937182617187,135.935978806176
1144.7,136.05737704,135.994938428258,135.99274260691,135.99274260691,135.992159695585,135.268,135.258015710466,135.937231445313,135.936031101149
1144.75,136.05732128,135.995200825922,135.993010376069,135.993010376069,135.992425114785,135.268,135.25805383182,135.937280273437,135.936083396121
1144.8,136.05726552,135.995463223585,135.993278145227,135.993278145227,135.992690533985,135.268,135.258091953174,135.937329101563,135.936135691094
1144.85,136.05720976,135.995725621249,135.993545914386,135.993545914386,135.992955953184,135.268,135.258130074528,135.937377929688,135.936187986067
1144.9,136.057154,135.995988018913,135.993813683545,135.993813683545,135.993221372384,135.268,135.258168195883,135.937426757812,135.936240281039
1144.95,136.05709824,135.996250416576,135.994081452704,135.994081452704,135.993486791584,135.268,135.258206317237,135.937475585938,135.936292576012
1145,136.05704248,135.99651281424,135.994349221863,135.994349221863,135.993752210784,135.26865,135.258894438591,135.937658691406,135.936479148328
1145.05,136.05698672,135.996775211903,135.994616991022,135.994616991022,135.994017629983,135.26995,135.260232559946,135.937976074219,135.936799997988
1145.1,136.05693096,135.997037609567,135.994884760181,135.994884760181,135.994283049183,135.27125,135.2615706813,135.938293457031,135.937120847648
1145.15,136.0568752,135.997300007231,135.99515252934,135.99515252934,135.994548468383,135.27255,135.262908802654,135.938610839844,135.937441697308
1145.2,136.05681944,135.997562404894,135.995420298499,135.995420298499,135.994813887583,135.27385,135.264246924009,135.938928222656,135.937762546968
1145.25,136.05676368,135.997824802558,135.995688067657,135.995688067657,135.995079306783,135.27515,135.265585045363,135.939245605469,135.938083396628
1145.3,136.05670928,135.998087200221,135.995955836816,135.995955836816,135.995344725982,135.27645,135.266923166717,135.939562988281,135.938404246288
1145.35,136.05665352,135.998349597885,135.996223605975,135.996223605975,135.995610145182,135.27775,135.268261288072,135.939880371094,135.938725095949
1145.4,136.05659776,135.998611995549,135.996491375134,135.996491375134,135.995875564382,135.27905,135.269599409426,135.940197753906,135.939045945609
1145.45,136.056542,135.998874393212,135.996759144293,135.996759144293,135.996140983582,135.28035,135.27093753078,135.940515136719,135.939366795269
1145.5,136.05648624,135.999136790876,135.997026913452,135.997026913452,135.996406402781,135.28165,135.272275652135,135.940832519531,135.939687644929
1145.55,136.05643048,135.999399188539,135.997294682611,135.997294682611,135.996671821981,135.28295,135.273613773489,135.941149902344,135.940008494589
1145.6,136.05637472,135.999661586203,135.99756245177,135.99756245177,135.996937241181,135.28425,135.274951894843,135.941467285156,135.940329344249
1145.65,136.05631896,135.999923983867,135.997830220928,135.997830220928,135.997202660381,135.28555,135.276290016198,135.941784667969,135.940650193909
1145.7,136.0562632,136.00018638153,135.998097990087,135.998097990087,135.99746807958,135.28685,135.277628137552,135.942102050781,135.940971043569
1145.75,136.05620744,136.000448779194,135.998365759246,135.998365759246,135.99773349878,135.28815,135.278966258906,135.942419433594,135.941291893229
1145.8,136.05615168,136.000711176858,135.998633528405,135.998633528405,135.99799891798,135.28945,135.28030438026,135.942736816406,135.941612742889
1145.85,136.05609592,136.000973574521,135.998901297564,135.998901297564,135.99826433718,135.29075,135.281642501615,135.943054199219,135.941933592549
1145.9,136.05604016,136.001235972185,135.999169066723,135.999169066723,135.99852975638,135.29205,135.282980622969,135.943371582031,135.942254442209
1145.95,136.0559844,136.001498369848,135.999436835882,135.999436835882,135.998795175579,135.29335,135.284318744323,135.943688964844,135.942575291869
1146,136.05592864,136.001760767512,135.999704605041,135.999704605041,135.999060594779,135.31105,135.302056865678,135.944006347656,135.942896141529
1146.05,136.05587288,136.002023165176,135.999972374199,135.999972374199,135.999326013979,135.34515,135.336194987032,135.944323730469,135.943216991189
1146.1,136.05581712,136.002285562839,136.000240143358,136.000240143358,135.999591433179,135.37925,135.370333108386,135.944641113281,135.94353784085
1146.15,136.05576136,136.002547960503,136.000507912517,136.000507912517,135.999856852378,135.41335,135.404471229741,135.944958496094,135.94385869051
1146.2,136.0557056,136.002810358166,136.000775681676,136.000775681676,136.000122271578,135.44745,135.438609351095,135.945275878906,135.94417954017
1146.25,136.05564984,136.00307275583,136.001043450835,136.001043450835,136.000387690778,135.48155,135.472747472449,135.945593261719,135.94450038983
1146.3,136.05559408,136.003335153494,136.001311219994,136.001311219994,136.000653109978,135.51565,135.506885593804,135.945910644531,135.94482123949
1146.35,136.05553968,136.003597551157,136.001578989153,136.001578989153,136.000918529177,135.54975,135.541023715158,135.946228027344,135.94514208915
1146.4,136.05548392,136.003859948821,136.001846758312,136.001846758312,136.001183948377,135.58385,135.575161836512,135.946545410156,135.94546293881
1146.45,136.05542816,136.004122346484,136.002114527471,136.002114527471,136.001449367577,135.61795,135.609299957867,135.946862792969,135.94578378847
1146.5,136.0553724,136.004384744148,136.002382296629,136.002382296629,136.001714786777,135.65205,135.643438079221,135.947180175781,135.94610463813
1146.55,136.05531664,136.004647141812,136.002650065788,136.002650065788,136.001980205977,135.68615,135.677576200575,135.947497558594,135.94642548779
1146.6,136.05526088,136.004909539475,136.002917834947,136.002917834947,136.002245625176,135.72025,135.71171432193,135.947814941406,135.94674633745
1146.65,136.05520512,136.005171937139,136.003185604106,136.003185604106,136.002511044376,135.75435,135.745852443284,135.948132324219,135.94706718711
1146.7,136.05514936,136.005434334802,136.003453373265,136.003453373265,136.002776463576,135.78845,135.779990564638,135.948449707031,135.94738803677
1146.75,136.0550936,136.005696732466,136.003721142424,136.003721142424,136.003041882776,135.82255,135.814128685993,135.948767089844,135.94770888643
1146.8,136.05503784,136.00595913013,136.003988911583,136.003988911583,136.003307301975,135.85665,135.848266807347,135.949084472656,135.94802973609
1146.85,136.05498208,136.006221527793,136.004256680742,136.004256680742,136.003572721175,135.89075,135.882404928701,135.949401855469,135.948350585751
1146.9,136.05492632,136.006483925457,136.0045244499,136.0045244499,136.003838140375,135.92485,135.916543050055,135.949719238281,135.948671435411
1146.95,136.05487056,136.00674632312,136.004792219059,136.004792219059,136.004103559575,135.95895,135.95068117141,135.950036621094,135.948992285071
1147,136.0548148,136.007133720784,136.005184988218,136.005184988218,136.004493978774,135.976,135.967769292764,135.950354003906,135.949313134731
1147.05,136.05475904,136.007646118448,136.005702757377,136.005702757377,136.005009397974,135.976,135.967807414118,135.950671386719,135.949633984391
1147.1,136.05470328,136.008158516111,136.006220526536,136.006220526536,136.005524817174,135.976,135.967845535473,135.950988769531,135.949954834051
1147.15,136.05464752,136.008670913775,136.006738295695,136.006738295695,136.006040236374,135.976,135.967883656827,135.951306152344,135.950275683711
1147.2,136.05459176,136.009183311438,136.007256064854,136.007256064854,136.006555655574,135.976,135.967921778181,135.951623535156,135.950596533371
1147.25,136.054536,136.009695709102,136.007773834013,136.007773834013,136.007071074773,135.976,135.967959899536,135.951940917969,135.950917383031
1147.3,136.05448024,136.010208106766,136.008291603171,136.008291603171,136.007586493973,135.976,135.96799802089,135.952258300781,135.951238232691
1147.35,136.05442584,136.010720504429,136.00880937233,136.00880937233,136.008101913173,135.976,135.968036142244,135.952575683594,135.951559082351
1147.4,136.05437008,136.011232902093,136.009327141489,136.009327141489,136.008617332373,135.976,135.968074263599,135.952893066406,135.951879932011
1147.45,136.05431432,136.011745299757,136.009844910648,136.009844910648,136.009132751572,135.976,135.968112384953,135.953210449219,135.952200781671
1147.5,136.05425856,136.01225769742,136.010362679807,136.010362679807,136.009648170772,135.976,135.968150506307,135.953527832031,135.952521631331
1147.55,136.0542028,136.012770095084,136.010880448966,136.010880448966,136.010163589972,135.976,135.968188627662,135.953845214844,135.952842480992
1147.6,136.05414704,136.013282492747,136.011398218125,136.011398218125,136.010679009172,135.976,135.968226749016,135.954162597656,135.953163330652
1147.65,136.05409128,136.013794890411,136.011915987284,136.011915987284,136.011194428371,135.976,135.96826487037,135.954479980469,135.953484180312
1147.7,136.05403552,136.014307288075,136.012433756443,136.012433756443,136.011709847571,135.976,135.968302991725,135.954797363281,135.953805029972
1147.75,136.05397976,136.014819685738,136.012951525601,136.012951525601,136.012225266771,135.976,135.968341113079,135.955114746094,135.954125879632
1147.8,136.053924,136.015332083402,136.01346929476,136.01346929476,136.012740685971,135.976,135.968379234433,135.955432128906,135.954446729292
1147.85,136.05386824,136.015844481065,136.013987063919,136.013987063919,136.013256105171,135.976,135.968417355787,135.955749511719,135.954767578952
1147.9,136.05381248,136.016356878729,136.014504833078,136.014504833078,136.01377152437,135.976,135.968455477142,135.956066894531,135.955088428612
1147.95,136.05375672,136.016869276393,136.015022602237,136.015022602237,136.01428694357,135.976,135.968493598496,135.956384277344,135.955409278272
1148,136.05370096,136.017381674056,136.015540371396,136.015540371396,136.01480236277,135.976,135.96853171985,135.956701660156,135.955730127932
1148.05,136.0536452,136.01789407172,136.016058140555,136.016058140555,136.01531778197,135.976,135.968569841205,135.957019042969,135.956050977592
1148.1,136.05358944,136.018406469383,136.016575909714,136.016575909714,136.015833201169,135.976,135.968607962559,135.957336425781,135.956371827252
1148.15,136.05353368,136.018918867047,136.017093678872,136.017093678872,136.016348620369,135.976,135.968646083913,135.957653808594,135.956692676912
1148.2,136.05347792,136.019431264711,136.017611448031,136.017611448031,136.016864039569,135.976,135.968684205268,135.957971191406,135.957013526572
1148.25,136.05342216,136.019943662374,136.01812921719,136.01812921719,136.017379458769,135.976,135.968722326622,135.958288574219,135.957334376232
1148.3,136.0533664,136.020456060038,136.018646986349,136.018646986349,136.017894877969,135.976,135.968760447976,135.958605957031,135.957655225893
1148.35,136.05331064,136.020968457701,136.019164755508,136.019164755508,136.018410297168,135.976,135.968798569331,135.958923339844,135.957976075553
1148.4,136.05325624,136.021480855365,136.019682524667,136.019682524667,136.018925716368,135.976,135.968836690685,135.959240722656,135.958296925213
1148.45,136.05320048,136.021993253029,136.020200293826,136.020200293826,136.019441135568,135.976,135.968874812039,135.959558105469,135.958617774873
1148.5,136.05314472,136.022505650692,136.020718062985,136.020718062985,136.019956554768,135.976,135.968912933394,135.959875488281,135.958938624533
1148.55,136.05308896,136.023018048356,136.021235832143,136.021235832143,136.020471973967,135.976,135.968951054748,135.960192871094,135.959259474193
1148.6,136.0530332,136.023530446019,136.021753601302,136.021753601302,136.020987393167,135.976,135.968989176102,135.960510253906,135.959580323853
1148.65,136.05297744,136.024042843683,136.022271370461,136.022271370461,136.021502812367,135.976,135.969027297457,135.960827636719,135.959901173513
1148.7,136.05292168,136.024555241347,136.02278913962,136.02278913962,136.022018231567,135.976,135.969065418811,135.961145019531,135.960222023173
1148.75,136.05286592,136.02506763901,136.023306908779,136.023306908779,136.022533650766,135.976,135.969103540165,135.961462402344,135.960542872833
1148.8,136.05281016,136.025580036674,136.023824677938,136.023824677938,136.023049069966,135.976,135.96914166152,135.961779785156,135.960863722493
1148.85,136.0527544,136.026092434337,136.024342447097,136.024342447097,136.023564489166,135.976,135.969179782874,135.962097167969,135.961184572153
1148.9,136.05269864,136.026604832001,136.024860216256,136.024860216256,136.024079908366,135.976,135.969217904228,135.962414550781,135.961505421813
1148.95,136.05264288,136.027117229665,136.025377985415,136.025377985415,136.024595327566,135.976,135.969256025582,135.962731933594,135.961826271473
1149,136.05258712,136.027629627328,136.025895754573,136.025895754573,136.025110746765,135.976,135.969294146937,135.963049316406,135.962147121133
1149.05,136.05253136,136.028142024992,136.026413523732,136.026413523732,136.025626165965,135.976,135.969332268291,135.963366699219,135.962467970794
1149.1,136.0524756,136.028654422655,136.026931292891,136.026931292891,136.026141585165,135.976,135.969370389645,135.963684082031,135.962788820454
1149.15,136.05241984,136.029166820319,136.02744906205,136.02744906205,136.026657004365,135.976,135.969408511,135.964001464844,135.963109670114
1149.2,136.05236408,136.029679217983,136.027966831209,136.027966831209,136.027172423564,135.976,135.969446632354,135.964318847656,135.963430519774
1149.25,136.05230832,136.030191615646,136.028484600368,136.028484600368,136.027687842764,135.976,135.969484753708,135.964636230469,135.963751369434
1149.3,136.05225256,136.03070401331,136.029002369527,136.029002369527,136.028203261964,135.976,135.969522875063,135.964953613281,135.964072219094
1149.35,136.0521968,136.031216410974,136.029520138686,136.029520138686,136.028718681164,135.976,135.969560996417,135.965270996094,135.964393068754
1149.4,136.05214104,136.031728808637,136.030037907844,136.030037907844,136.029234100363,135.976,135.969599117771,135.965588378906,135.964713918414
1149.45,136.05208664,136.032241206301,136.030555677003,136.030555677003,136.029749519563,135.976,135.969637239126,135.965905761719,135.965034768074
1149.5,136.05203088,136.032753603964,136.031073446162,136.031073446162,136.030264938763,135.976,135.96967536048,135.966223144531,135.965355617734
1149.55,136.05197512,136.033266001628,136.031591215321,136.031591215321,136.030780357963,135.976,135.969713481834,135.966540527344,135.965676467394
1149.6,136.05191936,136.033778399292,136.03210898448,136.03210898448,136.031295777163,135.976,135.969751603189,135.966857910156,135.965997317054
1149.65,136.0518636,136.034290796955,136.032626753639,136.032626753639,136.031811196362,135.976,135.969789724543,135.967175292969,135.966318166714
1149.7,136.05180784,136.034803194619,136.033144522798,136.033144522798,136.032326615562,135.976,135.969827845897,135.967492675781,135.966639016374
1149.75,136.05175208,136.035315592282,136.033662291957,136.033662291957,136.032842034762,135.976,135.969865967252,135.967810058594,135.966959866035
1149.8,136.05169632,136.035827989946,136.034180061115,136.034180061115,136.033357453962,135.976,135.969904088606,135.968127441406,135.967280715695
1149.85,136.05164056,136.03634038761,136.034697830274,136.034697830274,136.033872873161,135.976,135.96994220996,135.968444824219,135.967601565355
1149.9,136.0515848,136.036852785273,136.035215599433,136.035215599433,136.034388292361,135.976,135.969980331314,135.968762207031,135.967922415015
1149.95,136.05152904,136.037365182937,136.035733368592,136.035733368592,136.034903711561,135.976,135.970018452669,135.969079589844,135.968243264675
1150,136.05147328,136.0377525806,136.036126137751,136.036126137751,136.035294130761,135.976,135.970056574023,135.969396972656,135.968564114335
1150.05,136.05141752,136.03800734074,136.036408775176,136.036408775176,136.035576108657,135.976,135.970100433974,135.969714355469,135.968887145011
1150.1,136.05136176,136.03826210088,136.036691412602,136.036691412602,136.035858086553,135.976,135.970144293926,135.970031738281,135.969210175687
1150.15,136.051306,136.03851686102,136.036974050027,136.036974050027,136.036140064449,135.976,135.970188153877,135.970349121094,135.969533206363
1150.2,136.05125024,136.03877162116,136.037256687453,136.037256687453,136.036422042345,135.976,135.970232013829,135.970666503906,135.969856237039
1150.25,136.05119448,136.0390263813,136.037539324878,136.037539324878,136.036704020241,135.976,135.97027587378,135.970983886719,135.970179267715
1150.3,136.05113872,136.039281141439,136.037821962304,136.037821962304,136.036985998137,135.976,135.970319733731,135.971301269531,135.970502298391
1150.35,136.05108296,136.039535901579,136.038104599729,136.038104599729,136.037267976034,135.976,135.970363593683,135.971618652344,135.970825329068
1150.4,136.0510272,136.039790661719,136.038387237154,136.038387237154,136.03754995393,135.976,135.970407453634,135.971936035156,135.971148359744
1150.45,136.0509728,136.040045421859,136.03866987458,136.03866987458,136.037831931826,135.976,135.970451313586,135.972253417969,135.97147139042
1150.5,136.05091704,136.040300181999,136.038952512005,136.038952512005,136.038113909722,135.976,135.970495173537,135.972570800781,135.971794421096
1150.55,136.05086128,136.040554942139,136.039235149431,136.039235149431,136.038395887618,135.976,135.970539033488,135.972888183594,135.972117451772
1150.6,136.05080552,136.040809702278,136.039517786856,136.039517786856,136.038677865514,135.976,135.97058289344,135.973205566406,135.972440482448
1150.65,136.05074976,136.041064462418,136.039800424282,136.039800424282,136.03895984341,135.976,135.970626753391,135.973522949219,135.972763513124
1150.7,136.050694,136.041319222558,136.040083061707,136.040083061707,136.039241821306,135.976,135.970670613342,135.973840332031,135.9730865438
1150.75,136.05063824,136.041573982698,136.040365699132,136.040365699132,136.039523799203,135.976,135.970714473294,135.974157714844,135.973409574476
1150.8,136.05058248,136.041828742838,136.040648336558,136.040648336558,136.039805777099,135.976,135.970758333245,135.974475097656,135.973732605153
1150.85,136.05052672,136.042083502978,136.040930973983,136.040930973983,136.040087754995,135.976,135.970802193197,135.974792480469,135.974055635829
1150.9,136.05047096,136.042338263118,136.041213611409,136.041213611409,136.040369732891,135.976,135.970846053148,135.975109863281,135.974378666505
1150.95,136.0504152,136.042593023257,136.041496248834,136.041496248834,136.040651710787,135.976,135.970889913099,135.975427246094,135.974701697181
1151,136.05035944,136.042847783397,136.04177888626,136.04177888626,136.040933688683,135.978725,135.973658773051,135.975744628906,135.975024727857
1151.05,136.05030368,136.043102543537,136.042061523685,136.042061523685,136.041215666579,135.984175,135.979152633002,135.976062011719,135.975347758533
1151.1,136.05024792,136.043357303677,136.04234416111,136.04234416111,136.041497644475,135.989625,135.984646492954,135.976379394531,135.975670789209
1151.15,136.05019216,136.043612063817,136.042626798536,136.042626798536,136.041779622372,135.995075,135.990140352905,135.976696777344,135.975993819885
1151.2,136.0501364,136.043866823957,136.042909435961,136.042909435961,136.042061600268,136.000525,135.995634212856,135.977014160156,135.976316850561
1151.25,136.05008064,136.044121584096,136.043192073387,136.043192073387,136.042343578164,136.005975,136.001128072808,135.977331542969,135.976639881238
1151.3,136.05002488,136.044376344236,136.043474710812,136.043474710812,136.04262555606,136.011425,136.006621932759,135.977648925781,135.976962911914
1151.35,136.04996912,136.044631104376,136.043757348238,136.043757348238,136.042907533956,136.016875,136.01211579271,135.977966308594,135.97728594259
1151.4,136.04991336,136.044885864516,136.044039985663,136.044039985663,136.043189511852,136.022325,136.017609652662,135.978283691406,135.977608973266
1151.45,136.0498576,136.045140624656,136.044322623088,136.044322623088,136.043471489748,136.027775,136.023103512613,135.978601074219,135.977932003942
1151.5,136.0498032,136.045395384796,136.044605260514,136.044605260514,136.043753467645,136.033225,136.028597372565,135.978918457031,135.978255034618
1151.55,136.04974744,136.045650144936,136.044887897939,136.044887897939,136.044035445541,136.038675,136.034091232516,135.979235839844,135.978578065294
1151.6,136.04969168,136.045904905075,136.045170535365,136.045170535365,136.044317423437,136.044125,136.039585092467,135.979553222656,135.97890109597
1151.65,136.04963592,136.046159665215,136.04545317279,136.04545317279,136.044599401333,136.049575,136.045078952419,135.979870605469,135.979224126646
1151.7,136.04958016,136.046414425355,136.045735810216,136.045735810216,136.044881379229,136.055025,136.05057281237,135.980187988281,135.979547157322
1151.75,136.0495244,136.046669185495,136.046018447641,136.046018447641,136.045163357125,136.060475,136.056066672322,135.980505371094,135.979870187999
1151.8,136.04946864,136.046923945635,136.046301085066,136.046301085066,136.045445335021,136.065925,136.061560532273,135.980822753906,135.980193218675
1151.85,136.04941288,136.047178705775,136.046583722492,136.046583722492,136.045727312917,136.071375,136.067054392224,135.981140136719,135.980516249351
1151.9,136.04935712,136.047433465914,136.046866359917,136.046866359917,136.046009290814,136.076825,136.072548252176,135.981457519531,135.980839280027
1151.95,136.04930136,136.047688226054,136.047148997343,136.047148997343,136.04629126871,136.082275,136.078042112127,135.981774902344,135.981162310703
1152,136.0492456,136.047942986194,136.047431634768,136.047431634768,136.046573246606,136.085,136.080810972078,135.982092285156,135.981485341379
1152.05,136.04918984,136.048197746334,136.047714272194,136.047714272194,136.046855224502,136.085,136.08085483203,135.982409667969,135.981808372055
1152.1,136.04913408,136.048452506474,136.047996909619,136.047996909619,136.047137202398,136.085,136.080898691981,135.982727050781,135.982131402731
1152.15,136.04907832,136.048707266614,136.048279547044,136.048279547044,136.047419180294,136.085,136.080942551933,135.983044433594,135.982454433407
1152.2,136.04902256,136.048962026753,136.04856218447,136.04856218447,136.04770115819,136.085,136.080986411884,135.983361816406,135.982777464084
1152.25,136.0489668,136.049216786893,136.048844821895,136.048844821895,136.047983136086,136.085,136.081030271835,135.983679199219,135.98310049476
1152.3,136.04891104,136.049471547033,136.049127459321,136.049127459321,136.048265113983,136.085,136.081074131787,135.983996582031,135.983423525436
1152.35,136.04885528,136.049726307173,136.049410096746,136.049410096746,136.048547091879,136.085,136.081117991738,135.984313964844,135.983746556112
1152.4,136.04879952,136.049981067313,136.049692734172,136.049692734172,136.048829069775,136.085,136.08116185169,135.984631347656,135.984069586788
1152.45,136.04874376,136.050235827453,136.049975371597,136.049975371597,136.049111047671,136.085,136.081205711641,135.984948730469,135.984392617464
1152.5,136.048688,136.050490587592,136.050258009022,136.050258009022,136.049393025567,136.085,136.081249571592,135.985266113281,135.98471564814
1152.55,136.0486336,136.050745347732,136.050540646448,136.050540646448,136.049675003463,136.085,136.081293431544,135.985583496094,135.985038678816
1152.6,136.04857784,136.051000107872,136.050823283873,136.050823283873,136.049956981359,136.085,136.081337291495,135.985900878906,135.985361709492
1152.65,136.04852208,136.051254868012,136.051105921299,136.051105921299,136.050238959255,136.085,136.081381151447,135.986218261719,135.985684740168
1152.7,136.04846632,136.051509628152,136.051388558724,136.051388558724,136.050520937152,136.085,136.081425011398,135.986535644531,135.986007770845
1152.75,136.04841056,136.051764388292,136.05167119615,136.05167119615,136.050802915048,136.085,136.081468871349,135.986853027344,135.986330801521
1152.8,136.0483548,136.052019148432,136.051953833575,136.051953833575,136.051084892944,136.085,136.081512731301,135.987170410156,135.986653832197
1152.85,136.04829904,136.052273908571,136.052236471,136.052236471,136.05136687084,136.085,136.081556591252,135.987487792969,135.986976862873
1152.9,136.04824328,136.052528668711,136.052519108426,136.052519108426,136.051648848736,136.085,136.081600451203,135.987805175781,135.987299893549
1152.95,136.04818752,136.052783428851,136.052801745851,136.052801745851,136.051930826632,136.085,136.081644311155,135.988122558594,135.987622924225
1153,136.04813176,136.053038188991,136.053084383277,136.053084383277,136.052212804528,136.085,136.081688171106,135.988525390625,135.98803140412
1153.05,136.048076,136.053292949131,136.053367020702,136.053367020702,136.052494782424,136.085,136.081732031058,135.989013671875,135.988525333234
1153.1,136.04802024,136.053547709271,136.053649658128,136.053649658128,136.052776760321,136.085,136.081775891009,135.989501953125,135.989019262347
1153.15,136.04796448,136.05380246941,136.053932295553,136.053932295553,136.053058738217,136.085,136.08181975096,135.989990234375,135.989513191461
1153.2,136.04790872,136.05405722955,136.054214932978,136.054214932978,136.053340716113,136.085,136.081863610912,135.990478515625,135.990007120574
1153.25,136.04785296,136.05431198969,136.054497570404,136.054497570404,136.053622694009,136.085,136.081907470863,135.990966796875,135.990501049688
1153.3,136.0477972,136.05456674983,136.054780207829,136.054780207829,136.053904671905,136.085,136.081951330815,135.991455078125,135.990994978802
1153.35,136.04774144,136.05482150997,136.055062845255,136.055062845255,136.054186649801,136.085,136.081995190766,135.991943359375,135.991488907915
1153.4,136.04768568,136.05507627011,136.05534548268,136.05534548268,136.054468627697,136.085,136.082039050717,135.992431640625,135.991982837029
1153.45,136.04762992,136.05533103025,136.055628120105,136.055628120105,136.054750605593,136.085,136.082082910669,135.992919921875,135.992476766142
1153.5,136.04757416,136.055585790389,136.055910757531,136.055910757531,136.05503258349,136.085,136.08212677062,135.993408203125,135.992970695256
1153.55,136.04751976,136.055840550529,136.056193394956,136.056193394956,136.055314561386,136.085,136.082170630571,135.993896484375,135.99346462437
1153.6,136.047464,136.056095310669,136.056476032382,136.056476032382,136.055596539282,136.085,136.082214490523,135.994384765625,135.993958553483
1153.65,136.04740824,136.056350070809,136.056758669807,136.056758669807,136.055878517178,136.085,136.082258350474,135.994873046875,135.994452482597
1153.7,136.04735248,136.056604830949,136.057041307233,136.057041307233,136.056160495074,136.085,136.082302210426,135.995361328125,135.99494641171
1153.75,136.04729672,136.056859591089,136.057323944658,136.057323944658,136.05644247297,136.085,136.082346070377,135.995849609375,135.995440340824
1153.8,136.04724096,136.057114351228,136.057606582084,136.057606582084,136.056724450866,136.085,136.082389930328,135.996337890625,135.995934269938
1153.85,136.0471852,136.057369111368,136.057889219509,136.057889219509,136.057006428762,136.085,136.08243379028,135.996826171875,135.996428199051
1153.9,136.04712944,136.057623871508,136.058171856934,136.058171856934,136.057288406659,136.085,136.082477650231,135.997314453125,135.996922128165
1153.95,136.04707368,136.057878631648,136.05845449436,136.05845449436,136.057570384555,136.085,136.082521510183,135.997802734375,135.997416057279
1154,136.04701792,136.058008391788,136.058612131785,136.058612131785,136.057727362451,136.0848,136.082365370134,135.998291015625,135.997909986392
1154.05,136.04696216,136.058013151928,136.058644769211,136.058644769211,136.057759340347,136.0844,136.082009230085,135.998779296875,135.998403915506
1154.1,136.0469064,136.058017912067,136.058677406636,136.058677406636,136.057791318243,136.084,136.081653090037,135.999267578125,135.998897844619
1154.15,136.04685064,136.058022672207,136.058710044061,136.058710044061,136.057823296139,136.0836,136.081296949988,135.999755859375,135.999391773733
1154.2,136.04679488,136.058027432347,136.058742681487,136.058742681487,136.057855274035,136.0832,136.080940809939,136.000244140625,135.999885702847
1154.25,136.04673912,136.058032192487,136.058775318912,136.058775318912,136.057887251931,136.0828,136.080584669891,136.000732421875,136.00037963196
1154.3,136.04668336,136.058036952627,136.058807956338,136.058807956338,136.057919229828,136.0824,136.080228529842,136.001220703125,136.000873561074
1154.35,136.0466276,136.058041712767,136.058840593763,136.058840593763,136.057951207724,136.082,136.079872389794,136.001708984375,136.001367490187
1154.4,136.04657184,136.058046472906,136.058873231189,136.058873231189,136.05798318562,136.0816,136.079516249745,136.002197265625,136.001861419301
1154.45,136.04651608,136.058051233046,136.058905868614,136.058905868614,136.058015163516,136.0812,136.079160109696,136.002685546875,136.002355348415
1154.5,136.04646032,136.058055993186,136.058938506039,136.058938506039,136.058047141412,136.0808,136.078803969648,136.003173828125,136.002849277528
1154.55,136.04640456,136.058060753326,136.058971143465,136.058971143465,136.058079119308,136.0804,136.078447829599,136.003662109375,136.003343206642
1154.6,136.04635016,136.058065513466,136.05900378089,136.05900378089,136.058111097204,136.08,136.078091689551,136.004150390625,136.003837135755
1154.65,136.0462944,136.058070273606,136.059036418316,136.059036418316,136.058143075101,136.0796,136.077735549502,136.004638671875,136.004331064869
1154.7,136.04623864,136.058075033746,136.059069055741,136.059069055741,136.058175052997,136.0792,136.077379409453,136.005126953125,136.004824993983
1154.75,136.04618288,136.058079793885,136.059101693167,136.059101693167,136.058207030893,136.0788,136.077023269405,136.005615234375,136.005318923096
1154.8,136.04612712,136.058084554025,136.059134330592,136.059134330592,136.058239008789,136.0784,136.076667129356,136.006103515625,136.00581285221
1154.85,136.04607136,136.058089314165,136.059166968017,136.059166968017,136.058270986685,136.078,136.076310989307,136.006591796875,136.006306781323
1154.9,136.0460156,136.058094074305,136.059199605443,136.059199605443,136.058302964581,136.0776,136.075954849259,136.007080078125,136.006800710437
1154.95,136.04595984,136.058098834445,136.059232242868,136.059232242868,136.058334942477,136.0772,136.07559870921,136.007568359375,136.007294639551
1155,136.04590408,136.058103594585,136.059264880294,136.059264880294,136.058366920373,136.0769,136.075342569162,136.008056640625,136.007788568664
1155.05,136.04584832,136.058108354724,136.059297517719,136.059297517719,136.05839889827,136.0767,136.075186429113,136.008544921875,136.008282497778
1155.1,136.04579256,136.058113114864,136.059330155145,136.059330155145,136.058430876166,136.0765,136.075030289064,136.009033203125,136.008776426891
1155.15,136.0457368,136.058117875004,136.05936279257,136.05936279257,136.058462854062,136.0763,136.074874149016,136.009521484375,136.009270356005
1155.2,136.04568104,136.058122635144,136.059395429995,136.059395429995,136.058494831958,136.0761,136.074718008967,136.010009765625,136.009764285119
1155.25,136.04562528,136.058127395284,136.059428067421,136.059428067421,136.058526809854,136.0759,136.074561868919,136.010498046875,136.010258214232
1155.3,136.04556952,136.058132155424,136.059460704846,136.059460704846,136.05855878775,136.0757,136.07440572887,136.010986328125,136.010752143346
1155.35,136.04551376,136.058136915563,136.059493342272,136.059493342272,136.058590765646,136.0755,136.074249588821,136.011474609375,136.01124607246
1155.4,136.045458,136.058141675703,136.059525979697,136.059525979697,136.058622743542,136.0753,136.074093448773,136.011962890625,136.011740001573
1155.45,136.04540224,136.058146435843,136.059558617123,136.059558617123,136.058654721439,136.0751,136.073937308724,136.012451171875,136.012233930687
1155.5,136.04534648,136.058151195983,136.059591254548,136.059591254548,136.058686699335,136.0749,136.073781168675,136.012939453125,136.0127278598
1155.55,136.04531792,136.058155956123,136.059623891973,136.059623891973,136.058718677231,136.0747,136.073625028627,136.013427734375,136.013221788914
1155.6,136.04531792,136.058160716263,136.059656529399,136.059656529399,136.058750655127,136.0745,136.073468888578,136.013916015625,136.013715718028
1155.65,136.04531792,136.058165476403,136.059689166824,136.059689166824,136.058782633023,136.0743,136.07331274853,136.014404296875,136.014209647141
1155.7,136.04531792,136.058170236542,136.05972180425,136.05972180425,136.058814610919,136.0741,136.073156608481,136.014892578125,136.014703576255
1155.75,136.04531792,136.058174996682,136.059754441675,136.059754441675,136.058846588815,136.0739,136.073000468432,136.015380859375,136.015197505368
1155.8,136.04531792,136.058179756822,136.059787079101,136.059787079101,136.058878566711,136.0737,136.072844328384,136.015869140625,136.015691434482
1155.85,136.04531792,136.058184516962,136.059819716526,136.059819716526,136.058910544608,136.0735,136.072688188335,136.016357421875,136.016185363596
1155.9,136.04531792,136.058189277102,136.059852353951,136.059852353951,136.058942522504,136.0733,136.072532048287,136.016845703125,136.016679292709
1155.95,136.04531792,136.058194037242,136.059884991377,136.059884991377,136.0589745004,136.0731,136.072375908238,136.017333984375,136.017173221823
1156,136.04531792,136.058198797381,136.059917628802,136.059917628802,136.059006478296,136.0728,136.072119768189,136.017822265625,136.017667150936
1156.05,136.04531792,136.058203557521,136.059950266228,136.059950266228,136.059038456192,136.0724,136.071763628141,136.018310546875,136.01816108005
1156.1,136.04531792,136.058208317661,136.059982903653,136.059982903653,136.059070434088,136.072,136.071407488092,136.018798828125,136.018655009164
1156.15,136.04531792,136.058213077801,136.060015541079,136.060015541079,136.059102411984,136.0716,136.071051348043,136.019287109375,136.019148938277
1156.2,136.04531792,136.058217837941,136.060048178504,136.060048178504,136.05913438988,136.0712,136.070695207995,136.019775390625,136.019642867391
1156.25,136.04531792,136.058222598081,136.060080815929,136.060080815929,136.059166367777,136.0708,136.070339067946,136.020263671875,136.020136796504
1156.3,136.04531792,136.058227358221,136.060113453355,136.060113453355,136.059198345673,136.0704,136.069982927898,136.020751953125,136.020630725618
1156.35,136.04531792,136.05823211836,136.06014609078,136.06014609078,136.059230323569,136.07,136.069626787849,136.021240234375,136.021124654732
1156.4,136.04531792,136.0582368785,136.060178728206,136.060178728206,136.059262301465,136.0696,136.0692706478,136.021728515625,136.021618583845
1156.45,136.04531792,136.05824163864,136.060211365631,136.060211365631,136.059294279361,136.0692,136.068914507752,136.022216796875,136.022112512959
1156.5,136.04531792,136.05824639878,136.060244003057,136.060244003057,136.059326257257,136.0688,136.068558367703,136.022705078125,136.022606442072
1156.55,136.04531792,136.05825115892,136.060276640482,136.060276640482,136.059358235153,136.0684,136.068202227655,136.023193359375,136.023100371186
1156.6,136.04531792,136.05825591906,136.060309277907,136.060309277907,136.059390213049,136.068,136.067846087606,136.023681640625,136.0235943003
1156.65,136.04531792,136.058260679199,136.060341915333,136.060341915333,136.059422190946,136.0676,136.067489947557,136.024169921875,136.024088229413
1156.7,136.04531792,136.058265439339,136.060374552758,136.060374552758,136.059454168842,136.0672,136.067133807509,136.024658203125,136.024582158527
1156.75,136.04531792,136.058270199479,136.060407190184,136.060407190184,136.059486146738,136.0668,136.06677766746,136.025146484375,136.025076087641
1156.8,136.04531792,136.058274959619,136.060439827609,136.060439827609,136.059518124634,136.0664,136.066421527411,136.025634765625,136.025570016754
1156.85,136.04531792,136.058279719759,136.060472465035,136.060472465035,136.05955010253,136.066,136.066065387363,136.026123046875,136.026063945868
1156.9,136.04531792,136.058284479899,136.06050510246,136.06050510246,136.059582080426,136.0656,136.065709247314,136.026611328125,136.026557874981
1156.95,136.04531792,136.058289240038,136.060537739885,136.060537739885,136.059614058322,136.0652,136.065353107266,136.027099609375,136.027051804095
1157,136.04531792,136.058294000178,136.060570377311,136.060570377311,136.059646036218,136.064575,136.064771967217,136.027587890625,136.027545733209
1157.05,136.04531792,136.058298760318,136.060603014736,136.060603014736,136.059678014115,136.063725,136.063965827168,136.028076171875,136.028039662322
1157.1,136.04531792,136.058303520458,136.060635652162,136.060635652162,136.059709992011,136.062875,136.06315968712,136.028564453125,136.028533591436
1157.15,136.04531792,136.058308280598,136.060668289587,136.060668289587,136.059741969907,136.062025,136.062353547071,136.029052734375,136.029027520549
1157.2,136.04531792,136.058313040738,136.060700927013,136.060700927013,136.059773947803,136.061175,136.061547407023,136.029541015625,136.029521449663
1157.25,136.04531792,136.058317800877,136.060733564438,136.060733564438,136.059805925699,136.060325,136.060741266974,136.030029296875,136.030015378777
1157.3,136.04531792,136.058322561017,136.060766201863,136.060766201863,136.059837903595,136.059475,136.059935126925,136.030517578125,136.03050930789
1157.35,136.04531792,136.058327321157,136.060798839289,136.060798839289,136.059869881491,136.058625,136.059128986877,136.031005859375,136.031003237004
1157.4,136.04531792,136.058332081297,136.060831476714,136.060831476714,136.059901859387,136.057775,136.058322846828,136.031494140625,136.031497166117
1157.45,136.04531792,136.058336841437,136.06086411414,136.06086411414,136.059933837284,136.056925,136.057516706779,136.031982421875,136.031991095231
1157.5,136.04531792,136.058341601577,136.060896751565,136.060896751565,136.05996581518,136.056075,136.056710566731,136.032470703125,136.032485024345
1157.55,136.04531792,136.058346361717,136.060929388991,136.060929388991,136.059997793076,136.055225,136.055904426682,136.032958984375,136.032978953458
1157.6,136.04531792,136.058351121856,136.060962026416,136.060962026416,136.060029770972,136.054375,136.055098286634,136.033447265625,136.033472882572
1157.65,136.04531792,136.058355881996,136.060994663841,136.060994663841,136.060061748868,136.053525,136.054292146585,136.033935546875,136.033966811685
1157.7,136.04531792,136.058360642136,136.061027301267,136.061027301267,136.060093726764,136.052675,136.053486006536,136.034423828125,136.034460740799
1157.75,136.04531792,136.058365402276,136.061059938692,136.061059938692,136.06012570466,136.051825,136.052679866488,136.034912109375,136.034954669913
1157.8,136.04531792,136.058370162416,136.061092576118,136.061092576118,136.060157682556,136.050975,136.051873726439,136.035400390625,136.035448599026
1157.85,136.04531792,136.058374922556,136.061125213543,136.061125213543,136.060189660453,136.050125,136.051067586391,136.035888671875,136.03594252814
1157.9,136.04531792,136.058379682695,136.061157850969,136.061157850969,136.060221638349,136.049275,136.050261446342,136.036376953125,136.036436457253
1157.95,136.04531792,136.058384442835,136.061190488394,136.061190488394,136.060253616245,136.048425,136.049455306293,136.036865234375,136.036930386367
1158,136.04531792,136.058389202975,136.061223125819,136.061223125819,136.060285594141,136.047625,136.048699166245,136.037353515625,136.037424315481
1158.05,136.04531792,136.058393963115,136.061255763245,136.061255763245,136.060317572037,136.046875,136.047993026196,136.037841796875,136.037918244594
1158.1,136.04531792,136.058398723255,136.06128840067,136.06128840067,136.060349549933,136.046125,136.047286886147,136.038330078125,136.038412173708
1158.15,136.04531792,136.058403483395,136.061321038096,136.061321038096,136.060381527829,136.045375,136.046580746099,136.038818359375,136.038906102821
1158.2,136.04531792,136.058408243535,136.061353675521,136.061353675521,136.060413505726,136.044625,136.04587460605,136.039306640625,136.039400031935
1158.25,136.04531792,136.058413003674,136.061386312947,136.061386312947,136.060445483622,136.043875,136.045168466002,136.039794921875,136.039893961049
1158.3,136.04531792,136.058417763814,136.061418950372,136.061418950372,136.060477461518,136.043125,136.044462325953,136.040283203125,136.040387890162
1158.35,136.04531792,136.058422523954,136.061451587797,136.061451587797,136.060509439414,136.042375,136.043756185904,136.040771484375,136.040881819276
1158.4,136.04531792,136.058427284094,136.061484225223,136.061484225223,136.06054141731,136.041625,136.043050045856,136.041259765625,136.04137574839
1158.45,136.04531792,136.058432044234,136.061516862648,136.061516862648,136.060573395206,136.040875,136.042343905807,136.041748046875,136.041869677503
1158.5,136.04531792,136.058436804374,136.061549500074,136.061549500074,136.060605373102,136.040125,136.041637765759,136.042236328125,136.042363606617
1158.55,136.04531792,136.058441564513,136.061582137499,136.061582137499,136.060637350998,136.039375,136.04093162571,136.042724609375,136.04285753573
1158.6,136.04531792,136.058446324653,136.061614774925,136.061614774925,136.060669328895,136.038625,136.040225485661,136.043212890625,136.043351464844
1158.65,136.04531792,136.058451084793,136.06164741235,136.06164741235,136.060701306791,136.037875,136.039519345613,136.043701171875,136.043845393958
1158.7,136.04531792,136.058455844933,136.061680049775,136.061680049775,136.060733284687,136.037125,136.038813205564,136.044189453125,136.044339323071
1158.75,136.04531792,136.058460605073,136.061712687201,136.061712687201,136.060765262583,136.036375,136.038107065515,136.044677734375,136.044833252185
1158.8,136.04531792,136.058465365213,136.061745324626,136.061745324626,136.060797240479,136.035625,136.037400925467,136.045166015625,136.045327181298
1158.85,136.04531792,136.058470125352,136.061777962052,136.061777962052,136.060829218375,136.034875,136.036694785418,136.045654296875,136.045821110412
1158.9,136.04531792,136.058474885492,136.061810599477,136.061810599477,136.060861196271,136.034125,136.03598864537,136.046142578125,136.046315039526
1158.95,136.04531792,136.058479645632,136.061843236903,136.061843236903,136.060893174167,136.033375,136.035282505321,136.046630859375,136.046808968639
1159,136.04531792,136.058484405772,136.061875874328,136.061875874328,136.060925152064,136.0326,136.034551365272,136.047119140625,136.047302897753
1159.05,136.04531792,136.058489165912,136.061908511753,136.061908511753,136.06095712996,136.0318,136.033795225224,136.047607421875,136.047796826866
1159.1,136.04531792,136.058493926052,136.061941149179,136.061941149179,136.060989107856,136.031,136.033039085175,136.048095703125,136.04829075598
1159.15,136.04531792,136.058498686192,136.061973786604,136.061973786604,136.061021085752,136.0302,136.032282945127,136.048583984375,136.048784685094
1159.2,136.04531792,136.058503446331,136.06200642403,136.06200642403,136.061053063648,136.0294,136.031526805078,136.049072265625,136.049278614207
1159.25,136.04531792,136.058508206471,136.062039061455,136.062039061455,136.061085041544,136.0286,136.030770665029,136.049560546875,136.049772543321
1159.3,136.04531792,136.058512966611,136.062071698881,136.062071698881,136.06111701944,136.0278,136.030014524981,136.050048828125,136.050266472434
1159.35,136.04531792,136.058517726751,136.062104336306,136.062104336306,136.061148997336,136.027,136.029258384932,136.050537109375,136.050760401548
1159.4,136.04531792,136.058522486891,136.062136973731,136.062136973731,136.061180975233,136.0262,136.028502244883,136.051025390625,136.051254330662
1159.45,136.04531792,136.058527247031,136.062169611157,136.062169611157,136.061212953129,136.0254,136.027746104835,136.051513671875,136.051748259775
1159.5,136.04531792,136.05853200717,136.062202248582,136.062202248582,136.061244931025,136.0246,136.026989964786,136.052001953125,136.052242188889
1159.55,136.04531792,136.05853676731,136.062234886008,136.062234886008,136.061276908921,136.0238,136.026233824738,136.052490234375,136.052736118002
1159.6,136.04531792,136.05854152745,136.062267523433,136.062267523433,136.061308886817,136.023,136.025477684689,136.052978515625,136.053230047116
1159.65,136.04531792,136.05854628759,136.062300160859,136.062300160859,136.061340864713,136.0222,136.02472154464,136.053466796875,136.05372397623
1159.7,136.04531792,136.05855104773,136.062332798284,136.062332798284,136.061372842609,136.0214,136.023965404592,136.053955078125,136.054217905343
1159.75,136.04531792,136.05855580787,136.062365435709,136.062365435709,136.061404820505,136.0206,136.023209264543,136.054443359375,136.054711834457
1159.8,136.04531792,136.058560568009,136.062398073135,136.062398073135,136.061436798402,136.0198,136.022453124495,136.054931640625,136.055205763571
1159.85,136.04531792,136.058565328149,136.06243071056,136.06243071056,136.061468776298,136.019,136.021696984446,136.055419921875,136.055699692684
1159.9,136.04531792,136.058570088289,136.062463347986,136.062463347986,136.061500754194,136.0182,136.020940844397,136.055908203125,136.056193621798
1159.95,136.04531792,136.058574848429,136.062495985411,136.062495985411,136.06153273209,136.0174,136.020184704349,136.056396484375,136.056687550911
1160,136.04531792,136.058579608569,136.062528622837,136.062528622837,136.061564709986,136.017,136.0198285643,136.056884765625,136.057181480025
1160.05,136.04531792,136.058578388604,136.062564146969,136.062564146969,136.06160482565,136.017,136.019859461612,136.057373046875,136.057669966901
1160.1,136.04531792,136.05857716864,136.062599671102,136.062599671102,136.061644941313,136.017,136.019890358924,136.057861328125,136.058158453776
1160.15,136.04531792,136.058575948676,136.062635195235,136.062635195235,136.061685056977,136.017,136.019921256236,136.058349609375,136.058646940652
1160.2,136.04531792,136.058574728711,136.062670719367,136.062670719367,136.06172517264,136.017,136.019952153547,136.058837890625,136.059135427527
1160.25,136.04531792,136.058573508747,136.0627062435,136.0627062435,136.061765288304,136.017,136.019983050859,136.059326171875,136.059623914403
1160.3,136.04531792,136.058572288783,136.062741767633,136.062741767633,136.061805403968,136.017,136.020013948171,136.059814453125,136.060112401279
1160.35,136.04531792,136.058571068818,136.062777291766,136.062777291766,136.061845519631,136.017,136.020044845483,136.060302734375,136.060600888154
1160.4,136.04531792,136.058569848854,136.062812815898,136.062812815898,136.061885635295,136.017,136.020075742795,136.060791015625,136.06108937503
1160.45,136.04531792,136.05856862889,136.062848340031,136.062848340031,136.061925750958,136.017,136.020106640107,136.061279296875,136.061577861905
1160.5,136.04531792,136.058567408925,136.062883864164,136.062883864164,136.061965866622,136.017,136.020137537419,136.061767578125,136.062066348781
1160.55,136.04531792,136.058566188961,136.062919388296,136.062919388296,136.062005982286,136.017,136.02016843473,136.062255859375,136.062554835657
1160.6,136.04531792,136.058564968996,136.062954912429,136.062954912429,136.062046097949,136.017,136.020199332042,136.062744140625,136.063043322532
1160.65,136.04531792,136.058563749032,136.062990436562,136.062990436562,136.062086213613,136.017,136.020230229354,136.063232421875,136.063531809408
1160.7,136.04531792,136.058562529068,136.063025960695,136.063025960695,136.062126329276,136.017,136.020261126666,136.063720703125,136.064020296283
1160.75,136.04531792,136.058561309103,136.063061484827,136.063061484827,136.06216644494,136.017,136.020292023978,136.064208984375,136.064508783159
1160.8,136.04531792,136.058560089139,136.06309700896,136.06309700896,136.062206560603,136.017,136.02032292129,136.064697265625,136.064997270035
1160.85,136.04531792,136.058558869175,136.063132533093,136.063132533093,136.062246676267,136.017,136.020353818601,136.065185546875,136.06548575691
1160.9,136.04531792,136.05855764921,136.063168057226,136.063168057226,136.062286791931,136.017,136.020384715913,136.065673828125,136.065974243786
1160.95,136.04531792,136.058556429246,136.063203581358,136.063203581358,136.062326907594,136.017,136.020415613225,136.066162109375,136.066462730661
1161,136.04531792,136.058555209281,136.063239105491,136.063239105491,136.062367023258,136.017,136.020446510537,136.066357421875,136.066658248787
1161.05,136.04531792,136.058553989317,136.063274629624,136.063274629624,136.062407138921,136.017,136.020477407849,136.066259765625,136.066560798163
1161.1,136.04531792,136.058552769353,136.063310153756,136.063310153756,136.062447254585,136.017,136.020508305161,136.066162109375,136.066463347538
1161.15,136.04531792,136.058551549388,136.063345677889,136.063345677889,136.062487370249,136.017,136.020539202472,136.066064453125,136.066365896914
1161.2,136.04531792,136.058550329424,136.063381202022,136.063381202022,136.062527485912,136.017,136.020570099784,136.065966796875,136.066268446289
1161.25,136.04531792,136.05854910946,136.063416726155,136.063416726155,136.062567601576,136.017,136.020600997096,136.065869140625,136.066170995665
1161.3,136.04531792,136.058547889495,136.063452250287,136.063452250287,136.062607717239,136.017,136.020631894408,136.065771484375,136.066073545041
1161.35,136.04531792,136.058546669531,136.06348777442,136.06348777442,136.062647832903,136.017,136.02066279172,136.065673828125,136.065976094416
1161.4,136.04531792,136.058545449567,136.063523298553,136.063523298553,136.062687948567,136.017,136.020693689032,136.065576171875,136.065878643792
1161.45,136.04531792,136.058544229602,136.063558822686,136.063558822686,136.06272806423,136.017,136.020724586344,136.065478515625,136.065781193167
1161.5,136.04531792,136.058543009638,136.063594346818,136.063594346818,136.062768179894,136.017,136.020755483655,136.065380859375,136.065683742543
1161.55,136.04531792,136.058541789673,136.063629870951,136.063629870951,136.062808295557,136.017,136.020786380967,136.065283203125,136.065586291919
1161.6,136.04531792,136.058540569709,136.063665395084,136.063665395084,136.062848411221,136.017,136.020817278279,136.065185546875,136.065488841294
1161.65,136.04531792,136.058539349745,136.063700919216,136.063700919216,136.062888526885,136.017,136.020848175591,136.065087890625,136.06539139067
1161.7,136.04531792,136.05853812978,136.063736443349,136.063736443349,136.062928642548,136.017,136.020879072903,136.064990234375,136.065293940045
1161.75,136.04531792,136.058536909816,136.063771967482,136.063771967482,136.062968758212,136.017,136.020909970215,136.064892578125,136.065196489421
1161.8,136.04531792,136.058535689852,136.063807491615,136.063807491615,136.063008873875,136.017,136.020940867526,136.064794921875,136.065099038797
1161.85,136.04531792,136.058534469887,136.063843015747,136.063843015747,136.063048989539,136.017,136.020971764838,136.064697265625,136.065001588172
1161.9,136.04531792,136.058533249923,136.06387853988,136.06387853988,136.063089105202,136.017,136.02100266215,136.064599609375,136.064904137548
1161.95,136.04531792,136.058532029959,136.063914064013,136.063914064013,136.063129220866,136.017,136.021033559462,136.064501953125,136.064806686923
1162,136.04531792,136.058530809994,136.063949588145,136.063949588145,136.06316933653,136.01595,136.020014456774,136.064404296875,136.064709236299
1162.05,136.04531792,136.05852959003,136.063985112278,136.063985112278,136.063209452193,136.01385,136.017945354086,136.064306640625,136.064611785675
1162.1,136.04531792,136.058528370065,136.064020636411,136.064020636411,136.063249567857,136.01175,136.015876251397,136.064208984375,136.06451433505
1162.15,136.04531792,136.058527150101,136.064056160544,136.064056160544,136.06328968352,136.00965,136.013807148709,136.064111328125,136.064416884426
1162.2,136.04531792,136.058525930137,136.064091684676,136.064091684676,136.063329799184,136.00755,136.011738046021,136.064013671875,136.064319433801
1162.25,136.04531792,136.058524710172,136.064127208809,136.064127208809,136.063369914848,136.00545,136.009668943333,136.063916015625,136.064221983177
1162.3,136.04531792,136.058523490208,136.064162732942,136.064162732942,136.063410030511,136.00335,136.007599840645,136.063818359375,136.064124532553
1162.35,136.04531792,136.058522270244,136.064198257075,136.064198257075,136.063450146175,136.00125,136.005530737957,136.063720703125,136.064027081928
1162.4,136.04531792,136.058521050279,136.064233781207,136.064233781207,136.063490261838,135.99915,136.003461635269,136.063623046875,136.063929631304
1162.45,136.04531792,136.058519830315,136.06426930534,136.06426930534,136.063530377502,135.99705,136.00139253258,136.063525390625,136.063832180679
1162.5,136.04531792,136.05851861035,136.064304829473,136.064304829473,136.063570493166,135.99495,135.999323429892,136.063427734375,136.063734730055
1162.55,136.04531792,136.058517390386,136.064340353605,136.064340353605,136.063610608829,135.99285,135.997254327204,136.063330078125,136.063637279431
1162.6,136.04531792,136.058516170422,136.064375877738,136.064375877738,136.063650724493,135.99075,135.995185224516,136.063232421875,136.063539828806
1162.65,136.04531792,136.058514950457,136.064411401871,136.064411401871,136.063690840156,135.98865,135.993116121828,136.063134765625,136.063442378182
1162.7,136.04531792,136.058513730493,136.064446926004,136.064446926004,136.06373095582,135.98655,135.99104701914,136.063037109375,136.063344927557
1162.75,136.04531792,136.058512510529,136.064482450136,136.064482450136,136.063771071483,135.98445,135.988977916451,136.062939453125,136.063247476933
1162.8,136.04531792,136.058511290564,136.064517974269,136.064517974269,136.063811187147,135.98235,135.986908813763,136.062841796875,136.063150026309
1162.85,136.04531792,136.0585100706,136.064553498402,136.064553498402,136.063851302811,135.98025,135.984839711075,136.062744140625,136.063052575684
1162.9,136.04531792,136.058508850636,136.064589022534,136.064589022534,136.063891418474,135.97815,135.982770608387,136.062646484375,136.06295512506
1162.95,136.04531792,136.058507630671,136.064624546667,136.064624546667,136.063931534138,135.97605,135.980701505699,136.062548828125,136.062857674435
1163,136.04531792,136.058506410707,136.0646600708,136.0646600708,136.063971649801,135.9758,135.980482403011,136.062451171875,136.062760223811
1163.05,136.04531792,136.058505190742,136.064695594933,136.064695594933,136.064011765465,135.9774,135.982113300322,136.062353515625,136.062662773187
1163.1,136.04531792,136.058503970778,136.064731119065,136.064731119065,136.064051881129,135.979,135.983744197634,136.062255859375,136.062565322562
1163.15,136.04531792,136.058502750814,136.064766643198,136.064766643198,136.064091996792,135.9806,135.985375094946,136.062158203125,136.062467871938
1163.2,136.04531792,136.058501530849,136.064802167331,136.064802167331,136.064132112456,135.9822,135.987005992258,136.062060546875,136.062370421313
1163.25,136.04531792,136.058500310885,136.064837691464,136.064837691464,136.064172228119,135.9838,135.98863688957,136.061962890625,136.062272970689
1163.3,136.04531792,136.058499090921,136.064873215596,136.064873215596,136.064212343783,135.9854,135.990267786882,136.061865234375,136.062175520065
1163.35,136.04531792,136.058497870956,136.064908739729,136.064908739729,136.064252459447,135.987,135.991898684194,136.061767578125,136.06207806944
1163.4,136.04531792,136.058496650992,136.064944263862,136.064944263862,136.06429257511,135.9886,135.993529581505,136.061669921875,136.061980618816
1163.45,136.04531792,136.058495431027,136.064979787994,136.064979787994,136.064332690774,135.9902,135.995160478817,136.061572265625,136.061883168191
1163.5,136.04531792,136.058494211063,136.065015312127,136.065015312127,136.064372806437,135.9918,135.996791376129,136.061474609375,136.061785717567
1163.55,136.04531792,136.058492991099,136.06505083626,136.06505083626,136.064412922101,135.9934,135.998422273441,136.061376953125,136.061688266943
1163.6,136.04531792,136.058491771134,136.065086360393,136.065086360393,136.064453037765,135.995,136.000053170753,136.061279296875,136.061590816318
1163.65,136.04531792,136.05849055117,136.065121884525,136.065121884525,136.064493153428,135.9966,136.001684068065,136.061181640625,136.061493365694
1163.7,136.04531792,136.058489331206,136.065157408658,136.065157408658,136.064533269092,135.9982,136.003314965376,136.061083984375,136.061395915069
1163.75,136.04531792,136.058488111241,136.065192932791,136.065192932791,136.064573384755,135.9998,136.004945862688,136.060986328125,136.061298464445
1163.8,136.04531792,136.058486891277,136.065228456923,136.065228456923,136.064613500419,136.0014,136.00657676,136.060888671875,136.061201013821
1163.85,136.04531792,136.058485671313,136.065263981056,136.065263981056,136.064653616082,136.003,136.008207657312,136.060791015625,136.061103563196
1163.9,136.04531792,136.058484451348,136.065299505189,136.065299505189,136.064693731746,136.0046,136.009838554624,136.060693359375,136.061006112572
1163.95,136.04531792,136.058483231384,136.065335029322,136.065335029322,136.06473384741,136.0062,136.011469451936,136.060595703125,136.060908661947
1164,136.04531792,136.058482011419,136.065370553454,136.065370553454,136.064773963073,136.007575,136.012875349247,136.060498046875,136.060811211323
1164.05,136.04531792,136.058480791455,136.065406077587,136.065406077587,136.064814078737,136.008725,136.014056246559,136.060400390625,136.060713760699
1164.1,136.04531792,136.058479571491,136.06544160172,136.06544160172,136.0648541944,136.009875,136.015237143871,136.060302734375,136.060616310074
1164.15,136.04531792,136.058478351526,136.065477125853,136.065477125853,136.064894310064,136.011025,136.016418041183,136.060205078125,136.06051885945
1164.2,136.04531792,136.058477131562,136.065512649985,136.065512649985,136.064934425728,136.012175,136.017598938495,136.060107421875,136.060421408825
1164.25,136.04531792,136.058475911598,136.065548174118,136.065548174118,136.064974541391,136.013325,136.018779835807,136.060009765625,136.060323958201
1164.3,136.04531792,136.058474691633,136.065583698251,136.065583698251,136.065014657055,136.014475,136.019960733119,136.059912109375,136.060226507577
1164.35,136.04531792,136.058473471669,136.065619222383,136.065619222383,136.065054772718,136.015625,136.02114163043,136.059814453125,136.060129056952
1164.4,136.04531792,136.058472251705,136.065654746516,136.065654746516,136.065094888382,136.016775,136.022322527742,136.059716796875,136.060031606328
1164.45,136.04531792,136.05847103174,136.065690270649,136.065690270649,136.065135004046,136.017925,136.023503425054,136.059619140625,136.059934155703
1164.5,136.04531792,136.058469811776,136.065725794782,136.065725794782,136.065175119709,136.019075,136.024684322366,136.059521484375,136.059836705079
1164.55,136.04531792,136.058468591811,136.065761318914,136.065761318914,136.065215235373,136.020225,136.025865219678,136.059423828125,136.059739254455
1164.6,136.04531792,136.058467371847,136.065796843047,136.065796843047,136.065255351036,136.021375,136.02704611699,136.059326171875,136.05964180383
1164.65,136.04531792,136.058466151883,136.06583236718,136.06583236718,136.0652954667,136.022525,136.028227014301,136.059228515625,136.059544353206
1164.7,136.04531792,136.058464931918,136.065867891313,136.065867891313,136.065335582363,136.023675,136.029407911613,136.059130859375,136.059446902581
1164.75,136.04531792,136.058463711954,136.065903415445,136.065903415445,136.065375698027,136.024825,136.030588808925,136.059033203125,136.059349451957
1164.8,136.04531792,136.05846249199,136.065938939578,136.065938939578,136.065415813691,136.025975,136.031769706237,136.058935546875,136.059252001333
1164.85,136.04531792,136.058461272025,136.065974463711,136.065974463711,136.065455929354,136.027125,136.032950603549,136.058837890625,136.059154550708
1164.9,136.04531792,136.058460052061,136.066009987843,136.066009987843,136.065496045018,136.028275,136.034131500861,136.058740234375,136.059057100084
1164.95,136.04531792,136.058458832097,136.066045511976,136.066045511976,136.065536160681,136.029425,136.035312398172,136.058642578125,136.058959649459
1165,136.04531792,136.058457612132,136.066081036109,136.066081036109,136.065576276345,136.03,136.035918295484,136.058544921875,136.058862198835
1165.05,136.04531792,136.058456392168,136.066116560242,136.066116560242,136.065616392009,136.03,136.035949192796,136.058447265625,136.058764748211
1165.1,136.04531792,136.058455172203,136.066152084374,136.066152084374,136.065656507672,136.03,136.035980090108,136.058349609375,136.058667297586
1165.15,136.04531792,136.058453952239,136.066187608507,136.066187608507,136.065696623336,136.03,136.03601098742,136.058251953125,136.058569846962
1165.2,136.04531792,136.058452732275,136.06622313264,136.06622313264,136.065736738999,136.03,136.036041884732,136.058154296875,136.058472396337
1165.25,136.04531792,136.05845151231,136.066258656772,136.066258656772,136.065776854663,136.03,136.036072782044,136.058056640625,136.058374945713
1165.3,136.04531792,136.058450292346,136.066294180905,136.066294180905,136.065816970327,136.03,136.036103679355,136.057958984375,136.058277495089
1165.35,136.04531792,136.058449072382,136.066329705038,136.066329705038,136.06585708599,136.03,136.036134576667,136.057861328125,136.058180044464
1165.4,136.04531792,136.058447852417,136.066365229171,136.066365229171,136.065897201654,136.03,136.036165473979,136.057763671875,136.05808259384
1165.45,136.04531792,136.058446632453,136.066400753303,136.066400753303,136.065937317317,136.03,136.036196371291,136.057666015625,136.057985143215
1165.5,136.04531792,136.058445412488,136.066436277436,136.066436277436,136.065977432981,136.03,136.036227268603,136.057568359375,136.057887692591
1165.55,136.04531792,136.058444192524,136.066471801569,136.066471801569,136.066017548644,136.03,136.036258165915,136.057470703125,136.057790241967
1165.6,136.04531792,136.05844297256,136.066507325702,136.066507325702,136.066057664308,136.03,136.036289063226,136.057373046875,136.057692791342
1165.65,136.04531792,136.058441752595,136.066542849834,136.066542849834,136.066097779972,136.03,136.036319960538,136.057275390625,136.057595340718
1165.7,136.04531792,136.058440532631,136.066578373967,136.066578373967,136.066137895635,136.03,136.03635085785,136.057177734375,136.057497890093
1165.75,136.04531792,136.058439312667,136.0666138981,136.0666138981,136.066178011299,136.03,136.036381755162,136.057080078125,136.057400439469
1165.8,136.04531792,136.058438092702,136.066649422232,136.066649422232,136.066218126962,136.03,136.036412652474,136.056982421875,136.057302988845
1165.85,136.04531792,136.058436872738,136.066684946365,136.066684946365,136.066258242626,136.03,136.036443549786,136.056884765625,136.05720553822
1165.9,136.04531792,136.058435652774,136.066720470498,136.066720470498,136.06629835829,136.03,136.036474447098,136.056787109375,136.057108087596
1165.95,136.04531792,136.058434432809,136.066755994631,136.066755994631,136.066338473953,136.03,136.036505344409,136.056689453125,136.057010636971
1166,136.04531792,136.058433212845,136.066791518763,136.066791518763,136.066378589617,136.03,136.036536241721,136.056591796875,136.056913186347
1166.05,136.04531792,136.05843199288,136.066827042896,136.066827042896,136.06641870528,136.03,136.036567139033,136.056494140625,136.056815735723
1166.1,136.04531792,136.058430772916,136.066862567029,136.066862567029,136.066458820944,136.03,136.036598036345,136.056396484375,136.056718285098
1166.15,136.04531792,136.058429552952,136.066898091161,136.066898091161,136.066498936608,136.03,136.036628933657,136.056298828125,136.056620834474
1166.2,136.04531792,136.058428332987,136.066933615294,136.066933615294,136.066539052271,136.03,136.036659830969,136.056201171875,136.056523383849
1166.25,136.04531792,136.058427113023,136.066969139427,136.066969139427,136.066579167935,136.03,136.03669072828,136.056103515625,136.056425933225
1166.3,136.04531792,136.058425893059,136.06700466356,136.06700466356,136.066619283598,136.03,136.036721625592,136.056005859375,136.056328482601
1166.35,136.04531792,136.058424673094,136.067040187692,136.067040187692,136.066659399262,136.03,136.036752522904,136.055908203125,136.056231031976
1166.4,136.04531792,136.05842345313,136.067075711825,136.067075711825,136.066699514926,136.03,136.036783420216,136.055810546875,136.056133581352
1166.45,136.04531792,136.058422233165,136.067111235958,136.067111235958,136.066739630589,136.03,136.036814317528,136.055712890625,136.056036130727
1166.5,136.04531792,136.058421013201,136.067146760091,136.067146760091,136.066779746253,136.03,136.03684521484,136.055615234375,136.055938680103
1166.55,136.04531792,136.058419793237,136.067182284223,136.067182284223,136.066819861916,136.03,136.036876112151,136.055517578125,136.055841229479
1166.6,136.04531792,136.058418573272,136.067217808356,136.067217808356,136.06685997758,136.03,136.036907009463,136.055419921875,136.055743778854
1166.65,136.04531792,136.058417353308,136.067253332489,136.067253332489,136.066900093243,136.03,136.036937906775,136.055322265625,136.05564632823
1166.7,136.04531792,136.058416133344,136.067288856621,136.067288856621,136.066940208907,136.03,136.036968804087,136.055224609375,136.055548877605
1166.75,136.04531792,136.058414913379,136.067324380754,136.067324380754,136.066980324571,136.03,136.036999701399,136.055126953125,136.055451426981
1166.8,136.04531792,136.058413693415,136.067359904887,136.067359904887,136.067020440234,136.03,136.037030598711,136.055029296875,136.055353976357
1166.85,136.04531792,136.058412473451,136.06739542902,136.06739542902,136.067060555898,136.03,136.037061496023,136.054931640625,136.055256525732
1166.9,136.04531792,136.058411253486,136.067430953152,136.067430953152,136.067100671561,136.03,136.037092393334,136.054833984375,136.055159075108
1166.95,136.04531792,136.058410033522,136.067466477285,136.067466477285,136.067140787225,136.03,136.037123290646,136.054736328125,136.055061624483
1167,136.04531792,136.058408813557,136.067502001418,136.067502001418,136.067180902889,136.0303,136.037454187958,136.054638671875,136.054964173859
1167.05,136.04531792,136.058407593593,136.067537525551,136.067537525551,136.067221018552,136.0309,136.03808508527,136.054541015625,136.054866723235
1167.1,136.04531792,136.058406373629,136.067573049683,136.067573049683,136.067261134216,136.0315,136.038715982582,136.054443359375,136.05476927261
1167.15,136.04531792,136.058405153664,136.067608573816,136.067608573816,136.067301249879,136.0321,136.039346879894,136.054345703125,136.054671821986
1167.2,136.04531792,136.0584039337,136.067644097949,136.067644097949,136.067341365543,136.0327,136.039977777205,136.054248046875,136.054574371361
1167.25,136.04531792,136.058402713736,136.067679622081,136.067679622081,136.067381481207,136.0333,136.040608674517,136.054150390625,136.054476920737
1167.3,136.04531792,136.058401493771,136.067715146214,136.067715146214,136.06742159687,136.0339,136.041239571829,136.054052734375,136.054379470113
1167.35,136.04531792,136.058400273807,136.067750670347,136.067750670347,136.067461712534,136.0345,136.041870469141,136.053955078125,136.054282019488
1167.4,136.04531792,136.058399053843,136.06778619448,136.06778619448,136.067501828197,136.0351,136.042501366453,136.053857421875,136.054184568864
1167.45,136.04531792,136.058397833878,136.067821718612,136.067821718612,136.067541943861,136.0357,136.043132263765,136.053759765625,136.054087118239
1167.5,136.04531792,136.058396613914,136.067857242745,136.067857242745,136.067582059524,136.0363,136.043763161076,136.053662109375,136.053989667615
1167.55,136.04531792,136.058395393949,136.067892766878,136.067892766878,136.067622175188,136.0369,136.044394058388,136.053564453125,136.053892216991
1167.6,136.04531792,136.058394173985,136.06792829101,136.06792829101,136.067662290852,136.0375,136.0450249557,136.053466796875,136.053794766366
1167.65,136.04531792,136.058392954021,136.067963815143,136.067963815143,136.067702406515,136.0381,136.045655853012,136.053369140625,136.053697315742
1167.7,136.04531792,136.058391734056,136.067999339276,136.067999339276,136.067742522179,136.0387,136.046286750324,136.053271484375,136.053599865117
1167.75,136.04531792,136.058390514092,136.068034863409,136.068034863409,136.067782637842,136.0393,136.046917647636,136.053173828125,136.053502414493
1167.8,136.04531792,136.058389294128,136.068070387541,136.068070387541,136.067822753506,136.0399,136.047548544948,136.053076171875,136.053404963869
1167.85,136.04531792,136.058388074163,136.068105911674,136.068105911674,136.06786286917,136.0405,136.048179442259,136.052978515625,136.053307513244
1167.9,136.04531792,136.058386854199,136.068141435807,136.068141435807,136.067902984833,136.0411,136.048810339571,136.052880859375,136.05321006262
1167.95,136.04531792,136.058385634234,136.06817695994,136.06817695994,136.067943100497,136.0417,136.049441236883,136.052783203125,136.053112611995
1168,136.04531792,136.05838441427,136.068212484072,136.068212484072,136.06798321616,136.042025,136.049797134195,136.052685546875,136.053015161371
1168.05,136.04531792,136.058383194306,136.068248008205,136.068248008205,136.068023331824,136.042075,136.049878031507,136.052587890625,136.052917710747
1168.1,136.04531792,136.058381974341,136.068283532338,136.068283532338,136.068063447488,136.042125,136.049958928819,136.052490234375,136.052820260122
1168.15,136.04531792,136.058380754377,136.06831905647,136.06831905647,136.068103563151,136.042175,136.05003982613,136.052392578125,136.052722809498
1168.2,136.04531792,136.058379534413,136.068354580603,136.068354580603,136.068143678815,136.042225,136.050120723442,136.052294921875,136.052625358873
1168.25,136.04531792,136.058378314448,136.068390104736,136.068390104736,136.068183794478,136.042275,136.050201620754,136.052197265625,136.052527908249
1168.3,136.04531792,136.058377094484,136.068425628869,136.068425628869,136.068223910142,136.042325,136.050282518066,136.052099609375,136.052430457625
1168.35,136.04531792,136.05837587452,136.068461153001,136.068461153001,136.068264025805,136.042375,136.050363415378,136.052001953125,136.052333007
1168.4,136.04531792,136.058374654555,136.068496677134,136.068496677134,136.068304141469,136.042425,136.05044431269,136.051904296875,136.052235556376
1168.45,136.04531792,136.058373434591,136.068532201267,136.068532201267,136.068344257133,136.042475,136.050525210001,136.051806640625,136.052138105751
1168.5,136.04531792,136.058372214626,136.068567725399,136.068567725399,136.068384372796,136.042525,136.050606107313,136.051708984375,136.052040655127
1168.55,136.04531792,136.058370994662,136.068603249532,136.068603249532,136.06842448846,136.042575,136.050687004625,136.051611328125,136.051943204503
1168.6,136.04531792,136.058369774698,136.068638773665,136.068638773665,136.068464604123,136.042625,136.050767901937,136.051513671875,136.051845753878
1168.65,136.04531792,136.058368554733,136.068674297798,136.068674297798,136.068504719787,136.042675,136.050848799249,136.051416015625,136.051748303254
1168.7,136.04531792,136.058367334769,136.06870982193,136.06870982193,136.068544835451,136.042725,136.050929696561,136.051318359375,136.051650852629
1168.75,136.04531792,136.058366114805,136.068745346063,136.068745346063,136.068584951114,136.042775,136.051010593873,136.051220703125,136.051553402005
1168.8,136.04531792,136.05836489484,136.068780870196,136.068780870196,136.068625066778,136.042825,136.051091491184,136.051123046875,136.051455951381
1168.85,136.04531792,136.058363674876,136.068816394329,136.068816394329,136.068665182441,136.042875,136.051172388496,136.051025390625,136.051358500756
1168.9,136.04531792,136.058362454912,136.068851918461,136.068851918461,136.068705298105,136.042925,136.051253285808,136.050927734375,136.051261050132
1168.95,136.04531792,136.058361234947,136.068887442594,136.068887442594,136.068745413769,136.042975,136.05133418312,136.050830078125,136.051163599507
1169,136.04531792,136.058485014983,136.069047966727,136.069047966727,136.068910529432,136.0431,136.051490080432,136.050695800781,136.051029527789
1169.05,136.04531792,136.058733795018,136.069333490859,136.069333490859,136.069200645096,136.0433,136.051720977744,136.050524902344,136.050858834977
1169.1,136.04531792,136.058982575054,136.069619014992,136.069619014992,136.069490760759,136.0435,136.051951875055,136.050354003906,136.050688142165
1169.15,136.04531792,136.05923135509,136.069904539125,136.069904539125,136.069780876423,136.0437,136.052182772367,136.050183105469,136.050517449353
1169.2,136.04531792,136.059480135125,136.070190063258,136.070190063258,136.070070992086,136.0439,136.052413669679,136.050012207031,136.050346756542
1169.25,136.04531792,136.059728915161,136.07047558739,136.07047558739,136.07036110775,136.0441,136.052644566991,136.049841308594,136.05017606373
1169.3,136.04531792,136.059977695197,136.070761111523,136.070761111523,136.070651223414,136.0443,136.052875464303,136.049670410156,136.050005370918
1169.35,136.04531792,136.060226475232,136.071046635656,136.071046635656,136.070941339077,136.0445,136.053106361615,136.049499511719,136.049834678106
1169.4,136.04531792,136.060475255268,136.071332159788,136.071332159788,136.071231454741,136.0447,136.053337258926,136.049328613281,136.049663985294
1169.45,136.04531792,136.060724035303,136.071617683921,136.071617683921,136.071521570404,136.0449,136.053568156238,136.049157714844,136.049493292482
1169.5,136.04531792,136.060972815339,136.071903208054,136.071903208054,136.071811686068,136.0451,136.05379905355,136.048986816406,136.04932259967
1169.55,136.04531792,136.061221595375,136.072188732187,136.072188732187,136.072101801732,136.0453,136.054029950862,136.048815917969,136.049151906858
1169.6,136.04531792,136.06147037541,136.072474256319,136.072474256319,136.072391917395,136.0455,136.054260848174,136.048645019531,136.048981214046
1169.65,136.04531792,136.061719155446,136.072759780452,136.072759780452,136.072682033059,136.0457,136.054491745486,136.048474121094,136.048810521234
1169.7,136.04531792,136.061967935482,136.073045304585,136.073045304585,136.072972148722,136.0459,136.054722642798,136.048303222656,136.048639828423
1169.75,136.04531792,136.062216715517,136.073330828718,136.073330828718,136.073262264386,136.0461,136.054953540109,136.048132324219,136.048469135611
1169.8,136.04531792,136.062465495553,136.07361635285,136.07361635285,136.07355238005,136.0463,136.055184437421,136.047961425781,136.048298442799
1169.85,136.04531792,136.062714275589,136.073901876983,136.073901876983,136.073842495713,136.0465,136.055415334733,136.047790527344,136.048127749987
1169.9,136.04531792,136.062963055624,136.074187401116,136.074187401116,136.074132611377,136.0467,136.055646232045,136.047619628906,136.047957057175
1169.95,136.04531792,136.06321183566,136.074472925248,136.074472925248,136.07442272704,136.0469,136.055877129357,136.047448730469,136.047786364363
1170,136.04531792,136.063460615695,136.074758449381,136.074758449381,136.074712842704,136.047075,136.056083026669,136.047277832031,136.047615671551
1170.05,136.04531792,136.063719116223,136.075036411375,136.075036411375,136.075003985894,136.047225,136.056249326574,136.047106933594,136.047439355047
1170.1,136.04531792,136.06397761675,136.075314373369,136.075314373369,136.075295129084,136.047375,136.056415626479,136.046936035156,136.047263038543
1170.15,136.04531792,136.064236117278,136.075592335362,136.075592335362,136.075586272274,136.047525,136.056581926385,136.046765136719,136.04708672204
1170.2,136.04531792,136.064494617805,136.075870297356,136.075870297356,136.075877415464,136.047675,136.05674822629,136.046594238281,136.046910405536
1170.25,136.04531792,136.064753118333,136.07614825935,136.07614825935,136.076168558654,136.047825,136.056914526195,136.046423339844,136.046734089032
1170.3,136.04531792,136.06501161886,136.076426221343,136.076426221343,136.076459701844,136.047975,136.057080826101,136.046252441406,136.046557772528
1170.35,136.04531792,136.065270119388,136.076704183337,136.076704183337,136.076750845034,136.048125,136.057247126006,136.046081542969,136.046381456024
1170.4,136.04531792,136.065528619915,136.076982145331,136.076982145331,136.077041988225,136.048275,136.057413425911,136.045910644531,136.04620513952
1170.45,136.04531792,136.065787120443,136.077260107324,136.077260107324,136.077333131415,136.048425,136.057579725817,136.045739746094,136.046028823016
1170.5,136.04531792,136.06604562097,136.077538069318,136.077538069318,136.077624274605,136.048575,136.057746025722,136.045568847656,136.045852506513
1170.55,136.04531792,136.066304121498,136.077816031312,136.077816031312,136.077915417795,136.048725,136.057912325628,136.045397949219,136.045676190009
1170.6,136.04531792,136.066562622025,136.078093993305,136.078093993305,136.078206560985,136.048875,136.058078625533,136.045227050781,136.045499873505
1170.65,136.04531792,136.066821122553,136.078371955299,136.078371955299,136.078497704175,136.049025,136.058244925438,136.045056152344,136.045323557001
1170.7,136.04531792,136.06707962308,136.078649917293,136.078649917293,136.078788847365,136.049175,136.058411225344,136.044885253906,136.045147240497
1170.75,136.04531792,136.067338123608,136.078927879287,136.078927879287,136.079079990555,136.049325,136.058577525249,136.044714355469,136.044970923993
1170.8,136.04531792,136.067596624135,136.07920584128,136.07920584128,136.079371133745,136.049475,136.058743825154,136.044543457031,136.044794607489
1170.85,136.04531792,136.067855124663,136.079483803274,136.079483803274,136.079662276935,136.049625,136.05891012506,136.044372558594,136.044618290986
1170.9,136.04531792,136.06811362519,136.079761765268,136.079761765268,136.079953420125,136.049775,136.059076424965,136.044201660156,136.044441974482
1170.95,136.04531792,136.068372125718,136.080039727261,136.080039727261,136.080244563315,136.049925,136.05924272487,136.044030761719,136.044265657978
1171,136.04531792,136.068630626245,136.080317689255,136.080317689255,136.080535706505,136.05,136.059334024776,136.043859863281,136.044089341474
1171.05,136.04531792,136.068889126773,136.080595651249,136.080595651249,136.080826849696,136.05,136.059350324681,136.043688964844,136.04391302497
1171.1,136.04531792,136.0691476273,136.080873613242,136.080873613242,136.081117992886,136.05,136.059366624587,136.043518066406,136.043736708466
1171.15,136.04531792,136.069406127828,136.081151575236,136.081151575236,136.081409136076,136.05,136.059382924492,136.043347167969,136.043560391963
1171.2,136.04531792,136.069664628355,136.08142953723,136.08142953723,136.081700279266,136.05,136.059399224397,136.043176269531,136.043384075459
1171.25,136.04531792,136.069923128883,136.081707499224,136.081707499224,136.081991422456,136.05,136.059415524303,136.043005371094,136.043207758955
1171.3,136.04531792,136.07018162941,136.081985461217,136.081985461217,136.082282565646,136.05,136.059431824208,136.042834472656,136.043031442451
1171.35,136.04531792,136.070440129938,136.082263423211,136.082263423211,136.082573708836,136.05,136.059448124113,136.042663574219,136.042855125947
1171.4,136.04531792,136.070698630465,136.082541385205,136.082541385205,136.082864852026,136.05,136.059464424019,136.042492675781,136.042678809443
1171.45,136.04531792,136.070957130993,136.082819347198,136.082819347198,136.083155995216,136.05,136.059480723924,136.042321777344,136.042502492939
1171.5,136.04531792,136.07121563152,136.083097309192,136.083097309192,136.083447138406,136.05,136.059497023829,136.042150878906,136.042326176436
1171.55,136.04531792,136.071474132048,136.083375271186,136.083375271186,136.083738281596,136.05,136.059513323735,136.041979980469,136.042149859932
1171.6,136.04531792,136.071732632575,136.083653233179,136.083653233179,136.084029424786,136.05,136.05952962364,136.041809082031,136.041973543428
1171.65,136.04531792,136.071991133103,136.083931195173,136.083931195173,136.084320567976,136.05,136.059545923545,136.041638183594,136.041797226924
1171.7,136.04531792,136.07224963363,136.084209157167,136.084209157167,136.084611711167,136.05,136.059562223451,136.041467285156,136.04162091042
1171.75,136.04531792,136.072508134158,136.08448711916,136.08448711916,136.084902854357,136.05,136.059578523356,136.041296386719,136.041444593916
1171.8,136.04531792,136.072766634685,136.084765081154,136.084765081154,136.085193997547,136.05,136.059594823262,136.041125488281,136.041268277412
1171.85,136.04531792,136.073025135213,136.085043043148,136.085043043148,136.085485140737,136.05,136.059611123167,136.040954589844,136.041091960909
1171.9,136.04531792,136.07328363574,136.085321005142,136.085321005142,136.085776283927,136.05,136.059627423072,136.040783691406,136.040915644405
1171.95,136.04531792,136.073542136268,136.085598967135,136.085598967135,136.086067427117,136.05,136.059643722978,136.040612792969,136.040739327901
1172,136.04531792,136.073800636795,136.085876929129,136.085876929129,136.086358570307,136.05,136.059660022883,136.040441894531,136.040563011397
1172.05,136.04531792,136.074059137323,136.086154891123,136.086154891123,136.086649713497,136.05,136.059676322788,136.040270996094,136.040386694893
1172.1,136.04531792,136.07431763785,136.086432853116,136.086432853116,136.086940856687,136.05,136.059692622694,136.040100097656,136.040210378389
1172.15,136.04531792,136.074576138378,136.08671081511,136.08671081511,136.087231999877,136.05,136.059708922599,136.039929199219,136.040034061885
1172.2,136.04531792,136.074834638905,136.086988777104,136.086988777104,136.087523143067,136.05,136.059725222504,136.039758300781,136.039857745382
1172.25,136.04531792,136.075093139433,136.087266739097,136.087266739097,136.087814286257,136.05,136.05974152241,136.039587402344,136.039681428878
1172.3,136.04531792,136.07535163996,136.087544701091,136.087544701091,136.088105429447,136.05,136.059757822315,136.039416503906,136.039505112374
1172.35,136.04531792,136.075610140488,136.087822663085,136.087822663085,136.088396572638,136.05,136.059774122221,136.039245605469,136.03932879587
1172.4,136.04531792,136.075868641015,136.088100625078,136.088100625078,136.088687715828,136.05,136.059790422126,136.039074707031,136.039152479366
1172.45,136.04531792,136.076127141543,136.088378587072,136.088378587072,136.088978859018,136.05,136.059806722031,136.038903808594,136.038976162862
1172.5,136.04531792,136.07638564207,136.088656549066,136.088656549066,136.089270002208,136.05,136.059823021937,136.038732910156,136.038799846358
1172.55,136.04531792,136.076644142598,136.08893451106,136.08893451106,136.089561145398,136.05,136.059839321842,136.038562011719,136.038623529855
1172.6,136.04531792,136.076902643125,136.089212473053,136.089212473053,136.089852288588,136.05,136.059855621747,136.038391113281,136.038447213351
1172.65,136.04531792,136.077161143653,136.089490435047,136.089490435047,136.090143431778,136.05,136.059871921653,136.038220214844,136.038270896847
1172.7,136.04531792,136.07741964418,136.089768397041,136.089768397041,136.090434574968,136.05,136.059888221558,136.038049316406,136.038094580343
1172.75,136.04531792,136.077678144708,136.090046359034,136.090046359034,136.090725718158,136.05,136.059904521463,136.037878417969,136.037918263839
1172.8,136.04531792,136.077936645235,136.090324321028,136.090324321028,136.091016861348,136.05,136.059920821369,136.037707519531,136.037741947335
1172.85,136.04531792,136.078195145763,136.090602283022,136.090602283022,136.091308004538,136.05,136.059937121274,136.037536621094,136.037565630831
1172.9,136.04531792,136.07845364629,136.090880245015,136.090880245015,136.091599147728,136.05,136.05995342118,136.037365722656,136.037389314328
1172.95,136.04531792,136.078712146818,136.091158207009,136.091158207009,136.091890290918,136.05,136.059969721085,136.037194824219,136.037212997824
1173,136.04531792,136.078970647345,136.091436169003,136.091436169003,136.092181434109,136.050175,136.06016102099,136.037023925781,136.03703668132
1173.05,136.04531792,136.079229147873,136.091714130997,136.091714130997,136.092472577299,136.050525,136.060527320896,136.036853027344,136.036860364816
1173.1,136.04531792,136.0794876484,136.09199209299,136.09199209299,136.092763720489,136.050875,136.060893620801,136.036682128906,136.036684048312
1173.15,136.04531792,136.079746148928,136.092270054984,136.092270054984,136.093054863679,136.051225,136.061259920706,136.036511230469,136.036507731808
1173.2,136.04531792,136.080004649455,136.092548016978,136.092548016978,136.093346006869,136.051575,136.061626220612,136.036340332031,136.036331415304
1173.25,136.04531792,136.080263149983,136.092825978971,136.092825978971,136.093637150059,136.051925,136.061992520517,136.036169433594,136.036155098801
1173.3,136.04531792,136.08052165051,136.093103940965,136.093103940965,136.093928293249,136.052275,136.062358820422,136.035998535156,136.035978782297
1173.35,136.04531792,136.080780151038,136.093381902959,136.093381902959,136.094219436439,136.052625,136.062725120328,136.035827636719,136.035802465793
1173.4,136.04531792,136.081038651565,136.093659864952,136.093659864952,136.094510579629,136.052975,136.063091420233,136.035656738281,136.035626149289
1173.45,136.04531792,136.081297152093,136.093937826946,136.093937826946,136.094801722819,136.053325,136.063457720138,136.035485839844,136.035449832785
1173.5,136.04531792,136.08155565262,136.09421578894,136.09421578894,136.095092866009,136.053675,136.063824020044,136.035314941406,136.035273516281
1173.55,136.04531792,136.081814153148,136.094493750933,136.094493750933,136.095384009199,136.054025,136.064190319949,136.035144042969,136.035097199777
1173.6,136.04531792,136.082072653675,136.094771712927,136.094771712927,136.095675152389,136.054375,136.064556619855,136.034973144531,136.034920883274
1173.65,136.04531792,136.082331154203,136.095049674921,136.095049674921,136.09596629558,136.054725,136.06492291976,136.034802246094,136.03474456677
1173.7,136.04531792,136.08258965473,136.095327636915,136.095327636915,136.09625743877,136.055075,136.065289219665,136.034631347656,136.034568250266
1173.75,136.04531792,136.082848155257,136.095605598908,136.095605598908,136.09654858196,136.055425,136.065655519571,136.034460449219,136.034391933762
1173.8,136.04531792,136.083106655785,136.095883560902,136.095883560902,136.09683972515,136.055775,136.066021819476,136.034289550781,136.034215617258
1173.85,136.04531792,136.083365156312,136.096161522896,136.096161522896,136.09713086834,136.056125,136.066388119381,136.034118652344,136.034039300754
1173.9,136.04531792,136.08362365684,136.096439484889,136.096439484889,136.09742201153,136.056475,136.066754419287,136.033947753906,136.03386298425
1173.95,136.04531792,136.083882157367,136.096717446883,136.096717446883,136.09771315472,136.056825,136.067120719192,136.033776855469,136.033686667747
1174,136.04531792,136.084140657895,136.096995408877,136.096995408877,136.09800429791,136.057525,136.067837019097,136.033605957031,136.033510351243
1174.05,136.04531792,136.084399158422,136.09727337087,136.09727337087,136.0982954411,136.058575,136.068903319003,136.033435058594,136.033334034739
1174.1,136.04531792,136.08465765895,136.097551332864,136.097551332864,136.09858658429,136.059625,136.069969618908,136.033264160156,136.033157718235
1174.15,136.04531792,136.084916159477,136.097829294858,136.097829294858,136.09887772748,136.060675,136.071035918814,136.033093261719,136.032981401731
1174.2,136.04531792,136.085174660005,136.098107256851,136.098107256851,136.09916887067,136.061725,136.072102218719,136.032922363281,136.032805085227
1174.25,136.04531792,136.085433160532,136.098385218845,136.098385218845,136.09946001386,136.062775,136.073168518624,136.032751464844,136.032628768723
1174.3,136.04531792,136.08569166106,136.098663180839,136.098663180839,136.099751157051,136.063825,136.07423481853,136.032580566406,136.03245245222
1174.35,136.04531792,136.085950161587,136.098941142833,136.098941142833,136.100042300241,136.064875,136.075301118435,136.032409667969,136.032276135716
1174.4,136.04531792,136.086208662115,136.099219104826,136.099219104826,136.100333443431,136.065925,136.07636741834,136.032238769531,136.032099819212
1174.45,136.04531792,136.086467162642,136.09949706682,136.09949706682,136.100624586621,136.066975,136.077433718246,136.032067871094,136.031923502708
1174.5,136.04531792,136.08672566317,136.099775028814,136.099775028814,136.100915729811,136.068025,136.078500018151,136.031896972656,136.031747186204
1174.55,136.04531792,136.086984163697,136.100052990807,136.100052990807,136.101206873001,136.069075,136.079566318056,136.031726074219,136.0315708697
1174.6,136.04531792,136.087242664225,136.100330952801,136.100330952801,136.101498016191,136.070125,136.080632617962,136.031555175781,136.031394553197
1174.65,136.04531792,136.087501164752,136.100608914795,136.100608914795,136.101789159381,136.071175,136.081698917867,136.031384277344,136.031218236693
1174.7,136.04531792,136.08775966528,136.100886876788,136.100886876788,136.102080302571,136.072225,136.082765217773,136.031213378906,136.031041920189
1174.75,136.04531792,136.088018165807,136.101164838782,136.101164838782,136.102371445761,136.073275,136.083831517678,136.031042480469,136.030865603685
1174.8,136.04531792,136.088276666335,136.101442800776,136.101442800776,136.102662588951,136.074325,136.084897817583,136.030871582031,136.030689287181
1174.85,136.04531792,136.088535166862,136.10172076277,136.10172076277,136.102953732141,136.075375,136.085964117489,136.030700683594,136.030512970677
1174.9,136.04531792,136.08879366739,136.101998724763,136.101998724763,136.103244875331,136.076425,136.087030417394,136.030529785156,136.030336654173
1174.95,136.04531792,136.089052167917,136.102276686757,136.102276686757,136.103536018522,136.077475,136.088096717299,136.030358886719,136.03016033767
1175,136.04531792,136.089185668445,136.102429648751,136.102429648751,136.103702161712,136.082,136.092638017205,136.030187988281,136.029984021166
1175.05,136.04531792,136.089194168972,136.102457610744,136.102457610744,136.103743304902,136.09,136.10065431711,136.030017089844,136.029807704662
1175.1,136.04531792,136.0892026695,136.102485572738,136.102485572738,136.103784448092,136.098,136.108670617015,136.029846191406,136.029631388158
1175.15,136.04531792,136.089211170027,136.102513534732,136.102513534732,136.103825591282,136.106,136.116686916921,136.029675292969,136.029455071654
1175.2,136.04531792,136.089219670555,136.102541496725,136.102541496725,136.103866734472,136.114,136.124703216826,136.029504394531,136.02927875515
1175.25,136.04531792,136.089228171082,136.102569458719,136.102569458719,136.103907877662,136.122,136.132719516731,136.029333496094,136.029102438646
1175.3,136.04531792,136.08923667161,136.102597420713,136.102597420713,136.103949020852,136.13,136.140735816637,136.029162597656,136.028926122143
1175.35,136.04531792,136.089245172137,136.102625382706,136.102625382706,136.103990164042,136.138,136.148752116542,136.028991699219,136.028749805639
1175.4,136.04531792,136.089253672665,136.1026533447,136.1026533447,136.104031307232,136.146,136.156768416448,136.028820800781,136.028573489135
1175.45,136.04531792,136.089262173192,136.102681306694,136.102681306694,136.104072450422,136.154,136.164784716353,136.028649902344,136.028397172631
1175.5,136.04531792,136.08927067372,136.102709268688,136.102709268688,136.104113593612,136.162,136.172801016258,136.028479003906,136.028220856127
1175.55,136.04531792,136.089279174247,136.102737230681,136.102737230681,136.104154736802,136.17,136.180817316164,136.028308105469,136.028044539623
1175.6,136.04531792,136.089287674775,136.102765192675,136.102765192675,136.104195879993,136.178,136.188833616069,136.028137207031,136.027868223119
1175.65,136.04531792,136.089296175302,136.102793154669,136.102793154669,136.104237023183,136.186,136.196849915974,136.027966308594,136.027691906616
1175.7,136.04531792,136.08930467583,136.102821116662,136.102821116662,136.104278166373,136.194,136.20486621588,136.027795410156,136.027515590112
1175.75,136.04531792,136.089313176357,136.102849078656,136.102849078656,136.104319309563,136.202,136.212882515785,136.027624511719,136.027339273608
1175.8,136.04531792,136.089321676885,136.10287704065,136.10287704065,136.104360452753,136.21,136.22089881569,136.027453613281,136.027162957104
1175.85,136.04531792,136.089330177412,136.102905002643,136.102905002643,136.104401595943,136.218,136.228915115596,136.027282714844,136.0269866406
1175.9,136.04531792,136.08933867794,136.102932964637,136.102932964637,136.104442739133,136.226,136.236931415501,136.027111816406,136.026810324096
1175.95,136.04531792,136.089347178467,136.102960926631,136.102960926631,136.104483882323,136.234,136.244947715407,136.026940917969,136.026634007592
1176,136.04531792,136.089355678995,136.102988888624,136.102988888624,136.104525025513,136.238,136.248964015312,136.026770019531,136.026457691089
1176.05,136.04531792,136.089364179522,136.103016850618,136.103016850618,136.104566168703,136.238,136.248980315217,136.026599121094,136.026281374585
1176.1,136.04531792,136.08937268005,136.103044812612,136.103044812612,136.104607311893,136.238,136.248996615123,136.026428222656,136.026105058081
1176.15,136.04531792,136.089381180577,136.103072774606,136.103072774606,136.104648455083,136.238,136.249012915028,136.026257324219,136.025928741577
1176.2,136.04531792,136.089389681105,136.103100736599,136.103100736599,136.104689598273,136.238,136.249029214933,136.026086425781,136.025752425073
1176.25,136.04531792,136.089398181632,136.103128698593,136.103128698593,136.104730741463,136.238,136.249045514839,136.025915527344,136.025576108569
1176.3,136.04531792,136.08940668216,136.103156660587,136.103156660587,136.104771884654,136.238,136.249061814744,136.025744628906,136.025399792065
1176.35,136.04531792,136.089415182687,136.10318462258,136.10318462258,136.104813027844,136.238,136.249078114649,136.025573730469,136.025223475562
1176.4,136.04531792,136.089423683215,136.103212584574,136.103212584574,136.104854171034,136.238,136.249094414555,136.025402832031,136.025047159058
1176.45,136.04531792,136.089432183742,136.103240546568,136.103240546568,136.104895314224,136.238,136.24911071446,136.025231933594,136.024870842554
1176.5,136.04531792,136.08944068427,136.103268508561,136.103268508561,136.104936457414,136.238,136.249127014365,136.025061035156,136.02469452605
1176.55,136.04531792,136.089449184797,136.103296470555,136.103296470555,136.104977600604,136.238,136.249143314271,136.024890136719,136.024518209546
1176.6,136.04531792,136.089457685325,136.103324432549,136.103324432549,136.105018743794,136.238,136.249159614176,136.024719238281,136.024341893042
1176.65,136.04531792,136.089466185852,136.103352394542,136.103352394542,136.105059886984,136.238,136.249175914082,136.024548339844,136.024165576538
1176.7,136.04531792,136.08947468638,136.103380356536,136.103380356536,136.105101030174,136.238,136.249192213987,136.024377441406,136.023989260035
1176.75,136.04531792,136.089483186907,136.10340831853,136.10340831853,136.105142173364,136.238,136.249208513892,136.024206542969,136.023812943531
1176.8,136.04531792,136.089491687435,136.103436280524,136.103436280524,136.105183316554,136.238,136.249224813798,136.024035644531,136.023636627027
1176.85,136.04531792,136.089500187962,136.103464242517,136.103464242517,136.105224459744,136.238,136.249241113703,136.023864746094,136.023460310523
1176.9,136.04531792,136.08950868849,136.103492204511,136.103492204511,136.105265602935,136.238,136.249257413608,136.023693847656,136.023283994019
1176.95,136.04531792,136.089517189017,136.103520166505,136.103520166505,136.105306746125,136.238,136.249273713514,136.023522949219,136.023107677515
1177,136.04531792,136.089525689545,136.103548128498,136.103548128498,136.105347889315,136.238175,136.249465013419,136.023583984375,136.023163294605
1177.05,136.04531792,136.089534190072,136.103576090492,136.103576090492,136.105389032505,136.238525,136.249831313324,136.023876953125,136.023450845289
1177.1,136.04531792,136.0895426906,136.103604052486,136.103604052486,136.105430175695,136.238875,136.25019761323,136.024169921875,136.023738395973
1177.15,136.04531792,136.089551191127,136.103632014479,136.103632014479,136.105471318885,136.239225,136.250563913135,136.024462890625,136.024025946656
1177.2,136.04531792,136.089559691655,136.103659976473,136.103659976473,136.105512462075,136.239575,136.250930213041,136.024755859375,136.02431349734
1177.25,136.04531792,136.089568192182,136.103687938467,136.103687938467,136.105553605265,136.239925,136.251296512946,136.025048828125,136.024601048023
1177.3,136.04531792,136.08957669271,136.103715900461,136.103715900461,136.105594748455,136.240275,136.251662812851,136.025341796875,136.024888598707
1177.35,136.04531792,136.089585193237,136.103743862454,136.103743862454,136.105635891645,136.240625,136.252029112757,136.025634765625,136.025176149391
1177.4,136.04531792,136.089593693765,136.103771824448,136.103771824448,136.105677034835,136.240975,136.252395412662,136.025927734375,136.025463700074
1177.45,136.04531792,136.089602194292,136.103799786442,136.103799786442,136.105718178025,136.241325,136.252761712567,136.026220703125,136.025751250758
1177.5,136.04531792,136.08961069482,136.103827748435,136.103827748435,136.105759321215,136.241675,136.253128012473,136.026513671875,136.026038801442
1177.55,136.04531792,136.089619195347,136.103855710429,136.103855710429,136.105800464405,136.242025,136.253494312378,136.026806640625,136.026326352125
1177.6,136.04531792,136.089627695875,136.103883672423,136.103883672423,136.105841607596,136.242375,136.253860612283,136.027099609375,136.026613902809
1177.65,136.04531792,136.089636196402,136.103911634416,136.103911634416,136.105882750786,136.242725,136.254226912189,136.027392578125,136.026901453493
1177.7,136.04531792,136.08964469693,136.10393959641,136.10393959641,136.105923893976,136.243075,136.254593212094,136.027685546875,136.027189004176
1177.75,136.04531792,136.089653197457,136.103967558404,136.103967558404,136.105965037166,136.243425,136.254959512,136.027978515625,136.02747655486
1177.8,136.04531792,136.089661697985,136.103995520397,136.103995520397,136.106006180356,136.243775,136.255325811905,136.028271484375,136.027764105544
1177.85,136.04531792,136.089670198512,136.104023482391,136.104023482391,136.106047323546,136.244125,136.25569211181,136.028564453125,136.028051656227
1177.9,136.04531792,136.089678699039,136.104051444385,136.104051444385,136.106088466736,136.244475,136.256058411716,136.028857421875,136.028339206911
1177.95,136.04531792,136.089687199567,136.104079406379,136.104079406379,136.106129609926,136.244825,136.256424711621,136.029150390625,136.028626757595
1178,136.04531792,136.089695700094,136.104107368372,136.104107368372,136.106170753116,136.244825,136.256441011526,136.029443359375,136.028914308278
1178.05,136.04531792,136.089704200622,136.104135330366,136.104135330366,136.106211896306,136.244475,136.256107311432,136.029736328125,136.029201858962
1178.1,136.04531792,136.089712701149,136.10416329236,136.10416329236,136.106253039496,136.244125,136.255773611337,136.030029296875,136.029489409645
1178.15,136.04531792,136.089721201677,136.104191254353,136.104191254353,136.106294182686,136.243775,136.255439911242,136.030322265625,136.029776960329
1178.2,136.04531792,136.089729702204,136.104219216347,136.104219216347,136.106335325876,136.243425,136.255106211148,136.030615234375,136.030064511013
1178.25,136.04531792,136.089738202732,136.104247178341,136.104247178341,136.106376469067,136.243075,136.254772511053,136.030908203125,136.030352061696
1178.3,136.04531792,136.089746703259,136.104275140334,136.104275140334,136.106417612257,136.242725,136.254438810958,136.031201171875,136.03063961238
1178.35,136.04531792,136.089755203787,136.104303102328,136.104303102328,136.106458755447,136.242375,136.254105110864,136.031494140625,136.030927163064
1178.4,136.04531792,136.089763704314,136.104331064322,136.104331064322,136.106499898637,136.242025,136.253771410769,136.031787109375,136.031214713747
1178.45,136.04531792,136.089772204842,136.104359026316,136.104359026316,136.106541041827,136.241675,136.253437710675,136.032080078125,136.031502264431
1178.5,136.04531792,136.089780705369,136.104386988309,136.104386988309,136.106582185017,136.241325,136.25310401058,136.032373046875,136.031789815115
1178.55,136.04531792,136.089789205897,136.104414950303,136.104414950303,136.106623328207,136.240975,136.252770310485,136.032666015625,136.032077365798
1178.6,136.04531792,136.089797706424,136.104442912297,136.104442912297,136.106664471397,136.240625,136.252436610391,136.032958984375,136.032364916482
1178.65,136.04531792,136.089806206952,136.10447087429,136.10447087429,136.106705614587,136.240275,136.252102910296,136.033251953125,136.032652467166
1178.7,136.04531792,136.089814707479,136.104498836284,136.104498836284,136.106746757777,136.239925,136.251769210201,136.033544921875,136.032940017849
1178.75,136.04531792,136.089823208007,136.104526798278,136.104526798278,136.106787900967,136.239575,136.251435510107,136.033837890625,136.033227568533
1178.8,136.04531792,136.089831708534,136.104554760271,136.104554760271,136.106829044157,136.239225,136.251101810012,136.034130859375,136.033515119216
1178.85,136.04531792,136.089840209062,136.104582722265,136.104582722265,136.106870187347,136.238875,136.250768109917,136.034423828125,136.0338026699
1178.9,136.04531792,136.089848709589,136.104610684259,136.104610684259,136.106911330538,136.238525,136.250434409823,136.034716796875,136.034090220584
1178.95,136.04531792,136.089857210117,136.104638646252,136.104638646252,136.106952473728,136.238175,136.250100709728,136.035009765625,136.034377771267
1179,136.04531792,136.089740710644,136.104541608246,136.104541608246,136.106868616918,136.233725,136.245667009634,136.035302734375,136.034665321951
1179.05,136.04531792,136.089499211172,136.10431957024,136.10431957024,136.106659760108,136.225175,136.237133309539,136.035595703125,136.034952872635
1179.1,136.04531792,136.089257711699,136.104097532234,136.104097532234,136.106450903298,136.216625,136.228599609444,136.035888671875,136.035240423318
1179.15,136.04531792,136.089016212227,136.103875494227,136.103875494227,136.106242046488,136.208075,136.22006590935,136.036181640625,136.035527974002
1179.2,136.04531792,136.088774712754,136.103653456221,136.103653456221,136.106033189678,136.199525,136.211532209255,136.036474609375,136.035815524686
1179.25,136.04531792,136.088533213282,136.103431418215,136.103431418215,136.105824332868,136.190975,136.20299850916,136.036767578125,136.036103075369
1179.3,136.04531792,136.088291713809,136.103209380208,136.103209380208,136.105615476058,136.182425,136.194464809066,136.037060546875,136.036390626053
1179.35,136.04531792,136.088050214337,136.102987342202,136.102987342202,136.105406619248,136.173875,136.185931108971,136.037353515625,136.036678176737
1179.4,136.04531792,136.087808714864,136.102765304196,136.102765304196,136.105197762438,136.165325,136.177397408876,136.037646484375,136.03696572742
1179.45,136.04531792,136.087567215392,136.102543266189,136.102543266189,136.104988905628,136.156775,136.168863708782,136.037939453125,136.037253278104
1179.5,136.04531792,136.087325715919,136.102321228183,136.102321228183,136.104780048818,136.148225,136.160330008687,136.038232421875,136.037540828787
1179.55,136.04531792,136.087084216447,136.102099190177,136.102099190177,136.104571192009,136.139675,136.151796308593,136.038525390625,136.037828379471
1179.6,136.04531792,136.086842716974,136.10187715217,136.10187715217,136.104362335199,136.131125,136.143262608498,136.038818359375,136.038115930155
1179.65,136.04531792,136.086601217502,136.101655114164,136.101655114164,136.104153478389,136.122575,136.134728908403,136.039111328125,136.038403480838
1179.7,136.04531792,136.086359718029,136.101433076158,136.101433076158,136.103944621579,136.114025,136.126195208309,136.039404296875,136.038691031522
1179.75,136.04531792,136.086118218557,136.101211038152,136.101211038152,136.103735764769,136.105475,136.117661508214,136.039697265625,136.038978582206
1179.8,136.04531792,136.085876719084,136.100989000145,136.100989000145,136.103526907959,136.096925,136.109127808119,136.039990234375,136.039266132889
1179.85,136.04531792,136.085635219612,136.100766962139,136.100766962139,136.103318051149,136.088375,136.100594108025,136.040283203125,136.039553683573
1179.9,136.04531792,136.085393720139,136.100544924133,136.100544924133,136.103109194339,136.079825,136.09206040793,136.040576171875,136.039841234257
1179.95,136.04531792,136.085152220667,136.100322886126,136.100322886126,136.102900337529,136.071275,136.083526707835,136.040869140625,136.04012878494
1180,136.04531792,136.084910721194,136.10010084812,136.10010084812,136.102691480719,136.066325,136.078593007741,136.041162109375,136.040416335624
1180.05,136.04531792,136.084635042321,136.099865897403,136.099865897403,136.102478944512,136.064975,136.077255716124,136.041455078125,136.040701348937
1180.1,136.04531792,136.084359363448,136.099630946686,136.099630946686,136.102266408305,136.063625,136.075918424507,136.041748046875,136.04098636225
1180.15,136.04531792,136.084083684575,136.09939599597,136.09939599597,136.102053872097,136.062275,136.074581132891,136.042041015625,136.041271375563
1180.2,136.04531792,136.083808005702,136.099161045253,136.099161045253,136.10184133589,136.060925,136.073243841274,136.042333984375,136.041556388876
1180.25,136.04531792,136.083532326829,136.098926094536,136.098926094536,136.101628799683,136.059575,136.071906549658,136.042626953125,136.041841402189
1180.3,136.04531792,136.083256647957,136.098691143819,136.098691143819,136.101416263475,136.058225,136.070569258041,136.042919921875,136.042126415503
1180.35,136.04531792,136.082980969084,136.098456193102,136.098456193102,136.101203727268,136.056875,136.069231966424,136.043212890625,136.042411428816
1180.4,136.04531792,136.082705290211,136.098221242386,136.098221242386,136.100991191061,136.055525,136.067894674808,136.043505859375,136.042696442129
1180.45,136.04531792,136.082429611338,136.097986291669,136.097986291669,136.100778654853,136.054175,136.066557383191,136.043798828125,136.042981455442
1180.5,136.04531792,136.082153932465,136.097751340952,136.097751340952,136.100566118646,136.052825,136.065220091574,136.044091796875,136.043266468755
1180.55,136.04531792,136.081878253592,136.097516390235,136.097516390235,136.100353582439,136.051475,136.063882799958,136.044384765625,136.043551482068
1180.6,136.04531792,136.081602574719,136.097281439518,136.097281439518,136.100141046231,136.050125,136.062545508341,136.044677734375,136.043836495381
1180.65,136.04531792,136.081326895846,136.097046488802,136.097046488802,136.099928510024,136.048775,136.061208216724,136.044970703125,136.044121508694
1180.7,136.04531792,136.081051216973,136.096811538085,136.096811538085,136.099715973817,136.047425,136.059870925108,136.045263671875,136.044406522007
1180.75,136.04531792,136.0807755381,136.096576587368,136.096576587368,136.099503437609,136.046075,136.058533633491,136.045556640625,136.044691535321
1180.8,136.04531792,136.080499859227,136.096341636651,136.096341636651,136.099290901402,136.044725,136.057196341874,136.045849609375,136.044976548634
1180.85,136.04531792,136.080224180354,136.096106685934,136.096106685934,136.099078365195,136.043375,136.055859050258,136.046142578125,136.045261561947
1180.9,136.04531792,136.079948501481,136.095871735217,136.095871735217,136.098865828988,136.042025,136.054521758641,136.046435546875,136.04554657526
1180.95,136.04531792,136.079672822608,136.095636784501,136.095636784501,136.09865329278,136.040675,136.053184467025,136.046728515625,136.045831588573
1181,136.04531792,136.079397143735,136.095401833784,136.095401833784,136.098440756573,136.0404,136.052922175408,136.047021484375,136.046116601886
1181.05,136.04531792,136.079121464862,136.095166883067,136.095166883067,136.098228220366,136.0412,136.053734883791,136.047314453125,136.046401615199
1181.1,136.04531792,136.078845785989,136.09493193235,136.09493193235,136.098015684158,136.042,136.054547592175,136.047607421875,136.046686628512
1181.15,136.04531792,136.078570107116,136.094696981633,136.094696981633,136.097803147951,136.0428,136.055360300558,136.047900390625,136.046971641825
1181.2,136.04531792,136.078294428243,136.094462030917,136.094462030917,136.097590611744,136.0436,136.056173008941,136.048193359375,136.047256655138
1181.25,136.04531792,136.07801874937,136.0942270802,136.0942270802,136.097378075536,136.0444,136.056985717325,136.048486328125,136.047541668452
1181.3,136.04531792,136.077743070497,136.093992129483,136.093992129483,136.097165539329,136.0452,136.057798425708,136.048779296875,136.047826681765
1181.35,136.04531792,136.077467391624,136.093757178766,136.093757178766,136.096953003122,136.046,136.058611134091,136.049072265625,136.048111695078
1181.4,136.04531792,136.077191712751,136.093522228049,136.093522228049,136.096740466914,136.0468,136.059423842475,136.049365234375,136.048396708391
1181.45,136.04531792,136.076916033879,136.093287277333,136.093287277333,136.096527930707,136.0476,136.060236550858,136.049658203125,136.048681721704
1181.5,136.04531792,136.076640355006,136.093052326616,136.093052326616,136.0963153945,136.0484,136.061049259241,136.049951171875,136.048966735017
1181.55,136.04531792,136.076364676133,136.092817375899,136.092817375899,136.096102858292,136.0492,136.061861967625,136.050244140625,136.04925174833
1181.6,136.04531792,136.07608899726,136.092582425182,136.092582425182,136.095890322085,136.05,136.062674676008,136.050537109375,136.049536761643
1181.65,136.04531792,136.075813318387,136.092347474465,136.092347474465,136.095677785878,136.0508,136.063487384392,136.050830078125,136.049821774956
1181.7,136.04531792,136.075537639514,136.092112523749,136.092112523749,136.09546524967,136.0516,136.064300092775,136.051123046875,136.050106788269
1181.75,136.04531792,136.075261960641,136.091877573032,136.091877573032,136.095252713463,136.0524,136.065112801158,136.051416015625,136.050391801583
1181.8,136.04531792,136.074986281768,136.091642622315,136.091642622315,136.095040177256,136.0532,136.065925509542,136.051708984375,136.050676814896
1181.85,136.04531792,136.074710602895,136.091407671598,136.091407671598,136.094827641049,136.054,136.066738217925,136.052001953125,136.050961828209
1181.9,136.04531792,136.074434924022,136.091172720881,136.091172720881,136.094615104841,136.0548,136.067550926308,136.052294921875,136.051246841522
1181.95,136.04531792,136.074159245149,136.090937770164,136.090937770164,136.094402568634,136.0556,136.068363634692,136.052587890625,136.051531854835
1182,136.04531792,136.074008566276,136.090827819448,136.090827819448,136.094315032427,136.056,136.068776343075,136.052880859375,136.051816868148
1182.05,136.04531792,136.073982887403,136.090842868731,136.090842868731,136.094352496219,136.056,136.068789051458,136.053173828125,136.052101881461
1182.1,136.04531792,136.07395720853,136.090857918014,136.090857918014,136.094389960012,136.056,136.068801759842,136.053466796875,136.052386894774
1182.15,136.04531792,136.073931529657,136.090872967297,136.090872967297,136.094427423805,136.056,136.068814468225,136.053759765625,136.052671908087
1182.2,136.04531792,136.073905850784,136.09088801658,136.09088801658,136.094464887597,136.056,136.068827176608,136.054052734375,136.052956921401
1182.25,136.04531792,136.073880171911,136.090903065864,136.090903065864,136.09450235139,136.056,136.068839884992,136.054345703125,136.053241934714
1182.3,136.04531792,136.073854493038,136.090918115147,136.090918115147,136.094539815183,136.056,136.068852593375,136.054638671875,136.053526948027
1182.35,136.04531792,136.073828814165,136.09093316443,136.09093316443,136.094577278975,136.056,136.068865301759,136.054931640625,136.05381196134
1182.4,136.04531792,136.073803135292,136.090948213713,136.090948213713,136.094614742768,136.056,136.068878010142,136.055224609375,136.054096974653
1182.45,136.04531792,136.073777456419,136.090963262996,136.090963262996,136.094652206561,136.056,136.068890718525,136.055517578125,136.054381987966
1182.5,136.04531792,136.073751777546,136.09097831228,136.09097831228,136.094689670353,136.056,136.068903426909,136.055810546875,136.054667001279
1182.55,136.04531792,136.073726098674,136.090993361563,136.090993361563,136.094727134146,136.056,136.068916135292,136.056103515625,136.054952014592
1182.6,136.04531792,136.073700419801,136.091008410846,136.091008410846,136.094764597939,136.056,136.068928843675,136.056396484375,136.055237027905
1182.65,136.04531792,136.073674740928,136.091023460129,136.091023460129,136.094802061731,136.056,136.068941552059,136.056689453125,136.055522041218
1182.7,136.04531792,136.073649062055,136.091038509412,136.091038509412,136.094839525524,136.056,136.068954260442,136.056982421875,136.055807054532
1182.75,136.04531792,136.073623383182,136.091053558696,136.091053558696,136.094876989317,136.056,136.068966968825,136.057275390625,136.056092067845
1182.8,136.04531792,136.073597704309,136.091068607979,136.091068607979,136.094914453109,136.056,136.068979677209,136.057568359375,136.056377081158
1182.85,136.04531792,136.073572025436,136.091083657262,136.091083657262,136.094951916902,136.056,136.068992385592,136.057861328125,136.056662094471
1182.9,136.04531792,136.073546346563,136.091098706545,136.091098706545,136.094989380695,136.056,136.069005093976,136.058154296875,136.056947107784
1182.95,136.04531792,136.07352066769,136.091113755828,136.091113755828,136.095026844488,136.056,136.069017802359,136.058447265625,136.057232121097
1183,136.04531792,136.073494988817,136.091128805111,136.091128805111,136.09506430828,136.056,136.069030510742,136.058740234375,136.05751713441
1183.05,136.04531792,136.073469309944,136.091143854395,136.091143854395,136.095101772073,136.056,136.069043219126,136.059033203125,136.057802147723
1183.1,136.04531792,136.073443631071,136.091158903678,136.091158903678,136.095139235866,136.056,136.069055927509,136.059326171875,136.058087161036
1183.15,136.04531792,136.073417952198,136.091173952961,136.091173952961,136.095176699658,136.056,136.069068635892,136.059619140625,136.05837217435
1183.2,136.04531792,136.073392273325,136.091189002244,136.091189002244,136.095214163451,136.056,136.069081344276,136.059912109375,136.058657187663
1183.25,136.04531792,136.073366594452,136.091204051527,136.091204051527,136.095251627244,136.056,136.069094052659,136.060205078125,136.058942200976
1183.3,136.04531792,136.073340915579,136.091219100811,136.091219100811,136.095289091036,136.056,136.069106761042,136.060498046875,136.059227214289
1183.35,136.04531792,136.073315236706,136.091234150094,136.091234150094,136.095326554829,136.056,136.069119469426,136.060791015625,136.059512227602
1183.4,136.04531792,136.073289557833,136.091249199377,136.091249199377,136.095364018622,136.056,136.069132177809,136.061083984375,136.059797240915
1183.45,136.04531792,136.07326387896,136.09126424866,136.09126424866,136.095401482414,136.056,136.069144886192,136.061376953125,136.060082254228
1183.5,136.04531792,136.073238200087,136.091279297943,136.091279297943,136.095438946207,136.056,136.069157594576,136.061669921875,136.060367267541
1183.55,136.04531792,136.073212521214,136.091294347227,136.091294347227,136.09547641,136.056,136.069170302959,136.061962890625,136.060652280854
1183.6,136.04531792,136.073186842341,136.09130939651,136.09130939651,136.095513873792,136.056,136.069183011343,136.062255859375,136.060937294167
1183.65,136.04531792,136.073161163468,136.091324445793,136.091324445793,136.095551337585,136.056,136.069195719726,136.062548828125,136.061222307481
1183.7,136.04531792,136.073135484596,136.091339495076,136.091339495076,136.095588801378,136.056,136.069208428109,136.062841796875,136.061507320794
1183.75,136.04531792,136.073109805723,136.091354544359,136.091354544359,136.09562626517,136.056,136.069221136493,136.063134765625,136.061792334107
1183.8,136.04531792,136.07308412685,136.091369593643,136.091369593643,136.095663728963,136.056,136.069233844876,136.063427734375,136.06207734742
1183.85,136.04531792,136.073058447977,136.091384642926,136.091384642926,136.095701192756,136.056,136.069246553259,136.063720703125,136.062362360733
1183.9,136.04531792,136.073032769104,136.091399692209,136.091399692209,136.095738656549,136.056,136.069259261643,136.064013671875,136.062647374046
1183.95,136.04531792,136.073007090231,136.091414741492,136.091414741492,136.095776120341,136.056,136.069271970026,136.064306640625,136.062932387359
1184,136.04531792,136.072981411358,136.091429790775,136.091429790775,136.095813584134,136.056525,136.069809678409,136.064599609375,136.063217400672
1184.05,136.04531792,136.072955732485,136.091444840058,136.091444840058,136.095851047927,136.057575,136.070872386793,136.064892578125,136.063502413985
1184.1,136.04531792,136.072930053612,136.091459889342,136.091459889342,136.095888511719,136.058625,136.071935095176,136.065185546875,136.063787427298
1184.15,136.04531792,136.072904374739,136.091474938625,136.091474938625,136.095925975512,136.059675,136.072997803559,136.065478515625,136.064072440612
1184.2,136.04531792,136.072878695866,136.091489987908,136.091489987908,136.095963439305,136.060725,136.074060511943,136.065771484375,136.064357453925
1184.25,136.04531792,136.072853016993,136.091505037191,136.091505037191,136.096000903097,136.061775,136.075123220326,136.066064453125,136.064642467238
1184.3,136.04531792,136.07282733812,136.091520086474,136.091520086474,136.09603836689,136.062825,136.07618592871,136.066357421875,136.064927480551
1184.35,136.04531792,136.072801659247,136.091535135758,136.091535135758,136.096075830683,136.063875,136.077248637093,136.066650390625,136.065212493864
1184.4,136.04531792,136.072775980374,136.091550185041,136.091550185041,136.096113294475,136.064925,136.078311345476,136.066943359375,136.065497507177
1184.45,136.04531792,136.072750301501,136.091565234324,136.091565234324,136.096150758268,136.065975,136.07937405386,136.067236328125,136.06578252049
1184.5,136.04531792,136.072724622628,136.091580283607,136.091580283607,136.096188222061,136.067025,136.080436762243,136.067529296875,136.066067533803
1184.55,136.04531792,136.072698943755,136.09159533289,136.09159533289,136.096225685853,136.068075,136.081499470626,136.067822265625,136.066352547116
1184.6,136.04531792,136.072673264882,136.091610382174,136.091610382174,136.096263149646,136.069125,136.08256217901,136.068115234375,136.06663756043
1184.65,136.04531792,136.072647586009,136.091625431457,136.091625431457,136.096300613439,136.070175,136.083624887393,136.068408203125,136.066922573743
1184.7,136.04531792,136.072621907136,136.09164048074,136.09164048074,136.096338077231,136.071225,136.084687595776,136.068701171875,136.067207587056
1184.75,136.04531792,136.072596228263,136.091655530023,136.091655530023,136.096375541024,136.072275,136.08575030416,136.068994140625,136.067492600369
1184.8,136.04531792,136.07257054939,136.091670579306,136.091670579306,136.096413004817,136.073325,136.086813012543,136.069287109375,136.067777613682
1184.85,136.04531792,136.072544870518,136.09168562859,136.09168562859,136.09645046861,136.074375,136.087875720926,136.069580078125,136.068062626995
1184.9,136.04531792,136.072519191645,136.091700677873,136.091700677873,136.096487932402,136.075425,136.08893842931,136.069873046875,136.068347640308
1184.95,136.04531792,136.072493512772,136.091715727156,136.091715727156,136.096525396195,136.076475,136.090001137693,136.070166015625,136.068632653621
1185,136.04531792,136.072467833899,136.091730776439,136.091730776439,136.096562859988,136.07735,136.090888846077,136.0703125,136.068771182559
1185.05,136.04531792,136.072442155026,136.091745825722,136.091745825722,136.09660032378,136.07805,136.09160155446,136.0703125,136.068763227122
1185.1,136.04531792,136.072416476153,136.091760875005,136.091760875005,136.096637787573,136.07875,136.092314262843,136.0703125,136.068755271686
1185.15,136.04531792,136.07239079728,136.091775924289,136.091775924289,136.096675251366,136.07945,136.093026971227,136.0703125,136.068747316249
1185.2,136.04531792,136.072365118407,136.091790973572,136.091790973572,136.096712715158,136.08015,136.09373967961,136.0703125,136.068739360812
1185.25,136.04531792,136.072339439534,136.091806022855,136.091806022855,136.096750178951,136.08085,136.094452387993,136.0703125,136.068731405375
1185.3,136.04531792,136.072313760661,136.091821072138,136.091821072138,136.096787642744,136.08155,136.095165096377,136.0703125,136.068723449938
1185.35,136.04531792,136.072288081788,136.091836121421,136.091836121421,136.096825106536,136.08225,136.09587780476,136.0703125,136.068715494501
1185.4,136.04531792,136.072262402915,136.091851170705,136.091851170705,136.096862570329,136.08295,136.096590513143,136.0703125,136.068707539064
1185.45,136.04530024,136.072236724042,136.091866219988,136.091866219988,136.096900034122,136.08365,136.097303221527,136.0703125,136.068699583627
1185.5,136.04523904,136.072211045169,136.091881269271,136.091881269271,136.096937497914,136.08435,136.09801592991,136.0703125,136.06869162819
1185.55,136.04514928,136.072185366296,136.091896318554,136.091896318554,136.096974961707,136.08505,136.098728638293,136.0703125,136.068683672754
1185.6,136.04505816,136.072159687423,136.091911367837,136.091911367837,136.0970124255,136.08575,136.099441346677,136.0703125,136.068675717317
1185.65,136.0449684,136.07213400855,136.091926417121,136.091926417121,136.097049889292,136.08645,136.10015405506,136.0703125,136.06866776188
1185.7,136.04487864,136.072108329677,136.091941466404,136.091941466404,136.097087353085,136.08715,136.100866763444,136.0703125,136.068659806443
1185.75,136.04478752,136.072082650804,136.091956515687,136.091956515687,136.097124816878,136.08785,136.101579471827,136.0703125,136.068651851006
1185.8,136.04469776,136.072056971931,136.09197156497,136.09197156497,136.09716228067,136.08855,136.10229218021,136.0703125,136.068643895569
1185.85,136.04460664,136.072031293058,136.091986614253,136.091986614253,136.097199744463,136.08925,136.103004888594,136.0703125,136.068635940132
1185.9,136.04451688,136.072005614185,136.092001663537,136.092001663537,136.097237208256,136.08995,136.103717596977,136.0703125,136.068627984695
1185.95,136.04442712,136.071979935313,136.09201671282,136.09201671282,136.097274672049,136.09065,136.10443030536,136.0703125,136.068620029258
1186,136.044336,136.07195425644,136.092031762103,136.092031762103,136.097312135841,136.09145,136.105243013744,136.0703125,136.068612073821
1186.05,136.04424624,136.071928577567,136.092046811386,136.092046811386,136.097349599634,136.09235,136.106155722127,136.0703125,136.068604118385
1186.1,136.04415512,136.071902898694,136.092061860669,136.092061860669,136.097387063427,136.09325,136.10706843051,136.0703125,136.068596162948
1186.15,136.04406536,136.071877219821,136.092076909952,136.092076909952,136.097424527219,136.09415,136.107981138894,136.0703125,136.068588207511
1186.2,136.0439756,136.071851540948,136.092091959236,136.092091959236,136.097461991012,136.09505,136.108893847277,136.0703125,136.068580252074
1186.25,136.04388448,136.071825862075,136.092107008519,136.092107008519,136.097499454805,136.09595,136.10980655566,136.0703125,136.068572296637
1186.3,136.04379472,136.071800183202,136.092122057802,136.092122057802,136.097536918597,136.09685,136.110719264044,136.0703125,136.0685643412
1186.35,136.04370496,136.071774504329,136.092137107085,136.092137107085,136.09757438239,136.09775,136.111631972427,136.0703125,136.068556385763
1186.4,136.04361384,136.071748825456,136.092152156368,136.092152156368,136.097611846183,136.09865,136.112544680811,136.0703125,136.068548430326
1186.45,136.04352408,136.071723146583,136.092167205652,136.092167205652,136.097649309975,136.09955,136.113457389194,136.0703125,136.068540474889
1186.5,136.04343296,136.07169746771,136.092182254935,136.092182254935,136.097686773768,136.10045,136.114370097577,136.0703125,136.068532519452
1186.55,136.0433432,136.071671788837,136.092197304218,136.092197304218,136.097724237561,136.10135,136.115282805961,136.0703125,136.068524564016
1186.6,136.04325344,136.071646109964,136.092212353501,136.092212353501,136.097761701353,136.10225,136.116195514344,136.0703125,136.068516608579
1186.65,136.04316232,136.071620431091,136.092227402784,136.092227402784,136.097799165146,136.10315,136.117108222727,136.0703125,136.068508653142
1186.7,136.04307256,136.071594752218,136.092242452068,136.092242452068,136.097836628939,136.10405,136.118020931111,136.0703125,136.068500697705
1186.75,136.0429828,136.071569073345,136.092257501351,136.092257501351,136.097874092731,136.10495,136.118933639494,136.0703125,136.068492742268
1186.8,136.04289168,136.071543394472,136.092272550634,136.092272550634,136.097911556524,136.10585,136.119846347877,136.0703125,136.068484786831
1186.85,136.04280192,136.071517715599,136.092287599917,136.092287599917,136.097949020317,136.10675,136.120759056261,136.0703125,136.068476831394
1186.9,136.0427108,136.071492036726,136.0923026492,136.0923026492,136.097986484109,136.10765,136.121671764644,136.0703125,136.068468875957
1186.95,136.04262104,136.071466357853,136.092317698484,136.092317698484,136.098023947902,136.10855,136.122584473027,136.0703125,136.06846092052
1187,136.04253128,136.07131567898,136.092207747767,136.092207747767,136.097936411695,136.109825,136.123872181411,136.0703125,136.068452965084
1187.05,136.04244016,136.071040000108,136.09197279705,136.09197279705,136.097723875488,136.111475,136.125534889794,136.0703125,136.068445009647
1187.1,136.0423504,136.070764321235,136.091737846333,136.091737846333,136.09751133928,136.113125,136.127197598178,136.0703125,136.06843705421
1187.15,136.04225928,136.070488642362,136.091502895616,136.091502895616,136.097298803073,136.114775,136.128860306561,136.0703125,136.068429098773
1187.2,136.04216952,136.070212963489,136.091267944899,136.091267944899,136.097086266866,136.116425,136.130523014944,136.0703125,136.068421143336
1187.25,136.04207976,136.069937284616,136.091032994183,136.091032994183,136.096873730658,136.118075,136.132185723328,136.0703125,136.068413187899
1187.3,136.04198864,136.069661605743,136.090798043466,136.090798043466,136.096661194451,136.119725,136.133848431711,136.0703125,136.068405232462
1187.35,136.04189888,136.06938592687,136.090563092749,136.090563092749,136.096448658244,136.121375,136.135511140094,136.0703125,136.068397277025
1187.4,136.04180912,136.069110247997,136.090328142032,136.090328142032,136.096236122036,136.123025,136.137173848478,136.0703125,136.068389321588
1187.45,136.041718,136.068834569124,136.090093191315,136.090093191315,136.096023585829,136.124675,136.138836556861,136.0703125,136.068381366151
1187.5,136.04162824,136.068558890251,136.089858240599,136.089858240599,136.095811049622,136.126325,136.140499265244,136.0703125,136.068373410715
1187.55,136.04153712,136.068283211378,136.089623289882,136.089623289882,136.095598513414,136.127975,136.142161973628,136.0703125,136.068365455278
1187.6,136.04144736,136.068007532505,136.089388339165,136.089388339165,136.095385977207,136.129625,136.143824682011,136.0703125,136.068357499841
1187.65,136.0413576,136.067731853632,136.089153388448,136.089153388448,136.095173441,136.131275,136.145487390394,136.0703125,136.068349544404
1187.7,136.04126648,136.067456174759,136.088918437731,136.088918437731,136.094960904792,136.132925,136.147150098778,136.0703125,136.068341588967
1187.75,136.04117672,136.067180495886,136.088683487015,136.088683487015,136.094748368585,136.134575,136.148812807161,136.0703125,136.06833363353
1187.8,136.0410856,136.066904817013,136.088448536298,136.088448536298,136.094535832378,136.136225,136.150475515545,136.0703125,136.068325678093
1187.85,136.04099584,136.06662913814,136.088213585581,136.088213585581,136.09432329617,136.137875,136.152138223928,136.0703125,136.068317722656
1187.9,136.04090608,136.066353459267,136.087978634864,136.087978634864,136.094110759963,136.139525,136.153800932311,136.0703125,136.068309767219
1187.95,136.04081496,136.066077780394,136.087743684147,136.087743684147,136.093898223756,136.141175,136.155463640695,136.0703125,136.068301811782
1188,136.0407252,136.065802101521,136.087508733431,136.087508733431,136.093685687549,136.14505,136.159351349078,136.0703125,136.068293856346
1188.05,136.04063544,136.065526422648,136.087273782714,136.087273782714,136.093473151341,136.15115,136.165464057461,136.0703125,136.068285900909
1188.1,136.04054432,136.065250743775,136.087038831997,136.087038831997,136.093260615134,136.15725,136.171576765845,136.0703125,136.068277945472
1188.15,136.04045456,136.064975064902,136.08680388128,136.08680388128,136.093048078927,136.16335,136.177689474228,136.0703125,136.068269990035
1188.2,136.04036344,136.06469938603,136.086568930563,136.086568930563,136.092835542719,136.16945,136.183802182611,136.0703125,136.068262034598
1188.25,136.04027368,136.064423707157,136.086333979847,136.086333979847,136.092623006512,136.17555,136.189914890995,136.0703125,136.068254079161
1188.3,136.04018392,136.064148028284,136.08609902913,136.08609902913,136.092410470305,136.18165,136.196027599378,136.0703125,136.068246123724
1188.35,136.0400928,136.063872349411,136.085864078413,136.085864078413,136.092197934097,136.18775,136.202140307762,136.0703125,136.068238168287
1188.4,136.04000304,136.063596670538,136.085629127696,136.085629127696,136.09198539789,136.19385,136.208253016145,136.0703125,136.06823021285
1188.45,136.03991328,136.063320991665,136.085394176979,136.085394176979,136.091772861683,136.19995,136.214365724528,136.0703125,136.068222257414
1188.5,136.03982216,136.063045312792,136.085159226262,136.085159226262,136.091560325475,136.20605,136.220478432912,136.0703125,136.068214301977
1188.55,136.0397324,136.062769633919,136.084924275546,136.084924275546,136.091347789268,136.21215,136.226591141295,136.0703125,136.06820634654
1188.6,136.03964128,136.062493955046,136.084689324829,136.084689324829,136.091135253061,136.21825,136.232703849678,136.0703125,136.068198391103
1188.65,136.03955152,136.062218276173,136.084454374112,136.084454374112,136.090922716853,136.22435,136.238816558062,136.0703125,136.068190435666
1188.7,136.03946176,136.0619425973,136.084219423395,136.084219423395,136.090710180646,136.23045,136.244929266445,136.0703125,136.068182480229
1188.75,136.03937064,136.061666918427,136.083984472678,136.083984472678,136.090497644439,136.23655,136.251041974828,136.0703125,136.068174524792
1188.8,136.03928088,136.061391239554,136.083749521962,136.083749521962,136.090285108231,136.24265,136.257154683212,136.0703125,136.068166569355
1188.85,136.03918976,136.061115560681,136.083514571245,136.083514571245,136.090072572024,136.24875,136.263267391595,136.0703125,136.068158613918
1188.9,136.0391,136.060839881808,136.083279620528,136.083279620528,136.089860035817,136.25485,136.269380099978,136.0703125,136.068150658481
1188.95,136.03901024,136.060564202935,136.083044669811,136.083044669811,136.08964749961,136.26095,136.275492808362,136.0703125,136.068142703045
1189,136.03891912,136.060288524062,136.082809719094,136.082809719094,136.089434963402,136.26435,136.278905516745,136.0703125,136.068134747608
1189.05,136.03882936,136.060012845189,136.082574768378,136.082574768378,136.089222427195,136.26505,136.279618225129,136.0703125,136.068126792171
1189.1,136.0387396,136.059737166316,136.082339817661,136.082339817661,136.089009890988,136.26575,136.280330933512,136.0703125,136.068118836734
1189.15,136.03864848,136.059461487443,136.082104866944,136.082104866944,136.08879735478,136.26645,136.281043641895,136.0703125,136.068110881297
1189.2,136.03855872,136.05918580857,136.081869916227,136.081869916227,136.088584818573,136.26715,136.281756350279,136.0703125,136.06810292586
1189.25,136.0384676,136.058910129697,136.08163496551,136.08163496551,136.088372282366,136.26785,136.282469058662,136.0703125,136.068094970423
1189.3,136.03837784,136.058634450824,136.081400014794,136.081400014794,136.088159746158,136.26855,136.283181767045,136.0703125,136.068087014986
1189.35,136.03828808,136.058358771952,136.081165064077,136.081165064077,136.087947209951,136.26925,136.283894475429,136.0703125,136.068079059549
1189.4,136.03819696,136.058083093079,136.08093011336,136.08093011336,136.087734673744,136.26995,136.284607183812,136.0703125,136.068071104113
1189.45,136.0381072,136.057807414206,136.080695162643,136.080695162643,136.087522137536,136.27065,136.285319892195,136.0703125,136.068063148676
1189.5,136.03801608,136.057531735333,136.080460211926,136.080460211926,136.087309601329,136.27135,136.286032600579,136.0703125,136.068055193239
1189.55,136.03792632,136.05725605646,136.080225261209,136.080225261209,136.087097065122,136.27205,136.286745308962,136.0703125,136.068047237802
1189.6,136.03783656,136.056980377587,136.079990310493,136.079990310493,136.086884528914,136.27275,136.287458017345,136.0703125,136.068039282365
1189.65,136.03774544,136.056704698714,136.079755359776,136.079755359776,136.086671992707,136.27345,136.288170725729,136.0703125,136.068031326928
1189.7,136.03765568,136.056429019841,136.079520409059,136.079520409059,136.0864594565,136.27415,136.288883434112,136.0703125,136.068023371491
1189.75,136.03756592,136.056153340968,136.079285458342,136.079285458342,136.086246920292,136.27485,136.289596142496,136.0703125,136.068015416054
1189.8,136.0374748,136.055877662095,136.079050507625,136.079050507625,136.086034384085,136.27555,136.290308850879,136.0703125,136.068007460617
1189.85,136.03738504,136.055601983222,136.078815556909,136.078815556909,136.085821847878,136.27625,136.291021559262,136.0703125,136.06799950518
1189.9,136.03729392,136.055326304349,136.078580606192,136.078580606192,136.08560931167,136.27695,136.291734267646,136.0703125,136.067991549744
1189.95,136.03720416,136.055050625476,136.078345655475,136.078345655475,136.085396775463,136.27765,136.292446976029,136.0703125,136.067983594307
1190,136.0371144,136.054774946603,136.078110704758,136.078110704758,136.085184239256,136.278,136.292809684412,136.0703125,136.06797563887
1190.05,136.03702328,136.054483511405,136.077869526234,136.077869526234,136.084971231475,136.278,136.292822621314,136.0703125,136.067967323597
1190.1,136.03693352,136.054192076206,136.077628347711,136.077628347711,136.084758223695,136.278,136.292835558217,136.0703125,136.067959008325
1190.15,136.03684376,136.053900641008,136.077387169187,136.077387169187,136.084545215914,136.278,136.292848495119,136.0703125,136.067950693053
1190.2,136.03675264,136.053609205809,136.077145990663,136.077145990663,136.084332208134,136.278,136.292861432021,136.0703125,136.067942377781
1190.25,136.03666288,136.053317770611,136.076904812139,136.076904812139,136.084119200353,136.278,136.292874368923,136.0703125,136.067934062508
1190.3,136.03657176,136.053026335412,136.076663633615,136.076663633615,136.083906192573,136.278,136.292887305825,136.0703125,136.067925747236
1190.35,136.036482,136.052734900214,136.076422455092,136.076422455092,136.083693184792,136.278,136.292900242728,136.0703125,136.067917431964
1190.4,136.03639224,136.052443465016,136.076181276568,136.076181276568,136.083480177012,136.278,136.29291317963,136.0703125,136.067909116691
1190.45,136.03630112,136.052152029817,136.075940098044,136.075940098044,136.083267169231,136.278,136.292926116532,136.0703125,136.067900801419
1190.5,136.03621136,136.051860594619,136.07569891952,136.07569891952,136.083054161451,136.278,136.292939053434,136.0703125,136.067892486147
1190.55,136.03612024,136.05156915942,136.075457740996,136.075457740996,136.08284115367,136.278,136.292951990336,136.0703125,136.067884170875
1190.6,136.03603048,136.051277724222,136.075216562473,136.075216562473,136.08262814589,136.278,136.292964927239,136.0703125,136.067875855602
1190.65,136.03594072,136.050986289023,136.074975383949,136.074975383949,136.082415138109,136.278,136.292977864141,136.0703125,136.06786754033
1190.7,136.0358496,136.050694853825,136.074734205425,136.074734205425,136.082202130329,136.278,136.292990801043,136.0703125,136.067859225058
1190.75,136.03575984,136.050403418627,136.074493026901,136.074493026901,136.081989122548,136.278,136.293003737945,136.0703125,136.067850909785
1190.8,136.03567008,136.050111983428,136.074251848378,136.074251848378,136.081776114768,136.278,136.293016674847,136.0703125,136.067842594513
1190.85,136.03557896,136.04982054823,136.074010669854,136.074010669854,136.081563106987,136.278,136.29302961175,136.0703125,136.067834279241
1190.9,136.0354892,136.049529113031,136.07376949133,136.07376949133,136.081350099207,136.278,136.293042548652,136.0703125,136.067825963969
1190.95,136.03539808,136.049237677833,136.073528312806,136.073528312806,136.081137091426,136.278,136.293055485554,136.0703125,136.067817648696
1191,136.03530832,136.048946242634,136.073287134282,136.073287134282,136.080924083646,136.278,136.293068422456,136.0703125,136.067809333424
1191.05,136.03521856,136.048654807436,136.073045955759,136.073045955759,136.080711075865,136.278,136.293081359358,136.0703125,136.067801018152
1191.1,136.03512744,136.048363372237,136.072804777235,136.072804777235,136.080498068085,136.278,136.29309429626,136.0703125,136.067792702879
1191.15,136.03503768,136.048071937039,136.072563598711,136.072563598711,136.080285060304,136.278,136.293107233163,136.0703125,136.067784387607
1191.2,136.03494656,136.047780501841,136.072322420187,136.072322420187,136.080072052524,136.278,136.293120170065,136.0703125,136.067776072335
1191.25,136.0348568,136.047489066642,136.072081241663,136.072081241663,136.079859044743,136.278,136.293133106967,136.0703125,136.067767757063
1191.3,136.03476704,136.047197631444,136.07184006314,136.07184006314,136.079646036963,136.278,136.293146043869,136.0703125,136.06775944179
1191.35,136.03467592,136.046906196245,136.071598884616,136.071598884616,136.079433029182,136.278,136.293158980771,136.0703125,136.067751126518
1191.4,136.03458616,136.046614761047,136.071357706092,136.071357706092,136.079220021402,136.278,136.293171917674,136.0703125,136.067742811246
1191.45,136.0344964,136.046323325848,136.071116527568,136.071116527568,136.079007013621,136.278,136.293184854576,136.0703125,136.067734495973
1191.5,136.03440528,136.04603189065,136.070875349044,136.070875349044,136.078794005841,136.278,136.293197791478,136.0703125,136.067726180701
1191.55,136.03431552,136.045740455451,136.070634170521,136.070634170521,136.07858099806,136.278,136.29321072838,136.0703125,136.067717865429
1191.6,136.0342244,136.045449020253,136.070392991997,136.070392991997,136.078367990279,136.278,136.293223665282,136.0703125,136.067709550157
1191.65,136.03413464,136.045157585055,136.070151813473,136.070151813473,136.078154982499,136.278,136.293236602185,136.0703125,136.067701234884
1191.7,136.03404488,136.044866149856,136.069910634949,136.069910634949,136.077941974718,136.278,136.293249539087,136.0703125,136.067692919612
1191.75,136.03395376,136.044574714658,136.069669456425,136.069669456425,136.077728966938,136.278,136.293262475989,136.0703125,136.06768460434
1191.8,136.033864,136.044283279459,136.069428277902,136.069428277902,136.077515959157,136.278,136.293275412891,136.0703125,136.067676289067
1191.85,136.03377424,136.043991844261,136.069187099378,136.069187099378,136.077302951377,136.278,136.293288349793,136.0703125,136.067667973795
1191.9,136.03368312,136.043700409062,136.068945920854,136.068945920854,136.077089943596,136.278,136.293301286695,136.0703125,136.067659658523
1191.95,136.03359336,136.043408973864,136.06870474233,136.06870474233,136.076876935816,136.278,136.293314223598,136.0703125,136.067651343251
1192,136.03350224,136.043117538666,136.068463563807,136.068463563807,136.076663928035,136.269525,136.2848521605,136.0703125,136.067643027978
1192.05,136.03341248,136.042826103467,136.068222385283,136.068222385283,136.076450920255,136.252575,136.267915097402,136.0703125,136.067634712706
1192.1,136.03332272,136.042534668269,136.067981206759,136.067981206759,136.076237912474,136.235625,136.250978034304,136.0703125,136.067626397434
1192.15,136.0332316,136.04224323307,136.067740028235,136.067740028235,136.076024904694,136.218675,136.234040971206,136.0703125,136.067618082161
1192.2,136.03314184,136.041951797872,136.067498849711,136.067498849711,136.075811896913,136.201725,136.217103908109,136.0703125,136.067609766889
1192.25,136.03305072,136.041660362673,136.067257671188,136.067257671188,136.075598889133,136.184775,136.200166845011,136.0703125,136.067601451617
1192.3,136.03296096,136.041368927475,136.067016492664,136.067016492664,136.075385881352,136.167825,136.183229781913,136.0703125,136.067593136345
1192.35,136.0328712,136.041077492276,136.06677531414,136.06677531414,136.075172873572,136.150875,136.166292718815,136.0703125,136.067584821072
1192.4,136.03278008,136.040786057078,136.066534135616,136.066534135616,136.074959865791,136.133925,136.149355655717,136.0703125,136.0675765058
1192.45,136.03269032,136.04049462188,136.066292957092,136.066292957092,136.074746858011,136.116975,136.13241859262,136.0703125,136.067568190528
1192.5,136.03260056,136.040203186681,136.066051778569,136.066051778569,136.07453385023,136.100025,136.115481529522,136.0703125,136.067559875256
1192.55,136.03250944,136.039911751483,136.065810600045,136.065810600045,136.07432084245,136.083075,136.098544466424,136.0703125,136.067551559983
1192.6,136.03241968,136.039620316284,136.065569421521,136.065569421521,136.074107834669,136.066125,136.081607403326,136.0703125,136.067543244711
1192.65,136.03232856,136.039328881086,136.065328242997,136.065328242997,136.073894826889,136.049175,136.064670340228,136.0703125,136.067534929439
1192.7,136.0322388,136.039037445887,136.065087064473,136.065087064473,136.073681819108,136.032225,136.04773327713,136.0703125,136.067526614166
1192.75,136.03214904,136.038746010689,136.06484588595,136.06484588595,136.073468811328,136.015275,136.030796214033,136.0703125,136.067518298894
1192.8,136.03205792,136.038454575491,136.064604707426,136.064604707426,136.073255803547,135.998325,136.013859150935,136.0703125,136.067509983622
1192.85,136.03196816,136.038163140292,136.064363528902,136.064363528902,136.073042795767,135.981375,135.996922087837,136.0703125,136.06750166835
1192.9,136.0318784,136.037871705094,136.064122350378,136.064122350378,136.072829787986,135.964425,135.979985024739,136.0703125,136.067493353077
1192.95,136.03178728,136.037580269895,136.063881171855,136.063881171855,136.072616780206,135.947475,135.963047961641,136.0703125,136.067485037805
1193,136.03169752,136.037413834697,136.063764993331,136.063764993331,136.072528772425,135.9385,135.954085898544,136.0703125,136.067476722533
1193.05,136.0316064,136.037372399498,136.063773814807,136.063773814807,136.072565764645,135.9375,135.953098835446,136.0703125,136.06746840726
1193.1,136.03151664,136.0373309643,136.063782636283,136.063782636283,136.072602756864,135.9365,135.952111772348,136.0703125,136.067460091988
1193.15,136.03142688,136.037289529101,136.063791457759,136.063791457759,136.072639749084,135.9355,135.95112470925,136.0703125,136.067451776716
1193.2,136.03133576,136.037248093903,136.063800279236,136.063800279236,136.072676741303,135.9345,135.950137646152,136.0703125,136.067443461444
1193.25,136.031246,136.037206658705,136.063809100712,136.063809100712,136.072713733523,135.9335,135.949150583055,136.0703125,136.067435146171
1193.3,136.03115488,136.037165223506,136.063817922188,136.063817922188,136.072750725742,135.9325,135.948163519957,136.0703125,136.067426830899
1193.35,136.03106512,136.037123788308,136.063826743664,136.063826743664,136.072787717962,135.9315,135.947176456859,136.0703125,136.067418515627
1193.4,136.03097536,136.037082353109,136.06383556514,136.06383556514,136.072824710181,135.9305,135.946189393761,136.0703125,136.067410200354
1193.45,136.03088424,136.037040917911,136.063844386617,136.063844386617,136.072861702401,135.9295,135.945202330663,136.0703125,136.067401885082
1193.5,136.03079448,136.036999482712,136.063853208093,136.063853208093,136.07289869462,135.9285,135.944215267565,136.0703125,136.06739356981
1193.55,136.03070472,136.036958047514,136.063862029569,136.063862029569,136.07293568684,135.9275,135.943228204468,136.0703125,136.067385254537
1193.6,136.0306136,136.036916612315,136.063870851045,136.063870851045,136.072972679059,135.9265,135.94224114137,136.0703125,136.067376939265
1193.65,136.03052384,136.036875177117,136.063879672521,136.063879672521,136.073009671278,135.9255,135.941254078272,136.0703125,136.067368623993
1193.7,136.03043272,136.036833741919,136.063888493998,136.063888493998,136.073046663498,135.9245,135.940267015174,136.0703125,136.067360308721
1193.75,136.03034296,136.03679230672,136.063897315474,136.063897315474,136.073083655717,135.9235,135.939279952076,136.0703125,136.067351993448
1193.8,136.0302532,136.036750871522,136.06390613695,136.06390613695,136.073120647937,135.9225,135.938292888979,136.0703125,136.067343678176
1193.85,136.03016208,136.036709436323,136.063914958426,136.063914958426,136.073157640156,135.9215,135.937305825881,136.0703125,136.067335362904
1193.9,136.03007232,136.036668001125,136.063923779902,136.063923779902,136.073194632376,135.9205,135.936318762783,136.0703125,136.067327047632
1193.95,136.0299812,136.036626565926,136.063932601379,136.063932601379,136.073231624595,135.9195,135.935331699685,136.0703125,136.067318732359
1194,136.02989144,136.036585130728,136.063941422855,136.063941422855,136.073268616815,135.9185,135.934344636587,136.0703125,136.067310417087
1194.05,136.02980168,136.03654369553,136.063950244331,136.063950244331,136.073305609034,135.9175,135.93335757349,136.0703125,136.067302101815
1194.1,136.02971056,136.036502260331,136.063959065807,136.063959065807,136.073342601254,135.9165,135.932370510392,136.0703125,136.067293786542
1194.15,136.0296208,136.036460825133,136.063967887284,136.063967887284,136.073379593473,135.9155,135.931383447294,136.0703125,136.06728547127
1194.2,136.02953104,136.036419389934,136.06397670876,136.06397670876,136.073416585693,135.9145,135.930396384196,136.0703125,136.067277155998
1194.25,136.02943992,136.036377954736,136.063985530236,136.063985530236,136.073453577912,135.9135,135.929409321098,136.0703125,136.067268840726
1194.3,136.02935016,136.036336519537,136.063994351712,136.063994351712,136.073490570132,135.9125,135.928422258,136.0703125,136.067260525453
1194.35,136.02925904,136.036295084339,136.064003173188,136.064003173188,136.073527562351,135.9115,135.927435194903,136.0703125,136.067252210181
1194.4,136.02916928,136.03625364914,136.064011994665,136.064011994665,136.073564554571,135.9105,135.926448131805,136.0703125,136.067243894909
1194.45,136.02907952,136.036212213942,136.064020816141,136.064020816141,136.07360154679,135.9095,135.925461068707,136.0703125,136.067235579636
1194.5,136.0289884,136.036170778744,136.064029637617,136.064029637617,136.07363853901,135.9085,135.924474005609,136.0703125,136.067227264364
1194.55,136.02889864,136.036129343545,136.064038459093,136.064038459093,136.073675531229,135.9075,135.923486942511,136.0703125,136.067218949092
1194.6,136.02880888,136.036087908347,136.064047280569,136.064047280569,136.073712523449,135.9065,135.922499879414,136.0703125,136.06721063382
1194.65,136.02871776,136.036046473148,136.064056102046,136.064056102046,136.073749515668,135.9055,135.921512816316,136.0703125,136.067202318547
1194.7,136.028628,136.03600503795,136.064064923522,136.064064923522,136.073786507888,135.9045,135.920525753218,136.0703125,136.067194003275
1194.75,136.02853688,136.035963602751,136.064073744998,136.064073744998,136.073823500107,135.9035,135.91953869012,136.0703125,136.067185688003
1194.8,136.02844712,136.035922167553,136.064082566474,136.064082566474,136.073860492327,135.9025,135.918551627022,136.0703125,136.06717737273
1194.85,136.02835736,136.035880732354,136.06409138795,136.06409138795,136.073897484546,135.9015,135.917564563925,136.0703125,136.067169057458
1194.9,136.02826624,136.035839297156,136.064100209427,136.064100209427,136.073934476766,135.9005,135.916577500827,136.0703125,136.067160742186
1194.95,136.02817648,136.035797861958,136.064109030903,136.064109030903,136.073971468985,135.8995,135.915590437729,136.0703125,136.067152426914
1195,136.02808536,136.035756426759,136.064117852379,136.064117852379,136.074008461205,135.899,135.915103374631,136.0703125,136.067144111641
1195.05,136.0279956,136.035714991561,136.064126673855,136.064126673855,136.074045453424,135.899,135.915116311533,136.0703125,136.067135796369
1195.1,136.02790584,136.035673556362,136.064135495331,136.064135495331,136.074082445644,135.899,135.915129248436,136.0703125,136.067127481097
1195.15,136.02781472,136.035632121164,136.064144316808,136.064144316808,136.074119437863,135.899,135.915142185338,136.0703125,136.067119165824
1195.2,136.02772496,136.035590685965,136.064153138284,136.064153138284,136.074156430083,135.899,135.91515512224,136.0703125,136.067110850552
1195.25,136.0276352,136.035549250767,136.06416195976,136.06416195976,136.074193422302,135.899,135.915168059142,136.0703125,136.06710253528
1195.3,136.02754408,136.035507815569,136.064170781236,136.064170781236,136.074230414522,135.899,135.915180996044,136.0703125,136.067094220008
1195.35,136.02745432,136.03546638037,136.064179602713,136.064179602713,136.074267406741,135.899,135.915193932946,136.0703125,136.067085904735
1195.4,136.0273632,136.035424945172,136.064188424189,136.064188424189,136.074304398961,135.899,135.915206869849,136.0703125,136.067077589463
1195.45,136.02727344,136.035383509973,136.064197245665,136.064197245665,136.07434139118,135.899,135.915219806751,136.0703125,136.067069274191
1195.5,136.02718368,136.035342074775,136.064206067141,136.064206067141,136.0743783834,135.899,135.915232743653,136.0703125,136.067060958918
1195.55,136.02709256,136.035300639576,136.064214888617,136.064214888617,136.074415375619,135.899,135.915245680555,136.0703125,136.067052643646
1195.6,136.0270028,136.035259204378,136.064223710094,136.064223710094,136.074452367839,135.899,135.915258617457,136.0703125,136.067044328374
1195.65,136.02691168,136.035217769179,136.06423253157,136.06423253157,136.074489360058,135.899,135.91527155436,136.0703125,136.067036013102
1195.7,136.02682192,136.035176333981,136.064241353046,136.064241353046,136.074526352278,135.899,135.915284491262,136.0703125,136.067027697829
1195.75,136.02673216,136.035134898783,136.064250174522,136.064250174522,136.074563344497,135.899,135.915297428164,136.0703125,136.067019382557
1195.8,136.02664104,136.035093463584,136.064258995998,136.064258995998,136.074600336717,135.899,135.915310365066,136.0703125,136.067011067285
1195.85,136.02655128,136.035052028386,136.064267817475,136.064267817475,136.074637328936,135.899,135.915323301968,136.0703125,136.067002752012
1195.9,136.02646152,136.035010593187,136.064276638951,136.064276638951,136.074674321155,135.899,135.915336238871,136.0703125,136.06699443674
1195.95,136.0263704,136.034969157989,136.064285460427,136.064285460427,136.074711313375,135.899,135.915349175773,136.0703125,136.066986121468
1196,136.02628064,136.03492772279,136.064294281903,136.064294281903,136.074748305594,135.899,135.915362112675,136.0703125,136.066977806196
1196.05,136.02618952,136.034886287592,136.064303103379,136.064303103379,136.074785297814,135.899,135.915375049577,136.0703125,136.066969490923
1196.1,136.02609976,136.034844852393,136.064311924856,136.064311924856,136.074822290033,135.899,135.915387986479,136.0703125,136.066961175651
1196.15,136.02601,136.034803417195,136.064320746332,136.064320746332,136.074859282253,135.899,135.915400923381,136.0703125,136.066952860379
1196.2,136.02591888,136.034761981997,136.064329567808,136.064329567808,136.074896274472,135.899,135.915413860284,136.0703125,136.066944545106
1196.25,136.02582912,136.034720546798,136.064338389284,136.064338389284,136.074933266692,135.899,135.915426797186,136.0703125,136.066936229834
1196.3,136.02573936,136.0346791116,136.064347210761,136.064347210761,136.074970258911,135.899,135.915439734088,136.0703125,136.066927914562
1196.35,136.02564824,136.034637676401,136.064356032237,136.064356032237,136.075007251131,135.899,135.91545267099,136.0703125,136.06691959929
1196.4,136.02555848,136.034596241203,136.064364853713,136.064364853713,136.07504424335,135.899,135.915465607892,136.0703125,136.066911284017
1196.45,136.02546736,136.034554806004,136.064373675189,136.064373675189,136.07508123557,135.899,135.915478544795,136.0703125,136.066902968745
1196.5,136.0253776,136.034513370806,136.064382496665,136.064382496665,136.075118227789,135.899,135.915491481697,136.0703125,136.066894653473
1196.55,136.02528784,136.034471935608,136.064391318142,136.064391318142,136.075155220009,135.899,135.915504418599,136.0703125,136.0668863382
1196.6,136.02519672,136.034430500409,136.064400139618,136.064400139618,136.075192212228,135.899,135.915517355501,136.0703125,136.066878022928
1196.65,136.02510696,136.034389065211,136.064408961094,136.064408961094,136.075229204448,135.899,135.915530292403,136.0703125,136.066869707656
1196.7,136.02501584,136.034347630012,136.06441778257,136.06441778257,136.075266196667,135.899,135.915543229306,136.0703125,136.066861392384
1196.75,136.02492608,136.034306194814,136.064426604046,136.064426604046,136.075303188887,135.899,135.915556166208,136.0703125,136.066853077111
1196.8,136.02483632,136.034264759615,136.064435425523,136.064435425523,136.075340181106,135.899,135.91556910311,136.0703125,136.066844761839
1196.85,136.0247452,136.034223324417,136.064444246999,136.064444246999,136.075377173326,135.899,135.915582040012,136.0703125,136.066836446567
1196.9,136.02465544,136.034181889218,136.064453068475,136.064453068475,136.075414165545,135.899,135.915594976914,136.0703125,136.066828131294
1196.95,136.02456568,136.03414045402,136.064461889951,136.064461889951,136.075451157765,135.899,135.915607913816,136.0703125,136.066819816022
1197,136.02447456,136.034099018822,136.064470711427,136.064470711427,136.075488149984,135.899,135.915620850719,136.0703125,136.06681150075
1197.05,136.0243848,136.034057583623,136.064479532904,136.064479532904,136.075525142204,135.899,135.915633787621,136.0703125,136.066803185478
1197.1,136.02429368,136.034016148425,136.06448835438,136.06448835438,136.075562134423,135.899,135.915646724523,136.0703125,136.066794870205
1197.15,136.02420392,136.033974713226,136.064497175856,136.064497175856,136.075599126643,135.899,135.915659661425,136.0703125,136.066786554933
1197.2,136.02411416,136.033933278028,136.064505997332,136.064505997332,136.075636118862,135.899,135.915672598327,136.0703125,136.066778239661
1197.25,136.02402304,136.033891842829,136.064514818809,136.064514818809,136.075673111082,135.899,135.91568553523,136.0703125,136.066769924388
1197.3,136.02393328,136.033850407631,136.064523640285,136.064523640285,136.075710103301,135.899,135.915698472132,136.0703125,136.066761609116
1197.35,136.02384216,136.033808972432,136.064532461761,136.064532461761,136.075747095521,135.899,135.915711409034,136.0703125,136.066753293844
1197.4,136.0237524,136.033767537234,136.064541283237,136.064541283237,136.07578408774,135.899,135.915724345936,136.0703125,136.066744978572
1197.45,136.02366264,136.033726102036,136.064550104713,136.064550104713,136.07582107996,135.899,135.915737282838,136.0703125,136.066736663299
1197.5,136.02357152,136.033684666837,136.06455892619,136.06455892619,136.075858072179,135.899,135.915750219741,136.0703125,136.066728348027
1197.55,136.02348176,136.033643231639,136.064567747666,136.064567747666,136.075895064399,135.899,135.915763156643,136.0703125,136.066720032755
1197.6,136.023392,136.03360179644,136.064576569142,136.064576569142,136.075932056618,135.899,135.915776093545,136.0703125,136.066711717482
1197.65,136.02330088,136.033560361242,136.064585390618,136.064585390618,136.075969048838,135.899,135.915789030447,136.0703125,136.06670340221
1197.7,136.02321112,136.033518926043,136.064594212094,136.064594212094,136.076006041057,135.899,135.915801967349,136.0703125,136.066695086938
1197.75,136.02312,136.033477490845,136.064603033571,136.064603033571,136.076043033277,135.899,135.915814904252,136.0703125,136.066686771666
1197.8,136.02303024,136.033436055647,136.064611855047,136.064611855047,136.076080025496,135.899,135.915827841154,136.0703125,136.066678456393
1197.85,136.02294048,136.033394620448,136.064620676523,136.064620676523,136.076117017716,135.899,135.915840778056,136.0703125,136.066670141121
1197.9,136.02284936,136.03335318525,136.064629497999,136.064629497999,136.076154009935,135.899,135.915853714958,136.0703125,136.066661825849
1197.95,136.0227596,136.033311750051,136.064638319475,136.064638319475,136.076191002155,135.899,135.91586665186,136.0703125,136.066653510576
1198,136.02266984,136.033270314853,136.064647140952,136.064647140952,136.076227994374,135.899,135.915879588762,136.0703125,136.066645195304
1198.05,136.02257872,136.033228879654,136.064655962428,136.064655962428,136.076264986593,135.899,135.915892525665,136.0703125,136.066636880032
1198.1,136.02248896,136.033187444456,136.064664783904,136.064664783904,136.076301978813,135.899,135.915905462567,136.0703125,136.06662856476
1198.15,136.02239784,136.033146009257,136.06467360538,136.06467360538,136.076338971032,135.899,135.915918399469,136.0703125,136.066620249487
1198.2,136.02230808,136.033104574059,136.064682426856,136.064682426856,136.076375963252,135.899,135.915931336371,136.0703125,136.066611934215
1198.25,136.02221832,136.033063138861,136.064691248333,136.064691248333,136.076412955471,135.899,135.915944273273,136.0703125,136.066603618943
1198.3,136.0221272,136.033021703662,136.064700069809,136.064700069809,136.076449947691,135.899,135.915957210176,136.0703125,136.06659530367
1198.35,136.02203744,136.032980268464,136.064708891285,136.064708891285,136.07648693991,135.899,135.915970147078,136.0703125,136.066586988398
1198.4,136.02194632,136.032938833265,136.064717712761,136.064717712761,136.07652393213,135.899,135.91598308398,136.0703125,136.066578673126
1198.45,136.02185656,136.032897398067,136.064726534238,136.064726534238,136.076560924349,135.899,135.915996020882,136.0703125,136.066570357854
1198.5,136.0217668,136.032855962868,136.064735355714,136.064735355714,136.076597916569,135.899,135.916008957784,136.0703125,136.066562042581
1198.55,136.02167568,136.03281452767,136.06474417719,136.06474417719,136.076634908788,135.899,135.916021894687,136.0703125,136.066553727309
1198.6,136.02158592,136.032773092472,136.064752998666,136.064752998666,136.076671901008,135.899,135.916034831589,136.0703125,136.066545412037
1198.65,136.02149616,136.032731657273,136.064761820142,136.064761820142,136.076708893227,135.899,135.916047768491,136.0703125,136.066537096764
1198.7,136.02140504,136.032690222075,136.064770641619,136.064770641619,136.076745885447,135.899,135.916060705393,136.0703125,136.066528781492
1198.75,136.02131528,136.032648786876,136.064779463095,136.064779463095,136.076782877666,135.899,135.916073642295,136.0703125,136.06652046622
1198.8,136.02122416,136.032607351678,136.064788284571,136.064788284571,136.076819869886,135.899,135.916086579197,136.0703125,136.066512150948
1198.85,136.0211344,136.032565916479,136.064797106047,136.064797106047,136.076856862105,135.899,135.9160995161,136.0703125,136.066503835675
1198.9,136.02104464,136.032524481281,136.064805927523,136.064805927523,136.076893854325,135.899,135.916112453002,136.0703125,136.066495520403
1198.95,136.02095352,136.032483046082,136.064814749,136.064814749,136.076930846544,135.899,135.916125389904,136.0703125,136.066487205131
1199,136.02086376,136.032441610884,136.064823570476,136.064823570476,136.076967838764,135.899,135.916138326806,136.0703125,136.066478889858
1199.05,136.02077264,136.032400175686,136.064832391952,136.064832391952,136.077004830983,135.899,135.916151263708,136.0703125,136.066470574586
1199.1,136.02068288,136.032358740487,136.064841213428,136.064841213428,136.077041823203,135.899,135.916164200611,136.0703125,136.066462259314
1199.15,136.02059312,136.032317305289,136.064850034904,136.064850034904,136.077078815422,135.899,135.916177137513,136.0703125,136.066453944042
1199.2,136.020502,136.03227587009,136.064858856381,136.064858856381,136.077115807642,135.899,135.916190074415,136.0703125,136.066445628769
1199.25,136.02041224,136.032234434892,136.064867677857,136.064867677857,136.077152799861,135.899,135.916203011317,136.0703125,136.066437313497
1199.3,136.02032248,136.032192999693,136.064876499333,136.064876499333,136.077189792081,135.899,135.916215948219,136.0703125,136.066428998225
1199.35,136.02023136,136.032151564495,136.064885320809,136.064885320809,136.0772267843,135.899,135.916228885122,136.0703125,136.066420682952
1199.4,136.0201416,136.032110129296,136.064894142285,136.064894142285,136.07726377652,135.899,135.916241822024,136.0703125,136.06641236768
1199.45,136.02005048,136.032068694098,136.064902963762,136.064902963762,136.077300768739,135.899,135.916254758926,136.0703125,136.066404052408
1199.5,136.01996072,136.0320272589,136.064911785238,136.064911785238,136.077337760959,135.899,135.916267695828,136.0703125,136.066395737136
1199.55,136.01987096,136.031985823701,136.064920606714,136.064920606714,136.077374753178,135.899,135.91628063273,136.0703125,136.066387421863
1199.6,136.01977984,136.031944388503,136.06492942819,136.06492942819,136.077411745398,135.899,135.916293569632,136.0703125,136.066379106591
1199.65,136.01969008,136.031902953304,136.064938249667,136.064938249667,136.077448737617,135.899,135.916306506535,136.0703125,136.066370791319
1199.7,136.01960032,136.031861518106,136.064947071143,136.064947071143,136.077485729837,135.899,135.916319443437,136.0703125,136.066362476046
1199.75,136.0195092,136.031820082907,136.064955892619,136.064955892619,136.077522722056,135.899,135.916332380339,136.0703125,136.066354160774
1199.8,136.01941944,136.031778647709,136.064964714095,136.064964714095,136.077559714276,135.899,135.916345317241,136.0703125,136.066345845502
1199.85,136.01932832,136.031737212511,136.064973535571,136.064973535571,136.077596706495,135.899,135.916358254143,136.0703125,136.06633753023
1199.9,136.01923856,136.031695777312,136.064982357048,136.064982357048,136.077633698715,135.899,135.916371191046,136.0703125,136.066329214957
1199.95,136.0191488,136.031654342114,136.064991178524,136.064991178524,136.077670690934,135.899,135.916384127948,136.0703125,136.066320899685
