time_s,GPS_Hz,SMR,F02,VS_FM,UNB,MFT,MFT_FM,SUV,SUV_FM
900,94.10786312,94.0979793581203,94.102620090071,94.102620090071,94.1026205488003,94.095,94.0950504344444,94.09765625,94.0995561463065
900.05,94.10782552,94.0979707947142,94.1025964520049,94.1025964520049,94.1025969217755,94.095,94.0950516551919,94.09765625,94.0995475596162
900.1,94.10778792,94.0979622313081,94.1025728139387,94.1025728139387,94.1025732947506,94.095,94.0950528759394,94.09765625,94.0995389729259
900.15,94.10775126,94.097953667902,94.1025491758725,94.1025491758725,94.1025496677258,94.095,94.0950540966869,94.09765625,94.0995303862356
900.2,94.10771366,94.0979451044959,94.1025255378063,94.1025255378063,94.1025260407009,94.095,94.0950553174344,94.09765625,94.0995217995453
900.25,94.107677,94.0979365410898,94.1025018997402,94.1025018997402,94.1025024136761,94.095,94.0950565381819,94.09765625,94.099513212855
900.3,94.1076394,94.0979279776837,94.102478261674,94.102478261674,94.1024787866512,94.095,94.0950577589294,94.09765625,94.0995046261647
900.35,94.10760274,94.0979194142776,94.1024546236078,94.1024546236078,94.1024551596264,94.095,94.0950589796769,94.09765625,94.0994960394744
900.4,94.10756514,94.0979108508715,94.1024309855416,94.1024309855416,94.1024315326015,94.095,94.0950602004244,94.09765625,94.0994874527841
900.45,94.10752754,94.0979022874654,94.1024073474755,94.1024073474755,94.1024079055767,94.095,94.0950614211719,94.09765625,94.0994788660938
900.5,94.10749088,94.0978937240593,94.1023837094093,94.1023837094093,94.1023842785519,94.095,94.0950626419194,94.09765625,94.0994702794035
900.55,94.10745328,94.0978851606532,94.1023600713431,94.1023600713431,94.102360651527,94.095,94.0950638626668,94.09765625,94.0994616927132
900.6,94.10741662,94.0978765972471,94.1023364332769,94.1023364332769,94.1023370245022,94.095,94.0950650834143,94.09765625,94.0994531060229
900.65,94.10737902,94.097868033841,94.1023127952108,94.1023127952108,94.1023133974773,94.095,94.0950663041618,94.09765625,94.0994445193326
900.7,94.10734236,94.0978594704349,94.1022891571446,94.1022891571446,94.1022897704525,94.095,94.0950675249093,94.09765625,94.0994359326423
900.75,94.10730476,94.0978509070288,94.1022655190784,94.1022655190784,94.1022661434276,94.095,94.0950687456568,94.09765625,94.099427345952
900.8,94.10726716,94.0978423436227,94.1022418810122,94.1022418810122,94.1022425164028,94.095,94.0950699664043,94.09765625,94.0994187592617
900.85,94.1072305,94.0978337802166,94.1022182429461,94.1022182429461,94.102218889378,94.095,94.0950711871518,94.09765625,94.0994101725714
900.9,94.1071929,94.0978252168105,94.1021946048799,94.1021946048799,94.1021952623531,94.095,94.0950724078993,94.09765625,94.0994015858811
900.95,94.10715624,94.0978166534044,94.1021709668137,94.1021709668137,94.1021716353283,94.095,94.0950736286468,94.09765625,94.0993929991908
901,94.10711864,94.0978080899983,94.1021473287475,94.1021473287475,94.1021480083034,94.095,94.0950748493943,94.09765625,94.0993844125005
901.05,94.10708198,94.0977995265922,94.1021236906814,94.1021236906814,94.1021243812786,94.095,94.0950760701418,94.09765625,94.0993758258102
901.1,94.10704438,94.0977909631861,94.1021000526152,94.1021000526152,94.1021007542537,94.095,94.0950772908893,94.09765625,94.0993672391199
901.15,94.10700678,94.09778239978,94.102076414549,94.102076414549,94.1020771272289,94.095,94.0950785116368,94.09765625,94.0993586524296
901.2,94.10697012,94.0977738363739,94.1020527764829,94.1020527764829,94.102053500204,94.095,94.0950797323843,94.09765625,94.0993500657393
901.25,94.10693252,94.0977652729678,94.1020291384167,94.1020291384167,94.1020298731792,94.095,94.0950809531318,94.09765625,94.099341479049
901.3,94.10689586,94.0977567095617,94.1020055003505,94.1020055003505,94.1020062461543,94.095,94.0950821738793,94.09765625,94.0993328923587
901.35,94.10685826,94.0977481461556,94.1019818622843,94.1019818622843,94.1019826191295,94.095,94.0950833946268,94.09765625,94.0993243056684
901.4,94.1068216,94.0977395827495,94.1019582242182,94.1019582242182,94.1019589921047,94.095,94.0950846153742,94.09765625,94.0993157189781
901.45,94.106784,94.0977310193434,94.101934586152,94.101934586152,94.1019353650798,94.095,94.0950858361217,94.09765625,94.0993071322878
901.5,94.1067464,94.0977224559373,94.1019109480858,94.1019109480858,94.101911738055,94.095,94.0950870568692,94.09765625,94.0992985455975
901.55,94.10670974,94.0977138925312,94.1018873100196,94.1018873100196,94.1018881110301,94.095,94.0950882776167,94.09765625,94.0992899589072
901.6,94.10667214,94.0977053291251,94.1018636719535,94.1018636719535,94.1018644840053,94.095,94.0950894983642,94.09765625,94.099281372217
901.65,94.10663548,94.097696765719,94.1018400338873,94.1018400338873,94.1018408569804,94.095,94.0950907191117,94.09765625,94.0992727855267
901.7,94.10659788,94.0976882023129,94.1018163958211,94.1018163958211,94.1018172299556,94.095,94.0950919398592,94.09765625,94.0992641988364
901.75,94.10656122,94.0976796389068,94.1017927577549,94.1017927577549,94.1017936029307,94.095,94.0950931606067,94.09765625,94.0992556121461
901.8,94.10652362,94.0976710755007,94.1017691196888,94.1017691196888,94.1017699759059,94.095,94.0950943813542,94.09765625,94.0992470254558
901.85,94.10648602,94.0976625120946,94.1017454816226,94.1017454816226,94.1017463488811,94.095,94.0950956021017,94.09765625,94.0992384387655
901.9,94.10644936,94.0976539486885,94.1017218435564,94.1017218435564,94.1017227218562,94.095,94.0950968228492,94.09765625,94.0992298520752
901.95,94.10641176,94.0976453852824,94.1016982054903,94.1016982054903,94.1016990948314,94.095,94.0950980435967,94.09765625,94.0992212653849
902,94.1063751,94.0976368218763,94.1016745674241,94.1016745674241,94.1016754678065,94.095,94.0950992643442,94.09765625,94.0992126786946
902.05,94.1063375,94.0976282584702,94.1016509293579,94.1016509293579,94.1016518407817,94.095,94.0951004850917,94.09765625,94.0992040920043
902.1,94.10630084,94.0976196950641,94.1016272912917,94.1016272912917,94.1016282137568,94.095,94.0951017058392,94.09765625,94.099195505314
902.15,94.10626324,94.097611131658,94.1016036532256,94.1016036532256,94.101604586732,94.095,94.0951029265867,94.09765625,94.0991869186237
902.2,94.10622564,94.0976025682519,94.1015800151594,94.1015800151594,94.1015809597071,94.095,94.0951041473342,94.09765625,94.0991783319334
902.25,94.10618898,94.0975940048458,94.1015563770932,94.1015563770932,94.1015573326823,94.095,94.0951053680816,94.09765625,94.0991697452431
902.3,94.10615138,94.0975854414397,94.101532739027,94.101532739027,94.1015337056574,94.095,94.0951065888292,94.09765625,94.0991611585528
902.35,94.10611472,94.0975768780335,94.1015091009609,94.1015091009609,94.1015100786326,94.095,94.0951078095766,94.09765625,94.0991525718625
902.4,94.10607712,94.0975683146275,94.1014854628947,94.1014854628947,94.1014864516078,94.095,94.0951090303241,94.09765625,94.0991439851722
902.45,94.10604046,94.0975597512214,94.1014618248285,94.1014618248285,94.1014628245829,94.095,94.0951102510716,94.09765625,94.0991353984819
902.5,94.10600286,94.0975511878153,94.1014381867623,94.1014381867623,94.1014391975581,94.095,94.0951114718191,94.09765625,94.0991268117916
902.55,94.10596526,94.0975426244092,94.1014145486962,94.1014145486962,94.1014155705332,94.095,94.0951126925666,94.09765625,94.0991182251013
902.6,94.1059286,94.0975340610031,94.10139091063,94.10139091063,94.1013919435084,94.095,94.0951139133141,94.09765625,94.099109638411
902.65,94.105891,94.0975254975969,94.1013672725638,94.1013672725638,94.1013683164835,94.095,94.0951151340616,94.09765625,94.0991010517207
902.7,94.10585434,94.0975169341908,94.1013436344976,94.1013436344976,94.1013446894587,94.095,94.0951163548091,94.09765625,94.0990924650304
902.75,94.10581674,94.0975083707848,94.1013199964315,94.1013199964315,94.1013210624339,94.095,94.0951175755566,94.09765625,94.0990838783401
902.8,94.10578008,94.0974998073787,94.1012963583653,94.1012963583653,94.101297435409,94.095,94.0951187963041,94.09765625,94.0990752916498
902.85,94.10574248,94.0974912439726,94.1012727202991,94.1012727202991,94.1012738083842,94.095,94.0951200170516,94.09765625,94.0990667049595
902.9,94.10570488,94.0974826805665,94.1012490822329,94.1012490822329,94.1012501813593,94.095,94.0951212377991,94.09765625,94.0990581182692
902.95,94.10566822,94.0974741171603,94.1012254441668,94.1012254441668,94.1012265543345,94.095,94.0951224585466,94.09765625,94.0990495315789
903,94.10563062,94.0974655537542,94.1012018061006,94.1012018061006,94.1012029273096,94.095,94.0951236792941,94.09765625,94.0990409448886
903.05,94.10559396,94.0974569903481,94.1011781680344,94.1011781680344,94.1011793002848,94.095,94.0951249000416,94.09765625,94.0990323581983
903.1,94.10555636,94.0974484269421,94.1011545299683,94.1011545299683,94.1011556732599,94.095,94.0951261207891,94.09765625,94.099023771508
903.15,94.1055197,94.097439863536,94.1011308919021,94.1011308919021,94.1011320462351,94.095,94.0951273415366,94.09765625,94.0990151848177
903.2,94.1054821,94.0974313001298,94.1011072538359,94.1011072538359,94.1011084192102,94.095,94.095128562284,94.09765625,94.0990065981274
903.25,94.1054445,94.0974227367237,94.1010836157697,94.1010836157697,94.1010847921854,94.095,94.0951297830315,94.09765625,94.0989980114371
903.3,94.10540784,94.0974141733176,94.1010599777036,94.1010599777036,94.1010611651606,94.095,94.095131003779,94.09765625,94.0989894247468
903.35,94.10537024,94.0974056099115,94.1010363396374,94.1010363396374,94.1010375381357,94.095,94.0951322245265,94.09765625,94.0989808380565
903.4,94.10533358,94.0973970465054,94.1010127015712,94.1010127015712,94.1010139111109,94.095,94.095133445274,94.09765625,94.0989722513662
903.45,94.10529598,94.0973884830994,94.100989063505,94.100989063505,94.100990284086,94.095,94.0951346660215,94.09765625,94.0989636646759
903.5,94.10525932,94.0973799196932,94.1009654254389,94.1009654254389,94.1009666570612,94.095,94.095135886769,94.09765625,94.0989550779856
903.55,94.10522172,94.0973713562871,94.1009417873727,94.1009417873727,94.1009430300363,94.095,94.0951371075165,94.09765625,94.0989464912953
903.6,94.10518412,94.097362792881,94.1009181493065,94.1009181493065,94.1009194030115,94.095,94.095138328264,94.09765625,94.098937904605
903.65,94.10514746,94.0973542294749,94.1008945112403,94.1008945112403,94.1008957759866,94.095,94.0951395490115,94.09765625,94.0989293179147
903.7,94.10510986,94.0973456660688,94.1008708731742,94.1008708731742,94.1008721489618,94.095,94.095140769759,94.09765625,94.0989207312244
903.75,94.1050732,94.0973371026627,94.100847235108,94.100847235108,94.100848521937,94.095,94.0951419905065,94.09765625,94.0989121445341
903.8,94.1050356,94.0973285392566,94.1008235970418,94.1008235970418,94.1008248949121,94.095,94.095143211254,94.09765625,94.0989035578438
903.85,94.10499894,94.0973199758505,94.1007999589756,94.1007999589756,94.1008012678873,94.095,94.0951444320015,94.09765625,94.0988949711535
903.9,94.10496134,94.0973114124444,94.1007763209095,94.1007763209095,94.1007776408624,94.095,94.095145652749,94.09765625,94.0988863844632
903.95,94.10492374,94.0973028490383,94.1007526828433,94.1007526828433,94.1007540138376,94.095,94.0951468734965,94.09765625,94.0988777977729
904,94.10488708,94.0972942856322,94.1007290447771,94.1007290447771,94.1007303868127,94.095,94.095148094244,94.09765625,94.0988692110826
904.05,94.10484948,94.0972857222261,94.1007054067109,94.1007054067109,94.1007067597879,94.095,94.0951493149914,94.09765625,94.0988606243923
904.1,94.10481282,94.09727715882,94.1006817686448,94.1006817686448,94.100683132763,94.095,94.0951505357389,94.09765625,94.098852037702
904.15,94.10477522,94.0972685954139,94.1006581305786,94.1006581305786,94.1006595057382,94.095,94.0951517564864,94.09765625,94.0988434510117
904.2,94.10473856,94.0972600320078,94.1006344925124,94.1006344925124,94.1006358787133,94.095,94.0951529772339,94.09765625,94.0988348643214
904.25,94.10470096,94.0972514686017,94.1006108544462,94.1006108544462,94.1006122516885,94.095,94.0951541979814,94.09765625,94.0988262776311
904.3,94.10466336,94.0972429051956,94.1005872163801,94.1005872163801,94.1005886246637,94.095,94.0951554187289,94.09765625,94.0988176909408
904.35,94.1046267,94.0972343417895,94.1005635783139,94.1005635783139,94.1005649976388,94.095,94.0951566394764,94.09765625,94.0988091042505
904.4,94.1045891,94.0972257783834,94.1005399402477,94.1005399402477,94.100541370614,94.095,94.0951578602239,94.09765625,94.0988005175602
904.45,94.10455244,94.0972172149773,94.1005163021816,94.1005163021816,94.1005177435891,94.095,94.0951590809714,94.09765625,94.0987919308699
904.5,94.10451484,94.0972086515712,94.1004926641154,94.1004926641154,94.1004941165643,94.095,94.0951603017189,94.09765625,94.0987833441796
904.55,94.10447724,94.0972000881651,94.1004690260492,94.1004690260492,94.1004704895394,94.095,94.0951615224664,94.09765625,94.0987747574893
904.6,94.10444058,94.097191524759,94.100445387983,94.100445387983,94.1004468625146,94.095,94.0951627432139,94.09765625,94.098766170799
904.65,94.10440298,94.0971829613529,94.1004217499169,94.1004217499169,94.1004232354898,94.095,94.0951639639614,94.09765625,94.0987575841087
904.7,94.10436632,94.0971743979468,94.1003981118507,94.1003981118507,94.1003996084649,94.095,94.0951651847089,94.09765625,94.0987489974184
904.75,94.10432872,94.0971658345407,94.1003744737845,94.1003744737845,94.1003759814401,94.095,94.0951664054564,94.09765625,94.0987404107281
904.8,94.10429206,94.0971572711346,94.1003508357183,94.1003508357183,94.1003523544152,94.095,94.0951676262039,94.09765625,94.0987318240378
904.85,94.10425446,94.0971487077285,94.1003271976522,94.1003271976522,94.1003287273904,94.095,94.0951688469514,94.09765625,94.0987232373475
904.9,94.10421686,94.0971401443224,94.100303559586,94.100303559586,94.1003051003655,94.095,94.0951700676988,94.09765625,94.0987146506572
904.95,94.1041802,94.0971315809163,94.1002799215198,94.1002799215198,94.1002814733407,94.095,94.0951712884464,94.09765625,94.0987060639669
905,94.1041426,94.0971230175102,94.1002562834536,94.1002562834536,94.1002578463158,94.0950375,94.0952100091938,94.09765625,94.0986974772766
905.05,94.10410594,94.0971144541041,94.1002326453875,94.1002326453875,94.100234219291,94.0951125,94.0952862299413,94.09765625,94.0986888905863
905.1,94.10406834,94.097105890698,94.1002090073213,94.1002090073213,94.1002105922662,94.0951875,94.0953624506888,94.09765625,94.098680303896
905.15,94.10403168,94.0970973272919,94.1001853692551,94.1001853692551,94.1001869652413,94.0952625,94.0954386714363,94.09765625,94.0986717172057
905.2,94.10399408,94.0970887638858,94.1001617311889,94.1001617311889,94.1001633382165,94.0953375,94.0955148921838,94.09765625,94.0986631305154
905.25,94.10395648,94.0970802004797,94.1001380931228,94.1001380931228,94.1001397111916,94.0954125,94.0955911129313,94.09765625,94.0986545438251
905.3,94.10391982,94.0970716370736,94.1001144550566,94.1001144550566,94.1001160841668,94.0954875,94.0956673336788,94.09765625,94.0986459571348
905.35,94.10388222,94.0970630736675,94.1000908169904,94.1000908169904,94.1000924571419,94.0955625,94.0957435544263,94.09765625,94.0986373704445
905.4,94.10384556,94.0970545102614,94.1000671789242,94.1000671789242,94.1000688301171,94.0956375,94.0958197751738,94.09765625,94.0986287837542
905.45,94.10380796,94.0970459468553,94.1000435408581,94.1000435408581,94.1000452030922,94.0957125,94.0958959959213,94.09765625,94.0986201970639
905.5,94.1037713,94.0970373834492,94.1000199027919,94.1000199027919,94.1000215760674,94.0957875,94.0959722166688,94.09765625,94.0986116103736
905.55,94.1037337,94.0970288200431,94.0999962647257,94.0999962647257,94.0999979490425,94.0958625,94.0960484374163,94.09765625,94.0986030236833
905.6,94.1036961,94.097020256637,94.0999726266596,94.0999726266596,94.0999743220177,94.0959375,94.0961246581638,94.09765625,94.098594436993
905.65,94.10365944,94.0970116932309,94.0999489885934,94.0999489885934,94.0999506949929,94.0960125,94.0962008789113,94.09765625,94.0985858503027
905.7,94.10362184,94.0970031298248,94.0999253505272,94.0999253505272,94.099927067968,94.0960875,94.0962770996588,94.09765625,94.0985772636124
905.75,94.10358518,94.0969945664187,94.099901712461,94.099901712461,94.0999034409432,94.0961625,94.0963533204063,94.09765625,94.0985686769221
905.8,94.10354758,94.0969860030126,94.0998780743949,94.0998780743949,94.0998798139183,94.0962375,94.0964295411538,94.09765625,94.0985600902318
905.85,94.10351092,94.0969774396065,94.0998544363287,94.0998544363287,94.0998561868935,94.0963125,94.0965057619012,94.09765625,94.0985515035415
905.9,94.10347332,94.0969688762004,94.0998307982625,94.0998307982625,94.0998325598686,94.0963875,94.0965819826487,94.09765625,94.0985429168512
905.95,94.10343572,94.0969603127943,94.0998071601963,94.0998071601963,94.0998089328438,94.0964625,94.0966582033962,94.09765625,94.0985343301609
906,94.10339906,94.0969517493882,94.0997835221302,94.0997835221302,94.0997853058189,94.0965375,94.0967344241437,94.09765625,94.0985257434706
906.05,94.10336146,94.0969431859821,94.099759884064,94.099759884064,94.0997616787941,94.0966125,94.0968106448912,94.09765625,94.0985171567803
906.1,94.1033248,94.096934622576,94.0997362459978,94.0997362459978,94.0997380517693,94.0966875,94.0968868656387,94.09765625,94.09850857009
906.15,94.1032872,94.0969260591699,94.0997126079317,94.0997126079317,94.0997144247444,94.0967625,94.0969630863862,94.09765625,94.0984999833997
906.2,94.10325054,94.0969174957638,94.0996889698655,94.0996889698655,94.0996907977196,94.0968375,94.0970393071337,94.09765625,94.0984913967094
906.25,94.10321294,94.0969089323577,94.0996653317993,94.0996653317993,94.0996671706947,94.0969125,94.0971155278812,94.09765625,94.0984828100191
906.3,94.10317534,94.0969003689516,94.0996416937331,94.0996416937331,94.0996435436699,94.0969875,94.0971917486287,94.09765625,94.0984742233288
906.35,94.10313868,94.0968918055455,94.099618055667,94.099618055667,94.099619916645,94.0970625,94.0972679693762,94.09765625,94.0984656366385
906.4,94.10310108,94.0968832421394,94.0995944176008,94.0995944176008,94.0995962896202,94.0971375,94.0973441901237,94.09765625,94.0984570499482
906.45,94.10306442,94.0968746787333,94.0995707795346,94.0995707795346,94.0995726625953,94.0972125,94.0974204108712,94.09765625,94.0984484632579
906.5,94.10302682,94.0968661153272,94.0995471414684,94.0995471414684,94.0995490355705,94.0972875,94.0974966316187,94.09765625,94.0984398765676
906.55,94.10299016,94.0968575519211,94.0995235034023,94.0995235034023,94.0995254085457,94.0973625,94.0975728523662,94.09765625,94.0984312898773
906.6,94.10295256,94.096848988515,94.0994998653361,94.0994998653361,94.0995017815208,94.0974375,94.0976490731137,94.09765625,94.098422703187
906.65,94.10291496,94.0968404251089,94.0994762272699,94.0994762272699,94.099478154496,94.0975125,94.0977252938611,94.09765625,94.0984141164967
906.7,94.1028783,94.0968318617028,94.0994525892037,94.0994525892037,94.0994545274711,94.0975875,94.0978015146086,94.09765625,94.0984055298064
906.75,94.1028407,94.0968232982967,94.0994289511376,94.0994289511376,94.0994309004463,94.0976625,94.0978777353561,94.09765625,94.0983969431161
906.8,94.10280404,94.0968147348906,94.0994053130714,94.0994053130714,94.0994072734214,94.0977375,94.0979539561036,94.09765625,94.0983883564258
906.85,94.10276644,94.0968061714845,94.0993816750052,94.0993816750052,94.0993836463966,94.0978125,94.0980301768511,94.09765625,94.0983797697355
906.9,94.10272978,94.0967976080784,94.099358036939,94.099358036939,94.0993600193717,94.0978875,94.0981063975986,94.09765625,94.0983711830452
906.95,94.10269218,94.0967890446723,94.0993343988729,94.0993343988729,94.0993363923469,94.0979625,94.0981826183461,94.09765625,94.0983625963549
907,94.10265458,94.0967804812662,94.0993107608067,94.0993107608067,94.0993127653221,94.098,94.0982213390936,94.09765625,94.0983540096646
907.05,94.10261792,94.0967719178601,94.0992871227405,94.0992871227405,94.0992891382972,94.098,94.0982225598411,94.09765625,94.0983454229743
907.1,94.10258032,94.096763354454,94.0992634846743,94.0992634846743,94.0992655112724,94.098,94.0982237805886,94.09765625,94.098336836284
907.15,94.10254366,94.0967547910479,94.0992398466082,94.0992398466082,94.0992418842475,94.098,94.0982250013361,94.09765625,94.0983282495937
907.2,94.10250606,94.0967462276418,94.099216208542,94.099216208542,94.0992182572227,94.098,94.0982262220836,94.09765625,94.0983196629034
907.25,94.1024694,94.0967376642357,94.0991925704758,94.0991925704758,94.0991946301978,94.098,94.0982274428311,94.09765625,94.0983110762131
907.3,94.1024318,94.0967291008296,94.0991689324096,94.0991689324096,94.099171003173,94.098,94.0982286635786,94.09765625,94.0983024895228
907.35,94.1023942,94.0967205374235,94.0991452943435,94.0991452943435,94.0991473761481,94.098,94.0982298843261,94.09765625,94.0982939028326
907.4,94.10235754,94.0967119740174,94.0991216562773,94.0991216562773,94.0991237491233,94.098,94.0982311050736,94.09765625,94.0982853161423
907.45,94.10231994,94.0967034106113,94.0990980182111,94.0990980182111,94.0991001220984,94.098,94.0982323258211,94.09765625,94.098276729452
907.5,94.10228328,94.0966948472052,94.099074380145,94.099074380145,94.0990764950736,94.098,94.0982335465686,94.09765625,94.0982681427617
907.55,94.10224568,94.0966862837991,94.0990507420788,94.0990507420788,94.0990528680488,94.098,94.098234767316,94.09765625,94.0982595560714
907.6,94.10220902,94.096677720393,94.0990271040126,94.0990271040126,94.0990292410239,94.098,94.0982359880635,94.09765625,94.0982509693811
907.65,94.10217142,94.0966691569869,94.0990034659464,94.0990034659464,94.0990056139991,94.098,94.098237208811,94.09765625,94.0982423826908
907.7,94.10213382,94.0966605935808,94.0989798278803,94.0989798278803,94.0989819869742,94.098,94.0982384295585,94.09765625,94.0982337960005
907.75,94.10209716,94.0966520301747,94.0989561898141,94.0989561898141,94.0989583599494,94.098,94.098239650306,94.09765625,94.0982252093102
907.8,94.10205956,94.0966434667686,94.0989325517479,94.0989325517479,94.0989347329245,94.098,94.0982408710535,94.09765625,94.0982166226199
907.85,94.1020229,94.0966349033625,94.0989089136817,94.0989089136817,94.0989111058997,94.098,94.098242091801,94.09765625,94.0982080359296
907.9,94.1019853,94.0966263399564,94.0988852756156,94.0988852756156,94.0988874788748,94.098,94.0982433125485,94.09765625,94.0981994492393
907.95,94.10194864,94.0966177765503,94.0988616375494,94.0988616375494,94.09886385185,94.098,94.098244533296,94.09765625,94.098190862549
908,94.10191104,94.0966092131442,94.0988379994832,94.0988379994832,94.0988402248252,94.098,94.0982457540435,94.09765625,94.0981822758587
908.05,94.10187344,94.0966006497381,94.098814361417,94.098814361417,94.0988165978003,94.098,94.098246974791,94.09765625,94.0981736891684
908.1,94.10183678,94.096592086332,94.0987907233509,94.0987907233509,94.0987929707755,94.098,94.0982481955385,94.09765625,94.0981651024781
908.15,94.10179918,94.0965835229259,94.0987670852847,94.0987670852847,94.0987693437506,94.098,94.098249416286,94.09765625,94.0981565157878
908.2,94.10176252,94.0965749595198,94.0987434472185,94.0987434472185,94.0987457167258,94.098,94.0982506370335,94.09765625,94.0981479290975
908.25,94.10172492,94.0965663961137,94.0987198091523,94.0987198091523,94.0987220897009,94.098,94.098251857781,94.09765625,94.0981393424072
908.3,94.10168826,94.0965578327076,94.0986961710862,94.0986961710862,94.0986984626761,94.098,94.0982530785285,94.09765625,94.0981307557169
908.35,94.10165066,94.0965492693015,94.09867253302,94.09867253302,94.0986748356513,94.098,94.098254299276,94.09765625,94.0981221690266
908.4,94.10161306,94.0965407058954,94.0986488949538,94.0986488949538,94.0986512086264,94.098,94.0982555200235,94.09765625,94.0981135823363
908.45,94.1015764,94.0965321424893,94.0986252568876,94.0986252568876,94.0986275816016,94.098,94.0982567407709,94.09765625,94.098104995646
908.5,94.1015388,94.0965235790832,94.0986016188215,94.0986016188215,94.0986039545767,94.098,94.0982579615184,94.09765625,94.0980964089557
908.55,94.10150214,94.0965150156771,94.0985779807553,94.0985779807553,94.0985803275519,94.098,94.0982591822659,94.09765625,94.0980878222654
908.6,94.10146454,94.096506452271,94.0985543426891,94.0985543426891,94.098556700527,94.098,94.0982604030134,94.09765625,94.0980792355751
908.65,94.10142788,94.0964978888649,94.0985307046229,94.0985307046229,94.0985330735022,94.098,94.0982616237609,94.09765625,94.0980706488848
908.7,94.10139028,94.0964893254588,94.0985070665568,94.0985070665568,94.0985094464773,94.098,94.0982628445084,94.09765625,94.0980620621945
908.75,94.10135268,94.0964807620527,94.0984834284906,94.0984834284906,94.0984858194525,94.098,94.0982640652559,94.09765625,94.0980534755042
908.8,94.10131602,94.0964721986466,94.0984597904244,94.0984597904244,94.0984621924276,94.098,94.0982652860034,94.09765625,94.0980448888139
908.85,94.10127842,94.0964636352405,94.0984361523583,94.0984361523583,94.0984385654028,94.098,94.0982665067509,94.09765625,94.0980363021236
908.9,94.10124176,94.0964550718344,94.0984125142921,94.0984125142921,94.098414938378,94.098,94.0982677274984,94.09765625,94.0980277154333
908.95,94.10120416,94.0964465084283,94.0983888762259,94.0983888762259,94.0983913113531,94.098,94.0982689482459,94.09765625,94.098019128743
909,94.1011675,94.0964379450222,94.0983652381597,94.0983652381597,94.0983676843283,94.09795,94.0982201689934,94.09765625,94.0980105420527
909.05,94.1011299,94.0964293816161,94.0983416000936,94.0983416000936,94.0983440573034,94.09785,94.0981213897409,94.09765625,94.0980019553624
909.1,94.1010923,94.09642081821,94.0983179620274,94.0983179620274,94.0983204302786,94.09775,94.0980226104884,94.09765625,94.0979933686721
909.15,94.10105564,94.0964122548039,94.0982943239612,94.0982943239612,94.0982968032537,94.09765,94.0979238312359,94.09765625,94.0979847819818
909.2,94.10101804,94.0964036913978,94.098270685895,94.098270685895,94.0982731762289,94.09755,94.0978250519834,94.09765625,94.0979761952915
909.25,94.10098138,94.0963951279917,94.0982470478289,94.0982470478289,94.098249549204,94.09745,94.0977262727309,94.09765625,94.0979676086012
909.3,94.10094378,94.0963865645856,94.0982234097627,94.0982234097627,94.0982259221792,94.09735,94.0976274934784,94.09765625,94.0979590219109
909.35,94.10090712,94.0963780011795,94.0981997716965,94.0981997716965,94.0982022951544,94.09725,94.0975287142258,94.09765625,94.0979504352206
909.4,94.10086952,94.0963694377734,94.0981761336303,94.0981761336303,94.0981786681295,94.09715,94.0974299349733,94.09765625,94.0979418485303
909.45,94.10083192,94.0963608743673,94.0981524955642,94.0981524955642,94.0981550411047,94.09705,94.0973311557208,94.09765625,94.09793326184
909.5,94.10079526,94.0963523109612,94.098128857498,94.098128857498,94.0981314140798,94.09695,94.0972323764683,94.09765625,94.0979246751497
909.55,94.10075766,94.0963437475551,94.0981052194318,94.0981052194318,94.098107787055,94.09685,94.0971335972158,94.09765625,94.0979160884594
909.6,94.100721,94.096335184149,94.0980815813656,94.0980815813656,94.0980841600301,94.09675,94.0970348179633,94.09765625,94.0979075017691
909.65,94.1006834,94.0963266207429,94.0980579432995,94.0980579432995,94.0980605330053,94.09665,94.0969360387108,94.09765625,94.0978989150788
909.7,94.10064674,94.0963180573368,94.0980343052333,94.0980343052333,94.0980369059804,94.09655,94.0968372594583,94.09765625,94.0978903283885
909.75,94.10060914,94.0963094939307,94.0980106671671,94.0980106671671,94.0980132789556,94.09645,94.0967384802058,94.09765625,94.0978817416982
909.8,94.10057154,94.0963009305246,94.0979870291009,94.0979870291009,94.0979896519307,94.09635,94.0966397009533,94.09765625,94.0978731550079
909.85,94.10053488,94.0962923671185,94.0979633910348,94.0979633910348,94.0979660249059,94.09625,94.0965409217008,94.09765625,94.0978645683176
909.9,94.10049728,94.0962838037124,94.0979397529686,94.0979397529686,94.0979423978811,94.09615,94.0964421424483,94.09765625,94.0978559816273
909.95,94.10046062,94.0962752403063,94.0979161149024,94.0979161149024,94.0979187708562,94.09605,94.0963433631958,94.09765625,94.097847394937
910,94.10042302,94.0962666769002,94.0978924768363,94.0978924768363,94.0978951438314,94.096,94.0962945839433,94.09765625,94.0978388082467
910.05,94.10038636,94.0962569721173,94.0978656392555,94.0978656392555,94.0978682956351,94.096,94.0962945961644,94.09765625,94.0978280388433
910.1,94.10034876,94.0962472673344,94.0978388016748,94.0978388016748,94.0978414474389,94.096,94.0962946083856,94.09765625,94.0978172694398
910.15,94.10031116,94.0962375625515,94.097811964094,94.097811964094,94.0978145992427,94.096,94.0962946206067,94.09765625,94.0978065000364
910.2,94.1002745,94.0962278577687,94.0977851265133,94.0977851265133,94.0977877510464,94.096,94.0962946328279,94.09765625,94.097795730633
910.25,94.1002369,94.0962181529858,94.0977582889325,94.0977582889325,94.0977609028502,94.096,94.096294645049,94.09765625,94.0977849612295
910.3,94.10020024,94.0962084482029,94.0977314513518,94.0977314513518,94.0977340546539,94.096,94.0962946572702,94.09765625,94.0977741918261
910.35,94.10016264,94.09619874342,94.0977046137711,94.0977046137711,94.0977072064577,94.096,94.0962946694913,94.09765625,94.0977634224227
910.4,94.10012598,94.0961890386371,94.0976777761903,94.0976777761903,94.0976803582615,94.096,94.0962946817125,94.09765625,94.0977526530193
910.45,94.10008838,94.0961793338543,94.0976509386096,94.0976509386096,94.0976535100652,94.096,94.0962946939336,94.09765625,94.0977418836158
910.5,94.10005078,94.0961696290714,94.0976241010288,94.0976241010288,94.097626661869,94.096,94.0962947061548,94.09765625,94.0977311142124
910.55,94.10001412,94.0961599242885,94.0975972634481,94.0975972634481,94.0975998136728,94.096,94.0962947183759,94.09765625,94.097720344809
910.6,94.09997652,94.0961502195056,94.0975704258673,94.0975704258673,94.0975729654765,94.096,94.0962947305971,94.09765625,94.0977095754055
910.65,94.09993986,94.0961405147227,94.0975435882866,94.0975435882866,94.0975461172803,94.096,94.0962947428182,94.09765625,94.0976988060021
910.7,94.09990226,94.0961308099399,94.0975167507059,94.0975167507059,94.097519269084,94.096,94.0962947550394,94.09765625,94.0976880365987
910.75,94.0998656,94.096121105157,94.0974899131251,94.0974899131251,94.0974924208878,94.096,94.0962947672605,94.09765625,94.0976772671952
910.8,94.099828,94.0961114003741,94.0974630755444,94.0974630755444,94.0974655726916,94.096,94.0962947794817,94.09765625,94.0976664977918
910.85,94.0997904,94.0961016955912,94.0974362379636,94.0974362379636,94.0974387244953,94.096,94.0962947917028,94.09765625,94.0976557283884
910.9,94.09975374,94.0960919908083,94.0974094003829,94.0974094003829,94.0974118762991,94.096,94.096294803924,94.09765625,94.097644958985
910.95,94.09971614,94.0960822860255,94.0973825628021,94.0973825628021,94.0973850281029,94.096,94.0962948161451,94.09765625,94.0976341895815
911,94.09967948,94.0960725812426,94.0973557252214,94.0973557252214,94.0973581799066,94.096,94.0962948283663,94.09765625,94.0976234201781
911.05,94.09964188,94.0960628764597,94.0973288876406,94.0973288876406,94.0973313317104,94.096,94.0962948405874,94.09765625,94.0976126507747
911.1,94.09960428,94.0960531716768,94.0973020500599,94.0973020500599,94.0973044835141,94.096,94.0962948528086,94.09765625,94.0976018813712
911.15,94.09956762,94.096043466894,94.0972752124792,94.0972752124792,94.0972776353179,94.096,94.0962948650297,94.09765625,94.0975911119678
911.2,94.09953002,94.0960337621111,94.0972483748984,94.0972483748984,94.0972507871217,94.096,94.0962948772509,94.09765625,94.0975803425644
911.25,94.09949336,94.0960240573282,94.0972215373177,94.0972215373177,94.0972239389254,94.096,94.096294889472,94.09765625,94.0975695731609
911.3,94.09945576,94.0960143525453,94.0971946997369,94.0971946997369,94.0971970907292,94.096,94.0962949016932,94.09765625,94.0975588037575
911.35,94.0994191,94.0960046477624,94.0971678621562,94.0971678621562,94.097170242533,94.096,94.0962949139143,94.09765625,94.0975480343541
911.4,94.0993815,94.0959949429796,94.0971410245754,94.0971410245754,94.0971433943367,94.096,94.0962949261355,94.09765625,94.0975372649507
911.45,94.0993439,94.0959852381967,94.0971141869947,94.0971141869947,94.0971165461405,94.096,94.0962949383566,94.09765625,94.0975264955472
911.5,94.09930724,94.0959755334138,94.097087349414,94.097087349414,94.0970896979442,94.096,94.0962949505778,94.09765625,94.0975157261438
911.55,94.09926964,94.0959658286309,94.0970605118332,94.0970605118332,94.097062849748,94.096,94.0962949627989,94.09765625,94.0975049567404
911.6,94.09923298,94.095956123848,94.0970336742525,94.0970336742525,94.0970360015518,94.096,94.0962949750201,94.09765625,94.0974941873369
911.65,94.09919538,94.0959464190652,94.0970068366717,94.0970068366717,94.0970091533555,94.096,94.0962949872412,94.09765625,94.0974834179335
911.7,94.09915872,94.0959367142823,94.096979999091,94.096979999091,94.0969823051593,94.096,94.0962949994624,94.09765625,94.0974726485301
911.75,94.09912112,94.0959270094994,94.0969531615102,94.0969531615102,94.0969554569631,94.096,94.0962950116835,94.09765625,94.0974618791267
911.8,94.09908352,94.0959173047165,94.0969263239295,94.0969263239295,94.0969286087668,94.096,94.0962950239047,94.09765625,94.0974511097232
911.85,94.09904686,94.0959075999337,94.0968994863488,94.0968994863488,94.0969017605706,94.096,94.0962950361258,94.09765625,94.0974403403198
911.9,94.09900926,94.0958978951508,94.096872648768,94.096872648768,94.0968749123743,94.096,94.096295048347,94.09765625,94.0974295709164
911.95,94.0989726,94.0958881903679,94.0968458111873,94.0968458111873,94.0968480641781,94.096,94.0962950605681,94.09765625,94.0974188015129
912,94.098935,94.095878485585,94.0968189736065,94.0968189736065,94.0968212159819,94.09605,94.0963450727893,94.09765625,94.0974080321095
912.05,94.09889834,94.0958687808021,94.0967921360258,94.0967921360258,94.0967943677856,94.09615,94.0964450850104,94.09765625,94.0973972627061
912.1,94.09886074,94.0958590760193,94.096765298445,94.096765298445,94.0967675195894,94.09625,94.0965450972316,94.09765625,94.0973864933026
912.15,94.09882314,94.0958493712364,94.0967384608643,94.0967384608643,94.0967406713931,94.09635,94.0966451094527,94.09765625,94.0973757238992
912.2,94.09878648,94.0958396664535,94.0967116232836,94.0967116232836,94.0967138231969,94.09645,94.0967451216739,94.09765625,94.0973649544958
912.25,94.09874888,94.0958299616706,94.0966847857028,94.0966847857028,94.0966869750007,94.09655,94.096845133895,94.09765625,94.0973541850924
912.3,94.09871222,94.0958202568877,94.0966579481221,94.0966579481221,94.0966601268044,94.09665,94.0969451461162,94.09765625,94.0973434156889
912.35,94.09867462,94.0958105521049,94.0966311105413,94.0966311105413,94.0966332786082,94.09675,94.0970451583373,94.09765625,94.0973326462855
912.4,94.09863796,94.095800847322,94.0966042729606,94.0966042729606,94.096606430412,94.09685,94.0971451705585,94.09765625,94.0973218768821
912.45,94.09860036,94.0957911425391,94.0965774353798,94.0965774353798,94.0965795822157,94.09695,94.0972451827796,94.09765625,94.0973111074786
912.5,94.09856276,94.0957814377562,94.0965505977991,94.0965505977991,94.0965527340195,94.09705,94.0973451950008,94.09765625,94.0973003380752
912.55,94.0985261,94.0957717329733,94.0965237602183,94.0965237602183,94.0965258858233,94.09715,94.0974452072219,94.09765625,94.0972895686718
912.6,94.0984885,94.0957620281905,94.0964969226376,94.0964969226376,94.096499037627,94.09725,94.0975452194431,94.09765625,94.0972787992683
912.65,94.09845184,94.0957523234076,94.0964700850569,94.0964700850569,94.0964721894308,94.09735,94.0976452316642,94.09765625,94.0972680298649
912.7,94.09841424,94.0957426186247,94.0964432474761,94.0964432474761,94.0964453412345,94.09745,94.0977452438854,94.09765625,94.0972572604615
912.75,94.09837758,94.0957329138418,94.0964164098954,94.0964164098954,94.0964184930383,94.09755,94.0978452561065,94.09765625,94.0972464910581
912.8,94.09833998,94.095723209059,94.0963895723146,94.0963895723146,94.0963916448421,94.09765,94.0979452683277,94.09765625,94.0972357216546
912.85,94.09830238,94.0957135042761,94.0963627347339,94.0963627347339,94.0963647966458,94.09775,94.0980452805488,94.09765625,94.0972249522512
912.9,94.09826572,94.0957037994932,94.0963358971532,94.0963358971532,94.0963379484496,94.09785,94.09814529277,94.09765625,94.0972141828478
912.95,94.09822812,94.0956940947103,94.0963090595724,94.0963090595724,94.0963111002533,94.09795,94.0982453049911,94.09765625,94.0972034134443
913,94.09819146,94.0956843899274,94.0962822219917,94.0962822219917,94.0962842520571,94.098025,94.0983203172123,94.0976440429688,94.0971804370097
913.05,94.09815386,94.0956746851446,94.0962553844109,94.0962553844109,94.0962574038609,94.098075,94.0983703294334,94.0976196289062,94.0971452535437
913.1,94.0981172,94.0956649803617,94.0962285468302,94.0962285468302,94.0962305556646,94.098125,94.0984203416546,94.0975952148438,94.0971100700778
913.15,94.0980796,94.0956552755788,94.0962017092494,94.0962017092494,94.0962037074684,94.098175,94.0984703538757,94.0975708007813,94.0970748866119
913.2,94.098042,94.0956455707959,94.0961748716687,94.0961748716687,94.0961768592722,94.098225,94.0985203660969,94.0975463867187,94.0970397031459
913.25,94.09800534,94.095635866013,94.0961480340879,94.0961480340879,94.0961500110759,94.098275,94.098570378318,94.0975219726563,94.09700451968
913.3,94.09796774,94.0956261612302,94.0961211965072,94.0961211965072,94.0961231628797,94.098325,94.0986203905392,94.0974975585937,94.0969693362141
913.35,94.09793108,94.0956164564473,94.0960943589265,94.0960943589265,94.0960963146835,94.098375,94.0986704027603,94.0974731445312,94.0969341527481
913.4,94.09789348,94.0956067516644,94.0960675213457,94.0960675213457,94.0960694664872,94.098425,94.0987204149815,94.0974487304688,94.0968989692822
913.45,94.09785682,94.0955970468815,94.096040683765,94.096040683765,94.096042618291,94.098475,94.0987704272026,94.0974243164062,94.0968637858163
913.5,94.09781922,94.0955873420987,94.0960138461842,94.0960138461842,94.0960157700947,94.098525,94.0988204394238,94.0973999023438,94.0968286023504
913.55,94.09778162,94.0955776373158,94.0959870086035,94.0959870086035,94.0959889218985,94.098575,94.0988704516449,94.0973754882812,94.0967934188844
913.6,94.09774496,94.0955679325329,94.0959601710227,94.0959601710227,94.0959620737023,94.098625,94.0989204638661,94.0973510742188,94.0967582354185
913.65,94.09770736,94.09555822775,94.095933333442,94.095933333442,94.095935225506,94.098675,94.0989704760872,94.0973266601563,94.0967230519526
913.7,94.0976707,94.0955485229671,94.0959064958613,94.0959064958613,94.0959083773098,94.098725,94.0990204883084,94.0973022460937,94.0966878684866
913.75,94.0976331,94.0955388181843,94.0958796582805,94.0958796582805,94.0958815291135,94.098775,94.0990705005295,94.0972778320313,94.0966526850207
913.8,94.09759644,94.0955291134014,94.0958528206998,94.0958528206998,94.0958546809173,94.098825,94.0991205127507,94.0972534179687,94.0966175015548
913.85,94.09755884,94.0955194086185,94.095825983119,94.095825983119,94.0958278327211,94.098875,94.0991705249718,94.0972290039062,94.0965823180888
913.9,94.09752124,94.0955097038356,94.0957991455383,94.0957991455383,94.0958009845248,94.098925,94.0992205371929,94.0972045898438,94.0965471346229
913.95,94.09748458,94.0954999990527,94.0957723079575,94.0957723079575,94.0957741363286,94.098975,94.0992705494141,94.0971801757812,94.096511951157
914,94.09744698,94.0954902942699,94.0957454703768,94.0957454703768,94.0957472881324,94.099,94.0992955616353,94.0971557617188,94.0964767676911
914.05,94.09741032,94.095480589487,94.095718632796,94.095718632796,94.0957204399361,94.099,94.0992955738564,94.0971313476562,94.0964415842251
914.1,94.09737272,94.0954708847041,94.0956917952153,94.0956917952153,94.0956935917399,94.099,94.0992955860776,94.0971069335938,94.0964064007592
914.15,94.09733606,94.0954611799212,94.0956649576346,94.0956649576346,94.0956667435436,94.099,94.0992955982987,94.0970825195313,94.0963712172933
914.2,94.09729846,94.0954514751383,94.0956381200538,94.0956381200538,94.0956398953474,94.099,94.0992956105199,94.0970581054687,94.0963360338273
914.25,94.09726086,94.0954417703555,94.0956112824731,94.0956112824731,94.0956130471512,94.099,94.099295622741,94.0970336914063,94.0963008503614
914.3,94.0972242,94.0954320655726,94.0955844448923,94.0955844448923,94.0955861989549,94.099,94.0992956349622,94.0970092773437,94.0962656668955
914.35,94.0971866,94.0954223607897,94.0955576073116,94.0955576073116,94.0955593507587,94.099,94.0992956471833,94.0969848632812,94.0962304834296
914.4,94.09714994,94.0954126560068,94.0955307697309,94.0955307697309,94.0955325025625,94.099,94.0992956594044,94.0969604492188,94.0961952999636
914.45,94.09711234,94.095402951224,94.0955039321501,94.0955039321501,94.0955056543662,94.099,94.0992956716256,94.0969360351562,94.0961601164977
914.5,94.09707568,94.0953932464411,94.0954770945694,94.0954770945694,94.09547880617,94.099,94.0992956838467,94.0969116210938,94.0961249330318
914.55,94.09703808,94.0953835416582,94.0954502569886,94.0954502569886,94.0954519579738,94.099,94.0992956960679,94.0968872070312,94.0960897495658
914.6,94.09700048,94.0953738368753,94.0954234194079,94.0954234194079,94.0954251097775,94.099,94.099295708289,94.0968627929688,94.0960545660999
914.65,94.09696382,94.0953641320924,94.0953965818271,94.0953965818271,94.0953982615813,94.099,94.0992957205102,94.0968383789063,94.096019382634
914.7,94.09692622,94.0953544273096,94.0953697442464,94.0953697442464,94.095371413385,94.099,94.0992957327313,94.0968139648437,94.095984199168
914.75,94.09688956,94.0953447225267,94.0953429066656,94.0953429066656,94.0953445651888,94.099,94.0992957449525,94.0967895507813,94.0959490157021
914.8,94.09685196,94.0953350177438,94.0953160690849,94.0953160690849,94.0953177169926,94.099,94.0992957571736,94.0967651367187,94.0959138322362
914.85,94.0968153,94.0953253129609,94.0952892315042,94.0952892315042,94.0952908687963,94.099,94.0992957693948,94.0967407226562,94.0958786487703
914.9,94.0967777,94.095315608178,94.0952623939234,94.0952623939234,94.0952640206001,94.099,94.099295781616,94.0967163085938,94.0958434653043
914.95,94.0967401,94.0953059033952,94.0952355563427,94.0952355563427,94.0952371724038,94.099,94.0992957938371,94.0966918945312,94.0958082818384
915,94.09670344,94.0952961986123,94.0952087187619,94.0952087187619,94.0952103242076,94.099,94.0992958060583,94.0966674804688,94.0957730983725
915.05,94.09666584,94.0952864938294,94.0951818811812,94.0951818811812,94.0951834760114,94.099,94.0992958182794,94.0966430664062,94.0957379149065
915.1,94.09662918,94.0952767890465,94.0951550436004,94.0951550436004,94.0951566278151,94.099,94.0992958305006,94.0966186523438,94.0957027314406
915.15,94.09659158,94.0952670842637,94.0951282060197,94.0951282060197,94.0951297796189,94.099,94.0992958427217,94.0965942382813,94.0956675479747
915.2,94.09655492,94.0952573794808,94.095101368439,94.095101368439,94.0951029314227,94.099,94.0992958549429,94.0965698242187,94.0956323645087
915.25,94.09651732,94.0952476746979,94.0950745308582,94.0950745308582,94.0950760832264,94.099,94.099295867164,94.0965454101563,94.0955971810428
915.3,94.09647972,94.095237969915,94.0950476932775,94.0950476932775,94.0950492350302,94.099,94.0992958793852,94.0965209960937,94.0955619975769
915.35,94.09644306,94.0952282651321,94.0950208556967,94.0950208556967,94.0950223868339,94.099,94.0992958916063,94.0964965820312,94.095526814111
915.4,94.09640546,94.0952185603493,94.094994018116,94.094994018116,94.0949955386377,94.099,94.0992959038275,94.0964721679688,94.095491630645
915.45,94.0963688,94.0952088555664,94.0949671805352,94.0949671805352,94.0949686904415,94.099,94.0992959160486,94.0964477539062,94.0954564471791
915.5,94.0963312,94.0951991507835,94.0949403429545,94.0949403429545,94.0949418422452,94.099,94.0992959282698,94.0964233398438,94.0954212637132
915.55,94.09629454,94.0951894460006,94.0949135053738,94.0949135053738,94.094914994049,94.099,94.0992959404909,94.0963989257812,94.0953860802472
915.6,94.09625694,94.0951797412177,94.094886667793,94.094886667793,94.0948881458527,94.099,94.0992959527121,94.0963745117188,94.0953508967813
915.65,94.09621934,94.0951700364349,94.0948598302123,94.0948598302123,94.0948612976565,94.099,94.0992959649332,94.0963500976563,94.0953157133154
915.7,94.09618268,94.095160331652,94.0948329926315,94.0948329926315,94.0948344494603,94.099,94.0992959771544,94.0963256835937,94.0952805298494
915.75,94.09616294,94.0951506268691,94.0948061550508,94.0948061550508,94.094807601264,94.099,94.0992959893755,94.0963012695313,94.0952453463835
915.8,94.096162,94.0951409220862,94.09477931747,94.09477931747,94.0947807530678,94.099,94.0992960015967,94.0962768554687,94.0952101629176
915.85,94.096162,94.0951312173033,94.0947524798893,94.0947524798893,94.0947539048716,94.099,94.0992960138178,94.0962524414062,94.0951749794517
915.9,94.096162,94.0951215125205,94.0947256423086,94.0947256423086,94.0947270566753,94.099,94.0992960260389,94.0962280273438,94.0951397959857
915.95,94.096162,94.0951118077376,94.0946988047278,94.0946988047278,94.0947002084791,94.099,94.0992960382601,94.0962036132812,94.0951046125198
916,94.096162,94.0951021029547,94.0946719671471,94.0946719671471,94.0946733602829,94.098925,94.0992210504812,94.0961791992188,94.0950694290539
916.05,94.096162,94.0950923981718,94.0946451295663,94.0946451295663,94.0946465120866,94.098775,94.0990710627024,94.0961547851562,94.0950342455879
916.1,94.096162,94.095082693389,94.0946182919856,94.0946182919856,94.0946196638904,94.098625,94.0989210749236,94.0961303710938,94.094999062122
916.15,94.096162,94.0950729886061,94.0945914544048,94.0945914544048,94.0945928156941,94.098475,94.0987710871447,94.0961059570313,94.0949638786561
916.2,94.096162,94.0950632838232,94.0945646168241,94.0945646168241,94.0945659674979,94.098325,94.0986210993658,94.0960815429687,94.0949286951901
916.25,94.096162,94.0950535790403,94.0945377792434,94.0945377792434,94.0945391193017,94.098175,94.098471111587,94.0960571289063,94.0948935117242
916.3,94.096162,94.0950438742574,94.0945109416626,94.0945109416626,94.0945122711054,94.098025,94.0983211238081,94.0960327148437,94.0948583282583
916.35,94.096162,94.0950341694746,94.0944841040819,94.0944841040819,94.0944854229092,94.097875,94.0981711360293,94.0960083007812,94.0948231447924
916.4,94.096162,94.0950244646917,94.0944572665011,94.0944572665011,94.0944585747129,94.097725,94.0980211482505,94.0959838867188,94.0947879613264
916.45,94.096162,94.0950147599088,94.0944304289204,94.0944304289204,94.0944317265167,94.097575,94.0978711604716,94.0959594726562,94.0947527778605
916.5,94.096162,94.0950050551259,94.0944035913396,94.0944035913396,94.0944048783205,94.097425,94.0977211726927,94.0959350585938,94.0947175943946
916.55,94.096162,94.094995350343,94.0943767537589,94.0943767537589,94.0943780301242,94.097275,94.0975711849139,94.0959106445312,94.0946824109286
916.6,94.096162,94.0949856455602,94.0943499161781,94.0943499161781,94.094351181928,94.097125,94.097421197135,94.0958862304688,94.0946472274627
916.65,94.096162,94.0949759407773,94.0943230785974,94.0943230785974,94.0943243337318,94.096975,94.0972712093562,94.0958618164063,94.0946120439968
916.7,94.096162,94.0949662359944,94.0942962410167,94.0942962410167,94.0942974855355,94.096825,94.0971212215773,94.0958374023437,94.0945768605309
916.75,94.096162,94.0949565312115,94.0942694034359,94.0942694034359,94.0942706373393,94.096675,94.0969712337985,94.0958129882813,94.0945416770649
916.8,94.096162,94.0949468264287,94.0942425658552,94.0942425658552,94.0942437891431,94.096525,94.0968212460196,94.0957885742187,94.094506493599
916.85,94.096162,94.0949371216458,94.0942157282744,94.0942157282744,94.0942169409468,94.096375,94.0966712582408,94.0957641601562,94.0944713101331
916.9,94.096162,94.0949274168629,94.0941888906937,94.0941888906937,94.0941900927506,94.096225,94.0965212704619,94.0957397460938,94.0944361266671
916.95,94.096162,94.09491771208,94.094162053113,94.094162053113,94.0941632445543,94.096075,94.0963712826831,94.0957153320312,94.0944009432012
917,94.096162,94.0949080072971,94.0941352155322,94.0941352155322,94.0941363963581,94.0959,94.0961962949042,94.0956909179688,94.0943657597353
917.05,94.096162,94.0948983025143,94.0941083779515,94.0941083779515,94.0941095481619,94.0957,94.0959963071254,94.0956665039062,94.0943305762693
917.1,94.096162,94.0948885977314,94.0940815403707,94.0940815403707,94.0940826999656,94.0955,94.0957963193465,94.0956420898438,94.0942953928034
917.15,94.096162,94.0948788929485,94.09405470279,94.09405470279,94.0940558517694,94.0953,94.0955963315677,94.0956176757813,94.0942602093375
917.2,94.096162,94.0948691881656,94.0940278652092,94.0940278652092,94.0940290035731,94.0951,94.0953963437888,94.0955932617187,94.0942250258716
917.25,94.096162,94.0948594833827,94.0940010276285,94.0940010276285,94.0940021553769,94.0949,94.09519635601,94.0955688476563,94.0941898424056
917.3,94.096162,94.0948497785999,94.0939741900477,94.0939741900477,94.0939753071807,94.0947,94.0949963682312,94.0955444335937,94.0941546589397
917.35,94.096162,94.094840073817,94.093947352467,94.093947352467,94.0939484589844,94.0945,94.0947963804523,94.0955200195312,94.0941194754738
917.4,94.096162,94.0948303690341,94.0939205148863,94.0939205148863,94.0939216107882,94.0943,94.0945963926734,94.0954956054688,94.0940842920078
917.45,94.096162,94.0948206642512,94.0938936773055,94.0938936773055,94.093894762592,94.0941,94.0943964048946,94.0954711914062,94.0940491085419
917.5,94.096162,94.0948109594683,94.0938668397248,94.0938668397248,94.0938679143957,94.0939,94.0941964171157,94.0954467773438,94.094013925076
917.55,94.096162,94.0948012546855,94.093840002144,94.093840002144,94.0938410661995,94.0937,94.0939964293369,94.0954223632812,94.09397874161
917.6,94.096162,94.0947915499026,94.0938131645633,94.0938131645633,94.0938142180032,94.0935,94.093796441558,94.0953979492188,94.0939435581441
917.65,94.096162,94.0947818451197,94.0937863269825,94.0937863269825,94.093787369807,94.0933,94.0935964537792,94.0953735351563,94.0939083746782
917.7,94.096162,94.0947721403368,94.0937594894018,94.0937594894018,94.0937605216108,94.0931,94.0933964660003,94.0953491210937,94.0938731912123
917.75,94.096162,94.0947624355539,94.0937326518211,94.0937326518211,94.0937336734145,94.0929,94.0931964782215,94.0953247070313,94.0938380077463
917.8,94.096162,94.0947527307711,94.0937058142403,94.0937058142403,94.0937068252183,94.0927,94.0929964904426,94.0953002929687,94.0938028242804
917.85,94.096162,94.0947430259882,94.0936789766596,94.0936789766596,94.0936799770221,94.0925,94.0927965026638,94.0952758789062,94.0937676408145
917.9,94.096162,94.0947333212053,94.0936521390788,94.0936521390788,94.0936531288258,94.0923,94.0925965148849,94.0952514648438,94.0937324573485
917.95,94.096162,94.0947236164224,94.0936253014981,94.0936253014981,94.0936262806296,94.0921,94.0923965271061,94.0952270507812,94.0936972738826
918,94.096162,94.0947139116396,94.0935984639173,94.0935984639173,94.0935994324334,94.09195,94.0922465393272,94.0952026367188,94.0936620904167
918.05,94.096162,94.0947042068567,94.0935716263366,94.0935716263366,94.0935725842371,94.09185,94.0921465515484,94.0951782226562,94.0936269069507
918.1,94.096162,94.0946945020738,94.0935447887558,94.0935447887558,94.0935457360409,94.09175,94.0920465637695,94.0951538085938,94.0935917234848
918.15,94.096162,94.0946847972909,94.0935179511751,94.0935179511751,94.0935188878446,94.09165,94.0919465759907,94.0951293945313,94.0935565400189
918.2,94.096162,94.094675092508,94.0934911135944,94.0934911135944,94.0934920396484,94.09155,94.0918465882118,94.0951049804687,94.093521356553
918.25,94.096162,94.0946653877252,94.0934642760136,94.0934642760136,94.0934651914522,94.09145,94.091746600433,94.0950805664063,94.093486173087
918.3,94.096162,94.0946556829423,94.0934374384329,94.0934374384329,94.0934383432559,94.09135,94.0916466126541,94.0950561523437,94.0934509896211
918.35,94.096162,94.0946459781594,94.0934106008521,94.0934106008521,94.0934114950597,94.09125,94.0915466248753,94.0950317382812,94.0934158061552
918.4,94.096162,94.0946362733765,94.0933837632714,94.0933837632714,94.0933846468634,94.09115,94.0914466370964,94.0950073242188,94.0933806226892
918.45,94.096162,94.0946265685937,94.0933569256907,94.0933569256907,94.0933577986672,94.09105,94.0913466493176,94.0949829101562,94.0933454392233
918.5,94.096162,94.0946168638108,94.0933300881099,94.0933300881099,94.093330950471,94.09095,94.0912466615387,94.0949584960938,94.0933102557574
918.55,94.096162,94.0946071590279,94.0933032505292,94.0933032505292,94.0933041022747,94.09085,94.0911466737599,94.0949340820312,94.0932750722914
918.6,94.096162,94.094597454245,94.0932764129484,94.0932764129484,94.0932772540785,94.09075,94.091046685981,94.0949096679688,94.0932398888255
918.65,94.096162,94.0945877494621,94.0932495753677,94.0932495753677,94.0932504058823,94.09065,94.0909466982022,94.0948852539063,94.0932047053596
918.7,94.096162,94.0945780446793,94.0932227377869,94.0932227377869,94.093223557686,94.09055,94.0908467104233,94.0948608398437,94.0931695218937
918.75,94.096162,94.0945683398964,94.0931959002062,94.0931959002062,94.0931967094898,94.09045,94.0907467226445,94.0948364257813,94.0931343384277
918.8,94.096162,94.0945586351135,94.0931690626254,94.0931690626254,94.0931698612935,94.09035,94.0906467348656,94.0948120117187,94.0930991549618
918.85,94.096162,94.0945489303306,94.0931422250447,94.0931422250447,94.0931430130973,94.09025,94.0905467470868,94.0947875976562,94.0930639714959
918.9,94.096162,94.0945392255477,94.093115387464,94.093115387464,94.0931161649011,94.09015,94.0904467593079,94.0947631835938,94.0930287880299
918.95,94.096162,94.0945295207649,94.0930885498832,94.0930885498832,94.0930893167048,94.09005,94.0903467715291,94.0947387695312,94.092993604564
919,94.096162,94.094519815982,94.0930617123025,94.0930617123025,94.0930624685086,94.089975,94.0902717837502,94.0947143554688,94.0929584210981
919.05,94.096162,94.0945101111991,94.0930348747217,94.0930348747217,94.0930356203123,94.089925,94.0902217959714,94.0946899414062,94.0929232376321
919.1,94.096162,94.0945004064162,94.093008037141,94.093008037141,94.0930087721161,94.089875,94.0901718081925,94.0946655273438,94.0928880541662
919.15,94.096162,94.0944907016333,94.0929811995602,94.0929811995602,94.0929819239199,94.089825,94.0901218204137,94.0946411132813,94.0928528707003
919.2,94.096162,94.0944809968505,94.0929543619795,94.0929543619795,94.0929550757236,94.089775,94.0900718326348,94.0946166992187,94.0928176872344
919.25,94.096162,94.0944712920676,94.0929275243988,94.0929275243988,94.0929282275274,94.089725,94.090021844856,94.0945922851563,94.0927825037684
919.3,94.096162,94.0944615872847,94.092900686818,94.092900686818,94.0929013793312,94.089675,94.0899718570771,94.0945678710937,94.0927473203025
919.35,94.096162,94.0944518825018,94.0928738492373,94.0928738492373,94.0928745311349,94.089625,94.0899218692983,94.0945434570312,94.0927121368366
919.4,94.096162,94.0944421777189,94.0928470116565,94.0928470116565,94.0928476829387,94.089575,94.0898718815194,94.0945190429688,94.0926769533706
919.45,94.096162,94.0944324729361,94.0928201740758,94.0928201740758,94.0928208347425,94.089525,94.0898218937406,94.0944946289062,94.0926417699047
919.5,94.096162,94.0944227681532,94.092793336495,94.092793336495,94.0927939865462,94.089475,94.0897719059617,94.0944702148438,94.0926065864388
919.55,94.096162,94.0944130633703,94.0927664989143,94.0927664989143,94.09276713835,94.089425,94.0897219181829,94.0944458007812,94.0925714029729
919.6,94.096162,94.0944033585874,94.0927396613336,94.0927396613336,94.0927402901537,94.089375,94.089671930404,94.0944213867188,94.0925362195069
919.65,94.096162,94.0943936538046,94.0927128237528,94.0927128237528,94.0927134419575,94.089325,94.0896219426252,94.0943969726563,94.092501036041
919.7,94.096162,94.0943839490217,94.0926859861721,94.0926859861721,94.0926865937613,94.089275,94.0895719548463,94.0943725585937,94.0924658525751
919.75,94.096162,94.0943742442388,94.0926591485913,94.0926591485913,94.092659745565,94.089225,94.0895219670675,94.0943481445313,94.0924306691091
919.8,94.096162,94.0943645394559,94.0926323110106,94.0926323110106,94.0926328973688,94.089175,94.0894719792886,94.0943237304687,94.0923954856432
919.85,94.096162,94.094354834673,94.0926054734298,94.0926054734298,94.0926060491725,94.089125,94.0894219915098,94.0942993164062,94.0923603021773
919.9,94.096162,94.0943451298902,94.0925786358491,94.0925786358491,94.0925792009763,94.089075,94.0893720037309,94.0942749023438,94.0923251187113
919.95,94.096162,94.0943354251073,94.0925517982684,94.0925517982684,94.0925523527801,94.089025,94.0893220159521,94.0942504882812,94.0922899352454
920,94.096162,94.0943257203244,94.0925249606876,94.0925249606876,94.0925255045838,94.089,94.0892970281732,94.0942260742188,94.0922547517795
920.05,94.096162,94.094321705159,94.0925305143283,94.0925305143283,94.0925310425893,94.089,94.089296388357,94.0942016601562,94.0922403741539
920.1,94.096162,94.0943176899937,94.092536067969,94.092536067969,94.0925365805948,94.089,94.0892957485408,94.0941772460938,94.0922259965284
920.15,94.096162,94.0943136748283,94.0925416216097,94.0925416216097,94.0925421186003,94.089,94.0892951087247,94.0941528320313,94.0922116189028
920.2,94.096162,94.0943096596629,94.0925471752503,94.0925471752503,94.0925476566059,94.089,94.0892944689084,94.0941284179687,94.0921972412773
920.25,94.096162,94.0943056444976,94.092552728891,94.092552728891,94.0925531946114,94.089,94.0892938290923,94.0941040039063,94.0921828636517
920.3,94.096162,94.0943016293322,94.0925582825317,94.0925582825317,94.0925587326169,94.089,94.0892931892761,94.0940795898437,94.0921684860262
920.35,94.096162,94.0942976141668,94.0925638361724,94.0925638361724,94.0925642706224,94.089,94.0892925494599,94.0940551757812,94.0921541084006
920.4,94.096162,94.0942935990014,94.0925693898131,94.0925693898131,94.0925698086279,94.089,94.0892919096437,94.0940307617188,94.092139730775
920.45,94.096162,94.0942895838361,94.0925749434538,94.0925749434538,94.0925753466334,94.089,94.0892912698275,94.0940063476562,94.0921253531495
920.5,94.096162,94.0942855686707,94.0925804970945,94.0925804970945,94.0925808846389,94.089,94.0892906300113,94.0939819335938,94.0921109755239
920.55,94.096162,94.0942815535053,94.0925860507352,94.0925860507352,94.0925864226444,94.089,94.0892899901951,94.0939575195312,94.0920965978984
920.6,94.096162,94.09427753834,94.0925916043758,94.0925916043758,94.0925919606499,94.089,94.0892893503789,94.0939331054688,94.0920822202728
920.65,94.096162,94.0942735231746,94.0925971580165,94.0925971580165,94.0925974986554,94.089,94.0892887105627,94.0939086914063,94.0920678426473
920.7,94.096162,94.0942695080092,94.0926027116572,94.0926027116572,94.0926030366609,94.089,94.0892880707465,94.0938842773437,94.0920534650217
920.75,94.096162,94.0942654928439,94.0926082652979,94.0926082652979,94.0926085746664,94.089,94.0892874309303,94.0938598632813,94.0920390873962
920.8,94.096162,94.0942614776785,94.0926138189386,94.0926138189386,94.0926141126719,94.089,94.0892867911141,94.0938354492187,94.0920247097706
920.85,94.096162,94.0942574625131,94.0926193725793,94.0926193725793,94.0926196506774,94.089,94.0892861512979,94.0938110351562,94.092010332145
920.9,94.096162,94.0942534473478,94.0926249262199,94.0926249262199,94.0926251886829,94.089,94.0892855114817,94.0937866210938,94.0919959545195
920.95,94.096162,94.0942494321824,94.0926304798606,94.0926304798606,94.0926307266884,94.089,94.0892848716655,94.0937622070312,94.0919815768939
921,94.096162,94.094245417017,94.0926360335013,94.0926360335013,94.0926362646939,94.089,94.0892842318493,94.09375,94.0919794062996
921.05,94.096162,94.0942414018516,94.092641587142,94.092641587142,94.0926418026994,94.089,94.0892835920331,94.09375,94.0919894427366
921.1,94.096162,94.0942373866863,94.0926471407827,94.0926471407827,94.0926473407049,94.089,94.0892829522169,94.09375,94.0919994791735
921.15,94.096162,94.0942333715209,94.0926526944234,94.0926526944234,94.0926528787104,94.089,94.0892823124007,94.09375,94.0920095156105
921.2,94.096162,94.0942293563555,94.0926582480641,94.0926582480641,94.0926584167159,94.089,94.0892816725845,94.09375,94.0920195520474
921.25,94.096162,94.0942253411902,94.0926638017047,94.0926638017047,94.0926639547214,94.089,94.0892810327684,94.09375,94.0920295884844
921.3,94.096162,94.0942213260248,94.0926693553454,94.0926693553454,94.0926694927269,94.089,94.0892803929522,94.09375,94.0920396249213
921.35,94.096162,94.0942173108594,94.0926749089861,94.0926749089861,94.0926750307325,94.089,94.089279753136,94.09375,94.0920496613582
921.4,94.096162,94.094213295694,94.0926804626268,94.0926804626268,94.092680568738,94.089,94.0892791133198,94.09375,94.0920596977952
921.45,94.096162,94.0942092805287,94.0926860162675,94.0926860162675,94.0926861067435,94.089,94.0892784735036,94.09375,94.0920697342321
921.5,94.096162,94.0942052653633,94.0926915699082,94.0926915699082,94.092691644749,94.089,94.0892778336874,94.09375,94.0920797706691
921.55,94.096162,94.0942012501979,94.0926971235488,94.0926971235488,94.0926971827545,94.089,94.0892771938712,94.09375,94.092089807106
921.6,94.096162,94.0941972350326,94.0927026771895,94.0927026771895,94.09270272076,94.089,94.089276554055,94.09375,94.092099843543
921.65,94.096162,94.0941932198672,94.0927082308302,94.0927082308302,94.0927082587655,94.089,94.0892759142388,94.09375,94.0921098799799
921.7,94.096162,94.0941892047018,94.0927137844709,94.0927137844709,94.092713796771,94.089,94.0892752744226,94.09375,94.0921199164168
921.75,94.096162,94.0941851895365,94.0927193381116,94.0927193381116,94.0927193347765,94.089,94.0892746346064,94.09375,94.0921299528538
921.8,94.096162,94.0941811743711,94.0927248917523,94.0927248917523,94.092724872782,94.089,94.0892739947902,94.09375,94.0921399892907
921.85,94.096162,94.0941771592057,94.092730445393,94.092730445393,94.0927304107875,94.089,94.089273354974,94.09375,94.0921500257277
921.9,94.096162,94.0941731440404,94.0927359990336,94.0927359990336,94.092735948793,94.089,94.0892727151578,94.09375,94.0921600621646
921.95,94.096162,94.094169128875,94.0927415526743,94.0927415526743,94.0927414867985,94.089,94.0892720753416,94.09375,94.0921700986016
922,94.096162,94.0941651137096,94.092747106315,94.092747106315,94.092747024804,94.089,94.0892714355254,94.09375,94.0921801350385
922.05,94.096162,94.0941610985442,94.0927526599557,94.0927526599557,94.0927525628095,94.089,94.0892707957092,94.09375,94.0921901714755
922.1,94.096162,94.0941570833789,94.0927582135964,94.0927582135964,94.092758100815,94.089,94.089270155893,94.09375,94.0922002079124
922.15,94.096162,94.0941530682135,94.0927637672371,94.0927637672371,94.0927636388205,94.089,94.0892695160768,94.09375,94.0922102443493
922.2,94.096162,94.0941490530481,94.0927693208778,94.0927693208778,94.092769176826,94.089,94.0892688762606,94.09375,94.0922202807863
922.25,94.096162,94.0941450378828,94.0927748745184,94.0927748745184,94.0927747148315,94.089,94.0892682364445,94.09375,94.0922303172232
922.3,94.096162,94.0941410227174,94.0927804281591,94.0927804281591,94.092780252837,94.089,94.0892675966283,94.09375,94.0922403536602
922.35,94.096162,94.094137007552,94.0927859817998,94.0927859817998,94.0927857908425,94.089,94.0892669568121,94.09375,94.0922503900971
922.4,94.096162,94.0941329923867,94.0927915354405,94.0927915354405,94.092791328848,94.089,94.0892663169959,94.09375,94.0922604265341
922.45,94.096162,94.0941289772213,94.0927970890812,94.0927970890812,94.0927968668535,94.089,94.0892656771797,94.09375,94.092270462971
922.5,94.096162,94.0941249620559,94.0928026427219,94.0928026427219,94.092802404859,94.089,94.0892650373635,94.09375,94.092280499408
922.55,94.096162,94.0941209468906,94.0928081963626,94.0928081963626,94.0928079428646,94.089,94.0892643975473,94.09375,94.0922905358449
922.6,94.096162,94.0941169317252,94.0928137500032,94.0928137500032,94.09281348087,94.089,94.0892637577311,94.09375,94.0923005722819
922.65,94.096162,94.0941129165598,94.0928193036439,94.0928193036439,94.0928190188756,94.089,94.0892631179149,94.09375,94.0923106087188
922.7,94.096162,94.0941089013944,94.0928248572846,94.0928248572846,94.0928245568811,94.089,94.0892624780987,94.09375,94.0923206451557
922.75,94.096162,94.0941048862291,94.0928304109253,94.0928304109253,94.0928300948866,94.089,94.0892618382825,94.09375,94.0923306815927
922.8,94.096162,94.0941008710637,94.092835964566,94.092835964566,94.0928356328921,94.089,94.0892611984663,94.09375,94.0923407180296
922.85,94.096162,94.0940968558983,94.0928415182067,94.0928415182067,94.0928411708976,94.089,94.0892605586501,94.09375,94.0923507544666
922.9,94.096162,94.094092840733,94.0928470718473,94.0928470718473,94.0928467089031,94.089,94.0892599188339,94.09375,94.0923607909035
922.95,94.096162,94.0940888255676,94.092852625488,94.092852625488,94.0928522469086,94.089,94.0892592790177,94.09375,94.0923708273405
923,94.096162,94.0940848104022,94.0928581791287,94.0928581791287,94.0928577849141,94.089075,94.0893336392015,94.09375,94.0923808637774
923.05,94.096162,94.0940807952368,94.0928637327694,94.0928637327694,94.0928633229196,94.089225,94.0894829993853,94.09375,94.0923909002144
923.1,94.096162,94.0940767800715,94.0928692864101,94.0928692864101,94.0928688609251,94.089375,94.0896323595691,94.09375,94.0924009366513
923.15,94.096162,94.0940727649061,94.0928748400508,94.0928748400508,94.0928743989306,94.089525,94.0897817197529,94.09375,94.0924109730882
923.2,94.096162,94.0940687497407,94.0928803936915,94.0928803936915,94.0928799369361,94.089675,94.0899310799367,94.09375,94.0924210095252
923.25,94.096162,94.0940647345754,94.0928859473321,94.0928859473321,94.0928854749416,94.089825,94.0900804401206,94.09375,94.0924310459621
923.3,94.096162,94.09406071941,94.0928915009728,94.0928915009728,94.0928910129471,94.089975,94.0902298003044,94.09375,94.0924410823991
923.35,94.096162,94.0940567042446,94.0928970546135,94.0928970546135,94.0928965509526,94.090125,94.0903791604882,94.09375,94.092451118836
923.4,94.096162,94.0940526890793,94.0929026082542,94.0929026082542,94.0929020889581,94.090275,94.090528520672,94.09375,94.092461155273
923.45,94.096162,94.0940486739139,94.0929081618949,94.0929081618949,94.0929076269636,94.090425,94.0906778808558,94.09375,94.0924711917099
923.5,94.096162,94.0940446587485,94.0929137155356,94.0929137155356,94.0929131649691,94.090575,94.0908272410396,94.09375,94.0924812281469
923.55,94.096162,94.0940406435832,94.0929192691763,94.0929192691763,94.0929187029746,94.090725,94.0909766012234,94.09375,94.0924912645838
923.6,94.096162,94.0940366284178,94.0929248228169,94.0929248228169,94.0929242409801,94.090875,94.0911259614072,94.09375,94.0925013010207
923.65,94.096162,94.0940326132524,94.0929303764576,94.0929303764576,94.0929297789856,94.091025,94.091275321591,94.09375,94.0925113374577
923.7,94.096162,94.094028598087,94.0929359300983,94.0929359300983,94.0929353169911,94.091175,94.0914246817748,94.09375,94.0925213738946
923.75,94.096162,94.0940245829217,94.092941483739,94.092941483739,94.0929408549967,94.091325,94.0915740419586,94.09375,94.0925314103316
923.8,94.096162,94.0940205677563,94.0929470373797,94.0929470373797,94.0929463930022,94.091475,94.0917234021424,94.09375,94.0925414467685
923.85,94.096162,94.0940165525909,94.0929525910204,94.0929525910204,94.0929519310077,94.091625,94.0918727623262,94.09375,94.0925514832055
923.9,94.096162,94.0940125374256,94.0929581446611,94.0929581446611,94.0929574690132,94.091775,94.09202212251,94.09375,94.0925615196424
923.95,94.096162,94.0940085222602,94.0929636983017,94.0929636983017,94.0929630070187,94.091925,94.0921714826938,94.09375,94.0925715560793
924,94.096162,94.0940045070948,94.0929692519424,94.0929692519424,94.0929685450242,94.0921,94.0923458428776,94.09375,94.0925815925163
924.05,94.096162,94.0940004919295,94.0929748055831,94.0929748055831,94.0929740830297,94.0923,94.0925452030614,94.09375,94.0925916289532
924.1,94.096162,94.0939964767641,94.0929803592238,94.0929803592238,94.0929796210352,94.0925,94.0927445632452,94.09375,94.0926016653902
924.15,94.096162,94.0939924615987,94.0929859128645,94.0929859128645,94.0929851590407,94.0927,94.092943923429,94.09375,94.0926117018271
924.2,94.096162,94.0939884464333,94.0929914665052,94.0929914665052,94.0929906970462,94.0929,94.0931432836128,94.09375,94.0926217382641
924.25,94.096162,94.093984431268,94.0929970201458,94.0929970201458,94.0929962350517,94.0931,94.0933426437966,94.09375,94.092631774701
924.3,94.096162,94.0939804161026,94.0930025737865,94.0930025737865,94.0930017730572,94.0933,94.0935420039805,94.09375,94.092641811138
924.35,94.096162,94.0939764009372,94.0930081274272,94.0930081274272,94.0930073110627,94.0935,94.0937413641643,94.09375,94.0926518475749
924.4,94.096162,94.0939723857719,94.0930136810679,94.0930136810679,94.0930128490682,94.0937,94.0939407243481,94.09375,94.0926618840119
924.45,94.096162,94.0939683706065,94.0930192347086,94.0930192347086,94.0930183870737,94.0939,94.0941400845319,94.09375,94.0926719204488
924.5,94.096162,94.0939643554411,94.0930247883493,94.0930247883493,94.0930239250792,94.0941,94.0943394447157,94.09375,94.0926819568857
924.55,94.096162,94.0939603402758,94.09303034199,94.09303034199,94.0930294630847,94.0943,94.0945388048995,94.09375,94.0926919933227
924.6,94.096162,94.0939563251104,94.0930358956306,94.0930358956306,94.0930350010902,94.0945,94.0947381650833,94.09375,94.0927020297596
924.65,94.096162,94.093952309945,94.0930414492713,94.0930414492713,94.0930405390957,94.0947,94.0949375252671,94.09375,94.0927120661966
924.7,94.096162,94.0939482947797,94.093047002912,94.093047002912,94.0930460771012,94.0949,94.0951368854509,94.09375,94.0927221026335
924.75,94.096162,94.0939442796143,94.0930525565527,94.0930525565527,94.0930516151067,94.0951,94.0953362456347,94.09375,94.0927321390705
924.8,94.096162,94.0939402644489,94.0930581101934,94.0930581101934,94.0930571531122,94.0953,94.0955356058185,94.09375,94.0927421755074
924.85,94.096162,94.0939362492835,94.0930636638341,94.0930636638341,94.0930626911178,94.0955,94.0957349660023,94.09375,94.0927522119444
924.9,94.096162,94.0939322341182,94.0930692174747,94.0930692174747,94.0930682291232,94.0957,94.0959343261861,94.09375,94.0927622483813
924.95,94.096162,94.0939282189528,94.0930747711154,94.0930747711154,94.0930737671288,94.0959,94.0961336863699,94.09375,94.0927722848182
925,94.096162,94.0939242037874,94.0930803247561,94.0930803247561,94.0930793051343,94.096,94.0962330465537,94.09375,94.0927823212552
925.05,94.096162,94.0939201886221,94.0930858783968,94.0930858783968,94.0930848431398,94.096,94.0962324067375,94.09375,94.0927923576921
925.1,94.096162,94.0939161734567,94.0930914320375,94.0930914320375,94.0930903811453,94.096,94.0962317669213,94.09375,94.0928023941291
925.15,94.096162,94.0939121582913,94.0930969856782,94.0930969856782,94.0930959191508,94.096,94.0962311271051,94.09375,94.092812430566
925.2,94.096162,94.093908143126,94.0931025393189,94.0931025393189,94.0931014571563,94.096,94.0962304872889,94.09375,94.092822467003
925.25,94.096162,94.0939041279606,94.0931080929596,94.0931080929596,94.0931069951618,94.096,94.0962298474728,94.09375,94.0928325034399
925.3,94.096162,94.0939001127952,94.0931136466002,94.0931136466002,94.0931125331673,94.096,94.0962292076565,94.09375,94.0928425398769
925.35,94.096162,94.0938960976299,94.0931192002409,94.0931192002409,94.0931180711728,94.096,94.0962285678404,94.09375,94.0928525763138
925.4,94.096162,94.0938920824645,94.0931247538816,94.0931247538816,94.0931236091783,94.096,94.0962279280242,94.09375,94.0928626127507
925.45,94.096162,94.0938880672991,94.0931303075223,94.0931303075223,94.0931291471838,94.096,94.096227288208,94.09375,94.0928726491877
925.5,94.096162,94.0938840521337,94.093135861163,94.093135861163,94.0931346851893,94.096,94.0962266483918,94.09375,94.0928826856246
925.55,94.096162,94.0938800369684,94.0931414148037,94.0931414148037,94.0931402231948,94.096,94.0962260085756,94.09375,94.0928927220616
925.6,94.096162,94.093876021803,94.0931469684443,94.0931469684443,94.0931457612003,94.096,94.0962253687594,94.09375,94.0929027584985
925.65,94.096162,94.0938720066376,94.093152522085,94.093152522085,94.0931512992058,94.096,94.0962247289432,94.09375,94.0929127949355
925.7,94.096162,94.0938679914723,94.0931580757257,94.0931580757257,94.0931568372113,94.096,94.096224089127,94.09375,94.0929228313724
925.75,94.096162,94.0938639763069,94.0931636293664,94.0931636293664,94.0931623752168,94.096,94.0962234493108,94.09375,94.0929328678094
925.8,94.096162,94.0938599611415,94.0931691830071,94.0931691830071,94.0931679132223,94.096,94.0962228094946,94.09375,94.0929429042463
925.85,94.096162,94.0938559459761,94.0931747366478,94.0931747366478,94.0931734512278,94.096,94.0962221696784,94.09375,94.0929529406832
925.9,94.096162,94.0938519308108,94.0931802902885,94.0931802902885,94.0931789892333,94.096,94.0962215298622,94.09375,94.0929629771202
925.95,94.096162,94.0938479156454,94.0931858439291,94.0931858439291,94.0931845272388,94.096,94.096220890046,94.09375,94.0929730135571
926,94.096162,94.09384390048,94.0931913975698,94.0931913975698,94.0931900652443,94.096,94.0962202502298,94.09375,94.0929830499941
926.05,94.096162,94.0938398853147,94.0931969512105,94.0931969512105,94.0931956032498,94.096,94.0962196104136,94.09375,94.092993086431
926.1,94.096162,94.0938358701493,94.0932025048512,94.0932025048512,94.0932011412553,94.096,94.0962189705974,94.09375,94.093003122868
926.15,94.096162,94.0938318549839,94.0932080584919,94.0932080584919,94.0932066792609,94.096,94.0962183307812,94.09375,94.0930131593049
926.2,94.096162,94.0938278398186,94.0932136121326,94.0932136121326,94.0932122172664,94.096,94.096217690965,94.09375,94.0930231957419
926.25,94.096162,94.0938238246532,94.0932191657732,94.0932191657732,94.0932177552719,94.096,94.0962170511488,94.09375,94.0930332321788
926.3,94.096162,94.0938198094878,94.0932247194139,94.0932247194139,94.0932232932774,94.096,94.0962164113326,94.09375,94.0930432686157
926.35,94.096162,94.0938157943225,94.0932302730546,94.0932302730546,94.0932288312829,94.096,94.0962157715165,94.09375,94.0930533050527
926.4,94.096162,94.0938117791571,94.0932358266953,94.0932358266953,94.0932343692884,94.096,94.0962151317003,94.09375,94.0930633414896
926.45,94.096162,94.0938077639917,94.093241380336,94.093241380336,94.0932399072939,94.096,94.0962144918841,94.09375,94.0930733779266
926.5,94.096162,94.0938037488263,94.0932469339767,94.0932469339767,94.0932454452994,94.096,94.0962138520679,94.09375,94.0930834143635
926.55,94.096162,94.093799733661,94.0932524876174,94.0932524876174,94.0932509833049,94.096,94.0962132122517,94.09375,94.0930934508005
926.6,94.096162,94.0937957184956,94.0932580412581,94.0932580412581,94.0932565213104,94.096,94.0962125724355,94.09375,94.0931034872374
926.65,94.096162,94.0937917033302,94.0932635948987,94.0932635948987,94.0932620593159,94.096,94.0962119326193,94.09375,94.0931135236744
926.7,94.096162,94.0937876881649,94.0932691485394,94.0932691485394,94.0932675973214,94.096,94.0962112928031,94.09375,94.0931235601113
926.75,94.096162,94.0937836729995,94.0932747021801,94.0932747021801,94.0932731353269,94.096,94.0962106529869,94.09375,94.0931335965482
926.8,94.096162,94.0937796578341,94.0932802558208,94.0932802558208,94.0932786733324,94.096,94.0962100131707,94.09375,94.0931436329852
926.85,94.096162,94.0937756426688,94.0932858094615,94.0932858094615,94.0932842113379,94.096,94.0962093733545,94.09375,94.0931536694221
926.9,94.096162,94.0937716275034,94.0932913631022,94.0932913631022,94.0932897493434,94.096,94.0962087335383,94.09375,94.0931637058591
926.95,94.096162,94.093767612338,94.0932969167428,94.0932969167428,94.0932952873489,94.096,94.0962080937221,94.09375,94.093173742296
927,94.096162,94.0937635971726,94.0933024703835,94.0933024703835,94.0933008253544,94.095975,94.0961824539059,94.09375,94.093183778733
927.05,94.096162,94.0937595820073,94.0933080240242,94.0933080240242,94.0933063633599,94.095925,94.0961318140897,94.09375,94.0931938151699
927.1,94.096162,94.0937555668419,94.0933135776649,94.0933135776649,94.0933119013654,94.095875,94.0960811742735,94.09375,94.0932038516069
927.15,94.096162,94.0937515516765,94.0933191313056,94.0933191313056,94.0933174393709,94.095825,94.0960305344573,94.09375,94.0932138880438
927.2,94.096162,94.0937475365112,94.0933246849463,94.0933246849463,94.0933229773764,94.095775,94.0959798946411,94.09375,94.0932239244808
927.25,94.096162,94.0937435213458,94.093330238587,94.093330238587,94.0933285153819,94.095725,94.095929254825,94.09375,94.0932339609177
927.3,94.096162,94.0937395061804,94.0933357922276,94.0933357922276,94.0933340533875,94.095675,94.0958786150088,94.09375,94.0932439973546
927.35,94.096162,94.0937354910151,94.0933413458683,94.0933413458683,94.093339591393,94.095625,94.0958279751925,94.09375,94.0932540337916
927.4,94.096162,94.0937314758497,94.093346899509,94.093346899509,94.0933451293985,94.095575,94.0957773353764,94.09375,94.0932640702285
927.45,94.096162,94.0937274606843,94.0933524531497,94.0933524531497,94.093350667404,94.095525,94.0957266955602,94.09375,94.0932741066655
927.5,94.096162,94.0937234455189,94.0933580067904,94.0933580067904,94.0933562054095,94.095475,94.095676055744,94.09375,94.0932841431024
927.55,94.096162,94.0937194303536,94.0933635604311,94.0933635604311,94.093361743415,94.095425,94.0956254159278,94.09375,94.0932941795394
927.6,94.096162,94.0937154151882,94.0933691140717,94.0933691140717,94.0933672814205,94.095375,94.0955747761116,94.09375,94.0933042159763
927.65,94.096162,94.0937114000228,94.0933746677124,94.0933746677124,94.093372819426,94.095325,94.0955241362954,94.09375,94.0933142524133
927.7,94.096162,94.0937073848575,94.0933802213531,94.0933802213531,94.0933783574315,94.095275,94.0954734964792,94.09375,94.0933242888502
927.75,94.096162,94.0937033696921,94.0933857749938,94.0933857749938,94.093383895437,94.095225,94.095422856663,94.09375,94.0933343252871
927.8,94.096162,94.0936993545267,94.0933913286345,94.0933913286345,94.0933894334425,94.095175,94.0953722168468,94.09375,94.0933443617241
927.85,94.096162,94.0936953393614,94.0933968822752,94.0933968822752,94.093394971448,94.095125,94.0953215770306,94.09375,94.093354398161
927.9,94.096162,94.093691324196,94.0934024359159,94.0934024359159,94.0934005094535,94.095075,94.0952709372144,94.09375,94.093364434598
927.95,94.096162,94.0936873090306,94.0934079895566,94.0934079895566,94.093406047459,94.095025,94.0952202973982,94.09375,94.0933744710349
928,94.096162,94.0936832938653,94.0934135431972,94.0934135431972,94.0934115854645,94.09485,94.095044657582,94.09375,94.0933845074719
928.05,94.096162,94.0936792786999,94.0934190968379,94.0934190968379,94.09341712347,94.09455,94.0947440177658,94.09375,94.0933945439088
928.1,94.096162,94.0936752635345,94.0934246504786,94.0934246504786,94.0934226614755,94.09425,94.0944433779496,94.09375,94.0934045803457
928.15,94.096162,94.0936712483691,94.0934302041193,94.0934302041193,94.093428199481,94.09395,94.0941427381334,94.09375,94.0934146167827
928.2,94.096162,94.0936672332038,94.09343575776,94.09343575776,94.0934337374865,94.09365,94.0938420983172,94.09375,94.0934246532196
928.25,94.096162,94.0936632180384,94.0934413114007,94.0934413114007,94.093439275492,94.09335,94.0935414585011,94.09375,94.0934346896566
928.3,94.096162,94.093659202873,94.0934468650413,94.0934468650413,94.0934448134975,94.09305,94.0932408186848,94.09375,94.0934447260935
928.35,94.096162,94.0936551877077,94.093452418682,94.093452418682,94.093450351503,94.09275,94.0929401788687,94.09375,94.0934547625305
928.4,94.096162,94.0936511725423,94.0934579723227,94.0934579723227,94.0934558895085,94.09245,94.0926395390525,94.09375,94.0934647989674
928.45,94.096162,94.0936471573769,94.0934635259634,94.0934635259634,94.093461427514,94.09215,94.0923388992363,94.09375,94.0934748354044
928.5,94.096162,94.0936431422115,94.0934690796041,94.0934690796041,94.0934669655196,94.09185,94.0920382594201,94.09375,94.0934848718413
928.55,94.096162,94.0936391270462,94.0934746332448,94.0934746332448,94.093472503525,94.09155,94.0917376196039,94.09375,94.0934949082782
928.6,94.096162,94.0936351118808,94.0934801868855,94.0934801868855,94.0934780415306,94.09125,94.0914369797877,94.09375,94.0935049447152
928.65,94.096162,94.0936310967154,94.0934857405261,94.0934857405261,94.0934835795361,94.09095,94.0911363399715,94.09375,94.0935149811521
928.7,94.096162,94.0936270815501,94.0934912941668,94.0934912941668,94.0934891175416,94.09065,94.0908357001553,94.09375,94.0935250175891
928.75,94.096162,94.0936230663847,94.0934968478075,94.0934968478075,94.0934946555471,94.09035,94.0905350603391,94.09375,94.093535054026
928.8,94.096162,94.0936190512193,94.0935024014482,94.0935024014482,94.0935001935526,94.09005,94.0902344205229,94.09375,94.093545090463
928.85,94.096162,94.093615036054,94.0935079550889,94.0935079550889,94.0935057315581,94.08975,94.0899337807067,94.09375,94.0935551268999
928.9,94.096162,94.0936110208886,94.0935135087296,94.0935135087296,94.0935112695636,94.08945,94.0896331408905,94.09375,94.0935651633369
928.95,94.096162,94.0936070057232,94.0935190623702,94.0935190623702,94.0935168075691,94.08915,94.0893325010743,94.09375,94.0935751997738
929,94.096162,94.0936029905579,94.0935246160109,94.0935246160109,94.0935223455746,94.089,94.0891818612581,94.09375,94.0935852362108
929.05,94.096162,94.0935989753925,94.0935301696516,94.0935301696516,94.0935278835801,94.089,94.0891812214419,94.09375,94.0935952726477
929.1,94.096162,94.0935949602271,94.0935357232923,94.0935357232923,94.0935334215856,94.089,94.0891805816257,94.09375,94.0936053090846
929.15,94.096162,94.0935909450617,94.093541276933,94.093541276933,94.0935389595911,94.089,94.0891799418095,94.09375,94.0936153455216
929.2,94.096162,94.0935869298964,94.0935468305737,94.0935468305737,94.0935444975966,94.089,94.0891793019933,94.09375,94.0936253819585
929.25,94.096162,94.093582914731,94.0935523842144,94.0935523842144,94.0935500356021,94.089,94.0891786621771,94.09375,94.0936354183955
929.3,94.096162,94.0935788995656,94.0935579378551,94.0935579378551,94.0935555736076,94.089,94.0891780223609,94.09375,94.0936454548324
929.35,94.096162,94.0935748844003,94.0935634914957,94.0935634914957,94.0935611116131,94.089,94.0891773825447,94.09375,94.0936554912694
929.4,94.096162,94.0935708692349,94.0935690451364,94.0935690451364,94.0935666496186,94.089,94.0891767427286,94.09375,94.0936655277063
929.45,94.096162,94.0935668540695,94.0935745987771,94.0935745987771,94.0935721876241,94.089,94.0891761029124,94.09375,94.0936755641433
929.5,94.096162,94.0935628389042,94.0935801524178,94.0935801524178,94.0935777256296,94.089,94.0891754630962,94.09375,94.0936856005802
929.55,94.096162,94.0935588237388,94.0935857060585,94.0935857060585,94.0935832636351,94.089,94.08917482328,94.09375,94.0936956370171
929.6,94.096162,94.0935548085734,94.0935912596992,94.0935912596992,94.0935888016406,94.089,94.0891741834638,94.09375,94.0937056734541
929.65,94.096162,94.0935507934081,94.0935968133398,94.0935968133398,94.0935943396461,94.089,94.0891735436476,94.09375,94.093715709891
929.7,94.096162,94.0935467782427,94.0936023669805,94.0936023669805,94.0935998776517,94.089,94.0891729038314,94.09375,94.093725746328
929.75,94.096162,94.0935427630773,94.0936079206212,94.0936079206212,94.0936054156572,94.089,94.0891722640152,94.09375,94.0937357827649
929.8,94.096162,94.0935387479119,94.0936134742619,94.0936134742619,94.0936109536627,94.089,94.089171624199,94.09375,94.0937458192019
929.85,94.096162,94.0935347327466,94.0936190279026,94.0936190279026,94.0936164916682,94.089,94.0891709843828,94.09375,94.0937558556388
929.9,94.096162,94.0935307175812,94.0936245815433,94.0936245815433,94.0936220296737,94.089,94.0891703445666,94.09375,94.0937658920758
929.95,94.096162,94.0935267024158,94.093630135184,94.093630135184,94.0936275676792,94.089,94.0891697047504,94.09375,94.0937759285127
930,94.096162,94.0935226872505,94.0936356888246,94.0936356888246,94.0936331056847,94.089,94.0891690649342,94.09375,94.0937859649496
930.05,94.096162,94.0935193034155,94.0936443916406,94.0936443916406,94.0936418230213,94.089,94.0891696144456,94.09375,94.0937919187708
930.1,94.096162,94.0935159195805,94.0936530944566,94.0936530944566,94.093650540358,94.089,94.0891701639569,94.09375,94.0937978725919
930.15,94.096162,94.0935125357456,94.0936617972725,94.0936617972725,94.0936592576946,94.089,94.0891707134683,94.09375,94.093803826413
930.2,94.096162,94.0935091519106,94.0936705000885,94.0936705000885,94.0936679750313,94.089,94.0891712629797,94.09375,94.0938097802341
930.25,94.096162,94.0935057680756,94.0936792029045,94.0936792029045,94.0936766923679,94.089,94.089171812491,94.09375,94.0938157340552
930.3,94.096162,94.0935023842407,94.0936879057204,94.0936879057204,94.0936854097045,94.089,94.0891723620024,94.09375,94.0938216878763
930.35,94.096162,94.0934990004057,94.0936966085364,94.0936966085364,94.0936941270412,94.089,94.0891729115137,94.09375,94.0938276416974
930.4,94.096162,94.0934956165708,94.0937053113524,94.0937053113524,94.0937028443778,94.089,94.0891734610251,94.09375,94.0938335955186
930.45,94.096162,94.0934922327358,94.0937140141684,94.0937140141684,94.0937115617145,94.089,94.0891740105365,94.09375,94.0938395493397
930.5,94.096162,94.0934888489008,94.0937227169843,94.0937227169843,94.0937202790511,94.089,94.0891745600478,94.09375,94.0938455031608
930.55,94.096162,94.0934854650659,94.0937314198003,94.0937314198003,94.0937289963878,94.089,94.0891751095592,94.09375,94.0938514569819
930.6,94.096162,94.0934820812309,94.0937401226163,94.0937401226163,94.0937377137244,94.089,94.0891756590706,94.09375,94.093857410803
930.65,94.096162,94.0934786973959,94.0937488254322,94.0937488254322,94.093746431061,94.089,94.0891762085819,94.09375,94.0938633646241
930.7,94.096162,94.093475313561,94.0937575282482,94.0937575282482,94.0937551483977,94.089,94.0891767580933,94.09375,94.0938693184453
930.75,94.096162,94.093471929726,94.0937662310642,94.0937662310642,94.0937638657343,94.089,94.0891773076046,94.09375,94.0938752722664
930.8,94.096162,94.0934685458911,94.0937749338801,94.0937749338801,94.093772583071,94.089,94.089177857116,94.09375,94.0938812260875
930.85,94.096162,94.0934651620561,94.0937836366961,94.0937836366961,94.0937813004076,94.089,94.0891784066274,94.09375,94.0938871799086
930.9,94.096162,94.0934617782211,94.0937923395121,94.0937923395121,94.0937900177443,94.089,94.0891789561387,94.09375,94.0938931337297
930.95,94.096162,94.0934583943862,94.093801042328,94.093801042328,94.0937987350809,94.089,94.0891795056501,94.09375,94.0938990875508
931,94.096162,94.0934550105512,94.093809745144,94.093809745144,94.0938074524176,94.089025,94.0892050551615,94.09375,94.0939050413719
931.05,94.096162,94.0934516267162,94.09381844796,94.09381844796,94.0938161697542,94.089075,94.0892556046728,94.09375,94.0939109951931
931.1,94.096162,94.0934482428813,94.0938271507759,94.0938271507759,94.0938248870908,94.089125,94.0893061541842,94.09375,94.0939169490142
931.15,94.096162,94.0934448590463,94.0938358535919,94.0938358535919,94.0938336044275,94.089175,94.0893567036955,94.09375,94.0939229028353
931.2,94.096162,94.0934414752113,94.0938445564079,94.0938445564079,94.0938423217641,94.089225,94.0894072532069,94.09375,94.0939288566564
931.25,94.096162,94.0934380913764,94.0938532592238,94.0938532592238,94.0938510391008,94.089275,94.0894578027183,94.09375,94.0939348104775
931.3,94.096162,94.0934347075414,94.0938619620398,94.0938619620398,94.0938597564374,94.089325,94.0895083522296,94.09375,94.0939407642986
931.35,94.096162,94.0934313237065,94.0938706648558,94.0938706648558,94.0938684737741,94.089375,94.089558901741,94.09375,94.0939467181198
931.4,94.096162,94.0934279398715,94.0938793676717,94.0938793676717,94.0938771911107,94.089425,94.0896094512523,94.09375,94.0939526719409
931.45,94.096162,94.0934245560365,94.0938880704877,94.0938880704877,94.0938859084474,94.089475,94.0896600007637,94.09375,94.093958625762
931.5,94.096162,94.0934211722016,94.0938967733037,94.0938967733037,94.093894625784,94.089525,94.0897105502751,94.09375,94.0939645795831
931.55,94.096162,94.0934177883666,94.0939054761196,94.0939054761196,94.0939033431207,94.089575,94.0897610997864,94.09375,94.0939705334042
931.6,94.096162,94.0934144045316,94.0939141789356,94.0939141789356,94.0939120604573,94.089625,94.0898116492978,94.09375,94.0939764872253
931.65,94.096162,94.0934110206967,94.0939228817516,94.0939228817516,94.0939207777939,94.089675,94.0898621988092,94.09375,94.0939824410464
931.7,94.096162,94.0934076368617,94.0939315845675,94.0939315845675,94.0939294951306,94.089725,94.0899127483205,94.09375,94.0939883948676
931.75,94.096162,94.0934042530268,94.0939402873835,94.0939402873835,94.0939382124672,94.089775,94.0899632978319,94.09375,94.0939943486887
931.8,94.096162,94.0934008691918,94.0939489901995,94.0939489901995,94.0939469298039,94.089825,94.0900138473432,94.09375,94.0940003025098
931.85,94.096162,94.0933974853568,94.0939576930155,94.0939576930155,94.0939556471405,94.089875,94.0900643968546,94.09375,94.0940062563309
931.9,94.096162,94.0933941015219,94.0939663958314,94.0939663958314,94.0939643644772,94.089925,94.090114946366,94.09375,94.094012210152
931.95,94.096162,94.0933907176869,94.0939750986474,94.0939750986474,94.0939730818138,94.089975,94.0901654958773,94.09375,94.0940181639731
932,94.096162,94.0933873338519,94.0939838014634,94.0939838014634,94.0939817991505,94.09015,94.0903410453887,94.09375,94.0940241177942
932.05,94.096162,94.093383950017,94.0939925042793,94.0939925042793,94.0939905164871,94.09045,94.0906415949,94.09375,94.0940300716154
932.1,94.096162,94.093380566182,94.0940012070953,94.0940012070953,94.0939992338237,94.09075,94.0909421444114,94.09375,94.0940360254365
932.15,94.096162,94.0933771823471,94.0940099099113,94.0940099099113,94.0940079511604,94.09105,94.0912426939228,94.09375,94.0940419792576
932.2,94.096162,94.0933737985121,94.0940186127272,94.0940186127272,94.094016668497,94.09135,94.0915432434341,94.09375,94.0940479330787
932.25,94.096162,94.0933704146771,94.0940273155432,94.0940273155432,94.0940253858337,94.09165,94.0918437929455,94.09375,94.0940538868998
932.3,94.096162,94.0933670308422,94.0940360183592,94.0940360183592,94.0940341031703,94.09195,94.0921443424569,94.09375,94.0940598407209
932.35,94.096162,94.0933636470072,94.0940447211751,94.0940447211751,94.094042820507,94.09225,94.0924448919682,94.09375,94.0940657945421
932.4,94.096162,94.0933602631722,94.0940534239911,94.0940534239911,94.0940515378436,94.09255,94.0927454414796,94.09375,94.0940717483632
932.45,94.096162,94.0933568793373,94.0940621268071,94.0940621268071,94.0940602551803,94.09285,94.0930459909909,94.09375,94.0940777021843
932.5,94.096162,94.0933534955023,94.094070829623,94.094070829623,94.0940689725169,94.09315,94.0933465405023,94.09375,94.0940836560054
932.55,94.096162,94.0933501116673,94.094079532439,94.094079532439,94.0940776898535,94.09345,94.0936470900137,94.09375,94.0940896098265
932.6,94.096162,94.0933467278324,94.094088235255,94.094088235255,94.0940864071902,94.09375,94.093947639525,94.09375,94.0940955636476
932.65,94.096162,94.0933433439974,94.0940969380709,94.0940969380709,94.0940951245268,94.09405,94.0942481890364,94.09375,94.0941015174688
932.7,94.096162,94.0933399601625,94.0941056408869,94.0941056408869,94.0941038418635,94.09435,94.0945487385478,94.09375,94.0941074712899
932.75,94.096162,94.0933365763275,94.0941143437029,94.0941143437029,94.0941125592001,94.09465,94.0948492880591,94.09375,94.094113425111
932.8,94.096162,94.0933331924925,94.0941230465188,94.0941230465188,94.0941212765368,94.09495,94.0951498375705,94.09375,94.0941193789321
932.85,94.096162,94.0933298086576,94.0941317493348,94.0941317493348,94.0941299938734,94.09525,94.0954503870818,94.09375,94.0941253327532
932.9,94.096162,94.0933264248226,94.0941404521508,94.0941404521508,94.0941387112101,94.09555,94.0957509365932,94.09375,94.0941312865743
932.95,94.096162,94.0933230409876,94.0941491549667,94.0941491549667,94.0941474285467,94.09585,94.0960514861046,94.09375,94.0941372403954
933,94.096162,94.0933196571527,94.0941578577827,94.0941578577827,94.0941561458833,94.0961,94.0963020356159,94.09375,94.0941431942166
933.05,94.096162,94.0933162733177,94.0941665605987,94.0941665605987,94.09416486322,94.0963,94.0965025851273,94.09375,94.0941491480377
933.1,94.096162,94.0933128894828,94.0941752634146,94.0941752634146,94.0941735805566,94.0965,94.0967031346386,94.09375,94.0941551018588
933.15,94.096162,94.0933095056478,94.0941839662306,94.0941839662306,94.0941822978933,94.0967,94.09690368415,94.09375,94.0941610556799
933.2,94.096162,94.0933061218128,94.0941926690466,94.0941926690466,94.0941910152299,94.0969,94.0971042336614,94.09375,94.094167009501
933.25,94.096162,94.0933027379779,94.0942013718625,94.0942013718625,94.0941997325666,94.0971,94.0973047831727,94.09375,94.0941729633221
933.3,94.096162,94.0932993541429,94.0942100746785,94.0942100746785,94.0942084499032,94.0973,94.0975053326841,94.09375,94.0941789171433
933.35,94.096162,94.0932959703079,94.0942187774945,94.0942187774945,94.0942171672398,94.0975,94.0977058821955,94.09375,94.0941848709644
933.4,94.096162,94.093292586473,94.0942274803105,94.0942274803105,94.0942258845765,94.0977,94.0979064317068,94.09375,94.0941908247855
933.45,94.096162,94.093289202638,94.0942361831264,94.0942361831264,94.0942346019131,94.0979,94.0981069812182,94.09375,94.0941967786066
933.5,94.096162,94.0932858188031,94.0942448859424,94.0942448859424,94.0942433192498,94.0981,94.0983075307295,94.09375,94.0942027324277
933.55,94.096162,94.0932824349681,94.0942535887583,94.0942535887583,94.0942520365864,94.0983,94.0985080802409,94.09375,94.0942086862488
933.6,94.096162,94.0932790511331,94.0942622915743,94.0942622915743,94.0942607539231,94.0985,94.0987086297523,94.09375,94.0942146400699
933.65,94.096162,94.0932756672982,94.0942709943903,94.0942709943903,94.0942694712597,94.0987,94.0989091792636,94.09375,94.0942205938911
933.7,94.096162,94.0932722834632,94.0942796972063,94.0942796972063,94.0942781885964,94.0989,94.099109728775,94.09375,94.0942265477122
933.75,94.096162,94.0932688996282,94.0942884000222,94.0942884000222,94.094286905933,94.0991,94.0993102782864,94.09375,94.0942325015333
933.8,94.096162,94.0932655157933,94.0942971028382,94.0942971028382,94.0942956232696,94.0993,94.0995108277977,94.09375,94.0942384553544
933.85,94.096162,94.0932621319583,94.0943058056542,94.0943058056542,94.0943043406063,94.0995,94.0997113773091,94.09375,94.0942444091755
933.9,94.096162,94.0932587481233,94.0943145084701,94.0943145084701,94.0943130579429,94.0997,94.0999119268204,94.09375,94.0942503629966
933.95,94.096162,94.0932553642884,94.0943232112861,94.0943232112861,94.0943217752796,94.0999,94.1001124763318,94.09375,94.0942563168177
934,94.096162,94.0932519804534,94.0943319141021,94.0943319141021,94.0943304926162,94.1,94.1002130258432,94.09375,94.0942622706389
934.05,94.096162,94.0932485966185,94.094340616918,94.094340616918,94.0943392099529,94.1,94.1002135753545,94.09375,94.09426822446
934.1,94.096162,94.0932452127835,94.094349319734,94.094349319734,94.0943479272895,94.1,94.1002141248659,94.09375,94.0942741782811
934.15,94.096162,94.0932418289485,94.09435802255,94.09435802255,94.0943566446262,94.1,94.1002146743773,94.09375,94.0942801321022
934.2,94.096162,94.0932384451136,94.0943667253659,94.0943667253659,94.0943653619628,94.1,94.1002152238886,94.09375,94.0942860859233
934.25,94.096162,94.0932350612786,94.0943754281819,94.0943754281819,94.0943740792994,94.1,94.1002157734,94.09375,94.0942920397444
934.3,94.096162,94.0932316774436,94.0943841309979,94.0943841309979,94.0943827966361,94.1,94.1002163229113,94.09375,94.0942979935656
934.35,94.096162,94.0932282936087,94.0943928338138,94.0943928338138,94.0943915139727,94.1,94.1002168724227,94.09375,94.0943039473867
934.4,94.096162,94.0932249097737,94.0944015366298,94.0944015366298,94.0944002313094,94.1,94.1002174219341,94.09375,94.0943099012078
934.45,94.096162,94.0932215259388,94.0944102394458,94.0944102394458,94.094408948646,94.1,94.1002179714454,94.09375,94.0943158550289
934.5,94.096162,94.0932181421038,94.0944189422617,94.0944189422617,94.0944176659827,94.1,94.1002185209568,94.09375,94.09432180885
934.55,94.096162,94.0932147582688,94.0944276450777,94.0944276450777,94.0944263833193,94.1,94.1002190704681,94.09375,94.0943277626711
934.6,94.096162,94.0932113744339,94.0944363478937,94.0944363478937,94.094435100656,94.1,94.1002196199795,94.09375,94.0943337164922
934.65,94.096162,94.0932079905989,94.0944450507096,94.0944450507096,94.0944438179926,94.1,94.1002201694909,94.09375,94.0943396703134
934.7,94.096162,94.0932046067639,94.0944537535256,94.0944537535256,94.0944525353293,94.1,94.1002207190022,94.09375,94.0943456241345
934.75,94.096162,94.093201222929,94.0944624563416,94.0944624563416,94.0944612526659,94.1,94.1002212685136,94.09375,94.0943515779556
934.8,94.096162,94.093197839094,94.0944711591575,94.0944711591575,94.0944699700025,94.1,94.1002218180249,94.09375,94.0943575317767
934.85,94.096162,94.0931944552591,94.0944798619735,94.0944798619735,94.0944786873392,94.1,94.1002223675363,94.09375,94.0943634855978
934.9,94.096162,94.0931910714241,94.0944885647895,94.0944885647895,94.0944874046758,94.1,94.1002229170477,94.09375,94.0943694394189
934.95,94.096162,94.0931876875891,94.0944972676054,94.0944972676054,94.0944961220125,94.1,94.100223466559,94.09375,94.0943753932401
935,94.096162,94.0931843037542,94.0945059704214,94.0945059704214,94.0945048393491,94.1,94.1002240160704,94.09375,94.0943813470612
935.05,94.096162,94.0931809199192,94.0945146732374,94.0945146732374,94.0945135566858,94.1,94.1002245655818,94.09375,94.0943873008823
935.1,94.096162,94.0931775360842,94.0945233760533,94.0945233760533,94.0945222740224,94.1,94.1002251150931,94.09375,94.0943932547034
935.15,94.096162,94.0931741522493,94.0945320788693,94.0945320788693,94.0945309913591,94.1,94.1002256646045,94.09375,94.0943992085245
935.2,94.096162,94.0931707684143,94.0945407816853,94.0945407816853,94.0945397086957,94.1,94.1002262141158,94.09375,94.0944051623456
935.25,94.096162,94.0931673845793,94.0945494845013,94.0945494845013,94.0945484260323,94.1,94.1002267636272,94.09375,94.0944111161668
935.3,94.096162,94.0931640007444,94.0945581873172,94.0945581873172,94.094557143369,94.1,94.1002273131386,94.09375,94.0944170699879
935.35,94.096162,94.0931606169094,94.0945668901332,94.0945668901332,94.0945658607056,94.1,94.1002278626499,94.09375,94.094423023809
935.4,94.096162,94.0931572330745,94.0945755929492,94.0945755929492,94.0945745780423,94.1,94.1002284121613,94.09375,94.0944289776301
935.45,94.096162,94.0931538492395,94.0945842957651,94.0945842957651,94.0945832953789,94.1,94.1002289616727,94.09375,94.0944349314512
935.5,94.096162,94.0931504654045,94.0945929985811,94.0945929985811,94.0945920127156,94.1,94.100229511184,94.09375,94.0944408852723
935.55,94.096162,94.0931470815696,94.0946017013971,94.0946017013971,94.0946007300522,94.1,94.1002300606954,94.09375,94.0944468390934
935.6,94.096162,94.0931436977346,94.094610404213,94.094610404213,94.0946094473888,94.1,94.1002306102067,94.09375,94.0944527929146
935.65,94.096162,94.0931403138996,94.094619107029,94.094619107029,94.0946181647255,94.1,94.1002311597181,94.09375,94.0944587467357
935.7,94.096162,94.0931369300647,94.094627809845,94.094627809845,94.0946268820621,94.1,94.1002317092295,94.09375,94.0944647005568
935.75,94.096162,94.0931335462297,94.0946365126609,94.0946365126609,94.0946355993988,94.1,94.1002322587408,94.09375,94.0944706543779
935.8,94.096162,94.0931301623948,94.0946452154769,94.0946452154769,94.0946443167354,94.1,94.1002328082522,94.09375,94.094476608199
935.85,94.096162,94.0931267785598,94.0946539182929,94.0946539182929,94.0946530340721,94.1,94.1002333577636,94.09375,94.0944825620201
935.9,94.096162,94.0931233947248,94.0946626211088,94.0946626211088,94.0946617514087,94.1,94.1002339072749,94.09375,94.0944885158412
935.95,94.096162,94.0931200108899,94.0946713239248,94.0946713239248,94.0946704687454,94.1,94.1002344567863,94.09375,94.0944944696624
936,94.096162,94.0931166270549,94.0946800267408,94.0946800267408,94.094679186082,94.0999,94.1001350062976,94.09375,94.0945004234835
936.05,94.096162,94.0931132432199,94.0946887295567,94.0946887295567,94.0946879034186,94.0997,94.099935555809,94.09375,94.0945063773046
936.1,94.096162,94.093109859385,94.0946974323727,94.0946974323727,94.0946966207553,94.0995,94.0997361053204,94.09375,94.0945123311257
936.15,94.096162,94.09310647555,94.0947061351887,94.0947061351887,94.0947053380919,94.0993,94.0995366548317,94.09375,94.0945182849468
936.2,94.096162,94.0931030917151,94.0947148380046,94.0947148380046,94.0947140554286,94.0991,94.0993372043431,94.09375,94.0945242387679
936.25,94.096162,94.0930997078801,94.0947235408206,94.0947235408206,94.0947227727652,94.0989,94.0991377538544,94.09375,94.0945301925891
936.3,94.096162,94.0930963240451,94.0947322436366,94.0947322436366,94.0947314901019,94.0987,94.0989383033658,94.09375,94.0945361464102
936.35,94.096162,94.0930929402102,94.0947409464525,94.0947409464525,94.0947402074385,94.0985,94.0987388528772,94.09375,94.0945421002313
936.4,94.096162,94.0930895563752,94.0947496492685,94.0947496492685,94.0947489247752,94.0983,94.0985394023885,94.09375,94.0945480540524
936.45,94.096162,94.0930861725402,94.0947583520845,94.0947583520845,94.0947576421118,94.0981,94.0983399518999,94.09375,94.0945540078735
936.5,94.096162,94.0930827887053,94.0947670549004,94.0947670549004,94.0947663594484,94.0979,94.0981405014113,94.09375,94.0945599616946
936.55,94.096162,94.0930794048703,94.0947757577164,94.0947757577164,94.0947750767851,94.0977,94.0979410509226,94.09375,94.0945659155157
936.6,94.096162,94.0930760210353,94.0947844605324,94.0947844605324,94.0947837941217,94.0975,94.097741600434,94.09375,94.0945718693369
936.65,94.096162,94.0930726372004,94.0947931633484,94.0947931633484,94.0947925114584,94.0973,94.0975421499453,94.09375,94.094577823158
936.7,94.096162,94.0930692533654,94.0948018661643,94.0948018661643,94.094801228795,94.0971,94.0973426994567,94.09375,94.0945837769791
936.75,94.096162,94.0930658695304,94.0948105689803,94.0948105689803,94.0948099461317,94.0969,94.0971432489681,94.09375,94.0945897308002
936.8,94.096162,94.0930624856955,94.0948192717963,94.0948192717963,94.0948186634683,94.0967,94.0969437984794,94.09375,94.0945956846213
936.85,94.096162,94.0930591018605,94.0948279746122,94.0948279746122,94.094827380805,94.0965,94.0967443479908,94.09375,94.0946016384424
936.9,94.096162,94.0930557180256,94.0948366774282,94.0948366774282,94.0948360981416,94.0963,94.0965448975022,94.09375,94.0946075922636
936.95,94.096162,94.0930523341906,94.0948453802442,94.0948453802442,94.0948448154782,94.0961,94.0963454470135,94.09375,94.0946135460847
937,94.096162,94.0930489503556,94.0948540830601,94.0948540830601,94.0948535328149,94.095875,94.0961209965249,94.09375,94.0946194999058
937.05,94.096162,94.0930455665207,94.0948627858761,94.0948627858761,94.0948622501515,94.095625,94.0958715460362,94.09375,94.0946254537269
937.1,94.096162,94.0930421826857,94.0948714886921,94.0948714886921,94.0948709674882,94.095375,94.0956220955476,94.09375,94.094631407548
937.15,94.096162,94.0930387988508,94.094880191508,94.094880191508,94.0948796848248,94.095125,94.095372645059,94.09375,94.0946373613691
937.2,94.096162,94.0930354150158,94.094888894324,94.094888894324,94.0948884021615,94.094875,94.0951231945703,94.09375,94.0946433151903
937.25,94.096162,94.0930320311808,94.09489759714,94.09489759714,94.0948971194981,94.094625,94.0948737440817,94.09375,94.0946492690114
937.3,94.096162,94.0930286473459,94.0949062999559,94.0949062999559,94.0949058368348,94.094375,94.094624293593,94.09375,94.0946552228325
937.35,94.096162,94.0930252635109,94.0949150027719,94.0949150027719,94.0949145541714,94.094125,94.0943748431044,94.09375,94.0946611766536
937.4,94.096162,94.0930218796759,94.0949237055879,94.0949237055879,94.094923271508,94.093875,94.0941253926158,94.09375,94.0946671304747
937.45,94.096162,94.093018495841,94.0949324084038,94.0949324084038,94.0949319888447,94.093625,94.0938759421271,94.09375,94.0946730842958
937.5,94.096162,94.093015112006,94.0949411112198,94.0949411112198,94.0949407061813,94.093375,94.0936264916385,94.09375,94.0946790381169
937.55,94.096162,94.093011728171,94.0949498140358,94.0949498140358,94.094949423518,94.093125,94.0933770411499,94.09375,94.0946849919381
937.6,94.096162,94.0930083443361,94.0949585168517,94.0949585168517,94.0949581408546,94.092875,94.0931275906612,94.09375,94.0946909457592
937.65,94.096162,94.0930049605011,94.0949672196677,94.0949672196677,94.0949668581913,94.092625,94.0928781401726,94.09375,94.0946968995803
937.7,94.096162,94.0930015766662,94.0949759224837,94.0949759224837,94.0949755755279,94.092375,94.0926286896839,94.09375,94.0947028534014
937.75,94.096162,94.0929981928312,94.0949846252996,94.0949846252996,94.0949842928646,94.092125,94.0923792391953,94.09375,94.0947088072225
937.8,94.096162,94.0929948089962,94.0949933281156,94.0949933281156,94.0949930102012,94.091875,94.0921297887067,94.09375,94.0947147610436
937.85,94.096162,94.0929914251613,94.0950020309316,94.0950020309316,94.0950017275378,94.091625,94.091880338218,94.09375,94.0947207148647
937.9,94.096162,94.0929880413263,94.0950107337475,94.0950107337475,94.0950104448745,94.091375,94.0916308877294,94.09375,94.0947266686859
937.95,94.096162,94.0929846574913,94.0950194365635,94.0950194365635,94.0950191622111,94.091125,94.0913814372408,94.09375,94.094732622507
938,94.096162,94.0929812736564,94.0950281393795,94.0950281393795,94.0950278795478,94.091,94.0912569867521,94.09375,94.0947385763281
938.05,94.096162,94.0929778898214,94.0950368421955,94.0950368421955,94.0950365968844,94.091,94.0912575362635,94.09375,94.0947445301492
938.1,94.096162,94.0929745059864,94.0950455450114,94.0950455450114,94.0950453142211,94.091,94.0912580857748,94.09375,94.0947504839703
938.15,94.096162,94.0929711221515,94.0950542478274,94.0950542478274,94.0950540315577,94.091,94.0912586352862,94.09375,94.0947564377914
938.2,94.096162,94.0929677383165,94.0950629506434,94.0950629506434,94.0950627488943,94.091,94.0912591847976,94.09375,94.0947623916125
938.25,94.096162,94.0929643544816,94.0950716534593,94.0950716534593,94.095071466231,94.091,94.0912597343089,94.09375,94.0947683454337
938.3,94.096162,94.0929609706466,94.0950803562753,94.0950803562753,94.0950801835676,94.091,94.0912602838203,94.09375,94.0947742992548
938.35,94.096162,94.0929575868116,94.0950890590913,94.0950890590913,94.0950889009043,94.091,94.0912608333316,94.09375,94.0947802530759
938.4,94.096162,94.0929542029767,94.0950977619072,94.0950977619072,94.0950976182409,94.091,94.091261382843,94.09375,94.094786206897
938.45,94.096162,94.0929508191417,94.0951064647232,94.0951064647232,94.0951063355776,94.091,94.0912619323544,94.09375,94.0947921607181
938.5,94.096162,94.0929474353067,94.0951151675392,94.0951151675392,94.0951150529142,94.091,94.0912624818657,94.09375,94.0947981145392
938.55,94.096162,94.0929440514718,94.0951238703551,94.0951238703551,94.0951237702509,94.091,94.0912630313771,94.09375,94.0948040683604
938.6,94.096162,94.0929406676368,94.0951325731711,94.0951325731711,94.0951324875875,94.091,94.0912635808885,94.09375,94.0948100221815
938.65,94.096162,94.0929372838019,94.0951412759871,94.0951412759871,94.0951412049241,94.091,94.0912641303998,94.09375,94.0948159760026
938.7,94.096162,94.0929338999669,94.095149978803,94.095149978803,94.0951499222608,94.091,94.0912646799112,94.09375,94.0948219298237
938.75,94.096162,94.0929305161319,94.095158681619,94.095158681619,94.0951586395974,94.091,94.0912652294225,94.09375,94.0948278836448
938.8,94.096162,94.092927132297,94.095167384435,94.095167384435,94.0951673569341,94.091,94.0912657789339,94.09375,94.0948338374659
938.85,94.096162,94.092923748462,94.0951760872509,94.0951760872509,94.0951760742707,94.091,94.0912663284453,94.09375,94.0948397912871
938.9,94.096162,94.092920364627,94.0951847900669,94.0951847900669,94.0951847916074,94.091,94.0912668779566,94.09375,94.0948457451082
938.95,94.096162,94.0929169807921,94.0951934928829,94.0951934928829,94.095193508944,94.091,94.091267427468,94.09375,94.0948516989293
939,94.096162,94.0929135969571,94.0952021956988,94.0952021956988,94.0952022262807,94.091,94.0912679769794,94.09375,94.0948576527504
939.05,94.096162,94.0929102131222,94.0952108985148,94.0952108985148,94.0952109436173,94.091,94.0912685264907,94.09375,94.0948636065715
939.1,94.096162,94.0929068292872,94.0952196013308,94.0952196013308,94.0952196609539,94.091,94.0912690760021,94.09375,94.0948695603926
939.15,94.096162,94.0929034454522,94.0952283041467,94.0952283041467,94.0952283782906,94.091,94.0912696255134,94.09375,94.0948755142137
939.2,94.096162,94.0929000616173,94.0952370069627,94.0952370069627,94.0952370956272,94.091,94.0912701750248,94.09375,94.0948814680349
939.25,94.096162,94.0928966777823,94.0952457097787,94.0952457097787,94.0952458129639,94.091,94.0912707245362,94.09375,94.094887421856
939.3,94.096162,94.0928932939473,94.0952544125946,94.0952544125946,94.0952545303005,94.091,94.0912712740475,94.09375,94.0948933756771
939.35,94.096162,94.0928899101124,94.0952631154106,94.0952631154106,94.0952632476372,94.091,94.0912718235589,94.09375,94.0948993294982
939.4,94.096162,94.0928865262774,94.0952718182266,94.0952718182266,94.0952719649738,94.091,94.0912723730702,94.09375,94.0949052833193
939.45,94.096162,94.0928831424424,94.0952805210425,94.0952805210425,94.0952806823105,94.091,94.0912729225816,94.09375,94.0949112371404
939.5,94.096162,94.0928797586075,94.0952892238585,94.0952892238585,94.0952893996471,94.091,94.091273472093,94.09375,94.0949171909616
939.55,94.096162,94.0928763747725,94.0952979266745,94.0952979266745,94.0952981169838,94.091,94.0912740216043,94.09375,94.0949231447827
939.6,94.096162,94.0928729909376,94.0953066294905,94.0953066294905,94.0953068343204,94.091,94.0912745711157,94.09375,94.0949290986038
939.65,94.096162,94.0928696071026,94.0953153323064,94.0953153323064,94.095315551657,94.091,94.091275120627,94.09375,94.0949350524249
939.7,94.096162,94.0928662232676,94.0953240351224,94.0953240351224,94.0953242689937,94.091,94.0912756701384,94.09375,94.094941006246
939.75,94.096162,94.0928628394327,94.0953327379383,94.0953327379383,94.0953329863303,94.091,94.0912762196498,94.09375,94.0949469600671
939.8,94.096162,94.0928594555977,94.0953414407543,94.0953414407543,94.095341703667,94.091,94.0912767691611,94.09375,94.0949529138882
939.85,94.096162,94.0928560717627,94.0953501435703,94.0953501435703,94.0953504210036,94.091,94.0912773186725,94.09375,94.0949588677094
939.9,94.096162,94.0928526879278,94.0953588463862,94.0953588463862,94.0953591383403,94.091,94.0912778681839,94.09375,94.0949648215305
939.95,94.096162,94.0928493040928,94.0953675492022,94.0953675492022,94.0953678556769,94.091,94.0912784176952,94.09375,94.0949707753516
940,94.096162,94.0928459202579,94.0953762520182,94.0953762520182,94.0953765730136,94.0911,94.0913789672066,94.09375,94.0949767291727
940.05,94.096162,94.0928360328897,94.0953444021385,94.0953444021385,94.0953447339409,94.0913,94.0915770637097,94.09375,94.094959795727
940.1,94.096162,94.0928261455215,94.0953125522588,94.0953125522588,94.0953128948683,94.0915,94.0917751602128,94.09375,94.0949428622812
940.15,94.096162,94.0928162581534,94.0952807023791,94.0952807023791,94.0952810557957,94.0917,94.0919732567158,94.09375,94.0949259288355
940.2,94.096162,94.0928063707852,94.0952488524994,94.0952488524994,94.0952492167231,94.0919,94.0921713532189,94.09375,94.0949089953898
940.25,94.096162,94.092796483417,94.0952170026197,94.0952170026197,94.0952173776504,94.0921,94.092369449722,94.09375,94.0948920619441
940.3,94.096162,94.0927865960489,94.09518515274,94.09518515274,94.0951855385778,94.0923,94.0925675462251,94.09375,94.0948751284983
940.35,94.096162,94.0927767086807,94.0951533028603,94.0951533028603,94.0951536995052,94.0925,94.0927656427282,94.09375,94.0948581950526
940.4,94.096162,94.0927668213125,94.0951214529806,94.0951214529806,94.0951218604326,94.0927,94.0929637392313,94.09375,94.0948412616069
940.45,94.096162,94.0927569339444,94.0950896031009,94.0950896031009,94.09509002136,94.0929,94.0931618357344,94.09375,94.0948243281611
940.5,94.096162,94.0927470465762,94.0950577532212,94.0950577532212,94.0950581822873,94.0931,94.0933599322374,94.09375,94.0948073947154
940.55,94.096162,94.092737159208,94.0950259033415,94.0950259033415,94.0950263432147,94.0933,94.0935580287405,94.09375,94.0947904612697
940.6,94.096162,94.0927272718399,94.0949940534618,94.0949940534618,94.0949945041421,94.0935,94.0937561252436,94.09375,94.0947735278239
940.65,94.096162,94.0927173844717,94.0949622035821,94.0949622035821,94.0949626650695,94.0937,94.0939542217467,94.09375,94.0947565943782
940.7,94.096162,94.0927074971035,94.0949303537024,94.0949303537024,94.0949308259969,94.0939,94.0941523182498,94.09375,94.0947396609325
940.75,94.096162,94.0926976097354,94.0948985038227,94.0948985038227,94.0948989869242,94.0941,94.0943504147529,94.09375,94.0947227274867
940.8,94.096162,94.0926877223672,94.094866653943,94.094866653943,94.0948671478516,94.0943,94.094548511256,94.09375,94.094705794041
940.85,94.096162,94.0926778349991,94.0948348040633,94.0948348040633,94.094835308779,94.0945,94.094746607759,94.09375,94.0946888605953
940.9,94.096162,94.0926679476309,94.0948029541836,94.0948029541836,94.0948034697064,94.0947,94.0949447042621,94.09375,94.0946719271495
940.95,94.096162,94.0926580602627,94.0947711043039,94.0947711043039,94.0947716306338,94.0949,94.0951428007652,94.09375,94.0946549937038
941,94.096162,94.0926481728946,94.0947392544242,94.0947392544242,94.0947397915611,94.095075,94.0953158972683,94.09375,94.0946380602581
941.05,94.096162,94.0926382855264,94.0947074045445,94.0947074045445,94.0947079524885,94.095225,94.0954639937714,94.09375,94.0946211268123
941.1,94.096162,94.0926283981582,94.0946755546648,94.0946755546648,94.0946761134159,94.095375,94.0956120902745,94.09375,94.0946041933666
941.15,94.096162,94.0926185107901,94.0946437047851,94.0946437047851,94.0946442743433,94.095525,94.0957601867776,94.09375,94.0945872599209
941.2,94.096162,94.0926086234219,94.0946118549054,94.0946118549054,94.0946124352706,94.095675,94.0959082832807,94.09375,94.0945703264752
941.25,94.096162,94.0925987360537,94.0945800050256,94.0945800050256,94.094580596198,94.095825,94.0960563797837,94.09375,94.0945533930294
941.3,94.096162,94.0925888486856,94.094548155146,94.094548155146,94.0945487571254,94.095975,94.0962044762868,94.09375,94.0945364595837
941.35,94.096162,94.0925789613174,94.0945163052663,94.0945163052663,94.0945169180528,94.096125,94.0963525727899,94.09375,94.094519526138
941.4,94.096162,94.0925690739492,94.0944844553865,94.0944844553865,94.0944850789802,94.096275,94.096500669293,94.09375,94.0945025926922
941.45,94.096162,94.0925591865811,94.0944526055068,94.0944526055068,94.0944532399076,94.096425,94.0966487657961,94.09375,94.0944856592465
941.5,94.096162,94.0925492992129,94.0944207556271,94.0944207556271,94.0944214008349,94.096575,94.0967968622992,94.09375,94.0944687258008
941.55,94.096162,94.0925394118447,94.0943889057475,94.0943889057475,94.0943895617623,94.096725,94.0969449588023,94.09375,94.094451792355
941.6,94.096162,94.0925295244766,94.0943570558677,94.0943570558677,94.0943577226897,94.096875,94.0970930553054,94.09375,94.0944348589093
941.65,94.096162,94.0925196371084,94.094325205988,94.094325205988,94.0943258836171,94.097025,94.0972411518084,94.09375,94.0944179254636
941.7,94.096162,94.0925097497402,94.0942933561083,94.0942933561083,94.0942940445444,94.097175,94.0973892483115,94.09375,94.0944009920178
941.75,94.096162,94.0924998623721,94.0942615062286,94.0942615062286,94.0942622054718,94.097325,94.0975373448146,94.09375,94.0943840585721
941.8,94.096162,94.0924899750039,94.0942296563489,94.0942296563489,94.0942303663992,94.097475,94.0976854413177,94.09375,94.0943671251264
941.85,94.096162,94.0924800876357,94.0941978064692,94.0941978064692,94.0941985273266,94.097625,94.0978335378208,94.09375,94.0943501916806
941.9,94.096162,94.0924702002676,94.0941659565895,94.0941659565895,94.094166688254,94.097775,94.0979816343239,94.09375,94.0943332582349
941.95,94.096162,94.0924603128994,94.0941341067098,94.0941341067098,94.0941348491813,94.097925,94.098129730827,94.09375,94.0943163247892
942,94.096162,94.0924504255313,94.0941022568301,94.0941022568301,94.0941030101087,94.098,94.09820282733,94.09375,94.0942993913435
942.05,94.096162,94.0924405381631,94.0940704069504,94.0940704069504,94.0940711710361,94.098,94.0982009238331,94.09375,94.0942824578977
942.1,94.096162,94.0924306507949,94.0940385570707,94.0940385570707,94.0940393319635,94.098,94.0981990203362,94.09375,94.094265524452
942.15,94.096162,94.0924207634268,94.094006707191,94.094006707191,94.0940074928909,94.098,94.0981971168393,94.09375,94.0942485910063
942.2,94.096162,94.0924108760586,94.0939748573113,94.0939748573113,94.0939756538182,94.098,94.0981952133424,94.09375,94.0942316575605
942.25,94.096162,94.0924009886904,94.0939430074316,94.0939430074316,94.0939438147456,94.098,94.0981933098455,94.09375,94.0942147241148
942.3,94.096162,94.0923911013223,94.0939111575519,94.0939111575519,94.093911975673,94.098,94.0981914063486,94.09375,94.0941977906691
942.35,94.096162,94.0923812139541,94.0938793076722,94.0938793076722,94.0938801366004,94.098,94.0981895028516,94.09375,94.0941808572233
942.4,94.096162,94.0923713265859,94.0938474577925,94.0938474577925,94.0938482975278,94.098,94.0981875993547,94.09375,94.0941639237776
942.45,94.096162,94.0923614392178,94.0938156079128,94.0938156079128,94.0938164584551,94.098,94.0981856958578,94.09375,94.0941469903319
942.5,94.096162,94.0923515518496,94.0937837580331,94.0937837580331,94.0937846193825,94.098,94.0981837923609,94.09375,94.0941300568861
942.55,94.096162,94.0923416644814,94.0937519081534,94.0937519081534,94.0937527803099,94.098,94.098181888864,94.09375,94.0941131234404
942.6,94.096162,94.0923317771133,94.0937200582737,94.0937200582737,94.0937209412373,94.098,94.0981799853671,94.09375,94.0940961899947
942.65,94.096162,94.0923218897451,94.093688208394,94.093688208394,94.0936891021646,94.098,94.0981780818702,94.09375,94.0940792565489
942.7,94.096162,94.0923120023769,94.0936563585143,94.0936563585143,94.093657263092,94.098,94.0981761783733,94.09375,94.0940623231032
942.75,94.096162,94.0923021150088,94.0936245086346,94.0936245086346,94.0936254240194,94.098,94.0981742748763,94.09375,94.0940453896575
942.8,94.096162,94.0922922276406,94.0935926587549,94.0935926587549,94.0935935849468,94.098,94.0981723713794,94.09375,94.0940284562117
942.85,94.096162,94.0922823402724,94.0935608088752,94.0935608088752,94.0935617458742,94.098,94.0981704678825,94.09375,94.094011522766
942.9,94.096162,94.0922724529043,94.0935289589955,94.0935289589955,94.0935299068015,94.098,94.0981685643856,94.09375,94.0939945893203
942.95,94.096162,94.0922625655361,94.0934971091158,94.0934971091158,94.0934980677289,94.098,94.0981666608887,94.09375,94.0939776558746
943,94.096162,94.092252678168,94.0934652592361,94.0934652592361,94.0934662286563,94.098,94.0981647573918,94.09375,94.0939607224288
943.05,94.096162,94.0922427907998,94.0934334093564,94.0934334093564,94.0934343895837,94.098,94.0981628538948,94.09375,94.0939437889831
943.1,94.096162,94.0922329034316,94.0934015594767,94.0934015594767,94.0934025505111,94.098,94.0981609503979,94.09375,94.0939268555374
943.15,94.096162,94.0922230160635,94.093369709597,94.093369709597,94.0933707114384,94.098,94.098159046901,94.09375,94.0939099220916
943.2,94.096162,94.0922131286953,94.0933378597173,94.0933378597173,94.0933388723658,94.098,94.0981571434041,94.09375,94.0938929886459
943.25,94.096162,94.0922032413271,94.0933060098376,94.0933060098376,94.0933070332932,94.098,94.0981552399072,94.09375,94.0938760552002
943.3,94.096162,94.092193353959,94.0932741599579,94.0932741599579,94.0932751942206,94.098,94.0981533364103,94.09375,94.0938591217544
943.35,94.096162,94.0921834665908,94.0932423100782,94.0932423100782,94.093243355148,94.098,94.0981514329134,94.09375,94.0938421883087
943.4,94.096162,94.0921735792226,94.0932104601985,94.0932104601985,94.0932115160753,94.098,94.0981495294165,94.09375,94.093825254863
943.45,94.096162,94.0921636918545,94.0931786103188,94.0931786103188,94.0931796770027,94.098,94.0981476259195,94.09375,94.0938083214172
943.5,94.096162,94.0921538044863,94.0931467604391,94.0931467604391,94.0931478379301,94.098,94.0981457224226,94.09375,94.0937913879715
943.55,94.096162,94.0921439171181,94.0931149105594,94.0931149105594,94.0931159988575,94.098,94.0981438189257,94.09375,94.0937744545258
943.6,94.096162,94.09213402975,94.0930830606797,94.0930830606797,94.0930841597849,94.098,94.0981419154288,94.09375,94.0937575210801
943.65,94.096162,94.0921241423818,94.0930512108,94.0930512108,94.0930523207122,94.098,94.0981400119319,94.09375,94.0937405876343
943.7,94.096162,94.0921142550136,94.0930193609203,94.0930193609203,94.0930204816396,94.098,94.098138108435,94.09375,94.0937236541886
943.75,94.096162,94.0921043676455,94.0929875110406,94.0929875110406,94.092988642567,94.098,94.0981362049381,94.09375,94.0937067207429
943.8,94.096162,94.0920944802773,94.0929556611609,94.0929556611609,94.0929568034944,94.098,94.0981343014411,94.09375,94.0936897872971
943.85,94.096162,94.0920845929091,94.0929238112812,94.0929238112812,94.0929249644218,94.098,94.0981323979442,94.09375,94.0936728538514
943.9,94.096162,94.092074705541,94.0928919614015,94.0928919614015,94.0928931253491,94.098,94.0981304944473,94.09375,94.0936559204057
943.95,94.096162,94.0920648181728,94.0928601115218,94.0928601115218,94.0928612862765,94.098,94.0981285909504,94.09375,94.0936389869599
944,94.096162,94.0920549308047,94.0928282616421,94.0928282616421,94.0928294472039,94.097875,94.0980016874535,94.09375,94.0936220535142
944.05,94.096162,94.0920450434365,94.0927964117624,94.0927964117624,94.0927976081313,94.097625,94.0977497839566,94.09375,94.0936051200685
944.1,94.096162,94.0920351560683,94.0927645618827,94.0927645618827,94.0927657690586,94.097375,94.0974978804597,94.09375,94.0935881866227
944.15,94.096162,94.0920252687002,94.092732712003,94.092732712003,94.092733929986,94.097125,94.0972459769628,94.09375,94.093571253177
944.2,94.096162,94.092015381332,94.0927008621233,94.0927008621233,94.0927020909134,94.096875,94.0969940734658,94.09375,94.0935543197313
944.25,94.096162,94.0920054939638,94.0926690122436,94.0926690122436,94.0926702518408,94.096625,94.0967421699689,94.09375,94.0935373862855
944.3,94.096162,94.0919956065957,94.0926371623639,94.0926371623639,94.0926384127682,94.096375,94.096490266472,94.09375,94.0935204528398
944.35,94.096162,94.0919857192275,94.0926053124842,94.0926053124842,94.0926065736955,94.096125,94.0962383629751,94.09375,94.0935035193941
944.4,94.096162,94.0919758318593,94.0925734626045,94.0925734626045,94.0925747346229,94.095875,94.0959864594782,94.09375,94.0934865859483
944.45,94.096162,94.0919659444912,94.0925416127248,94.0925416127248,94.0925428955503,94.095625,94.0957345559813,94.09375,94.0934696525026
944.5,94.096162,94.091956057123,94.0925097628451,94.0925097628451,94.0925110564777,94.095375,94.0954826524843,94.09375,94.0934527190569
944.55,94.096162,94.0919461697548,94.0924779129654,94.0924779129654,94.0924792174051,94.095125,94.0952307489874,94.09375,94.0934357856111
944.6,94.096162,94.0919362823867,94.0924460630857,94.0924460630857,94.0924473783324,94.094875,94.0949788454905,94.09375,94.0934188521654
944.65,94.096162,94.0919263950185,94.092414213206,94.092414213206,94.0924155392598,94.094625,94.0947269419936,94.09375,94.0934019187197
944.7,94.096162,94.0919165076503,94.0923823633263,94.0923823633263,94.0923837001872,94.094375,94.0944750384967,94.09375,94.093384985274
944.75,94.096162,94.0919066202822,94.0923505134465,94.0923505134465,94.0923518611146,94.094125,94.0942231349998,94.09375,94.0933680518282
944.8,94.096162,94.091896732914,94.0923186635668,94.0923186635668,94.092320022042,94.093875,94.0939712315029,94.09375,94.0933511183825
944.85,94.096162,94.0918868455458,94.0922868136872,94.0922868136872,94.0922881829693,94.093625,94.093719328006,94.09375,94.0933341849368
944.9,94.096162,94.0918769581777,94.0922549638074,94.0922549638074,94.0922563438967,94.093375,94.093467424509,94.09375,94.093317251491
944.95,94.096162,94.0918670708095,94.0922231139277,94.0922231139277,94.0922245048241,94.093125,94.0932155210121,94.09375,94.0933003180453
945,94.096162,94.0918571834413,94.092191264048,94.092191264048,94.0921926657515,94.092875,94.0929636175152,94.0937133789062,94.0932467635058
945.05,94.096162,94.0918472960732,94.0921594141683,94.0921594141683,94.0921608266788,94.092625,94.0927117140183,94.0936401367187,94.0931565878726
945.1,94.096162,94.091837408705,94.0921275642886,94.0921275642886,94.0921289876062,94.092375,94.0924598105214,94.0935668945312,94.0930664122394
945.15,94.096162,94.0918275213369,94.0920957144089,94.0920957144089,94.0920971485336,94.092125,94.0922079070245,94.0934936523438,94.0929762366061
945.2,94.096162,94.0918176339687,94.0920638645292,94.0920638645292,94.092065309461,94.091875,94.0919560035276,94.0934204101563,94.0928860609729
945.25,94.096162,94.0918077466005,94.0920320146495,94.0920320146495,94.0920334703884,94.091625,94.0917041000307,94.0933471679687,94.0927958853397
945.3,94.096162,94.0917978592324,94.0920001647698,94.0920001647698,94.0920016313158,94.091375,94.0914521965337,94.0932739257812,94.0927057097064
945.35,94.096162,94.0917879718642,94.0919683148901,94.0919683148901,94.0919697922431,94.091125,94.0912002930368,94.0932006835938,94.0926155340732
945.4,94.096162,94.091778084496,94.0919364650104,94.0919364650104,94.0919379531705,94.090875,94.0909483895399,94.0931274414063,94.09252535844
945.45,94.096162,94.0917681971279,94.0919046151307,94.0919046151307,94.0919061140979,94.090625,94.090696486043,94.0930541992188,94.0924351828067
945.5,94.096162,94.0917583097597,94.091872765251,94.091872765251,94.0918742750253,94.090375,94.0904445825461,94.0929809570312,94.0923450071735
945.55,94.096162,94.0917484223915,94.0918409153713,94.0918409153713,94.0918424359526,94.090125,94.0901926790492,94.0929077148437,94.0922548315403
945.6,94.09616294,94.0917385350234,94.0918090654916,94.0918090654916,94.09181059688,94.089875,94.0899407755523,94.0928344726562,94.092164655907
945.65,94.09616482,94.0917286476552,94.0917772156119,94.0917772156119,94.0917787578074,94.089625,94.0896888720553,94.0927612304688,94.0920744802738
945.7,94.09616858,94.091718760287,94.0917453657322,94.0917453657322,94.0917469187348,94.089375,94.0894369685584,94.0926879882813,94.0919843046406
945.75,94.09617328,94.0917088729189,94.0917135158525,94.0917135158525,94.0917150796622,94.089125,94.0891850650615,94.0926147460937,94.0918941290073
945.8,94.09617704,94.0916989855507,94.0916816659728,94.0916816659728,94.0916832405895,94.088875,94.0889331615646,94.0925415039062,94.0918039533741
945.85,94.0961808,94.0916890981825,94.0916498160931,94.0916498160931,94.0916514015169,94.088625,94.0886812580677,94.0924682617188,94.0917137777409
945.9,94.09618456,94.0916792108144,94.0916179662134,94.0916179662134,94.0916195624443,94.088375,94.0884293545708,94.0923950195313,94.0916236021076
945.95,94.09618832,94.0916693234462,94.0915861163337,94.0915861163337,94.0915877233717,94.088125,94.0881774510739,94.0923217773438,94.0915334264744
946,94.09619302,94.091534436078,94.091429266454,94.091429266454,94.0914308842991,94.087925,94.0879755475769,94.0922485351562,94.0914432508412
946.05,94.09619678,94.0912745487099,94.0911474165743,94.0911474165743,94.0911490452264,94.087775,94.08782364408,94.0921752929687,94.091353075208
946.1,94.09620054,94.0910146613417,94.0908655666946,94.0908655666946,94.0908672061538,94.087625,94.0876717405831,94.0921020507812,94.0912628995747
946.15,94.0962043,94.0907547739735,94.0905837168149,94.0905837168149,94.0905853670812,94.087475,94.0875198370862,94.0920288085938,94.0911727239415
946.2,94.096209,94.0904948866054,94.0903018669352,94.0903018669352,94.0903035280086,94.087325,94.0873679335893,94.0919555664063,94.0910825483083
946.25,94.09621276,94.0902349992372,94.0900200170555,94.0900200170555,94.0900216889359,94.087175,94.0872160300924,94.0918823242187,94.090992372675
946.3,94.09621652,94.0899751118691,94.0897381671758,94.0897381671758,94.0897398498633,94.087025,94.0870641265955,94.0918090820312,94.0909021970418
946.35,94.09622028,94.0897152245009,94.0894563172961,94.0894563172961,94.0894580107907,94.086875,94.0869122230986,94.0917358398438,94.0908120214086
946.4,94.09622404,94.0894553371327,94.0891744674164,94.0891744674164,94.0891761717181,94.086725,94.0867603196016,94.0916625976563,94.0907218457753
946.45,94.09622874,94.0891954497646,94.0888926175367,94.0888926175367,94.0888943326455,94.086575,94.0866084161047,94.0915893554688,94.0906316701421
946.5,94.0962325,94.0889355623964,94.088610767657,94.088610767657,94.0886124935729,94.086425,94.0864565126078,94.0915161132812,94.0905414945089
946.55,94.09623626,94.0886756750282,94.0883289177773,94.0883289177773,94.0883306545002,94.086275,94.0863046091109,94.0914428710937,94.0904513188757
946.6,94.09624002,94.0884157876601,94.0880470678976,94.0880470678976,94.0880488154276,94.086125,94.086152705614,94.0913696289062,94.0903611432424
946.65,94.09624378,94.0881559002919,94.0877652180179,94.0877652180179,94.087766976355,94.085975,94.0860008021171,94.0912963867188,94.0902709676092
946.7,94.09624848,94.0878960129237,94.0874833681382,94.0874833681382,94.0874851372824,94.085825,94.0858488986202,94.0912231445313,94.090180791976
946.75,94.09625224,94.0876361255556,94.0872015182585,94.0872015182585,94.0872032982097,94.085675,94.0856969951232,94.0911499023437,94.0900906163427
946.8,94.096256,94.0873762381874,94.0869196683788,94.0869196683788,94.0869214591371,94.085525,94.0855450916263,94.0910766601562,94.0900004407095
946.85,94.09625976,94.0871163508192,94.0866378184991,94.0866378184991,94.0866396200645,94.085375,94.0853931881294,94.0910034179688,94.0899102650763
946.9,94.09626446,94.0868564634511,94.0863559686194,94.0863559686194,94.0863577809919,94.085225,94.0852412846325,94.0909301757813,94.089820089443
946.95,94.09626822,94.0865965760829,94.0860741187397,94.0860741187397,94.0860759419193,94.085075,94.0850893811356,94.0908569335938,94.0897299138098
947,94.09627198,94.0864616887147,94.08591726886,94.08591726886,94.0859191028466,94.085,94.0850124776387,94.0907836914062,94.0896397381766
947.05,94.09627574,94.0864518013466,94.0858854189803,94.0858854189803,94.085887263774,94.085,94.0850105741418,94.0907104492187,94.0895495625433
947.1,94.0962795,94.0864419139784,94.0858535691006,94.0858535691006,94.0858554247014,94.085,94.0850086706448,94.0906372070312,94.0894593869101
947.15,94.0962842,94.0864320266103,94.0858217192209,94.0858217192209,94.0858235856288,94.085,94.0850067671479,94.0905639648438,94.0893692112769
947.2,94.09628796,94.0864221392421,94.0857898693412,94.0857898693412,94.0857917465562,94.085,94.085004863651,94.0904907226563,94.0892790356436
947.25,94.09629172,94.0864122518739,94.0857580194615,94.0857580194615,94.0857599074835,94.085,94.0850029601541,94.0904174804687,94.0891888600104
947.3,94.09629548,94.0864023645058,94.0857261695818,94.0857261695818,94.0857280684109,94.085,94.0850010566572,94.0903442382812,94.0890986843772
947.35,94.09630018,94.0863924771376,94.0856943197021,94.0856943197021,94.0856962293383,94.085,94.0849991531603,94.0902709960938,94.0890085087439
947.4,94.09630394,94.0863825897694,94.0856624698224,94.0856624698224,94.0856643902657,94.085,94.0849972496634,94.0901977539063,94.0889183331107
947.45,94.0963077,94.0863727024013,94.0856306199427,94.0856306199427,94.0856325511931,94.085,94.0849953461665,94.0901245117188,94.0888281574775
947.5,94.09631146,94.0863628150331,94.085598770063,94.085598770063,94.0856007121204,94.085,94.0849934426695,94.0900512695312,94.0887379818442
947.55,94.09631522,94.0863529276649,94.0855669201833,94.0855669201833,94.0855688730478,94.085,94.0849915391726,94.0899780273437,94.088647806211
947.6,94.09631992,94.0863430402968,94.0855350703036,94.0855350703036,94.0855370339752,94.085,94.0849896356757,94.0899047851562,94.0885576305778
947.65,94.09632368,94.0863331529286,94.0855032204239,94.0855032204239,94.0855051949026,94.085,94.0849877321788,94.0898315429688,94.0884674549445
947.7,94.09632744,94.0863232655604,94.0854713705442,94.0854713705442,94.0854733558299,94.085,94.0849858286819,94.0897583007813,94.0883772793113
947.75,94.0963312,94.0863133781923,94.0854395206645,94.0854395206645,94.0854415167573,94.085,94.084983925185,94.0896850585937,94.0882871036781
947.8,94.09633496,94.0863034908241,94.0854076707848,94.0854076707848,94.0854096776847,94.085,94.084982021688,94.0896118164062,94.0881969280449
947.85,94.09633966,94.0862936034559,94.0853758209051,94.0853758209051,94.0853778386121,94.085,94.0849801181911,94.0895385742188,94.0881067524116
947.9,94.09634342,94.0862837160878,94.0853439710254,94.0853439710254,94.0853459995395,94.085,94.0849782146942,94.0894653320313,94.0880165767784
947.95,94.09634718,94.0862738287196,94.0853121211456,94.0853121211456,94.0853141604669,94.085,94.0849763111973,94.0893920898438,94.0879264011452
948,94.09635094,94.0862639413514,94.085280271266,94.085280271266,94.0852823213942,94.085,94.0849744077004,94.0893188476562,94.0878362255119
948.05,94.09635564,94.0862540539833,94.0852484213863,94.0852484213863,94.0852504823216,94.085,94.0849725042035,94.0892456054687,94.0877460498787
948.1,94.0963594,94.0862441666151,94.0852165715065,94.0852165715065,94.085218643249,94.085,94.0849706007066,94.0891723632812,94.0876558742455
948.15,94.09636316,94.086234279247,94.0851847216268,94.0851847216268,94.0851868041764,94.085,94.0849686972097,94.0890991210938,94.0875656986122
948.2,94.09636692,94.0862243918788,94.0851528717471,94.0851528717471,94.0851549651037,94.085,94.0849667937127,94.0890258789063,94.087475522979
948.25,94.09637068,94.0862145045106,94.0851210218675,94.0851210218675,94.0851231260311,94.085,94.0849648902158,94.0889526367187,94.0873853473458
948.3,94.09637538,94.0862046171425,94.0850891719877,94.0850891719877,94.0850912869585,94.085,94.0849629867189,94.0888793945312,94.0872951717125
948.35,94.09637914,94.0861947297743,94.085057322108,94.085057322108,94.0850594478859,94.085,94.084961083222,94.0888061523438,94.0872049960793
948.4,94.0963829,94.0861848424061,94.0850254722283,94.0850254722283,94.0850276088133,94.085,94.0849591797251,94.0887329101563,94.0871148204461
948.45,94.09638666,94.086174955038,94.0849936223486,94.0849936223486,94.0849957697406,94.085,94.0849572762282,94.0886596679688,94.0870246448129
948.5,94.09639042,94.0861650676698,94.0849617724689,94.0849617724689,94.084963930668,94.085,94.0849553727313,94.0885864257812,94.0869344691796
948.55,94.09639512,94.0861551803016,94.0849299225892,94.0849299225892,94.0849320915954,94.085,94.0849534692343,94.0885131835937,94.0868442935464
948.6,94.09639888,94.0861452929335,94.0848980727095,94.0848980727095,94.0849002525228,94.085,94.0849515657374,94.0884399414062,94.0867541179132
948.65,94.09640264,94.0861354055653,94.0848662228298,94.0848662228298,94.0848684134502,94.085,94.0849496622405,94.0883666992188,94.0866639422799
948.7,94.0964064,94.0861255181971,94.0848343729501,94.0848343729501,94.0848365743775,94.085,94.0849477587436,94.0882934570313,94.0865737666467
948.75,94.0964111,94.086115630829,94.0848025230704,94.0848025230704,94.0848047353049,94.085,94.0849458552467,94.0882202148437,94.0864835910135
948.8,94.09641486,94.0861057434608,94.0847706731907,94.0847706731907,94.0847728962323,94.085,94.0849439517498,94.0881469726562,94.0863934153802
948.85,94.09641862,94.0860958560926,94.084738823311,94.084738823311,94.0847410571597,94.085,94.0849420482529,94.0880737304688,94.086303239747
948.9,94.09642238,94.0860859687245,94.0847069734313,94.0847069734313,94.0847092180871,94.085,94.0849401447559,94.0880004882813,94.0862130641138
948.95,94.09642614,94.0860760813563,94.0846751235516,94.0846751235516,94.0846773790144,94.085,94.084938241259,94.0879272460938,94.0861228884805
949,94.09643084,94.0860661939881,94.0846432736719,94.0846432736719,94.0846455399418,94.085,94.0849363377621,94.0878540039062,94.0860327128473
949.05,94.0964346,94.08605630662,94.0846114237922,94.0846114237922,94.0846137008692,94.085,94.0849344342652,94.0877807617187,94.0859425372141
949.1,94.09643836,94.0860464192518,94.0845795739125,94.0845795739125,94.0845818617966,94.085,94.0849325307683,94.0877075195312,94.0858523615808
949.15,94.09644212,94.0860365318837,94.0845477240328,94.0845477240328,94.0845500227239,94.085,94.0849306272714,94.0876342773438,94.0857621859476
949.2,94.09644682,94.0860266445155,94.0845158741531,94.0845158741531,94.0845181836513,94.085,94.0849287237745,94.0875610351563,94.0856720103144
949.25,94.09645058,94.0860167571473,94.0844840242734,94.0844840242734,94.0844863445787,94.085,94.0849268202776,94.0874877929687,94.0855818346812
949.3,94.09645434,94.0860068697792,94.0844521743937,94.0844521743937,94.0844545055061,94.085,94.0849249167807,94.0874145507812,94.0854916590479
949.35,94.0964581,94.085996982411,94.084420324514,94.084420324514,94.0844226664335,94.085,94.0849230132837,94.0873413085938,94.0854014834147
949.4,94.09646186,94.0859870950428,94.0843884746343,94.0843884746343,94.0843908273608,94.085,94.0849211097868,94.0872680664063,94.0853113077815
949.45,94.09646656,94.0859772076747,94.0843566247546,94.0843566247546,94.0843589882882,94.085,94.0849192062899,94.0871948242188,94.0852211321482
949.5,94.09647032,94.0859673203065,94.0843247748749,94.0843247748749,94.0843271492156,94.085,94.084917302793,94.0871215820312,94.085130956515
949.55,94.09647408,94.0859574329383,94.0842929249952,94.0842929249952,94.084295310143,94.085,94.0849153992961,94.0870483398437,94.0850407808818
949.6,94.09647784,94.0859475455702,94.0842610751155,94.0842610751155,94.0842634710704,94.085,94.0849134957992,94.0869750976562,94.0849506052485
949.65,94.0964816,94.085937658202,94.0842292252358,94.0842292252358,94.0842316319977,94.085,94.0849115923022,94.0869018554688,94.0848604296153
949.7,94.0964863,94.0859277708338,94.0841973753561,94.0841973753561,94.0841997929251,94.085,94.0849096888053,94.0868286132813,94.0847702539821
949.75,94.09649006,94.0859178834657,94.0841655254764,94.0841655254764,94.0841679538525,94.085,94.0849077853084,94.0867553710937,94.0846800783488
949.8,94.09649382,94.0859079960975,94.0841336755967,94.0841336755967,94.0841361147799,94.085,94.0849058818115,94.0866821289062,94.0845899027156
949.85,94.09649758,94.0858981087293,94.084101825717,94.084101825717,94.0841042757073,94.085,94.0849039783146,94.0866088867188,94.0844997270824
949.9,94.09650228,94.0858882213612,94.0840699758373,94.0840699758373,94.0840724366346,94.085,94.0849020748177,94.0865356445313,94.0844095514491
949.95,94.09650604,94.085878333993,94.0840381259576,94.0840381259576,94.084040597562,94.085,94.0849001713208,94.0864624023438,94.0843193758159
950,94.0965098,94.0858684466248,94.0840062760779,94.0840062760779,94.0840087584894,94.085,94.0848982678238,94.0863891601562,94.0842292001827
950.05,94.09651356,94.0858634815994,94.0840119638035,94.0840119638035,94.0840144261333,94.085,94.0848995263142,94.0863159179687,94.0841725431236
950.1,94.09651732,94.0858585165739,94.0840176515291,94.0840176515291,94.0840200937773,94.085,94.0849007848046,94.0862426757812,94.0841158860645
950.15,94.09652202,94.0858535515484,94.0840233392548,94.0840233392548,94.0840257614212,94.085,94.0849020432949,94.0861694335938,94.0840592290053
950.2,94.09652578,94.0858485865229,94.0840290269804,94.0840290269804,94.0840314290652,94.085,94.0849033017853,94.0860961914063,94.0840025719462
950.25,94.09652954,94.0858436214974,94.084034714706,94.084034714706,94.0840370967091,94.085,94.0849045602756,94.0860229492187,94.0839459148871
950.3,94.0965333,94.085838656472,94.0840404024316,94.0840404024316,94.0840427643531,94.085,94.084905818766,94.0859497070312,94.083889257828
950.35,94.09653706,94.0858336914465,94.0840460901572,94.0840460901572,94.084048431997,94.085,94.0849070772564,94.0858764648438,94.0838326007689
950.4,94.09654176,94.085828726421,94.0840517778828,94.0840517778828,94.084054099641,94.085,94.0849083357467,94.0858032226563,94.0837759437098
950.45,94.09654552,94.0858237613955,94.0840574656085,94.0840574656085,94.0840597672849,94.085,94.0849095942371,94.0857299804688,94.0837192866507
950.5,94.09654928,94.08581879637,94.0840631533341,94.0840631533341,94.0840654349288,94.085,94.0849108527274,94.0856567382812,94.0836626295915
950.55,94.09655304,94.0858138313446,94.0840688410597,94.0840688410597,94.0840711025728,94.085,94.0849121112178,94.0855834960937,94.0836059725324
950.6,94.09655774,94.0858088663191,94.0840745287853,94.0840745287853,94.0840767702167,94.085,94.0849133697081,94.0855102539062,94.0835493154733
950.65,94.0965615,94.0858039012936,94.0840802165109,94.0840802165109,94.0840824378607,94.085,94.0849146281985,94.0854370117188,94.0834926584142
950.7,94.09656526,94.0857989362681,94.0840859042366,94.0840859042366,94.0840881055046,94.085,94.0849158866889,94.0853637695313,94.0834360013551
950.75,94.09656902,94.0857939712426,94.0840915919622,94.0840915919622,94.0840937731486,94.085,94.0849171451792,94.0852905273437,94.083379344296
950.8,94.09657278,94.0857890062172,94.0840972796878,94.0840972796878,94.0840994407925,94.085,94.0849184036696,94.0852172851562,94.0833226872369
950.85,94.09657748,94.0857840411917,94.0841029674134,94.0841029674134,94.0841051084365,94.085,94.0849196621599,94.0851440429688,94.0832660301778
950.9,94.09658124,94.0857790761662,94.084108655139,94.084108655139,94.0841107760804,94.085,94.0849209206503,94.0850708007813,94.0832093731186
950.95,94.096585,94.0857741111407,94.0841143428647,94.0841143428647,94.0841164437244,94.085,94.0849221791407,94.0849975585938,94.0831527160595
951,94.09658876,94.0857691461152,94.0841200305903,94.0841200305903,94.0841221113683,94.084925,94.084848437631,94.0849243164062,94.0830960590004
951.05,94.09659346,94.0857641810898,94.0841257183159,94.0841257183159,94.0841277790122,94.084775,94.0846996961214,94.0848510742187,94.0830394019413
951.1,94.09659722,94.0857592160643,94.0841314060415,94.0841314060415,94.0841334466562,94.084625,94.0845509546117,94.0847778320312,94.0829827448822
951.15,94.09660098,94.0857542510388,94.0841370937671,94.0841370937671,94.0841391143001,94.084475,94.0844022131021,94.0847045898438,94.0829260878231
951.2,94.09660474,94.0857492860133,94.0841427814927,94.0841427814927,94.0841447819441,94.084325,94.0842534715924,94.0846313476563,94.082869430764
951.25,94.0966085,94.0857443209878,94.0841484692184,94.0841484692184,94.084150449588,94.084175,94.0841047300828,94.0845581054687,94.0828127737049
951.3,94.0966132,94.0857393559624,94.084154156944,94.084154156944,94.084156117232,94.084025,94.0839559885732,94.0844848632812,94.0827561166457
951.35,94.09661696,94.0857343909369,94.0841598446696,94.0841598446696,94.0841617848759,94.083875,94.0838072470635,94.0844116210938,94.0826994595866
951.4,94.09662072,94.0857294259114,94.0841655323952,94.0841655323952,94.0841674525198,94.083725,94.0836585055539,94.0843383789063,94.0826428025275
951.45,94.09662448,94.0857244608859,94.0841712201208,94.0841712201208,94.0841731201638,94.083575,94.0835097640443,94.0842651367188,94.0825861454684
951.5,94.09662824,94.0857194958604,94.0841769078465,94.0841769078465,94.0841787878077,94.083425,94.0833610225346,94.0841918945312,94.0825294884093
951.55,94.09663294,94.085714530835,94.0841825955721,94.0841825955721,94.0841844554517,94.083275,94.083212281025,94.0841186523437,94.0824728313502
951.6,94.0966367,94.0857095658095,94.0841882832977,94.0841882832977,94.0841901230956,94.083125,94.0830635395153,94.0840454101562,94.0824161742911
951.65,94.09664046,94.085704600784,94.0841939710233,94.0841939710233,94.0841957907396,94.082975,94.0829147980057,94.0839721679688,94.082359517232
951.7,94.09664422,94.0856996357585,94.0841996587489,94.0841996587489,94.0842014583835,94.082825,94.082766056496,94.0838989257813,94.0823028601728
951.75,94.09664892,94.085694670733,94.0842053464745,94.0842053464745,94.0842071260275,94.082675,94.0826173149864,94.0838256835937,94.0822462031137
951.8,94.09665268,94.0856897057076,94.0842110342002,94.0842110342002,94.0842127936714,94.082525,94.0824685734768,94.0837524414062,94.0821895460546
951.85,94.09665644,94.0856847406821,94.0842167219258,94.0842167219258,94.0842184613154,94.082375,94.0823198319671,94.0836791992188,94.0821328889955
951.9,94.0966602,94.0856797756566,94.0842224096514,94.0842224096514,94.0842241289593,94.082225,94.0821710904575,94.0836059570313,94.0820762319364
951.95,94.09666396,94.0856748106311,94.084228097377,94.084228097377,94.0842297966033,94.082075,94.0820223489478,94.0835327148438,94.0820195748773
952,94.09666866,94.0856698456056,94.0842337851026,94.0842337851026,94.0842354642472,94.082,94.0819486074382,94.0834594726562,94.0819629178182
952.05,94.09667242,94.0856648805802,94.0842394728283,94.0842394728283,94.0842411318911,94.082,94.0819498659286,94.0833862304687,94.0819062607591
952.1,94.09667618,94.0856599155547,94.0842451605539,94.0842451605539,94.0842467995351,94.082,94.0819511244189,94.0833129882812,94.0818496036999
952.15,94.09667994,94.0856549505292,94.0842508482795,94.0842508482795,94.084252467179,94.082,94.0819523829093,94.0832397460938,94.0817929466408
952.2,94.0966837,94.0856499855037,94.0842565360051,94.0842565360051,94.084258134823,94.082,94.0819536413996,94.0831665039063,94.0817362895817
952.25,94.0966884,94.0856450204782,94.0842622237307,94.0842622237307,94.0842638024669,94.082,94.08195489989,94.0830932617187,94.0816796325226
952.3,94.09669216,94.0856400554528,94.0842679114564,94.0842679114564,94.0842694701109,94.082,94.0819561583803,94.0830200195312,94.0816229754635
952.35,94.09669592,94.0856350904273,94.084273599182,94.084273599182,94.0842751377548,94.082,94.0819574168707,94.0829467773438,94.0815663184044
952.4,94.09669968,94.0856301254018,94.0842792869076,94.0842792869076,94.0842808053987,94.082,94.0819586753611,94.0828735351563,94.0815096613453
952.45,94.09670438,94.0856251603763,94.0842849746332,94.0842849746332,94.0842864730427,94.082,94.0819599338514,94.0828002929688,94.0814530042861
952.5,94.09670814,94.0856201953508,94.0842906623588,94.0842906623588,94.0842921406866,94.082,94.0819611923418,94.0827270507812,94.081396347227
952.55,94.0967119,94.0856152303254,94.0842963500844,94.0842963500844,94.0842978083306,94.082,94.0819624508321,94.0826538085937,94.0813396901679
952.6,94.09671566,94.0856102652999,94.0843020378101,94.0843020378101,94.0843034759745,94.082,94.0819637093225,94.0825805664062,94.0812830331088
952.65,94.09671942,94.0856053002744,94.0843077255357,94.0843077255357,94.0843091436185,94.082,94.0819649678129,94.0825073242188,94.0812263760497
952.7,94.09672412,94.0856003352489,94.0843134132613,94.0843134132613,94.0843148112624,94.082,94.0819662263032,94.0824340820313,94.0811697189906
952.75,94.09672788,94.0855953702234,94.0843191009869,94.0843191009869,94.0843204789064,94.082,94.0819674847936,94.0823608398437,94.0811130619315
952.8,94.09673164,94.085590405198,94.0843247887126,94.0843247887126,94.0843261465503,94.082,94.0819687432839,94.0822875976562,94.0810564048724
952.85,94.0967354,94.0855854401725,94.0843304764382,94.0843304764382,94.0843318141943,94.082,94.0819700017743,94.0822143554688,94.0809997478132
952.9,94.0967401,94.085580475147,94.0843361641638,94.0843361641638,94.0843374818382,94.082,94.0819712602646,94.0821411132813,94.0809430907541
952.95,94.09674386,94.0855755101215,94.0843418518894,94.0843418518894,94.0843431494822,94.082,94.081972518755,94.0820678710938,94.080886433695
953,94.09674762,94.085570545096,94.084347539615,94.084347539615,94.0843488171261,94.082,94.0819737772454,94.0820434570312,94.0808786047609
953.05,94.09675138,94.0855655800706,94.0843532273406,94.0843532273406,94.08435448477,94.082,94.0819750357357,94.0820678710938,94.0809196039518
953.1,94.09675514,94.0855606150451,94.0843589150663,94.0843589150663,94.084360152414,94.082,94.0819762942261,94.0820922851562,94.0809606031427
953.15,94.09675984,94.0855556500196,94.0843646027919,94.0843646027919,94.0843658200579,94.082,94.0819775527164,94.0821166992187,94.0810016023336
953.2,94.0967636,94.0855506849941,94.0843702905175,94.0843702905175,94.0843714877019,94.082,94.0819788112068,94.0821411132813,94.0810426015244
953.25,94.09676736,94.0855457199686,94.0843759782431,94.0843759782431,94.0843771553458,94.082,94.0819800696972,94.0821655273437,94.0810836007153
953.3,94.09677112,94.0855407549432,94.0843816659687,94.0843816659687,94.0843828229898,94.082,94.0819813281875,94.0821899414063,94.0811245999062
953.35,94.09677488,94.0855357899177,94.0843873536944,94.0843873536944,94.0843884906337,94.082,94.0819825866779,94.0822143554688,94.0811655990971
953.4,94.09677958,94.0855308248922,94.08439304142,94.08439304142,94.0843941582777,94.082,94.0819838451682,94.0822387695312,94.081206598288
953.45,94.09678334,94.0855258598667,94.0843987291456,94.0843987291456,94.0843998259216,94.082,94.0819851036586,94.0822631835938,94.0812475974789
953.5,94.0967871,94.0855208948412,94.0844044168712,94.0844044168712,94.0844054935655,94.082,94.0819863621489,94.0822875976562,94.0812885966698
953.55,94.09679086,94.0855159298158,94.0844101045968,94.0844101045968,94.0844111612095,94.082,94.0819876206393,94.0823120117188,94.0813295958607
953.6,94.09679556,94.0855109647903,94.0844157923224,94.0844157923224,94.0844168288534,94.082,94.0819888791297,94.0823364257812,94.0813705950516
953.65,94.09679932,94.0855059997648,94.0844214800481,94.0844214800481,94.0844224964974,94.082,94.08199013762,94.0823608398437,94.0814115942424
953.7,94.09680308,94.0855010347393,94.0844271677737,94.0844271677737,94.0844281641413,94.082,94.0819913961104,94.0823852539063,94.0814525934333
953.75,94.09680684,94.0854960697138,94.0844328554993,94.0844328554993,94.0844338317853,94.082,94.0819926546007,94.0824096679687,94.0814935926242
953.8,94.0968106,94.0854911046884,94.0844385432249,94.0844385432249,94.0844394994292,94.082,94.0819939130911,94.0824340820313,94.0815345918151
953.85,94.0968153,94.0854861396629,94.0844442309505,94.0844442309505,94.0844451670732,94.082,94.0819951715814,94.0824584960938,94.081575591006
953.9,94.09681906,94.0854811746374,94.0844499186762,94.0844499186762,94.0844508347171,94.082,94.0819964300718,94.0824829101562,94.0816165901969
953.95,94.09682282,94.0854762096119,94.0844556064018,94.0844556064018,94.084456502361,94.082,94.0819976885622,94.0825073242188,94.0816575893878
954,94.09682658,94.0854712445864,94.0844612941274,94.0844612941274,94.084462170005,94.082,94.0819989470525,94.0825317382812,94.0816985885786
954.05,94.09683034,94.085466279561,94.084466981853,94.084466981853,94.0844678376489,94.082,94.0820002055429,94.0825561523438,94.0817395877695
954.1,94.09683504,94.0854613145355,94.0844726695786,94.0844726695786,94.0844735052929,94.082,94.0820014640332,94.0825805664062,94.0817805869604
954.15,94.0968388,94.08545634951,94.0844783573042,94.0844783573042,94.0844791729368,94.082,94.0820027225236,94.0826049804687,94.0818215861513
954.2,94.09684256,94.0854513844845,94.0844840450299,94.0844840450299,94.0844848405808,94.082,94.082003981014,94.0826293945313,94.0818625853422
954.25,94.09684632,94.085446419459,94.0844897327555,94.0844897327555,94.0844905082247,94.082,94.0820052395043,94.0826538085937,94.0819035845331
954.3,94.09685102,94.0854414544335,94.0844954204811,94.0844954204811,94.0844961758687,94.082,94.0820064979947,94.0826782226563,94.081944583724
954.35,94.09685478,94.0854364894081,94.0845011082067,94.0845011082067,94.0845018435126,94.082,94.082007756485,94.0827026367188,94.0819855829149
954.4,94.09685854,94.0854315243826,94.0845067959323,94.0845067959323,94.0845075111566,94.082,94.0820090149754,94.0827270507812,94.0820265821057
954.45,94.0968623,94.0854265593571,94.084512483658,94.084512483658,94.0845131788005,94.082,94.0820102734657,94.0827514648438,94.0820675812966
954.5,94.09686606,94.0854215943316,94.0845181713836,94.0845181713836,94.0845188464444,94.082,94.0820115319561,94.0827758789062,94.0821085804875
954.55,94.09687076,94.0854166293062,94.0845238591092,94.0845238591092,94.0845245140884,94.082,94.0820127904465,94.0828002929688,94.0821495796784
954.6,94.09687452,94.0854116642807,94.0845295468348,94.0845295468348,94.0845301817323,94.082,94.0820140489368,94.0828247070312,94.0821905788693
954.65,94.09687828,94.0854066992552,94.0845352345604,94.0845352345604,94.0845358493763,94.082,94.0820153074272,94.0828491210937,94.0822315780602
954.7,94.09688204,94.0854017342297,94.0845409222861,94.0845409222861,94.0845415170202,94.082,94.0820165659175,94.0828735351563,94.0822725772511
954.75,94.09688674,94.0853967692042,94.0845466100117,94.0845466100117,94.0845471846642,94.082,94.0820178244079,94.0828979492187,94.0823135764419
954.8,94.0968905,94.0853918041788,94.0845522977373,94.0845522977373,94.0845528523081,94.082,94.0820190828983,94.0829223632813,94.0823545756328
954.85,94.09689426,94.0853868391533,94.0845579854629,94.0845579854629,94.0845585199521,94.082,94.0820203413886,94.0829467773438,94.0823955748237
954.9,94.09689802,94.0853818741278,94.0845636731885,94.0845636731885,94.084564187596,94.082,94.082021599879,94.0829711914062,94.0824365740146
954.95,94.09690178,94.0853769091023,94.0845693609141,94.0845693609141,94.0845698552399,94.082,94.0820228583693,94.0829956054688,94.0824775732055
955,94.09690648,94.0853719440768,94.0845750486398,94.0845750486398,94.0845755228839,94.082,94.0820241168597,94.0830200195312,94.0825185723964
955.05,94.09691024,94.0853669790514,94.0845807363654,94.0845807363654,94.0845811905278,94.082,94.08202537535,94.0830444335938,94.0825595715873
955.1,94.096914,94.0853620140259,94.084586424091,94.084586424091,94.0845868581718,94.082,94.0820266338404,94.0830688476562,94.0826005707782
955.15,94.09691776,94.0853570490004,94.0845921118166,94.0845921118166,94.0845925258157,94.082,94.0820278923308,94.0830932617187,94.082641569969
955.2,94.09692152,94.0853520839749,94.0845977995422,94.0845977995422,94.0845981934597,94.082,94.0820291508211,94.0831176757813,94.0826825691599
955.25,94.09692622,94.0853471189494,94.0846034872679,94.0846034872679,94.0846038611036,94.082,94.0820304093115,94.0831420898437,94.0827235683508
955.3,94.09692998,94.085342153924,94.0846091749935,94.0846091749935,94.0846095287476,94.082,94.0820316678018,94.0831665039063,94.0827645675417
955.35,94.09693374,94.0853371888985,94.0846148627191,94.0846148627191,94.0846151963915,94.082,94.0820329262922,94.0831909179688,94.0828055667326
955.4,94.0969375,94.085332223873,94.0846205504447,94.0846205504447,94.0846208640355,94.082,94.0820341847826,94.0832153320312,94.0828465659235
955.45,94.0969422,94.0853272588475,94.0846262381703,94.0846262381703,94.0846265316794,94.082,94.0820354432729,94.0832397460938,94.0828875651144
955.5,94.09694596,94.085322293822,94.084631925896,94.084631925896,94.0846321993234,94.082,94.0820367017633,94.0832641601562,94.0829285643053
955.55,94.09694972,94.0853173287966,94.0846376136216,94.0846376136216,94.0846378669673,94.082,94.0820379602536,94.0832885742188,94.0829695634961
955.6,94.09695348,94.0853123637711,94.0846433013472,94.0846433013472,94.0846435346112,94.082,94.082039218744,94.0833129882812,94.083010562687
955.65,94.09695724,94.0853073987456,94.0846489890728,94.0846489890728,94.0846492022552,94.082,94.0820404772343,94.0833374023437,94.0830515618779
955.7,94.09696194,94.0853024337201,94.0846546767984,94.0846546767984,94.0846548698991,94.082,94.0820417357247,94.0833618164063,94.0830925610688
955.75,94.0969657,94.0852974686946,94.0846603645241,94.0846603645241,94.0846605375431,94.082,94.0820429942151,94.0833862304687,94.0831335602597
955.8,94.09696946,94.0852925036692,94.0846660522497,94.0846660522497,94.084666205187,94.082,94.0820442527054,94.0834106445313,94.0831745594506
955.85,94.09697322,94.0852875386437,94.0846717399753,94.0846717399753,94.084671872831,94.082,94.0820455111958,94.0834350585938,94.0832155586415
955.9,94.09697698,94.0852825736182,94.0846774277009,94.0846774277009,94.0846775404749,94.082,94.0820467696861,94.0834594726562,94.0832565578324
955.95,94.09698168,94.0852776085927,94.0846831154265,94.0846831154265,94.0846832081188,94.082,94.0820480281765,94.0834838867188,94.0832975570232
956,94.09698544,94.0852726435672,94.0846888031521,94.0846888031521,94.0846888757628,94.081975,94.0820242866669,94.0835083007812,94.0833385562141
956.05,94.0969892,94.0852676785418,94.0846944908778,94.0846944908778,94.0846945434067,94.081925,94.0819755451572,94.0835327148438,94.083379555405
956.1,94.09699296,94.0852627135163,94.0847001786034,94.0847001786034,94.0847002110507,94.081875,94.0819268036476,94.0835571289062,94.0834205545959
956.15,94.09699766,94.0852577484908,94.084705866329,94.084705866329,94.0847058786946,94.081825,94.0818780621379,94.0835815429687,94.0834615537868
956.2,94.09700142,94.0852527834653,94.0847115540546,94.0847115540546,94.0847115463386,94.081775,94.0818293206283,94.0836059570313,94.0835025529777
956.25,94.09700518,94.0852478184398,94.0847172417802,94.0847172417802,94.0847172139825,94.081725,94.0817805791186,94.0836303710937,94.0835435521686
956.3,94.09700894,94.0852428534144,94.0847229295059,94.0847229295059,94.0847228816265,94.081675,94.081731837609,94.0836547851563,94.0835845513595
956.35,94.0970127,94.0852378883889,94.0847286172315,94.0847286172315,94.0847285492704,94.081625,94.0816830960994,94.0836791992188,94.0836255505503
956.4,94.0970174,94.0852329233634,94.0847343049571,94.0847343049571,94.0847342169144,94.081575,94.0816343545897,94.0837036132812,94.0836665497412
956.45,94.09702116,94.0852279583379,94.0847399926827,94.0847399926827,94.0847398845583,94.081525,94.0815856130801,94.0837280273438,94.0837075489321
956.5,94.09702492,94.0852229933124,94.0847456804083,94.0847456804083,94.0847455522022,94.081475,94.0815368715704,94.0837524414062,94.083748548123
956.55,94.09702868,94.085218028287,94.084751368134,94.084751368134,94.0847512198462,94.081425,94.0814881300608,94.0837768554688,94.0837895473139
956.6,94.09703338,94.0852130632615,94.0847570558596,94.0847570558596,94.0847568874901,94.081375,94.0814393885512,94.0838012695312,94.0838305465048
956.65,94.09703714,94.085208098236,94.0847627435852,94.0847627435852,94.0847625551341,94.081325,94.0813906470415,94.0838256835937,94.0838715456957
956.7,94.0970409,94.0852031332105,94.0847684313108,94.0847684313108,94.084768222778,94.081275,94.0813419055319,94.0838500976563,94.0839125448865
956.75,94.09704466,94.085198168185,94.0847741190364,94.0847741190364,94.084773890422,94.081225,94.0812931640222,94.0838745117187,94.0839535440774
956.8,94.09704842,94.0851932031596,94.084779806762,94.084779806762,94.0847795580659,94.081175,94.0812444225126,94.0838989257813,94.0839945432683
956.85,94.09705312,94.0851882381341,94.0847854944877,94.0847854944877,94.0847852257099,94.081125,94.081195681003,94.0839233398438,94.0840355424592
956.9,94.09705688,94.0851832731086,94.0847911822133,94.0847911822133,94.0847908933538,94.081075,94.0811469394933,94.0839477539062,94.0840765416501
956.95,94.09706064,94.0851783080831,94.0847968699389,94.0847968699389,94.0847965609977,94.081025,94.0810981979837,94.0839721679688,94.084117540841
957,94.0970644,94.0851733430576,94.0848025576645,94.0848025576645,94.0848022286417,94.081,94.081074456474,94.0839965820312,94.0841585400319
957.05,94.09706816,94.0851683780322,94.0848082453901,94.0848082453901,94.0848078962856,94.081,94.0810757149644,94.0840209960938,94.0841995392228
957.1,94.09707286,94.0851634130067,94.0848139331158,94.0848139331158,94.0848135639296,94.081,94.0810769734547,94.0840454101562,94.0842405384136
957.15,94.09707662,94.0851584479812,94.0848196208414,94.0848196208414,94.0848192315735,94.081,94.0810782319451,94.0840698242187,94.0842815376045
957.2,94.09708038,94.0851534829557,94.084825308567,94.084825308567,94.0848248992175,94.081,94.0810794904355,94.0840942382813,94.0843225367954
957.25,94.09708414,94.0851485179302,94.0848309962926,94.0848309962926,94.0848305668614,94.081,94.0810807489258,94.0841186523437,94.0843635359863
957.3,94.09708884,94.0851435529048,94.0848366840182,94.0848366840182,94.0848362345054,94.081,94.0810820074162,94.0841430664063,94.0844045351772
957.35,94.0970926,94.0851385878793,94.0848423717438,94.0848423717438,94.0848419021493,94.081,94.0810832659065,94.0841674804688,94.0844455343681
957.4,94.09709636,94.0851336228538,94.0848480594695,94.0848480594695,94.0848475697933,94.081,94.0810845243969,94.0841918945312,94.084486533559
957.45,94.09710012,94.0851286578283,94.0848537471951,94.0848537471951,94.0848532374372,94.081,94.0810857828872,94.0842163085938,94.0845275327498
957.5,94.09710388,94.0851236928028,94.0848594349207,94.0848594349207,94.0848589050811,94.081,94.0810870413776,94.0842407226562,94.0845685319407
957.55,94.09710858,94.0851187277774,94.0848651226463,94.0848651226463,94.0848645727251,94.081,94.081088299868,94.0842651367188,94.0846095311316
957.6,94.09711234,94.0851137627519,94.0848708103719,94.0848708103719,94.084870240369,94.081,94.0810895583583,94.0842895507812,94.0846505303225
957.65,94.0971161,94.0851087977264,94.0848764980976,94.0848764980976,94.084875908013,94.081,94.0810908168487,94.0843139648437,94.0846915295134
957.7,94.09711986,94.0851038327009,94.0848821858232,94.0848821858232,94.0848815756569,94.081,94.081092075339,94.0843383789063,94.0847325287043
957.75,94.09712362,94.0850988676754,94.0848878735488,94.0848878735488,94.0848872433009,94.081,94.0810933338294,94.0843627929687,94.0847735278952
957.8,94.09712832,94.08509390265,94.0848935612744,94.0848935612744,94.0848929109448,94.081,94.0810945923198,94.0843872070313,94.0848145270861
957.85,94.09713208,94.0850889376245,94.084899249,94.084899249,94.0848985785888,94.081,94.0810958508101,94.0844116210938,94.084855526277
957.9,94.09713584,94.085083972599,94.0849049367256,94.0849049367256,94.0849042462327,94.081,94.0810971093005,94.0844360351562,94.0848965254678
957.95,94.0971396,94.0850790075735,94.0849106244513,94.0849106244513,94.0849099138766,94.081,94.0810983677908,94.0844604492188,94.0849375246587
958,94.0971443,94.085074042548,94.0849163121769,94.0849163121769,94.0849155815206,94.081,94.0810996262812,94.0844848632812,94.0849785238496
958.05,94.09714806,94.0850690775226,94.0849219999025,94.0849219999025,94.0849212491645,94.081,94.0811008847715,94.0845092773438,94.0850195230405
958.1,94.09715182,94.0850641124971,94.0849276876281,94.0849276876281,94.0849269168085,94.081,94.0811021432619,94.0845336914062,94.0850605222314
958.15,94.09715558,94.0850591474716,94.0849333753538,94.0849333753538,94.0849325844524,94.081,94.0811034017523,94.0845581054687,94.0851015214223
958.2,94.09715934,94.0850541824461,94.0849390630794,94.0849390630794,94.0849382520964,94.081,94.0811046602426,94.0845825195313,94.0851425206132
958.25,94.09716404,94.0850492174206,94.084944750805,94.084944750805,94.0849439197403,94.081,94.081105918733,94.0846069335937,94.085183519804
958.3,94.0971678,94.0850442523952,94.0849504385306,94.0849504385306,94.0849495873843,94.081,94.0811071772233,94.0846313476563,94.0852245189949
958.35,94.09717156,94.0850392873697,94.0849561262562,94.0849561262562,94.0849552550282,94.081,94.0811084357137,94.0846557617188,94.0852655181858
958.4,94.09717532,94.0850343223442,94.0849618139818,94.0849618139818,94.0849609226722,94.081,94.0811096942041,94.0846801757812,94.0853065173767
958.45,94.09718002,94.0850293573187,94.0849675017075,94.0849675017075,94.0849665903161,94.081,94.0811109526944,94.0847045898438,94.0853475165676
958.5,94.09718378,94.0850243922932,94.0849731894331,94.0849731894331,94.08497225796,94.081,94.0811122111848,94.0847290039062,94.0853885157585
958.55,94.09718754,94.0850194272678,94.0849788771587,94.0849788771587,94.084977925604,94.081,94.0811134696751,94.0847534179688,94.0854295149494
958.6,94.0971913,94.0850144622423,94.0849845648843,94.0849845648843,94.0849835932479,94.081,94.0811147281655,94.0847778320312,94.0854705141403
958.65,94.09719506,94.0850094972168,94.0849902526099,94.0849902526099,94.0849892608919,94.081,94.0811159866558,94.0848022460937,94.0855115133311
958.7,94.09719976,94.0850045321913,94.0849959403356,94.0849959403356,94.0849949285358,94.081,94.0811172451462,94.0848266601563,94.085552512522
958.75,94.09720352,94.0849995671658,94.0850016280612,94.0850016280612,94.0850005961798,94.081,94.0811185036366,94.0848510742187,94.0855935117129
958.8,94.09720728,94.0849946021404,94.0850073157868,94.0850073157868,94.0850062638237,94.081,94.0811197621269,94.0848754882813,94.0856345109038
958.85,94.09721104,94.0849896371149,94.0850130035124,94.0850130035124,94.0850119314677,94.081,94.0811210206173,94.0848999023438,94.0856755100947
958.9,94.0972148,94.0849846720894,94.085018691238,94.085018691238,94.0850175991116,94.081,94.0811222791076,94.0849243164062,94.0857165092856
958.95,94.0972195,94.0849797070639,94.0850243789637,94.0850243789637,94.0850232667556,94.081,94.081123537598,94.0849487304688,94.0857575084765
959,94.09722326,94.0849747420384,94.0850300666893,94.0850300666893,94.0850289343995,94.081,94.0811247960884,94.0849731445312,94.0857985076673
959.05,94.09722702,94.084969777013,94.0850357544149,94.0850357544149,94.0850346020434,94.081,94.0811260545787,94.0849975585938,94.0858395068582
959.1,94.09723078,94.0849648119875,94.0850414421405,94.0850414421405,94.0850402696874,94.081,94.0811273130691,94.0850219726562,94.0858805060491
959.15,94.09723548,94.084959846962,94.0850471298661,94.0850471298661,94.0850459373313,94.081,94.0811285715594,94.0850463867187,94.08592150524
959.2,94.09723924,94.0849548819365,94.0850528175917,94.0850528175917,94.0850516049753,94.081,94.0811298300498,94.0850708007813,94.0859625044309
959.25,94.097243,94.084949916911,94.0850585053174,94.0850585053174,94.0850572726192,94.081,94.0811310885401,94.0850952148437,94.0860035036218
959.3,94.09724676,94.0849449518856,94.085064193043,94.085064193043,94.0850629402632,94.081,94.0811323470305,94.0851196289063,94.0860445028127
959.35,94.09725052,94.0849399868601,94.0850698807686,94.0850698807686,94.0850686079071,94.081,94.0811336055209,94.0851440429688,94.0860855020036
959.4,94.09725522,94.0849350218346,94.0850755684942,94.0850755684942,94.0850742755511,94.081,94.0811348640112,94.0851684570312,94.0861265011944
959.45,94.09725898,94.0849300568091,94.0850812562198,94.0850812562198,94.085079943195,94.081,94.0811361225016,94.0851928710938,94.0861675003853
959.5,94.09726274,94.0849250917836,94.0850869439455,94.0850869439455,94.0850856108389,94.081,94.0811373809919,94.0852172851562,94.0862084995762
959.55,94.0972665,94.0849201267581,94.0850926316711,94.0850926316711,94.0850912784829,94.081,94.0811386394823,94.0852416992188,94.0862494987671
959.6,94.09727026,94.0849151617327,94.0850983193967,94.0850983193967,94.0850969461268,94.081,94.0811398979727,94.0852661132812,94.086290497958
959.65,94.09727496,94.0849101967072,94.0851040071223,94.0851040071223,94.0851026137708,94.081,94.081141156463,94.0852905273437,94.0863314971489
959.7,94.09727872,94.0849052316817,94.0851096948479,94.0851096948479,94.0851082814147,94.081,94.0811424149534,94.0853149414063,94.0863724963398
959.75,94.09728248,94.0849002666562,94.0851153825735,94.0851153825735,94.0851139490587,94.081,94.0811436734437,94.0853393554687,94.0864134955307
959.8,94.09728624,94.0848953016308,94.0851210702992,94.0851210702992,94.0851196167026,94.081,94.0811449319341,94.0853637695313,94.0864544947216
959.85,94.09729094,94.0848903366053,94.0851267580248,94.0851267580248,94.0851252843466,94.081,94.0811461904244,94.0853881835938,94.0864954939124
959.9,94.0972947,94.0848853715798,94.0851324457504,94.0851324457504,94.0851309519905,94.081,94.0811474489148,94.0854125976562,94.0865364931033
959.95,94.09729846,94.0848804065543,94.085138133476,94.085138133476,94.0851366196345,94.081,94.0811487074052,94.0854370117188,94.0865774922942
960,94.09730222,94.0848754415288,94.0851438212016,94.0851438212016,94.0851422872784,94.0811,94.0812499658955,94.0854614257812,94.0866184914851
960.05,94.09730598,94.0848735528102,94.0851444870154,94.0851444870154,94.0851429563589,94.0813,94.081447489924,94.0854858398438,94.0866425746575
960.1,94.09731068,94.0848716640915,94.0851451528291,94.0851451528291,94.0851436254394,94.0815,94.0816450139525,94.0855102539062,94.0866666578299
960.15,94.09731444,94.0848697753728,94.0851458186429,94.0851458186429,94.0851442945199,94.0817,94.0818425379809,94.0855346679687,94.0866907410022
960.2,94.0973182,94.0848678866541,94.0851464844566,94.0851464844566,94.0851449636004,94.0819,94.0820400620094,94.0855590820313,94.0867148241746
960.25,94.09732196,94.0848659979355,94.0851471502704,94.0851471502704,94.0851456326809,94.0821,94.0822375860378,94.0855834960937,94.086738907347
960.3,94.09732666,94.0848641092168,94.0851478160841,94.0851478160841,94.0851463017615,94.0823,94.0824351100663,94.0856079101563,94.0867629905194
960.35,94.09733042,94.0848622204981,94.0851484818979,94.0851484818979,94.085146970842,94.0825,94.0826326340948,94.0856323242188,94.0867870736917
960.4,94.09733418,94.0848603317795,94.0851491477116,94.0851491477116,94.0851476399225,94.0827,94.0828301581232,94.0856567382812,94.0868111568641
960.45,94.09733794,94.0848584430608,94.0851498135254,94.0851498135254,94.085148309003,94.0829,94.0830276821517,94.0856811523438,94.0868352400365
960.5,94.0973417,94.0848565543421,94.0851504793391,94.0851504793391,94.0851489780835,94.0831,94.0832252061802,94.0857055664062,94.0868593232089
960.55,94.0973464,94.0848546656234,94.0851511451529,94.0851511451529,94.085149647164,94.0833,94.0834227302087,94.0857299804688,94.0868834063812
960.6,94.09735016,94.0848527769048,94.0851518109666,94.0851518109666,94.0851503162445,94.0835,94.0836202542371,94.0857543945312,94.0869074895536
960.65,94.09735392,94.0848508881861,94.0851524767804,94.0851524767804,94.085150985325,94.0837,94.0838177782656,94.0857788085937,94.086931572726
960.7,94.09735768,94.0848489994674,94.0851531425941,94.0851531425941,94.0851516544055,94.0839,94.084015302294,94.0858032226563,94.0869556558984
960.75,94.09736144,94.0848471107487,94.0851538084079,94.0851538084079,94.085152323486,94.0841,94.0842128263225,94.0858276367187,94.0869797390707
960.8,94.09736614,94.0848452220301,94.0851544742216,94.0851544742216,94.0851529925665,94.0843,94.084410350351,94.0858520507813,94.0870038222431
960.85,94.0973699,94.0848433333114,94.0851551400354,94.0851551400354,94.0851536616471,94.0845,94.0846078743794,94.0858764648438,94.0870279054155
960.9,94.09737366,94.0848414445927,94.0851558058491,94.0851558058491,94.0851543307276,94.0847,94.0848053984079,94.0859008789062,94.0870519885879
960.95,94.09737742,94.084839555874,94.0851564716629,94.0851564716629,94.0851549998081,94.0849,94.0850029224364,94.0859252929688,94.0870760717603
961,94.09738212,94.0848376671554,94.0851571374766,94.0851571374766,94.0851556688886,94.0851,94.0852004464648,94.0859252929688,94.0870757408701
961.05,94.09738588,94.0848357784367,94.0851578032904,94.0851578032904,94.0851563379691,94.0853,94.0853979704933,94.0859008789062,94.0870509959175
961.1,94.09738964,94.084833889718,94.0851584691041,94.0851584691041,94.0851570070496,94.0855,94.0855954945218,94.0858764648438,94.0870262509649
961.15,94.0973934,94.0848320009993,94.0851591349179,94.0851591349179,94.0851576761301,94.0857,94.0857930185502,94.0858520507813,94.0870015060123
961.2,94.09739716,94.0848301122807,94.0851598007316,94.0851598007316,94.0851583452106,94.0859,94.0859905425787,94.0858276367187,94.0869767610596
961.25,94.09740186,94.084828223562,94.0851604665453,94.0851604665453,94.0851590142911,94.0861,94.0861880666072,94.0858032226563,94.086952016107
961.3,94.09740562,94.0848263348433,94.0851611323591,94.0851611323591,94.0851596833716,94.0863,94.0863855906356,94.0857788085937,94.0869272711544
961.35,94.09740938,94.0848244461247,94.0851617981728,94.0851617981728,94.0851603524521,94.0865,94.0865831146641,94.0857543945312,94.0869025262018
961.4,94.09741314,94.084822557406,94.0851624639866,94.0851624639866,94.0851610215327,94.0867,94.0867806386926,94.0857299804688,94.0868777812491
961.45,94.0974169,94.0848206686873,94.0851631298003,94.0851631298003,94.0851616906132,94.0869,94.086978162721,94.0857055664062,94.0868530362965
961.5,94.0974216,94.0848187799686,94.0851637956141,94.0851637956141,94.0851623596937,94.0871,94.0871756867495,94.0856811523438,94.0868282913439
961.55,94.09742536,94.08481689125,94.0851644614278,94.0851644614278,94.0851630287742,94.0873,94.087373210778,94.0856567382812,94.0868035463913
961.6,94.09742912,94.0848150025313,94.0851651272416,94.0851651272416,94.0851636978547,94.0875,94.0875707348064,94.0856323242188,94.0867788014387
961.65,94.09743288,94.0848131138126,94.0851657930553,94.0851657930553,94.0851643669352,94.0877,94.0877682588349,94.0856079101563,94.086754056486
961.7,94.09743758,94.0848112250939,94.0851664588691,94.0851664588691,94.0851650360157,94.0879,94.0879657828634,94.0855834960937,94.0867293115334
961.75,94.09744134,94.0848093363753,94.0851671246828,94.0851671246828,94.0851657050962,94.0881,94.0881633068918,94.0855590820313,94.0867045665808
961.8,94.0974451,94.0848074476566,94.0851677904966,94.0851677904966,94.0851663741767,94.0883,94.0883608309203,94.0855346679687,94.0866798216282
961.85,94.09744886,94.0848055589379,94.0851684563103,94.0851684563103,94.0851670432572,94.0885,94.0885583549488,94.0855102539062,94.0866550766755
961.9,94.09745262,94.0848036702192,94.0851691221241,94.0851691221241,94.0851677123378,94.0887,94.0887558789772,94.0854858398438,94.0866303317229
961.95,94.09745732,94.0848017815006,94.0851697879378,94.0851697879378,94.0851683814183,94.0889,94.0889534030057,94.0854614257812,94.0866055867703
962,94.09746108,94.0847998927819,94.0851704537516,94.0851704537516,94.0851690504988,94.089075,94.0891259270341,94.0854370117188,94.0865808418177
962.05,94.09746484,94.0847980040632,94.0851711195653,94.0851711195653,94.0851697195793,94.089225,94.0892734510626,94.0854125976562,94.0865560968651
962.1,94.0974686,94.0847961153445,94.0851717853791,94.0851717853791,94.0851703886598,94.089375,94.0894209750911,94.0853881835938,94.0865313519124
962.15,94.0974733,94.0847942266259,94.0851724511928,94.0851724511928,94.0851710577403,94.089525,94.0895684991196,94.0853637695313,94.0865066069598
962.2,94.09747706,94.0847923379072,94.0851731170066,94.0851731170066,94.0851717268208,94.089675,94.089716023148,94.0853393554687,94.0864818620072
962.25,94.09748082,94.0847904491885,94.0851737828203,94.0851737828203,94.0851723959013,94.089825,94.0898635471765,94.0853149414063,94.0864571170546
962.3,94.09748458,94.0847885604698,94.0851744486341,94.0851744486341,94.0851730649818,94.089975,94.0900110712049,94.0852905273437,94.0864323721019
962.35,94.09748834,94.0847866717512,94.0851751144478,94.0851751144478,94.0851737340624,94.090125,94.0901585952334,94.0852661132812,94.0864076271493
962.4,94.09749304,94.0847847830325,94.0851757802616,94.0851757802616,94.0851744031429,94.090275,94.0903061192619,94.0852416992188,94.0863828821967
962.45,94.0974968,94.0847828943138,94.0851764460753,94.0851764460753,94.0851750722234,94.090425,94.0904536432903,94.0852172851562,94.0863581372441
962.5,94.09750056,94.0847810055952,94.0851771118891,94.0851771118891,94.0851757413039,94.090575,94.0906011673188,94.0851928710938,94.0863333922914
962.55,94.09750432,94.0847791168765,94.0851777777028,94.0851777777028,94.0851764103844,94.090725,94.0907486913473,94.0851684570312,94.0863086473388
962.6,94.09750808,94.0847772281578,94.0851784435166,94.0851784435166,94.0851770794649,94.090875,94.0908962153757,94.0851440429688,94.0862839023862
962.65,94.09751278,94.0847753394391,94.0851791093303,94.0851791093303,94.0851777485454,94.091025,94.0910437394042,94.0851196289063,94.0862591574336
962.7,94.09751654,94.0847734507205,94.085179775144,94.085179775144,94.0851784176259,94.091175,94.0911912634327,94.0850952148437,94.0862344124809
962.75,94.0975203,94.0847715620018,94.0851804409578,94.0851804409578,94.0851790867064,94.091325,94.0913387874611,94.0850708007813,94.0862096675283
962.8,94.09752406,94.0847696732831,94.0851811067715,94.0851811067715,94.0851797557869,94.091475,94.0914863114896,94.0850463867187,94.0861849225757
962.85,94.09752876,94.0847677845644,94.0851817725853,94.0851817725853,94.0851804248674,94.091625,94.0916338355181,94.0850219726562,94.0861601776231
962.9,94.09753252,94.0847658958458,94.085182438399,94.085182438399,94.085181093948,94.091775,94.0917813595465,94.0849975585938,94.0861354326705
962.95,94.09753628,94.0847640071271,94.0851831042128,94.0851831042128,94.0851817630285,94.091925,94.091928883575,94.0849731445312,94.0861106877178
963,94.09754004,94.0847621184084,94.0851837700265,94.0851837700265,94.085182432109,94.092,94.0920014076035,94.0849487304688,94.0860859427652
963.05,94.0975438,94.0847602296897,94.0851844358403,94.0851844358403,94.0851831011895,94.092,94.0919989316319,94.0849243164062,94.0860611978126
963.1,94.0975485,94.0847583409711,94.085185101654,94.085185101654,94.08518377027,94.092,94.0919964556604,94.0848999023438,94.08603645286
963.15,94.09755226,94.0847564522524,94.0851857674678,94.0851857674678,94.0851844393505,94.092,94.0919939796889,94.0848754882813,94.0860117079073
963.2,94.09755602,94.0847545635337,94.0851864332815,94.0851864332815,94.085185108431,94.092,94.0919915037173,94.0848510742187,94.0859869629547
963.25,94.09755978,94.084752674815,94.0851870990953,94.0851870990953,94.0851857775115,94.092,94.0919890277458,94.0848266601563,94.0859622180021
963.3,94.09756354,94.0847507860964,94.085187764909,94.085187764909,94.085186446592,94.092,94.0919865517743,94.0848022460937,94.0859374730495
963.35,94.09756824,94.0847488973777,94.0851884307228,94.0851884307228,94.0851871156725,94.092,94.0919840758027,94.0847778320312,94.0859127280968
963.4,94.097572,94.084747008659,94.0851890965365,94.0851890965365,94.085187784753,94.092,94.0919815998312,94.0847534179688,94.0858879831442
963.45,94.09757576,94.0847451199404,94.0851897623503,94.0851897623503,94.0851884538336,94.092,94.0919791238597,94.0847290039062,94.0858632381916
963.5,94.09757952,94.0847432312217,94.085190428164,94.085190428164,94.0851891229141,94.092,94.0919766478881,94.0847045898438,94.085838493239
963.55,94.09758422,94.084741342503,94.0851910939778,94.0851910939778,94.0851897919946,94.092,94.0919741719166,94.0846801757812,94.0858137482864
963.6,94.09758798,94.0847394537843,94.0851917597915,94.0851917597915,94.0851904610751,94.092,94.091971695945,94.0846557617188,94.0857890033337
963.65,94.09759174,94.0847375650657,94.0851924256053,94.0851924256053,94.0851911301556,94.092,94.0919692199735,94.0846313476563,94.0857642583811
963.7,94.0975955,94.084735676347,94.085193091419,94.085193091419,94.0851917992361,94.092,94.091966744002,94.0846069335937,94.0857395134285
963.75,94.09759926,94.0847337876283,94.0851937572328,94.0851937572328,94.0851924683166,94.092,94.0919642680305,94.0845825195313,94.0857147684759
963.8,94.09760396,94.0847318989097,94.0851944230465,94.0851944230465,94.0851931373971,94.092,94.0919617920589,94.0845581054687,94.0856900235232
963.85,94.09760772,94.084730010191,94.0851950888603,94.0851950888603,94.0851938064776,94.092,94.0919593160874,94.0845336914062,94.0856652785706
963.9,94.09761148,94.0847281214723,94.085195754674,94.085195754674,94.0851944755581,94.092,94.0919568401158,94.0845092773438,94.085640533618
963.95,94.09761524,94.0847262327536,94.0851964204877,94.0851964204877,94.0851951446386,94.092,94.0919543641443,94.0844848632812,94.0856157886654
964,94.09761994,94.084724344035,94.0851970863015,94.0851970863015,94.0851958137192,94.092,94.0919518881728,94.0844604492188,94.0855910437128
964.05,94.0976237,94.0847224553163,94.0851977521152,94.0851977521152,94.0851964827997,94.092,94.0919494122012,94.0844360351562,94.0855662987601
964.1,94.09762746,94.0847205665976,94.085198417929,94.085198417929,94.0851971518802,94.092,94.0919469362297,94.0844116210938,94.0855415538075
964.15,94.09763122,94.0847186778789,94.0851990837428,94.0851990837428,94.0851978209607,94.092,94.0919444602582,94.0843872070313,94.0855168088549
964.2,94.09763498,94.0847167891603,94.0851997495565,94.0851997495565,94.0851984900412,94.092,94.0919419842866,94.0843627929687,94.0854920639023
964.25,94.09763968,94.0847149004416,94.0852004153702,94.0852004153702,94.0851991591217,94.092,94.0919395083151,94.0843383789063,94.0854673189496
964.3,94.09764344,94.0847130117229,94.085201081184,94.085201081184,94.0851998282022,94.092,94.0919370323436,94.0843139648437,94.085442573997
964.35,94.0976472,94.0847111230042,94.0852017469977,94.0852017469977,94.0852004972827,94.092,94.091934556372,94.0842895507812,94.0854178290444
964.4,94.09765096,94.0847092342856,94.0852024128115,94.0852024128115,94.0852011663632,94.092,94.0919320804005,94.0842651367188,94.0853930840918
964.45,94.09765472,94.0847073455669,94.0852030786252,94.0852030786252,94.0852018354438,94.092,94.091929604429,94.0842407226562,94.0853683391391
964.5,94.09765942,94.0847054568482,94.085203744439,94.085203744439,94.0852025045243,94.092,94.0919271284574,94.0842163085938,94.0853435941865
964.55,94.09766318,94.0847035681295,94.0852044102527,94.0852044102527,94.0852031736048,94.092,94.0919246524859,94.0841918945312,94.0853188492339
964.6,94.09766694,94.0847016794109,94.0852050760665,94.0852050760665,94.0852038426853,94.092,94.0919221765144,94.0841674804688,94.0852941042813
964.65,94.0976707,94.0846997906922,94.0852057418802,94.0852057418802,94.0852045117658,94.092,94.0919197005428,94.0841430664063,94.0852693593286
964.7,94.0976754,94.0846979019735,94.085206407694,94.085206407694,94.0852051808463,94.092,94.0919172245713,94.0841186523437,94.085244614376
964.75,94.09767916,94.0846960132549,94.0852070735077,94.0852070735077,94.0852058499268,94.092,94.0919147485998,94.0840942382813,94.0852198694234
964.8,94.09768292,94.0846941245362,94.0852077393215,94.0852077393215,94.0852065190073,94.092,94.0919122726282,94.0840698242187,94.0851951244708
964.85,94.09768668,94.0846922358175,94.0852084051352,94.0852084051352,94.0852071880878,94.092,94.0919097966567,94.0840454101562,94.0851703795182
964.9,94.09769044,94.0846903470988,94.085209070949,94.085209070949,94.0852078571683,94.092,94.0919073206852,94.0840209960938,94.0851456345655
964.95,94.09769514,94.0846884583802,94.0852097367627,94.0852097367627,94.0852085262488,94.092,94.0919048447136,94.0839965820312,94.0851208896129
965,94.0976989,94.0846865696615,94.0852104025765,94.0852104025765,94.0852091953294,94.091975,94.0918773687421,94.0839721679688,94.0850961446603
965.05,94.09770266,94.0846846809428,94.0852110683902,94.0852110683902,94.0852098644099,94.091925,94.0918248927706,94.0839477539062,94.0850713997077
965.1,94.09770642,94.0846827922241,94.085211734204,94.085211734204,94.0852105334904,94.091875,94.091772416799,94.0839233398438,94.085046654755
965.15,94.09771018,94.0846809035055,94.0852124000177,94.0852124000177,94.0852112025709,94.091825,94.0917199408275,94.0838989257813,94.0850219098024
965.2,94.09771488,94.0846790147868,94.0852130658315,94.0852130658315,94.0852118716514,94.091775,94.091667464856,94.0838745117187,94.0849971648498
965.25,94.09771864,94.0846771260681,94.0852137316452,94.0852137316452,94.0852125407319,94.091725,94.0916149888844,94.0838500976563,94.0849724198972
965.3,94.0977224,94.0846752373494,94.085214397459,94.085214397459,94.0852132098124,94.091675,94.0915625129129,94.0838256835937,94.0849476749445
965.35,94.09772616,94.0846733486308,94.0852150632727,94.0852150632727,94.0852138788929,94.091625,94.0915100369414,94.0838012695312,94.0849229299919
965.4,94.09773086,94.0846714599121,94.0852157290865,94.0852157290865,94.0852145479734,94.091575,94.0914575609698,94.0837768554688,94.0848981850393
965.45,94.09773462,94.0846695711934,94.0852163949002,94.0852163949002,94.0852152170539,94.091525,94.0914050849983,94.0837524414062,94.0848734400867
965.5,94.09773838,94.0846676824747,94.0852170607139,94.0852170607139,94.0852158861344,94.091475,94.0913526090268,94.0837280273438,94.0848486951341
965.55,94.09774214,94.0846657937561,94.0852177265277,94.0852177265277,94.085216555215,94.091425,94.0913001330552,94.0837036132812,94.0848239501814
965.6,94.0977459,94.0846639050374,94.0852183923414,94.0852183923414,94.0852172242955,94.091375,94.0912476570837,94.0836791992188,94.0847992052288
965.65,94.0977506,94.0846620163187,94.0852190581552,94.0852190581552,94.085217893376,94.091325,94.0911951811121,94.0836547851563,94.0847744602762
965.7,94.09775436,94.0846601276,94.0852197239689,94.0852197239689,94.0852185624565,94.091275,94.0911427051406,94.0836303710937,94.0847497153236
965.75,94.09775812,94.0846582388814,94.0852203897827,94.0852203897827,94.085219231537,94.091225,94.0910902291691,94.0836059570313,94.0847249703709
965.8,94.09776188,94.0846563501627,94.0852210555964,94.0852210555964,94.0852199006175,94.091175,94.0910377531975,94.0835815429687,94.0847002254183
965.85,94.09776658,94.084654461444,94.0852217214102,94.0852217214102,94.085220569698,94.091125,94.090985277226,94.0835571289062,94.0846754804657
965.9,94.09777034,94.0846525727254,94.0852223872239,94.0852223872239,94.0852212387785,94.091075,94.0909328012545,94.0835327148438,94.0846507355131
965.95,94.0977741,94.0846506840067,94.0852230530377,94.0852230530377,94.085221907859,94.091025,94.0908803252829,94.0835083007812,94.0846259905605
966,94.09777786,94.084648795288,94.0852237188514,94.0852237188514,94.0852225769395,94.09095,94.0908028493114,94.0834838867188,94.0846012456078
966.05,94.09778162,94.0846469065693,94.0852243846652,94.0852243846652,94.08522324602,94.09085,94.0907003733399,94.0834594726562,94.0845765006552
966.1,94.09778632,94.0846450178507,94.0852250504789,94.0852250504789,94.0852239151006,94.09075,94.0905978973683,94.0834350585938,94.0845517557026
966.15,94.09779008,94.084643129132,94.0852257162927,94.0852257162927,94.0852245841811,94.09065,94.0904954213968,94.0834106445313,94.08452701075
966.2,94.09779384,94.0846412404133,94.0852263821064,94.0852263821064,94.0852252532616,94.09055,94.0903929454253,94.0833862304687,94.0845022657973
966.25,94.0977976,94.0846393516946,94.0852270479202,94.0852270479202,94.0852259223421,94.09045,94.0902904694537,94.0833618164063,94.0844775208447
966.3,94.09780136,94.084637462976,94.0852277137339,94.0852277137339,94.0852265914226,94.09035,94.0901879934822,94.0833374023437,94.0844527758921
966.35,94.09780606,94.0846355742573,94.0852283795477,94.0852283795477,94.0852272605031,94.09025,94.0900855175107,94.0833129882812,94.0844280309395
966.4,94.09780982,94.0846336855386,94.0852290453614,94.0852290453614,94.0852279295836,94.09015,94.0899830415391,94.0832885742188,94.0844032859868
966.45,94.09781358,94.0846317968199,94.0852297111752,94.0852297111752,94.0852285986641,94.09005,94.0898805655676,94.0832641601562,94.0843785410342
966.5,94.09781734,94.0846299081013,94.0852303769889,94.0852303769889,94.0852292677446,94.08995,94.0897780895961,94.0832397460938,94.0843537960816
966.55,94.09782204,94.0846280193826,94.0852310428027,94.0852310428027,94.0852299368252,94.08985,94.0896756136245,94.0832153320312,94.084329051129
966.6,94.0978258,94.0846261306639,94.0852317086164,94.0852317086164,94.0852306059057,94.08975,94.089573137653,94.0831909179688,94.0843043061763
966.65,94.09782956,94.0846242419452,94.0852323744302,94.0852323744302,94.0852312749862,94.08965,94.0894706616815,94.0831665039063,94.0842795612237
966.7,94.09783332,94.0846223532266,94.0852330402439,94.0852330402439,94.0852319440667,94.08955,94.0893681857099,94.0831420898437,94.0842548162711
966.75,94.09783708,94.0846204645079,94.0852337060577,94.0852337060577,94.0852326131472,94.08945,94.0892657097384,94.0831176757813,94.0842300713185
966.8,94.09784178,94.0846185757892,94.0852343718714,94.0852343718714,94.0852332822277,94.08935,94.0891632337669,94.0830932617187,94.0842053263659
966.85,94.09784554,94.0846166870706,94.0852350376852,94.0852350376852,94.0852339513082,94.08925,94.0890607577953,94.0830688476562,94.0841805814132
966.9,94.0978493,94.0846147983519,94.0852357034989,94.0852357034989,94.0852346203887,94.08915,94.0889582818238,94.0830444335938,94.0841558364606
966.95,94.09785306,94.0846129096332,94.0852363693127,94.0852363693127,94.0852352894692,94.08905,94.0888558058523,94.0830200195312,94.084131091508
967,94.09785682,94.0846110209145,94.0852370351264,94.0852370351264,94.0852359585497,94.089,94.0888033298807,94.0829956054688,94.0841063465554
967.05,94.09786152,94.0846091321959,94.0852377009401,94.0852377009401,94.0852366276303,94.089,94.0888008539092,94.0829711914062,94.0840816016027
967.1,94.09786528,94.0846072434772,94.0852383667539,94.0852383667539,94.0852372967108,94.089,94.0887983779376,94.0829467773438,94.0840568566501
967.15,94.09786904,94.0846053547585,94.0852390325676,94.0852390325676,94.0852379657913,94.089,94.0887959019661,94.0829223632813,94.0840321116975
967.2,94.0978728,94.0846034660399,94.0852396983814,94.0852396983814,94.0852386348718,94.089,94.0887934259946,94.0828979492187,94.0840073667449
967.25,94.0978775,94.0846015773212,94.0852403641951,94.0852403641951,94.0852393039523,94.089,94.0887909500231,94.0828735351563,94.0839826217922
967.3,94.09788126,94.0845996886025,94.0852410300089,94.0852410300089,94.0852399730328,94.089,94.0887884740515,94.0828491210937,94.0839578768396
967.35,94.09788502,94.0845977998838,94.0852416958226,94.0852416958226,94.0852406421133,94.089,94.08878599808,94.0828247070312,94.083933131887
967.4,94.09788878,94.0845959111652,94.0852423616364,94.0852423616364,94.0852413111938,94.089,94.0887835221084,94.0828002929688,94.0839083869344
967.45,94.09789254,94.0845940224465,94.0852430274501,94.0852430274501,94.0852419802743,94.089,94.0887810461369,94.0827758789062,94.0838836419818
967.5,94.09789724,94.0845921337278,94.0852436932639,94.0852436932639,94.0852426493548,94.089,94.0887785701654,94.0827514648438,94.0838588970291
967.55,94.097901,94.0845902450091,94.0852443590776,94.0852443590776,94.0852433184353,94.089,94.0887760941938,94.0827270507812,94.0838341520765
967.6,94.09790476,94.0845883562905,94.0852450248914,94.0852450248914,94.0852439875159,94.089,94.0887736182223,94.0827026367188,94.0838094071239
967.65,94.09790852,94.0845864675718,94.0852456907051,94.0852456907051,94.0852446565964,94.089,94.0887711422508,94.0826782226563,94.0837846621713
967.7,94.09791322,94.0845845788531,94.0852463565189,94.0852463565189,94.0852453256769,94.089,94.0887686662792,94.0826538085937,94.0837599172186
967.75,94.09791698,94.0845826901344,94.0852470223326,94.0852470223326,94.0852459947574,94.089,94.0887661903077,94.0826293945313,94.083735172266
967.8,94.09792074,94.0845808014158,94.0852476881464,94.0852476881464,94.0852466638379,94.089,94.0887637143362,94.0826049804687,94.0837104273134
967.85,94.0979245,94.0845789126971,94.0852483539601,94.0852483539601,94.0852473329184,94.089,94.0887612383646,94.0825805664062,94.0836856823608
967.9,94.09792826,94.0845770239784,94.0852490197739,94.0852490197739,94.0852480019989,94.089,94.0887587623931,94.0825561523438,94.0836609374082
967.95,94.09793296,94.0845751352597,94.0852496855876,94.0852496855876,94.0852486710794,94.089,94.0887562864216,94.0825317382812,94.0836361924555
968,94.09793672,94.0845732465411,94.0852503514014,94.0852503514014,94.0852493401599,94.088925,94.08867881045,94.0825073242188,94.0836114475029
968.05,94.09794048,94.0845713578224,94.0852510172151,94.0852510172151,94.0852500092404,94.088775,94.0885263344785,94.0824829101562,94.0835867025503
968.1,94.09794424,94.0845694691037,94.0852516830289,94.0852516830289,94.0852506783209,94.088625,94.088373858507,94.0824584960938,94.0835619575977
968.15,94.097948,94.084567580385,94.0852523488426,94.0852523488426,94.0852513474015,94.088475,94.0882213825354,94.0824340820313,94.083537212645
968.2,94.0979527,94.0845656916664,94.0852530146564,94.0852530146564,94.085252016482,94.088325,94.0880689065639,94.0824096679687,94.0835124676924
968.25,94.09795646,94.0845638029477,94.0852536804701,94.0852536804701,94.0852526855625,94.088175,94.0879164305924,94.0823852539063,94.0834877227398
968.3,94.09796022,94.084561914229,94.0852543462838,94.0852543462838,94.085253354643,94.088025,94.0877639546208,94.0823608398437,94.0834629777872
968.35,94.09796398,94.0845600255104,94.0852550120976,94.0852550120976,94.0852540237235,94.087875,94.0876114786493,94.0823364257812,94.0834382328345
968.4,94.09796868,94.0845581367917,94.0852556779113,94.0852556779113,94.085254692804,94.087725,94.0874590026778,94.0823120117188,94.0834134878819
968.45,94.09797244,94.084556248073,94.0852563437251,94.0852563437251,94.0852553618845,94.087575,94.0873065267062,94.0822875976562,94.0833887429293
968.5,94.0979762,94.0845543593543,94.0852570095389,94.0852570095389,94.085256030965,94.087425,94.0871540507347,94.0822631835938,94.0833639979767
968.55,94.09797996,94.0845524706357,94.0852576753526,94.0852576753526,94.0852567000455,94.087275,94.0870015747632,94.0822387695312,94.0833392530241
968.6,94.09798372,94.084550581917,94.0852583411663,94.0852583411663,94.085257369126,94.087125,94.0868490987916,94.0822143554688,94.0833145080714
968.65,94.09798842,94.0845486931983,94.0852590069801,94.0852590069801,94.0852580382066,94.086975,94.0866966228201,94.0821899414063,94.0832897631188
968.7,94.09799218,94.0845468044796,94.0852596727938,94.0852596727938,94.0852587072871,94.086825,94.0865441468486,94.0821655273437,94.0832650181662
968.75,94.09799594,94.084544915761,94.0852603386076,94.0852603386076,94.0852593763676,94.086675,94.086391670877,94.0821411132813,94.0832402732136
968.8,94.0979997,94.0845430270423,94.0852610044213,94.0852610044213,94.0852600454481,94.086525,94.0862391949055,94.0821166992187,94.0832155282609
968.85,94.09800346,94.0845411383236,94.0852616702351,94.0852616702351,94.0852607145286,94.086375,94.086086718934,94.0820922851562,94.0831907833083
968.9,94.09800816,94.0845392496049,94.0852623360488,94.0852623360488,94.0852613836091,94.086225,94.0859342429624,94.0820678710938,94.0831660383557
968.95,94.09801192,94.0845373608863,94.0852630018626,94.0852630018626,94.0852620526896,94.086075,94.0857817669909,94.0820434570312,94.0831412934031
969,94.09801568,94.0844104721676,94.0851386676763,94.0851386676763,94.0851377217701,94.08585,94.0855542910193,94.0820190429688,94.0831165484504
969.05,94.09801944,94.0841585834489,94.0848893334901,94.0848893334901,94.0848883908506,94.08555,94.0852518150478,94.0819946289062,94.0830918034978
969.1,94.09802414,94.0839066947302,94.0846399993038,94.0846399993038,94.0846390599311,94.08525,94.0849493390763,94.0819702148438,94.0830670585452
969.15,94.0980279,94.0836548060116,94.0843906651176,94.0843906651176,94.0843897290116,94.08495,94.0846468631048,94.0819458007813,94.0830423135926
969.2,94.09803166,94.0834029172929,94.0841413309313,94.0841413309313,94.0841403980922,94.08465,94.0843443871332,94.0819213867187,94.08301756864
969.25,94.09803542,94.0831510285742,94.0838919967451,94.0838919967451,94.0838910671727,94.08435,94.0840419111617,94.0818969726563,94.0829928236873
969.3,94.09803918,94.0828991398556,94.0836426625588,94.0836426625588,94.0836417362532,94.08405,94.0837394351901,94.0818725585937,94.0829680787347
969.35,94.09804388,94.0826472511369,94.0833933283726,94.0833933283726,94.0833924053337,94.08375,94.0834369592186,94.0818481445312,94.0829433337821
969.4,94.09804764,94.0823953624182,94.0831439941863,94.0831439941863,94.0831430744142,94.08345,94.0831344832471,94.0818237304688,94.0829185888295
969.45,94.0980514,94.0821434736995,94.0828946600001,94.0828946600001,94.0828937434947,94.08315,94.0828320072755,94.0817993164062,94.0828938438768
969.5,94.09805516,94.0818915849809,94.0826453258138,94.0826453258138,94.0826444125752,94.08285,94.082529531304,94.0817749023438,94.0828690989242
969.55,94.09805986,94.0816396962622,94.0823959916276,94.0823959916276,94.0823950816557,94.08255,94.0822270553325,94.0817504882812,94.0828443539716
969.6,94.09806362,94.0813878075435,94.0821466574413,94.0821466574413,94.0821457507362,94.08225,94.0819245793609,94.0817260742188,94.082819609019
969.65,94.09806738,94.0811359188248,94.081897323255,94.081897323255,94.0818964198167,94.08195,94.0816221033894,94.0817016601563,94.0827948640663
969.7,94.09807114,94.0808840301062,94.0816479890688,94.0816479890688,94.0816470888973,94.08165,94.0813196274179,94.0816772460937,94.0827701191137
969.75,94.0980749,94.0806321413875,94.0813986548825,94.0813986548825,94.0813977579778,94.08135,94.0810171514463,94.0816528320313,94.0827453741611
969.8,94.0980796,94.0803802526688,94.0811493206963,94.0811493206963,94.0811484270583,94.08105,94.0807146754748,94.0816284179687,94.0827206292085
969.85,94.09808336,94.0801283639502,94.08089998651,94.08089998651,94.0808990961388,94.08075,94.0804121995033,94.0816040039062,94.0826958842559
969.9,94.09808712,94.0798764752315,94.0806506523238,94.0806506523238,94.0806497652193,94.08045,94.0801097235317,94.0815795898438,94.0826711393032
969.95,94.09809088,94.0796245865128,94.0804013181375,94.0804013181375,94.0804004342998,94.08015,94.0798072475602,94.0815551757812,94.0826463943506
970,94.09809464,94.0794976977941,94.0802769839513,94.0802769839513,94.0802761033803,94.07985,94.0795047715887,94.0815307617188,94.082621649398
970.05,94.09809934,94.0794978384489,94.080265363473,94.080265363473,94.0802644945714,94.07955,94.0792065639695,94.0815063476562,94.082589670241
970.1,94.0981031,94.0794979791036,94.0802537429947,94.0802537429947,94.0802528857624,94.07925,94.0789083563504,94.0814819335938,94.0825576910839
970.15,94.09810686,94.0794981197584,94.0802421225164,94.0802421225164,94.0802412769534,94.07895,94.0786101487312,94.0814575195313,94.0825257119269
970.2,94.09811062,94.0794982604131,94.0802305020381,94.0802305020381,94.0802296681445,94.07865,94.0783119411121,94.0814331054687,94.0824937327699
970.25,94.09811532,94.0794984010679,94.0802188815598,94.0802188815598,94.0802180593355,94.07835,94.078013733493,94.0814086914063,94.0824617536129
970.3,94.09811908,94.0794985417226,94.0802072610815,94.0802072610815,94.0802064505266,94.07805,94.0777155258738,94.0813842773437,94.0824297744559
970.35,94.09812284,94.0794986823774,94.0801956406032,94.0801956406032,94.0801948417176,94.07775,94.0774173182547,94.0813598632812,94.0823977952988
970.4,94.0981266,94.0794988230322,94.0801840201249,94.0801840201249,94.0801832329087,94.07745,94.0771191106356,94.0813354492188,94.0823658161418
970.45,94.09813036,94.0794989636869,94.0801723996466,94.0801723996466,94.0801716240997,94.07715,94.0768209030164,94.0813110351562,94.0823338369848
970.5,94.09813506,94.0794991043417,94.0801607791683,94.0801607791683,94.0801600152908,94.07685,94.0765226953973,94.0812866210938,94.0823018578278
970.55,94.09813882,94.0794992449964,94.08014915869,94.08014915869,94.0801484064818,94.07655,94.0762244877781,94.0812622070312,94.0822698786707
970.6,94.09814258,94.0794993856512,94.0801375382117,94.0801375382117,94.0801367976728,94.07625,94.075926280159,94.0812377929688,94.0822378995137
970.65,94.09814634,94.0794995263059,94.0801259177334,94.0801259177334,94.0801251888639,94.07595,94.0756280725399,94.0812133789063,94.0822059203567
970.7,94.0981501,94.0794996669607,94.0801142972551,94.0801142972551,94.0801135800549,94.07565,94.0753298649207,94.0811889648437,94.0821739411997
970.75,94.0981548,94.0794998076154,94.0801026767768,94.0801026767768,94.080101971246,94.07535,94.0750316573016,94.0811645507813,94.0821419620427
970.8,94.09815856,94.0794999482702,94.0800910562985,94.0800910562985,94.080090362437,94.07505,94.0747334496824,94.0811401367187,94.0821099828856
970.85,94.09816232,94.0795000889249,94.0800794358202,94.0800794358202,94.0800787536281,94.07475,94.0744352420633,94.0811157226562,94.0820780037286
970.9,94.09816608,94.0795002295797,94.0800678153419,94.0800678153419,94.0800671448191,94.07445,94.0741370344441,94.0810913085938,94.0820460245716
970.95,94.09817078,94.0795003702344,94.0800561948636,94.0800561948636,94.0800555360102,94.07415,94.073838826825,94.0810668945312,94.0820140454146
971,94.09817454,94.0795005108892,94.0800445743853,94.0800445743853,94.0800439272012,94.074,94.0736906192059,94.0810424804688,94.0819820662576
971.05,94.0981783,94.079500651544,94.080032953907,94.080032953907,94.0800323183922,94.074,94.0736924115867,94.0810180664062,94.0819500871005
971.1,94.09818206,94.0795007921987,94.0800213334287,94.0800213334287,94.0800207095833,94.074,94.0736942039676,94.0809936523438,94.0819181079435
971.15,94.09818582,94.0795009328535,94.0800097129504,94.0800097129504,94.0800091007743,94.074,94.0736959963485,94.0809692382813,94.0818861287865
971.2,94.09819052,94.0795010735082,94.0799980924721,94.0799980924721,94.0799974919654,94.074,94.0736977887293,94.0809448242187,94.0818541496295
971.25,94.09819428,94.079501214163,94.0799864719938,94.0799864719938,94.0799858831564,94.074,94.0736995811102,94.0809204101563,94.0818221704724
971.3,94.09819804,94.0795013548177,94.0799748515155,94.0799748515155,94.0799742743475,94.074,94.073701373491,94.0808959960937,94.0817901913154
971.35,94.0982018,94.0795014954725,94.0799632310373,94.0799632310373,94.0799626655385,94.074,94.0737031658719,94.0808715820312,94.0817582121584
971.4,94.0982065,94.0795016361272,94.079951610559,94.079951610559,94.0799510567296,94.074,94.0737049582528,94.0808471679688,94.0817262330014
971.45,94.09821026,94.079501776782,94.0799399900807,94.0799399900807,94.0799394479206,94.074,94.0737067506336,94.0808227539062,94.0816942538444
971.5,94.09821402,94.0795019174367,94.0799283696024,94.0799283696024,94.0799278391116,94.074,94.0737085430145,94.0807983398438,94.0816622746873
971.55,94.09821778,94.0795020580915,94.0799167491241,94.0799167491241,94.0799162303027,94.074,94.0737103353953,94.0807739257812,94.0816302955303
971.6,94.09822154,94.0795021987462,94.0799051286458,94.0799051286458,94.0799046214937,94.074,94.0737121277762,94.0807495117188,94.0815983163733
971.65,94.09822624,94.079502339401,94.0798935081675,94.0798935081675,94.0798930126848,94.074,94.0737139201571,94.0807250976563,94.0815663372163
971.7,94.09823,94.0795024800558,94.0798818876892,94.0798818876892,94.0798814038758,94.074,94.0737157125379,94.0807006835937,94.0815343580593
971.75,94.09823376,94.0795026207105,94.0798702672109,94.0798702672109,94.0798697950669,94.074,94.0737175049188,94.0806762695313,94.0815023789022
971.8,94.09823752,94.0795027613653,94.0798586467326,94.0798586467326,94.0798581862579,94.074,94.0737192972996,94.0806518554687,94.0814703997452
971.85,94.09824128,94.07950290202,94.0798470262543,94.0798470262543,94.079846577449,94.074,94.0737210896805,94.0806274414062,94.0814384205882
971.9,94.09824598,94.0795030426748,94.079835405776,94.079835405776,94.07983496864,94.074,94.0737228820614,94.0806030273438,94.0814064414312
971.95,94.09824974,94.0795031833295,94.0798237852977,94.0798237852977,94.0798233598311,94.074,94.0737246744422,94.0805786132812,94.0813744622741
972,94.0982535,94.0795033239843,94.0798121648194,94.0798121648194,94.0798117510221,94.074,94.0737264668231,94.0805541992188,94.0813424831171
972.05,94.09825726,94.079503464639,94.0798005443411,94.0798005443411,94.0798001422131,94.074,94.0737282592039,94.0805297851562,94.0813105039601
972.1,94.09826196,94.0795036052938,94.0797889238628,94.0797889238628,94.0797885334042,94.074,94.0737300515848,94.0805053710938,94.0812785248031
972.15,94.09826572,94.0795037459485,94.0797773033845,94.0797773033845,94.0797769245952,94.074,94.0737318439657,94.0804809570313,94.0812465456461
972.2,94.09826948,94.0795038866033,94.0797656829062,94.0797656829062,94.0797653157863,94.074,94.0737336363465,94.0804565429687,94.081214566489
972.25,94.09827324,94.079504027258,94.0797540624279,94.0797540624279,94.0797537069773,94.074,94.0737354287274,94.0804321289063,94.081182587332
972.3,94.098277,94.0795041679128,94.0797424419496,94.0797424419496,94.0797420981684,94.074,94.0737372211082,94.0804077148437,94.081150608175
972.35,94.0982817,94.0795043085676,94.0797308214713,94.0797308214713,94.0797304893594,94.074,94.0737390134891,94.0803833007812,94.081118629018
972.4,94.09828546,94.0795044492223,94.079719200993,94.079719200993,94.0797188805504,94.074,94.07374080587,94.0803588867188,94.0810866498609
972.45,94.09828922,94.0795045898771,94.0797075805147,94.0797075805147,94.0797072717415,94.074,94.0737425982508,94.0803344726562,94.0810546707039
972.5,94.09829298,94.0795047305318,94.0796959600364,94.0796959600364,94.0796956629325,94.074,94.0737443906317,94.0803100585938,94.0810226915469
972.55,94.09829674,94.0795048711866,94.0796843395581,94.0796843395581,94.0796840541236,94.074,94.0737461830125,94.0802856445312,94.0809907123899
972.6,94.09830144,94.0795050118413,94.0796727190798,94.0796727190798,94.0796724453146,94.074,94.0737479753934,94.0802612304688,94.0809587332329
972.65,94.0983052,94.0795051524961,94.0796610986015,94.0796610986015,94.0796608365057,94.074,94.0737497677743,94.0802368164063,94.0809267540758
972.7,94.09830896,94.0795052931508,94.0796494781232,94.0796494781232,94.0796492276967,94.074,94.0737515601551,94.0802124023437,94.0808947749188
972.75,94.09831272,94.0795054338056,94.0796378576449,94.0796378576449,94.0796376188878,94.074,94.073753352536,94.0801879882813,94.0808627957618
972.8,94.09831742,94.0795055744603,94.0796262371666,94.0796262371666,94.0796260100788,94.074,94.0737551449169,94.0801635742187,94.0808308166048
972.85,94.09832118,94.0795057151151,94.0796146166883,94.0796146166883,94.0796144012699,94.074,94.0737569372977,94.0801391601562,94.0807988374478
972.9,94.09832494,94.0795058557698,94.07960299621,94.07960299621,94.0796027924609,94.074,94.0737587296786,94.0801147460938,94.0807668582907
972.95,94.0983287,94.0795059964246,94.0795913757317,94.0795913757317,94.0795911836519,94.074,94.0737605220594,94.0800903320312,94.0807348791337
973,94.09833246,94.0795061370793,94.0795797552534,94.0795797552534,94.079579574843,94.074025,94.0737873144403,94.0800659179688,94.0807028999767
973.05,94.09833716,94.0795062777341,94.0795681347751,94.0795681347751,94.079567966034,94.074075,94.0738391068212,94.0800415039062,94.0806709208197
973.1,94.09834092,94.0795064183889,94.0795565142968,94.0795565142968,94.0795563572251,94.074125,94.073890899202,94.0800170898438,94.0806389416627
973.15,94.09834468,94.0795065590436,94.0795448938185,94.0795448938185,94.0795447484161,94.074175,94.0739426915829,94.0799926757813,94.0806069625056
973.2,94.09834844,94.0795066996984,94.0795332733402,94.0795332733402,94.0795331396072,94.074225,94.0739944839637,94.0799682617187,94.0805749833486
973.25,94.09835314,94.0795068403531,94.0795216528619,94.0795216528619,94.0795215307982,94.074275,94.0740462763446,94.0799438476563,94.0805430041916
973.3,94.0983569,94.0795069810079,94.0795100323836,94.0795100323836,94.0795099219892,94.074325,94.0740980687255,94.0799194335937,94.0805110250346
973.35,94.09836066,94.0795071216626,94.0794984119053,94.0794984119053,94.0794983131803,94.074375,94.0741498611063,94.0798950195312,94.0804790458775
973.4,94.09836442,94.0795072623174,94.079486791427,94.079486791427,94.0794867043713,94.074425,94.0742016534872,94.0798706054688,94.0804470667205
973.45,94.09836818,94.0795074029721,94.0794751709487,94.0794751709487,94.0794750955624,94.074475,94.074253445868,94.0798461914062,94.0804150875635
973.5,94.09837288,94.0795075436269,94.0794635504705,94.0794635504705,94.0794634867534,94.074525,94.0743052382489,94.0798217773438,94.0803831084065
973.55,94.09837664,94.0795076842816,94.0794519299921,94.0794519299921,94.0794518779445,94.074575,94.0743570306298,94.0797973632812,94.0803511292495
973.6,94.0983804,94.0795078249364,94.0794403095138,94.0794403095138,94.0794402691355,94.074625,94.0744088230106,94.0797729492188,94.0803191500924
973.65,94.09838416,94.0795079655911,94.0794286890356,94.0794286890356,94.0794286603266,94.074675,94.0744606153915,94.0797485351563,94.0802871709354
973.7,94.09838792,94.0795081062459,94.0794170685572,94.0794170685572,94.0794170515176,94.074725,94.0745124077723,94.0797241210937,94.0802551917784
973.75,94.09839262,94.0795082469006,94.079405448079,94.079405448079,94.0794054427086,94.074775,94.0745642001532,94.0796997070313,94.0802232126214
973.8,94.09839638,94.0795083875554,94.0793938276007,94.0793938276007,94.0793938338997,94.074825,94.0746159925341,94.0796752929687,94.0801912334643
973.85,94.09840014,94.0795085282102,94.0793822071224,94.0793822071224,94.0793822250907,94.074875,94.0746677849149,94.0796508789062,94.0801592543073
973.9,94.0984039,94.0795086688649,94.0793705866441,94.0793705866441,94.0793706162818,94.074925,94.0747195772958,94.0796264648438,94.0801272751503
973.95,94.0984086,94.0795088095197,94.0793589661658,94.0793589661658,94.0793590074728,94.074975,94.0747713696766,94.0796020507812,94.0800952959933
974,94.09841236,94.0795089501744,94.0793473456875,94.0793473456875,94.0793473986639,94.075125,94.0749231620575,94.0795776367188,94.0800633168363
974.05,94.09841612,94.0795090908292,94.0793357252092,94.0793357252092,94.0793357898549,94.075375,94.0751749544384,94.0795532226562,94.0800313376792
974.1,94.09841988,94.0795092314839,94.0793241047309,94.0793241047309,94.079324181046,94.075625,94.0754267468192,94.0795288085938,94.0799993585222
974.15,94.09842364,94.0795093721387,94.0793124842526,94.0793124842526,94.079312572237,94.075875,94.0756785392001,94.0795043945313,94.0799673793652
974.2,94.09842834,94.0795095127934,94.0793008637743,94.0793008637743,94.0793009634281,94.076125,94.0759303315809,94.0794799804687,94.0799354002082
974.25,94.0984321,94.0795096534482,94.079289243296,94.079289243296,94.0792893546191,94.076375,94.0761821239618,94.0794555664063,94.0799034210512
974.3,94.09843586,94.0795097941029,94.0792776228177,94.0792776228177,94.0792777458101,94.076625,94.0764339163427,94.0794311523437,94.0798714418941
974.35,94.09843962,94.0795099347577,94.0792660023394,94.0792660023394,94.0792661370012,94.076875,94.0766857087235,94.0794067382812,94.0798394627371
974.4,94.09844338,94.0795100754124,94.0792543818611,94.0792543818611,94.0792545281922,94.077125,94.0769375011044,94.0793823242188,94.0798074835801
974.45,94.09844808,94.0795102160672,94.0792427613828,94.0792427613828,94.0792429193833,94.077375,94.0771892934852,94.0793579101562,94.0797755044231
974.5,94.09845184,94.079510356722,94.0792311409045,94.0792311409045,94.0792313105743,94.077625,94.0774410858661,94.0793334960938,94.0797435252661
974.55,94.0984556,94.0795104973767,94.0792195204262,94.0792195204262,94.0792197017654,94.077875,94.077692878247,94.0793090820312,94.079711546109
974.6,94.09845936,94.0795106380315,94.0792078999479,94.0792078999479,94.0792080929564,94.078125,94.0779446706278,94.0792846679688,94.079679566952
974.65,94.09846406,94.0795107786862,94.0791962794696,94.0791962794696,94.0791964841474,94.078375,94.0781964630087,94.0792602539063,94.079647587795
974.7,94.09846782,94.079510919341,94.0791846589913,94.0791846589913,94.0791848753385,94.078625,94.0784482553896,94.0792358398437,94.079615608638
974.75,94.09847158,94.0795110599957,94.079173038513,94.079173038513,94.0791732665295,94.078875,94.0787000477704,94.0792114257813,94.0795836294809
974.8,94.09847534,94.0795112006505,94.0791614180347,94.0791614180347,94.0791616577206,94.079125,94.0789518401513,94.0791870117187,94.0795516503239
974.85,94.0984791,94.0795113413052,94.0791497975564,94.0791497975564,94.0791500489116,94.079375,94.0792036325321,94.0791625976562,94.0795196711669
974.9,94.0984838,94.07951148196,94.0791381770781,94.0791381770781,94.0791384401027,94.079625,94.079455424913,94.0791381835938,94.0794876920099
974.95,94.09848756,94.0795116226147,94.0791265565998,94.0791265565998,94.0791268312937,94.079875,94.0797072172939,94.0791137695312,94.0794557128528
975,94.09849132,94.0795117632695,94.0791149361215,94.0791149361215,94.0791152224848,94.08,94.0798340096747,94.0790893554688,94.0794237336958
975.05,94.09849508,94.0795119039242,94.0791033156432,94.0791033156432,94.0791036136758,94.08,94.0798358020556,94.0790649414062,94.0793917545388
975.1,94.09849978,94.079512044579,94.0790916951649,94.0790916951649,94.0790920048669,94.08,94.0798375944364,94.0790405273438,94.0793597753818
975.15,94.09850354,94.0795121852338,94.0790800746866,94.0790800746866,94.0790803960579,94.08,94.0798393868173,94.0790161132813,94.0793277962248
975.2,94.0985073,94.0795123258885,94.0790684542083,94.0790684542083,94.0790687872489,94.08,94.0798411791982,94.0789916992187,94.0792958170677
975.25,94.09851106,94.0795124665433,94.07905683373,94.07905683373,94.07905717844,94.08,94.079842971579,94.0789672851563,94.0792638379107
975.3,94.09851482,94.079512607198,94.0790452132517,94.0790452132517,94.079045569631,94.08,94.0798447639599,94.0789428710937,94.0792318587537
975.35,94.09851952,94.0795127478528,94.0790335927734,94.0790335927734,94.0790339608221,94.08,94.0798465563407,94.0789184570312,94.0791998795967
975.4,94.09852328,94.0795128885075,94.0790219722951,94.0790219722951,94.0790223520131,94.08,94.0798483487216,94.0788940429688,94.0791679004397
975.45,94.09852704,94.0795130291623,94.0790103518168,94.0790103518168,94.0790107432042,94.08,94.0798501411025,94.0788696289062,94.0791359212826
975.5,94.0985308,94.079513169817,94.0789987313385,94.0789987313385,94.0789991343952,94.08,94.0798519334833,94.0788452148438,94.0791039421256
975.55,94.09853456,94.0795133104718,94.0789871108602,94.0789871108602,94.0789875255862,94.08,94.0798537258642,94.0788208007812,94.0790719629686
975.6,94.09853926,94.0795134511265,94.0789754903819,94.0789754903819,94.0789759167773,94.08,94.079855518245,94.0787963867188,94.0790399838116
975.65,94.09854208,94.0795135917813,94.0789638699036,94.0789638699036,94.0789643079683,94.08,94.0798573106259,94.0787719726563,94.0790080046546
975.7,94.09854396,94.079513732436,94.0789522494253,94.0789522494253,94.0789526991594,94.08,94.0798591030068,94.0787475585937,94.0789760254975
975.75,94.09854396,94.0795138730908,94.078940628947,94.078940628947,94.0789410903504,94.08,94.0798608953876,94.0787231445313,94.0789440463405
975.8,94.09854396,94.0795140137456,94.0789290084687,94.0789290084687,94.0789294815415,94.08,94.0798626877685,94.0786987304687,94.0789120671835
975.85,94.09854396,94.0795141544003,94.0789173879904,94.0789173879904,94.0789178727325,94.08,94.0798644801494,94.0786743164062,94.0788800880265
975.9,94.09854396,94.0795142950551,94.0789057675121,94.0789057675121,94.0789062639236,94.08,94.0798662725302,94.0786499023438,94.0788481088695
975.95,94.09854396,94.0795144357098,94.0788941470339,94.0788941470339,94.0788946551146,94.08,94.0798680649111,94.0786254882812,94.0788161297124
976,94.09854396,94.0795145763646,94.0788825265555,94.0788825265555,94.0788830463056,94.08,94.0798698572919,94.0786010742188,94.0787841505554
976.05,94.09854396,94.0795147170193,94.0788709060773,94.0788709060773,94.0788714374967,94.08,94.0798716496728,94.0785766601562,94.0787521713984
976.1,94.09854396,94.0795148576741,94.078859285599,94.078859285599,94.0788598286877,94.08,94.0798734420537,94.0785522460938,94.0787201922414
976.15,94.09854396,94.0795149983288,94.0788476651207,94.0788476651207,94.0788482198788,94.08,94.0798752344345,94.0785278320313,94.0786882130843
976.2,94.09854396,94.0795151389836,94.0788360446424,94.0788360446424,94.0788366110698,94.08,94.0798770268154,94.0785034179687,94.0786562339273
976.25,94.09854396,94.0795152796383,94.0788244241641,94.0788244241641,94.0788250022609,94.08,94.0798788191962,94.0784790039063,94.0786242547703
976.3,94.09854396,94.0795154202931,94.0788128036858,94.0788128036858,94.0788133934519,94.08,94.0798806115771,94.0784545898437,94.0785922756133
976.35,94.09854396,94.0795155609478,94.0788011832075,94.0788011832075,94.078801784643,94.08,94.079882403958,94.0784301757812,94.0785602964562
976.4,94.09854396,94.0795157016026,94.0787895627292,94.0787895627292,94.078790175834,94.08,94.0798841963388,94.0784057617188,94.0785283172992
976.45,94.09854396,94.0795158422574,94.0787779422509,94.0787779422509,94.0787785670251,94.08,94.0798859887197,94.0783813476562,94.0784963381422
976.5,94.09854396,94.0795159829121,94.0787663217726,94.0787663217726,94.0787669582161,94.08,94.0798877811005,94.0783569335938,94.0784643589852
976.55,94.09854396,94.0795161235668,94.0787547012943,94.0787547012943,94.0787553494071,94.08,94.0798895734814,94.0783325195312,94.0784323798282
976.6,94.09854396,94.0795162642216,94.078743080816,94.078743080816,94.0787437405982,94.08,94.0798913658623,94.0783081054688,94.0784004006711
976.65,94.09854396,94.0795164048764,94.0787314603377,94.0787314603377,94.0787321317892,94.08,94.0798931582431,94.0782836914063,94.0783684215141
976.7,94.09854396,94.0795165455311,94.0787198398594,94.0787198398594,94.0787205229803,94.08,94.079894950624,94.0782592773437,94.0783364423571
976.75,94.09854396,94.0795166861859,94.0787082193811,94.0787082193811,94.0787089141713,94.08,94.0798967430048,94.0782348632813,94.0783044632001
976.8,94.09854396,94.0795168268406,94.0786965989028,94.0786965989028,94.0786973053624,94.08,94.0798985353857,94.0782104492187,94.0782724840431
976.85,94.09854396,94.0795169674954,94.0786849784245,94.0786849784245,94.0786856965534,94.08,94.0799003277666,94.0781860351562,94.078240504886
976.9,94.09854396,94.0795171081501,94.0786733579462,94.0786733579462,94.0786740877444,94.08,94.0799021201474,94.0781616210938,94.078208525729
976.95,94.09854396,94.0795172488049,94.0786617374679,94.0786617374679,94.0786624789355,94.08,94.0799039125283,94.0781372070312,94.078176546572
977,94.09854396,94.0795173894596,94.0786501169896,94.0786501169896,94.0786508701265,94.08,94.0799057049091,94.078125,94.0781567744462
977.05,94.09854396,94.0795175301144,94.0786384965113,94.0786384965113,94.0786392613176,94.08,94.07990749729,94.078125,94.0781492093517
977.1,94.09854396,94.0795176707691,94.078626876033,94.078626876033,94.0786276525086,94.08,94.0799092896709,94.078125,94.0781416442572
977.15,94.09854396,94.0795178114239,94.0786152555547,94.0786152555547,94.0786160436997,94.08,94.0799110820517,94.078125,94.0781340791627
977.2,94.09854396,94.0795179520786,94.0786036350764,94.0786036350764,94.0786044348907,94.08,94.0799128744326,94.078125,94.0781265140681
977.25,94.09854396,94.0795180927334,94.0785920145981,94.0785920145981,94.0785928260818,94.08,94.0799146668134,94.078125,94.0781189489736
977.3,94.09854396,94.0795182333882,94.0785803941198,94.0785803941198,94.0785812172728,94.08,94.0799164591943,94.078125,94.0781113838791
977.35,94.09854396,94.0795183740429,94.0785687736415,94.0785687736415,94.0785696084639,94.08,94.0799182515752,94.078125,94.0781038187846
977.4,94.09854396,94.0795185146977,94.0785571531632,94.0785571531632,94.0785579996549,94.08,94.079920043956,94.078125,94.07809625369
977.45,94.09854396,94.0795186553524,94.0785455326849,94.0785455326849,94.0785463908459,94.08,94.0799218363369,94.078125,94.0780886885955
977.5,94.09854396,94.0795187960072,94.0785339122066,94.0785339122066,94.078534782037,94.08,94.0799236287178,94.078125,94.078081123501
977.55,94.09854396,94.0795189366619,94.0785222917283,94.0785222917283,94.078523173228,94.08,94.0799254210986,94.078125,94.0780735584065
977.6,94.09854396,94.0795190773167,94.07851067125,94.07851067125,94.0785115644191,94.08,94.0799272134795,94.078125,94.078065993312
977.65,94.09854396,94.0795192179714,94.0784990507717,94.0784990507717,94.0784999556101,94.08,94.0799290058603,94.078125,94.0780584282174
977.7,94.09854396,94.0795193586262,94.0784874302934,94.0784874302934,94.0784883468012,94.08,94.0799307982412,94.078125,94.0780508631229
977.75,94.09854396,94.0795194992809,94.0784758098151,94.0784758098151,94.0784767379922,94.08,94.0799325906221,94.078125,94.0780432980284
977.8,94.09854396,94.0795196399357,94.0784641893368,94.0784641893368,94.0784651291832,94.08,94.0799343830029,94.078125,94.0780357329339
977.85,94.09854396,94.0795197805904,94.0784525688585,94.0784525688585,94.0784535203743,94.08,94.0799361753838,94.078125,94.0780281678394
977.9,94.09854396,94.0795199212452,94.0784409483802,94.0784409483802,94.0784419115653,94.08,94.0799379677646,94.078125,94.0780206027448
977.95,94.09854396,94.0795200619,94.0784293279019,94.0784293279019,94.0784303027564,94.08,94.0799397601455,94.078125,94.0780130376503
978,94.09854396,94.0795202025547,94.0784177074236,94.0784177074236,94.0784186939474,94.08,94.0799415525263,94.078125,94.0780054725558
978.05,94.09854396,94.0795203432095,94.0784060869453,94.0784060869453,94.0784070851385,94.08,94.0799433449072,94.078125,94.0779979074613
978.1,94.09854396,94.0795204838642,94.078394466467,94.078394466467,94.0783954763295,94.08,94.0799451372881,94.078125,94.0779903423667
978.15,94.09854396,94.079520624519,94.0783828459887,94.0783828459887,94.0783838675206,94.08,94.0799469296689,94.078125,94.0779827772722
978.2,94.09854396,94.0795207651737,94.0783712255105,94.0783712255105,94.0783722587116,94.08,94.0799487220498,94.078125,94.0779752121777
978.25,94.09854396,94.0795209058285,94.0783596050321,94.0783596050321,94.0783606499026,94.08,94.0799505144306,94.078125,94.0779676470832
978.3,94.09854396,94.0795210464832,94.0783479845538,94.0783479845538,94.0783490410937,94.08,94.0799523068115,94.078125,94.0779600819887
978.35,94.09854396,94.079521187138,94.0783363640756,94.0783363640756,94.0783374322847,94.08,94.0799540991924,94.078125,94.0779525168941
978.4,94.09854396,94.0795213277927,94.0783247435972,94.0783247435972,94.0783258234758,94.08,94.0799558915732,94.078125,94.0779449517996
978.45,94.09854396,94.0795214684475,94.078313123119,94.078313123119,94.0783142146668,94.08,94.0799576839541,94.078125,94.0779373867051
978.5,94.09854396,94.0795216091022,94.0783015026407,94.0783015026407,94.0783026058579,94.08,94.079959476335,94.078125,94.0779298216106
978.55,94.09854396,94.079521749757,94.0782898821624,94.0782898821624,94.0782909970489,94.08,94.0799612687158,94.078125,94.0779222565161
978.6,94.09854396,94.0795218904118,94.0782782616841,94.0782782616841,94.07827938824,94.08,94.0799630610967,94.078125,94.0779146914215
978.65,94.09854396,94.0795220310665,94.0782666412058,94.0782666412058,94.078267779431,94.08,94.0799648534775,94.078125,94.077907126327
978.7,94.09854396,94.0795221717213,94.0782550207275,94.0782550207275,94.0782561706221,94.08,94.0799666458584,94.078125,94.0778995612325
978.75,94.09854396,94.079522312376,94.0782434002492,94.0782434002492,94.0782445618131,94.08,94.0799684382393,94.078125,94.077891996138
978.8,94.09854396,94.0795224530308,94.0782317797709,94.0782317797709,94.0782329530041,94.08,94.0799702306201,94.078125,94.0778844310434
978.85,94.09854396,94.0795225936855,94.0782201592926,94.0782201592926,94.0782213441952,94.08,94.079972023001,94.078125,94.0778768659489
978.9,94.09854396,94.0795227343403,94.0782085388143,94.0782085388143,94.0782097353862,94.08,94.0799738153818,94.078125,94.0778693008544
978.95,94.09854396,94.079522874995,94.078196918336,94.078196918336,94.0781981265773,94.08,94.0799756077627,94.078125,94.0778617357599
979,94.09854396,94.0795230156498,94.0781852978577,94.0781852978577,94.0781865177683,94.07995,94.0799274001436,94.078125,94.0778541706654
979.05,94.09854396,94.0795231563045,94.0781736773794,94.0781736773794,94.0781749089594,94.07985,94.0798291925244,94.078125,94.0778466055708
979.1,94.09854396,94.0795232969593,94.0781620569011,94.0781620569011,94.0781633001504,94.07975,94.0797309849053,94.078125,94.0778390404763
979.15,94.09854396,94.079523437614,94.0781504364228,94.0781504364228,94.0781516913414,94.07965,94.0796327772862,94.078125,94.0778314753818
979.2,94.09854396,94.0795235782688,94.0781388159445,94.0781388159445,94.0781400825325,94.07955,94.079534569667,94.078125,94.0778239102873
979.25,94.09854396,94.0795237189236,94.0781271954662,94.0781271954662,94.0781284737235,94.07945,94.0794363620479,94.078125,94.0778163451928
979.3,94.09854396,94.0795238595783,94.0781155749879,94.0781155749879,94.0781168649146,94.07935,94.0793381544287,94.078125,94.0778087800982
979.35,94.09854396,94.0795240002331,94.0781039545096,94.0781039545096,94.0781052561056,94.07925,94.0792399468096,94.078125,94.0778012150037
979.4,94.09854396,94.0795241408878,94.0780923340313,94.0780923340313,94.0780936472967,94.07915,94.0791417391904,94.078125,94.0777936499092
979.45,94.09854396,94.0795242815426,94.078080713553,94.078080713553,94.0780820384877,94.07905,94.0790435315713,94.078125,94.0777860848147
979.5,94.09854396,94.0795244221973,94.0780690930747,94.0780690930747,94.0780704296788,94.07895,94.0789453239522,94.078125,94.0777785197201
979.55,94.09854396,94.0795245628521,94.0780574725964,94.0780574725964,94.0780588208698,94.07885,94.078847116333,94.078125,94.0777709546256
979.6,94.09854396,94.0795247035068,94.0780458521181,94.0780458521181,94.0780472120609,94.07875,94.0787489087139,94.078125,94.0777633895311
979.65,94.09854396,94.0795248441616,94.0780342316398,94.0780342316398,94.0780356032519,94.07865,94.0786507010947,94.078125,94.0777558244366
979.7,94.09854396,94.0795249848163,94.0780226111615,94.0780226111615,94.0780239944429,94.07855,94.0785524934756,94.078125,94.0777482593421
979.75,94.09854396,94.0795251254711,94.0780109906832,94.0780109906832,94.078012385634,94.07845,94.0784542858565,94.078125,94.0777406942475
979.8,94.09854396,94.0795252661258,94.0779993702049,94.0779993702049,94.078000776825,94.07835,94.0783560782373,94.078125,94.077733129153
979.85,94.09854396,94.0795254067806,94.0779877497266,94.0779877497266,94.0779891680161,94.07825,94.0782578706182,94.078125,94.0777255640585
979.9,94.09854396,94.0795255474354,94.0779761292483,94.0779761292483,94.0779775592071,94.07815,94.0781596629991,94.078125,94.077717998964
979.95,94.09854396,94.0795256880901,94.07796450877,94.07796450877,94.0779659503982,94.07805,94.0780614553799,94.078125,94.0777104338695
980,94.09854396,94.0795258287448,94.0779528882917,94.0779528882917,94.0779543415892,94.078,94.0780132477608,94.078125,94.0777028687749
980.05,94.09854396,94.0795303677192,94.0779703683153,94.0779703683153,94.0779718086279,94.078,94.0780166739551,94.078125,94.077708999226
980.1,94.09854396,94.0795349066936,94.0779878483389,94.0779878483389,94.0779892756666,94.078,94.0780201001495,94.078125,94.0777151296772
980.15,94.09854396,94.079539445668,94.0780053283625,94.0780053283625,94.0780067427053,94.078,94.0780235263439,94.078125,94.0777212601283
980.2,94.09854396,94.0795439846424,94.0780228083861,94.0780228083861,94.078024209744,94.078,94.0780269525383,94.078125,94.0777273905794
980.25,94.09854396,94.0795485236168,94.0780402884097,94.0780402884097,94.0780416767827,94.078,94.0780303787326,94.078125,94.0777335210305
980.3,94.09854396,94.0795530625911,94.0780577684333,94.0780577684333,94.0780591438214,94.078,94.078033804927,94.078125,94.0777396514817
980.35,94.09854396,94.0795576015655,94.0780752484569,94.0780752484569,94.0780766108602,94.078,94.0780372311214,94.078125,94.0777457819328
980.4,94.09854396,94.0795621405399,94.0780927284805,94.0780927284805,94.0780940778989,94.078,94.0780406573157,94.078125,94.0777519123839
980.45,94.09854396,94.0795666795143,94.078110208504,94.078110208504,94.0781115449376,94.078,94.0780440835101,94.078125,94.077758042835
980.5,94.09854396,94.0795712184887,94.0781276885276,94.0781276885276,94.0781290119763,94.078,94.0780475097045,94.078125,94.0777641732861
980.55,94.09854396,94.079575757463,94.0781451685512,94.0781451685512,94.078146479015,94.078,94.0780509358988,94.078125,94.0777703037372
980.6,94.09854396,94.0795802964374,94.0781626485748,94.0781626485748,94.0781639460537,94.078,94.0780543620932,94.078125,94.0777764341884
980.65,94.09854396,94.0795848354118,94.0781801285984,94.0781801285984,94.0781814130924,94.078,94.0780577882876,94.078125,94.0777825646395
980.7,94.09854396,94.0795893743862,94.078197608622,94.078197608622,94.0781988801311,94.078,94.0780612144819,94.078125,94.0777886950906
980.75,94.09854396,94.0795939133606,94.0782150886456,94.0782150886456,94.0782163471698,94.078,94.0780646406763,94.078125,94.0777948255417
980.8,94.09854396,94.0795984523349,94.0782325686692,94.0782325686692,94.0782338142085,94.078,94.0780680668707,94.078125,94.0778009559928
980.85,94.09854396,94.0796029913093,94.0782500486928,94.0782500486928,94.0782512812472,94.078,94.0780714930651,94.078125,94.077807086444
980.9,94.09854396,94.0796075302837,94.0782675287164,94.0782675287164,94.0782687482859,94.078,94.0780749192594,94.078125,94.0778132168951
980.95,94.09854396,94.0796120692581,94.07828500874,94.07828500874,94.0782862153246,94.078,94.0780783454538,94.078125,94.0778193473462
981,94.09854396,94.0796166082325,94.0783024887636,94.0783024887636,94.0783036823633,94.078,94.0780817716482,94.078125,94.0778254777973
981.05,94.09854396,94.0796211472069,94.0783199687871,94.0783199687871,94.078321149402,94.078,94.0780851978425,94.078125,94.0778316082484
981.1,94.09854396,94.0796256861812,94.0783374488107,94.0783374488107,94.0783386164407,94.078,94.0780886240369,94.078125,94.0778377386996
981.15,94.09854396,94.0796302251556,94.0783549288343,94.0783549288343,94.0783560834794,94.078,94.0780920502313,94.078125,94.0778438691507
981.2,94.09854396,94.07963476413,94.0783724088579,94.0783724088579,94.0783735505182,94.078,94.0780954764257,94.078125,94.0778499996018
981.25,94.09854396,94.0796393031044,94.0783898888815,94.0783898888815,94.0783910175569,94.078,94.07809890262,94.078125,94.0778561300529
981.3,94.09854396,94.0796438420788,94.0784073689051,94.0784073689051,94.0784084845956,94.078,94.0781023288144,94.078125,94.077862260504
981.35,94.09854396,94.0796483810531,94.0784248489287,94.0784248489287,94.0784259516343,94.078,94.0781057550088,94.078125,94.0778683909552
981.4,94.09854396,94.0796529200275,94.0784423289523,94.0784423289523,94.078443418673,94.078,94.0781091812031,94.078125,94.0778745214063
981.45,94.09854396,94.0796574590019,94.0784598089759,94.0784598089759,94.0784608857117,94.078,94.0781126073975,94.078125,94.0778806518574
981.5,94.09854396,94.0796619979763,94.0784772889995,94.0784772889995,94.0784783527504,94.078,94.0781160335919,94.078125,94.0778867823085
981.55,94.09854396,94.0796665369507,94.0784947690231,94.0784947690231,94.0784958197891,94.078,94.0781194597863,94.078125,94.0778929127596
981.6,94.09854396,94.079671075925,94.0785122490467,94.0785122490467,94.0785132868278,94.078,94.0781228859806,94.078125,94.0778990432107
981.65,94.09854396,94.0796756148994,94.0785297290702,94.0785297290702,94.0785307538665,94.078,94.078126312175,94.078125,94.0779051736619
981.7,94.09854396,94.0796801538738,94.0785472090938,94.0785472090938,94.0785482209052,94.078,94.0781297383694,94.078125,94.077911304113
981.75,94.09854396,94.0796846928482,94.0785646891174,94.0785646891174,94.0785656879439,94.078,94.0781331645637,94.078125,94.0779174345641
981.8,94.09854396,94.0796892318226,94.078582169141,94.078582169141,94.0785831549826,94.078,94.0781365907581,94.078125,94.0779235650152
981.85,94.09854396,94.079693770797,94.0785996491646,94.0785996491646,94.0786006220213,94.078,94.0781400169525,94.078125,94.0779296954664
981.9,94.09854396,94.0796983097713,94.0786171291882,94.0786171291882,94.07861808906,94.078,94.0781434431468,94.078125,94.0779358259175
981.95,94.09854396,94.0797028487457,94.0786346092118,94.0786346092118,94.0786355560987,94.078,94.0781468693412,94.078125,94.0779419563686
982,94.09854396,94.0797073877201,94.0786520892354,94.0786520892354,94.0786530231374,94.07805,94.0782002955356,94.078125,94.0779480868197
982.05,94.09854396,94.0797119266945,94.078669569259,94.078669569259,94.0786704901762,94.07815,94.07830372173,94.078125,94.0779542172708
982.1,94.09854396,94.0797164656689,94.0786870492826,94.0786870492826,94.0786879572149,94.07825,94.0784071479243,94.078125,94.0779603477219
982.15,94.09854396,94.0797210046432,94.0787045293062,94.0787045293062,94.0787054242536,94.07835,94.0785105741187,94.078125,94.0779664781731
982.2,94.09854396,94.0797255436176,94.0787220093298,94.0787220093298,94.0787228912923,94.07845,94.0786140003131,94.078125,94.0779726086242
982.25,94.09854396,94.079730082592,94.0787394893533,94.0787394893533,94.078740358331,94.07855,94.0787174265074,94.078125,94.0779787390753
982.3,94.09854396,94.0797346215664,94.0787569693769,94.0787569693769,94.0787578253697,94.07865,94.0788208527018,94.078125,94.0779848695264
982.35,94.09854396,94.0797391605408,94.0787744494005,94.0787744494005,94.0787752924084,94.07875,94.0789242788962,94.078125,94.0779909999775
982.4,94.09854396,94.0797436995151,94.0787919294241,94.0787919294241,94.0787927594471,94.07885,94.0790277050905,94.078125,94.0779971304287
982.45,94.09854396,94.0797482384895,94.0788094094477,94.0788094094477,94.0788102264858,94.07895,94.0791311312849,94.078125,94.0780032608798
982.5,94.09854396,94.0797527774639,94.0788268894713,94.0788268894713,94.0788276935245,94.07905,94.0792345574793,94.078125,94.0780093913309
982.55,94.09854396,94.0797573164383,94.0788443694949,94.0788443694949,94.0788451605632,94.07915,94.0793379836737,94.078125,94.078015521782
982.6,94.09854396,94.0797618554127,94.0788618495185,94.0788618495185,94.0788626276019,94.07925,94.079441409868,94.078125,94.0780216522331
982.65,94.09854396,94.079766394387,94.0788793295421,94.0788793295421,94.0788800946406,94.07935,94.0795448360624,94.078125,94.0780277826843
982.7,94.09854396,94.0797709333614,94.0788968095657,94.0788968095657,94.0788975616793,94.07945,94.0796482622568,94.078125,94.0780339131354
982.75,94.09854396,94.0797754723358,94.0789142895893,94.0789142895893,94.078915028718,94.07955,94.0797516884511,94.078125,94.0780400435865
982.8,94.09854396,94.0797800113102,94.0789317696129,94.0789317696129,94.0789324957567,94.07965,94.0798551146455,94.078125,94.0780461740376
982.85,94.09854396,94.0797845502846,94.0789492496364,94.0789492496364,94.0789499627954,94.07975,94.0799585408399,94.078125,94.0780523044887
982.9,94.09854396,94.079789089259,94.07896672966,94.07896672966,94.0789674298342,94.07985,94.0800619670342,94.078125,94.0780584349399
982.95,94.09854396,94.0797936282333,94.0789842096836,94.0789842096836,94.0789848968729,94.07995,94.0801653932286,94.078125,94.078064565391
983,94.09854396,94.0797981672077,94.0790016897072,94.0790016897072,94.0790023639116,94.08,94.080218819423,94.078125,94.0780706958421
983.05,94.09854396,94.0798027061821,94.0790191697308,94.0790191697308,94.0790198309503,94.08,94.0802222456173,94.078125,94.0780768262932
983.1,94.09854396,94.0798072451565,94.0790366497544,94.0790366497544,94.079037297989,94.08,94.0802256718117,94.078125,94.0780829567443
983.15,94.09854396,94.0798117841309,94.079054129778,94.079054129778,94.0790547650277,94.08,94.0802290980061,94.078125,94.0780890871955
983.2,94.09854396,94.0798163231052,94.0790716098016,94.0790716098016,94.0790722320664,94.08,94.0802325242005,94.078125,94.0780952176466
983.25,94.09854396,94.0798208620796,94.0790890898252,94.0790890898252,94.0790896991051,94.08,94.0802359503948,94.078125,94.0781013480977
983.3,94.09854396,94.079825401054,94.0791065698488,94.0791065698488,94.0791071661438,94.08,94.0802393765892,94.078125,94.0781074785488
983.35,94.09854396,94.0798299400284,94.0791240498724,94.0791240498724,94.0791246331825,94.08,94.0802428027836,94.078125,94.0781136089999
983.4,94.09854396,94.0798344790028,94.0791415298959,94.0791415298959,94.0791421002212,94.08,94.0802462289779,94.078125,94.0781197394511
983.45,94.09854396,94.0798390179771,94.0791590099195,94.0791590099195,94.0791595672599,94.08,94.0802496551723,94.078125,94.0781258699022
983.5,94.09854396,94.0798435569515,94.0791764899431,94.0791764899431,94.0791770342986,94.08,94.0802530813667,94.078125,94.0781320003533
983.55,94.09854396,94.0798480959259,94.0791939699667,94.0791939699667,94.0791945013373,94.08,94.080256507561,94.078125,94.0781381308044
983.6,94.09854396,94.0798526349003,94.0792114499903,94.0792114499903,94.079211968376,94.08,94.0802599337554,94.078125,94.0781442612555
983.65,94.09854396,94.0798571738747,94.0792289300139,94.0792289300139,94.0792294354147,94.08,94.0802633599498,94.078125,94.0781503917066
983.7,94.09854396,94.079861712849,94.0792464100375,94.0792464100375,94.0792469024534,94.08,94.0802667861442,94.078125,94.0781565221578
983.75,94.09854396,94.0798662518234,94.0792638900611,94.0792638900611,94.0792643694922,94.08,94.0802702123385,94.078125,94.0781626526089
983.8,94.09854396,94.0798707907978,94.0792813700847,94.0792813700847,94.0792818365309,94.08,94.0802736385329,94.078125,94.07816878306
983.85,94.09854396,94.0798753297722,94.0792988501083,94.0792988501083,94.0792993035696,94.08,94.0802770647273,94.078125,94.0781749135111
983.9,94.09854396,94.0798798687466,94.0793163301319,94.0793163301319,94.0793167706083,94.08,94.0802804909216,94.078125,94.0781810439622
983.95,94.09854396,94.0798844077209,94.0793338101555,94.0793338101555,94.079334237647,94.08,94.080283917116,94.078125,94.0781871744134
984,94.09854396,94.0798889466953,94.079351290179,94.079351290179,94.0793517046857,94.08,94.0802873433104,94.078125,94.0781933048645
984.05,94.09854396,94.0798934856697,94.0793687702026,94.0793687702026,94.0793691717244,94.08,94.0802907695048,94.078125,94.0781994353156
984.1,94.09854396,94.0798980246441,94.0793862502262,94.0793862502262,94.0793866387631,94.08,94.0802941956991,94.078125,94.0782055657667
984.15,94.09854396,94.0799025636185,94.0794037302498,94.0794037302498,94.0794041058018,94.08,94.0802976218935,94.078125,94.0782116962178
984.2,94.09854396,94.0799071025929,94.0794212102734,94.0794212102734,94.0794215728405,94.08,94.0803010480879,94.078125,94.078217826669
984.25,94.09854396,94.0799116415672,94.079438690297,94.079438690297,94.0794390398792,94.08,94.0803044742822,94.078125,94.0782239571201
984.3,94.09854396,94.0799161805416,94.0794561703206,94.0794561703206,94.0794565069179,94.08,94.0803079004766,94.078125,94.0782300875712
984.35,94.09854396,94.079920719516,94.0794736503442,94.0794736503442,94.0794739739566,94.08,94.080311326671,94.078125,94.0782362180223
984.4,94.09854396,94.0799252584904,94.0794911303678,94.0794911303678,94.0794914409953,94.08,94.0803147528653,94.078125,94.0782423484734
984.45,94.09854396,94.0799297974648,94.0795086103914,94.0795086103914,94.079508908034,94.08,94.0803181790597,94.078125,94.0782484789246
984.5,94.09854396,94.0799343364391,94.079526090415,94.079526090415,94.0795263750727,94.08,94.0803216052541,94.078125,94.0782546093757
984.55,94.09854396,94.0799388754135,94.0795435704386,94.0795435704386,94.0795438421114,94.08,94.0803250314485,94.078125,94.0782607398268
984.6,94.09854396,94.0799434143879,94.0795610504621,94.0795610504621,94.0795613091502,94.08,94.0803284576428,94.078125,94.0782668702779
984.65,94.09854396,94.0799479533623,94.0795785304857,94.0795785304857,94.0795787761889,94.08,94.0803318838372,94.078125,94.078273000729
984.7,94.09854396,94.0799524923367,94.0795960105093,94.0795960105093,94.0795962432276,94.08,94.0803353100316,94.078125,94.0782791311802
984.75,94.09854396,94.079957031311,94.0796134905329,94.0796134905329,94.0796137102663,94.08,94.0803387362259,94.078125,94.0782852616313
984.8,94.09854396,94.0799615702854,94.0796309705565,94.0796309705565,94.079631177305,94.08,94.0803421624203,94.078125,94.0782913920824
984.85,94.09854396,94.0799661092598,94.0796484505801,94.0796484505801,94.0796486443437,94.08,94.0803455886147,94.078125,94.0782975225335
984.9,94.09854396,94.0799706482342,94.0796659306037,94.0796659306037,94.0796661113824,94.08,94.080349014809,94.078125,94.0783036529846
984.95,94.09854396,94.0799751872086,94.0796834106273,94.0796834106273,94.0796835784211,94.08,94.0803524410034,94.078125,94.0783097834358
985,94.09854396,94.0799797261829,94.0797008906509,94.0797008906509,94.0797010454598,94.08,94.0803558671978,94.0781372070312,94.0783281209181
985.05,94.09854396,94.0799842651573,94.0797183706745,94.0797183706745,94.0797185124985,94.08,94.0803592933921,94.0781616210938,94.0783586654317
985.1,94.09854396,94.0799888041317,94.0797358506981,94.0797358506981,94.0797359795372,94.08,94.0803627195865,94.0781860351562,94.0783892099454
985.15,94.09854396,94.0799933431061,94.0797533307217,94.0797533307217,94.0797534465759,94.08,94.0803661457809,94.0782104492187,94.078419754459
985.2,94.09854396,94.0799978820805,94.0797708107452,94.0797708107452,94.0797709136146,94.08,94.0803695719753,94.0782348632813,94.0784502989726
985.25,94.09854396,94.0800024210548,94.0797882907688,94.0797882907688,94.0797883806533,94.08,94.0803729981696,94.0782592773437,94.0784808434862
985.3,94.09854396,94.0800069600292,94.0798057707924,94.0798057707924,94.079805847692,94.08,94.080376424364,94.0782836914063,94.0785113879998
985.35,94.09854396,94.0800114990036,94.079823250816,94.079823250816,94.0798233147307,94.08,94.0803798505584,94.0783081054688,94.0785419325135
985.4,94.09854396,94.080016037978,94.0798407308396,94.0798407308396,94.0798407817694,94.08,94.0803832767527,94.0783325195312,94.0785724770271
985.45,94.09854396,94.0800205769524,94.0798582108632,94.0798582108632,94.0798582488082,94.08,94.0803867029471,94.0783569335938,94.0786030215407
985.5,94.09854396,94.0800251159268,94.0798756908868,94.0798756908868,94.0798757158469,94.08,94.0803901291415,94.0783813476562,94.0786335660543
985.55,94.09854396,94.0800296549011,94.0798931709104,94.0798931709104,94.0798931828856,94.08,94.0803935553359,94.0784057617188,94.0786641105679
985.6,94.09854396,94.0800341938755,94.079910650934,94.079910650934,94.0799106499243,94.08,94.0803969815302,94.0784301757812,94.0786946550815
985.65,94.09854396,94.0800387328499,94.0799281309576,94.0799281309576,94.079928116963,94.08,94.0804004077246,94.0784545898437,94.0787251995952
985.7,94.09854396,94.0800432718243,94.0799456109812,94.0799456109812,94.0799455840017,94.08,94.080403833919,94.0784790039063,94.0787557441088
985.75,94.09854396,94.0800478107987,94.0799630910048,94.0799630910048,94.0799630510404,94.08,94.0804072601133,94.0785034179687,94.0787862886224
985.8,94.09854396,94.080052349773,94.0799805710283,94.0799805710283,94.0799805180791,94.08,94.0804106863077,94.0785278320313,94.078816833136
985.85,94.09854396,94.0800568887474,94.0799980510519,94.0799980510519,94.0799979851178,94.08,94.0804141125021,94.0785522460938,94.0788473776497
985.9,94.09854396,94.0800614277218,94.0800155310755,94.0800155310755,94.0800154521565,94.08,94.0804175386965,94.0785766601562,94.0788779221633
985.95,94.09854396,94.0800659666962,94.0800330110991,94.0800330110991,94.0800329191952,94.08,94.0804209648908,94.0786010742188,94.0789084666769
986,94.09854396,94.0800705056706,94.0800504911227,94.0800504911227,94.0800503862339,94.079875,94.0802993910852,94.0786254882812,94.0789390111905
986.05,94.09854396,94.0800750446449,94.0800679711463,94.0800679711463,94.0800678532726,94.079625,94.0800528172796,94.0786499023438,94.0789695557041
986.1,94.09854396,94.0800795836193,94.0800854511699,94.0800854511699,94.0800853203113,94.079375,94.0798062434739,94.0786743164062,94.0790001002177
986.15,94.09854396,94.0800841225937,94.0801029311935,94.0801029311935,94.08010278735,94.079125,94.0795596696683,94.0786987304687,94.0790306447314
986.2,94.09854396,94.0800886615681,94.0801204112171,94.0801204112171,94.0801202543887,94.078875,94.0793130958627,94.0787231445313,94.079061189245
986.25,94.09854396,94.0800932005425,94.0801378912407,94.0801378912407,94.0801377214274,94.078625,94.079066522057,94.0787475585937,94.0790917337586
986.3,94.09854396,94.0800977395168,94.0801553712643,94.0801553712643,94.0801551884662,94.078375,94.0788199482514,94.0787719726563,94.0791222782722
986.35,94.09854396,94.0801022784912,94.0801728512879,94.0801728512879,94.0801726555049,94.078125,94.0785733744458,94.0787963867188,94.0791528227858
986.4,94.09854396,94.0801068174656,94.0801903313114,94.0801903313114,94.0801901225436,94.077875,94.0783268006401,94.0788208007812,94.0791833672995
986.45,94.09854396,94.08011135644,94.080207811335,94.080207811335,94.0802075895823,94.077625,94.0780802268345,94.0788452148438,94.0792139118131
986.5,94.09854396,94.0801158954144,94.0802252913586,94.0802252913586,94.080225056621,94.077375,94.0778336530289,94.0788696289062,94.0792444563267
986.55,94.09854396,94.0801204343887,94.0802427713822,94.0802427713822,94.0802425236597,94.077125,94.0775870792233,94.0788940429688,94.0792750008403
986.6,94.09854396,94.0801249733631,94.0802602514058,94.0802602514058,94.0802599906984,94.076875,94.0773405054176,94.0789184570312,94.0793055453539
986.65,94.09854396,94.0801295123375,94.0802777314294,94.0802777314294,94.0802774577371,94.076625,94.077093931612,94.0789428710937,94.0793360898676
986.7,94.09854396,94.0801340513119,94.080295211453,94.080295211453,94.0802949247758,94.076375,94.0768473578064,94.0789672851563,94.0793666343812
986.75,94.09854396,94.0801385902863,94.0803126914766,94.0803126914766,94.0803123918145,94.076125,94.0766007840007,94.0789916992187,94.0793971788948
986.8,94.09854396,94.0801431292606,94.0803301715002,94.0803301715002,94.0803298588532,94.075875,94.0763542101951,94.0790161132813,94.0794277234084
986.85,94.09854396,94.080147668235,94.0803476515238,94.0803476515238,94.0803473258919,94.075625,94.0761076363895,94.0790405273438,94.079458267922
986.9,94.09854396,94.0801522072094,94.0803651315474,94.0803651315474,94.0803647929306,94.075375,94.0758610625839,94.0790649414062,94.0794888124357
986.95,94.09854396,94.0801567461838,94.080382611571,94.080382611571,94.0803822599693,94.075125,94.0756144887782,94.0790893554688,94.0795193569493
987,94.09854396,94.0801612851582,94.0804000915945,94.0804000915945,94.080399727008,94.075,94.0754929149726,94.0791137695312,94.0795499014629
987.05,94.09854396,94.0801658241326,94.0804175716181,94.0804175716181,94.0804171940467,94.075,94.075496341167,94.0791381835938,94.0795804459765
987.1,94.09854396,94.0801703631069,94.0804350516417,94.0804350516417,94.0804346610854,94.075,94.0754997673613,94.0791625976562,94.0796109904901
987.15,94.09854396,94.0801749020813,94.0804525316653,94.0804525316653,94.0804521281242,94.075,94.0755031935557,94.0791870117187,94.0796415350038
987.2,94.09854396,94.0801794410557,94.0804700116889,94.0804700116889,94.0804695951629,94.075,94.0755066197501,94.0792114257813,94.0796720795174
987.25,94.09854396,94.0801839800301,94.0804874917125,94.0804874917125,94.0804870622016,94.075,94.0755100459444,94.0792358398437,94.079702624031
987.3,94.09854396,94.0801885190045,94.0805049717361,94.0805049717361,94.0805045292403,94.075,94.0755134721388,94.0792602539063,94.0797331685446
987.35,94.09854396,94.0801930579788,94.0805224517597,94.0805224517597,94.080521996279,94.075,94.0755168983332,94.0792846679688,94.0797637130582
987.4,94.09854396,94.0801975969532,94.0805399317833,94.0805399317833,94.0805394633177,94.075,94.0755203245275,94.0793090820312,94.0797942575718
987.45,94.09854396,94.0802021359276,94.0805574118069,94.0805574118069,94.0805569303564,94.075,94.0755237507219,94.0793334960938,94.0798248020855
987.5,94.09854396,94.080206674902,94.0805748918305,94.0805748918305,94.0805743973951,94.075,94.0755271769163,94.0793579101562,94.0798553465991
987.55,94.09854396,94.0802112138764,94.0805923718541,94.0805923718541,94.0805918644338,94.075,94.0755306031107,94.0793823242188,94.0798858911127
987.6,94.09854396,94.0802157528507,94.0806098518776,94.0806098518776,94.0806093314725,94.075,94.075534029305,94.0794067382812,94.0799164356263
987.65,94.09854396,94.0802202918251,94.0806273319012,94.0806273319012,94.0806267985112,94.075,94.0755374554994,94.0794311523437,94.07994698014
987.7,94.09854396,94.0802248307995,94.0806448119248,94.0806448119248,94.0806442655499,94.075,94.0755408816938,94.0794555664063,94.0799775246536
987.75,94.09854396,94.0802293697739,94.0806622919484,94.0806622919484,94.0806617325886,94.075,94.0755443078881,94.0794799804687,94.0800080691672
987.8,94.09854396,94.0802339087483,94.080679771972,94.080679771972,94.0806791996273,94.075,94.0755477340825,94.0795043945313,94.0800386136808
987.85,94.09854396,94.0802384477226,94.0806972519956,94.0806972519956,94.080696666666,94.075,94.0755511602769,94.0795288085938,94.0800691581944
987.9,94.09854396,94.080242986697,94.0807147320192,94.0807147320192,94.0807141337047,94.075,94.0755545864713,94.0795532226562,94.080099702708
987.95,94.09854396,94.0802475256714,94.0807322120428,94.0807322120428,94.0807316007434,94.075,94.0755580126656,94.0795776367188,94.0801302472217
988,94.09854396,94.0802520646458,94.0807496920664,94.0807496920664,94.0807490677822,94.075,94.07556143886,94.0796020507812,94.0801607917353
988.05,94.09854396,94.0802566036202,94.08076717209,94.08076717209,94.0807665348209,94.075,94.0755648650544,94.0796264648438,94.0801913362489
988.1,94.09854396,94.0802611425946,94.0807846521136,94.0807846521136,94.0807840018596,94.075,94.0755682912487,94.0796508789062,94.0802218807625
988.15,94.09854396,94.0802656815689,94.0808021321372,94.0808021321372,94.0808014688983,94.075,94.0755717174431,94.0796752929687,94.0802524252761
988.2,94.09854396,94.0802702205433,94.0808196121607,94.0808196121607,94.080818935937,94.075,94.0755751436375,94.0796997070313,94.0802829697898
988.25,94.09854396,94.0802747595177,94.0808370921843,94.0808370921843,94.0808364029757,94.075,94.0755785698318,94.0797241210937,94.0803135143034
988.3,94.09854396,94.0802792984921,94.0808545722079,94.0808545722079,94.0808538700144,94.075,94.0755819960262,94.0797485351563,94.080344058817
988.35,94.09854396,94.0802838374665,94.0808720522315,94.0808720522315,94.0808713370531,94.075,94.0755854222206,94.0797729492188,94.0803746033306
988.4,94.09854396,94.0802883764408,94.0808895322551,94.0808895322551,94.0808888040918,94.075,94.075588848415,94.0797973632812,94.0804051478442
988.45,94.09854396,94.0802929154152,94.0809070122787,94.0809070122787,94.0809062711305,94.075,94.0755922746093,94.0798217773438,94.0804356923579
988.5,94.09854396,94.0802974543896,94.0809244923023,94.0809244923023,94.0809237381692,94.075,94.0755957008037,94.0798461914062,94.0804662368715
988.55,94.09854396,94.080301993364,94.0809419723259,94.0809419723259,94.0809412052079,94.075,94.0755991269981,94.0798706054688,94.0804967813851
988.6,94.09854396,94.0803065323384,94.0809594523495,94.0809594523495,94.0809586722466,94.075,94.0756025531924,94.0798950195312,94.0805273258987
988.65,94.09854396,94.0803110713127,94.0809769323731,94.0809769323731,94.0809761392853,94.075,94.0756059793868,94.0799194335937,94.0805578704123
988.7,94.09854396,94.0803156102871,94.0809944123966,94.0809944123966,94.080993606324,94.075,94.0756094055812,94.0799438476563,94.080588414926
988.75,94.09854396,94.0803201492615,94.0810118924202,94.0810118924202,94.0810110733627,94.075,94.0756128317755,94.0799682617187,94.0806189594396
988.8,94.09854396,94.0803246882359,94.0810293724438,94.0810293724438,94.0810285404014,94.075,94.0756162579699,94.0799926757813,94.0806495039532
988.85,94.09854396,94.0803292272103,94.0810468524674,94.0810468524674,94.0810460074402,94.075,94.0756196841643,94.0800170898438,94.0806800484668
988.9,94.09854396,94.0803337661847,94.081064332491,94.081064332491,94.0810634744789,94.075,94.0756231103586,94.0800415039062,94.0807105929804
988.95,94.09854396,94.080338305159,94.0810818125146,94.0810818125146,94.0810809415176,94.075,94.075626536553,94.0800659179688,94.0807411374941
989,94.09854396,94.0803428441334,94.0810992925382,94.0810992925382,94.0810984085563,94.0751,94.0757299627474,94.0800903320312,94.0807716820077
989.05,94.09854396,94.0803473831078,94.0811167725618,94.0811167725618,94.081115875595,94.0753,94.0759333889418,94.0801147460938,94.0808022265213
989.1,94.09854396,94.0803519220822,94.0811342525854,94.0811342525854,94.0811333426337,94.0755,94.0761368151361,94.0801391601562,94.0808327710349
989.15,94.09854396,94.0803564610566,94.081151732609,94.081151732609,94.0811508096724,94.0757,94.0763402413305,94.0801635742187,94.0808633155485
989.2,94.09854396,94.0803610000309,94.0811692126326,94.0811692126326,94.0811682767111,94.0759,94.0765436675249,94.0801879882813,94.0808938600621
989.25,94.09854396,94.0803655390053,94.0811866926562,94.0811866926562,94.0811857437498,94.0761,94.0767470937192,94.0802124023437,94.0809244045758
989.3,94.09854396,94.0803700779797,94.0812041726797,94.0812041726797,94.0812032107885,94.0763,94.0769505199136,94.0802368164063,94.0809549490894
989.35,94.09854396,94.0803746169541,94.0812216527033,94.0812216527033,94.0812206778272,94.0765,94.077153946108,94.0802612304688,94.080985493603
989.4,94.09854396,94.0803791559285,94.0812391327269,94.0812391327269,94.0812381448659,94.0767,94.0773573723024,94.0802856445312,94.0810160381166
989.45,94.09854396,94.0803836949028,94.0812566127505,94.0812566127505,94.0812556119046,94.0769,94.0775607984967,94.0803100585938,94.0810465826303
989.5,94.09854396,94.0803882338772,94.0812740927741,94.0812740927741,94.0812730789433,94.0771,94.0777642246911,94.0803344726562,94.0810771271439
989.55,94.09854396,94.0803927728516,94.0812915727977,94.0812915727977,94.081290545982,94.0773,94.0779676508855,94.0803588867188,94.0811076716575
989.6,94.09854396,94.080397311826,94.0813090528213,94.0813090528213,94.0813080130207,94.0775,94.0781710770798,94.0803833007812,94.0811382161711
989.65,94.09854396,94.0804018508004,94.0813265328449,94.0813265328449,94.0813254800594,94.0777,94.0783745032742,94.0804077148437,94.0811687606847
989.7,94.09854396,94.0804063897748,94.0813440128685,94.0813440128685,94.0813429470982,94.0779,94.0785779294686,94.0804321289063,94.0811993051983
989.75,94.09854396,94.0804109287491,94.0813614928921,94.0813614928921,94.0813604141369,94.0781,94.0787813556629,94.0804565429687,94.081229849712
989.8,94.09854396,94.0804154677235,94.0813789729157,94.0813789729157,94.0813778811756,94.0783,94.0789847818573,94.0804809570313,94.0812603942256
989.85,94.09854396,94.0804200066979,94.0813964529393,94.0813964529393,94.0813953482143,94.0785,94.0791882080517,94.0805053710938,94.0812909387392
989.9,94.09854396,94.0804245456723,94.0814139329628,94.0814139329628,94.081412815253,94.0787,94.0793916342461,94.0805297851562,94.0813214832528
989.95,94.09854396,94.0804290846467,94.0814314129864,94.0814314129864,94.0814302822917,94.0789,94.0795950604404,94.0805541992188,94.0813520277664
990,94.09854396,94.080433623621,94.08144889301,94.08144889301,94.0814477493304,94.079125,94.0798234866348,94.0805786132812,94.0813825722801
990.05,94.09854396,94.0804357416905,94.0814524316995,94.0814524316995,94.0814513009935,94.079375,94.0800723102054,94.0806030273438,94.0814051672237
990.1,94.09854396,94.0804378597599,94.0814559703891,94.0814559703891,94.0814548526567,94.079625,94.0803211337759,94.0806274414062,94.0814277621674
990.15,94.09854396,94.0804399778293,94.0814595090786,94.0814595090786,94.0814584043198,94.079875,94.0805699573465,94.0806518554687,94.0814503571111
990.2,94.09854396,94.0804420958987,94.0814630477681,94.0814630477681,94.0814619559829,94.080125,94.0808187809171,94.0806762695313,94.0814729520548
990.25,94.09854396,94.0804442139681,94.0814665864576,94.0814665864576,94.081465507646,94.080375,94.0810676044876,94.0807006835937,94.0814955469985
990.3,94.09854396,94.0804463320375,94.0814701251471,94.0814701251471,94.0814690593092,94.080625,94.0813164280582,94.0807250976563,94.0815181419421
990.35,94.09854396,94.0804484501069,94.0814736638366,94.0814736638366,94.0814726109723,94.080875,94.0815652516287,94.0807495117188,94.0815407368858
990.4,94.09854396,94.0804505681763,94.0814772025262,94.0814772025262,94.0814761626354,94.081125,94.0818140751993,94.0807739257812,94.0815633318295
990.45,94.09854396,94.0804526862457,94.0814807412157,94.0814807412157,94.0814797142986,94.081375,94.0820628987699,94.0807983398438,94.0815859267732
990.5,94.09854396,94.0804548043152,94.0814842799052,94.0814842799052,94.0814832659617,94.081625,94.0823117223404,94.0808227539062,94.0816085217168
990.55,94.09854396,94.0804569223846,94.0814878185947,94.0814878185947,94.0814868176248,94.081875,94.082560545911,94.0808471679688,94.0816311166605
990.6,94.09854396,94.080459040454,94.0814913572842,94.0814913572842,94.0814903692879,94.082125,94.0828093694816,94.0808715820312,94.0816537116042
990.65,94.09854396,94.0804611585234,94.0814948959737,94.0814948959737,94.0814939209511,94.082375,94.0830581930521,94.0808959960937,94.0816763065479
990.7,94.09854396,94.0804632765928,94.0814984346633,94.0814984346633,94.0814974726142,94.082625,94.0833070166227,94.0809204101563,94.0816989014916
990.75,94.09854396,94.0804653946622,94.0815019733528,94.0815019733528,94.0815010242773,94.082875,94.0835558401933,94.0809448242187,94.0817214964353
990.8,94.09854396,94.0804675127316,94.0815055120423,94.0815055120423,94.0815045759405,94.083125,94.0838046637638,94.0809692382813,94.0817440913789
990.85,94.09854396,94.080469630801,94.0815090507318,94.0815090507318,94.0815081276036,94.083375,94.0840534873344,94.0809936523438,94.0817666863226
990.9,94.09854396,94.0804717488705,94.0815125894213,94.0815125894213,94.0815116792667,94.083625,94.084302310905,94.0810180664062,94.0817892812663
990.95,94.09854396,94.0804738669399,94.0815161281108,94.0815161281108,94.0815152309299,94.083875,94.0845511344755,94.0810424804688,94.08181187621
991,94.09854396,94.0804759850093,94.0815196668004,94.0815196668004,94.081518782593,94.084,94.0846749580461,94.0810668945312,94.0818344711536
991.05,94.09854396,94.0804781030787,94.0815232054899,94.0815232054899,94.0815223342561,94.084,94.0846737816167,94.0810913085938,94.0818570660973
991.1,94.09854396,94.0804802211481,94.0815267441794,94.0815267441794,94.0815258859192,94.084,94.0846726051872,94.0811157226562,94.081879661041
991.15,94.09854396,94.0804823392175,94.0815302828689,94.0815302828689,94.0815294375824,94.084,94.0846714287578,94.0811401367187,94.0819022559847
991.2,94.09854396,94.0804844572869,94.0815338215584,94.0815338215584,94.0815329892455,94.084,94.0846702523284,94.0811645507813,94.0819248509284
991.25,94.09854396,94.0804865753563,94.0815373602479,94.0815373602479,94.0815365409086,94.084,94.0846690758989,94.0811889648437,94.081947445872
991.3,94.09854396,94.0804886934258,94.0815408989375,94.0815408989375,94.0815400925718,94.084,94.0846678994695,94.0812133789063,94.0819700408157
991.35,94.09854396,94.0804908114952,94.081544437627,94.081544437627,94.0815436442349,94.084,94.08466672304,94.0812377929688,94.0819926357594
991.4,94.09854396,94.0804929295646,94.0815479763165,94.0815479763165,94.081547195898,94.084,94.0846655466106,94.0812622070312,94.0820152307031
991.45,94.09854396,94.080495047634,94.081551515006,94.081551515006,94.0815507475612,94.084,94.0846643701812,94.0812866210938,94.0820378256468
991.5,94.09854396,94.0804971657034,94.0815550536955,94.0815550536955,94.0815542992243,94.084,94.0846631937517,94.0813110351562,94.0820604205904
991.55,94.09854396,94.0804992837728,94.081558592385,94.081558592385,94.0815578508874,94.084,94.0846620173223,94.0813354492188,94.0820830155341
991.6,94.09854396,94.0805014018422,94.0815621310746,94.0815621310746,94.0815614025505,94.084,94.0846608408929,94.0813598632812,94.0821056104778
991.65,94.09854396,94.0805035199116,94.0815656697641,94.0815656697641,94.0815649542137,94.084,94.0846596644634,94.0813842773437,94.0821282054215
991.7,94.09854396,94.0805056379811,94.0815692084536,94.0815692084536,94.0815685058768,94.084,94.084658488034,94.0814086914063,94.0821508003652
991.75,94.09854396,94.0805077560505,94.0815727471431,94.0815727471431,94.0815720575399,94.084,94.0846573116046,94.0814331054687,94.0821733953088
991.8,94.09854396,94.0805098741199,94.0815762858326,94.0815762858326,94.0815756092031,94.084,94.0846561351751,94.0814575195313,94.0821959902525
991.85,94.09854396,94.0805119921893,94.0815798245221,94.0815798245221,94.0815791608662,94.084,94.0846549587457,94.0814819335938,94.0822185851962
991.9,94.09854396,94.0805141102587,94.0815833632116,94.0815833632116,94.0815827125293,94.084,94.0846537823163,94.0815063476562,94.0822411801399
991.95,94.09854396,94.0805162283281,94.0815869019012,94.0815869019012,94.0815862641925,94.084,94.0846526058868,94.0815307617188,94.0822637750835
992,94.09854396,94.0805183463975,94.0815904405907,94.0815904405907,94.0815898158556,94.084,94.0846514294574,94.0815551757812,94.0822863700272
992.05,94.09854396,94.0805204644669,94.0815939792802,94.0815939792802,94.0815933675187,94.084,94.0846502530279,94.0815795898438,94.0823089649709
992.1,94.09854396,94.0805225825364,94.0815975179697,94.0815975179697,94.0815969191818,94.084,94.0846490765985,94.0816040039062,94.0823315599146
992.15,94.09854396,94.0805247006058,94.0816010566592,94.0816010566592,94.081600470845,94.084,94.0846479001691,94.0816284179687,94.0823541548583
992.2,94.09854396,94.0805268186752,94.0816045953488,94.0816045953488,94.0816040225081,94.084,94.0846467237396,94.0816528320313,94.0823767498019
992.25,94.09854396,94.0805289367446,94.0816081340383,94.0816081340383,94.0816075741712,94.084,94.0846455473102,94.0816772460937,94.0823993447456
992.3,94.09854396,94.080531054814,94.0816116727278,94.0816116727278,94.0816111258344,94.084,94.0846443708808,94.0817016601563,94.0824219396893
992.35,94.09854396,94.0805331728834,94.0816152114173,94.0816152114173,94.0816146774975,94.084,94.0846431944513,94.0817260742188,94.082444534633
992.4,94.09854396,94.0805352909528,94.0816187501068,94.0816187501068,94.0816182291606,94.084,94.0846420180219,94.0817504882812,94.0824671295767
992.45,94.09854396,94.0805374090222,94.0816222887963,94.0816222887963,94.0816217808238,94.084,94.0846408415925,94.0817749023438,94.0824897245203
992.5,94.09854396,94.0805395270917,94.0816258274859,94.0816258274859,94.0816253324869,94.084,94.084639665163,94.0817993164062,94.082512319464
992.55,94.09854396,94.0805416451611,94.0816293661754,94.0816293661754,94.08162888415,94.084,94.0846384887336,94.0818237304688,94.0825349144077
992.6,94.09854396,94.0805437632305,94.0816329048649,94.0816329048649,94.0816324358131,94.084,94.0846373123042,94.0818481445312,94.0825575093514
992.65,94.09854396,94.0805458812999,94.0816364435544,94.0816364435544,94.0816359874763,94.084,94.0846361358747,94.0818725585937,94.0825801042951
992.7,94.09854396,94.0805479993693,94.0816399822439,94.0816399822439,94.0816395391394,94.084,94.0846349594453,94.0818969726563,94.0826026992387
992.75,94.09854396,94.0805501174387,94.0816435209334,94.0816435209334,94.0816430908025,94.084,94.0846337830158,94.0819213867187,94.0826252941824
992.8,94.09854396,94.0805522355081,94.081647059623,94.081647059623,94.0816466424657,94.084,94.0846326065864,94.0819458007813,94.0826478891261
992.85,94.09854396,94.0805543535776,94.0816505983125,94.0816505983125,94.0816501941288,94.084,94.084631430157,94.0819702148438,94.0826704840698
992.9,94.09854396,94.080556471647,94.081654137002,94.081654137002,94.0816537457919,94.084,94.0846302537276,94.0819946289062,94.0826930790135
992.95,94.09854396,94.0805585897164,94.0816576756915,94.0816576756915,94.0816572974551,94.084,94.0846290772981,94.0820190429688,94.0827156739571
993,94.09854396,94.0805607077858,94.081661214381,94.081661214381,94.0816608491182,94.084,94.0846279008687,94.08203125,94.0827260618696
993.05,94.09854396,94.0805628258552,94.0816647530705,94.0816647530705,94.0816644007813,94.084,94.0846267244392,94.08203125,94.0827242427507
993.1,94.09854396,94.0805649439246,94.08166829176,94.08166829176,94.0816679524444,94.084,94.0846255480098,94.08203125,94.0827224236319
993.15,94.09854396,94.080567061994,94.0816718304496,94.0816718304496,94.0816715041076,94.084,94.0846243715804,94.08203125,94.0827206045131
993.2,94.09854396,94.0805691800634,94.0816753691391,94.0816753691391,94.0816750557707,94.084,94.0846231951509,94.08203125,94.0827187853943
993.25,94.09854396,94.0805712981329,94.0816789078286,94.0816789078286,94.0816786074338,94.084,94.0846220187215,94.08203125,94.0827169662755
993.3,94.09854396,94.0805734162023,94.0816824465181,94.0816824465181,94.081682159097,94.084,94.0846208422921,94.08203125,94.0827151471566
993.35,94.09854396,94.0805755342717,94.0816859852076,94.0816859852076,94.0816857107601,94.084,94.0846196658626,94.08203125,94.0827133280378
993.4,94.09854396,94.0805776523411,94.0816895238971,94.0816895238971,94.0816892624232,94.084,94.0846184894332,94.08203125,94.082711508919
993.45,94.09854396,94.0805797704105,94.0816930625867,94.0816930625867,94.0816928140864,94.084,94.0846173130038,94.08203125,94.0827096898002
993.5,94.09854396,94.0805818884799,94.0816966012762,94.0816966012762,94.0816963657495,94.084,94.0846161365743,94.08203125,94.0827078706813
993.55,94.09854396,94.0805840065493,94.0817001399657,94.0817001399657,94.0816999174126,94.084,94.0846149601449,94.08203125,94.0827060515625
993.6,94.09854396,94.0805861246187,94.0817036786552,94.0817036786552,94.0817034690757,94.084,94.0846137837155,94.08203125,94.0827042324437
993.65,94.09854396,94.0805882426882,94.0817072173447,94.0817072173447,94.0817070207389,94.084,94.084612607286,94.08203125,94.0827024133249
993.7,94.09854396,94.0805903607576,94.0817107560342,94.0817107560342,94.081710572402,94.084,94.0846114308566,94.08203125,94.0827005942061
993.75,94.09854396,94.080592478827,94.0817142947238,94.0817142947238,94.0817141240651,94.084,94.0846102544271,94.08203125,94.0826987750873
993.8,94.09854396,94.0805945968964,94.0817178334133,94.0817178334133,94.0817176757283,94.084,94.0846090779977,94.08203125,94.0826969559684
993.85,94.09854396,94.0805967149658,94.0817213721028,94.0817213721028,94.0817212273914,94.084,94.0846079015683,94.08203125,94.0826951368496
993.9,94.09854396,94.0805988330352,94.0817249107923,94.0817249107923,94.0817247790545,94.084,94.0846067251388,94.08203125,94.0826933177308
993.95,94.09854396,94.0806009511046,94.0817284494818,94.0817284494818,94.0817283307177,94.084,94.0846055487094,94.08203125,94.082691498612
994,94.09854396,94.080603069174,94.0817319881713,94.0817319881713,94.0817318823808,94.083925,94.08452937228,94.08203125,94.0826896794931
994.05,94.09854396,94.0806051872434,94.0817355268609,94.0817355268609,94.0817354340439,94.083775,94.0843781958505,94.08203125,94.0826878603743
994.1,94.09854396,94.0806073053129,94.0817390655504,94.0817390655504,94.081738985707,94.083625,94.0842270194211,94.08203125,94.0826860412555
994.15,94.09854396,94.0806094233823,94.0817426042399,94.0817426042399,94.0817425373702,94.083475,94.0840758429917,94.08203125,94.0826842221367
994.2,94.09854396,94.0806115414517,94.0817461429294,94.0817461429294,94.0817460890333,94.083325,94.0839246665622,94.08203125,94.0826824030179
994.25,94.09854396,94.0806136595211,94.0817496816189,94.0817496816189,94.0817496406964,94.083175,94.0837734901328,94.08203125,94.082680583899
994.3,94.09854396,94.0806157775905,94.0817532203084,94.0817532203084,94.0817531923596,94.083025,94.0836223137034,94.08203125,94.0826787647802
994.35,94.09854396,94.0806178956599,94.081756758998,94.081756758998,94.0817567440227,94.082875,94.0834711372739,94.08203125,94.0826769456614
994.4,94.09854396,94.0806200137293,94.0817602976875,94.0817602976875,94.0817602956858,94.082725,94.0833199608445,94.08203125,94.0826751265426
994.45,94.09854396,94.0806221317987,94.081763836377,94.081763836377,94.081763847349,94.082575,94.0831687844151,94.08203125,94.0826733074238
994.5,94.09854396,94.0806242498682,94.0817673750665,94.0817673750665,94.0817673990121,94.082425,94.0830176079856,94.08203125,94.0826714883049
994.55,94.09854396,94.0806263679376,94.081770913756,94.081770913756,94.0817709506752,94.082275,94.0828664315562,94.08203125,94.0826696691861
994.6,94.09854396,94.080628486007,94.0817744524455,94.0817744524455,94.0817745023383,94.082125,94.0827152551267,94.08203125,94.0826678500673
994.65,94.09854396,94.0806306040764,94.0817779911351,94.0817779911351,94.0817780540015,94.081975,94.0825640786973,94.08203125,94.0826660309485
994.7,94.09854396,94.0806327221458,94.0817815298246,94.0817815298246,94.0817816056646,94.081825,94.0824129022679,94.08203125,94.0826642118297
994.75,94.09854396,94.0806348402152,94.0817850685141,94.0817850685141,94.0817851573277,94.081675,94.0822617258384,94.08203125,94.0826623927108
994.8,94.09854396,94.0806369582846,94.0817886072036,94.0817886072036,94.0817887089909,94.081525,94.082110549409,94.08203125,94.082660573592
994.85,94.09854396,94.080639076354,94.0817921458931,94.0817921458931,94.081792260654,94.081375,94.0819593729796,94.08203125,94.0826587544732
994.9,94.09854396,94.0806411944235,94.0817956845826,94.0817956845826,94.0817958123171,94.081225,94.0818081965501,94.08203125,94.0826569353544
994.95,94.09854396,94.0806433124929,94.0817992232721,94.0817992232721,94.0817993639803,94.081075,94.0816570201207,94.08203125,94.0826551162355
995,94.09854396,94.0806454305623,94.0818027619617,94.0818027619617,94.0818029156434,94.081,94.0815808436913,94.08203125,94.0826532971167
995.05,94.09854396,94.0806475486317,94.0818063006512,94.0818063006512,94.0818064673065,94.081,94.0815796672618,94.08203125,94.0826514779979
995.1,94.09854396,94.0806496667011,94.0818098393407,94.0818098393407,94.0818100189696,94.081,94.0815784908324,94.08203125,94.0826496588791
995.15,94.09854396,94.0806517847705,94.0818133780302,94.0818133780302,94.0818135706328,94.081,94.0815773144029,94.08203125,94.0826478397603
995.2,94.09854396,94.0806539028399,94.0818169167197,94.0818169167197,94.0818171222959,94.081,94.0815761379735,94.08203125,94.0826460206414
995.25,94.09854396,94.0806560209093,94.0818204554092,94.0818204554092,94.081820673959,94.081,94.0815749615441,94.08203125,94.0826442015226
995.3,94.09854396,94.0806581389788,94.0818239940988,94.0818239940988,94.0818242256222,94.081,94.0815737851147,94.08203125,94.0826423824038
995.35,94.09854396,94.0806602570482,94.0818275327883,94.0818275327883,94.0818277772853,94.081,94.0815726086852,94.08203125,94.082640563285
995.4,94.09854396,94.0806623751176,94.0818310714778,94.0818310714778,94.0818313289484,94.081,94.0815714322558,94.08203125,94.0826387441662
995.45,94.09854396,94.080664493187,94.0818346101673,94.0818346101673,94.0818348806116,94.081,94.0815702558263,94.08203125,94.0826369250473
995.5,94.09854396,94.0806666112564,94.0818381488568,94.0818381488568,94.0818384322747,94.081,94.0815690793969,94.08203125,94.0826351059285
995.55,94.09854396,94.0806687293258,94.0818416875463,94.0818416875463,94.0818419839378,94.081,94.0815679029675,94.08203125,94.0826332868097
995.6,94.09854396,94.0806708473952,94.0818452262359,94.0818452262359,94.0818455356009,94.081,94.081566726538,94.08203125,94.0826314676909
995.65,94.09854396,94.0806729654647,94.0818487649254,94.0818487649254,94.0818490872641,94.081,94.0815655501086,94.08203125,94.0826296485721
995.7,94.09854396,94.0806750835341,94.0818523036149,94.0818523036149,94.0818526389272,94.081,94.0815643736792,94.08203125,94.0826278294532
995.75,94.09854396,94.0806772016035,94.0818558423044,94.0818558423044,94.0818561905903,94.081,94.0815631972497,94.08203125,94.0826260103344
995.8,94.09854396,94.0806793196729,94.0818593809939,94.0818593809939,94.0818597422535,94.081,94.0815620208203,94.08203125,94.0826241912156
995.85,94.09854396,94.0806814377423,94.0818629196834,94.0818629196834,94.0818632939166,94.081,94.0815608443909,94.08203125,94.0826223720968
995.9,94.09854396,94.0806835558117,94.081866458373,94.081866458373,94.0818668455797,94.081,94.0815596679614,94.08203125,94.082620552978
995.95,94.09854396,94.0806856738811,94.0818699970625,94.0818699970625,94.0818703972429,94.081,94.081558491532,94.08203125,94.0826187338591
996,94.09854396,94.0806877919505,94.081873535752,94.081873535752,94.081873948906,94.081,94.0815573151026,94.08203125,94.0826169147403
996.05,94.09854396,94.08068991002,94.0818770744415,94.0818770744415,94.0818775005691,94.081,94.0815561386731,94.08203125,94.0826150956215
996.1,94.09854396,94.0806920280894,94.081880613131,94.081880613131,94.0818810522322,94.081,94.0815549622437,94.08203125,94.0826132765027
996.15,94.09854396,94.0806941461588,94.0818841518205,94.0818841518205,94.0818846038954,94.081,94.0815537858143,94.08203125,94.0826114573838
996.2,94.09854396,94.0806962642282,94.0818876905101,94.0818876905101,94.0818881555585,94.081,94.0815526093848,94.08203125,94.082609638265
996.25,94.09854396,94.0806983822976,94.0818912291996,94.0818912291996,94.0818917072216,94.081,94.0815514329554,94.08203125,94.0826078191462
996.3,94.09854396,94.080700500367,94.0818947678891,94.0818947678891,94.0818952588848,94.081,94.0815502565259,94.08203125,94.0826060000274
996.35,94.09854396,94.0807026184364,94.0818983065786,94.0818983065786,94.0818988105479,94.081,94.0815490800965,94.08203125,94.0826041809086
996.4,94.09854396,94.0807047365058,94.0819018452681,94.0819018452681,94.081902362211,94.081,94.0815479036671,94.08203125,94.0826023617897
996.45,94.09854396,94.0807068545753,94.0819053839576,94.0819053839576,94.0819059138742,94.081,94.0815467272376,94.08203125,94.0826005426709
996.5,94.09854396,94.0807089726447,94.0819089226472,94.0819089226472,94.0819094655373,94.081,94.0815455508082,94.08203125,94.0825987235521
996.55,94.09854396,94.0807110907141,94.0819124613367,94.0819124613367,94.0819130172004,94.081,94.0815443743788,94.08203125,94.0825969044333
996.6,94.09854396,94.0807132087835,94.0819160000262,94.0819160000262,94.0819165688635,94.081,94.0815431979493,94.08203125,94.0825950853145
996.65,94.09854396,94.0807153268529,94.0819195387157,94.0819195387157,94.0819201205267,94.081,94.0815420215199,94.08203125,94.0825932661956
996.7,94.09854396,94.0807174449223,94.0819230774052,94.0819230774052,94.0819236721898,94.081,94.0815408450905,94.08203125,94.0825914470768
996.75,94.09854396,94.0807195629917,94.0819266160947,94.0819266160947,94.0819272238529,94.081,94.081539668661,94.08203125,94.082589627958
996.8,94.09854396,94.0807216810611,94.0819301547842,94.0819301547842,94.0819307755161,94.081,94.0815384922316,94.08203125,94.0825878088392
996.85,94.09854396,94.0807237991306,94.0819336934738,94.0819336934738,94.0819343271792,94.081,94.0815373158022,94.08203125,94.0825859897204
996.9,94.09854396,94.0807259172,94.0819372321633,94.0819372321633,94.0819378788423,94.081,94.0815361393727,94.08203125,94.0825841706015
996.95,94.09854396,94.0807280352694,94.0819407708528,94.0819407708528,94.0819414305055,94.081,94.0815349629433,94.08203125,94.0825823514827
997,94.09854396,94.0807301533388,94.0819443095423,94.0819443095423,94.0819449821686,94.081175,94.0817087865138,94.08203125,94.0825805323639
997.05,94.09854396,94.0807322714082,94.0819478482318,94.0819478482318,94.0819485338317,94.081525,94.0820576100844,94.08203125,94.0825787132451
997.1,94.09854396,94.0807343894776,94.0819513869213,94.0819513869213,94.0819520854948,94.081875,94.082406433655,94.08203125,94.0825768941262
997.15,94.09854396,94.080736507547,94.0819549256109,94.0819549256109,94.081955637158,94.082225,94.0827552572255,94.08203125,94.0825750750074
997.2,94.09854396,94.0807386256164,94.0819584643004,94.0819584643004,94.0819591888211,94.082575,94.0831040807961,94.08203125,94.0825732558886
997.25,94.09854396,94.0807407436859,94.0819620029899,94.0819620029899,94.0819627404842,94.082925,94.0834529043667,94.08203125,94.0825714367698
997.3,94.09854396,94.0807428617553,94.0819655416794,94.0819655416794,94.0819662921474,94.083275,94.0838017279372,94.08203125,94.082569617651
997.35,94.09854396,94.0807449798247,94.0819690803689,94.0819690803689,94.0819698438105,94.083625,94.0841505515078,94.08203125,94.0825677985322
997.4,94.09854396,94.0807470978941,94.0819726190584,94.0819726190584,94.0819733954736,94.083975,94.0844993750784,94.08203125,94.0825659794133
997.45,94.09854396,94.0807492159635,94.081976157748,94.081976157748,94.0819769471368,94.084325,94.0848481986489,94.08203125,94.0825641602945
997.5,94.09854396,94.0807513340329,94.0819796964375,94.0819796964375,94.0819804987999,94.084675,94.0851970222195,94.08203125,94.0825623411757
997.55,94.09854396,94.0807534521023,94.081983235127,94.081983235127,94.081984050463,94.085025,94.0855458457901,94.08203125,94.0825605220569
997.6,94.09854396,94.0807555701717,94.0819867738165,94.0819867738165,94.0819876021261,94.085375,94.0858946693606,94.08203125,94.082558702938
997.65,94.09854396,94.0807576882411,94.081990312506,94.081990312506,94.0819911537893,94.085725,94.0862434929312,94.08203125,94.0825568838192
997.7,94.09854396,94.0807598063106,94.0819938511955,94.0819938511955,94.0819947054524,94.086075,94.0865923165018,94.08203125,94.0825550647004
997.75,94.09854396,94.08076192438,94.0819973898851,94.0819973898851,94.0819982571155,94.086425,94.0869411400723,94.08203125,94.0825532455816
997.8,94.09854396,94.0807640424494,94.0820009285746,94.0820009285746,94.0820018087787,94.086775,94.0872899636429,94.08203125,94.0825514264628
997.85,94.09854396,94.0807661605188,94.0820044672641,94.0820044672641,94.0820053604418,94.087125,94.0876387872135,94.08203125,94.0825496073439
997.9,94.09854396,94.0807682785882,94.0820080059536,94.0820080059536,94.0820089121049,94.087475,94.087987610784,94.08203125,94.0825477882251
997.95,94.09854396,94.0807703966576,94.0820115446431,94.0820115446431,94.0820124637681,94.087825,94.0883364343546,94.08203125,94.0825459691063
998,94.09854396,94.080772514727,94.0820150833326,94.0820150833326,94.0820160154312,94.088,94.0885102579251,94.08203125,94.0825441499875
998.05,94.09854396,94.0807746327964,94.0820186220222,94.0820186220222,94.0820195670943,94.088,94.0885090814957,94.08203125,94.0825423308687
998.1,94.09854396,94.0807767508659,94.0820221607117,94.0820221607117,94.0820231187574,94.088,94.0885079050663,94.08203125,94.0825405117498
998.15,94.09854396,94.0807788689353,94.0820256994012,94.0820256994012,94.0820266704206,94.088,94.0885067286368,94.08203125,94.082538692631
998.2,94.09854396,94.0807809870047,94.0820292380907,94.0820292380907,94.0820302220837,94.088,94.0885055522074,94.08203125,94.0825368735122
998.25,94.09854396,94.0807831050741,94.0820327767802,94.0820327767802,94.0820337737468,94.088,94.088504375778,94.08203125,94.0825350543934
998.3,94.09854396,94.0807852231435,94.0820363154697,94.0820363154697,94.08203732541,94.088,94.0885031993485,94.08203125,94.0825332352746
998.35,94.09854396,94.0807873412129,94.0820398541593,94.0820398541593,94.0820408770731,94.088,94.0885020229191,94.08203125,94.0825314161557
998.4,94.09854396,94.0807894592823,94.0820433928488,94.0820433928488,94.0820444287362,94.088,94.0885008464897,94.08203125,94.0825295970369
998.45,94.09854396,94.0807915773518,94.0820469315383,94.0820469315383,94.0820479803994,94.088,94.0884996700602,94.08203125,94.0825277779181
998.5,94.09854396,94.0807936954212,94.0820504702278,94.0820504702278,94.0820515320625,94.088,94.0884984936308,94.08203125,94.0825259587993
998.55,94.09854396,94.0807958134906,94.0820540089173,94.0820540089173,94.0820550837256,94.088,94.0884973172014,94.08203125,94.0825241396804
998.6,94.09854396,94.08079793156,94.0820575476068,94.0820575476068,94.0820586353887,94.088,94.0884961407719,94.08203125,94.0825223205616
998.65,94.09854396,94.0808000496294,94.0820610862963,94.0820610862963,94.0820621870519,94.088,94.0884949643425,94.08203125,94.0825205014428
998.7,94.09854396,94.0808021676988,94.0820646249859,94.0820646249859,94.082065738715,94.088,94.0884937879131,94.08203125,94.082518682324
998.75,94.09854396,94.0808042857682,94.0820681636754,94.0820681636754,94.0820692903781,94.088,94.0884926114836,94.08203125,94.0825168632052
998.8,94.09854396,94.0808064038376,94.0820717023649,94.0820717023649,94.0820728420413,94.088,94.0884914350542,94.08203125,94.0825150440863
998.85,94.09854396,94.0808085219071,94.0820752410544,94.0820752410544,94.0820763937044,94.088,94.0884902586247,94.08203125,94.0825132249675
998.9,94.09854396,94.0808106399765,94.0820787797439,94.0820787797439,94.0820799453675,94.088,94.0884890821953,94.08203125,94.0825114058487
998.95,94.09854396,94.0808127580459,94.0820823184335,94.0820823184335,94.0820834970307,94.088,94.0884879057659,94.08203125,94.0825095867299
999,94.09854396,94.0808148761153,94.082085857123,94.082085857123,94.0820870486938,94.088,94.0884867293364,94.08203125,94.0825077676111
999.05,94.09854396,94.0808169941847,94.0820893958125,94.0820893958125,94.0820906003569,94.088,94.088485552907,94.08203125,94.0825059484922
999.1,94.09854396,94.0808191122541,94.082092934502,94.082092934502,94.08209415202,94.088,94.0884843764776,94.08203125,94.0825041293734
999.15,94.09854396,94.0808212303235,94.0820964731915,94.0820964731915,94.0820977036832,94.088,94.0884832000481,94.08203125,94.0825023102546
999.2,94.09854396,94.0808233483929,94.082100011881,94.082100011881,94.0821012553463,94.088,94.0884820236187,94.08203125,94.0825004911358
999.25,94.09854396,94.0808254664624,94.0821035505706,94.0821035505706,94.0821048070094,94.088,94.0884808471893,94.08203125,94.082498672017
999.3,94.09854396,94.0808275845318,94.0821070892601,94.0821070892601,94.0821083586726,94.088,94.0884796707598,94.08203125,94.0824968528981
999.35,94.09854396,94.0808297026012,94.0821106279496,94.0821106279496,94.0821119103357,94.088,94.0884784943304,94.08203125,94.0824950337793
999.4,94.09854396,94.0808318206706,94.0821141666391,94.0821141666391,94.0821154619988,94.088,94.088477317901,94.08203125,94.0824932146605
999.45,94.09854396,94.08083393874,94.0821177053286,94.0821177053286,94.082119013662,94.088,94.0884761414715,94.08203125,94.0824913955417
999.5,94.09854396,94.0808360568094,94.0821212440181,94.0821212440181,94.0821225653251,94.088,94.0884749650421,94.08203125,94.0824895764229
999.55,94.09854396,94.0808381748788,94.0821247827077,94.0821247827077,94.0821261169882,94.088,94.0884737886126,94.08203125,94.082487757304
999.6,94.09854396,94.0808402929482,94.0821283213972,94.0821283213972,94.0821296686513,94.088,94.0884726121832,94.08203125,94.0824859381852
999.65,94.09854396,94.0808424110177,94.0821318600867,94.0821318600867,94.0821332203145,94.088,94.0884714357538,94.08203125,94.0824841190664
999.7,94.09854396,94.0808445290871,94.0821353987762,94.0821353987762,94.0821367719776,94.088,94.0884702593243,94.08203125,94.0824822999476
999.75,94.09854396,94.0808466471565,94.0821389374657,94.0821389374657,94.0821403236407,94.088,94.0884690828949,94.08203125,94.0824804808287
999.8,94.09854396,94.0808487652259,94.0821424761552,94.0821424761552,94.0821438753039,94.088,94.0884679064655,94.08203125,94.0824786617099
999.85,94.09854396,94.0808508832953,94.0821460148447,94.0821460148447,94.082147426967,94.088,94.088466730036,94.08203125,94.0824768425911
999.9,94.09854396,94.0808530013647,94.0821495535343,94.0821495535343,94.0821509786301,94.088,94.0884655536066,94.08203125,94.0824750234723
999.95,94.09854396,94.0808551194341,94.0821530922238,94.0821530922238,94.0821545302933,94.088,94.0884643771772,94.08203125,94.0824732043535
1000,94.09854396,94.0808572375036,94.0821566309133,94.0821566309133,94.0821580819564,94.087925,94.0883882007477,94.08203125,94.0824713852346
1000.05,94.09854396,94.0808524614243,94.0821350466032,94.0821350466032,94.0821364897269,94.087775,94.0882335812717,94.08203125,94.0824684682067
1000.1,94.09854396,94.080847685345,94.0821134622932,94.0821134622932,94.0821148974975,94.087625,94.0880789617957,94.08203125,94.0824655511787
1000.15,94.09854396,94.0808429092657,94.0820918779831,94.0820918779831,94.082093305268,94.087475,94.0879243423196,94.08203125,94.0824626341508
1000.2,94.09854396,94.0808381331864,94.0820702936731,94.0820702936731,94.0820717130385,94.087325,94.0877697228436,94.08203125,94.0824597171228
1000.25,94.09854396,94.0808333571071,94.082048709363,94.082048709363,94.0820501208091,94.087175,94.0876151033676,94.08203125,94.0824568000949
1000.3,94.09854396,94.0808285810278,94.082027125053,94.082027125053,94.0820285285796,94.087025,94.0874604838915,94.08203125,94.0824538830669
1000.35,94.09854396,94.0808238049485,94.0820055407429,94.0820055407429,94.0820069363502,94.086875,94.0873058644155,94.08203125,94.0824509660389
1000.4,94.09854396,94.0808190288692,94.0819839564329,94.0819839564329,94.0819853441207,94.086725,94.0871512449395,94.08203125,94.082448049011
1000.45,94.09854396,94.0808142527899,94.0819623721228,94.0819623721228,94.0819637518913,94.086575,94.0869966254635,94.08203125,94.082445131983
1000.5,94.09854396,94.0808094767106,94.0819407878128,94.0819407878128,94.0819421596618,94.086425,94.0868420059874,94.08203125,94.0824422149551
1000.55,94.09854396,94.0808047006313,94.0819192035027,94.0819192035027,94.0819205674323,94.086275,94.0866873865114,94.08203125,94.0824392979271
1000.6,94.09854396,94.0807999245521,94.0818976191927,94.0818976191927,94.0818989752029,94.086125,94.0865327670354,94.08203125,94.0824363808992
1000.65,94.09854396,94.0807951484728,94.0818760348826,94.0818760348826,94.0818773829734,94.085975,94.0863781475593,94.08203125,94.0824334638712
1000.7,94.09854396,94.0807903723935,94.0818544505726,94.0818544505726,94.081855790744,94.085825,94.0862235280833,94.08203125,94.0824305468432
1000.75,94.09854396,94.0807855963142,94.0818328662625,94.0818328662625,94.0818341985145,94.085675,94.0860689086073,94.08203125,94.0824276298153
1000.8,94.09854396,94.0807808202349,94.0818112819525,94.0818112819525,94.0818126062851,94.085525,94.0859142891313,94.08203125,94.0824247127873
1000.85,94.09854396,94.0807760441556,94.0817896976424,94.0817896976424,94.0817910140556,94.085375,94.0857596696552,94.08203125,94.0824217957594
1000.9,94.09854396,94.0807712680763,94.0817681133323,94.0817681133323,94.0817694218261,94.085225,94.0856050501792,94.08203125,94.0824188787314
1000.95,94.09854396,94.080766491997,94.0817465290223,94.0817465290223,94.0817478295967,94.085075,94.0854504307032,94.08203125,94.0824159617035
1001,94.09854396,94.0807617159177,94.0817249447122,94.0817249447122,94.0817262373672,94.084825,94.0851958112271,94.0819946289062,94.0823764235817
1001.05,94.09854396,94.0807569398384,94.0817033604022,94.0817033604022,94.0817046451378,94.084475,94.0848411917511,94.0819213867187,94.0823002643663
1001.1,94.09854396,94.0807521637591,94.0816817760921,94.0816817760921,94.0816830529083,94.084125,94.0844865722751,94.0818481445312,94.0822241051508
1001.15,94.09854396,94.0807473876798,94.0816601917821,94.0816601917821,94.0816614606788,94.083775,94.0841319527991,94.0817749023438,94.0821479459354
1001.2,94.09854396,94.0807426116006,94.081638607472,94.081638607472,94.0816398684494,94.083425,94.083777333323,94.0817016601563,94.0820717867199
1001.25,94.09854396,94.0807378355213,94.081617023162,94.081617023162,94.0816182762199,94.083075,94.083422713847,94.0816284179687,94.0819956275045
1001.3,94.09854396,94.080733059442,94.0815954388519,94.0815954388519,94.0815966839905,94.082725,94.083068094371,94.0815551757812,94.081919468289
1001.35,94.09854396,94.0807282833627,94.0815738545419,94.0815738545419,94.081575091761,94.082375,94.0827134748949,94.0814819335938,94.0818433090736
1001.4,94.09854396,94.0807235072834,94.0815522702318,94.0815522702318,94.0815534995316,94.082025,94.0823588554189,94.0814086914063,94.0817671498581
1001.45,94.09854396,94.0807187312041,94.0815306859218,94.0815306859218,94.0815319073021,94.081675,94.0820042359429,94.0813354492188,94.0816909906426
1001.5,94.09854396,94.0807139551248,94.0815091016117,94.0815091016117,94.0815103150726,94.081325,94.0816496164668,94.0812622070312,94.0816148314272
1001.55,94.09854396,94.0807091790455,94.0814875173017,94.0814875173017,94.0814887228432,94.080975,94.0812949969908,94.0811889648437,94.0815386722117
1001.6,94.09854396,94.0807044029662,94.0814659329916,94.0814659329916,94.0814671306137,94.080625,94.0809403775148,94.0811157226562,94.0814625129963
1001.65,94.09854396,94.0806996268869,94.0814443486816,94.0814443486816,94.0814455383843,94.080275,94.0805857580388,94.0810424804688,94.0813863537808
1001.7,94.09854396,94.0806948508076,94.0814227643715,94.0814227643715,94.0814239461548,94.079925,94.0802311385627,94.0809692382813,94.0813101945654
1001.75,94.09854396,94.0806900747284,94.0814011800615,94.0814011800615,94.0814023539254,94.079575,94.0798765190867,94.0808959960937,94.0812340353499
1001.8,94.09854396,94.0806852986491,94.0813795957514,94.0813795957514,94.0813807616959,94.079225,94.0795218996107,94.0808227539062,94.0811578761344
1001.85,94.09854396,94.0806805225698,94.0813580114414,94.0813580114414,94.0813591694664,94.078875,94.0791672801346,94.0807495117188,94.081081716919
1001.9,94.09854396,94.0806757464905,94.0813364271313,94.0813364271313,94.081337577237,94.078525,94.0788126606586,94.0806762695313,94.0810055577035
1001.95,94.09854396,94.0806709704112,94.0813148428212,94.0813148428212,94.0813159850075,94.078175,94.0784580411826,94.0806030273438,94.0809293984881
1002,94.09854396,94.0805411943319,94.0811682585112,94.0811682585112,94.0811693927781,94.07785,94.0781284217066,94.0805297851562,94.0808532392726
1002.05,94.09854396,94.0802864182526,94.0808966742011,94.0808966742011,94.0808978005486,94.07755,94.0778238022305,94.0804565429687,94.0807770800572
1002.1,94.09854396,94.0800316421733,94.0806250898911,94.0806250898911,94.0806262083192,94.07725,94.0775191827545,94.0803833007812,94.0807009208417
1002.15,94.09854396,94.079776866094,94.080353505581,94.080353505581,94.0803546160897,94.07695,94.0772145632785,94.0803100585938,94.0806247616262
1002.2,94.09854396,94.0795220900147,94.080081921271,94.080081921271,94.0800830238602,94.07665,94.0769099438024,94.0802368164063,94.0805486024108
1002.25,94.09854396,94.0792673139354,94.0798103369609,94.0798103369609,94.0798114316308,94.07635,94.0766053243264,94.0801635742187,94.0804724431953
1002.3,94.09854396,94.0790125378561,94.0795387526509,94.0795387526509,94.0795398394013,94.07605,94.0763007048504,94.0800903320312,94.0803962839799
1002.35,94.09854396,94.0787577617769,94.0792671683408,94.0792671683408,94.0792682471719,94.07575,94.0759960853743,94.0800170898438,94.0803201247644
1002.4,94.09854396,94.0785029856976,94.0789955840308,94.0789955840308,94.0789966549424,94.07545,94.0756914658983,94.0799438476563,94.080243965549
1002.45,94.09854396,94.0782482096183,94.0787239997207,94.0787239997207,94.0787250627129,94.07515,94.0753868464223,94.0798706054688,94.0801678063335
1002.5,94.09854396,94.077993433539,94.0784524154107,94.0784524154107,94.0784534704835,94.07485,94.0750822269463,94.0797973632812,94.080091647118
1002.55,94.09854396,94.0777386574597,94.0781808311006,94.0781808311006,94.078181878254,94.07455,94.0747776074702,94.0797241210937,94.0800154879026
1002.6,94.09854396,94.0774838813804,94.0779092467906,94.0779092467906,94.0779102860246,94.07425,94.0744729879942,94.0796508789062,94.0799393286871
1002.65,94.09854396,94.0772291053011,94.0776376624805,94.0776376624805,94.0776386937951,94.07395,94.0741683685182,94.0795776367188,94.0798631694717
1002.7,94.09854396,94.0769743292218,94.0773660781705,94.0773660781705,94.0773671015657,94.07365,94.0738637490421,94.0795043945313,94.0797870102562
1002.75,94.09854396,94.0767195531425,94.0770944938604,94.0770944938604,94.0770955093362,94.07335,94.0735591295661,94.0794311523437,94.0797108510408
1002.8,94.09854396,94.0764647770632,94.0768229095504,94.0768229095504,94.0768239171068,94.07305,94.0732545100901,94.0793579101562,94.0796346918253
1002.85,94.09854396,94.0762100009839,94.0765513252403,94.0765513252403,94.0765523248773,94.07275,94.072949890614,94.0792846679688,94.0795585326098
1002.9,94.09854396,94.0759552249046,94.0762797409302,94.0762797409302,94.0762807326478,94.07245,94.072645271138,94.0792114257813,94.0794823733944
1002.95,94.09854396,94.0757004488254,94.0760081566202,94.0760081566202,94.0760091404184,94.07215,94.072340651662,94.0791381835938,94.0794062141789
1003,94.09854396,94.0755706727461,94.0758615723101,94.0758615723101,94.0758625481889,94.071925,94.072111032186,94.0790649414062,94.0793300549635
1003.05,94.09854396,94.0755658966668,94.0758399880001,94.0758399880001,94.0758409559595,94.071775,94.0719564127099,94.0789916992187,94.079253895748
1003.1,94.09854396,94.0755611205875,94.0758184036901,94.0758184036901,94.07581936373,94.071625,94.0718017932339,94.0789184570312,94.0791777365326
1003.15,94.09854396,94.0755563445082,94.07579681938,94.07579681938,94.0757977715005,94.071475,94.0716471737579,94.0788452148438,94.0791015773171
1003.2,94.09854396,94.0755515684289,94.0757752350699,94.0757752350699,94.0757761792711,94.071325,94.0714925542818,94.0787719726563,94.0790254181017
1003.25,94.09854396,94.0755467923496,94.0757536507599,94.0757536507599,94.0757545870416,94.071175,94.0713379348058,94.0786987304687,94.0789492588862
1003.3,94.09854396,94.0755420162703,94.0757320664498,94.0757320664498,94.0757329948122,94.071025,94.0711833153298,94.0786254882812,94.0788730996707
1003.35,94.09854396,94.075537240191,94.0757104821398,94.0757104821398,94.0757114025827,94.070875,94.0710286958538,94.0785522460938,94.0787969404553
1003.4,94.09854396,94.0755324641117,94.0756888978297,94.0756888978297,94.0756898103533,94.070725,94.0708740763777,94.0784790039063,94.0787207812398
1003.45,94.09854396,94.0755276880324,94.0756673135197,94.0756673135197,94.0756682181238,94.070575,94.0707194569017,94.0784057617188,94.0786446220244
1003.5,94.09854396,94.0755229119531,94.0756457292096,94.0756457292096,94.0756466258943,94.070425,94.0705648374257,94.0783325195312,94.0785684628089
1003.55,94.09854396,94.0755181358738,94.0756241448996,94.0756241448996,94.0756250336649,94.070275,94.0704102179496,94.0782592773437,94.0784923035934
1003.6,94.09854396,94.0755133597946,94.0756025605895,94.0756025605895,94.0756034414354,94.070125,94.0702555984736,94.0781860351562,94.078416144378
1003.65,94.09854396,94.0755085837153,94.0755809762795,94.0755809762795,94.075581849206,94.069975,94.0701009789976,94.0781127929688,94.0783399851625
1003.7,94.09854396,94.075503807636,94.0755593919694,94.0755593919694,94.0755602569765,94.069825,94.0699463595215,94.0780395507813,94.0782638259471
1003.75,94.09854396,94.0754990315567,94.0755378076594,94.0755378076594,94.0755386647471,94.069675,94.0697917400455,94.0779663085937,94.0781876667316
1003.8,94.09854396,94.0754942554774,94.0755162233493,94.0755162233493,94.0755170725176,94.069525,94.0696371205695,94.0778930664062,94.0781115075162
1003.85,94.09854396,94.0754894793981,94.0754946390393,94.0754946390393,94.0754954802881,94.069375,94.0694825010934,94.0778198242188,94.0780353483007
1003.9,94.09854396,94.0754847033188,94.0754730547292,94.0754730547292,94.0754738880587,94.069225,94.0693278816174,94.0777465820313,94.0779591890852
1003.95,94.09854396,94.0754799272395,94.0754514704192,94.0754514704192,94.0754522958292,94.069075,94.0691732621414,94.0776733398438,94.0778830298698
1004,94.09854396,94.0754751511602,94.0754298861091,94.0754298861091,94.0754307035998,94.069,94.0690936426654,94.0776000976562,94.0778068706543
1004.05,94.09854396,94.0754703750809,94.075408301799,94.075408301799,94.0754091113703,94.069,94.0690890231893,94.0775268554687,94.0777307114389
1004.1,94.09854396,94.0754655990016,94.075386717489,94.075386717489,94.0753875191408,94.069,94.0690844037133,94.0774536132812,94.0776545522234
1004.15,94.09854396,94.0754608229224,94.0753651331789,94.0753651331789,94.0753659269114,94.069,94.0690797842373,94.0773803710938,94.077578393008
1004.2,94.09854396,94.0754560468431,94.0753435488689,94.0753435488689,94.0753443346819,94.069,94.0690751647612,94.0773071289063,94.0775022337925
1004.25,94.09854396,94.0754512707638,94.0753219645588,94.0753219645588,94.0753227424525,94.069,94.0690705452852,94.0772338867187,94.077426074577
1004.3,94.09854396,94.0754464946845,94.0753003802488,94.0753003802488,94.075301150223,94.069,94.0690659258092,94.0771606445312,94.0773499153616
1004.35,94.09854396,94.0754417186052,94.0752787959387,94.0752787959387,94.0752795579936,94.069,94.0690613063332,94.0770874023438,94.0772737561461
1004.4,94.09854396,94.0754369425259,94.0752572116287,94.0752572116287,94.0752579657641,94.069,94.0690566868571,94.0770141601563,94.0771975969307
1004.45,94.09854396,94.0754321664466,94.0752356273186,94.0752356273186,94.0752363735347,94.069,94.0690520673811,94.0769409179688,94.0771214377152
1004.5,94.09854396,94.0754273903673,94.0752140430086,94.0752140430086,94.0752147813052,94.069,94.0690474479051,94.0768676757812,94.0770452784998
1004.55,94.09854396,94.075422614288,94.0751924586985,94.0751924586985,94.0751931890757,94.069,94.069042828429,94.0767944335937,94.0769691192843
1004.6,94.09854396,94.0754178382087,94.0751708743885,94.0751708743885,94.0751715968463,94.069,94.069038208953,94.0767211914062,94.0768929600688
1004.65,94.09854396,94.0754130621294,94.0751492900784,94.0751492900784,94.0751500046168,94.069,94.069033589477,94.0766479492188,94.0768168008534
1004.7,94.09854396,94.0754082860501,94.0751277057684,94.0751277057684,94.0751284123874,94.069,94.069028970001,94.0765747070313,94.0767406416379
1004.75,94.09854396,94.0754035099709,94.0751061214583,94.0751061214583,94.0751068201579,94.069,94.0690243505249,94.0765014648437,94.0766644824225
1004.8,94.09854396,94.0753987338916,94.0750845371483,94.0750845371483,94.0750852279284,94.069,94.0690197310489,94.0764282226562,94.076588323207
1004.85,94.09854396,94.0753939578123,94.0750629528382,94.0750629528382,94.075063635699,94.069,94.0690151115729,94.0763549804688,94.0765121639916
1004.9,94.09854396,94.075389181733,94.0750413685282,94.0750413685282,94.0750420434695,94.069,94.0690104920968,94.0762817382813,94.0764360047761
1004.95,94.09854396,94.0753844056537,94.0750197842181,94.0750197842181,94.0750204512401,94.069,94.0690058726208,94.0762084960938,94.0763598455606
1005,94.09854396,94.0753796295744,94.0749981999081,94.0749981999081,94.0749988590106,94.069,94.0690012531448,94.0761352539062,94.0762836863452
1005.05,94.09854396,94.0753748534951,94.074976615598,94.074976615598,94.0749772667811,94.069,94.0689966336687,94.0760620117187,94.0762075271297
1005.1,94.09854396,94.0753700774158,94.0749550312879,94.0749550312879,94.0749556745517,94.069,94.0689920141927,94.0759887695312,94.0761313679143
1005.15,94.09854396,94.0753653013365,94.0749334469779,94.0749334469779,94.0749340823222,94.069,94.0689873947167,94.0759155273438,94.0760552086988
1005.2,94.09854396,94.0753605252572,94.0749118626678,94.0749118626678,94.0749124900928,94.069,94.0689827752407,94.0758422851563,94.0759790494834
1005.25,94.09854396,94.0753557491779,94.0748902783578,94.0748902783578,94.0748908978633,94.069,94.0689781557646,94.0757690429687,94.0759028902679
1005.3,94.09854396,94.0753509730987,94.0748686940477,94.0748686940477,94.0748693056339,94.069,94.0689735362886,94.0756958007812,94.0758267310524
1005.35,94.09854396,94.0753461970194,94.0748471097377,94.0748471097377,94.0748477134044,94.069,94.0689689168126,94.0756225585938,94.075750571837
1005.4,94.09854396,94.0753414209401,94.0748255254276,94.0748255254276,94.074826121175,94.069,94.0689642973365,94.0755493164063,94.0756744126215
1005.45,94.09854396,94.0753366448608,94.0748039411176,94.0748039411176,94.0748045289455,94.069,94.0689596778605,94.0754760742188,94.0755982534061
1005.5,94.09854396,94.0753318687815,94.0747823568075,94.0747823568075,94.074782936716,94.069,94.0689550583845,94.0754028320312,94.0755220941906
1005.55,94.09853174,94.0753270927022,94.0747607724975,94.0747607724975,94.0747613444866,94.069,94.0689504389084,94.0753295898437,94.0754459349752
1005.6,94.09849226,94.0753223166229,94.0747391881874,94.0747391881874,94.0747397522571,94.069,94.0689458194324,94.0752563476562,94.0753697757597
1005.65,94.0984368,94.0753175405436,94.0747176038774,94.0747176038774,94.0747181600277,94.069,94.0689411999564,94.0751831054688,94.0752936165442
1005.7,94.09838134,94.0753127644643,94.0746960195673,94.0746960195673,94.0746965677982,94.069,94.0689365804804,94.0751098632813,94.0752174573288
1005.75,94.09832588,94.075307988385,94.0746744352573,94.0746744352573,94.0746749755687,94.069,94.0689319610043,94.0750366210937,94.0751412981133
1005.8,94.09827042,94.0753032123057,94.0746528509472,94.0746528509472,94.0746533833393,94.069,94.0689273415283,94.0749633789062,94.0750651388979
1005.85,94.0982159,94.0752984362264,94.0746312666372,94.0746312666372,94.0746317911098,94.069,94.0689227220523,94.0748901367188,94.0749889796824
1005.9,94.09816044,94.0752936601472,94.0746096823271,94.0746096823271,94.0746101988804,94.069,94.0689181025762,94.0748168945313,94.074912820467
1005.95,94.09810498,94.0752888840679,94.0745880980171,94.0745880980171,94.0745886066509,94.069,94.0689134831002,94.0747436523438,94.0748366612515
1006,94.09804952,94.0752841079886,94.074566513707,94.074566513707,94.0745670144215,94.0691,94.0690088636242,94.0746704101562,94.074760502036
1006.05,94.09799406,94.0752793319093,94.074544929397,94.074544929397,94.074545422192,94.0693,94.0692042441482,94.0745971679687,94.0746843428206
1006.1,94.0979386,94.07527455583,94.0745233450869,94.0745233450869,94.0745238299625,94.0695,94.0693996246721,94.0745239257812,94.0746081836051
1006.15,94.09788314,94.0752697797507,94.0745017607768,94.0745017607768,94.0745022377331,94.0697,94.0695950051961,94.0744506835938,94.0745320243897
1006.2,94.09782768,94.0752650036714,94.0744801764668,94.0744801764668,94.0744806455036,94.0699,94.0697903857201,94.0743774414063,94.0744558651742
1006.25,94.09777222,94.0752602275921,94.0744585921567,94.0744585921567,94.0744590532742,94.0701,94.069985766244,94.0743041992187,94.0743797059588
1006.3,94.0977177,94.0752554515128,94.0744370078467,94.0744370078467,94.0744374610447,94.0703,94.070181146768,94.0742309570312,94.0743035467433
1006.35,94.09766224,94.0752506754335,94.0744154235366,94.0744154235366,94.0744158688153,94.0705,94.070376527292,94.0741577148438,94.0742273875278
1006.4,94.09760678,94.0752458993542,94.0743938392266,94.0743938392266,94.0743942765858,94.0707,94.0705719078159,94.0740844726563,94.0741512283124
1006.45,94.09755132,94.0752411232749,94.0743722549165,94.0743722549165,94.0743726843563,94.0709,94.0707672883399,94.0740112304688,94.0740750690969
1006.5,94.09749586,94.0752363471957,94.0743506706065,94.0743506706065,94.0743510921269,94.0711,94.0709626688639,94.0739379882812,94.0739989098815
1006.55,94.0974404,94.0752315711164,94.0743290862964,94.0743290862964,94.0743294998974,94.0713,94.0711580493879,94.0738647460937,94.073922750666
1006.6,94.09738494,94.0752267950371,94.0743075019864,94.0743075019864,94.074307907668,94.0715,94.0713534299118,94.0737915039062,94.0738465914506
1006.65,94.09732948,94.0752220189578,94.0742859176763,94.0742859176763,94.0742863154385,94.0717,94.0715488104358,94.0737182617188,94.0737704322351
1006.7,94.09727496,94.0752172428785,94.0742643333663,94.0742643333663,94.0742647232091,94.0719,94.0717441909598,94.0736450195313,94.0736942730197
1006.75,94.0972195,94.0752124667992,94.0742427490562,94.0742427490562,94.0742431309796,94.0721,94.0719395714837,94.0735717773437,94.0736181138042
1006.8,94.09716404,94.0752076907199,94.0742211647462,94.0742211647462,94.0742215387501,94.0723,94.0721349520077,94.0734985351562,94.0735419545887
1006.85,94.09710858,94.0752029146406,94.0741995804361,94.0741995804361,94.0741999465207,94.0725,94.0723303325317,94.0734252929688,94.0734657953733
1006.9,94.09705312,94.0751981385613,94.0741779961261,94.0741779961261,94.0741783542912,94.0727,94.0725257130557,94.0733520507813,94.0733896361578
1006.95,94.09699766,94.075193362482,94.074156411816,94.074156411816,94.0741567620618,94.0729,94.0727210935796,94.0732788085938,94.0733134769424
1007,94.0969422,94.0751885864027,94.074134827506,94.074134827506,94.0741351698323,94.0731,94.0729164741036,94.0732055664062,94.0732373177269
1007.05,94.09688674,94.0751838103235,94.0741132431959,94.0741132431959,94.0741135776028,94.0733,94.0731118546276,94.0731323242187,94.0731611585115
1007.1,94.09683222,94.0751790342442,94.0740916588858,94.0740916588858,94.0740919853734,94.0735,94.0733072351515,94.0730590820312,94.073084999296
1007.15,94.09677676,94.0751742581649,94.0740700745758,94.0740700745758,94.0740703931439,94.0737,94.0735026156755,94.0729858398438,94.0730088400805
1007.2,94.0967213,94.0751694820856,94.0740484902657,94.0740484902657,94.0740488009145,94.0739,94.0736979961995,94.0729125976563,94.0729326808651
1007.25,94.09666584,94.0751647060063,94.0740269059557,94.0740269059557,94.074027208685,94.0741,94.0738933767234,94.0728393554687,94.0728565216496
1007.3,94.09661038,94.075159929927,94.0740053216456,94.0740053216456,94.0740056164556,94.0743,94.0740887572474,94.0727661132812,94.0727803624342
1007.35,94.09655492,94.0751551538477,94.0739837373356,94.0739837373356,94.0739840242261,94.0745,94.0742841377714,94.0726928710938,94.0727042032187
1007.4,94.09649946,94.0751503777684,94.0739621530255,94.0739621530255,94.0739624319966,94.0747,94.0744795182953,94.0726196289063,94.0726280440033
1007.45,94.096444,94.0751456016891,94.0739405687155,94.0739405687155,94.0739408397672,94.0749,94.0746748988193,94.0725463867188,94.0725518847878
1007.5,94.09638854,94.0751408256098,94.0739189844054,94.0739189844054,94.0739192475377,94.0751,94.0748702793433,94.0724731445312,94.0724757255723
1007.55,94.09633402,94.0751360495305,94.0738974000954,94.0738974000954,94.0738976553083,94.0753,94.0750656598673,94.0723999023437,94.0723995663569
1007.6,94.09627856,94.0751312734512,94.0738758157853,94.0738758157853,94.0738760630788,94.0755,94.0752610403912,94.0723266601562,94.0723234071414
1007.65,94.0962231,94.075126497372,94.0738542314753,94.0738542314753,94.0738544708494,94.0757,94.0754564209152,94.0722534179688,94.072247247926
1007.7,94.09616764,94.0751217212927,94.0738326471652,94.0738326471652,94.0738328786199,94.0759,94.0756518014392,94.0721801757813,94.0721710887105
1007.75,94.09611218,94.0751169452134,94.0738110628552,94.0738110628552,94.0738112863904,94.0761,94.0758471819631,94.0721069335937,94.0720949294951
1007.8,94.09605672,94.0751121691341,94.0737894785451,94.0737894785451,94.073789694161,94.0763,94.0760425624871,94.0720336914062,94.0720187702796
1007.85,94.09600126,94.0751073930548,94.0737678942351,94.0737678942351,94.0737681019315,94.0765,94.0762379430111,94.0719604492188,94.0719426110641
1007.9,94.0959458,94.0751026169755,94.073746309925,94.073746309925,94.0737465097021,94.0767,94.0764333235351,94.0718872070313,94.0718664518487
1007.95,94.09589128,94.0750978408962,94.073724725615,94.073724725615,94.0737249174726,94.0769,94.076628704059,94.0718139648438,94.0717902926332
1008,94.09583582,94.0750930648169,94.0737031413049,94.0737031413049,94.0737033252431,94.077,94.076724084583,94.0717407226562,94.0717141334178
1008.05,94.09578036,94.0750882887376,94.0736815569949,94.0736815569949,94.0736817330137,94.077,94.076719465107,94.0716674804687,94.0716379742023
1008.1,94.0957249,94.0750835126583,94.0736599726848,94.0736599726848,94.0736601407842,94.077,94.0767148456309,94.0715942382812,94.0715618149869
1008.15,94.09566944,94.075078736579,94.0736383883747,94.0736383883747,94.0736385485548,94.077,94.0767102261549,94.0715209960938,94.0714856557714
1008.2,94.09561398,94.0750739604998,94.0736168040647,94.0736168040647,94.0736169563253,94.077,94.0767056066789,94.0714477539063,94.0714094965559
1008.25,94.09555852,94.0750691844205,94.0735952197547,94.0735952197547,94.0735953640959,94.077,94.0767009872029,94.0713745117187,94.0713333373405
1008.3,94.09550306,94.0750644083412,94.0735736354446,94.0735736354446,94.0735737718664,94.077,94.0766963677268,94.0713012695312,94.071257178125
1008.35,94.0954476,94.0750596322619,94.0735520511345,94.0735520511345,94.0735521796369,94.077,94.0766917482508,94.0712280273438,94.0711810189096
1008.4,94.09539308,94.0750548561826,94.0735304668245,94.0735304668245,94.0735305874075,94.077,94.0766871287748,94.0711547851563,94.0711048596941
1008.45,94.09533762,94.0750500801033,94.0735088825144,94.0735088825144,94.073508995178,94.077,94.0766825092987,94.0710815429688,94.0710287004786
1008.5,94.09528216,94.075045304024,94.0734872982044,94.0734872982044,94.0734874029486,94.077,94.0766778898227,94.0710083007812,94.0709525412632
1008.55,94.0952267,94.0750405279447,94.0734657138943,94.0734657138943,94.0734658107191,94.077,94.0766732703467,94.0709350585937,94.0708763820477
1008.6,94.09517124,94.0750357518654,94.0734441295843,94.0734441295843,94.0734442184897,94.077,94.0766686508706,94.0708618164062,94.0708002228323
1008.65,94.09511578,94.0750309757861,94.0734225452742,94.0734225452742,94.0734226262602,94.077,94.0766640313946,94.0707885742188,94.0707240636168
1008.7,94.09506032,94.0750261997068,94.0734009609642,94.0734009609642,94.0734010340307,94.077,94.0766594119186,94.0707153320313,94.0706479044014
1008.75,94.09500486,94.0750214236275,94.0733793766541,94.0733793766541,94.0733794418013,94.077,94.0766547924426,94.0706420898437,94.0705717451859
1008.8,94.09495034,94.0750166475483,94.0733577923441,94.0733577923441,94.0733578495718,94.077,94.0766501729665,94.0705688476562,94.0704955859704
1008.85,94.09489488,94.075011871469,94.073336208034,94.073336208034,94.0733362573424,94.077,94.0766455534905,94.0704956054688,94.070419426755
1008.9,94.09483942,94.0750070953897,94.073314623724,94.073314623724,94.0733146651129,94.077,94.0766409340145,94.0704223632813,94.0703432675395
1008.95,94.09478396,94.0750023193104,94.0732930394139,94.0732930394139,94.0732930728835,94.077,94.0766363145384,94.0703491210938,94.0702671083241
1009,94.0947285,94.0749975432311,94.0732714551039,94.0732714551039,94.073271480654,94.077,94.0766316950624,94.0703247070312,94.0702397772336
1009.05,94.09467304,94.0749927671518,94.0732498707938,94.0732498707938,94.0732498884245,94.077,94.0766270755864,94.0703491210938,94.0702612742682
1009.1,94.09461758,94.0749879910725,94.0732282864838,94.0732282864838,94.0732282961951,94.077,94.0766224561103,94.0703735351562,94.0702827713027
1009.15,94.09456212,94.0749832149932,94.0732067021737,94.0732067021737,94.0732067039656,94.077,94.0766178366343,94.0703979492187,94.0703042683373
1009.2,94.09450666,94.0749784389139,94.0731851178636,94.0731851178636,94.0731851117362,94.077,94.0766132171583,94.0704223632813,94.0703257653718
1009.25,94.09445214,94.0749736628346,94.0731635335536,94.0731635335536,94.0731635195067,94.077,94.0766085976823,94.0704467773437,94.0703472624063
1009.3,94.09439668,94.0749688867553,94.0731419492435,94.0731419492435,94.0731419272772,94.077,94.0766039782062,94.0704711914063,94.0703687594409
1009.35,94.09434122,94.074964110676,94.0731203649335,94.0731203649335,94.0731203350478,94.077,94.0765993587302,94.0704956054688,94.0703902564754
1009.4,94.09428576,94.0749593345968,94.0730987806234,94.0730987806234,94.0730987428183,94.077,94.0765947392542,94.0705200195312,94.07041175351
1009.45,94.0942303,94.0749545585175,94.0730771963134,94.0730771963134,94.0730771505889,94.077,94.0765901197781,94.0705444335938,94.0704332505445
1009.5,94.09417484,94.0749497824382,94.0730556120033,94.0730556120033,94.0730555583594,94.077,94.0765855003021,94.0705688476562,94.070454747579
1009.55,94.09411938,94.0749450063589,94.0730340276933,94.0730340276933,94.07303396613,94.077,94.0765808808261,94.0705932617188,94.0704762446136
1009.6,94.09406392,94.0749402302796,94.0730124433832,94.0730124433832,94.0730123739005,94.077,94.0765762613501,94.0706176757812,94.0704977416481
1009.65,94.0940094,94.0749354542003,94.0729908590732,94.0729908590732,94.0729907816711,94.077,94.076571641874,94.0706420898437,94.0705192386827
1009.7,94.09395394,94.074930678121,94.0729692747631,94.0729692747631,94.0729691894416,94.077,94.076567022398,94.0706665039063,94.0705407357172
1009.75,94.09389848,94.0749259020417,94.0729476904531,94.0729476904531,94.0729475972121,94.077,94.076562402922,94.0706909179687,94.0705622327518
1009.8,94.09384302,94.0749211259624,94.072926106143,94.072926106143,94.0729260049827,94.077,94.0765577834459,94.0707153320313,94.0705837297863
1009.85,94.09378756,94.0749163498831,94.072904521833,94.072904521833,94.0729044127532,94.077,94.0765531639699,94.0707397460938,94.0706052268209
1009.9,94.0937321,94.0749115738038,94.0728829375229,94.0728829375229,94.0728828205238,94.077,94.0765485444939,94.0707641601562,94.0706267238554
1009.95,94.09367664,94.0749067977246,94.0728613532129,94.0728613532129,94.0728612282943,94.077,94.0765439250178,94.0707885742188,94.0706482208899
1010,94.09362118,94.0749020216453,94.0728397689028,94.0728397689028,94.0728396360648,94.07685,94.0763893055418,94.0708129882812,94.0706697179245
1010.05,94.09356666,94.0749034478297,94.0728481601153,94.0728481601153,94.0728480200996,94.07655,94.0760899060984,94.0708374023438,94.0706992886061
1010.1,94.0935112,94.0749048740141,94.0728565513278,94.0728565513278,94.0728564041344,94.07625,94.075790506655,94.0708618164062,94.0707288592877
1010.15,94.09345574,94.0749063001985,94.0728649425402,94.0728649425402,94.0728647881692,94.07595,94.0754911072116,94.0708862304687,94.0707584299693
1010.2,94.09340028,94.074907726383,94.0728733337527,94.0728733337527,94.0728731722039,94.07565,94.0751917077681,94.0709106445313,94.0707880006509
1010.25,94.09334482,94.0749091525674,94.0728817249652,94.0728817249652,94.0728815562387,94.07535,94.0748923083247,94.0709350585937,94.0708175713325
1010.3,94.09328936,94.0749105787518,94.0728901161777,94.0728901161777,94.0728899402735,94.07505,94.0745929088813,94.0709594726563,94.0708471420141
1010.35,94.0932339,94.0749120049362,94.0728985073902,94.0728985073902,94.0728983243083,94.07475,94.0742935094379,94.0709838867188,94.0708767126957
1010.4,94.09317844,94.0749134311207,94.0729068986027,94.0729068986027,94.072906708343,94.07445,94.0739941099944,94.0710083007812,94.0709062833773
1010.45,94.09312298,94.0749148573051,94.0729152898151,94.0729152898151,94.0729150923778,94.07415,94.073694710551,94.0710327148438,94.0709358540588
1010.5,94.09306846,94.0749162834895,94.0729236810276,94.0729236810276,94.0729234764126,94.07385,94.0733953111076,94.0710571289062,94.0709654247404
1010.55,94.093013,94.0749177096739,94.0729320722401,94.0729320722401,94.0729318604473,94.07355,94.0730959116642,94.0710815429688,94.070994995422
1010.6,94.09295754,94.0749191358584,94.0729404634526,94.0729404634526,94.0729402444821,94.07325,94.0727965122208,94.0711059570312,94.0710245661036
1010.65,94.09290208,94.0749205620428,94.0729488546651,94.0729488546651,94.0729486285169,94.07295,94.0724971127773,94.0711303710937,94.0710541367852
1010.7,94.09284662,94.0749219882272,94.0729572458775,94.0729572458775,94.0729570125517,94.07265,94.0721977133339,94.0711547851563,94.0710837074668
1010.75,94.09279116,94.0749234144116,94.07296563709,94.07296563709,94.0729653965864,94.07235,94.0718983138905,94.0711791992187,94.0711132781484
1010.8,94.0927357,94.0749248405961,94.0729740283025,94.0729740283025,94.0729737806212,94.07205,94.0715989144471,94.0712036132813,94.07114284883
1010.85,94.09268024,94.0749262667805,94.072982419515,94.072982419515,94.072982164656,94.07175,94.0712995150037,94.0712280273438,94.0711724195116
1010.9,94.09262572,94.0749276929649,94.0729908107275,94.0729908107275,94.0729905486908,94.07145,94.0710001155602,94.0712524414062,94.0712019901932
1010.95,94.09257026,94.0749291191493,94.0729992019399,94.0729992019399,94.0729989327255,94.07115,94.0707007161168,94.0712768554688,94.0712315608748
1011,94.0925148,94.0749305453337,94.0730075931524,94.0730075931524,94.0730073167603,94.070925,94.0704763166734,94.0713012695312,94.0712611315564
1011.05,94.09245934,94.0749319715182,94.0730159843649,94.0730159843649,94.0730157007951,94.070775,94.07032691723,94.0713256835938,94.071290702238
1011.1,94.09240388,94.0749333977026,94.0730243755774,94.0730243755774,94.0730240848298,94.070625,94.0701775177866,94.0713500976562,94.0713202729196
1011.15,94.09234842,94.074934823887,94.0730327667899,94.0730327667899,94.0730324688646,94.070475,94.0700281183431,94.0713745117187,94.0713498436012
1011.2,94.09229296,94.0749362500714,94.0730411580023,94.0730411580023,94.0730408528994,94.070325,94.0698787188997,94.0713989257813,94.0713794142828
1011.25,94.0922375,94.0749376762559,94.0730495492148,94.0730495492148,94.0730492369342,94.070175,94.0697293194563,94.0714233398437,94.0714089849644
1011.3,94.09218204,94.0749391024403,94.0730579404273,94.0730579404273,94.0730576209689,94.070025,94.0695799200129,94.0714477539063,94.071438555646
1011.35,94.09212752,94.0749405286247,94.0730663316398,94.0730663316398,94.0730660050037,94.069875,94.0694305205695,94.0714721679688,94.0714681263276
1011.4,94.09207206,94.0749419548091,94.0730747228523,94.0730747228523,94.0730743890385,94.069725,94.069281121126,94.0714965820312,94.0714976970092
1011.45,94.0920166,94.0749433809936,94.0730831140647,94.0730831140647,94.0730827730732,94.069575,94.0691317216826,94.0715209960938,94.0715272676908
1011.5,94.09196114,94.074944807178,94.0730915052772,94.0730915052772,94.073091157108,94.069425,94.0689823222392,94.0715454101562,94.0715568383724
1011.55,94.09190568,94.0749462333624,94.0730998964897,94.0730998964897,94.0730995411428,94.069275,94.0688329227958,94.0715698242188,94.0715864090539
1011.6,94.09185022,94.0749476595468,94.0731082877022,94.0731082877022,94.0731079251776,94.069125,94.0686835233524,94.0715942382812,94.0716159797355
1011.65,94.09179476,94.0749490857312,94.0731166789147,94.0731166789147,94.0731163092123,94.068975,94.0685341239089,94.0716186523437,94.0716455504171
1011.7,94.0917393,94.0749505119157,94.0731250701271,94.0731250701271,94.0731246932471,94.068825,94.0683847244655,94.0716430664063,94.0716751210987
1011.75,94.09168478,94.0749519381001,94.0731334613396,94.0731334613396,94.0731330772819,94.068675,94.0682353250221,94.0716674804687,94.0717046917803
1011.8,94.09162932,94.0749533642845,94.0731418525521,94.0731418525521,94.0731414613167,94.068525,94.0680859255787,94.0716918945313,94.0717342624619
1011.85,94.09157386,94.074954790469,94.0731502437646,94.0731502437646,94.0731498453514,94.068375,94.0679365261353,94.0717163085938,94.0717638331435
1011.9,94.0915184,94.0749562166534,94.0731586349771,94.0731586349771,94.0731582293862,94.068225,94.0677871266918,94.0717407226562,94.0717934038251
1011.95,94.09146294,94.0749576428378,94.0731670261896,94.0731670261896,94.073166613421,94.068075,94.0676377272484,94.0717651367188,94.0718229745067
1012,94.09140748,94.0749590690222,94.073175417402,94.073175417402,94.0731749974557,94.068,94.067563327805,94.0717895507812,94.0718525451883
1012.05,94.09135202,94.0749604952066,94.0731838086145,94.0731838086145,94.0731833814905,94.068,94.0675639283616,94.0718139648438,94.0718821158699
1012.1,94.09129656,94.0749619213911,94.073192199827,94.073192199827,94.0731917655253,94.068,94.0675645289182,94.0718383789062,94.0719116865515
1012.15,94.09124204,94.0749633475755,94.0732005910395,94.0732005910395,94.0732001495601,94.068,94.0675651294747,94.0718627929687,94.0719412572331
1012.2,94.09118658,94.0749647737599,94.073208982252,94.073208982252,94.0732085335948,94.068,94.0675657300313,94.0718872070313,94.0719708279147
1012.25,94.09113112,94.0749661999443,94.0732173734644,94.0732173734644,94.0732169176296,94.068,94.0675663305879,94.0719116210937,94.0720003985963
1012.3,94.09107566,94.0749676261288,94.0732257646769,94.0732257646769,94.0732253016644,94.068,94.0675669311445,94.0719360351563,94.0720299692779
1012.35,94.0910202,94.0749690523132,94.0732341558894,94.0732341558894,94.0732336856992,94.068,94.067567531701,94.0719604492188,94.0720595399595
1012.4,94.09096474,94.0749704784976,94.0732425471019,94.0732425471019,94.0732420697339,94.068,94.0675681322576,94.0719848632812,94.0720891106411
1012.45,94.09090928,94.074971904682,94.0732509383144,94.0732509383144,94.0732504537687,94.068,94.0675687328142,94.0720092773438,94.0721186813227
1012.5,94.09085382,94.0749733308665,94.0732593295268,94.0732593295268,94.0732588378035,94.068,94.0675693333708,94.0720336914062,94.0721482520043
1012.55,94.09079836,94.0749747570509,94.0732677207393,94.0732677207393,94.0732672218382,94.068,94.0675699339274,94.0720581054688,94.0721778226859
1012.6,94.09074384,94.0749761832353,94.0732761119518,94.0732761119518,94.073275605873,94.068,94.0675705344839,94.0720825195312,94.0722073933675
1012.65,94.09068838,94.0749776094197,94.0732845031643,94.0732845031643,94.0732839899078,94.068,94.0675711350405,94.0721069335937,94.0722369640491
1012.7,94.09063292,94.0749790356042,94.0732928943768,94.0732928943768,94.0732923739426,94.068,94.0675717355971,94.0721313476563,94.0722665347306
1012.75,94.09057746,94.0749804617886,94.0733012855892,94.0733012855892,94.0733007579773,94.068,94.0675723361537,94.0721557617187,94.0722961054122
1012.8,94.090522,94.074981887973,94.0733096768017,94.0733096768017,94.0733091420121,94.068,94.0675729367103,94.0721801757813,94.0723256760938
1012.85,94.09046654,94.0749833141574,94.0733180680142,94.0733180680142,94.0733175260469,94.068,94.0675735372668,94.0722045898438,94.0723552467754
1012.9,94.09041108,94.0749847403418,94.0733264592267,94.0733264592267,94.0733259100816,94.068,94.0675741378234,94.0722290039062,94.072384817457
1012.95,94.09035562,94.0749861665263,94.0733348504392,94.0733348504392,94.0733342941164,94.068,94.06757473838,94.0722534179688,94.0724143881386
1013,94.0903011,94.0749875927107,94.0733432416516,94.0733432416516,94.0733426781512,94.068,94.0675753389366,94.0722778320312,94.0724439588202
1013.05,94.09024564,94.0749890188951,94.0733516328641,94.0733516328641,94.073351062186,94.068,94.0675759394932,94.0723022460938,94.0724735295018
1013.1,94.09019018,94.0749904450795,94.0733600240766,94.0733600240766,94.0733594462207,94.068,94.0675765400497,94.0723266601562,94.0725031001834
1013.15,94.09013472,94.074991871264,94.0733684152891,94.0733684152891,94.0733678302555,94.068,94.0675771406063,94.0723510742187,94.072532670865
1013.2,94.09007926,94.0749932974484,94.0733768065016,94.0733768065016,94.0733762142903,94.068,94.0675777411629,94.0723754882813,94.0725622415466
1013.25,94.0900238,94.0749947236328,94.073385197714,94.073385197714,94.073384598325,94.068,94.0675783417195,94.0723999023437,94.0725918122282
1013.3,94.08996834,94.0749961498172,94.0733935889265,94.0733935889265,94.0733929823598,94.068,94.0675789422761,94.0724243164063,94.0726213829098
1013.35,94.08991288,94.0749975760017,94.073401980139,94.073401980139,94.0734013663946,94.068,94.0675795428326,94.0724487304688,94.0726509535914
1013.4,94.08985742,94.0749990021861,94.0734103713515,94.0734103713515,94.0734097504294,94.068,94.0675801433892,94.0724731445312,94.072680524273
1013.45,94.0898029,94.0750004283705,94.073418762564,94.073418762564,94.0734181344641,94.068,94.0675807439458,94.0724975585938,94.0727100949546
1013.5,94.08974744,94.0750018545549,94.0734271537764,94.0734271537764,94.0734265184989,94.068,94.0675813445024,94.0725219726562,94.0727396656362
1013.55,94.08969198,94.0750032807394,94.0734355449889,94.0734355449889,94.0734349025337,94.068,94.0675819450589,94.0725463867188,94.0727692363178
1013.6,94.08963652,94.0750047069238,94.0734439362014,94.0734439362014,94.0734432865685,94.068,94.0675825456155,94.0725708007812,94.0727988069994
1013.65,94.08958106,94.0750061331082,94.0734523274139,94.0734523274139,94.0734516706032,94.068,94.0675831461721,94.0725952148437,94.072828377681
1013.7,94.0895256,94.0750075592926,94.0734607186264,94.0734607186264,94.073460054638,94.068,94.0675837467287,94.0726196289063,94.0728579483626
1013.75,94.08947014,94.0750089854771,94.0734691098389,94.0734691098389,94.0734684386728,94.068,94.0675843472853,94.0726440429687,94.0728875190442
1013.8,94.08941468,94.0750104116615,94.0734775010513,94.0734775010513,94.0734768227075,94.068,94.0675849478419,94.0726684570313,94.0729170897258
1013.85,94.08936016,94.0750118378459,94.0734858922638,94.0734858922638,94.0734852067423,94.068,94.0675855483984,94.0726928710938,94.0729466604074
1013.9,94.0893047,94.0750132640303,94.0734942834763,94.0734942834763,94.0734935907771,94.068,94.067586148955,94.0727172851562,94.0729762310889
1013.95,94.08924924,94.0750146902147,94.0735026746888,94.0735026746888,94.0735019748119,94.068,94.0675867495116,94.0727416992188,94.0730058017705
1014,94.08919378,94.0750161163992,94.0735110659013,94.0735110659013,94.0735103588466,94.06815,94.0677373500682,94.0727661132812,94.0730353724521
1014.05,94.08913832,94.0750175425836,94.0735194571137,94.0735194571137,94.0735187428814,94.06845,94.0680379506247,94.0727905273438,94.0730649431337
1014.1,94.08908286,94.075018968768,94.0735278483262,94.0735278483262,94.0735271269162,94.06875,94.0683385511813,94.0728149414062,94.0730945138153
1014.15,94.0890274,94.0750203949524,94.0735362395387,94.0735362395387,94.073535510951,94.06905,94.0686391517379,94.0728393554687,94.0731240844969
1014.2,94.08897194,94.0750218211369,94.0735446307512,94.0735446307512,94.0735438949857,94.06935,94.0689397522945,94.0728637695313,94.0731536551785
1014.25,94.08891648,94.0750232473213,94.0735530219636,94.0735530219636,94.0735522790205,94.06965,94.0692403528511,94.0728881835937,94.0731832258601
1014.3,94.08886196,94.0750246735057,94.0735614131761,94.0735614131761,94.0735606630553,94.06995,94.0695409534076,94.0729125976563,94.0732127965417
1014.35,94.0888065,94.0750260996901,94.0735698043886,94.0735698043886,94.07356904709,94.07025,94.0698415539642,94.0729370117188,94.0732423672233
1014.4,94.08875104,94.0750275258746,94.0735781956011,94.0735781956011,94.0735774311248,94.07055,94.0701421545208,94.0729614257812,94.0732719379049
1014.45,94.08869558,94.075028952059,94.0735865868136,94.0735865868136,94.0735858151596,94.07085,94.0704427550774,94.0729858398438,94.0733015085865
1014.5,94.08864012,94.0750303782434,94.0735949780261,94.0735949780261,94.0735941991944,94.07115,94.070743355634,94.0730102539062,94.0733310792681
1014.55,94.08858466,94.0750318044278,94.0736033692385,94.0736033692385,94.0736025832291,94.07145,94.0710439561905,94.0730346679688,94.0733606499497
1014.6,94.0885292,94.0750332306123,94.073611760451,94.073611760451,94.0736109672639,94.07175,94.0713445567471,94.0730590820312,94.0733902206313
1014.65,94.08847374,94.0750346567967,94.0736201516635,94.0736201516635,94.0736193512987,94.07205,94.0716451573037,94.0730834960937,94.0734197913129
1014.7,94.08841922,94.0750360829811,94.073628542876,94.073628542876,94.0736277353335,94.07235,94.0719457578603,94.0731079101563,94.0734493619945
1014.75,94.08836376,94.0750375091655,94.0736369340885,94.0736369340885,94.0736361193682,94.07265,94.0722463584168,94.0731323242187,94.0734789326761
1014.8,94.0883083,94.07503893535,94.0736453253009,94.0736453253009,94.073644503403,94.07295,94.0725469589734,94.0731567382813,94.0735085033577
1014.85,94.08825284,94.0750403615344,94.0736537165134,94.0736537165134,94.0736528874378,94.07325,94.07284755953,94.0731811523438,94.0735380740393
1014.9,94.08819738,94.0750417877188,94.0736621077259,94.0736621077259,94.0736612714725,94.07355,94.0731481600866,94.0732055664062,94.0735676447209
1014.95,94.08814192,94.0750432139032,94.0736704989384,94.0736704989384,94.0736696555073,94.07385,94.0734487606432,94.0732299804688,94.0735972154025
1015,94.08808646,94.0750446400877,94.0736788901509,94.0736788901509,94.0736780395421,94.074125,94.0737243611998,94.0732543945312,94.073626786084
1015.05,94.088031,94.0750460662721,94.0736872813633,94.0736872813633,94.0736864235769,94.074375,94.0739749617563,94.0732788085938,94.0736563567657
1015.1,94.08797648,94.0750474924565,94.0736956725758,94.0736956725758,94.0736948076116,94.074625,94.0742255623129,94.0733032226562,94.0736859274472
1015.15,94.08792102,94.0750489186409,94.0737040637883,94.0737040637883,94.0737031916464,94.074875,94.0744761628695,94.0733276367187,94.0737154981288
1015.2,94.08786556,94.0750503448253,94.0737124550008,94.0737124550008,94.0737115756812,94.075125,94.0747267634261,94.0733520507813,94.0737450688104
1015.25,94.0878101,94.0750517710098,94.0737208462133,94.0737208462133,94.073719959716,94.075375,94.0749773639826,94.0733764648437,94.073774639492
1015.3,94.08775464,94.0750531971942,94.0737292374257,94.0737292374257,94.0737283437507,94.075625,94.0752279645392,94.0734008789063,94.0738042101736
1015.35,94.08769918,94.0750546233786,94.0737376286382,94.0737376286382,94.0737367277855,94.075875,94.0754785650958,94.0734252929688,94.0738337808552
1015.4,94.08764372,94.075056049563,94.0737460198507,94.0737460198507,94.0737451118203,94.076125,94.0757291656524,94.0734497070312,94.0738633515368
1015.45,94.08758826,94.0750574757475,94.0737544110632,94.0737544110632,94.073753495855,94.076375,94.075979766209,94.0734741210938,94.0738929222184
1015.5,94.0875328,94.0750589019319,94.0737628022757,94.0737628022757,94.0737618798898,94.076625,94.0762303667655,94.0734985351562,94.0739224929
1015.55,94.08747828,94.0750603281163,94.0737711934881,94.0737711934881,94.0737702639246,94.076875,94.0764809673221,94.0735229492188,94.0739520635816
1015.6,94.08742282,94.0750617543007,94.0737795847006,94.0737795847006,94.0737786479594,94.077125,94.0767315678787,94.0735473632812,94.0739816342632
1015.65,94.08736736,94.0750631804852,94.0737879759131,94.0737879759131,94.0737870319941,94.077375,94.0769821684353,94.0735717773437,94.0740112049448
1015.7,94.0873119,94.0750646066696,94.0737963671256,94.0737963671256,94.0737954160289,94.077625,94.0772327689919,94.0735961914063,94.0740407756264
1015.75,94.08725644,94.075066032854,94.0738047583381,94.0738047583381,94.0738038000637,94.077875,94.0774833695484,94.0736206054687,94.074070346308
1015.8,94.08720098,94.0750674590384,94.0738131495505,94.0738131495505,94.0738121840984,94.078125,94.077733970105,94.0736450195313,94.0740999169896
1015.85,94.08714552,94.0750688852228,94.073821540763,94.073821540763,94.0738205681332,94.078375,94.0779845706616,94.0736694335938,94.0741294876712
1015.9,94.08709006,94.0750703114073,94.0738299319755,94.0738299319755,94.073828952168,94.078625,94.0782351712182,94.0736938476562,94.0741590583528
1015.95,94.08703554,94.0750717375917,94.073838323188,94.073838323188,94.0738373362028,94.078875,94.0784857717748,94.0737182617188,94.0741886290344
1016,94.08698008,94.0750731637761,94.0738467144005,94.0738467144005,94.0738457202375,94.079075,94.0786863723313,94.0737426757812,94.074218199716
1016.05,94.08692462,94.0750745899606,94.0738551056129,94.0738551056129,94.0738541042723,94.079225,94.0788369728879,94.0737670898438,94.0742477703976
1016.1,94.08686916,94.075076016145,94.0738634968254,94.0738634968254,94.0738624883071,94.079375,94.0789875734445,94.0737915039062,94.0742773410792
1016.15,94.0868137,94.0750774423294,94.0738718880379,94.0738718880379,94.0738708723419,94.079525,94.0791381740011,94.0738159179687,94.0743069117608
1016.2,94.08675824,94.0750788685138,94.0738802792504,94.0738802792504,94.0738792563766,94.079675,94.0792887745577,94.0738403320313,94.0743364824423
1016.25,94.08670278,94.0750802946982,94.0738886704629,94.0738886704629,94.0738876404114,94.079825,94.0794393751142,94.0738647460937,94.074366053124
1016.3,94.08664732,94.0750817208827,94.0738970616754,94.0738970616754,94.0738960244462,94.079975,94.0795899756708,94.0738891601563,94.0743956238055
1016.35,94.08659186,94.0750831470671,94.0739054528878,94.0739054528878,94.0739044084809,94.080125,94.0797405762274,94.0739135742188,94.0744251944871
1016.4,94.08653734,94.0750845732515,94.0739138441003,94.0739138441003,94.0739127925157,94.080275,94.079891176784,94.0739379882812,94.0744547651687
1016.45,94.08648188,94.0750859994359,94.0739222353128,94.0739222353128,94.0739211765505,94.080425,94.0800417773406,94.0739624023438,94.0744843358503
1016.5,94.08642642,94.0750874256204,94.0739306265253,94.0739306265253,94.0739295605853,94.080575,94.0801923778971,94.0739868164062,94.0745139065319
1016.55,94.08637096,94.0750888518048,94.0739390177378,94.0739390177378,94.07393794462,94.080725,94.0803429784537,94.0740112304688,94.0745434772135
1016.6,94.0863155,94.0750902779892,94.0739474089502,94.0739474089502,94.0739463286548,94.080875,94.0804935790103,94.0740356445312,94.0745730478951
1016.65,94.08626004,94.0750917041736,94.0739558001627,94.0739558001627,94.0739547126896,94.081025,94.0806441795669,94.0740600585937,94.0746026185767
1016.7,94.08620458,94.0750931303581,94.0739641913752,94.0739641913752,94.0739630967244,94.081175,94.0807947801234,94.0740844726563,94.0746321892583
1016.75,94.08614912,94.0750945565425,94.0739725825877,94.0739725825877,94.0739714807591,94.081325,94.08094538068,94.0741088867187,94.0746617599399
1016.8,94.0860946,94.0750959827269,94.0739809738002,94.0739809738002,94.0739798647939,94.081475,94.0810959812366,94.0741333007813,94.0746913306215
1016.85,94.08603914,94.0750974089113,94.0739893650126,94.0739893650126,94.0739882488287,94.081625,94.0812465817932,94.0741577148438,94.0747209013031
1016.9,94.08598368,94.0750988350958,94.0739977562251,94.0739977562251,94.0739966328634,94.081775,94.0813971823498,94.0741821289062,94.0747504719847
1016.95,94.08592822,94.0751002612802,94.0740061474376,94.0740061474376,94.0740050168982,94.081925,94.0815477829063,94.0742065429688,94.0747800426663
1017,94.08587276,94.0751016874646,94.0740145386501,94.0740145386501,94.074013400933,94.082,94.0816233834629,94.0741943359375,94.0747729922541
1017.05,94.0858173,94.075103113649,94.0740229298626,94.0740229298626,94.0740217849678,94.082,94.0816239840195,94.0741455078125,94.0747293207482
1017.1,94.08576184,94.0751045398334,94.074031321075,94.074031321075,94.0740301690025,94.082,94.0816245845761,94.0740966796875,94.0746856492423
1017.15,94.08570638,94.0751059660179,94.0740397122875,94.0740397122875,94.0740385530373,94.082,94.0816251851327,94.0740478515625,94.0746419777364
1017.2,94.08565092,94.0751073922023,94.0740481035,94.0740481035,94.0740469370721,94.082,94.0816257856892,94.0739990234375,94.0745983062305
1017.25,94.0855964,94.0751088183867,94.0740564947125,94.0740564947125,94.0740553211069,94.082,94.0816263862458,94.0739501953125,94.0745546347246
1017.3,94.08554094,94.0751102445711,94.074064885925,94.074064885925,94.0740637051416,94.082,94.0816269868024,94.0739013671875,94.0745109632187
1017.35,94.08548548,94.0751116707556,94.0740732771374,94.0740732771374,94.0740720891764,94.082,94.081627587359,94.0738525390625,94.0744672917128
1017.4,94.08543002,94.07511309694,94.0740816683499,94.0740816683499,94.0740804732112,94.082,94.0816281879156,94.0738037109375,94.0744236202069
1017.45,94.08537456,94.0751145231244,94.0740900595624,94.0740900595624,94.0740888572459,94.082,94.0816287884721,94.0737548828125,94.074379948701
1017.5,94.0853191,94.0751159493088,94.0740984507749,94.0740984507749,94.0740972412807,94.082,94.0816293890287,94.0737060546875,94.0743362771951
1017.55,94.08526364,94.0751173754933,94.0741068419874,94.0741068419874,94.0741056253155,94.082,94.0816299895853,94.0736572265625,94.0742926056892
1017.6,94.08520818,94.0751188016777,94.0741152331998,94.0741152331998,94.0741140093503,94.082,94.0816305901419,94.0736083984375,94.0742489341833
1017.65,94.08515366,94.0751202278621,94.0741236244123,94.0741236244123,94.074122393385,94.082,94.0816311906985,94.0735595703125,94.0742052626774
1017.7,94.0850982,94.0751216540465,94.0741320156248,94.0741320156248,94.0741307774198,94.082,94.081631791255,94.0735107421875,94.0741615911715
1017.75,94.08504274,94.075123080231,94.0741404068373,94.0741404068373,94.0741391614546,94.082,94.0816323918116,94.0734619140625,94.0741179196656
1017.8,94.08498728,94.0751245064154,94.0741487980498,94.0741487980498,94.0741475454894,94.082,94.0816329923682,94.0734130859375,94.0740742481597
1017.85,94.08493182,94.0751259325998,94.0741571892623,94.0741571892623,94.0741559295241,94.082,94.0816335929248,94.0733642578125,94.0740305766538
1017.9,94.08487636,94.0751273587842,94.0741655804747,94.0741655804747,94.0741643135589,94.082,94.0816341934813,94.0733154296875,94.0739869051478
1017.95,94.0848209,94.0751287849687,94.0741739716872,94.0741739716872,94.0741726975937,94.082,94.0816347940379,94.0732666015625,94.073943233642
1018,94.08476544,94.0751302111531,94.0741823628997,94.0741823628997,94.0741810816284,94.082,94.0816353945945,94.0732177734375,94.073899562136
1018.05,94.08471092,94.0751316373375,94.0741907541122,94.0741907541122,94.0741894656632,94.082,94.0816359951511,94.0731689453125,94.0738558906301
1018.1,94.08465546,94.0751330635219,94.0741991453247,94.0741991453247,94.074197849698,94.082,94.0816365957077,94.0731201171875,94.0738122191242
1018.15,94.0846,94.0751344897063,94.0742075365371,94.0742075365371,94.0742062337328,94.082,94.0816371962643,94.0730712890625,94.0737685476183
1018.2,94.08454454,94.0751359158908,94.0742159277496,94.0742159277496,94.0742146177675,94.082,94.0816377968208,94.0730224609375,94.0737248761124
1018.25,94.08448908,94.0751373420752,94.0742243189621,94.0742243189621,94.0742230018023,94.082,94.0816383973774,94.0729736328125,94.0736812046065
1018.3,94.08443362,94.0751387682596,94.0742327101746,94.0742327101746,94.0742313858371,94.082,94.081638997934,94.0729248046875,94.0736375331006
1018.35,94.08437816,94.075140194444,94.0742411013871,94.0742411013871,94.0742397698719,94.082,94.0816395984906,94.0728759765625,94.0735938615947
1018.4,94.0843227,94.0751416206285,94.0742494925995,94.0742494925995,94.0742481539066,94.082,94.0816401990471,94.0728271484375,94.0735501900888
1018.45,94.08426724,94.0751430468129,94.074257883812,94.074257883812,94.0742565379414,94.082,94.0816407996037,94.0727783203125,94.0735065185829
1018.5,94.08421272,94.0751444729973,94.0742662750245,94.0742662750245,94.0742649219762,94.082,94.0816414001603,94.0727294921875,94.073462847077
1018.55,94.08415726,94.0751458991817,94.074274666237,94.074274666237,94.0742733060109,94.082,94.0816420007169,94.0726806640625,94.0734191755711
1018.6,94.0841018,94.0751473253662,94.0742830574495,94.0742830574495,94.0742816900457,94.082,94.0816426012735,94.0726318359375,94.0733755040652
1018.65,94.08404634,94.0751487515506,94.0742914486619,94.0742914486619,94.0742900740805,94.082,94.08164320183,94.0725830078125,94.0733318325593
1018.7,94.08399088,94.075150177735,94.0742998398744,94.0742998398744,94.0742984581153,94.082,94.0816438023866,94.0725341796875,94.0732881610534
1018.75,94.08393542,94.0751516039194,94.0743082310869,94.0743082310869,94.07430684215,94.082,94.0816444029432,94.0724853515625,94.0732444895475
1018.8,94.08387996,94.0751530301039,94.0743166222994,94.0743166222994,94.0743152261848,94.082,94.0816450034998,94.0724365234375,94.0732008180416
1018.85,94.0838245,94.0751544562883,94.0743250135119,94.0743250135119,94.0743236102196,94.082,94.0816456040564,94.0723876953125,94.0731571465357
1018.9,94.08376998,94.0751558824727,94.0743334047243,94.0743334047243,94.0743319942543,94.082,94.0816462046129,94.0723388671875,94.0731134750298
1018.95,94.08371452,94.0751573086571,94.0743417959368,94.0743417959368,94.0743403782891,94.082,94.0816468051695,94.0722900390625,94.0730698035239
1019,94.08365906,94.0751587348416,94.0743501871493,94.0743501871493,94.0743487623239,94.081825,94.0814724057261,94.0722412109375,94.073026132018
1019.05,94.0836036,94.075160161026,94.0743585783618,94.0743585783618,94.0743571463587,94.081475,94.0811230062827,94.0721923828125,94.0729824605121
1019.1,94.08354814,94.0751615872104,94.0743669695743,94.0743669695743,94.0743655303934,94.081125,94.0807736068393,94.0721435546875,94.0729387890061
1019.15,94.08349268,94.0751630133948,94.0743753607867,94.0743753607867,94.0743739144282,94.080775,94.0804242073958,94.0720947265625,94.0728951175003
1019.2,94.08343722,94.0751644395793,94.0743837519992,94.0743837519992,94.074382298463,94.080425,94.0800748079524,94.0720458984375,94.0728514459943
1019.25,94.08338176,94.0751658657637,94.0743921432117,94.0743921432117,94.0743906824978,94.080075,94.079725408509,94.0719970703125,94.0728077744884
1019.3,94.0833263,94.0751672919481,94.0744005344242,94.0744005344242,94.0743990665325,94.079725,94.0793760090656,94.0719482421875,94.0727641029825
1019.35,94.08327178,94.0751687181325,94.0744089256367,94.0744089256367,94.0744074505673,94.079375,94.0790266096221,94.0718994140625,94.0727204314766
1019.4,94.08321632,94.0751701443169,94.0744173168491,94.0744173168491,94.0744158346021,94.079025,94.0786772101787,94.0718505859375,94.0726767599707
1019.45,94.08316086,94.0751715705014,94.0744257080616,94.0744257080616,94.0744242186368,94.078675,94.0783278107353,94.0718017578125,94.0726330884648
1019.5,94.0831054,94.0751729966858,94.0744340992741,94.0744340992741,94.0744326026716,94.078325,94.0779784112919,94.0717529296875,94.0725894169589
1019.55,94.08304994,94.0751744228702,94.0744424904866,94.0744424904866,94.0744409867064,94.077975,94.0776290118485,94.0717041015625,94.072545745453
1019.6,94.08299448,94.0751758490546,94.0744508816991,94.0744508816991,94.0744493707412,94.077625,94.0772796124051,94.0716552734375,94.0725020739471
1019.65,94.08293902,94.0751772752391,94.0744592729116,94.0744592729116,94.0744577547759,94.077275,94.0769302129616,94.0716064453125,94.0724584024412
1019.7,94.08288356,94.0751787014235,94.074467664124,94.074467664124,94.0744661388107,94.076925,94.0765808135182,94.0715576171875,94.0724147309353
1019.75,94.08282904,94.0751801276079,94.0744760553365,94.0744760553365,94.0744745228455,94.076575,94.0762314140748,94.0715087890625,94.0723710594294
1019.8,94.08277358,94.0751815537923,94.074484446549,94.074484446549,94.0744829068802,94.076225,94.0758820146314,94.0714599609375,94.0723273879235
1019.85,94.08271812,94.0751829799768,94.0744928377615,94.0744928377615,94.074491290915,94.075875,94.0755326151879,94.0714111328125,94.0722837164176
1019.9,94.08266266,94.0751844061612,94.074501228974,94.074501228974,94.0744996749498,94.075525,94.0751832157445,94.0713623046875,94.0722400449117
1019.95,94.0826072,94.0751858323456,94.0745096201864,94.0745096201864,94.0745080589846,94.075175,94.0748338163011,94.0713134765625,94.0721963734058
1020,94.08255174,94.07506225853,94.0743930113989,94.0743930113989,94.0743914430193,94.0748,94.0744594168577,94.0712646484375,94.0721527018999
1020.05,94.08249628,94.074812767739,94.0741508464977,94.0741508464977,94.074149284771,94.0744,94.0740595615103,94.0712158203125,94.0720942912027
1020.1,94.08244082,94.0745632769481,94.0739086815966,94.0739086815966,94.0739071265226,94.074,94.0736597061629,94.0711669921875,94.0720358805056
1020.15,94.08238536,94.0743137861571,94.0736665166954,94.0736665166954,94.0736649682742,94.0736,94.0732598508154,94.0711181640625,94.0719774698085
1020.2,94.08233084,94.0740642953661,94.0734243517942,94.0734243517942,94.0734228100259,94.0732,94.072859995468,94.0710693359375,94.0719190591113
1020.25,94.08227538,94.0738148045751,94.0731821868931,94.0731821868931,94.0731806517775,94.0728,94.0724601401206,94.0710205078125,94.0718606484142
1020.3,94.08221992,94.0735653137841,94.0729400219919,94.0729400219919,94.0729384935292,94.0724,94.0720602847732,94.0709716796875,94.0718022377171
1020.35,94.08216446,94.0733158229931,94.0726978570908,94.0726978570908,94.0726963352808,94.072,94.0716604294258,94.0709228515625,94.0717438270199
1020.4,94.082109,94.0730663322021,94.0724556921896,94.0724556921896,94.0724541770324,94.0716,94.0712605740784,94.0708740234375,94.0716854163228
1020.45,94.08205354,94.0728168414111,94.0722135272884,94.0722135272884,94.0722120187841,94.0712,94.0708607187309,94.0708251953125,94.0716270056257
1020.5,94.08199808,94.0725673506201,94.0719713623873,94.0719713623873,94.0719698605357,94.0708,94.0704608633835,94.0707763671875,94.0715685949285
1020.55,94.08194262,94.0723178598292,94.0717291974861,94.0717291974861,94.0717277022873,94.0704,94.0700610080361,94.0707275390625,94.0715101842314
1020.6,94.0818881,94.0720683690382,94.0714870325849,94.0714870325849,94.071485544039,94.07,94.0696611526887,94.0706787109375,94.0714517735343
1020.65,94.08183264,94.0718188782472,94.0712448676838,94.0712448676838,94.0712433857906,94.0696,94.0692612973413,94.0706298828125,94.0713933628371
1020.7,94.08177718,94.0715693874562,94.0710027027826,94.0710027027826,94.0710012275423,94.0692,94.0688614419939,94.0705810546875,94.07133495214
1020.75,94.08172172,94.0713198966652,94.0707605378814,94.0707605378814,94.0707590692939,94.0688,94.0684615866464,94.0705322265625,94.0712765414429
1020.8,94.08166626,94.0710704058742,94.0705183729803,94.0705183729803,94.0705169110455,94.0684,94.068061731299,94.0704833984375,94.0712181307457
1020.85,94.0816108,94.0708209150832,94.0702762080791,94.0702762080791,94.0702747527972,94.068,94.0676618759516,94.0704345703125,94.0711597200486
1020.9,94.08155534,94.0705714242922,94.0700340431779,94.0700340431779,94.0700325945488,94.0676,94.0672620206042,94.0703857421875,94.0711013093515
1020.95,94.08149988,94.0703219335012,94.0697918782768,94.0697918782768,94.0697904363004,94.0672,94.0668621652568,94.0703369140625,94.0710428986543
1021,94.08144536,94.0700724427103,94.0695497133756,94.0695497133756,94.0695482780521,94.0669,94.0665623099094,94.0702880859375,94.0709844879572
1021.05,94.0813899,94.0698229519193,94.0693075484744,94.0693075484744,94.0693061198037,94.0667,94.066362454562,94.0702392578125,94.0709260772601
1021.1,94.08133444,94.0695734611283,94.0690653835733,94.0690653835733,94.0690639615554,94.0665,94.0661625992146,94.0701904296875,94.0708676665629
1021.15,94.08127898,94.0693239703373,94.0688232186721,94.0688232186721,94.068821803307,94.0663,94.0659627438671,94.0701416015625,94.0708092558658
1021.2,94.08122352,94.0690744795463,94.0685810537709,94.0685810537709,94.0685796450586,94.0661,94.0657628885197,94.0700927734375,94.0707508451686
1021.25,94.08116806,94.0688249887553,94.0683388888698,94.0683388888698,94.0683374868103,94.0659,94.0655630331723,94.0700439453125,94.0706924344715
1021.3,94.0811126,94.0685754979643,94.0680967239686,94.0680967239686,94.0680953285619,94.0657,94.0653631778249,94.0699951171875,94.0706340237744
1021.35,94.08105714,94.0683260071733,94.0678545590674,94.0678545590674,94.0678531703135,94.0655,94.0651633224775,94.0699462890625,94.0705756130773
1021.4,94.08100168,94.0680765163824,94.0676123941663,94.0676123941663,94.0676110120652,94.0653,94.0649634671301,94.0698974609375,94.0705172023801
1021.45,94.08094716,94.0678270255914,94.0673702292651,94.0673702292651,94.0673688538168,94.0651,94.0647636117826,94.0698486328125,94.070458791683
1021.5,94.0808917,94.0675775348004,94.0671280643639,94.0671280643639,94.0671266955684,94.0649,94.0645637564352,94.0697998046875,94.0704003809858
1021.55,94.08083624,94.0673280440094,94.0668858994628,94.0668858994628,94.0668845373201,94.0647,94.0643639010878,94.0697509765625,94.0703419702887
1021.6,94.08078078,94.0670785532184,94.0666437345616,94.0666437345616,94.0666423790717,94.0645,94.0641640457404,94.0697021484375,94.0702835595916
1021.65,94.08072532,94.0668290624274,94.0664015696604,94.0664015696604,94.0664002208234,94.0643,94.063964190393,94.0696533203125,94.0702251488944
1021.7,94.08066986,94.0665795716364,94.0661594047593,94.0661594047593,94.066158062575,94.0641,94.0637643350456,94.0696044921875,94.0701667381973
1021.75,94.0806144,94.0663300808454,94.0659172398581,94.0659172398581,94.0659159043266,94.0639,94.0635644796981,94.0695556640625,94.0701083275002
1021.8,94.08055894,94.0660805900545,94.0656750749569,94.0656750749569,94.0656737460783,94.0637,94.0633646243507,94.0695068359375,94.070049916803
1021.85,94.08050442,94.0658310992635,94.0654329100558,94.0654329100558,94.0654315878299,94.0635,94.0631647690033,94.0694580078125,94.0699915061059
1021.9,94.08044896,94.0655816084725,94.0651907451546,94.0651907451546,94.0651894295816,94.0633,94.0629649136559,94.0694091796875,94.0699330954088
1021.95,94.0803935,94.0653321176815,94.0649485802535,94.0649485802535,94.0649472713332,94.0631,94.0627650583085,94.0693603515625,94.0698746847116
1022,94.08033804,94.0652076268905,94.0648314153523,94.0648314153523,94.0648301130848,94.063,94.0626652029611,94.0693115234375,94.0698162740145
1022.05,94.08028258,94.0652081360995,94.0648392504511,94.0648392504511,94.0648379548365,94.063,94.0626653476136,94.0692626953125,94.0697578633174
1022.1,94.08022712,94.0652086453085,94.06484708555,94.06484708555,94.0648457965881,94.063,94.0626654922662,94.0692138671875,94.0696994526202
1022.15,94.08017166,94.0652091545175,94.0648549206488,94.0648549206488,94.0648536383397,94.063,94.0626656369188,94.0691650390625,94.0696410419231
1022.2,94.0801162,94.0652096637265,94.0648627557476,94.0648627557476,94.0648614800914,94.063,94.0626657815714,94.0691162109375,94.069582631226
1022.25,94.08006074,94.0652101729356,94.0648705908465,94.0648705908465,94.064869321843,94.063,94.062665926224,94.0690673828125,94.0695242205288
1022.3,94.08000622,94.0652106821446,94.0648784259453,94.0648784259453,94.0648771635946,94.063,94.0626660708766,94.0690185546875,94.0694658098317
1022.35,94.07995076,94.0652111913536,94.0648862610441,94.0648862610441,94.0648850053463,94.063,94.0626662155292,94.0689697265625,94.0694073991346
1022.4,94.0798953,94.0652117005626,94.064894096143,94.064894096143,94.0648928470979,94.063,94.0626663601817,94.0689208984375,94.0693489884374
1022.45,94.07983984,94.0652122097716,94.0649019312418,94.0649019312418,94.0649006888495,94.063,94.0626665048343,94.0688720703125,94.0692905777403
1022.5,94.07978438,94.0652127189806,94.0649097663406,94.0649097663406,94.0649085306012,94.063,94.0626666494869,94.0688232421875,94.0692321670432
1022.55,94.07972892,94.0652132281896,94.0649176014395,94.0649176014395,94.0649163723528,94.063,94.0626667941395,94.0687744140625,94.069173756346
1022.6,94.07967346,94.0652137373986,94.0649254365383,94.0649254365383,94.0649242141045,94.063,94.0626669387921,94.0687255859375,94.0691153456489
1022.65,94.079618,94.0652142466077,94.0649332716371,94.0649332716371,94.0649320558561,94.063,94.0626670834447,94.0686767578125,94.0690569349518
1022.7,94.07956348,94.0652147558167,94.064941106736,94.064941106736,94.0649398976077,94.063,94.0626672280973,94.0686279296875,94.0689985242546
1022.75,94.07950802,94.0652152650257,94.0649489418348,94.0649489418348,94.0649477393594,94.063,94.0626673727498,94.0685791015625,94.0689401135575
1022.8,94.07945256,94.0652157742347,94.0649567769336,94.0649567769336,94.064955581111,94.063,94.0626675174024,94.0685302734375,94.0688817028604
1022.85,94.0793971,94.0652162834437,94.0649646120325,94.0649646120325,94.0649634228626,94.063,94.062667662055,94.0684814453125,94.0688232921632
1022.9,94.07934164,94.0652167926527,94.0649724471313,94.0649724471313,94.0649712646143,94.063,94.0626678067076,94.0684326171875,94.0687648814661
1022.95,94.07928618,94.0652173018617,94.0649802822301,94.0649802822301,94.0649791063659,94.063,94.0626679513602,94.0683837890625,94.0687064707689
1023,94.07923072,94.0652178110707,94.064988117329,94.064988117329,94.0649869481176,94.063,94.0626680960128,94.0683349609375,94.0686480600718
1023.05,94.07917526,94.0652183202797,94.0649959524278,94.0649959524278,94.0649947898692,94.063,94.0626682406653,94.0682861328125,94.0685896493747
1023.1,94.0791198,94.0652188294888,94.0650037875266,94.0650037875266,94.0650026316208,94.063,94.0626683853179,94.0682373046875,94.0685312386776
1023.15,94.07906528,94.0652193386978,94.0650116226255,94.0650116226255,94.0650104733725,94.063,94.0626685299705,94.0681884765625,94.0684728279804
1023.2,94.07900982,94.0652198479068,94.0650194577243,94.0650194577243,94.0650183151241,94.063,94.0626686746231,94.0681396484375,94.0684144172833
1023.25,94.07895436,94.0652203571158,94.0650272928231,94.0650272928231,94.0650261568757,94.063,94.0626688192757,94.0680908203125,94.0683560065861
1023.3,94.0788989,94.0652208663248,94.065035127922,94.065035127922,94.0650339986274,94.063,94.0626689639283,94.0680419921875,94.068297595889
1023.35,94.07884344,94.0652213755338,94.0650429630208,94.0650429630208,94.065041840379,94.063,94.0626691085808,94.0679931640625,94.0682391851919
1023.4,94.07878798,94.0652218847428,94.0650507981196,94.0650507981196,94.0650496821307,94.063,94.0626692532334,94.0679443359375,94.0681807744947
1023.45,94.07873252,94.0652223939518,94.0650586332185,94.0650586332185,94.0650575238823,94.063,94.062669397886,94.0678955078125,94.0681223637976
1023.5,94.07867706,94.0652229031608,94.0650664683173,94.0650664683173,94.0650653656339,94.063,94.0626695425386,94.0678466796875,94.0680639531005
1023.55,94.07862254,94.0652234123699,94.0650743034162,94.0650743034162,94.0650732073856,94.063,94.0626696871912,94.0677978515625,94.0680055424033
1023.6,94.07856708,94.0652239215789,94.065082138515,94.065082138515,94.0650810491372,94.063,94.0626698318438,94.0677490234375,94.0679471317062
1023.65,94.07851162,94.0652244307879,94.0650899736138,94.0650899736138,94.0650888908888,94.063,94.0626699764964,94.0677001953125,94.0678887210091
1023.7,94.07845616,94.0652249399969,94.0650978087127,94.0650978087127,94.0650967326405,94.063,94.0626701211489,94.0676513671875,94.0678303103119
1023.75,94.0784007,94.0652254492059,94.0651056438115,94.0651056438115,94.0651045743921,94.063,94.0626702658015,94.0676025390625,94.0677718996148
1023.8,94.07834524,94.0652259584149,94.0651134789103,94.0651134789103,94.0651124161438,94.063,94.0626704104541,94.0675537109375,94.0677134889177
1023.85,94.07828978,94.0652264676239,94.0651213140091,94.0651213140091,94.0651202578954,94.063,94.0626705551067,94.0675048828125,94.0676550782205
1023.9,94.07823432,94.0652269768329,94.065129149108,94.065129149108,94.065128099647,94.063,94.0626706997593,94.0674560546875,94.0675966675234
1023.95,94.0781798,94.0652274860419,94.0651369842068,94.0651369842068,94.0651359413987,94.063,94.0626708444119,94.0674072265625,94.0675382568263
1024,94.07812434,94.065227995251,94.0651448193057,94.0651448193057,94.0651437831503,94.063075,94.0627459890645,94.0673583984375,94.0674798461291
1024.05,94.07806888,94.06522850446,94.0651526544045,94.0651526544045,94.0651516249019,94.063225,94.062896133717,94.0673095703125,94.067421435432
1024.1,94.07801342,94.065229013669,94.0651604895033,94.0651604895033,94.0651594666536,94.063375,94.0630462783696,94.0672607421875,94.0673630247349
1024.15,94.07795796,94.065229522878,94.0651683246022,94.0651683246022,94.0651673084052,94.063525,94.0631964230222,94.0672119140625,94.0673046140377
1024.2,94.0779025,94.065230032087,94.065176159701,94.065176159701,94.0651751501568,94.063675,94.0633465676748,94.0671630859375,94.0672462033406
1024.25,94.07784704,94.065230541296,94.0651839947998,94.0651839947998,94.0651829919085,94.063825,94.0634967123274,94.0671142578125,94.0671877926435
1024.3,94.07779158,94.065231050505,94.0651918298987,94.0651918298987,94.0651908336601,94.063975,94.06364685698,94.0670654296875,94.0671293819463
1024.35,94.07773612,94.0652315597141,94.0651996649975,94.0651996649975,94.0651986754118,94.064125,94.0637970016325,94.0670166015625,94.0670709712492
1024.4,94.0776816,94.0652320689231,94.0652075000963,94.0652075000963,94.0652065171634,94.064275,94.0639471462851,94.0669677734375,94.0670125605521
1024.45,94.07762614,94.0652325781321,94.0652153351952,94.0652153351952,94.065214358915,94.064425,94.0640972909377,94.0669189453125,94.0669541498549
1024.5,94.07757068,94.0652330873411,94.065223170294,94.065223170294,94.0652222006667,94.064575,94.0642474355903,94.0668701171875,94.0668957391578
1024.55,94.07751522,94.0652335965501,94.0652310053928,94.0652310053928,94.0652300424183,94.064725,94.0643975802429,94.0668212890625,94.0668373284607
1024.6,94.07745976,94.0652341057591,94.0652388404917,94.0652388404917,94.0652378841699,94.064875,94.0645477248955,94.0667724609375,94.0667789177635
1024.65,94.0774043,94.0652346149681,94.0652466755905,94.0652466755905,94.0652457259216,94.065025,94.0646978695481,94.0667236328125,94.0667205070664
1024.7,94.07734884,94.0652351241771,94.0652545106893,94.0652545106893,94.0652535676732,94.065175,94.0648480142006,94.0666748046875,94.0666620963692
1024.75,94.07729338,94.0652356333861,94.0652623457882,94.0652623457882,94.0652614094249,94.065325,94.0649981588532,94.0666259765625,94.0666036856721
1024.8,94.07723886,94.0652361425952,94.065270180887,94.065270180887,94.0652692511765,94.065475,94.0651483035058,94.0665771484375,94.066545274975
1024.85,94.0771834,94.0652366518042,94.0652780159858,94.0652780159858,94.0652770929281,94.065625,94.0652984481584,94.0665283203125,94.0664868642778
1024.9,94.07712794,94.0652371610132,94.0652858510847,94.0652858510847,94.0652849346798,94.065775,94.065448592811,94.0664794921875,94.0664284535807
1024.95,94.07707248,94.0652376702222,94.0652936861835,94.0652936861835,94.0652927764314,94.065925,94.0655987374636,94.0664306640625,94.0663700428836
1025,94.07701702,94.0652381794312,94.0653015212823,94.0653015212823,94.065300618183,94.066,94.0656738821161,94.0663818359375,94.0663116321864
1025.05,94.07696156,94.0652386886402,94.0653093563812,94.0653093563812,94.0653084599347,94.066,94.0656740267687,94.0663330078125,94.0662532214893
1025.1,94.0769061,94.0652391978492,94.06531719148,94.06531719148,94.0653163016863,94.066,94.0656741714213,94.0662841796875,94.0661948107922
1025.15,94.07685064,94.0652397070582,94.0653250265788,94.0653250265788,94.065324143438,94.066,94.0656743160739,94.0662353515625,94.066136400095
1025.2,94.07679518,94.0652402162672,94.0653328616777,94.0653328616777,94.0653319851896,94.066,94.0656744607265,94.0661865234375,94.0660779893979
1025.25,94.07674066,94.0652407254763,94.0653406967765,94.0653406967765,94.0653398269412,94.066,94.0656746053791,94.0661376953125,94.0660195787008
1025.3,94.0766852,94.0652412346853,94.0653485318753,94.0653485318753,94.0653476686929,94.066,94.0656747500316,94.0660888671875,94.0659611680036
1025.35,94.07662974,94.0652417438943,94.0653563669742,94.0653563669742,94.0653555104445,94.066,94.0656748946842,94.0660400390625,94.0659027573065
1025.4,94.07657428,94.0652422531033,94.065364202073,94.065364202073,94.0653633521961,94.066,94.0656750393368,94.0659912109375,94.0658443466094
1025.45,94.07651882,94.0652427623123,94.0653720371719,94.0653720371719,94.0653711939478,94.066,94.0656751839894,94.0659423828125,94.0657859359122
1025.5,94.07646336,94.0652432715213,94.0653798722707,94.0653798722707,94.0653790356994,94.066,94.065675328642,94.0658935546875,94.0657275252151
1025.55,94.0764079,94.0652437807303,94.0653877073695,94.0653877073695,94.0653868774511,94.066,94.0656754732946,94.0658447265625,94.065669114518
1025.6,94.07635244,94.0652442899393,94.0653955424684,94.0653955424684,94.0653947192027,94.066,94.0656756179472,94.0657958984375,94.0656107038208
1025.65,94.07629792,94.0652447991483,94.0654033775672,94.0654033775672,94.0654025609543,94.066,94.0656757625997,94.0657470703125,94.0655522931237
1025.7,94.07624246,94.0652453083574,94.065411212666,94.065411212666,94.065410402706,94.066,94.0656759072523,94.0656982421875,94.0654938824266
1025.75,94.076187,94.0652458175664,94.0654190477649,94.0654190477649,94.0654182444576,94.066,94.0656760519049,94.0656494140625,94.0654354717294
1025.8,94.07613154,94.0652463267754,94.0654268828637,94.0654268828637,94.0654260862092,94.066,94.0656761965575,94.0656005859375,94.0653770610323
1025.85,94.07607608,94.0652468359844,94.0654347179625,94.0654347179625,94.0654339279609,94.066,94.0656763412101,94.0655517578125,94.0653186503352
1025.9,94.07602062,94.0652473451934,94.0654425530614,94.0654425530614,94.0654417697125,94.066,94.0656764858627,94.0655029296875,94.065260239638
1025.95,94.07596516,94.0652478544024,94.0654503881602,94.0654503881602,94.0654496114641,94.066,94.0656766305153,94.0654541015625,94.0652018289409
1026,94.0759097,94.0652483636114,94.065458223259,94.065458223259,94.0654574532158,94.06605,94.0657267751678,94.0654052734375,94.0651434182437
1026.05,94.07585518,94.0652488728204,94.0654660583579,94.0654660583579,94.0654652949674,94.06615,94.0658269198204,94.0653564453125,94.0650850075466
1026.1,94.07579972,94.0652493820294,94.0654738934567,94.0654738934567,94.0654731367191,94.06625,94.065927064473,94.0653076171875,94.0650265968495
1026.15,94.07574426,94.0652498912385,94.0654817285555,94.0654817285555,94.0654809784707,94.06635,94.0660272091256,94.0652587890625,94.0649681861523
1026.2,94.0756888,94.0652504004475,94.0654895636544,94.0654895636544,94.0654888202223,94.06645,94.0661273537782,94.0652099609375,94.0649097754552
1026.25,94.07563334,94.0652509096565,94.0654973987532,94.0654973987532,94.065496661974,94.06655,94.0662274984308,94.0651611328125,94.0648513647581
1026.3,94.07557788,94.0652514188655,94.065505233852,94.065505233852,94.0655045037256,94.06665,94.0663276430833,94.0651123046875,94.0647929540609
1026.35,94.07552242,94.0652519280745,94.0655130689509,94.0655130689509,94.0655123454772,94.06675,94.0664277877359,94.0650634765625,94.0647345433638
1026.4,94.07546696,94.0652524372835,94.0655209040497,94.0655209040497,94.0655201872289,94.06685,94.0665279323885,94.0650146484375,94.0646761326667
1026.45,94.0754115,94.0652529464925,94.0655287391485,94.0655287391485,94.0655280289805,94.06695,94.0666280770411,94.0649658203125,94.0646177219695
1026.5,94.07535698,94.0652534557016,94.0655365742474,94.0655365742474,94.0655358707322,94.06705,94.0667282216937,94.0649169921875,94.0645593112724
1026.55,94.07530152,94.0652539649106,94.0655444093462,94.0655444093462,94.0655437124838,94.06715,94.0668283663463,94.0648681640625,94.0645009005753
1026.6,94.07524606,94.0652544741196,94.065552244445,94.065552244445,94.0655515542354,94.06725,94.0669285109988,94.0648193359375,94.0644424898781
1026.65,94.0751906,94.0652549833286,94.0655600795439,94.0655600795439,94.0655593959871,94.06735,94.0670286556514,94.0647705078125,94.064384079181
1026.7,94.07513514,94.0652554925376,94.0655679146427,94.0655679146427,94.0655672377387,94.06745,94.067128800304,94.0647216796875,94.0643256684839
1026.75,94.07507968,94.0652560017466,94.0655757497415,94.0655757497415,94.0655750794903,94.06755,94.0672289449566,94.0646728515625,94.0642672577867
1026.8,94.07502422,94.0652565109556,94.0655835848404,94.0655835848404,94.065582921242,94.06765,94.0673290896092,94.0646240234375,94.0642088470896
1026.85,94.07496876,94.0652570201646,94.0655914199392,94.0655914199392,94.0655907629936,94.06775,94.0674292342618,94.0645751953125,94.0641504363925
1026.9,94.07491424,94.0652575293736,94.0655992550381,94.0655992550381,94.0655986047453,94.06785,94.0675293789144,94.0645263671875,94.0640920256953
1026.95,94.07485878,94.0652580385827,94.0656070901369,94.0656070901369,94.0656064464969,94.06795,94.0676295235669,94.0644775390625,94.0640336149982
1027,94.07480332,94.0652585477917,94.0656149252357,94.0656149252357,94.0656142882485,94.067975,94.0676546682195,94.0644287109375,94.0639752043011
1027.05,94.07474786,94.0652590570007,94.0656227603345,94.0656227603345,94.0656221300002,94.067925,94.0676048128721,94.0643798828125,94.0639167936039
1027.1,94.0746924,94.0652595662097,94.0656305954334,94.0656305954334,94.0656299717518,94.067875,94.0675549575247,94.0643310546875,94.0638583829068
1027.15,94.07463694,94.0652600754187,94.0656384305322,94.0656384305322,94.0656378135034,94.067825,94.0675051021773,94.0642822265625,94.0637999722097
1027.2,94.07458148,94.0652605846277,94.065646265631,94.065646265631,94.0656456552551,94.067775,94.0674552468299,94.0642333984375,94.0637415615125
1027.25,94.07452602,94.0652610938367,94.0656541007299,94.0656541007299,94.0656534970067,94.067725,94.0674053914825,94.0641845703125,94.0636831508154
1027.3,94.07447056,94.0652616030457,94.0656619358287,94.0656619358287,94.0656613387583,94.067675,94.067355536135,94.0641357421875,94.0636247401183
1027.35,94.07441604,94.0652621122547,94.0656697709276,94.0656697709276,94.06566918051,94.067625,94.0673056807876,94.0640869140625,94.0635663294211
1027.4,94.07436058,94.0652626214638,94.0656776060264,94.0656776060264,94.0656770222616,94.067575,94.0672558254402,94.0640380859375,94.063507918724
1027.45,94.07430512,94.0652631306728,94.0656854411252,94.0656854411252,94.0656848640133,94.067525,94.0672059700928,94.0639892578125,94.0634495080268
1027.5,94.07424966,94.0652636398818,94.0656932762241,94.0656932762241,94.0656927057649,94.067475,94.0671561147454,94.0639404296875,94.0633910973297
1027.55,94.0741942,94.0652641490908,94.0657011113229,94.0657011113229,94.0657005475165,94.067425,94.067106259398,94.0638916015625,94.0633326866326
1027.6,94.07413874,94.0652646582998,94.0657089464217,94.0657089464217,94.0657083892682,94.067375,94.0670564040505,94.0638427734375,94.0632742759355
1027.65,94.07408328,94.0652651675088,94.0657167815206,94.0657167815206,94.0657162310198,94.067325,94.0670065487031,94.0637939453125,94.0632158652383
1027.7,94.07402782,94.0652656767178,94.0657246166194,94.0657246166194,94.0657240727714,94.067275,94.0669566933557,94.0637451171875,94.0631574545412
1027.75,94.0739733,94.0652661859268,94.0657324517182,94.0657324517182,94.0657319145231,94.067225,94.0669068380083,94.0636962890625,94.063099043844
1027.8,94.07391784,94.0652666951358,94.0657402868171,94.0657402868171,94.0657397562747,94.067175,94.0668569826609,94.0636474609375,94.0630406331469
1027.85,94.07386238,94.0652672043449,94.0657481219159,94.0657481219159,94.0657475980264,94.067125,94.0668071273135,94.0635986328125,94.0629822224498
1027.9,94.07380692,94.0652677135539,94.0657559570147,94.0657559570147,94.065755439778,94.067075,94.0667572719661,94.0635498046875,94.0629238117526
1027.95,94.07375146,94.0652682227629,94.0657637921136,94.0657637921136,94.0657632815296,94.067025,94.0667074166186,94.0635009765625,94.0628654010555
1028,94.073696,94.0652687319719,94.0657716272124,94.0657716272124,94.0657711232813,94.066975,94.0666575612712,94.0634521484375,94.0628069903584
1028.05,94.07364054,94.0652692411809,94.0657794623112,94.0657794623112,94.0657789650329,94.066925,94.0666077059238,94.0634033203125,94.0627485796612
1028.1,94.07358508,94.0652697503899,94.0657872974101,94.0657872974101,94.0657868067845,94.066875,94.0665578505764,94.0633544921875,94.0626901689641
1028.15,94.07352962,94.0652702595989,94.0657951325089,94.0657951325089,94.0657946485362,94.066825,94.066507995229,94.0633056640625,94.062631758267
1028.2,94.0734751,94.0652707688079,94.0658029676077,94.0658029676077,94.0658024902878,94.066775,94.0664581398816,94.0632568359375,94.0625733475698
1028.25,94.07341964,94.065271278017,94.0658108027066,94.0658108027066,94.0658103320395,94.066725,94.0664082845341,94.0632080078125,94.0625149368727
1028.3,94.07336418,94.065271787226,94.0658186378054,94.0658186378054,94.0658181737911,94.066675,94.0663584291867,94.0631591796875,94.0624565261756
1028.35,94.07330872,94.065272296435,94.0658264729042,94.0658264729042,94.0658260155427,94.066625,94.0663085738393,94.0631103515625,94.0623981154784
1028.4,94.07325326,94.065272805644,94.0658343080031,94.0658343080031,94.0658338572944,94.066575,94.0662587184919,94.0630615234375,94.0623397047813
1028.45,94.0731978,94.065273314853,94.0658421431019,94.0658421431019,94.065841699046,94.066525,94.0662088631445,94.0630126953125,94.0622812940842
1028.5,94.07314234,94.065273824062,94.0658499782007,94.0658499782007,94.0658495407976,94.066475,94.0661590077971,94.0629638671875,94.062222883387
1028.55,94.07308688,94.065274333271,94.0658578132996,94.0658578132996,94.0658573825493,94.066425,94.0661091524497,94.0629150390625,94.0621644726899
1028.6,94.07303236,94.06527484248,94.0658656483984,94.0658656483984,94.0658652243009,94.066375,94.0660592971022,94.0628662109375,94.0621060619928
1028.65,94.0729769,94.0652753516891,94.0658734834972,94.0658734834972,94.0658730660526,94.066325,94.0660094417548,94.0628173828125,94.0620476512956
1028.7,94.07292144,94.0652758608981,94.0658813185961,94.0658813185961,94.0658809078042,94.066275,94.0659595864074,94.0627685546875,94.0619892405985
1028.75,94.07286598,94.0652763701071,94.0658891536949,94.0658891536949,94.0658887495558,94.066225,94.06590973106,94.0627197265625,94.0619308299014
1028.8,94.07281052,94.0652768793161,94.0658969887938,94.0658969887938,94.0658965913075,94.066175,94.0658598757126,94.0626708984375,94.0618724192042
1028.85,94.07275506,94.0652773885251,94.0659048238926,94.0659048238926,94.0659044330591,94.066125,94.0658100203652,94.0626220703125,94.0618140085071
1028.9,94.0726996,94.0652778977341,94.0659126589914,94.0659126589914,94.0659122748107,94.066075,94.0657601650177,94.0625732421875,94.06175559781
1028.95,94.07264414,94.0652784069431,94.0659204940902,94.0659204940902,94.0659201165624,94.066025,94.0657103096703,94.0625244140625,94.0616971871128
1029,94.07258962,94.0652789161521,94.0659283291891,94.0659283291891,94.065927958314,94.066,94.0656854543229,94.0624755859375,94.0616387764157
1029.05,94.07253416,94.0652794253611,94.0659361642879,94.0659361642879,94.0659358000656,94.066,94.0656855989755,94.0624267578125,94.0615803657186
1029.1,94.0724787,94.0652799345702,94.0659439993868,94.0659439993868,94.0659436418173,94.066,94.0656857436281,94.0623779296875,94.0615219550214
1029.15,94.07242324,94.0652804437792,94.0659518344856,94.0659518344856,94.0659514835689,94.066,94.0656858882807,94.0623291015625,94.0614635443243
1029.2,94.07236778,94.0652809529882,94.0659596695844,94.0659596695844,94.0659593253206,94.066,94.0656860329333,94.0622802734375,94.0614051336271
1029.25,94.07231232,94.0652814621972,94.0659675046833,94.0659675046833,94.0659671670722,94.066,94.0656861775858,94.0622314453125,94.06134672293
1029.3,94.07225686,94.0652819714062,94.0659753397821,94.0659753397821,94.0659750088238,94.066,94.0656863222384,94.0621826171875,94.0612883122329
1029.35,94.0722014,94.0652824806152,94.0659831748809,94.0659831748809,94.0659828505755,94.066,94.065686466891,94.0621337890625,94.0612299015358
1029.4,94.07214594,94.0652829898242,94.0659910099798,94.0659910099798,94.0659906923271,94.066,94.0656866115436,94.0620849609375,94.0611714908386
1029.45,94.07209142,94.0652834990332,94.0659988450786,94.0659988450786,94.0659985340787,94.066,94.0656867561962,94.0620361328125,94.0611130801415
1029.5,94.07203596,94.0652840082422,94.0660066801774,94.0660066801774,94.0660063758304,94.066,94.0656869008488,94.0619873046875,94.0610546694443
1029.55,94.0719805,94.0652845174513,94.0660145152763,94.0660145152763,94.066014217582,94.066,94.0656870455013,94.0619384765625,94.0609962587472
1029.6,94.07192504,94.0652850266603,94.0660223503751,94.0660223503751,94.0660220593337,94.066,94.0656871901539,94.0618896484375,94.0609378480501
1029.65,94.07186958,94.0652855358693,94.0660301854739,94.0660301854739,94.0660299010853,94.066,94.0656873348065,94.0618408203125,94.0608794373529
1029.7,94.07181412,94.0652860450783,94.0660380205728,94.0660380205728,94.0660377428369,94.066,94.0656874794591,94.0617919921875,94.0608210266558
1029.75,94.07175866,94.0652865542873,94.0660458556716,94.0660458556716,94.0660455845886,94.066,94.0656876241117,94.0617431640625,94.0607626159587
1029.8,94.0717032,94.0652870634963,94.0660536907704,94.0660536907704,94.0660534263402,94.066,94.0656877687643,94.0616943359375,94.0607042052615
1029.85,94.07164868,94.0652875727053,94.0660615258693,94.0660615258693,94.0660612680918,94.066,94.0656879134169,94.0616455078125,94.0606457945644
1029.9,94.07159322,94.0652880819143,94.0660693609681,94.0660693609681,94.0660691098435,94.066,94.0656880580694,94.0615966796875,94.0605873838673
1029.95,94.07153776,94.0652885911234,94.0660771960669,94.0660771960669,94.0660769515951,94.066,94.065688202722,94.0615478515625,94.0605289731701
1030,94.0714823,94.0651641003324,94.0659600311658,94.0659600311658,94.0659597933467,94.0659,94.0655883473746,94.0614990234375,94.060470562473
1030.05,94.07142684,94.0649100259839,94.0657174093365,94.0657174093365,94.0657171832986,94.0657,94.0653893616321,94.0614501953125,94.0604244618888
1030.1,94.07137138,94.0646559516354,94.0654747875073,94.0654747875073,94.0654745732504,94.0655,94.0651903758896,94.0614013671875,94.0603783613045
1030.15,94.07131592,94.064401877287,94.065232165678,94.065232165678,94.0652319632022,94.0653,94.0649913901471,94.0613525390625,94.0603322607203
1030.2,94.07126046,94.0641478029385,94.0649895438488,94.0649895438488,94.064989353154,94.0651,94.0647924044046,94.0613037109375,94.060286160136
1030.25,94.071205,94.0638937285901,94.0647469220195,94.0647469220195,94.0647467431058,94.0649,94.0645934186621,94.0612548828125,94.0602400595518
1030.3,94.07115048,94.0636396542416,94.0645043001903,94.0645043001903,94.0645041330576,94.0647,94.0643944329197,94.0612060546875,94.0601939589676
1030.35,94.07109502,94.0633855798931,94.064261678361,94.064261678361,94.0642615230094,94.0645,94.0641954471772,94.0611572265625,94.0601478583833
1030.4,94.07103956,94.0631315055447,94.0640190565317,94.0640190565317,94.0640189129613,94.0643,94.0639964614347,94.0611083984375,94.0601017577991
1030.45,94.0709841,94.0628774311962,94.0637764347025,94.0637764347025,94.0637763029131,94.0641,94.0637974756922,94.0610595703125,94.0600556572148
1030.5,94.07092864,94.0626233568477,94.0635338128732,94.0635338128732,94.0635336928649,94.0639,94.0635984899497,94.0610107421875,94.0600095566306
1030.55,94.07087318,94.0623692824993,94.063291191044,94.063291191044,94.0632910828167,94.0637,94.0633995042072,94.0609619140625,94.0599634560464
1030.6,94.07081772,94.0621152081508,94.0630485692147,94.0630485692147,94.0630484727685,94.0635,94.0632005184647,94.0609130859375,94.0599173554621
1030.65,94.07076226,94.0618611338024,94.0628059473855,94.0628059473855,94.0628058627203,94.0633,94.0630015327222,94.0608642578125,94.0598712548779
1030.7,94.07070774,94.0616070594539,94.0625633255562,94.0625633255562,94.0625632526721,94.0631,94.0628025469797,94.0608154296875,94.0598251542936
1030.75,94.07065228,94.0613529851054,94.062320703727,94.062320703727,94.0623206426239,94.0629,94.0626035612372,94.0607666015625,94.0597790537094
1030.8,94.07059682,94.061098910757,94.0620780818977,94.0620780818977,94.0620780325758,94.0627,94.0624045754947,94.0607177734375,94.0597329531252
1030.85,94.07054136,94.0608448364085,94.0618354600685,94.0618354600685,94.0618354225276,94.0625,94.0622055897522,94.0606689453125,94.0596868525409
1030.9,94.0704859,94.06059076206,94.0615928382392,94.0615928382392,94.0615928124794,94.0623,94.0620066040097,94.0606201171875,94.0596407519567
1030.95,94.07043044,94.0603366877116,94.06135021641,94.06135021641,94.0613502024312,94.0621,94.0618076182673,94.0605712890625,94.0595946513724
1031,94.07037498,94.0600826133631,94.0611075945807,94.0611075945807,94.061107592383,94.0618,94.0615086325248,94.0605224609375,94.0595485507882
1031.05,94.07031952,94.0598285390147,94.0608649727515,94.0608649727515,94.0608649823348,94.0614,94.0611096467823,94.0604736328125,94.059502450204
1031.1,94.07026406,94.0595744646662,94.0606223509222,94.0606223509222,94.0606223722866,94.061,94.0607106610398,94.0604248046875,94.0594563496197
1031.15,94.07020954,94.0593203903177,94.060379729093,94.060379729093,94.0603797622384,94.0606,94.0603116752973,94.0603759765625,94.0594102490355
1031.2,94.07015408,94.0590663159693,94.0601371072637,94.0601371072637,94.0601371521903,94.0602,94.0599126895548,94.0603271484375,94.0593641484513
1031.25,94.07009862,94.0588122416208,94.0598944854345,94.0598944854345,94.0598945421421,94.0598,94.0595137038123,94.0602783203125,94.059318047867
1031.3,94.07004316,94.0585581672723,94.0596518636052,94.0596518636052,94.0596519320939,94.0594,94.0591147180698,94.0602294921875,94.0592719472828
1031.35,94.0699877,94.0583040929239,94.059409241776,94.059409241776,94.0594093220457,94.059,94.0587157323273,94.0601806640625,94.0592258466985
1031.4,94.06993224,94.0580500185754,94.0591666199467,94.0591666199467,94.0591667119975,94.0586,94.0583167465848,94.0601318359375,94.0591797461143
1031.45,94.06987678,94.057795944227,94.0589239981175,94.0589239981175,94.0589241019493,94.0582,94.0579177608423,94.0600830078125,94.0591336455301
1031.5,94.06982132,94.0575418698785,94.0586813762882,94.0586813762882,94.0586814919011,94.0578,94.0575187750998,94.0600341796875,94.0590875449458
1031.55,94.0697668,94.05728779553,94.0584387544589,94.0584387544589,94.058438881853,94.0574,94.0571197893573,94.0599853515625,94.0590414443616
1031.6,94.06971134,94.0570337211816,94.0581961326297,94.0581961326297,94.0581962718048,94.057,94.0567208036149,94.0599365234375,94.0589953437773
1031.65,94.06965588,94.0567796468331,94.0579535108004,94.0579535108004,94.0579536617566,94.0566,94.0563218178724,94.0598876953125,94.0589492431931
1031.7,94.06960042,94.0565255724846,94.0577108889712,94.0577108889712,94.0577110517084,94.0562,94.0559228321299,94.0598388671875,94.0589031426089
1031.75,94.06954496,94.0562714981362,94.0574682671419,94.0574682671419,94.0574684416602,94.0558,94.0555238463874,94.0597900390625,94.0588570420246
1031.8,94.0694895,94.0560174237877,94.0572256453127,94.0572256453127,94.057225831612,94.0554,94.0551248606449,94.0597412109375,94.0588109414404
1031.85,94.06943404,94.0557633494392,94.0569830234834,94.0569830234834,94.0569832215638,94.055,94.0547258749024,94.0596923828125,94.0587648408561
1031.9,94.06937858,94.0555092750908,94.0567404016542,94.0567404016542,94.0567406115156,94.0546,94.0543268891599,94.0596435546875,94.0587187402719
1031.95,94.06932406,94.0552552007423,94.0564977798249,94.0564977798249,94.0564980014674,94.0542,94.0539279034174,94.0595947265625,94.0586726396877
1032,94.0692686,94.0551261263939,94.0563801579957,94.0563801579957,94.0563803914193,94.05395,94.0536789176749,94.0595458984375,94.0586265391034
1032.05,94.06921314,94.0551220520454,94.0563875361664,94.0563875361664,94.0563877813711,94.05385,94.0535799319324,94.0594970703125,94.0585804385192
1032.1,94.06915768,94.0551179776969,94.0563949143372,94.0563949143372,94.0563951713229,94.05375,94.0534809461899,94.0594482421875,94.0585343379349
1032.15,94.06910222,94.0551139033485,94.0564022925079,94.0564022925079,94.0564025612747,94.05365,94.0533819604474,94.0593994140625,94.0584882373507
1032.2,94.06904676,94.055109829,94.0564096706787,94.0564096706787,94.0564099512265,94.05355,94.0532829747049,94.0593505859375,94.0584421367665
1032.25,94.0689913,94.0551057546515,94.0564170488494,94.0564170488494,94.0564173411783,94.05345,94.0531839889624,94.0593017578125,94.0583960361822
1032.3,94.06893584,94.0551016803031,94.0564244270202,94.0564244270202,94.0564247311301,94.05335,94.05308500322,94.0592529296875,94.058349935598
1032.35,94.06888038,94.0550976059546,94.0564318051909,94.0564318051909,94.0564321210819,94.05325,94.0529860174775,94.0592041015625,94.0583038350137
1032.4,94.06882586,94.0550935316062,94.0564391833617,94.0564391833617,94.0564395110338,94.05315,94.052887031735,94.0591552734375,94.0582577344295
1032.45,94.0687704,94.0550894572577,94.0564465615324,94.0564465615324,94.0564469009856,94.05305,94.0527880459925,94.0591064453125,94.0582116338453
1032.5,94.06871494,94.0550853829092,94.0564539397032,94.0564539397032,94.0564542909374,94.05295,94.05268906025,94.0590576171875,94.058165533261
1032.55,94.06865948,94.0550813085608,94.0564613178739,94.0564613178739,94.0564616808892,94.05285,94.0525900745075,94.0590087890625,94.0581194326768
1032.6,94.06860402,94.0550772342123,94.0564686960447,94.0564686960447,94.056469070841,94.05275,94.052491088765,94.0589599609375,94.0580733320925
1032.65,94.06854856,94.0550731598639,94.0564760742154,94.0564760742154,94.0564764607928,94.05265,94.0523921030225,94.0589111328125,94.0580272315083
1032.7,94.0684931,94.0550690855154,94.0564834523861,94.0564834523861,94.0564838507446,94.05255,94.05229311728,94.0588623046875,94.0579811309241
1032.75,94.06843764,94.0550650111669,94.0564908305569,94.0564908305569,94.0564912406964,94.05245,94.0521941315375,94.0588134765625,94.0579350303398
1032.8,94.06838312,94.0550609368185,94.0564982087276,94.0564982087276,94.0564986306483,94.05235,94.052095145795,94.0587646484375,94.0578889297556
1032.85,94.06832766,94.05505686247,94.0565055868984,94.0565055868984,94.0565060206001,94.05225,94.0519961600525,94.0587158203125,94.0578428291713
1032.9,94.0682722,94.0550527881215,94.0565129650691,94.0565129650691,94.0565134105519,94.05215,94.0518971743101,94.0586669921875,94.0577967285871
1032.95,94.06821674,94.0550487137731,94.0565203432399,94.0565203432399,94.0565208005037,94.05205,94.0517981885676,94.0586181640625,94.0577506280029
1033,94.06816128,94.0550446394246,94.0565277214106,94.0565277214106,94.0565281904555,94.052,94.0517492028251,94.05859375,94.0577289414811
1033.05,94.06810582,94.0550405650762,94.0565350995814,94.0565350995814,94.0565355804073,94.052,94.0517502170826,94.05859375,94.0577316690219
1033.1,94.06805036,94.0550364907277,94.0565424777521,94.0565424777521,94.0565429703591,94.052,94.0517512313401,94.05859375,94.0577343965627
1033.15,94.0679949,94.0550324163792,94.0565498559229,94.0565498559229,94.056550360311,94.052,94.0517522455976,94.05859375,94.0577371241034
1033.2,94.06793944,94.0550283420308,94.0565572340936,94.0565572340936,94.0565577502628,94.052,94.0517532598551,94.05859375,94.0577398516442
1033.25,94.06788492,94.0550242676823,94.0565646122644,94.0565646122644,94.0565651402146,94.052,94.0517542741126,94.05859375,94.0577425791849
1033.3,94.06782946,94.0550201933338,94.0565719904351,94.0565719904351,94.0565725301664,94.052,94.0517552883701,94.05859375,94.0577453067257
1033.35,94.067774,94.0550161189854,94.0565793686059,94.0565793686059,94.0565799201182,94.052,94.0517563026276,94.05859375,94.0577480342664
1033.4,94.06771854,94.0550120446369,94.0565867467766,94.0565867467766,94.05658731007,94.052,94.0517573168851,94.05859375,94.0577507618072
1033.45,94.06766308,94.0550079702884,94.0565941249474,94.0565941249474,94.0565947000218,94.052,94.0517583311426,94.05859375,94.057753489348
1033.5,94.06760762,94.05500389594,94.0566015031181,94.0566015031181,94.0566020899736,94.052,94.0517593454001,94.05859375,94.0577562168887
1033.55,94.06755216,94.0549998215915,94.0566088812889,94.0566088812889,94.0566094799254,94.052,94.0517603596576,94.05859375,94.0577589444295
1033.6,94.0674967,94.0549957472431,94.0566162594596,94.0566162594596,94.0566168698773,94.052,94.0517613739152,94.05859375,94.0577616719702
1033.65,94.06744218,94.0549916728946,94.0566236376304,94.0566236376304,94.0566242598291,94.052,94.0517623881727,94.05859375,94.057764399511
1033.7,94.06738672,94.0549875985461,94.0566310158011,94.0566310158011,94.0566316497809,94.052,94.0517634024302,94.05859375,94.0577671270518
1033.75,94.06733126,94.0549835241977,94.0566383939719,94.0566383939719,94.0566390397327,94.052,94.0517644166877,94.05859375,94.0577698545925
1033.8,94.0672758,94.0549794498492,94.0566457721426,94.0566457721426,94.0566464296845,94.052,94.0517654309452,94.05859375,94.0577725821333
1033.85,94.06722034,94.0549753755007,94.0566531503134,94.0566531503134,94.0566538196363,94.052,94.0517664452027,94.05859375,94.057775309674
1033.9,94.06716488,94.0549713011523,94.0566605284841,94.0566605284841,94.0566612095881,94.052,94.0517674594602,94.05859375,94.0577780372148
1033.95,94.06710942,94.0549672268038,94.0566679066549,94.0566679066549,94.0566685995399,94.052,94.0517684737177,94.05859375,94.0577807647556
1034,94.06705396,94.0549631524554,94.0566752848256,94.0566752848256,94.0566759894918,94.052,94.0517694879752,94.05859375,94.0577834922963
1034.05,94.0669985,94.0549590781069,94.0566826629963,94.0566826629963,94.0566833794436,94.052,94.0517705022327,94.05859375,94.0577862198371
1034.1,94.06694398,94.0549550037584,94.0566900411671,94.0566900411671,94.0566907693954,94.052,94.0517715164902,94.05859375,94.0577889473778
1034.15,94.06688852,94.05495092941,94.0566974193378,94.0566974193378,94.0566981593472,94.052,94.0517725307477,94.05859375,94.0577916749186
1034.2,94.06683306,94.0549468550615,94.0567047975086,94.0567047975086,94.056705549299,94.052,94.0517735450052,94.05859375,94.0577944024594
1034.25,94.0667776,94.054942780713,94.0567121756793,94.0567121756793,94.0567129392508,94.052,94.0517745592628,94.05859375,94.0577971300001
1034.3,94.06672214,94.0549387063646,94.0567195538501,94.0567195538501,94.0567203292026,94.052,94.0517755735203,94.05859375,94.0577998575409
1034.35,94.06666668,94.0549346320161,94.0567269320208,94.0567269320208,94.0567277191545,94.052,94.0517765877778,94.05859375,94.0578025850816
1034.4,94.06661122,94.0549305576677,94.0567343101916,94.0567343101916,94.0567351091063,94.052,94.0517776020353,94.05859375,94.0578053126224
1034.45,94.06655576,94.0549264833192,94.0567416883623,94.0567416883623,94.0567424990581,94.052,94.0517786162928,94.05859375,94.0578080401632
1034.5,94.06650124,94.0549224089707,94.0567490665331,94.0567490665331,94.0567498890099,94.052,94.0517796305503,94.05859375,94.0578107677039
1034.55,94.06644578,94.0549183346223,94.0567564447038,94.0567564447038,94.0567572789617,94.052,94.0517806448078,94.05859375,94.0578134952447
1034.6,94.06639032,94.0549142602738,94.0567638228746,94.0567638228746,94.0567646689135,94.052,94.0517816590653,94.05859375,94.0578162227854
1034.65,94.06633486,94.0549101859254,94.0567712010453,94.0567712010453,94.0567720588653,94.052,94.0517826733228,94.05859375,94.0578189503262
1034.7,94.0662794,94.0549061115769,94.0567785792161,94.0567785792161,94.0567794488171,94.052,94.0517836875803,94.05859375,94.057821677867
1034.75,94.06622394,94.0549020372284,94.0567859573868,94.0567859573868,94.0567868387689,94.052,94.0517847018378,94.05859375,94.0578244054077
1034.8,94.06616848,94.05489796288,94.0567933355576,94.0567933355576,94.0567942287208,94.052,94.0517857160953,94.05859375,94.0578271329485
1034.85,94.06611302,94.0548938885315,94.0568007137283,94.0568007137283,94.0568016186726,94.052,94.0517867303529,94.05859375,94.0578298604892
1034.9,94.0660585,94.054889814183,94.0568080918991,94.0568080918991,94.0568090086244,94.052,94.0517877446104,94.05859375,94.05783258803
1034.95,94.06600304,94.0548857398346,94.0568154700698,94.0568154700698,94.0568163985762,94.052,94.0517887588679,94.05859375,94.0578353155708
1035,94.06594758,94.0548816654861,94.0568228482405,94.0568228482405,94.056823788528,94.052075,94.0518647731254,94.05859375,94.0578380431115
1035.05,94.06589212,94.0548775911376,94.0568302264113,94.0568302264113,94.0568311784798,94.052225,94.0520157873829,94.05859375,94.0578407706523
1035.1,94.06583666,94.0548735167892,94.056837604582,94.056837604582,94.0568385684316,94.052375,94.0521668016404,94.05859375,94.0578434981931
1035.15,94.0657812,94.0548694424407,94.0568449827528,94.0568449827528,94.0568459583834,94.052525,94.0523178158979,94.05859375,94.0578462257338
1035.2,94.06572574,94.0548653680923,94.0568523609235,94.0568523609235,94.0568533483353,94.052675,94.0524688301554,94.05859375,94.0578489532746
1035.25,94.06567028,94.0548612937438,94.0568597390943,94.0568597390943,94.0568607382871,94.052825,94.0526198444129,94.05859375,94.0578516808153
1035.3,94.06561482,94.0548572193953,94.056867117265,94.056867117265,94.0568681282389,94.052975,94.0527708586704,94.05859375,94.0578544083561
1035.35,94.0655603,94.0548531450469,94.0568744954358,94.0568744954358,94.0568755181907,94.053125,94.0529218729279,94.05859375,94.0578571358969
1035.4,94.06550484,94.0548490706984,94.0568818736065,94.0568818736065,94.0568829081425,94.053275,94.0530728871854,94.05859375,94.0578598634376
1035.45,94.06544938,94.0548449963499,94.0568892517773,94.0568892517773,94.0568902980943,94.053425,94.0532239014429,94.05859375,94.0578625909784
1035.5,94.06539392,94.0548409220015,94.056896629948,94.056896629948,94.0568976880461,94.053575,94.0533749157005,94.05859375,94.0578653185191
1035.55,94.06533846,94.054836847653,94.0569040081188,94.0569040081188,94.056905077998,94.053725,94.053525929958,94.05859375,94.0578680460599
1035.6,94.06529522,94.0548327733046,94.0569113862895,94.0569113862895,94.0569124679498,94.053875,94.0536769442155,94.05859375,94.0578707736007
1035.65,94.06528018,94.0548286989561,94.0569187644603,94.0569187644603,94.0569198579016,94.054025,94.053827958473,94.05859375,94.0578735011414
1035.7,94.06528018,94.0548246246076,94.056926142631,94.056926142631,94.0569272478534,94.054175,94.0539789727305,94.05859375,94.0578762286822
1035.75,94.06528018,94.0548205502592,94.0569335208018,94.0569335208018,94.0569346378052,94.054325,94.054129986988,94.05859375,94.0578789562229
1035.8,94.06528018,94.0548164759107,94.0569408989725,94.0569408989725,94.056942027757,94.054475,94.0542810012455,94.05859375,94.0578816837637
1035.85,94.06528018,94.0548124015622,94.0569482771433,94.0569482771433,94.0569494177088,94.054625,94.054432015503,94.05859375,94.0578844113045
1035.9,94.06528018,94.0548083272138,94.056955655314,94.056955655314,94.0569568076606,94.054775,94.0545830297605,94.05859375,94.0578871388452
1035.95,94.06528018,94.0548042528653,94.0569630334848,94.0569630334848,94.0569641976124,94.054925,94.054734044018,94.05859375,94.057889866386
1036,94.06528018,94.0548001785169,94.0569704116555,94.0569704116555,94.0569715875643,94.05505,94.0548600582755,94.05859375,94.0578925939267
1036.05,94.06528018,94.0547961041684,94.0569777898262,94.0569777898262,94.0569789775161,94.05515,94.054961072533,94.05859375,94.0578953214675
1036.1,94.06528018,94.0547920298199,94.056985167997,94.056985167997,94.0569863674679,94.05525,94.0550620867905,94.05859375,94.0578980490083
1036.15,94.06528018,94.0547879554715,94.0569925461677,94.0569925461677,94.0569937574197,94.05535,94.0551631010481,94.05859375,94.057900776549
1036.2,94.06528018,94.054783881123,94.0569999243385,94.0569999243385,94.0570011473715,94.05545,94.0552641153056,94.05859375,94.0579035040898
1036.25,94.06528018,94.0547798067745,94.0570073025092,94.0570073025092,94.0570085373233,94.05555,94.0553651295631,94.05859375,94.0579062316305
1036.3,94.06528018,94.0547757324261,94.05701468068,94.05701468068,94.0570159272751,94.05565,94.0554661438206,94.05859375,94.0579089591713
1036.35,94.06528018,94.0547716580776,94.0570220588507,94.0570220588507,94.0570233172269,94.05575,94.0555671580781,94.05859375,94.0579116867121
1036.4,94.06528018,94.0547675837292,94.0570294370215,94.0570294370215,94.0570307071788,94.05585,94.0556681723356,94.05859375,94.0579144142528
1036.45,94.06528018,94.0547635093807,94.0570368151922,94.0570368151922,94.0570380971306,94.05595,94.0557691865931,94.05859375,94.0579171417936
1036.5,94.06528018,94.0547594350322,94.057044193363,94.057044193363,94.0570454870824,94.05605,94.0558702008506,94.05859375,94.0579198693343
1036.55,94.06528018,94.0547553606838,94.0570515715337,94.0570515715337,94.0570528770342,94.05615,94.0559712151081,94.05859375,94.0579225968751
1036.6,94.06528018,94.0547512863353,94.0570589497045,94.0570589497045,94.057060266986,94.05625,94.0560722293656,94.05859375,94.0579253244159
1036.65,94.06528018,94.0547472119868,94.0570663278752,94.0570663278752,94.0570676569378,94.05635,94.0561732436231,94.05859375,94.0579280519566
1036.7,94.06528018,94.0547431376384,94.057073706046,94.057073706046,94.0570750468896,94.05645,94.0562742578806,94.05859375,94.0579307794974
1036.75,94.06528018,94.0547390632899,94.0570810842167,94.0570810842167,94.0570824368415,94.05655,94.0563752721381,94.05859375,94.0579335070381
1036.8,94.06528018,94.0547349889414,94.0570884623875,94.0570884623875,94.0570898267933,94.05665,94.0564762863957,94.05859375,94.0579362345789
1036.85,94.06528018,94.054730914593,94.0570958405582,94.0570958405582,94.0570972167451,94.05675,94.0565773006532,94.05859375,94.0579389621197
1036.9,94.06528018,94.0547268402445,94.057103218729,94.057103218729,94.0571046066969,94.05685,94.0566783149107,94.05859375,94.0579416896604
1036.95,94.06528018,94.0547227658961,94.0571105968997,94.0571105968997,94.0571119966487,94.05695,94.0567793291682,94.05859375,94.0579444172012
1037,94.06528018,94.0547186915476,94.0571179750705,94.0571179750705,94.0571193866005,94.05705,94.0568803434257,94.05859375,94.0579471447419
1037.05,94.06528018,94.0547146171991,94.0571253532412,94.0571253532412,94.0571267765523,94.05715,94.0569813576832,94.05859375,94.0579498722827
1037.1,94.06528018,94.0547105428507,94.057132731412,94.057132731412,94.0571341665041,94.05725,94.0570823719407,94.05859375,94.0579525998235
1037.15,94.06528018,94.0547064685022,94.0571401095827,94.0571401095827,94.0571415564559,94.05735,94.0571833861982,94.05859375,94.0579553273642
1037.2,94.06528018,94.0547023941538,94.0571474877535,94.0571474877535,94.0571489464078,94.05745,94.0572844004557,94.05859375,94.057958054905
1037.25,94.06528018,94.0546983198053,94.0571548659242,94.0571548659242,94.0571563363596,94.05755,94.0573854147132,94.05859375,94.0579607824457
1037.3,94.06528018,94.0546942454568,94.057162244095,94.057162244095,94.0571637263114,94.05765,94.0574864289707,94.05859375,94.0579635099865
1037.35,94.06528018,94.0546901711084,94.0571696222657,94.0571696222657,94.0571711162632,94.05775,94.0575874432282,94.05859375,94.0579662375273
1037.4,94.06528018,94.0546860967599,94.0571770004364,94.0571770004364,94.057178506215,94.05785,94.0576884574857,94.05859375,94.057968965068
1037.45,94.06528018,94.0546820224114,94.0571843786072,94.0571843786072,94.0571858961668,94.05795,94.0577894717432,94.05859375,94.0579716926088
1037.5,94.06528018,94.054677948063,94.0571917567779,94.0571917567779,94.0571932861186,94.05805,94.0578904860008,94.05859375,94.0579744201495
1037.55,94.06528018,94.0546738737145,94.0571991349487,94.0571991349487,94.0572006760705,94.05815,94.0579915002583,94.05859375,94.0579771476903
1037.6,94.06528018,94.0546697993661,94.0572065131194,94.0572065131194,94.0572080660223,94.05825,94.0580925145158,94.05859375,94.0579798752311
1037.65,94.06528018,94.0546657250176,94.0572138912902,94.0572138912902,94.0572154559741,94.05835,94.0581935287733,94.05859375,94.0579826027718
1037.7,94.06528018,94.0546616506691,94.0572212694609,94.0572212694609,94.0572228459259,94.05845,94.0582945430308,94.05859375,94.0579853303126
1037.75,94.06528018,94.0546575763207,94.0572286476317,94.0572286476317,94.0572302358777,94.05855,94.0583955572883,94.05859375,94.0579880578534
1037.8,94.06528018,94.0546535019722,94.0572360258024,94.0572360258024,94.0572376258295,94.05865,94.0584965715458,94.05859375,94.0579907853941
1037.85,94.06528018,94.0546494276237,94.0572434039732,94.0572434039732,94.0572450157813,94.05875,94.0585975858033,94.05859375,94.0579935129349
1037.9,94.06528018,94.0546453532753,94.0572507821439,94.0572507821439,94.0572524057331,94.05885,94.0586986000608,94.05859375,94.0579962404756
1037.95,94.06528018,94.0546412789268,94.0572581603147,94.0572581603147,94.057259795685,94.05895,94.0587996143183,94.05859375,94.0579989680164
1038,94.06528018,94.0546372045784,94.0572655384854,94.0572655384854,94.0572671856368,94.059075,94.0589256285758,94.05859375,94.0580016955572
1038.05,94.06528018,94.0546331302299,94.0572729166562,94.0572729166562,94.0572745755886,94.059225,94.0590766428333,94.05859375,94.0580044230979
1038.1,94.06528018,94.0546290558814,94.0572802948269,94.0572802948269,94.0572819655404,94.059375,94.0592276570909,94.05859375,94.0580071506387
1038.15,94.06528018,94.054624981533,94.0572876729977,94.0572876729977,94.0572893554922,94.059525,94.0593786713484,94.05859375,94.0580098781794
1038.2,94.06528018,94.0546209071845,94.0572950511684,94.0572950511684,94.057296745444,94.059675,94.0595296856059,94.05859375,94.0580126057202
1038.25,94.06528018,94.054616832836,94.0573024293392,94.0573024293392,94.0573041353958,94.059825,94.0596806998634,94.05859375,94.058015333261
1038.3,94.06528018,94.0546127584876,94.0573098075099,94.0573098075099,94.0573115253476,94.059975,94.0598317141209,94.05859375,94.0580180608017
1038.35,94.06528018,94.0546086841391,94.0573171856806,94.0573171856806,94.0573189152994,94.060125,94.0599827283784,94.05859375,94.0580207883425
1038.4,94.06528018,94.0546046097906,94.0573245638514,94.0573245638514,94.0573263052513,94.060275,94.0601337426359,94.05859375,94.0580235158832
1038.45,94.06528018,94.0546005354422,94.0573319420221,94.0573319420221,94.0573336952031,94.060425,94.0602847568934,94.05859375,94.058026243424
1038.5,94.06528018,94.0545964610937,94.0573393201929,94.0573393201929,94.0573410851549,94.060575,94.0604357711509,94.05859375,94.0580289709648
1038.55,94.06528018,94.0545923867453,94.0573466983636,94.0573466983636,94.0573484751067,94.060725,94.0605867854084,94.05859375,94.0580316985055
1038.6,94.06528018,94.0545883123968,94.0573540765344,94.0573540765344,94.0573558650585,94.060875,94.0607377996659,94.05859375,94.0580344260463
1038.65,94.06528018,94.0545842380483,94.0573614547051,94.0573614547051,94.0573632550103,94.061025,94.0608888139234,94.05859375,94.058037153587
1038.7,94.06528018,94.0545801636999,94.0573688328759,94.0573688328759,94.0573706449621,94.061175,94.0610398281809,94.05859375,94.0580398811278
1038.75,94.06528018,94.0545760893514,94.0573762110466,94.0573762110466,94.057378034914,94.061325,94.0611908424384,94.05859375,94.0580426086686
1038.8,94.06528018,94.0545720150029,94.0573835892174,94.0573835892174,94.0573854248658,94.061475,94.061341856696,94.05859375,94.0580453362093
1038.85,94.06528018,94.0545679406545,94.0573909673881,94.0573909673881,94.0573928148176,94.061625,94.0614928709535,94.05859375,94.0580480637501
1038.9,94.06528018,94.054563866306,94.0573983455589,94.0573983455589,94.0574002047694,94.061775,94.061643885211,94.05859375,94.0580507912908
1038.95,94.06528018,94.0545597919576,94.0574057237296,94.0574057237296,94.0574075947212,94.061925,94.0617948994685,94.05859375,94.0580535188316
1039,94.06528018,94.0545557176091,94.0574131019004,94.0574131019004,94.057414984673,94.062,94.061870913726,94.05859375,94.0580562463724
1039.05,94.06528018,94.0545516432606,94.0574204800711,94.0574204800711,94.0574223746248,94.062,94.0618719279835,94.05859375,94.0580589739131
1039.1,94.06528018,94.0545475689122,94.0574278582419,94.0574278582419,94.0574297645766,94.062,94.061872942241,94.05859375,94.0580617014539
1039.15,94.06528018,94.0545434945637,94.0574352364126,94.0574352364126,94.0574371545285,94.062,94.0618739564985,94.05859375,94.0580644289946
1039.2,94.06528018,94.0545394202152,94.0574426145834,94.0574426145834,94.0574445444803,94.062,94.061874970756,94.05859375,94.0580671565354
1039.25,94.06528018,94.0545353458668,94.0574499927541,94.0574499927541,94.0574519344321,94.062,94.0618759850135,94.05859375,94.0580698840762
1039.3,94.06528018,94.0545312715183,94.0574573709249,94.0574573709249,94.0574593243839,94.062,94.061876999271,94.05859375,94.0580726116169
1039.35,94.06528018,94.0545271971699,94.0574647490956,94.0574647490956,94.0574667143357,94.062,94.0618780135285,94.05859375,94.0580753391577
1039.4,94.06528018,94.0545231228214,94.0574721272664,94.0574721272664,94.0574741042875,94.062,94.061879027786,94.05859375,94.0580780666984
1039.45,94.06528018,94.0545190484729,94.0574795054371,94.0574795054371,94.0574814942393,94.062,94.0618800420436,94.05859375,94.0580807942392
1039.5,94.06528018,94.0545149741245,94.0574868836079,94.0574868836079,94.0574888841911,94.062,94.0618810563011,94.05859375,94.05808352178
1039.55,94.06528018,94.054510899776,94.0574942617786,94.0574942617786,94.0574962741429,94.062,94.0618820705586,94.05859375,94.0580862493207
1039.6,94.06528018,94.0545068254276,94.0575016399494,94.0575016399494,94.0575036640948,94.062,94.0618830848161,94.05859375,94.0580889768615
1039.65,94.06528018,94.0545027510791,94.0575090181201,94.0575090181201,94.0575110540466,94.062,94.0618840990736,94.05859375,94.0580917044022
1039.7,94.06528018,94.0544986767306,94.0575163962908,94.0575163962908,94.0575184439984,94.062,94.0618851133311,94.05859375,94.058094431943
1039.75,94.06528018,94.0544946023822,94.0575237744616,94.0575237744616,94.0575258339502,94.062,94.0618861275886,94.05859375,94.0580971594838
1039.8,94.06528018,94.0544905280337,94.0575311526323,94.0575311526323,94.057533223902,94.062,94.0618871418461,94.05859375,94.0580998870245
1039.85,94.06528018,94.0544864536852,94.0575385308031,94.0575385308031,94.0575406138538,94.062,94.0618881561036,94.05859375,94.0581026145653
1039.9,94.06528018,94.0544823793368,94.0575459089738,94.0575459089738,94.0575480038056,94.062,94.0618891703611,94.05859375,94.058105342106
1039.95,94.06528018,94.0544783049883,94.0575532871446,94.0575532871446,94.0575553937575,94.062,94.0618901846186,94.05859375,94.0581080696468
1040,94.06528018,94.0544742306398,94.0575606653153,94.0575606653153,94.0575627837093,94.062,94.0618911988761,94.05859375,94.0581107971876
1040.05,94.06528018,94.0544587409674,94.0575236511415,94.0575236511415,94.0575257565192,94.062,94.061900301509,94.05859375,94.058112572353
1040.1,94.06528018,94.054443251295,94.0574866369676,94.0574866369676,94.0574887293292,94.062,94.0619094041418,94.05859375,94.0581143475184
1040.15,94.06528018,94.0544277616225,94.0574496227938,94.0574496227938,94.0574517021391,94.062,94.0619185067746,94.05859375,94.0581161226838
1040.2,94.06528018,94.0544122719501,94.0574126086199,94.0574126086199,94.0574146749491,94.062,94.0619276094074,94.05859375,94.0581178978492
1040.25,94.06528018,94.0543967822776,94.057375594446,94.057375594446,94.057377647759,94.062,94.0619367120402,94.05859375,94.0581196730146
1040.3,94.06528018,94.0543812926052,94.0573385802722,94.0573385802722,94.057340620569,94.062,94.061945814673,94.05859375,94.05812144818
1040.35,94.06528018,94.0543658029328,94.0573015660983,94.0573015660983,94.0573035933789,94.062,94.0619549173058,94.05859375,94.0581232233455
1040.4,94.06528018,94.0543503132603,94.0572645519245,94.0572645519245,94.0572665661889,94.062,94.0619640199387,94.05859375,94.0581249985109
1040.45,94.06528018,94.0543348235879,94.0572275377506,94.0572275377506,94.0572295389988,94.062,94.0619731225715,94.05859375,94.0581267736763
1040.5,94.06528018,94.0543193339154,94.0571905235768,94.0571905235768,94.0571925118088,94.062,94.0619822252043,94.05859375,94.0581285488417
1040.55,94.06528018,94.054303844243,94.0571535094029,94.0571535094029,94.0571554846187,94.062,94.0619913278371,94.05859375,94.0581303240071
1040.6,94.06528018,94.0542883545706,94.0571164952291,94.0571164952291,94.0571184574287,94.062,94.0620004304699,94.05859375,94.0581320991725
1040.65,94.06528018,94.0542728648981,94.0570794810552,94.0570794810552,94.0570814302386,94.062,94.0620095331027,94.05859375,94.058133874338
1040.7,94.06528018,94.0542573752257,94.0570424668813,94.0570424668813,94.0570444030486,94.062,94.0620186357355,94.05859375,94.0581356495034
1040.75,94.06528018,94.0542418855533,94.0570054527075,94.0570054527075,94.0570073758585,94.062,94.0620277383683,94.05859375,94.0581374246688
1040.8,94.06528018,94.0542263958808,94.0569684385336,94.0569684385336,94.0569703486685,94.062,94.0620368410012,94.05859375,94.0581391998342
1040.85,94.06528018,94.0542109062084,94.0569314243598,94.0569314243598,94.0569333214784,94.062,94.062045943634,94.05859375,94.0581409749996
1040.9,94.06528018,94.0541954165359,94.0568944101859,94.0568944101859,94.0568962942884,94.062,94.0620550462668,94.05859375,94.058142750165
1040.95,94.06528018,94.0541799268635,94.0568573960121,94.0568573960121,94.0568592670983,94.062,94.0620641488996,94.05859375,94.0581445253304
1041,94.06528018,94.054164437191,94.0568203818382,94.0568203818382,94.0568222399083,94.0619,94.0619732515324,94.0585693359375,94.0581218864334
1041.05,94.06528018,94.0541489475186,94.0567833676644,94.0567833676644,94.0567852127182,94.0617,94.0617823541652,94.0585205078125,94.0580748334738
1041.1,94.06528018,94.0541334578462,94.0567463534905,94.0567463534905,94.0567481855282,94.0615,94.061591456798,94.0584716796875,94.0580277805142
1041.15,94.06528018,94.0541179681737,94.0567093393166,94.0567093393166,94.0567111583381,94.0613,94.0614005594309,94.0584228515625,94.0579807275546
1041.2,94.06528018,94.0541024785013,94.0566723251428,94.0566723251428,94.0566741311481,94.0611,94.0612096620637,94.0583740234375,94.057933674595
1041.25,94.06528018,94.0540869888289,94.0566353109689,94.0566353109689,94.056637103958,94.0609,94.0610187646965,94.0583251953125,94.0578866216354
1041.3,94.06528018,94.0540714991564,94.0565982967951,94.0565982967951,94.056600076768,94.0607,94.0608278673293,94.0582763671875,94.0578395686758
1041.35,94.06528018,94.054056009484,94.0565612826212,94.0565612826212,94.0565630495779,94.0605,94.0606369699621,94.0582275390625,94.0577925157162
1041.4,94.06528018,94.0540405198115,94.0565242684474,94.0565242684474,94.0565260223879,94.0603,94.0604460725949,94.0581787109375,94.0577454627567
1041.45,94.06528018,94.0540250301391,94.0564872542735,94.0564872542735,94.0564889951978,94.0601,94.0602551752277,94.0581298828125,94.0576984097971
1041.5,94.06528018,94.0540095404667,94.0564502400997,94.0564502400997,94.0564519680078,94.0599,94.0600642778605,94.0580810546875,94.0576513568375
1041.55,94.06528018,94.0539940507942,94.0564132259258,94.0564132259258,94.0564149408177,94.0597,94.0598733804934,94.0580322265625,94.0576043038779
1041.6,94.06528018,94.0539785611218,94.0563762117519,94.0563762117519,94.0563779136277,94.0595,94.0596824831262,94.0579833984375,94.0575572509183
1041.65,94.06528018,94.0539630714493,94.0563391975781,94.0563391975781,94.0563408864376,94.0593,94.059491585759,94.0579345703125,94.0575101979587
1041.7,94.06528018,94.0539475817769,94.0563021834042,94.0563021834042,94.0563038592476,94.0591,94.0593006883918,94.0578857421875,94.0574631449991
1041.75,94.06528018,94.0539320921045,94.0562651692304,94.0562651692304,94.0562668320575,94.0589,94.0591097910246,94.0578369140625,94.0574160920396
1041.8,94.06528018,94.053916602432,94.0562281550565,94.0562281550565,94.0562298048675,94.0587,94.0589188936574,94.0577880859375,94.05736903908
1041.85,94.06528018,94.0539011127596,94.0561911408827,94.0561911408827,94.0561927776774,94.0585,94.0587279962902,94.0577392578125,94.0573219861204
1041.9,94.06528018,94.0538856230871,94.0561541267088,94.0561541267088,94.0561557504874,94.0583,94.0585370989231,94.0576904296875,94.0572749331608
1041.95,94.06528018,94.0538701334147,94.0561171125349,94.0561171125349,94.0561187232973,94.0581,94.0583462015559,94.0576416015625,94.0572278802012
1042,94.06528018,94.0538546437423,94.0560800983611,94.0560800983611,94.0560816961073,94.05795,94.0582053041887,94.0575927734375,94.0571808272416
1042.05,94.06528018,94.0538391540698,94.0560430841872,94.0560430841872,94.0560446689172,94.05785,94.0581144068215,94.0575439453125,94.057133774282
1042.1,94.06528018,94.0538236643974,94.0560060700134,94.0560060700134,94.0560076417272,94.05775,94.0580235094543,94.0574951171875,94.0570867213225
1042.15,94.06528018,94.0538081747249,94.0559690558395,94.0559690558395,94.0559706145371,94.05765,94.0579326120871,94.0574462890625,94.0570396683629
1042.2,94.06528018,94.0537926850525,94.0559320416657,94.0559320416657,94.0559335873471,94.05755,94.0578417147199,94.0573974609375,94.0569926154033
1042.25,94.06528018,94.0537771953801,94.0558950274918,94.0558950274918,94.055896560157,94.05745,94.0577508173527,94.0573486328125,94.0569455624437
1042.3,94.06528018,94.0537617057076,94.055858013318,94.055858013318,94.055859532967,94.05735,94.0576599199856,94.0572998046875,94.0568985094841
1042.35,94.06528018,94.0537462160352,94.0558209991441,94.0558209991441,94.0558225057769,94.05725,94.0575690226184,94.0572509765625,94.0568514565245
1042.4,94.06528018,94.0537307263627,94.0557839849702,94.0557839849702,94.0557854785869,94.05715,94.0574781252512,94.0572021484375,94.0568044035649
1042.45,94.06528018,94.0537152366903,94.0557469707964,94.0557469707964,94.0557484513968,94.05705,94.057387227884,94.0571533203125,94.0567573506054
1042.5,94.06528018,94.0536997470179,94.0557099566225,94.0557099566225,94.0557114242068,94.05695,94.0572963305168,94.0571044921875,94.0567102976458
1042.55,94.06528018,94.0536842573454,94.0556729424487,94.0556729424487,94.0556743970167,94.05685,94.0572054331496,94.0570556640625,94.0566632446862
1042.6,94.06528018,94.053668767673,94.0556359282748,94.0556359282748,94.0556373698267,94.05675,94.0571145357824,94.0570068359375,94.0566161917266
1042.65,94.06528018,94.0536532780006,94.055598914101,94.055598914101,94.0556003426366,94.05665,94.0570236384153,94.0569580078125,94.056569138767
1042.7,94.06528018,94.0536377883281,94.0555618999271,94.0555618999271,94.0555633154466,94.05655,94.0569327410481,94.0569091796875,94.0565220858074
1042.75,94.06528018,94.0536222986557,94.0555248857533,94.0555248857533,94.0555262882565,94.05645,94.0568418436809,94.0568603515625,94.0564750328478
1042.8,94.06528018,94.0536068089832,94.0554878715794,94.0554878715794,94.0554892610665,94.05635,94.0567509463137,94.0568115234375,94.0564279798883
1042.85,94.06528018,94.0535913193108,94.0554508574055,94.0554508574055,94.0554522338764,94.05625,94.0566600489465,94.0567626953125,94.0563809269287
1042.9,94.06528018,94.0535758296383,94.0554138432317,94.0554138432317,94.0554152066864,94.05615,94.0565691515793,94.0567138671875,94.0563338739691
1042.95,94.06528018,94.0535603399659,94.0553768290578,94.0553768290578,94.0553781794963,94.05605,94.0564782542121,94.0566650390625,94.0562868210095
1043,94.06528018,94.0535448502935,94.055339814884,94.055339814884,94.0553411523063,94.056,94.056437356845,94.0566162109375,94.0562397680499
1043.05,94.06528018,94.053529360621,94.0553028007101,94.0553028007101,94.0553041251162,94.056,94.0564464594778,94.0565673828125,94.0561927150903
1043.1,94.06528018,94.0535138709486,94.0552657865363,94.0552657865363,94.0552670979262,94.056,94.0564555621106,94.0565185546875,94.0561456621307
1043.15,94.06528018,94.0534983812762,94.0552287723624,94.0552287723624,94.0552300707361,94.056,94.0564646647434,94.0564697265625,94.0560986091711
1043.2,94.06528018,94.0534828916037,94.0551917581886,94.0551917581886,94.0551930435461,94.056,94.0564737673762,94.0564208984375,94.0560515562116
1043.25,94.06528018,94.0534674019313,94.0551547440147,94.0551547440147,94.055156016356,94.056,94.056482870009,94.0563720703125,94.056004503252
1043.3,94.06528018,94.0534519122588,94.0551177298408,94.0551177298408,94.055118989166,94.056,94.0564919726418,94.0563232421875,94.0559574502924
1043.35,94.06528018,94.0534364225864,94.055080715667,94.055080715667,94.0550819619759,94.056,94.0565010752746,94.0562744140625,94.0559103973328
1043.4,94.06528018,94.053420932914,94.0550437014931,94.0550437014931,94.0550449347859,94.056,94.0565101779075,94.0562255859375,94.0558633443732
1043.45,94.06528018,94.0534054432415,94.0550066873193,94.0550066873193,94.0550079075958,94.056,94.0565192805403,94.0561767578125,94.0558162914136
1043.5,94.06528018,94.0533899535691,94.0549696731454,94.0549696731454,94.0549708804058,94.056,94.0565283831731,94.0561279296875,94.055769238454
1043.55,94.06528018,94.0533744638966,94.0549326589716,94.0549326589716,94.0549338532157,94.056,94.0565374858059,94.0560791015625,94.0557221854945
1043.6,94.06528018,94.0533589742242,94.0548956447977,94.0548956447977,94.0548968260257,94.056,94.0565465884387,94.0560302734375,94.0556751325349
1043.65,94.06528018,94.0533434845518,94.0548586306239,94.0548586306239,94.0548597988356,94.056,94.0565556910715,94.0559814453125,94.0556280795753
1043.7,94.06528018,94.0533279948793,94.05482161645,94.05482161645,94.0548227716456,94.056,94.0565647937043,94.0559326171875,94.0555810266157
1043.75,94.06528018,94.0533125052069,94.0547846022761,94.0547846022761,94.0547857444555,94.056,94.0565738963371,94.0558837890625,94.0555339736561
1043.8,94.06528018,94.0532970155344,94.0547475881023,94.0547475881023,94.0547487172655,94.056,94.05658299897,94.0558349609375,94.0554869206965
1043.85,94.06528018,94.053281525862,94.0547105739284,94.0547105739284,94.0547116900754,94.056,94.0565921016028,94.0557861328125,94.055439867737
1043.9,94.06528018,94.0532660361896,94.0546735597546,94.0546735597546,94.0546746628854,94.056,94.0566012042356,94.0557373046875,94.0553928147774
1043.95,94.06528018,94.0532505465171,94.0546365455807,94.0546365455807,94.0546376356953,94.056,94.0566103068684,94.0556884765625,94.0553457618178
1044,94.06528018,94.0532350568447,94.0545995314069,94.0545995314069,94.0546006085053,94.05595,94.0565694095012,94.0556396484375,94.0552987088582
1044.05,94.06528018,94.0532195671722,94.054562517233,94.054562517233,94.0545635813152,94.05585,94.056478512134,94.0555908203125,94.0552516558986
1044.1,94.06528018,94.0532040774998,94.0545255030592,94.0545255030592,94.0545265541252,94.05575,94.0563876147668,94.0555419921875,94.055204602939
1044.15,94.06528018,94.0531885878274,94.0544884888853,94.0544884888853,94.0544895269351,94.05565,94.0562967173996,94.0554931640625,94.0551575499794
1044.2,94.06528018,94.0531730981549,94.0544514747114,94.0544514747114,94.0544524997451,94.05555,94.0562058200325,94.0554443359375,94.0551104970198
1044.25,94.06528018,94.0531576084825,94.0544144605376,94.0544144605376,94.054415472555,94.05545,94.0561149226653,94.0553955078125,94.0550634440603
1044.3,94.06528018,94.05314211881,94.0543774463637,94.0543774463637,94.054378445365,94.05535,94.0560240252981,94.0553466796875,94.0550163911007
1044.35,94.06528018,94.0531266291376,94.0543404321899,94.0543404321899,94.0543414181749,94.05525,94.0559331279309,94.0552978515625,94.0549693381411
1044.4,94.06528018,94.0531111394652,94.054303418016,94.054303418016,94.0543043909849,94.05515,94.0558422305637,94.0552490234375,94.0549222851815
1044.45,94.06528018,94.0530956497927,94.0542664038422,94.0542664038422,94.0542673637948,94.05505,94.0557513331965,94.0552001953125,94.0548752322219
1044.5,94.06528018,94.0530801601203,94.0542293896683,94.0542293896683,94.0542303366048,94.05495,94.0556604358294,94.0551513671875,94.0548281792623
1044.55,94.06528018,94.0530646704478,94.0541923754945,94.0541923754945,94.0541933094147,94.05485,94.0555695384622,94.0551025390625,94.0547811263027
1044.6,94.06528018,94.0530491807754,94.0541553613206,94.0541553613206,94.0541562822247,94.05475,94.055478641095,94.0550537109375,94.0547340733432
1044.65,94.06528018,94.053033691103,94.0541183471467,94.0541183471467,94.0541192550346,94.05465,94.0553877437278,94.0550048828125,94.0546870203836
1044.7,94.06528018,94.0530182014305,94.0540813329729,94.0540813329729,94.0540822278446,94.05455,94.0552968463606,94.0549560546875,94.054639967424
1044.75,94.06528018,94.0530027117581,94.054044318799,94.054044318799,94.0540452006545,94.05445,94.0552059489934,94.0549072265625,94.0545929144644
1044.8,94.06528018,94.0529872220856,94.0540073046252,94.0540073046252,94.0540081734645,94.05435,94.0551150516262,94.0548583984375,94.0545458615048
1044.85,94.06528018,94.0529717324132,94.0539702904513,94.0539702904513,94.0539711462744,94.05425,94.055024154259,94.0548095703125,94.0544988085452
1044.9,94.06528018,94.0529562427408,94.0539332762775,94.0539332762775,94.0539341190844,94.05415,94.0549332568919,94.0547607421875,94.0544517555856
1044.95,94.06528018,94.0529407530683,94.0538962621036,94.0538962621036,94.0538970918943,94.05405,94.0548423595247,94.0547119140625,94.0544047026261
1045,94.06528018,94.0529252633959,94.0538592479298,94.0538592479298,94.0538600647043,94.054,94.0548014621575,94.0546630859375,94.0543576496665
1045.05,94.06528018,94.0529097737235,94.0538222337559,94.0538222337559,94.0538230375142,94.054,94.0548105647903,94.0546142578125,94.0543105967069
1045.1,94.06528018,94.052894284051,94.053785219582,94.053785219582,94.0537860103242,94.054,94.0548196674231,94.0545654296875,94.0542635437473
1045.15,94.06528018,94.0528787943786,94.0537482054082,94.0537482054082,94.0537489831341,94.054,94.0548287700559,94.0545166015625,94.0542164907877
1045.2,94.06528018,94.0528633047061,94.0537111912343,94.0537111912343,94.0537119559441,94.054,94.0548378726887,94.0544677734375,94.0541694378281
1045.25,94.06528018,94.0528478150337,94.0536741770605,94.0536741770605,94.053674928754,94.054,94.0548469753216,94.0544189453125,94.0541223848685
1045.3,94.06528018,94.0528323253613,94.0536371628866,94.0536371628866,94.053637901564,94.054,94.0548560779544,94.0543701171875,94.0540753319089
1045.35,94.06528018,94.0528168356888,94.0536001487128,94.0536001487128,94.0536008743739,94.054,94.0548651805872,94.0543212890625,94.0540282789494
1045.4,94.06528018,94.0528013460164,94.0535631345389,94.0535631345389,94.0535638471839,94.054,94.05487428322,94.0542724609375,94.0539812259898
1045.45,94.06528018,94.0527858563439,94.053526120365,94.053526120365,94.0535268199938,94.054,94.0548833858528,94.0542236328125,94.0539341730302
1045.5,94.06528018,94.0527703666715,94.0534891061912,94.0534891061912,94.0534897928038,94.054,94.0548924884856,94.0541748046875,94.0538871200706
1045.55,94.06528018,94.0527548769991,94.0534520920173,94.0534520920173,94.0534527656137,94.054,94.0549015911184,94.0541259765625,94.053840067111
1045.6,94.06528018,94.0527393873266,94.0534150778435,94.0534150778435,94.0534157384237,94.054,94.0549106937512,94.0540771484375,94.0537930141514
1045.65,94.06528018,94.0527238976542,94.0533780636696,94.0533780636696,94.0533787112336,94.054,94.0549197963841,94.0540283203125,94.0537459611919
1045.7,94.06528018,94.0527084079817,94.0533410494958,94.0533410494958,94.0533416840436,94.054,94.0549288990169,94.0539794921875,94.0536989082323
1045.75,94.06528018,94.0526929183093,94.0533040353219,94.0533040353219,94.0533046568535,94.054,94.0549380016497,94.0539306640625,94.0536518552727
1045.8,94.06528018,94.0526774286369,94.0532670211481,94.0532670211481,94.0532676296635,94.054,94.0549471042825,94.0538818359375,94.0536048023131
1045.85,94.06528018,94.0526619389644,94.0532300069742,94.0532300069742,94.0532306024734,94.054,94.0549562069153,94.0538330078125,94.0535577493535
1045.9,94.06528018,94.052646449292,94.0531929928003,94.0531929928003,94.0531935752834,94.054,94.0549653095481,94.0537841796875,94.0535106963939
1045.95,94.06528018,94.0526309596195,94.0531559786265,94.0531559786265,94.0531565480933,94.054,94.0549744121809,94.0537353515625,94.0534636434343
1046,94.06528018,94.0526154699471,94.0531189644526,94.0531189644526,94.0531195209033,94.054,94.0549835148137,94.0536865234375,94.0534165904748
1046.05,94.06528018,94.0525999802747,94.0530819502788,94.0530819502788,94.0530824937132,94.054,94.0549926174466,94.0536376953125,94.0533695375152
1046.1,94.06528018,94.0525844906022,94.0530449361049,94.0530449361049,94.0530454665232,94.054,94.0550017200794,94.0535888671875,94.0533224845556
1046.15,94.06528018,94.0525690009298,94.0530079219311,94.0530079219311,94.0530084393331,94.054,94.0550108227122,94.0535400390625,94.053275431596
1046.2,94.06528018,94.0525535112573,94.0529709077572,94.0529709077572,94.0529714121431,94.054,94.055019925345,94.0534912109375,94.0532283786364
1046.25,94.06528018,94.0525380215849,94.0529338935834,94.0529338935834,94.052934384953,94.054,94.0550290279778,94.0534423828125,94.0531813256768
1046.3,94.06528018,94.0525225319125,94.0528968794095,94.0528968794095,94.052897357763,94.054,94.0550381306106,94.0533935546875,94.0531342727172
1046.35,94.06528018,94.05250704224,94.0528598652356,94.0528598652356,94.0528603305729,94.054,94.0550472332434,94.0533447265625,94.0530872197576
1046.4,94.06528018,94.0524915525676,94.0528228510618,94.0528228510618,94.0528233033829,94.054,94.0550563358763,94.0532958984375,94.0530401667981
1046.45,94.06528018,94.0524760628951,94.0527858368879,94.0527858368879,94.0527862761928,94.054,94.0550654385091,94.0532470703125,94.0529931138385
1046.5,94.06528018,94.0524605732227,94.0527488227141,94.0527488227141,94.0527492490028,94.054,94.0550745411419,94.0531982421875,94.0529460608789
1046.55,94.06528018,94.0524450835503,94.0527118085402,94.0527118085402,94.0527122218127,94.054,94.0550836437747,94.0531494140625,94.0528990079193
1046.6,94.06528018,94.0524295938778,94.0526747943664,94.0526747943664,94.0526751946227,94.054,94.0550927464075,94.0531005859375,94.0528519549597
1046.65,94.06528018,94.0524141042054,94.0526377801925,94.0526377801925,94.0526381674326,94.054,94.0551018490403,94.0530517578125,94.0528049020001
1046.7,94.06528018,94.0523986145329,94.0526007660187,94.0526007660187,94.0526011402426,94.054,94.0551109516731,94.0530029296875,94.0527578490405
1046.75,94.06528018,94.0523831248605,94.0525637518448,94.0525637518448,94.0525641130525,94.054,94.0551200543059,94.0529541015625,94.052710796081
1046.8,94.06528018,94.0523676351881,94.0525267376709,94.0525267376709,94.0525270858625,94.054,94.0551291569388,94.0529052734375,94.0526637431214
1046.85,94.06528018,94.0523521455156,94.0524897234971,94.0524897234971,94.0524900586724,94.054,94.0551382595716,94.0528564453125,94.0526166901618
1046.9,94.06528018,94.0523366558432,94.0524527093232,94.0524527093232,94.0524530314824,94.054,94.0551473622044,94.0528076171875,94.0525696372022
1046.95,94.06528018,94.0523211661707,94.0524156951494,94.0524156951494,94.0524160042923,94.054,94.0551564648372,94.0527587890625,94.0525225842426
1047,94.06528018,94.0523056764983,94.0523786809755,94.0523786809755,94.0523789771023,94.053875,94.05504056747,94.0527099609375,94.052475531283
1047.05,94.06528018,94.0522901868259,94.0523416668017,94.0523416668017,94.0523419499122,94.053625,94.0547996701028,94.0526611328125,94.0524284783234
1047.1,94.06528018,94.0522746971534,94.0523046526278,94.0523046526278,94.0523049227222,94.053375,94.0545587727356,94.0526123046875,94.0523814253639
1047.15,94.06528018,94.052259207481,94.052267638454,94.052267638454,94.0522678955321,94.053125,94.0543178753685,94.0525634765625,94.0523343724043
1047.2,94.06528018,94.0522437178086,94.0522306242801,94.0522306242801,94.0522308683421,94.052875,94.0540769780013,94.0525146484375,94.0522873194447
1047.25,94.06528018,94.0522282281361,94.0521936101062,94.0521936101062,94.052193841152,94.052625,94.0538360806341,94.0524658203125,94.0522402664851
1047.3,94.06528018,94.0522127384637,94.0521565959324,94.0521565959324,94.052156813962,94.052375,94.0535951832669,94.0524169921875,94.0521932135255
1047.35,94.06528018,94.0521972487912,94.0521195817585,94.0521195817585,94.0521197867719,94.052125,94.0533542858997,94.0523681640625,94.0521461605659
1047.4,94.06528018,94.0521817591188,94.0520825675847,94.0520825675847,94.0520827595819,94.051875,94.0531133885325,94.0523193359375,94.0520991076063
1047.45,94.06528018,94.0521662694463,94.0520455534108,94.0520455534108,94.0520457323918,94.051625,94.0528724911653,94.0522705078125,94.0520520546468
1047.5,94.06528018,94.0521507797739,94.052008539237,94.052008539237,94.0520087052018,94.051375,94.0526315937982,94.0522216796875,94.0520050016872
1047.55,94.06528018,94.0521352901015,94.0519715250631,94.0519715250631,94.0519716780117,94.051125,94.052390696431,94.0521728515625,94.0519579487276
1047.6,94.06528018,94.052119800429,94.0519345108893,94.0519345108893,94.0519346508217,94.050875,94.0521497990638,94.0521240234375,94.051910895768
1047.65,94.06528018,94.0521043107566,94.0518974967154,94.0518974967154,94.0518976236316,94.050625,94.0519089016966,94.0520751953125,94.0518638428084
1047.7,94.06528018,94.0520888210842,94.0518604825415,94.0518604825415,94.0518605964416,94.050375,94.0516680043294,94.0520263671875,94.0518167898488
1047.75,94.06528018,94.0520733314117,94.0518234683677,94.0518234683677,94.0518235692515,94.050125,94.0514271069622,94.0519775390625,94.0517697368892
1047.8,94.06528018,94.0520578417393,94.0517864541938,94.0517864541938,94.0517865420615,94.049875,94.051186209595,94.0519287109375,94.0517226839297
1047.85,94.06528018,94.0520423520668,94.05174944002,94.05174944002,94.0517495148714,94.049625,94.0509453122278,94.0518798828125,94.0516756309701
1047.9,94.06528018,94.0520268623944,94.0517124258461,94.0517124258461,94.0517124876814,94.049375,94.0507044148607,94.0518310546875,94.0516285780105
1047.95,94.06528018,94.0520113727219,94.0516754116723,94.0516754116723,94.0516754604913,94.049125,94.0504635174935,94.0517822265625,94.0515815250509
1048,94.06528018,94.0519958830495,94.0516383974984,94.0516383974984,94.0516384333013,94.04895,94.0502976201263,94.0517333984375,94.0515344720913
1048.05,94.06528018,94.0519803933771,94.0516013833246,94.0516013833246,94.0516014061112,94.04885,94.0502067227591,94.0516845703125,94.0514874191317
1048.1,94.06528018,94.0519649037046,94.0515643691507,94.0515643691507,94.0515643789212,94.04875,94.0501158253919,94.0516357421875,94.0514403661721
1048.15,94.06528018,94.0519494140322,94.0515273549768,94.0515273549768,94.0515273517311,94.04865,94.0500249280247,94.0515869140625,94.0513933132126
1048.2,94.06528018,94.0519339243598,94.051490340803,94.051490340803,94.0514903245411,94.04855,94.0499340306575,94.0515380859375,94.051346260253
1048.25,94.06528018,94.0519184346873,94.0514533266291,94.0514533266291,94.051453297351,94.04845,94.0498431332904,94.0514892578125,94.0512992072934
1048.3,94.06528018,94.0519029450149,94.0514163124553,94.0514163124553,94.051416270161,94.04835,94.0497522359232,94.0514404296875,94.0512521543338
1048.35,94.06528018,94.0518874553424,94.0513792982814,94.0513792982814,94.0513792429709,94.04825,94.049661338556,94.0513916015625,94.0512051013742
1048.4,94.06528018,94.05187196567,94.0513422841076,94.0513422841076,94.0513422157809,94.04815,94.0495704411888,94.0513427734375,94.0511580484146
1048.45,94.06528018,94.0518564759976,94.0513052699337,94.0513052699337,94.0513051885908,94.04805,94.0494795438216,94.0512939453125,94.051110995455
1048.5,94.06528018,94.0518409863251,94.0512682557599,94.0512682557599,94.0512681614008,94.04795,94.0493886464544,94.0512451171875,94.0510639424954
1048.55,94.06528018,94.0518254966527,94.051231241586,94.051231241586,94.0512311342107,94.04785,94.0492977490872,94.0511962890625,94.0510168895359
1048.6,94.06528018,94.0518100069802,94.0511942274121,94.0511942274121,94.0511941070207,94.04775,94.04920685172,94.0511474609375,94.0509698365763
1048.65,94.06528018,94.0517945173078,94.0511572132383,94.0511572132383,94.0511570798306,94.04765,94.0491159543529,94.0510986328125,94.0509227836167
1048.7,94.06528018,94.0517790276354,94.0511201990644,94.0511201990644,94.0511200526406,94.04755,94.0490250569857,94.0510498046875,94.0508757306571
1048.75,94.06528018,94.0517635379629,94.0510831848906,94.0510831848906,94.0510830254505,94.04745,94.0489341596185,94.0510009765625,94.0508286776975
1048.8,94.06528018,94.0517480482905,94.0510461707167,94.0510461707167,94.0510459982605,94.04735,94.0488432622513,94.0509521484375,94.0507816247379
1048.85,94.06528018,94.051732558618,94.0510091565429,94.0510091565429,94.0510089710704,94.04725,94.0487523648841,94.0509033203125,94.0507345717783
1048.9,94.06528018,94.0517170689456,94.050972142369,94.050972142369,94.0509719438804,94.04715,94.0486614675169,94.0508544921875,94.0506875188188
1048.95,94.06528018,94.0517015792732,94.0509351281951,94.0509351281951,94.0509349166903,94.04705,94.0485705701497,94.0508056640625,94.0506404658592
1049,94.06528018,94.0516860896007,94.0508981140213,94.0508981140213,94.0508978895003,94.047,94.0485296727825,94.05078125,94.0506178269621
1049.05,94.06528018,94.0516705999283,94.0508610998474,94.0508610998474,94.0508608623102,94.047,94.0485387754154,94.05078125,94.0506196021275
1049.1,94.06528018,94.0516551102559,94.0508240856736,94.0508240856736,94.0508238351202,94.047,94.0485478780482,94.05078125,94.0506213772929
1049.15,94.06528018,94.0516396205834,94.0507870714997,94.0507870714997,94.0507868079301,94.047,94.048556980681,94.05078125,94.0506231524583
1049.2,94.06528018,94.051624130911,94.0507500573259,94.0507500573259,94.0507497807401,94.047,94.0485660833138,94.05078125,94.0506249276237
1049.25,94.06528018,94.0516086412385,94.050713043152,94.050713043152,94.05071275355,94.047,94.0485751859466,94.05078125,94.0506267027892
1049.3,94.06528018,94.0515931515661,94.0506760289782,94.0506760289782,94.05067572636,94.047,94.0485842885794,94.05078125,94.0506284779546
1049.35,94.06528018,94.0515776618936,94.0506390148043,94.0506390148043,94.0506386991699,94.047,94.0485933912122,94.05078125,94.05063025312
1049.4,94.06528018,94.0515621722212,94.0506020006304,94.0506020006304,94.0506016719799,94.047,94.0486024938451,94.05078125,94.0506320282854
1049.45,94.06528018,94.0515466825488,94.0505649864566,94.0505649864566,94.0505646447898,94.047,94.0486115964779,94.05078125,94.0506338034508
1049.5,94.06528018,94.0515311928763,94.0505279722827,94.0505279722827,94.0505276175998,94.047,94.0486206991107,94.05078125,94.0506355786162
1049.55,94.06528018,94.0515157032039,94.0504909581089,94.0504909581089,94.0504905904097,94.047,94.0486298017435,94.05078125,94.0506373537816
1049.6,94.06528018,94.0515002135315,94.050453943935,94.050453943935,94.0504535632197,94.047,94.0486389043763,94.05078125,94.0506391289471
1049.65,94.06528018,94.051484723859,94.0504169297612,94.0504169297612,94.0504165360296,94.047,94.0486480070091,94.05078125,94.0506409041125
1049.7,94.06528018,94.0514692341866,94.0503799155873,94.0503799155873,94.0503795088396,94.047,94.0486571096419,94.05078125,94.0506426792779
1049.75,94.06528018,94.0514537445141,94.0503429014134,94.0503429014134,94.0503424816495,94.047,94.0486662122748,94.05078125,94.0506444544433
1049.8,94.06528018,94.0514382548417,94.0503058872396,94.0503058872396,94.0503054544595,94.047,94.0486753149076,94.05078125,94.0506462296087
1049.85,94.06528018,94.0514227651692,94.0502688730657,94.0502688730657,94.0502684272694,94.047,94.0486844175404,94.05078125,94.0506480047741
1049.9,94.06528018,94.0514072754968,94.0502318588919,94.0502318588919,94.0502314000794,94.047,94.0486935201732,94.05078125,94.0506497799395
1049.95,94.06528018,94.0513917858244,94.050194844718,94.050194844718,94.0501943728893,94.047,94.048702622806,94.05078125,94.0506515551049
1050,94.06528018,94.0513762961519,94.0501578305442,94.0501578305442,94.0501573456993,94.047,94.0487117254388,94.05078125,94.0506533302704
1050.05,94.06528018,94.0513717506712,94.0501409578278,94.0501409578278,94.0501404785261,94.047,94.0487140434914,94.05078125,94.0506519617824
1050.1,94.06528018,94.0513672051904,94.0501240851115,94.0501240851115,94.0501236113529,94.047,94.048716361544,94.05078125,94.0506505932945
1050.15,94.06528018,94.0513626597096,94.0501072123952,94.0501072123952,94.0501067441797,94.047,94.0487186795966,94.05078125,94.0506492248065
1050.2,94.06528018,94.0513581142288,94.0500903396789,94.0500903396789,94.0500898770065,94.047,94.0487209976492,94.05078125,94.0506478563186
1050.25,94.06528018,94.0513535687481,94.0500734669625,94.0500734669625,94.0500730098333,94.047,94.0487233157018,94.05078125,94.0506464878307
1050.3,94.06528018,94.0513490232673,94.0500565942462,94.0500565942462,94.0500561426602,94.047,94.0487256337545,94.05078125,94.0506451193427
1050.35,94.06528018,94.0513444777865,94.0500397215299,94.0500397215299,94.050039275487,94.047,94.0487279518071,94.05078125,94.0506437508548
1050.4,94.06528018,94.0513399323058,94.0500228488135,94.0500228488135,94.0500224083138,94.047,94.0487302698597,94.05078125,94.0506423823668
1050.45,94.06528018,94.051335386825,94.0500059760972,94.0500059760972,94.0500055411406,94.047,94.0487325879123,94.05078125,94.0506410138789
1050.5,94.06528018,94.0513308413442,94.0499891033809,94.0499891033809,94.0499886739674,94.047,94.0487349059649,94.05078125,94.050639645391
1050.55,94.06528018,94.0513262958634,94.0499722306646,94.0499722306646,94.0499718067942,94.047,94.0487372240175,94.05078125,94.050638276903
1050.6,94.06528018,94.0513217503827,94.0499553579482,94.0499553579482,94.0499549396211,94.047,94.0487395420701,94.05078125,94.0506369084151
1050.65,94.06528018,94.0513172049019,94.0499384852319,94.0499384852319,94.0499380724479,94.047,94.0487418601227,94.05078125,94.0506355399271
1050.7,94.06528018,94.0513126594211,94.0499216125156,94.0499216125156,94.0499212052747,94.047,94.0487441781753,94.05078125,94.0506341714392
1050.75,94.06528018,94.0513081139404,94.0499047397992,94.0499047397992,94.0499043381015,94.047,94.0487464962279,94.05078125,94.0506328029513
1050.8,94.06528018,94.0513035684596,94.0498878670829,94.0498878670829,94.0498874709283,94.047,94.0487488142805,94.05078125,94.0506314344633
1050.85,94.06528018,94.0512990229788,94.0498709943666,94.0498709943666,94.0498706037552,94.047,94.0487511323332,94.05078125,94.0506300659754
1050.9,94.06528018,94.051294477498,94.0498541216502,94.0498541216502,94.049853736582,94.047,94.0487534503858,94.05078125,94.0506286974874
1050.95,94.06528018,94.0512899320173,94.0498372489339,94.0498372489339,94.0498368694088,94.047,94.0487557684384,94.05078125,94.0506273289995
1051,94.06528018,94.0512853865365,94.0498203762176,94.0498203762176,94.0498200022356,94.0472,94.048958086491,94.05078125,94.0506259605116
1051.05,94.06528018,94.0512808410557,94.0498035035013,94.0498035035013,94.0498031350624,94.0476,94.0493604045436,94.05078125,94.0506245920236
1051.1,94.06528018,94.0512762955749,94.0497866307849,94.0497866307849,94.0497862678892,94.048,94.0497627225962,94.05078125,94.0506232235357
1051.15,94.06528018,94.0512717500942,94.0497697580686,94.0497697580686,94.049769400716,94.0484,94.0501650406488,94.05078125,94.0506218550477
1051.2,94.06528018,94.0512672046134,94.0497528853523,94.0497528853523,94.0497525335429,94.0488,94.0505673587014,94.05078125,94.0506204865598
1051.25,94.06528018,94.0512626591326,94.0497360126359,94.0497360126359,94.0497356663697,94.0492,94.050969676754,94.05078125,94.0506191180719
1051.3,94.06528018,94.0512581136518,94.0497191399196,94.0497191399196,94.0497187991965,94.0496,94.0513719948066,94.05078125,94.0506177495839
1051.35,94.06528018,94.0512535681711,94.0497022672033,94.0497022672033,94.0497019320233,94.05,94.0517743128592,94.05078125,94.050616381096
1051.4,94.06528018,94.0512490226903,94.0496853944869,94.0496853944869,94.0496850648501,94.0504,94.0521766309118,94.05078125,94.050615012608
1051.45,94.06528018,94.0512444772095,94.0496685217706,94.0496685217706,94.049668197677,94.0508,94.0525789489644,94.05078125,94.0506136441201
1051.5,94.06528018,94.0512399317288,94.0496516490543,94.0496516490543,94.0496513305038,94.0512,94.052981267017,94.05078125,94.0506122756322
1051.55,94.06528018,94.051235386248,94.049634776338,94.049634776338,94.0496344633306,94.0516,94.0533835850697,94.05078125,94.0506109071442
1051.6,94.06528018,94.0512308407672,94.0496179036216,94.0496179036216,94.0496175961574,94.052,94.0537859031223,94.05078125,94.0506095386563
1051.65,94.06528018,94.0512262952864,94.0496010309053,94.0496010309053,94.0496007289842,94.0524,94.0541882211749,94.05078125,94.0506081701683
1051.7,94.06528018,94.0512217498057,94.049584158189,94.049584158189,94.049583861811,94.0528,94.0545905392275,94.05078125,94.0506068016804
1051.75,94.06528018,94.0512172043249,94.0495672854726,94.0495672854726,94.0495669946379,94.0532,94.0549928572801,94.05078125,94.0506054331925
1051.8,94.06528018,94.0512126588441,94.0495504127563,94.0495504127563,94.0495501274647,94.0536,94.0553951753327,94.05078125,94.0506040647045
1051.85,94.06528018,94.0512081133633,94.04953354004,94.04953354004,94.0495332602915,94.054,94.0557974933853,94.05078125,94.0506026962166
1051.9,94.06528018,94.0512035678826,94.0495166673237,94.0495166673237,94.0495163931183,94.0544,94.0561998114379,94.05078125,94.0506013277286
1051.95,94.06528018,94.0511990224018,94.0494997946073,94.0494997946073,94.0494995259451,94.0548,94.0566021294905,94.05078125,94.0505999592407
1052,94.06528018,94.051194476921,94.049482921891,94.049482921891,94.0494826587719,94.055,94.0568044475431,94.05078125,94.0505985907528
1052.05,94.06528018,94.0511899314403,94.0494660491747,94.0494660491747,94.0494657915987,94.055,94.0568067655957,94.05078125,94.0505972222648
1052.1,94.06528018,94.0511853859595,94.0494491764583,94.0494491764583,94.0494489244256,94.055,94.0568090836483,94.05078125,94.0505958537769
1052.15,94.06528018,94.0511808404787,94.049432303742,94.049432303742,94.0494320572524,94.055,94.0568114017009,94.05078125,94.0505944852889
1052.2,94.06528018,94.0511762949979,94.0494154310257,94.0494154310257,94.0494151900792,94.055,94.0568137197535,94.05078125,94.050593116801
1052.25,94.06528018,94.0511717495172,94.0493985583093,94.0493985583093,94.049398322906,94.055,94.0568160378062,94.05078125,94.0505917483131
1052.3,94.06528018,94.0511672040364,94.049381685593,94.049381685593,94.0493814557328,94.055,94.0568183558588,94.05078125,94.0505903798251
1052.35,94.06528018,94.0511626585556,94.0493648128767,94.0493648128767,94.0493645885597,94.055,94.0568206739114,94.05078125,94.0505890113372
1052.4,94.06528018,94.0511581130748,94.0493479401604,94.0493479401604,94.0493477213865,94.055,94.056822991964,94.05078125,94.0505876428492
1052.45,94.06528018,94.0511535675941,94.049331067444,94.049331067444,94.0493308542133,94.055,94.0568253100166,94.05078125,94.0505862743613
1052.5,94.06528018,94.0511490221133,94.0493141947277,94.0493141947277,94.0493139870401,94.055,94.0568276280692,94.05078125,94.0505849058734
1052.55,94.06528018,94.0511444766325,94.0492973220114,94.0492973220114,94.0492971198669,94.055,94.0568299461218,94.05078125,94.0505835373854
1052.6,94.06528018,94.0511399311518,94.049280449295,94.049280449295,94.0492802526937,94.055,94.0568322641744,94.05078125,94.0505821688975
1052.65,94.06528018,94.051135385671,94.0492635765787,94.0492635765787,94.0492633855206,94.055,94.056834582227,94.05078125,94.0505808004095
1052.7,94.06528018,94.0511308401902,94.0492467038624,94.0492467038624,94.0492465183474,94.055,94.0568369002796,94.05078125,94.0505794319216
1052.75,94.06528018,94.0511262947094,94.0492298311461,94.0492298311461,94.0492296511742,94.055,94.0568392183322,94.05078125,94.0505780634336
1052.8,94.06528018,94.0511217492287,94.0492129584297,94.0492129584297,94.049212784001,94.055,94.0568415363849,94.05078125,94.0505766949457
1052.85,94.06528018,94.0511172037479,94.0491960857134,94.0491960857134,94.0491959168278,94.055,94.0568438544375,94.05078125,94.0505753264578
1052.9,94.06528018,94.0511126582671,94.0491792129971,94.0491792129971,94.0491790496546,94.055,94.0568461724901,94.05078125,94.0505739579698
1052.95,94.06528018,94.0511081127864,94.0491623402807,94.0491623402807,94.0491621824815,94.055,94.0568484905427,94.05078125,94.0505725894819
1053,94.06528018,94.0511035673056,94.0491454675644,94.0491454675644,94.0491453153083,94.055,94.0568508085953,94.05078125,94.0505712209939
1053.05,94.06528018,94.0510990218248,94.0491285948481,94.0491285948481,94.0491284481351,94.055,94.0568531266479,94.05078125,94.050569852506
1053.1,94.06528018,94.051094476344,94.0491117221317,94.0491117221317,94.0491115809619,94.055,94.0568554447005,94.05078125,94.0505684840181
1053.15,94.06528018,94.0510899308633,94.0490948494154,94.0490948494154,94.0490947137887,94.055,94.0568577627531,94.05078125,94.0505671155301
1053.2,94.06528018,94.0510853853825,94.0490779766991,94.0490779766991,94.0490778466155,94.055,94.0568600808057,94.05078125,94.0505657470422
1053.25,94.06528018,94.0510808399017,94.0490611039828,94.0490611039828,94.0490609794424,94.055,94.0568623988583,94.05078125,94.0505643785542
1053.3,94.06528018,94.0510762944209,94.0490442312664,94.0490442312664,94.0490441122692,94.055,94.0568647169109,94.05078125,94.0505630100663
1053.35,94.06528018,94.0510717489402,94.0490273585501,94.0490273585501,94.049027245096,94.055,94.0568670349635,94.05078125,94.0505616415784
1053.4,94.06528018,94.0510672034594,94.0490104858338,94.0490104858338,94.0490103779228,94.055,94.0568693530161,94.05078125,94.0505602730904
1053.45,94.06528018,94.0510626579786,94.0489936131174,94.0489936131174,94.0489935107496,94.055,94.0568716710687,94.05078125,94.0505589046025
1053.5,94.06528018,94.0510581124979,94.0489767404011,94.0489767404011,94.0489766435765,94.055,94.0568739891214,94.05078125,94.0505575361145
1053.55,94.06528018,94.0510535670171,94.0489598676848,94.0489598676848,94.0489597764033,94.055,94.056876307174,94.05078125,94.0505561676266
1053.6,94.06528018,94.0510490215363,94.0489429949685,94.0489429949685,94.0489429092301,94.055,94.0568786252266,94.05078125,94.0505547991387
1053.65,94.06528018,94.0510444760555,94.0489261222521,94.0489261222521,94.0489260420569,94.055,94.0568809432792,94.05078125,94.0505534306507
1053.7,94.06528018,94.0510399305748,94.0489092495358,94.0489092495358,94.0489091748837,94.055,94.0568832613318,94.05078125,94.0505520621628
1053.75,94.06528018,94.051035385094,94.0488923768195,94.0488923768195,94.0488923077105,94.055,94.0568855793844,94.05078125,94.0505506936748
1053.8,94.06528018,94.0510308396132,94.0488755041031,94.0488755041031,94.0488754405373,94.055,94.056887897437,94.05078125,94.0505493251869
1053.85,94.06528018,94.0510262941324,94.0488586313868,94.0488586313868,94.0488585733642,94.055,94.0568902154896,94.05078125,94.0505479566989
1053.9,94.06528018,94.0510217486517,94.0488417586705,94.0488417586705,94.048841706191,94.055,94.0568925335422,94.05078125,94.050546588211
1053.95,94.06528018,94.0510172031709,94.0488248859541,94.0488248859541,94.0488248390178,94.055,94.0568948515948,94.05078125,94.0505452197231
1054,94.06528018,94.0510126576901,94.0488080132378,94.0488080132378,94.0488079718446,94.054975,94.0568721696474,94.05078125,94.0505438512351
1054.05,94.06528018,94.0510081122094,94.0487911405215,94.0487911405215,94.0487911046714,94.054925,94.0568244877,94.05078125,94.0505424827472
1054.1,94.06528018,94.0510035667286,94.0487742678052,94.0487742678052,94.0487742374983,94.054875,94.0567768057526,94.05078125,94.0505411142592
1054.15,94.06528018,94.0509990212478,94.0487573950888,94.0487573950888,94.0487573703251,94.054825,94.0567291238053,94.05078125,94.0505397457713
1054.2,94.06528018,94.050994475767,94.0487405223725,94.0487405223725,94.0487405031519,94.054775,94.0566814418579,94.05078125,94.0505383772834
1054.25,94.06528018,94.0509899302863,94.0487236496562,94.0487236496562,94.0487236359787,94.054725,94.0566337599105,94.05078125,94.0505370087954
1054.3,94.06528018,94.0509853848055,94.0487067769398,94.0487067769398,94.0487067688055,94.054675,94.0565860779631,94.05078125,94.0505356403075
1054.35,94.06528018,94.0509808393247,94.0486899042235,94.0486899042235,94.0486899016323,94.054625,94.0565383960157,94.05078125,94.0505342718195
1054.4,94.06528018,94.0509762938439,94.0486730315072,94.0486730315072,94.0486730344592,94.054575,94.0564907140683,94.05078125,94.0505329033316
1054.45,94.06528018,94.0509717483632,94.0486561587908,94.0486561587908,94.048656167286,94.054525,94.0564430321209,94.05078125,94.0505315348437
1054.5,94.06528018,94.0509672028824,94.0486392860745,94.0486392860745,94.0486393001128,94.054475,94.0563953501735,94.05078125,94.0505301663557
1054.55,94.06528018,94.0509626574016,94.0486224133582,94.0486224133582,94.0486224329396,94.054425,94.0563476682261,94.05078125,94.0505287978678
1054.6,94.06528018,94.0509581119209,94.0486055406419,94.0486055406419,94.0486055657664,94.054375,94.0562999862787,94.05078125,94.0505274293798
1054.65,94.06528018,94.0509535664401,94.0485886679255,94.0485886679255,94.0485886985932,94.054325,94.0562523043313,94.05078125,94.0505260608919
1054.7,94.06528018,94.0509490209593,94.0485717952092,94.0485717952092,94.04857183142,94.054275,94.0562046223839,94.05078125,94.050524692404
1054.75,94.06528018,94.0509444754785,94.0485549224929,94.0485549224929,94.0485549642469,94.054225,94.0561569404366,94.05078125,94.050523323916
1054.8,94.06528018,94.0509399299978,94.0485380497765,94.0485380497765,94.0485380970737,94.054175,94.0561092584892,94.05078125,94.0505219554281
1054.85,94.06528018,94.050935384517,94.0485211770602,94.0485211770602,94.0485212299005,94.054125,94.0560615765418,94.05078125,94.0505205869401
1054.9,94.06528018,94.0509308390362,94.0485043043439,94.0485043043439,94.0485043627273,94.054075,94.0560138945944,94.05078125,94.0505192184522
1054.95,94.06528018,94.0509262935554,94.0484874316275,94.0484874316275,94.0484874955541,94.054025,94.055966212647,94.05078125,94.0505178499643
1055,94.06528018,94.0509217480747,94.0484705589112,94.0484705589112,94.048470628381,94.05385,94.0557935306996,94.05078125,94.0505164814763
1055.05,94.06528018,94.0509172025939,94.0484536861949,94.0484536861949,94.0484537612078,94.05355,94.0554958487522,94.05078125,94.0505151129884
1055.1,94.06528018,94.0509126571131,94.0484368134786,94.0484368134786,94.0484368940346,94.05325,94.0551981668048,94.05078125,94.0505137445004
1055.15,94.06528018,94.0509081116324,94.0484199407622,94.0484199407622,94.0484200268614,94.05295,94.0549004848574,94.05078125,94.0505123760125
1055.2,94.06528018,94.0509035661516,94.0484030680459,94.0484030680459,94.0484031596882,94.05265,94.05460280291,94.05078125,94.0505110075246
1055.25,94.06528018,94.0508990206708,94.0483861953296,94.0483861953296,94.048386292515,94.05235,94.0543051209626,94.05078125,94.0505096390366
1055.3,94.06528018,94.05089447519,94.0483693226133,94.0483693226133,94.0483694253419,94.05205,94.0540074390152,94.05078125,94.0505082705487
1055.35,94.06528018,94.0508899297093,94.0483524498969,94.0483524498969,94.0483525581687,94.05175,94.0537097570678,94.05078125,94.0505069020607
1055.4,94.06528018,94.0508853842285,94.0483355771806,94.0483355771806,94.0483356909955,94.05145,94.0534120751204,94.05078125,94.0505055335728
1055.45,94.06528018,94.0508808387477,94.0483187044643,94.0483187044643,94.0483188238223,94.05115,94.0531143931731,94.05078125,94.0505041650849
1055.5,94.06528018,94.050876293267,94.0483018317479,94.0483018317479,94.0483019566491,94.05085,94.0528167112257,94.05078125,94.0505027965969
1055.55,94.06528018,94.0508717477862,94.0482849590316,94.0482849590316,94.0482850894759,94.05055,94.0525190292783,94.05078125,94.050501428109
1055.6,94.06528018,94.0508672023054,94.0482680863153,94.0482680863153,94.0482682223028,94.05025,94.0522213473309,94.05078125,94.050500059621
1055.65,94.06528018,94.0508626568246,94.0482512135989,94.0482512135989,94.0482513551296,94.04995,94.0519236653835,94.05078125,94.0504986911331
1055.7,94.06528018,94.0508581113439,94.0482343408826,94.0482343408826,94.0482344879564,94.04965,94.0516259834361,94.05078125,94.0504973226452
1055.75,94.06528018,94.0508535658631,94.0482174681663,94.0482174681663,94.0482176207832,94.04935,94.0513283014887,94.05078125,94.0504959541572
1055.8,94.06528018,94.0508490203823,94.04820059545,94.04820059545,94.04820075361,94.04905,94.0510306195413,94.05078125,94.0504945856693
1055.85,94.06528018,94.0508444749015,94.0481837227336,94.0481837227336,94.0481838864368,94.04875,94.0507329375939,94.05078125,94.0504932171813
1055.9,94.06528018,94.0508399294208,94.0481668500173,94.0481668500173,94.0481670192637,94.04845,94.0504352556465,94.05078125,94.0504918486934
1055.95,94.06528018,94.05083538394,94.048149977301,94.048149977301,94.0481501520905,94.04815,94.0501375736991,94.05078125,94.0504904802055
1056,94.06528018,94.0508308384592,94.0481331045846,94.0481331045846,94.0481332849173,94.0479,94.0498898917517,94.05078125,94.0504891117175
1056.05,94.06528018,94.0508262929785,94.0481162318683,94.0481162318683,94.0481164177441,94.0477,94.0496922098043,94.05078125,94.0504877432296
1056.1,94.06528018,94.0508217474977,94.048099359152,94.048099359152,94.0480995505709,94.0475,94.049494527857,94.05078125,94.0504863747416
1056.15,94.06528018,94.0508172020169,94.0480824864356,94.0480824864356,94.0480826833978,94.0473,94.0492968459096,94.05078125,94.0504850062537
1056.2,94.06528018,94.0508126565361,94.0480656137193,94.0480656137193,94.0480658162246,94.0471,94.0490991639622,94.05078125,94.0504836377658
1056.25,94.06528018,94.0508081110554,94.048048741003,94.048048741003,94.0480489490514,94.0469,94.0489014820148,94.05078125,94.0504822692778
1056.3,94.06528018,94.0508035655746,94.0480318682867,94.0480318682867,94.0480320818782,94.0467,94.0487038000674,94.05078125,94.0504809007899
1056.35,94.06528018,94.0507990200938,94.0480149955703,94.0480149955703,94.048015214705,94.0465,94.04850611812,94.05078125,94.0504795323019
1056.4,94.06528018,94.050794474613,94.047998122854,94.047998122854,94.0479983475318,94.0463,94.0483084361726,94.05078125,94.050478163814
1056.45,94.06528018,94.0507899291323,94.0479812501377,94.0479812501377,94.0479814803586,94.0461,94.0481107542252,94.05078125,94.050476795326
1056.5,94.06528018,94.0507853836515,94.0479643774213,94.0479643774213,94.0479646131855,94.0459,94.0479130722778,94.05078125,94.0504754268381
1056.55,94.06528018,94.0507808381707,94.047947504705,94.047947504705,94.0479477460123,94.0457,94.0477153903304,94.05078125,94.0504740583502
1056.6,94.06528018,94.05077629269,94.0479306319887,94.0479306319887,94.0479308788391,94.0455,94.047517708383,94.05078125,94.0504726898622
1056.65,94.06528018,94.0507717472092,94.0479137592724,94.0479137592724,94.0479140116659,94.0453,94.0473200264356,94.05078125,94.0504713213743
1056.7,94.06528018,94.0507672017284,94.047896886556,94.047896886556,94.0478971444927,94.0451,94.0471223444883,94.05078125,94.0504699528863
1056.75,94.06528018,94.0507626562476,94.0478800138397,94.0478800138397,94.0478802773195,94.0449,94.0469246625409,94.05078125,94.0504685843984
1056.8,94.06528018,94.0507581107669,94.0478631411234,94.0478631411234,94.0478634101464,94.0447,94.0467269805935,94.05078125,94.0504672159105
1056.85,94.06528018,94.0507535652861,94.047846268407,94.047846268407,94.0478465429732,94.0445,94.0465292986461,94.05078125,94.0504658474225
1056.9,94.06528018,94.0507490198053,94.0478293956907,94.0478293956907,94.0478296758,94.0443,94.0463316166987,94.05078125,94.0504644789346
1056.95,94.06528018,94.0507444743245,94.0478125229744,94.0478125229744,94.0478128086268,94.0441,94.0461339347513,94.05078125,94.0504631104466
1057,94.06528018,94.0507399288438,94.0477956502581,94.0477956502581,94.0477959414536,94.04395,94.0459862528039,94.0507690429688,94.0504495349275
1057.05,94.06528018,94.050735383363,94.0477787775417,94.0477787775417,94.0477790742805,94.04385,94.0458885708565,94.0507446289062,94.050423752377
1057.1,94.06528018,94.0507308378822,94.0477619048254,94.0477619048254,94.0477622071073,94.04375,94.0457908889091,94.0507202148438,94.0503979698266
1057.15,94.06528018,94.0507262924014,94.0477450321091,94.0477450321091,94.0477453399341,94.04365,94.0456932069617,94.0506958007813,94.0503721872761
1057.2,94.06528018,94.0507217469207,94.0477281593927,94.0477281593927,94.0477284727609,94.04355,94.0455955250143,94.0506713867187,94.0503464047257
1057.25,94.06528018,94.0507172014399,94.0477112866764,94.0477112866764,94.0477116055877,94.04345,94.0454978430669,94.0506469726563,94.0503206221752
1057.3,94.06528018,94.0507126559591,94.0476944139601,94.0476944139601,94.0476947384145,94.04335,94.0454001611195,94.0506225585937,94.0502948396248
1057.35,94.06528018,94.0507081104784,94.0476775412437,94.0476775412437,94.0476778712413,94.04325,94.0453024791722,94.0505981445312,94.0502690570744
1057.4,94.06528018,94.0507035649976,94.0476606685274,94.0476606685274,94.0476610040682,94.04315,94.0452047972248,94.0505737304688,94.0502432745239
1057.45,94.06528018,94.0506990195168,94.0476437958111,94.0476437958111,94.047644136895,94.04305,94.0451071152774,94.0505493164062,94.0502174919735
1057.5,94.06528018,94.050694474036,94.0476269230948,94.0476269230948,94.0476272697218,94.04295,94.04500943333,94.0505249023438,94.050191709423
1057.55,94.06528018,94.0506899285553,94.0476100503784,94.0476100503784,94.0476104025486,94.04285,94.0449117513826,94.0505004882812,94.0501659268726
1057.6,94.06528018,94.0506853830745,94.0475931776621,94.0475931776621,94.0475935353754,94.04275,94.0448140694352,94.0504760742188,94.0501401443222
1057.65,94.06528018,94.0506808375937,94.0475763049458,94.0475763049458,94.0475766682023,94.04265,94.0447163874878,94.0504516601563,94.0501143617717
1057.7,94.06528018,94.050676292113,94.0475594322294,94.0475594322294,94.0475598010291,94.04255,94.0446187055404,94.0504272460937,94.0500885792213
1057.75,94.06528018,94.0506717466322,94.0475425595131,94.0475425595131,94.0475429338559,94.04245,94.044521023593,94.0504028320313,94.0500627966708
1057.8,94.06528018,94.0506672011514,94.0475256867968,94.0475256867968,94.0475260666827,94.04235,94.0444233416456,94.0503784179687,94.0500370141204
1057.85,94.06528018,94.0506626556706,94.0475088140804,94.0475088140804,94.0475091995095,94.04225,94.0443256596982,94.0503540039062,94.05001123157
1057.9,94.06528018,94.0506581101899,94.0474919413641,94.0474919413641,94.0474923323363,94.04215,94.0442279777508,94.0503295898438,94.0499854490195
1057.95,94.06528018,94.0506535647091,94.0474750686478,94.0474750686478,94.0474754651632,94.04205,94.0441302958034,94.0503051757812,94.0499596664691
1058,94.06528018,94.0506490192283,94.0474581959315,94.0474581959315,94.04745859799,94.041925,94.0440076138561,94.0502807617188,94.0499338839186
1058.05,94.06528018,94.0506444737476,94.0474413232151,94.0474413232151,94.0474417308168,94.041775,94.0438599319087,94.0502563476562,94.0499081013682
1058.1,94.06528018,94.0506399282668,94.0474244504988,94.0474244504988,94.0474248636436,94.041625,94.0437122499613,94.0502319335938,94.0498823188178
1058.15,94.06528018,94.050635382786,94.0474075777825,94.0474075777825,94.0474079964704,94.041475,94.0435645680139,94.0502075195313,94.0498565362673
1058.2,94.06528018,94.0506308373052,94.0473907050661,94.0473907050661,94.0473911292972,94.041325,94.0434168860665,94.0501831054687,94.0498307537169
1058.25,94.06528018,94.0506262918245,94.0473738323498,94.0473738323498,94.0473742621241,94.041175,94.0432692041191,94.0501586914063,94.0498049711664
1058.3,94.06528018,94.0506217463437,94.0473569596335,94.0473569596335,94.0473573949509,94.041025,94.0431215221717,94.0501342773437,94.049779188616
1058.35,94.06528018,94.0506172008629,94.0473400869172,94.0473400869172,94.0473405277777,94.040875,94.0429738402243,94.0501098632812,94.0497534060656
1058.4,94.06528018,94.0506126553821,94.0473232142008,94.0473232142008,94.0473236606045,94.040725,94.0428261582769,94.0500854492188,94.0497276235151
1058.45,94.06528018,94.0506081099014,94.0473063414845,94.0473063414845,94.0473067934313,94.040575,94.0426784763295,94.0500610351562,94.0497018409647
1058.5,94.06528018,94.0506035644206,94.0472894687682,94.0472894687682,94.0472899262581,94.040425,94.0425307943821,94.0500366210938,94.0496760584142
1058.55,94.06528018,94.0505990189398,94.0472725960518,94.0472725960518,94.047273059085,94.040275,94.0423831124347,94.0500122070312,94.0496502758638
1058.6,94.06528018,94.0505944734591,94.0472557233355,94.0472557233355,94.0472561919118,94.040125,94.0422354304874,94.0499877929688,94.0496244933134
1058.65,94.06528018,94.0505899279783,94.0472388506192,94.0472388506192,94.0472393247386,94.039975,94.04208774854,94.0499633789063,94.0495987107629
1058.7,94.06528018,94.0505853824975,94.0472219779029,94.0472219779029,94.0472224575654,94.039825,94.0419400665926,94.0499389648437,94.0495729282125
1058.75,94.06528018,94.0505808370167,94.0472051051865,94.0472051051865,94.0472055903922,94.039675,94.0417923846452,94.0499145507813,94.049547145662
1058.8,94.06528018,94.050576291536,94.0471882324702,94.0471882324702,94.047188723219,94.039525,94.0416447026978,94.0498901367187,94.0495213631116
1058.85,94.06528018,94.0505717460552,94.0471713597539,94.0471713597539,94.0471718560459,94.039375,94.0414970207504,94.0498657226562,94.0494955805612
1058.9,94.06528018,94.0505672005744,94.0471544870375,94.0471544870375,94.0471549888727,94.039225,94.041349338803,94.0498413085938,94.0494697980107
1058.95,94.06528018,94.0505626550936,94.0471376143212,94.0471376143212,94.0471381216995,94.039075,94.0412016568556,94.0498168945312,94.0494440154603
1059,94.06528018,94.0505581096129,94.0471207416049,94.0471207416049,94.0471212545263,94.03895,94.0410789749082,94.0497924804688,94.0494182329098
1059.05,94.06528018,94.0505535641321,94.0471038688885,94.0471038688885,94.0471043873531,94.03885,94.0409812929608,94.0497680664062,94.0493924503594
1059.1,94.06528018,94.0505490186513,94.0470869961722,94.0470869961722,94.0470875201799,94.03875,94.0408836110134,94.0497436523438,94.049366667809
1059.15,94.06528018,94.0505444731706,94.0470701234559,94.0470701234559,94.0470706530068,94.03865,94.040785929066,94.0497192382813,94.0493408852585
1059.2,94.06528018,94.0505399276898,94.0470532507396,94.0470532507396,94.0470537858336,94.03855,94.0406882471186,94.0496948242187,94.0493151027081
1059.25,94.06528018,94.050535382209,94.0470363780232,94.0470363780232,94.0470369186604,94.03845,94.0405905651712,94.0496704101563,94.0492893201576
1059.3,94.06528018,94.0505308367282,94.0470195053069,94.0470195053069,94.0470200514872,94.03835,94.0404928832238,94.0496459960937,94.0492635376072
1059.35,94.06528018,94.0505262912475,94.0470026325906,94.0470026325906,94.047003184314,94.03825,94.0403952012765,94.0496215820312,94.0492377550568
1059.4,94.06528018,94.0505217457667,94.0469857598742,94.0469857598742,94.0469863171408,94.03815,94.0402975193291,94.0495971679688,94.0492119725063
1059.45,94.06528018,94.0505172002859,94.0469688871579,94.0469688871579,94.0469694499677,94.03805,94.0401998373817,94.0495727539062,94.0491861899559
1059.5,94.06528018,94.0505126548051,94.0469520144416,94.0469520144416,94.0469525827945,94.03795,94.0401021554343,94.0495483398438,94.0491604074054
1059.55,94.06528018,94.0505081093244,94.0469351417252,94.0469351417252,94.0469357156213,94.03785,94.0400044734869,94.0495239257812,94.049134624855
1059.6,94.06528018,94.0505035638436,94.0469182690089,94.0469182690089,94.0469188484481,94.03775,94.0399067915395,94.0494995117188,94.0491088423045
1059.65,94.06528018,94.0504990183628,94.0469013962926,94.0469013962926,94.0469019812749,94.03765,94.0398091095921,94.0494750976563,94.0490830597541
1059.7,94.06528018,94.0504944728821,94.0468845235763,94.0468845235763,94.0468851141017,94.03755,94.0397114276447,94.0494506835937,94.0490572772037
1059.75,94.06528018,94.0504899274013,94.0468676508599,94.0468676508599,94.0468682469286,94.03745,94.0396137456973,94.0494262695313,94.0490314946532
1059.8,94.06528018,94.0504853819205,94.0468507781436,94.0468507781436,94.0468513797554,94.03735,94.0395160637499,94.0494018554687,94.0490057121028
1059.85,94.06528018,94.0504808364397,94.0468339054273,94.0468339054273,94.0468345125822,94.03725,94.0394183818025,94.0493774414062,94.0489799295523
1059.9,94.06528018,94.050476290959,94.0468170327109,94.0468170327109,94.046817645409,94.03715,94.0393206998552,94.0493530273438,94.0489541470019
1059.95,94.06528018,94.0504717454782,94.0468001599946,94.0468001599946,94.0468007782358,94.03705,94.0392230179078,94.0493286132812,94.0489283644515
1060,94.06528018,94.0504671999974,94.0467832872783,94.0467832872783,94.0467839110626,94.037,94.0391753359604,94.0493041992188,94.048902581901
1060.05,94.06528018,94.0504940614104,94.0468742415005,94.0468742415005,94.0468748675184,94.037,94.039128312773,94.0492797851562,94.0488793619258
1060.1,94.06528018,94.0505209228233,94.0469651957227,94.0469651957227,94.0469658239741,94.037,94.0390812895857,94.0492553710938,94.0488561419506
1060.15,94.06528018,94.0505477842362,94.047056149945,94.047056149945,94.0470567804298,94.037,94.0390342663984,94.0492309570313,94.0488329219753
1060.2,94.06528018,94.0505746456492,94.0471471041672,94.0471471041672,94.0471477368855,94.037,94.0389872432111,94.0492065429687,94.0488097020001
1060.25,94.06528018,94.0506015070621,94.0472380583895,94.0472380583895,94.0472386933412,94.037,94.0389402200237,94.0491821289063,94.0487864820249
1060.3,94.06528018,94.050628368475,94.0473290126117,94.0473290126117,94.0473296497969,94.037,94.0388931968364,94.0491577148437,94.0487632620496
1060.35,94.06528018,94.050655229888,94.0474199668339,94.0474199668339,94.0474206062526,94.037,94.0388461736491,94.0491333007812,94.0487400420744
1060.4,94.06528018,94.0506820913009,94.0475109210562,94.0475109210562,94.0475115627083,94.037,94.0387991504618,94.0491088867188,94.0487168220991
1060.45,94.06528018,94.0507089527138,94.0476018752784,94.0476018752784,94.047602519164,94.037,94.0387521272744,94.0490844726562,94.0486936021239
1060.5,94.06528018,94.0507358141268,94.0476928295006,94.0476928295006,94.0476934756197,94.037,94.0387051040871,94.0490600585938,94.0486703821487
1060.55,94.06528018,94.0507626755397,94.0477837837229,94.0477837837229,94.0477844320754,94.037,94.0386580808998,94.0490356445312,94.0486471621734
1060.6,94.06528018,94.0507895369526,94.0478747379451,94.0478747379451,94.0478753885311,94.037,94.0386110577125,94.0490112304688,94.0486239421982
1060.65,94.06528018,94.0508163983656,94.0479656921674,94.0479656921674,94.0479663449868,94.037,94.0385640345251,94.0489868164063,94.048600722223
1060.7,94.06528018,94.0508432597785,94.0480566463896,94.0480566463896,94.0480573014425,94.037,94.0385170113378,94.0489624023437,94.0485775022477
1060.75,94.06528018,94.0508701211915,94.0481476006118,94.0481476006118,94.0481482578982,94.037,94.0384699881505,94.0489379882813,94.0485542822725
1060.8,94.06528018,94.0508969826044,94.0482385548341,94.0482385548341,94.0482392143539,94.037,94.0384229649632,94.0489135742187,94.0485310622973
1060.85,94.06528018,94.0509238440173,94.0483295090563,94.0483295090563,94.0483301708096,94.037,94.0383759417758,94.0488891601562,94.048507842322
1060.9,94.06528018,94.0509507054303,94.0484204632785,94.0484204632785,94.0484211272653,94.037,94.0383289185885,94.0488647460938,94.0484846223468
1060.95,94.06528018,94.0509775668432,94.0485114175008,94.0485114175008,94.048512083721,94.037,94.0382818954012,94.0488403320312,94.0484614023716
1061,94.06528018,94.0510044282561,94.048602371723,94.048602371723,94.0486030401767,94.037,94.0382348722138,94.0488159179688,94.0484381823963
1061.05,94.06528018,94.0510312896691,94.0486933259452,94.0486933259452,94.0486939966324,94.037,94.0381878490265,94.0487915039062,94.0484149624211
1061.1,94.06528018,94.051058151082,94.0487842801675,94.0487842801675,94.0487849530881,94.037,94.0381408258392,94.0487670898438,94.0483917424458
1061.15,94.06528018,94.051085012495,94.0488752343897,94.0488752343897,94.0488759095438,94.037,94.0380938026519,94.0487426757813,94.0483685224706
1061.2,94.06528018,94.0511118739079,94.0489661886119,94.0489661886119,94.0489668659995,94.037,94.0380467794646,94.0487182617187,94.0483453024954
1061.25,94.06528018,94.0511387353208,94.0490571428342,94.0490571428342,94.0490578224552,94.037,94.0379997562772,94.0486938476563,94.0483220825201
1061.3,94.06528018,94.0511655967338,94.0491480970564,94.0491480970564,94.0491487789109,94.037,94.0379527330899,94.0486694335937,94.0482988625449
1061.35,94.06528018,94.0511924581467,94.0492390512786,94.0492390512786,94.0492397353667,94.037,94.0379057099026,94.0486450195312,94.0482756425697
1061.4,94.06528018,94.0512193195596,94.0493300055009,94.0493300055009,94.0493306918223,94.037,94.0378586867153,94.0486206054688,94.0482524225944
1061.45,94.06528018,94.0512461809726,94.0494209597231,94.0494209597231,94.0494216482781,94.037,94.0378116635279,94.0485961914062,94.0482292026192
1061.5,94.06528018,94.0512730423855,94.0495119139454,94.0495119139454,94.0495126047338,94.037,94.0377646403406,94.0485717773438,94.048205982644
1061.55,94.06528018,94.0512999037984,94.0496028681676,94.0496028681676,94.0496035611895,94.037,94.0377176171533,94.0485473632812,94.0481827626687
1061.6,94.06528018,94.0513267652114,94.0496938223898,94.0496938223898,94.0496945176452,94.037,94.0376705939659,94.0485229492188,94.0481595426935
1061.65,94.06528018,94.0513536266243,94.0497847766121,94.0497847766121,94.0497854741009,94.037,94.0376235707786,94.0484985351563,94.0481363227183
1061.7,94.06528018,94.0513804880373,94.0498757308343,94.0498757308343,94.0498764305566,94.037,94.0375765475913,94.0484741210937,94.048113102743
1061.75,94.06528018,94.0514073494502,94.0499666850565,94.0499666850565,94.0499673870123,94.037,94.037529524404,94.0484497070313,94.0480898827678
1061.8,94.06528018,94.0514342108631,94.0500576392788,94.0500576392788,94.050058343468,94.037,94.0374825012166,94.0484252929687,94.0480666627926
1061.85,94.06528018,94.0514610722761,94.050148593501,94.050148593501,94.0501492999237,94.037,94.0374354780293,94.0484008789062,94.0480434428173
1061.9,94.06528018,94.051487933689,94.0502395477233,94.0502395477233,94.0502402563794,94.037,94.037388454842,94.0483764648438,94.0480202228421
1061.95,94.06528018,94.0515147951019,94.0503305019455,94.0503305019455,94.0503312128351,94.037,94.0373414316547,94.0483520507812,94.0479970028669
1062,94.06528018,94.0515416565149,94.0504214561677,94.0504214561677,94.0504221692908,94.037275,94.0375694084673,94.0483276367188,94.0479737828916
1062.05,94.06528018,94.0515685179278,94.05051241039,94.05051241039,94.0505131257465,94.037825,94.03807238528,94.0483032226562,94.0479505629164
1062.1,94.06528018,94.0515953793407,94.0506033646122,94.0506033646122,94.0506040822022,94.038375,94.0385753620927,94.0482788085938,94.0479273429411
1062.15,94.06528018,94.0516222407537,94.0506943188344,94.0506943188344,94.0506950386579,94.038925,94.0390783389054,94.0482543945313,94.0479041229659
1062.2,94.06528018,94.0516491021666,94.0507852730567,94.0507852730567,94.0507859951136,94.039475,94.039581315718,94.0482299804687,94.0478809029907
1062.25,94.06528018,94.0516759635795,94.0508762272789,94.0508762272789,94.0508769515693,94.040025,94.0400842925307,94.0482055664063,94.0478576830154
1062.3,94.06528018,94.0517028249925,94.0509671815011,94.0509671815011,94.050967908025,94.040575,94.0405872693434,94.0481811523437,94.0478344630402
1062.35,94.06528018,94.0517296864054,94.0510581357234,94.0510581357234,94.0510588644807,94.041125,94.0410902461561,94.0481567382812,94.047811243065
1062.4,94.06528018,94.0517565478184,94.0511490899456,94.0511490899456,94.0511498209364,94.041675,94.0415932229687,94.0481323242188,94.0477880230897
1062.45,94.06528018,94.0517834092313,94.0512400441678,94.0512400441678,94.0512407773921,94.042225,94.0420961997814,94.0481079101562,94.0477648031145
1062.5,94.06528018,94.0518102706442,94.0513309983901,94.0513309983901,94.0513317338478,94.042775,94.0425991765941,94.0480834960938,94.0477415831393
1062.55,94.06528018,94.0518371320572,94.0514219526123,94.0514219526123,94.0514226903035,94.043325,94.0431021534068,94.0480590820312,94.047718363164
1062.6,94.06528018,94.0518639934701,94.0515129068345,94.0515129068345,94.0515136467592,94.043875,94.0436051302194,94.0480346679688,94.0476951431888
1062.65,94.06528018,94.051890854883,94.0516038610568,94.0516038610568,94.0516046032149,94.044425,94.0441081070321,94.0480102539063,94.0476719232136
1062.7,94.06528018,94.051917716296,94.051694815279,94.051694815279,94.0516955596706,94.044975,94.0446110838448,94.0479858398437,94.0476487032383
1062.75,94.06528018,94.0519445777089,94.0517857695013,94.0517857695013,94.0517865161264,94.045525,94.0451140606575,94.0479614257813,94.0476254832631
1062.8,94.06528018,94.0519714391218,94.0518767237235,94.0518767237235,94.0518774725821,94.046075,94.0456170374701,94.0479370117187,94.0476022632878
1062.85,94.06528018,94.0519983005348,94.0519676779457,94.0519676779457,94.0519684290378,94.046625,94.0461200142828,94.0479125976562,94.0475790433126
1062.9,94.06528018,94.0520251619477,94.052058632168,94.052058632168,94.0520593854935,94.047175,94.0466229910955,94.0478881835938,94.0475558233374
1062.95,94.06528018,94.0520520233606,94.0521495863902,94.0521495863902,94.0521503419492,94.047725,94.0471259679082,94.0478637695312,94.0475326033621
1063,94.06528018,94.0520788847736,94.0522405406124,94.0522405406124,94.0522412984049,94.0481,94.0474539447208,94.0478393554688,94.0475093833869
1063.05,94.06528018,94.0521057461865,94.0523314948347,94.0523314948347,94.0523322548606,94.0483,94.0476069215335,94.0478149414062,94.0474861634117
1063.1,94.06528018,94.0521326075995,94.0524224490569,94.0524224490569,94.0524232113163,94.0485,94.0477598983462,94.0477905273438,94.0474629434364
1063.15,94.06528018,94.0521594690124,94.0525134032791,94.0525134032791,94.052514167772,94.0487,94.0479128751589,94.0477661132813,94.0474397234612
1063.2,94.06528018,94.0521863304253,94.0526043575014,94.0526043575014,94.0526051242277,94.0489,94.0480658519715,94.0477416992187,94.047416503486
1063.25,94.06528018,94.0522131918383,94.0526953117236,94.0526953117236,94.0526960806834,94.0491,94.0482188287842,94.0477172851563,94.0473932835107
1063.3,94.06528018,94.0522400532512,94.0527862659459,94.0527862659459,94.0527870371391,94.0493,94.0483718055969,94.0476928710937,94.0473700635355
1063.35,94.06528018,94.0522669146641,94.0528772201681,94.0528772201681,94.0528779935948,94.0495,94.0485247824095,94.0476684570312,94.0473468435603
1063.4,94.06528018,94.0522937760771,94.0529681743903,94.0529681743903,94.0529689500505,94.0497,94.0486777592222,94.0476440429688,94.047323623585
1063.45,94.06528018,94.05232063749,94.0530591286126,94.0530591286126,94.0530599065062,94.0499,94.0488307360349,94.0476196289062,94.0473004036098
1063.5,94.06528018,94.0523474989029,94.0531500828348,94.0531500828348,94.0531508629619,94.0501,94.0489837128476,94.0475952148438,94.0472771836345
1063.55,94.06528018,94.0523743603159,94.053241037057,94.053241037057,94.0532418194176,94.0503,94.0491366896602,94.0475708007812,94.0472539636593
1063.6,94.06528018,94.0524012217288,94.0533319912793,94.0533319912793,94.0533327758733,94.0505,94.0492896664729,94.0475463867188,94.0472307436841
1063.65,94.06528018,94.0524280831417,94.0534229455015,94.0534229455015,94.053423732329,94.0507,94.0494426432856,94.0475219726563,94.0472075237088
1063.7,94.06528018,94.0524549445547,94.0535138997237,94.0535138997237,94.0535146887847,94.0509,94.0495956200983,94.0474975585937,94.0471843037336
1063.75,94.06528018,94.0524818059676,94.053604853946,94.053604853946,94.0536056452404,94.0511,94.0497485969109,94.0474731445313,94.0471610837584
1063.8,94.06528018,94.0525086673806,94.0536958081682,94.0536958081682,94.0536966016961,94.0513,94.0499015737236,94.0474487304687,94.0471378637831
1063.85,94.06528018,94.0525355287935,94.0537867623904,94.0537867623904,94.0537875581518,94.0515,94.0500545505363,94.0474243164062,94.0471146438079
1063.9,94.06528018,94.0525623902064,94.0538777166127,94.0538777166127,94.0538785146075,94.0517,94.050207527349,94.0473999023438,94.0470914238327
1063.95,94.06528018,94.0525892516194,94.0539686708349,94.0539686708349,94.0539694710632,94.0519,94.0503605041616,94.0473754882812,94.0470682038574
1064,94.06528018,94.0526161130323,94.0540596250571,94.0540596250571,94.0540604275189,94.052,94.0504134809743,94.0473510742188,94.0470449838822
1064.05,94.06528018,94.0526429744452,94.0541505792794,94.0541505792794,94.0541513839747,94.052,94.050366457787,94.0473266601562,94.047021763907
1064.1,94.06528018,94.0526698358582,94.0542415335016,94.0542415335016,94.0542423404303,94.052,94.0503194345997,94.0473022460938,94.0469985439317
1064.15,94.06528018,94.0526966972711,94.0543324877239,94.0543324877239,94.0543332968861,94.052,94.0502724114123,94.0472778320313,94.0469753239565
1064.2,94.06528018,94.0527235586841,94.0544234419461,94.0544234419461,94.0544242533418,94.052,94.050225388225,94.0472534179687,94.0469521039813
1064.25,94.06528018,94.052750420097,94.0545143961683,94.0545143961683,94.0545152097975,94.052,94.0501783650377,94.0472290039063,94.046928884006
1064.3,94.06528018,94.0527772815099,94.0546053503906,94.0546053503906,94.0546061662532,94.052,94.0501313418504,94.0472045898437,94.0469056640308
1064.35,94.06528018,94.0528041429229,94.0546963046128,94.0546963046128,94.0546971227089,94.052,94.050084318663,94.0471801757812,94.0468824440556
1064.4,94.06528018,94.0528310043358,94.054787258835,94.054787258835,94.0547880791646,94.052,94.0500372954757,94.0471557617188,94.0468592240803
1064.45,94.06528018,94.0528578657487,94.0548782130573,94.0548782130573,94.0548790356203,94.052,94.0499902722884,94.0471313476562,94.0468360041051
1064.5,94.06528018,94.0528847271617,94.0549691672795,94.0549691672795,94.054969992076,94.052,94.0499432491011,94.0471069335938,94.0468127841298
1064.55,94.06528018,94.0529115885746,94.0550601215017,94.0550601215017,94.0550609485317,94.052,94.0498962259137,94.0470825195312,94.0467895641546
1064.6,94.06528018,94.0529384499875,94.055151075724,94.055151075724,94.0551519049874,94.052,94.0498492027264,94.0470581054688,94.0467663441794
1064.65,94.06528018,94.0529653114005,94.0552420299462,94.0552420299462,94.0552428614431,94.052,94.0498021795391,94.0470336914063,94.0467431242041
1064.7,94.06528018,94.0529921728134,94.0553329841685,94.0553329841685,94.0553338178988,94.052,94.0497551563518,94.0470092773437,94.0467199042289
1064.75,94.06528018,94.0530190342263,94.0554239383907,94.0554239383907,94.0554247743545,94.052,94.0497081331644,94.0469848632813,94.0466966842537
1064.8,94.06528018,94.0530458956393,94.0555148926129,94.0555148926129,94.0555157308102,94.052,94.0496611099771,94.0469604492187,94.0466734642784
1064.85,94.06528018,94.0530727570522,94.0556058468352,94.0556058468352,94.0556066872659,94.052,94.0496140867898,94.0469360351562,94.0466502443032
1064.9,94.06528018,94.0530996184652,94.0556968010574,94.0556968010574,94.0556976437216,94.052,94.0495670636025,94.0469116210938,94.046627024328
1064.95,94.06528018,94.0531264798781,94.0557877552796,94.0557877552796,94.0557886001773,94.052,94.0495200404151,94.0468872070312,94.0466038043527
1065,94.06528018,94.053153341291,94.0558787095019,94.0558787095019,94.055879556633,94.052,94.0494730172278,94.0468505859375,94.0465683773462
1065.05,94.06528018,94.053180202704,94.0559696637241,94.0559696637241,94.0559705130887,94.052,94.0494259940405,94.0468017578125,94.0465207433085
1065.1,94.06528018,94.0532070641169,94.0560606179463,94.0560606179463,94.0560614695444,94.052,94.0493789708532,94.0467529296875,94.0464731092708
1065.15,94.06528018,94.0532339255298,94.0561515721686,94.0561515721686,94.0561524260001,94.052,94.0493319476658,94.0467041015625,94.046425475233
1065.2,94.06528018,94.0532607869428,94.0562425263908,94.0562425263908,94.0562433824558,94.052,94.0492849244785,94.0466552734375,94.0463778411953
1065.25,94.06528018,94.0532876483557,94.056333480613,94.056333480613,94.0563343389115,94.052,94.0492379012912,94.0466064453125,94.0463302071576
1065.3,94.06528018,94.0533145097686,94.0564244348353,94.0564244348353,94.0564252953672,94.052,94.0491908781039,94.0465576171875,94.0462825731198
1065.35,94.06528018,94.0533413711816,94.0565153890575,94.0565153890575,94.0565162518229,94.052,94.0491438549165,94.0465087890625,94.0462349390821
1065.4,94.06528018,94.0533682325945,94.0566063432798,94.0566063432798,94.0566072082786,94.052,94.0490968317292,94.0464599609375,94.0461873050444
1065.45,94.06528018,94.0533950940075,94.056697297502,94.056697297502,94.0566981647344,94.052,94.0490498085419,94.0464111328125,94.0461396710066
1065.5,94.06527736,94.0534219554204,94.0567882517242,94.0567882517242,94.0567891211901,94.052,94.0490027853545,94.0463623046875,94.0460920369689
1065.55,94.06526608,94.0534488168333,94.0568792059465,94.0568792059465,94.0568800776458,94.052,94.0489557621672,94.0463134765625,94.0460444029311
1065.6,94.06524822,94.0534756782463,94.0569701601687,94.0569701601687,94.0569710341015,94.052,94.0489087389799,94.0462646484375,94.0459967688934
1065.65,94.06522942,94.0535025396592,94.0570611143909,94.0570611143909,94.0570619905572,94.052,94.0488617157926,94.0462158203125,94.0459491348557
1065.7,94.06521156,94.0535294010721,94.0571520686132,94.0571520686132,94.0571529470129,94.052,94.0488146926052,94.0461669921875,94.0459015008179
1065.75,94.0651937,94.0535562624851,94.0572430228354,94.0572430228354,94.0572439034686,94.052,94.0487676694179,94.0461181640625,94.0458538667802
1065.8,94.06517584,94.053583123898,94.0573339770576,94.0573339770576,94.0573348599243,94.052,94.0487206462306,94.0460693359375,94.0458062327425
1065.85,94.06515798,94.0536099853109,94.0574249312799,94.0574249312799,94.05742581638,94.052,94.0486736230433,94.0460205078125,94.0457585987047
1065.9,94.06514012,94.0536368467239,94.0575158855021,94.0575158855021,94.0575167728357,94.052,94.048626599856,94.0459716796875,94.045710964667
1065.95,94.06512226,94.0536637081368,94.0576068397243,94.0576068397243,94.0576077292914,94.052,94.0485795766686,94.0459228515625,94.0456633306293
1066,94.06510346,94.0536905695497,94.0576977939466,94.0576977939466,94.0576986857471,94.0518,94.0483325534813,94.0458740234375,94.0456156965915
1066.05,94.0650856,94.0537174309627,94.0577887481688,94.0577887481688,94.0577896422028,94.0514,94.047885530294,94.0458251953125,94.0455680625538
1066.1,94.06506774,94.0537442923756,94.057879702391,94.057879702391,94.0578805986585,94.051,94.0474385071066,94.0457763671875,94.0455204285161
1066.15,94.06504988,94.0537711537886,94.0579706566133,94.0579706566133,94.0579715551142,94.0506,94.0469914839193,94.0457275390625,94.0454727944783
1066.2,94.06503202,94.0537980152015,94.0580616108355,94.0580616108355,94.0580625115699,94.0502,94.046544460732,94.0456787109375,94.0454251604406
1066.25,94.06501416,94.0538248766144,94.0581525650578,94.0581525650578,94.0581534680256,94.0498,94.0460974375447,94.0456298828125,94.0453775264029
1066.3,94.06499536,94.0538517380274,94.05824351928,94.05824351928,94.0582444244813,94.0494,94.0456504143573,94.0455810546875,94.0453298923651
1066.35,94.0649775,94.0538785994403,94.0583344735022,94.0583344735022,94.058335380937,94.049,94.04520339117,94.0455322265625,94.0452822583274
1066.4,94.06495964,94.0539054608532,94.0584254277245,94.0584254277245,94.0584263373927,94.0486,94.0447563679827,94.0454833984375,94.0452346242896
1066.45,94.06494178,94.0539323222662,94.0585163819467,94.0585163819467,94.0585172938484,94.0482,94.0443093447954,94.0454345703125,94.0451869902519
1066.5,94.06492392,94.0539591836791,94.0586073361689,94.0586073361689,94.0586082503041,94.0478,94.043862321608,94.0453857421875,94.0451393562142
1066.55,94.06490606,94.053986045092,94.0586982903912,94.0586982903912,94.0586992067598,94.0474,94.0434152984207,94.0453369140625,94.0450917221764
1066.6,94.06488726,94.054012906505,94.0587892446134,94.0587892446134,94.0587901632155,94.047,94.0429682752334,94.0452880859375,94.0450440881387
1066.65,94.0648694,94.0540397679179,94.0588801988357,94.0588801988357,94.0588811196712,94.0466,94.0425212520461,94.0452392578125,94.044996454101
1066.7,94.06485154,94.0540666293308,94.0589711530579,94.0589711530579,94.0589720761269,94.0462,94.0420742288587,94.0451904296875,94.0449488200632
1066.75,94.06483368,94.0540934907438,94.0590621072801,94.0590621072801,94.0590630325826,94.0458,94.0416272056714,94.0451416015625,94.0449011860255
1066.8,94.06481582,94.0541203521567,94.0591530615024,94.0591530615024,94.0591539890384,94.0454,94.0411801824841,94.0450927734375,94.0448535519878
1066.85,94.06479796,94.0541472135697,94.0592440157246,94.0592440157246,94.0592449454941,94.045,94.0407331592968,94.0450439453125,94.04480591795
1066.9,94.0647801,94.0541740749826,94.0593349699468,94.0593349699468,94.0593359019498,94.0446,94.0402861361094,94.0449951171875,94.0447582839123
1066.95,94.0647613,94.0542009363955,94.0594259241691,94.0594259241691,94.0594268584055,94.0442,94.0398391129221,94.0449462890625,94.0447106498746
1067,94.06474344,94.0542277978085,94.0595168783913,94.0595168783913,94.0595178148612,94.044,94.0395920897348,94.0448974609375,94.0446630158368
1067.05,94.06472558,94.0542546592214,94.0596078326135,94.0596078326135,94.0596087713169,94.044,94.0395450665475,94.0448486328125,94.0446153817991
1067.1,94.06470772,94.0542815206343,94.0596987868358,94.0596987868358,94.0596997277726,94.044,94.0394980433601,94.0447998046875,94.0445677477613
1067.15,94.06468986,94.0543083820473,94.059789741058,94.059789741058,94.0597906842283,94.044,94.0394510201728,94.0447509765625,94.0445201137236
1067.2,94.064672,94.0543352434602,94.0598806952802,94.0598806952802,94.059881640684,94.044,94.0394039969855,94.0447021484375,94.0444724796859
1067.25,94.0646532,94.0543621048731,94.0599716495025,94.0599716495025,94.0599725971397,94.044,94.0393569737982,94.0446533203125,94.0444248456482
1067.3,94.06463534,94.0543889662861,94.0600626037247,94.0600626037247,94.0600635535954,94.044,94.0393099506108,94.0446044921875,94.0443772116104
1067.35,94.06461748,94.054415827699,94.0601535579469,94.0601535579469,94.0601545100511,94.044,94.0392629274235,94.0445556640625,94.0443295775727
1067.4,94.06459962,94.054442689112,94.0602445121692,94.0602445121692,94.0602454665068,94.044,94.0392159042362,94.0445068359375,94.0442819435349
1067.45,94.06458176,94.0544695505249,94.0603354663914,94.0603354663914,94.0603364229625,94.044,94.0391688810489,94.0444580078125,94.0442343094972
1067.5,94.0645639,94.0544964119378,94.0604264206137,94.0604264206137,94.0604273794182,94.044,94.0391218578615,94.0444091796875,94.0441866754595
1067.55,94.06454604,94.0545232733508,94.0605173748359,94.0605173748359,94.0605183358739,94.044,94.0390748346742,94.0443603515625,94.0441390414217
1067.6,94.06452724,94.0545501347637,94.0606083290581,94.0606083290581,94.0606092923296,94.044,94.0390278114869,94.0443115234375,94.044091407384
1067.65,94.06450938,94.0545769961766,94.0606992832804,94.0606992832804,94.0607002487853,94.044,94.0389807882996,94.0442626953125,94.0440437733463
1067.7,94.06449152,94.0546038575896,94.0607902375026,94.0607902375026,94.060791205241,94.044,94.0389337651122,94.0442138671875,94.0439961393085
1067.75,94.06447366,94.0546307190025,94.0608811917248,94.0608811917248,94.0608821616967,94.044,94.0388867419249,94.0441650390625,94.0439485052708
1067.8,94.0644558,94.0546575804154,94.0609721459471,94.0609721459471,94.0609731181524,94.044,94.0388397187376,94.0441162109375,94.0439008712331
1067.85,94.06443794,94.0546844418284,94.0610631001693,94.0610631001693,94.0610640746081,94.044,94.0387926955503,94.0440673828125,94.0438532371953
1067.9,94.06441914,94.0547113032413,94.0611540543916,94.0611540543916,94.0611550310638,94.044,94.0387456723629,94.0440185546875,94.0438056031576
1067.95,94.06440128,94.0547381646543,94.0612450086138,94.0612450086138,94.0612459875195,94.044,94.0386986491756,94.0439697265625,94.0437579691199
1068,94.06438342,94.0547650260672,94.061335962836,94.061335962836,94.0613369439752,94.044,94.0386516259883,94.0439208984375,94.0437103350821
1068.05,94.06436556,94.0547918874801,94.0614269170583,94.0614269170583,94.0614279004309,94.044,94.0386046028009,94.0438720703125,94.0436627010444
1068.1,94.0643477,94.0548187488931,94.0615178712805,94.0615178712805,94.0615188568867,94.044,94.0385575796136,94.0438232421875,94.0436150670066
1068.15,94.06432984,94.054845610306,94.0616088255027,94.0616088255027,94.0616098133424,94.044,94.0385105564263,94.0437744140625,94.0435674329689
1068.2,94.06431104,94.0548724717189,94.061699779725,94.061699779725,94.0617007697981,94.044,94.038463533239,94.0437255859375,94.0435197989312
1068.25,94.06429318,94.0548993331319,94.0617907339472,94.0617907339472,94.0617917262538,94.044,94.0384165100516,94.0436767578125,94.0434721648934
1068.3,94.06427532,94.0549261945448,94.0618816881694,94.0618816881694,94.0618826827095,94.044,94.0383694868643,94.0436279296875,94.0434245308557
1068.35,94.06425746,94.0549530559577,94.0619726423917,94.0619726423917,94.0619736391652,94.044,94.038322463677,94.0435791015625,94.043376896818
1068.4,94.0642396,94.0549799173707,94.0620635966139,94.0620635966139,94.0620645956209,94.044,94.0382754404897,94.0435302734375,94.0433292627802
1068.45,94.06422174,94.0550067787836,94.0621545508361,94.0621545508361,94.0621555520766,94.044,94.0382284173023,94.0434814453125,94.0432816287425
1068.5,94.06420388,94.0550336401966,94.0622455050584,94.0622455050584,94.0622465085323,94.044,94.038181394115,94.0434326171875,94.0432339947048
1068.55,94.06418508,94.0550605016095,94.0623364592806,94.0623364592806,94.062337464988,94.044,94.0381343709277,94.0433837890625,94.043186360667
1068.6,94.06416722,94.0550873630224,94.0624274135028,94.0624274135028,94.0624284214437,94.044,94.0380873477404,94.0433349609375,94.0431387266293
1068.65,94.06414936,94.0551142244354,94.0625183677251,94.0625183677251,94.0625193778994,94.044,94.038040324553,94.0432861328125,94.0430910925916
1068.7,94.0641315,94.0551410858483,94.0626093219473,94.0626093219473,94.0626103343551,94.044,94.0379933013657,94.0432373046875,94.0430434585538
1068.75,94.06411364,94.0551679472612,94.0627002761696,94.0627002761696,94.0627012908108,94.044,94.0379462781784,94.0431884765625,94.0429958245161
1068.8,94.06409578,94.0551948086742,94.0627912303918,94.0627912303918,94.0627922472665,94.044,94.0378992549911,94.0431396484375,94.0429481904784
1068.85,94.06407698,94.0552216700871,94.062882184614,94.062882184614,94.0628832037222,94.044,94.0378522318037,94.0430908203125,94.0429005564406
1068.9,94.06405912,94.0552485315,94.0629731388363,94.0629731388363,94.0629741601779,94.044,94.0378052086164,94.0430419921875,94.0428529224029
1068.95,94.06404126,94.055275392913,94.0630640930585,94.0630640930585,94.0630651166336,94.044,94.0377581854291,94.0429931640625,94.0428052883651
1069,94.0640234,94.0553022543259,94.0631550472807,94.0631550472807,94.0631560730893,94.04405,94.0377611622418,94.0429443359375,94.0427576543274
1069.05,94.06400554,94.0553291157388,94.063246001503,94.063246001503,94.063247029545,94.04415,94.0378141390544,94.0428955078125,94.0427100202897
1069.1,94.06398768,94.0553559771518,94.0633369557252,94.0633369557252,94.0633379860007,94.04425,94.0378671158671,94.0428466796875,94.0426623862519
1069.15,94.06396982,94.0553828385647,94.0634279099474,94.0634279099474,94.0634289424564,94.04435,94.0379200926798,94.0427978515625,94.0426147522142
1069.2,94.06395102,94.0554096999777,94.0635188641697,94.0635188641697,94.0635198989121,94.04445,94.0379730694925,94.0427490234375,94.0425671181765
1069.25,94.06393316,94.0554365613906,94.0636098183919,94.0636098183919,94.0636108553678,94.04455,94.0380260463051,94.0427001953125,94.0425194841387
1069.3,94.0639153,94.0554634228035,94.0637007726142,94.0637007726142,94.0637018118235,94.04465,94.0380790231178,94.0426513671875,94.042471850101
1069.35,94.06389744,94.0554902842165,94.0637917268364,94.0637917268364,94.0637927682792,94.04475,94.0381319999305,94.0426025390625,94.0424242160633
1069.4,94.06387958,94.0555171456294,94.0638826810586,94.0638826810586,94.0638837247349,94.04485,94.0381849767432,94.0425537109375,94.0423765820255
1069.45,94.06386172,94.0555440070423,94.0639736352809,94.0639736352809,94.0639746811906,94.04495,94.0382379535558,94.0425048828125,94.0423289479878
1069.5,94.06384292,94.0555708684553,94.0640645895031,94.0640645895031,94.0640656376464,94.04505,94.0382909303685,94.0424560546875,94.0422813139501
1069.55,94.06382506,94.0555977298682,94.0641555437253,94.0641555437253,94.0641565941021,94.04515,94.0383439071812,94.0424072265625,94.0422336799123
1069.6,94.0638072,94.0556245912811,94.0642464979476,94.0642464979476,94.0642475505578,94.04525,94.0383968839939,94.0423583984375,94.0421860458746
1069.65,94.06378934,94.0556514526941,94.0643374521698,94.0643374521698,94.0643385070135,94.04535,94.0384498608065,94.0423095703125,94.0421384118368
1069.7,94.06377148,94.055678314107,94.064428406392,94.064428406392,94.0644294634692,94.04545,94.0385028376192,94.0422607421875,94.0420907777991
1069.75,94.06375362,94.0557051755199,94.0645193606143,94.0645193606143,94.0645204199249,94.04555,94.0385558144319,94.0422119140625,94.0420431437614
1069.8,94.06373482,94.0557320369329,94.0646103148365,94.0646103148365,94.0646113763806,94.04565,94.0386087912446,94.0421630859375,94.0419955097236
1069.85,94.06371696,94.0557588983458,94.0647012690587,94.0647012690587,94.0647023328363,94.04575,94.0386617680572,94.0421142578125,94.0419478756859
1069.9,94.0636991,94.0557857597588,94.064792223281,94.064792223281,94.064793289292,94.04585,94.0387147448699,94.0420654296875,94.0419002416482
1069.95,94.06368124,94.0558126211717,94.0648831775032,94.0648831775032,94.0648842457477,94.04595,94.0387677216826,94.0420166015625,94.0418526076104
1070,94.06366338,94.0559644825846,94.0650991317254,94.0650991317254,94.0651002022034,94.046425,94.0391956984952,94.0419677734375,94.0418049735727
1070.05,94.06364552,94.0562342287035,94.0653940213298,94.0653940213298,94.0653950621513,94.047275,94.0400069685376,94.0419189453125,94.0417435462921
1070.1,94.06362766,94.0565039748225,94.0656889109341,94.0656889109341,94.0656899220992,94.048125,94.0408182385799,94.0418701171875,94.0416821190114
1070.15,94.06360886,94.0567737209414,94.0659838005384,94.0659838005384,94.0659847820471,94.048975,94.0416295086223,94.0418212890625,94.0416206917308
1070.2,94.063591,94.0570434670603,94.0662786901427,94.0662786901427,94.0662796419951,94.049825,94.0424407786646,94.0417724609375,94.0415592644502
1070.25,94.06357314,94.0573132131792,94.066573579747,94.066573579747,94.066574501943,94.050675,94.043252048707,94.0417236328125,94.0414978371695
1070.3,94.06355528,94.0575829592981,94.0668684693513,94.0668684693513,94.0668693618909,94.051525,94.0440633187493,94.0416748046875,94.0414364098889
1070.35,94.06353742,94.0578527054171,94.0671633589556,94.0671633589556,94.0671642218388,94.052375,94.0448745887917,94.0416259765625,94.0413749826083
1070.4,94.06351956,94.058122451536,94.0674582485599,94.0674582485599,94.0674590817867,94.053225,94.045685858834,94.0415771484375,94.0413135553276
1070.45,94.06350076,94.0583921976549,94.0677531381642,94.0677531381642,94.0677539417347,94.054075,94.0464971288764,94.0415283203125,94.041252128047
1070.5,94.0634829,94.0586619437738,94.0680480277685,94.0680480277685,94.0680488016826,94.054925,94.0473083989187,94.0414794921875,94.0411907007664
1070.55,94.06346504,94.0589316898927,94.0683429173728,94.0683429173728,94.0683436616305,94.055775,94.048119668961,94.0414306640625,94.0411292734857
1070.6,94.06344718,94.0592014360116,94.0686378069772,94.0686378069772,94.0686385215784,94.056625,94.0489309390034,94.0413818359375,94.0410678462051
1070.65,94.06342932,94.0594711821306,94.0689326965815,94.0689326965815,94.0689333815263,94.057475,94.0497422090457,94.0413330078125,94.0410064189245
1070.7,94.06341146,94.0597409282495,94.0692275861858,94.0692275861858,94.0692282414742,94.058325,94.0505534790881,94.0412841796875,94.0409449916438
1070.75,94.06339266,94.0600106743684,94.0695224757901,94.0695224757901,94.0695231014222,94.059175,94.0513647491304,94.0412353515625,94.0408835643632
1070.8,94.0633748,94.0602804204873,94.0698173653944,94.0698173653944,94.0698179613701,94.060025,94.0521760191728,94.0411865234375,94.0408221370826
1070.85,94.06335694,94.0605501666062,94.0701122549987,94.0701122549987,94.070112821318,94.060875,94.0529872892151,94.0411376953125,94.0407607098019
1070.9,94.06333908,94.0608199127252,94.070407144603,94.070407144603,94.0704076812659,94.061725,94.0537985592574,94.0410888671875,94.0406992825213
1070.95,94.06332122,94.0610896588441,94.0707020342073,94.0707020342073,94.0707025412138,94.062575,94.0546098292998,94.0410400390625,94.0406378552406
1071,94.06330336,94.061359404963,94.0709969238116,94.0709969238116,94.0709974011618,94.06335,94.0553460993421,94.0409912109375,94.04057642796
1071.05,94.0632855,94.0616291510819,94.0712918134159,94.0712918134159,94.0712922611097,94.06405,94.0560073693845,94.0409423828125,94.0405150006794
1071.1,94.0632667,94.0618988972008,94.0715867030202,94.0715867030202,94.0715871210576,94.06475,94.0566686394268,94.0408935546875,94.0404535733988
1071.15,94.06324884,94.0621686433197,94.0718815926245,94.0718815926245,94.0718819810055,94.06545,94.0573299094692,94.0408447265625,94.0403921461181
1071.2,94.06323098,94.0624383894387,94.0721764822289,94.0721764822289,94.0721768409534,94.06615,94.0579911795115,94.0407958984375,94.0403307188375
1071.25,94.06321312,94.0627081355576,94.0724713718332,94.0724713718332,94.0724717009013,94.06685,94.0586524495539,94.0407470703125,94.0402692915568
1071.3,94.06319526,94.0629778816765,94.0727662614375,94.0727662614375,94.0727665608493,94.06755,94.0593137195962,94.0406982421875,94.0402078642762
1071.35,94.0631774,94.0632476277954,94.0730611510418,94.0730611510418,94.0730614207972,94.06825,94.0599749896385,94.0406494140625,94.0401464369956
1071.4,94.0631586,94.0635173739143,94.0733560406461,94.0733560406461,94.0733562807451,94.06895,94.0606362596809,94.0406005859375,94.0400850097149
1071.45,94.06314074,94.0637871200333,94.0736509302504,94.0736509302504,94.073651140693,94.06965,94.0612975297232,94.0405517578125,94.0400235824343
1071.5,94.06312288,94.0640568661522,94.0739458198547,94.0739458198547,94.0739460006409,94.07035,94.0619587997656,94.0405029296875,94.0399621551537
1071.55,94.06310502,94.0643266122711,94.074240709459,94.074240709459,94.0742408605889,94.07105,94.0626200698079,94.0404541015625,94.039900727873
1071.6,94.06308716,94.06459635839,94.0745355990633,94.0745355990633,94.0745357205368,94.07175,94.0632813398503,94.0404052734375,94.0398393005924
1071.65,94.0630693,94.0648661045089,94.0748304886676,94.0748304886676,94.0748305804847,94.07245,94.0639426098926,94.0403564453125,94.0397778733118
1071.7,94.06305144,94.0651358506278,94.0751253782719,94.0751253782719,94.0751254404326,94.07315,94.064603879935,94.0403076171875,94.0397164460311
1071.75,94.06303264,94.0654055967468,94.0754202678763,94.0754202678763,94.0754203003805,94.07385,94.0652651499773,94.0402587890625,94.0396550187505
1071.8,94.06301478,94.0656753428657,94.0757151574806,94.0757151574806,94.0757151603284,94.07455,94.0659264200197,94.0402099609375,94.0395935914699
1071.85,94.06299692,94.0659450889846,94.0760100470849,94.0760100470849,94.0760100202764,94.07525,94.066587690062,94.0401611328125,94.0395321641892
1071.9,94.06297906,94.0662148351035,94.0763049366892,94.0763049366892,94.0763048802243,94.07595,94.0672489601043,94.0401123046875,94.0394707369086
1071.95,94.0629612,94.0664845812224,94.0765998262935,94.0765998262935,94.0765997401722,94.07665,94.0679102301467,94.0400634765625,94.039409309628
1072,94.06294334,94.0666293273413,94.0767697158978,94.0767697158978,94.0767696001201,94.077225,94.068446500189,94.0400146484375,94.0393478823473
1072.05,94.06292454,94.0666490734603,94.0768146055021,94.0768146055021,94.076814460068,94.077675,94.0688577702314,94.0399658203125,94.0392864550667
1072.1,94.06290668,94.0666688195792,94.0768594951064,94.0768594951064,94.076859320016,94.078125,94.0692690402737,94.0399169921875,94.0392250277861
1072.15,94.06288882,94.0666885656981,94.0769043847107,94.0769043847107,94.0769041799639,94.078575,94.0696803103161,94.0398681640625,94.0391636005054
1072.2,94.06287096,94.066708311817,94.076949274315,94.076949274315,94.0769490399118,94.079025,94.0700915803584,94.0398193359375,94.0391021732248
1072.25,94.0628531,94.0667280579359,94.0769941639193,94.0769941639193,94.0769938998597,94.079475,94.0705028504007,94.0397705078125,94.0390407459441
1072.3,94.06283524,94.0667478040549,94.0770390535236,94.0770390535236,94.0770387598076,94.079925,94.0709141204431,94.0397216796875,94.0389793186635
1072.35,94.06281644,94.0667675501738,94.077083943128,94.077083943128,94.0770836197556,94.080375,94.0713253904854,94.0396728515625,94.0389178913829
1072.4,94.06279858,94.0667872962927,94.0771288327323,94.0771288327323,94.0771284797035,94.080825,94.0717366605278,94.0396240234375,94.0388564641023
1072.45,94.06278072,94.0668070424116,94.0771737223366,94.0771737223366,94.0771733396514,94.081275,94.0721479305701,94.0395751953125,94.0387950368216
1072.5,94.06276286,94.0668267885305,94.0772186119409,94.0772186119409,94.0772181995993,94.081725,94.0725592006125,94.0395263671875,94.038733609541
1072.55,94.062745,94.0668465346494,94.0772635015452,94.0772635015452,94.0772630595472,94.082175,94.0729704706548,94.0394775390625,94.0386721822604
1072.6,94.06272714,94.0668662807684,94.0773083911495,94.0773083911495,94.0773079194951,94.082625,94.0733817406972,94.0394287109375,94.0386107549797
1072.65,94.06270928,94.0668860268873,94.0773532807538,94.0773532807538,94.0773527794431,94.083075,94.0737930107395,94.0393798828125,94.0385493276991
1072.7,94.06269048,94.0669057730062,94.0773981703581,94.0773981703581,94.077397639391,94.083525,94.0742042807818,94.0393310546875,94.0384879004184
1072.75,94.06267262,94.0669255191251,94.0774430599624,94.0774430599624,94.0774424993389,94.083975,94.0746155508242,94.0392822265625,94.0384264731378
1072.8,94.06265476,94.066945265244,94.0774879495667,94.0774879495667,94.0774873592868,94.084425,94.0750268208665,94.0392333984375,94.0383650458572
1072.85,94.0626369,94.066965011363,94.077532839171,94.077532839171,94.0775322192347,94.084875,94.0754380909089,94.0391845703125,94.0383036185765
1072.9,94.06261904,94.0669847574819,94.0775777287754,94.0775777287754,94.0775770791826,94.085325,94.0758493609512,94.0391357421875,94.0382421912959
1072.95,94.06260118,94.0670045036008,94.0776226183797,94.0776226183797,94.0776219391306,94.085775,94.0762606309936,94.0390869140625,94.0381807640153
1073,94.06258238,94.0670242497197,94.077667507984,94.077667507984,94.0776667990785,94.086,94.0764469010359,94.0389526367187,94.0380338875159
1073.05,94.06256452,94.0670439958386,94.0777123975883,94.0777123975883,94.0777116590264,94.086,94.0764081710783,94.0387329101563,94.0378015617977
1073.1,94.06254666,94.0670637419575,94.0777572871926,94.0777572871926,94.0777565189743,94.086,94.0763694411206,94.0385131835938,94.0375692360796
1073.15,94.0625288,94.0670834880765,94.0778021767969,94.0778021767969,94.0778013789222,94.086,94.076330711163,94.0382934570312,94.0373369103615
1073.2,94.06251094,94.0671032341954,94.0778470664012,94.0778470664012,94.0778462388702,94.086,94.0762919812053,94.0380737304688,94.0371045846434
1073.25,94.06249308,94.0671229803143,94.0778919560055,94.0778919560055,94.0778910988181,94.086,94.0762532512476,94.0378540039062,94.0368722589252
1073.3,94.06247522,94.0671427264332,94.0779368456098,94.0779368456098,94.077935958766,94.086,94.07621452129,94.0376342773438,94.0366399332071
1073.35,94.06245642,94.0671624725521,94.0779817352141,94.0779817352141,94.0779808187139,94.086,94.0761757913323,94.0374145507812,94.036407607489
1073.4,94.06243856,94.0671822186711,94.0780266248184,94.0780266248184,94.0780256786618,94.086,94.0761370613747,94.0371948242187,94.0361752817708
1073.45,94.0624207,94.06720196479,94.0780715144227,94.0780715144227,94.0780705386098,94.086,94.076098331417,94.0369750976563,94.0359429560527
1073.5,94.06240284,94.0672217109089,94.0781164040271,94.0781164040271,94.0781153985577,94.086,94.0760596014594,94.0367553710937,94.0357106303345
1073.55,94.06238498,94.0672414570278,94.0781612936314,94.0781612936314,94.0781602585056,94.086,94.0760208715017,94.0365356445313,94.0354783046164
1073.6,94.06236712,94.0672612031467,94.0782061832357,94.0782061832357,94.0782051184535,94.086,94.075982141544,94.0363159179688,94.0352459788983
1073.65,94.06234832,94.0672809492656,94.07825107284,94.07825107284,94.0782499784014,94.086,94.0759434115864,94.0360961914062,94.0350136531801
1073.7,94.06233046,94.0673006953846,94.0782959624443,94.0782959624443,94.0782948383493,94.086,94.0759046816287,94.0358764648438,94.034781327462
1073.75,94.0623126,94.0673204415035,94.0783408520486,94.0783408520486,94.0783396982973,94.086,94.0758659516711,94.0356567382812,94.0345490017439
1073.8,94.06229474,94.0673401876224,94.0783857416529,94.0783857416529,94.0783845582452,94.086,94.0758272217134,94.0354370117188,94.0343166760257
1073.85,94.06227688,94.0673599337413,94.0784306312572,94.0784306312572,94.0784294181931,94.086,94.0757884917558,94.0352172851562,94.0340843503076
1073.9,94.06225902,94.0673796798602,94.0784755208615,94.0784755208615,94.078474278141,94.086,94.0757497617981,94.0349975585937,94.0338520245895
1073.95,94.06224022,94.0673994259791,94.0785204104658,94.0785204104658,94.0785191380889,94.086,94.0757110318405,94.0347778320313,94.0336196988713
1074,94.06222236,94.0674191720981,94.0785653000701,94.0785653000701,94.0785639980369,94.086,94.0756723018828,94.0345581054687,94.0333873731532
1074.05,94.0622045,94.067438918217,94.0786101896744,94.0786101896744,94.0786088579848,94.086,94.0756335719251,94.0343383789063,94.0331550474351
1074.1,94.06218664,94.0674586643359,94.0786550792788,94.0786550792788,94.0786537179327,94.086,94.0755948419675,94.0341186523438,94.0329227217169
1074.15,94.06216878,94.0674784104548,94.0786999688831,94.0786999688831,94.0786985778806,94.086,94.0755561120098,94.0338989257812,94.0326903959988
1074.2,94.06215092,94.0674981565737,94.0787448584874,94.0787448584874,94.0787434378285,94.086,94.0755173820522,94.0336791992188,94.0324580702807
1074.25,94.06213306,94.0675179026927,94.0787897480917,94.0787897480917,94.0787882977764,94.086,94.0754786520945,94.0334594726562,94.0322257445625
1074.3,94.06211426,94.0675376488116,94.078834637696,94.078834637696,94.0788331577244,94.086,94.0754399221369,94.0332397460938,94.0319934188444
1074.35,94.0620964,94.0675573949305,94.0788795273003,94.0788795273003,94.0788780176723,94.086,94.0754011921792,94.0330200195312,94.0317610931263
1074.4,94.06207854,94.0675771410494,94.0789244169046,94.0789244169046,94.0789228776202,94.086,94.0753624622216,94.0328002929687,94.0315287674081
1074.45,94.06206068,94.0675968871683,94.0789693065089,94.0789693065089,94.0789677375681,94.086,94.0753237322639,94.0325805664063,94.03129644169
1074.5,94.06204282,94.0676166332872,94.0790141961132,94.0790141961132,94.079012597516,94.086,94.0752850023062,94.0323608398437,94.0310641159719
1074.55,94.06202496,94.0676363794062,94.0790590857175,94.0790590857175,94.0790574574639,94.086,94.0752462723486,94.0321411132813,94.0308317902537
1074.6,94.06200616,94.0676561255251,94.0791039753218,94.0791039753218,94.0791023174119,94.086,94.0752075423909,94.0319213867188,94.0305994645356
1074.65,94.0619883,94.067675871644,94.0791488649262,94.0791488649262,94.0791471773598,94.086,94.0751688124333,94.0317016601562,94.0303671388175
1074.7,94.06197044,94.0676956177629,94.0791937545305,94.0791937545305,94.0791920373077,94.086,94.0751300824756,94.0314819335938,94.0301348130993
1074.75,94.06195258,94.0677153638818,94.0792386441348,94.0792386441348,94.0792368972556,94.086,94.075091352518,94.0312622070312,94.0299024873812
1074.8,94.06193472,94.0677351100008,94.0792835337391,94.0792835337391,94.0792817572035,94.086,94.0750526225603,94.0310424804688,94.029670161663
1074.85,94.06191686,94.0677548561197,94.0793284233434,94.0793284233434,94.0793266171515,94.086,94.0750138926027,94.0308227539062,94.0294378359449
1074.9,94.06189806,94.0677746022386,94.0793733129477,94.0793733129477,94.0793714770994,94.086,94.074975162645,94.0306030273437,94.0292055102268
1074.95,94.0618802,94.0677943483575,94.079418202552,94.079418202552,94.0794163370473,94.086,94.0749364326873,94.0303833007813,94.0289731845087
1075,94.06186234,94.0678140944764,94.0794630921563,94.0794630921563,94.0794611969952,94.078325,94.0672227027297,94.0301635742187,94.0287408587905
1075.05,94.06184448,94.0678338405953,94.0795079817606,94.0795079817606,94.0795060569431,94.062975,94.051833972772,94.0299438476563,94.0285085330724
1075.1,94.06182662,94.0678535867143,94.0795528713649,94.0795528713649,94.0795509168911,94.047625,94.0364452428144,94.0297241210938,94.0282762073543
1075.15,94.06180876,94.0678733328332,94.0795977609692,94.0795977609692,94.079595776839,94.032275,94.0210565128567,94.0295043945312,94.0280438816361
1075.2,94.0617909,94.0678930789521,94.0796426505735,94.0796426505735,94.0796406367869,94.016925,94.0056677828991,94.0292846679688,94.027811555918
1075.25,94.0617721,94.067912825071,94.0796875401779,94.0796875401779,94.0796854967348,94.001575,93.9902790529414,94.0290649414062,94.0275792301998
1075.3,94.06175424,94.0679325711899,94.0797324297822,94.0797324297822,94.0797303566827,93.986225,93.9748903229838,94.0288452148438,94.0273469044817
1075.35,94.06173638,94.0679523173089,94.0797773193865,94.0797773193865,94.0797752166307,93.970875,93.9595015930261,94.0286254882812,94.0271145787636
1075.4,94.06171852,94.0679720634278,94.0798222089908,94.0798222089908,94.0798200765786,93.955525,93.9441128630684,94.0284057617187,94.0268822530454
1075.45,94.06170066,94.0679918095467,94.0798670985951,94.0798670985951,94.0798649365265,93.940175,93.9287241331108,94.0281860351563,94.0266499273273
1075.5,94.0616828,94.0680115556656,94.0799119881994,94.0799119881994,94.0799097964744,93.924825,93.9133354031531,94.0279663085937,94.0264176016092
1075.55,94.061664,94.0680313017845,94.0799568778037,94.0799568778037,94.0799546564223,93.909475,93.8979466731955,94.0277465820313,94.026185275891
1075.6,94.06164614,94.0680510479034,94.080001767408,94.080001767408,94.0799995163702,93.894125,93.8825579432378,94.0275268554688,94.0259529501729
1075.65,94.06162828,94.0680707940224,94.0800466570123,94.0800466570123,94.0800443763182,93.878775,93.8671692132802,94.0273071289062,94.0257206244548
1075.7,94.06161042,94.0680905401413,94.0800915466166,94.0800915466166,94.0800892362661,93.863425,93.8517804833225,94.0270874023438,94.0254882987366
1075.75,94.06159256,94.0681102862602,94.0801364362209,94.0801364362209,94.080134096214,93.848075,93.8363917533649,94.0268676757812,94.0252559730185
1075.8,94.0615747,94.0681300323791,94.0801813258253,94.0801813258253,94.0801789561619,93.832725,93.8210030234072,94.0266479492188,94.0250236473004
1075.85,94.06155684,94.068149778498,94.0802262154296,94.0802262154296,94.0802238161098,93.817375,93.8056142934495,94.0264282226562,94.0247913215822
1075.9,94.06153804,94.0681695246169,94.0802711050339,94.0802711050339,94.0802686760577,93.802025,93.7902255634919,94.0262084960937,94.0245589958641
1075.95,94.06152018,94.0681892707359,94.0803159946382,94.0803159946382,94.0803135360057,93.786675,93.7748368335342,94.0259887695313,94.024326670146
1076,94.06150232,94.0682090168548,94.0803608842425,94.0803608842425,94.0803583959536,93.779,93.7671231035766,94.0257690429687,94.0240943444278
1076.05,94.06148446,94.0682287629737,94.0804057738468,94.0804057738468,94.0804032559015,93.779,93.7670843736189,94.0255493164063,94.0238620187097
1076.1,94.0614666,94.0682485090926,94.0804506634511,94.0804506634511,94.0804481158494,93.779,93.7670456436613,94.0253295898438,94.0236296929916
1076.15,94.06144874,94.0682682552115,94.0804955530554,94.0804955530554,94.0804929757973,93.779,93.7670069137036,94.0251098632812,94.0233973672734
1076.2,94.06142994,94.0682880013305,94.0805404426597,94.0805404426597,94.0805378357453,93.779,93.766968183746,94.0248901367188,94.0231650415553
1076.25,94.06141208,94.0683077474494,94.080585332264,94.080585332264,94.0805826956932,93.779,93.7669294537883,94.0246704101562,94.0229327158372
1076.3,94.06139422,94.0683274935683,94.0806302218683,94.0806302218683,94.0806275556411,93.779,93.7668907238306,94.0244506835938,94.022700390119
1076.35,94.06137636,94.0683472396872,94.0806751114726,94.0806751114726,94.080672415589,93.779,93.766851993873,94.0242309570312,94.0224680644009
1076.4,94.0613585,94.0683669858061,94.080720001077,94.080720001077,94.0807172755369,93.779,93.7668132639153,94.0240112304687,94.0222357386828
1076.45,94.06134064,94.068386731925,94.0807648906813,94.0807648906813,94.0807621354848,93.779,93.7667745339577,94.0237915039063,94.0220034129646
1076.5,94.06132184,94.068406478044,94.0808097802856,94.0808097802856,94.0808069954328,93.779,93.766735804,94.0235717773437,94.0217710872465
1076.55,94.06130398,94.0684262241629,94.0808546698899,94.0808546698899,94.0808518553807,93.779,93.7666970740424,94.0233520507813,94.0215387615283
1076.6,94.06128612,94.0684459702818,94.0808995594942,94.0808995594942,94.0808967153286,93.779,93.7666583440847,94.0231323242188,94.0213064358102
1076.65,94.06126826,94.0684657164007,94.0809444490985,94.0809444490985,94.0809415752765,93.779,93.7666196141271,94.0229125976562,94.0210741100921
1076.7,94.0612504,94.0684854625196,94.0809893387028,94.0809893387028,94.0809864352244,93.779,93.7665808841694,94.0226928710938,94.020841784374
1076.75,94.06123254,94.0685052086386,94.0810342283071,94.0810342283071,94.0810312951724,93.779,93.7665421542117,94.0224731445312,94.0206094586558
1076.8,94.06121468,94.0685249547575,94.0810791179114,94.0810791179114,94.0810761551203,93.779,93.7665034242541,94.0222534179688,94.0203771329377
1076.85,94.06119588,94.0685447008764,94.0811240075157,94.0811240075157,94.0811210150682,93.779,93.7664646942964,94.0220336914062,94.0201448072196
1076.9,94.06117802,94.0685644469953,94.08116889712,94.08116889712,94.0811658750161,93.779,93.7664259643388,94.0218139648437,94.0199124815014
1076.95,94.06116016,94.0685841931142,94.0812137867243,94.0812137867243,94.081210734964,93.779,93.7663872343811,94.0215942382813,94.0196801557833
1077,94.0611423,94.0686039392331,94.0812586763287,94.0812586763287,94.081255594912,93.779,93.7663485044235,94.0213745117187,94.0194478300651
1077.05,94.06112444,94.0686236853521,94.081303565933,94.081303565933,94.0813004548599,93.779,93.7663097744658,94.0211547851563,94.019215504347
1077.1,94.06110658,94.068643431471,94.0813484555373,94.0813484555373,94.0813453148078,93.779,93.7662710445081,94.0209350585938,94.0189831786289
1077.15,94.06108778,94.0686631775899,94.0813933451416,94.0813933451416,94.0813901747557,93.779,93.7662323145505,94.0207153320312,94.0187508529107
1077.2,94.06106992,94.0686829237088,94.0814382347459,94.0814382347459,94.0814350347036,93.779,93.7661935845928,94.0204956054688,94.0185185271926
1077.25,94.06105206,94.0687026698277,94.0814831243502,94.0814831243502,94.0814798946515,93.779,93.7661548546352,94.0202758789062,94.0182862014745
1077.3,94.0610342,94.0687224159467,94.0815280139545,94.0815280139545,94.0815247545995,93.779,93.7661161246775,94.0200561523438,94.0180538757563
1077.35,94.06101634,94.0687421620656,94.0815729035588,94.0815729035588,94.0815696145474,93.779,93.7660773947199,94.0198364257812,94.0178215500382
1077.4,94.06099848,94.0687619081845,94.0816177931631,94.0816177931631,94.0816144744953,93.779,93.7660386647622,94.0196166992187,94.0175892243201
1077.45,94.06098062,94.0687816543034,94.0816626827674,94.0816626827674,94.0816593344432,93.779,93.7659999348046,94.0193969726563,94.0173568986019
1077.5,94.06096182,94.0688014004223,94.0817075723717,94.0817075723717,94.0817041943911,93.779,93.7659612048469,94.0191772460937,94.0171245728838
1077.55,94.06094396,94.0688211465412,94.0817524619761,94.0817524619761,94.0817490543391,93.779,93.7659224748893,94.0189575195313,94.0168922471657
1077.6,94.0609261,94.0688408926602,94.0817973515804,94.0817973515804,94.081793914287,93.779,93.7658837449316,94.0187377929688,94.0166599214475
1077.65,94.06090824,94.0688606387791,94.0818422411847,94.0818422411847,94.0818387742349,93.779,93.7658450149739,94.0185180664062,94.0164275957294
1077.7,94.06089038,94.068880384898,94.081887130789,94.081887130789,94.0818836341828,93.779,93.7658062850163,94.0182983398438,94.0161952700113
1077.75,94.06087252,94.0689001310169,94.0819320203933,94.0819320203933,94.0819284941307,93.779,93.7657675550586,94.0180786132812,94.0159629442931
1077.8,94.06085372,94.0689198771358,94.0819769099976,94.0819769099976,94.0819733540786,93.779,93.765728825101,94.0178588867188,94.015730618575
1077.85,94.06083586,94.0689396232547,94.0820217996019,94.0820217996019,94.0820182140266,93.779,93.7656900951433,94.0176391601562,94.0154982928569
1077.9,94.060818,94.0689593693737,94.0820666892062,94.0820666892062,94.0820630739745,93.779,93.7656513651857,94.0174194335937,94.0152659671387
1077.95,94.06080014,94.0689791154926,94.0821115788105,94.0821115788105,94.0821079339224,93.779,93.765612635228,94.0171997070313,94.0150336414206
1078,94.06078228,94.0689988616115,94.0821564684148,94.0821564684148,94.0821527938703,93.807675,93.7942489052704,94.0169799804687,94.0148013157025
1078.05,94.06076442,94.0690186077304,94.0822013580191,94.0822013580191,94.0821976538182,93.865025,93.8515601753127,94.0167602539063,94.0145689899843
1078.1,94.06074562,94.0690383538493,94.0822462476234,94.0822462476234,94.0822425137661,93.922375,93.908871445355,94.0165405273438,94.0143366642662
1078.15,94.06072776,94.0690580999683,94.0822911372278,94.0822911372278,94.0822873737141,93.979725,93.9661827153974,94.0163208007812,94.0141043385481
1078.2,94.0607099,94.0690778460872,94.0823360268321,94.0823360268321,94.082332233662,94.037075,94.0234939854397,94.0161010742188,94.0138720128299
1078.25,94.06069204,94.0690975922061,94.0823809164364,94.0823809164364,94.0823770936099,94.094425,94.0808052554821,94.0158813476562,94.0136396871118
1078.3,94.06067418,94.069117338325,94.0824258060407,94.0824258060407,94.0824219535578,94.151775,94.1381165255244,94.0156616210938,94.0134073613936
1078.35,94.06065632,94.0691370844439,94.082470695645,94.082470695645,94.0824668135057,94.209125,94.1954277955668,94.0154418945312,94.0131750356755
1078.4,94.06063846,94.0691568305628,94.0825155852493,94.0825155852493,94.0825116734537,94.266475,94.2527390656091,94.0152221679687,94.0129427099574
1078.45,94.06061966,94.0691765766818,94.0825604748536,94.0825604748536,94.0825565334016,94.323825,94.3100503356514,94.0150024414063,94.0127103842393
1078.5,94.0606018,94.0691963228007,94.0826053644579,94.0826053644579,94.0826013933495,94.381175,94.3673616056938,94.0147827148437,94.0124780585211
1078.55,94.06058394,94.0692160689196,94.0826502540622,94.0826502540622,94.0826462532974,94.438525,94.4246728757362,94.0145629882813,94.012245732803
1078.6,94.06056608,94.0692358150385,94.0826951436665,94.0826951436665,94.0826911132453,94.495875,94.4819841457785,94.0143432617188,94.0120134070849
1078.65,94.06054822,94.0692555611574,94.0827400332708,94.0827400332708,94.0827359731933,94.553225,94.5392954158208,94.0141235351562,94.0117810813667
1078.7,94.06053036,94.0692753072764,94.0827849228751,94.0827849228751,94.0827808331412,94.610575,94.5966066858632,94.0139038085938,94.0115487556486
1078.75,94.06051156,94.0692950533953,94.0828298124795,94.0828298124795,94.0828256930891,94.667925,94.6539179559055,94.0136840820312,94.0113164299304
1078.8,94.0604937,94.0693147995142,94.0828747020838,94.0828747020838,94.082870553037,94.725275,94.7112292259479,94.0134643554688,94.0110841042123
1078.85,94.06047584,94.0693345456331,94.0829195916881,94.0829195916881,94.0829154129849,94.782625,94.7685404959902,94.0132446289062,94.0108517784942
1078.9,94.06045798,94.069354291752,94.0829644812924,94.0829644812924,94.0829602729328,94.839975,94.8258517660326,94.0130249023437,94.010619452776
1078.95,94.06044012,94.0693740378709,94.0830093708967,94.0830093708967,94.0830051328808,94.897325,94.8831630360749,94.0128051757813,94.0103871270579
1079,94.06042226,94.0693937839899,94.083054260501,94.083054260501,94.0830499928287,94.9261,94.9118993061172,94.0125854492187,94.0101548013398
1079.05,94.06040346,94.0694135301088,94.0830991501053,94.0830991501053,94.0830948527766,94.9263,94.9120605761596,94.0123657226563,94.0099224756216
1079.1,94.0603856,94.0694332762277,94.0831440397096,94.0831440397096,94.0831397127245,94.9265,94.9122218462019,94.0121459960938,94.0096901499035
1079.15,94.06036774,94.0694530223466,94.0831889293139,94.0831889293139,94.0831845726724,94.9267,94.9123831162443,94.0119262695312,94.0094578241854
1079.2,94.06034988,94.0694727684655,94.0832338189182,94.0832338189182,94.0832294326204,94.9269,94.9125443862866,94.0117065429688,94.0092254984672
1079.25,94.06033202,94.0694925145845,94.0832787085225,94.0832787085225,94.0832742925683,94.9271,94.912705656329,94.0114868164062,94.0089931727491
1079.3,94.06031416,94.0695122607034,94.0833235981269,94.0833235981269,94.0833191525162,94.9273,94.9128669263713,94.0112670898438,94.008760847031
1079.35,94.0602963,94.0695320068223,94.0833684877312,94.0833684877312,94.0833640124641,94.9275,94.9130281964136,94.0110473632812,94.0085285213128
1079.4,94.0602775,94.0695517529412,94.0834133773355,94.0834133773355,94.083408872412,94.9277,94.913189466456,94.0108276367187,94.0082961955947
1079.45,94.06025964,94.0695714990601,94.0834582669398,94.0834582669398,94.0834537323599,94.9279,94.9133507364983,94.0106079101563,94.0080638698766
1079.5,94.06024178,94.069591245179,94.0835031565441,94.0835031565441,94.0834985923079,94.9281,94.9135120065407,94.0103881835937,94.0078315441584
1079.55,94.06022392,94.069610991298,94.0835480461484,94.0835480461484,94.0835434522558,94.9283,94.913673276583,94.0101684570313,94.0075992184403
1079.6,94.06020606,94.0696307374169,94.0835929357527,94.0835929357527,94.0835883122037,94.9285,94.9138345466254,94.0099487304688,94.0073668927222
1079.65,94.0601882,94.0696504835358,94.083637825357,94.083637825357,94.0836331721516,94.9287,94.9139958166677,94.0097290039062,94.007134567004
1079.7,94.0601694,94.0696702296547,94.0836827149613,94.0836827149613,94.0836780320995,94.9289,94.9141570867101,94.0095092773438,94.0069022412859
1079.75,94.06015154,94.0696899757736,94.0837276045656,94.0837276045656,94.0837228920475,94.9291,94.9143183567524,94.0092895507812,94.0066699155678
1079.8,94.06013368,94.0697097218926,94.0837724941699,94.0837724941699,94.0837677519954,94.9293,94.9144796267947,94.0090698242188,94.0064375898496
1079.85,94.06011582,94.0697294680115,94.0838173837742,94.0838173837742,94.0838126119433,94.9295,94.9146408968371,94.0088500976562,94.0062052641315
1079.9,94.06009796,94.0697492141304,94.0838622733786,94.0838622733786,94.0838574718912,94.9297,94.9148021668794,94.0086303710937,94.0059729384134
1079.95,94.0600801,94.0697689602493,94.0839071629829,94.0839071629829,94.0839023318391,94.9299,94.9149634369218,94.0084106445313,94.0057406126952
1080,94.06006224,94.0697887063682,94.0839520525872,94.0839520525872,94.083947191787,94.93,94.9150247069641,94.0081909179687,94.0055082869771
1080.05,94.06004344,94.0697738341303,94.0838655907788,94.0838655907788,94.0838607502783,94.93,94.9150789417254,94.0079711914063,94.0053109364601
1080.1,94.06002558,94.0697589618924,94.0837791289704,94.0837791289704,94.0837743087695,94.93,94.9151331764867,94.0077514648438,94.0051135859431
1080.15,94.06000772,94.0697440896545,94.083692667162,94.083692667162,94.0836878672608,94.93,94.915187411248,94.0075317382812,94.0049162354261
1080.2,94.05998986,94.0697292174166,94.0836062053536,94.0836062053536,94.0836014257521,94.93,94.9152416460093,94.0073120117188,94.0047188849092
1080.25,94.059972,94.0697143451787,94.0835197435452,94.0835197435452,94.0835149842433,94.93,94.9152958807706,94.0070922851562,94.0045215343922
1080.3,94.05995414,94.0696994729408,94.0834332817368,94.0834332817368,94.0834285427346,94.93,94.9153501155319,94.0068725585938,94.0043241838752
1080.35,94.05993534,94.0696846007029,94.0833468199284,94.0833468199284,94.0833421012258,94.93,94.9154043502932,94.0066528320312,94.0041268333582
1080.4,94.05991748,94.069669728465,94.08326035812,94.08326035812,94.0832556597171,94.93,94.9154585850545,94.0064331054687,94.0039294828412
1080.45,94.05989962,94.0696548562271,94.0831738963116,94.0831738963116,94.0831692182083,94.93,94.9155128198158,94.0062133789063,94.0037321323243
1080.5,94.05988176,94.0696399839892,94.0830874345032,94.0830874345032,94.0830827766996,94.93,94.9155670545771,94.0059936523437,94.0035347818073
1080.55,94.0598639,94.0696251117513,94.0830009726948,94.0830009726948,94.0829963351908,94.93,94.9156212893384,94.0057739257813,94.0033374312903
1080.6,94.05984604,94.0696102395134,94.0829145108864,94.0829145108864,94.0829098936821,94.93,94.9156755240997,94.0055541992188,94.0031400807733
1080.65,94.05982724,94.0695953672755,94.082828049078,94.082828049078,94.0828234521734,94.93,94.915729758861,94.0053344726562,94.0029427302563
1080.7,94.05980938,94.0695804950376,94.0827415872696,94.0827415872696,94.0827370106646,94.93,94.9157839936223,94.0051147460938,94.0027453797394
1080.75,94.05979152,94.0695656227997,94.0826551254612,94.0826551254612,94.0826505691559,94.93,94.9158382283835,94.0048950195312,94.0025480292224
1080.8,94.05977366,94.0695507505618,94.0825686636528,94.0825686636528,94.0825641276471,94.93,94.9158924631448,94.0046752929688,94.0023506787054
1080.85,94.0597558,94.0695358783239,94.0824822018444,94.0824822018444,94.0824776861384,94.93,94.9159466979062,94.0044555664062,94.0021533281884
1080.9,94.05973794,94.069521006086,94.082395740036,94.082395740036,94.0823912446296,94.93,94.9160009326674,94.0042358398437,94.0019559776714
1080.95,94.05972008,94.0695061338481,94.0823092782276,94.0823092782276,94.0823048031209,94.93,94.9160551674287,94.0040161132813,94.0017586271544
1081,94.05970128,94.0693662616102,94.0820978164192,94.0820978164192,94.0820933616121,94.9299,94.91600940219,94.0039672851562,94.001732175075
1081.05,94.05968342,94.0691013893723,94.0817613546108,94.0817613546108,94.0817569201034,94.9297,94.9158636369513,94.0040893554688,94.001876621433
1081.1,94.05966556,94.0688365171344,94.0814248928024,94.0814248928024,94.0814204785947,94.9295,94.9157178717126,94.0042114257812,94.002021067791
1081.15,94.0596477,94.0685716448965,94.081088430994,94.081088430994,94.0810840370859,94.9293,94.9155721064739,94.0043334960938,94.002165514149
1081.2,94.05962984,94.0683067726586,94.0807519691856,94.0807519691856,94.0807475955772,94.9291,94.9154263412352,94.0044555664062,94.002309960507
1081.25,94.05961198,94.0680419004207,94.0804155073772,94.0804155073772,94.0804111540684,94.9289,94.9152805759965,94.0045776367188,94.0024544068651
1081.3,94.05959318,94.0677770281828,94.0800790455688,94.0800790455688,94.0800747125597,94.9287,94.9151348107578,94.0046997070312,94.0025988532231
1081.35,94.05957532,94.0675121559449,94.0797425837604,94.0797425837604,94.0797382710509,94.9285,94.9149890455191,94.0048217773438,94.0027432995811
1081.4,94.05955746,94.067247283707,94.079406121952,94.079406121952,94.0794018295422,94.9283,94.9148432802804,94.0049438476562,94.0028877459391
1081.45,94.0595396,94.0669824114691,94.0790696601436,94.0790696601436,94.0790653880334,94.9281,94.9146975150417,94.0050659179688,94.0030321922971
1081.5,94.05952174,94.0667175392312,94.0787331983352,94.0787331983352,94.0787289465247,94.9279,94.914551749803,94.0051879882812,94.0031766386552
1081.55,94.05950388,94.0664526669933,94.0783967365268,94.0783967365268,94.0783925050159,94.9277,94.9144059845643,94.0053100585938,94.0033210850132
1081.6,94.05948508,94.0661877947554,94.0780602747184,94.0780602747184,94.0780560635072,94.9275,94.9142602193256,94.0054321289062,94.0034655313712
1081.65,94.05946722,94.0659229225175,94.07772381291,94.07772381291,94.0777196219985,94.9273,94.9141144540869,94.0055541992188,94.0036099777292
1081.7,94.05944936,94.0656580502796,94.0773873511016,94.0773873511016,94.0773831804897,94.9271,94.9139686888482,94.0056762695312,94.0037544240872
1081.75,94.0594315,94.0653931780417,94.0770508892932,94.0770508892932,94.077046738981,94.9269,94.9138229236095,94.0057983398438,94.0038988704453
1081.8,94.05941364,94.0651283058038,94.0767144274848,94.0767144274848,94.0767102974722,94.9267,94.9136771583708,94.0059204101562,94.0040433168033
1081.85,94.05939578,94.0648634335659,94.0763779656764,94.0763779656764,94.0763738559635,94.9265,94.913531393132,94.0060424804688,94.0041877631613
1081.9,94.05937792,94.064598561328,94.076041503868,94.076041503868,94.0760374144547,94.9263,94.9133856278933,94.0061645507812,94.0043322095193
1081.95,94.05935912,94.06433368909,94.0757050420596,94.0757050420596,94.075700972946,94.9261,94.9132398626546,94.0062866210938,94.0044766558773
1082,94.05934126,94.0640688168522,94.0753685802512,94.0753685802512,94.0753645314372,94.904525,94.8917190974159,94.0064086914062,94.0046211022353
1082.05,94.0593234,94.0638039446142,94.0750321184428,94.0750321184428,94.0750280899285,94.861575,94.8488233321772,94.0065307617188,94.0047655485934
1082.1,94.05930554,94.0635390723763,94.0746956566344,94.0746956566344,94.0746916484197,94.818625,94.8059275669385,94.0066528320312,94.0049099949514
1082.15,94.05928768,94.0632742001385,94.074359194826,94.074359194826,94.074355206911,94.775675,94.7630318016998,94.0067749023438,94.0050544413094
1082.2,94.05926982,94.0630093279005,94.0740227330176,94.0740227330176,94.0740187654023,94.732725,94.7201360364611,94.0068969726562,94.0051988876674
1082.25,94.05925102,94.0627444556626,94.0736862712092,94.0736862712092,94.0736823238935,94.689775,94.6772402712224,94.0070190429688,94.0053433340254
1082.3,94.05923316,94.0624795834247,94.0733498094008,94.0733498094008,94.0733458823848,94.646825,94.6343445059837,94.0071411132812,94.0054877803835
1082.35,94.0592153,94.0622147111868,94.0730133475924,94.0730133475924,94.073009440876,94.603875,94.591448740745,94.0072631835938,94.0056322267415
1082.4,94.05919744,94.0619498389489,94.072676885784,94.072676885784,94.0726729993673,94.560925,94.5485529755063,94.0073852539062,94.0057766730995
1082.45,94.05917958,94.061684966711,94.0723404239756,94.0723404239756,94.0723365578585,94.517975,94.5056572102676,94.0075073242188,94.0059211194575
1082.5,94.05916172,94.0614200944731,94.0720039621672,94.0720039621672,94.0720001163498,94.475025,94.4627614450289,94.0076293945312,94.0060655658155
1082.55,94.05914386,94.0611552222352,94.0716675003588,94.0716675003588,94.071663674841,94.432075,94.4198656797902,94.0077514648438,94.0062100121736
1082.6,94.05912506,94.0608903499973,94.0713310385504,94.0713310385504,94.0713272333323,94.389125,94.3769699145515,94.0078735351562,94.0063544585316
1082.65,94.0591072,94.0606254777594,94.070994576742,94.070994576742,94.0709907918235,94.346175,94.3340741493128,94.0079956054688,94.0064989048896
1082.7,94.05908934,94.0603606055215,94.0706581149337,94.0706581149337,94.0706543503148,94.303225,94.2911783840741,94.0081176757812,94.0066433512476
1082.75,94.05907148,94.0600957332836,94.0703216531252,94.0703216531252,94.0703179088061,94.260275,94.2482826188354,94.0082397460938,94.0067877976056
1082.8,94.05905362,94.0598308610457,94.0699851913168,94.0699851913168,94.0699814672973,94.217325,94.2053868535967,94.0083618164062,94.0069322439637
1082.85,94.05903576,94.0595659888078,94.0696487295084,94.0696487295084,94.0696450257886,94.174375,94.162491088358,94.0084838867188,94.0070766903217
1082.9,94.05901696,94.0593011165699,94.0693122677001,94.0693122677001,94.0693085842798,94.131425,94.1195953231192,94.0086059570312,94.0072211366797
1082.95,94.0589991,94.059036244332,94.0689758058917,94.0689758058917,94.0689721427711,94.088475,94.0766995578805,94.0087280273438,94.0073655830377
1083,94.05898124,94.0587713720941,94.0686393440833,94.0686393440833,94.0686357012623,94.06625,94.0545287926418,94.0088500976562,94.0075100293957
1083.05,94.05896338,94.0585064998562,94.0683028822748,94.0683028822748,94.0682992597536,94.06475,94.0530830274031,94.0089721679688,94.0076544757538
1083.1,94.05894552,94.0582416276183,94.0679664204664,94.0679664204664,94.0679628182448,94.06325,94.0516372621644,94.0090942382812,94.0077989221118
1083.15,94.05892766,94.0579767553804,94.0676299586581,94.0676299586581,94.0676263767361,94.06175,94.0501914969257,94.0092163085938,94.0079433684698
1083.2,94.05890886,94.0577118831425,94.0672934968497,94.0672934968497,94.0672899352274,94.06025,94.048745731687,94.0093383789062,94.0080878148278
1083.25,94.058891,94.0574470109046,94.0669570350413,94.0669570350413,94.0669534937186,94.05875,94.0472999664483,94.0094604492188,94.0082322611858
1083.3,94.05887314,94.0571821386667,94.0666205732329,94.0666205732329,94.0666170522098,94.05725,94.0458542012096,94.0095825195312,94.0083767075438
1083.35,94.05885528,94.0569172664288,94.0662841114245,94.0662841114245,94.0662806107011,94.05575,94.0444084359709,94.0097045898438,94.0085211539019
1083.4,94.05883742,94.0566523941909,94.0659476496161,94.0659476496161,94.0659441691924,94.05425,94.0429626707322,94.0098266601562,94.0086656002599
1083.45,94.05881956,94.056387521953,94.0656111878077,94.0656111878077,94.0656077276836,94.05275,94.0415169054935,94.0099487304688,94.0088100466179
1083.5,94.0588017,94.0561226497151,94.0652747259993,94.0652747259993,94.0652712861749,94.05125,94.0400711402548,94.0100708007812,94.0089544929759
1083.55,94.0587829,94.0558577774772,94.0649382641909,94.0649382641909,94.0649348446661,94.04975,94.0386253750161,94.0101928710938,94.0090989393339
1083.6,94.05876504,94.0555929052393,94.0646018023825,94.0646018023825,94.0645984031574,94.04825,94.0371796097774,94.0103149414062,94.009243385692
1083.65,94.05874718,94.0553280330014,94.0642653405741,94.0642653405741,94.0642619616486,94.04675,94.0357338445387,94.0104370117188,94.00938783205
1083.7,94.05872932,94.0550631607635,94.0639288787657,94.0639288787657,94.0639255201399,94.04525,94.0342880793,94.0105590820312,94.009532278408
1083.75,94.05871146,94.0547982885256,94.0635924169573,94.0635924169573,94.0635890786312,94.04375,94.0328423140613,94.0106811523438,94.009676724766
1083.8,94.0586936,94.0545334162877,94.0632559551489,94.0632559551489,94.0632526371224,94.04225,94.0313965488226,94.0108032226562,94.009821171124
1083.85,94.0586748,94.0542685440498,94.0629194933405,94.0629194933405,94.0629161956137,94.04075,94.0299507835839,94.0109252929688,94.0099656174821
1083.9,94.05865694,94.0540036718119,94.0625830315321,94.0625830315321,94.0625797541049,94.03925,94.0285050183452,94.0110473632812,94.0101100638401
1083.95,94.05863908,94.053738799574,94.0622465697237,94.0622465697237,94.0622433125962,94.03775,94.0270592531064,94.0111694335938,94.0102545101981
1084,94.05862122,94.0534739273361,94.0619101079153,94.0619101079153,94.0619068710874,94.03605,94.0254134878677,94.0112915039062,94.0103989565561
1084.05,94.05860336,94.0532090550982,94.0615736461069,94.0615736461069,94.0615704295787,94.03415,94.023567722629,94.0114135742188,94.0105434029141
1084.1,94.0585855,94.0529441828603,94.0612371842985,94.0612371842985,94.0612339880699,94.03225,94.0217219573903,94.0115356445312,94.0106878492722
1084.15,94.05856764,94.0526793106224,94.0609007224901,94.0609007224901,94.0608975465612,94.03035,94.0198761921516,94.0116577148438,94.0108322956302
1084.2,94.05854884,94.0524144383845,94.0605642606817,94.0605642606817,94.0605611050524,94.02845,94.0180304269129,94.0117797851562,94.0109767419882
1084.25,94.05853098,94.0521495661466,94.0602277988733,94.0602277988733,94.0602246635437,94.02655,94.0161846616742,94.0119018554688,94.0111211883462
1084.3,94.05851312,94.0518846939087,94.0598913370649,94.0598913370649,94.0598882220349,94.02465,94.0143388964355,94.0120239257812,94.0112656347042
1084.35,94.05849526,94.0516198216708,94.0595548752565,94.0595548752565,94.0595517805262,94.02275,94.0124931311968,94.0121459960938,94.0114100810623
1084.4,94.0584774,94.0513549494329,94.0592184134481,94.0592184134481,94.0592153390175,94.02085,94.0106473659581,94.0122680664062,94.0115545274203
1084.45,94.05845954,94.051090077195,94.0588819516397,94.0588819516397,94.0588788975087,94.01895,94.0088016007194,94.0123901367188,94.0116989737783
1084.5,94.05844074,94.0508252049571,94.0585454898313,94.0585454898313,94.058542456,94.01705,94.0069558354807,94.0125122070312,94.0118434201363
1084.55,94.05842288,94.0505603327192,94.0582090280229,94.0582090280229,94.0582060144912,94.01515,94.005110070242,94.0126342773438,94.0119878664943
1084.6,94.05840502,94.0502954604813,94.0578725662145,94.0578725662145,94.0578695729825,94.01325,94.0032643050033,94.0127563476562,94.0121323128523
1084.65,94.05838716,94.0500305882434,94.0575361044061,94.0575361044061,94.0575331314737,94.01135,94.0014185397646,94.0128784179688,94.0122767592104
1084.7,94.0583693,94.0497657160055,94.0571996425977,94.0571996425977,94.057196689965,94.00945,93.9995727745259,94.0130004882812,94.0124212055684
1084.75,94.05835144,94.0495008437676,94.0568631807893,94.0568631807893,94.0568602484562,94.00755,93.9977270092872,94.0131225585938,94.0125656519264
1084.8,94.05833264,94.0492359715297,94.0565267189809,94.0565267189809,94.0565238069475,94.00565,93.9958812440485,94.0132446289062,94.0127100982844
1084.85,94.05831478,94.0489710992917,94.0561902571725,94.0561902571725,94.0561873654387,94.00375,93.9940354788098,94.0133666992188,94.0128545446424
1084.9,94.05829692,94.0487062270538,94.0558537953641,94.0558537953641,94.05585092393,94.00185,93.9921897135711,94.0134887695312,94.0129989910005
1084.95,94.05827906,94.0484413548159,94.0555173335557,94.0555173335557,94.0555144824213,93.99995,93.9903439483324,94.0136108398438,94.0131434373585
1085,94.0582612,94.048176482578,94.0551808717473,94.0551808717473,94.0551780409125,93.999,93.9894481830936,94.0137329101562,94.0132878837165
1085.05,94.05824334,94.0479116103401,94.0548444099389,94.0548444099389,94.0548415994038,93.999,93.989502417855,94.0138549804688,94.0134323300745
1085.1,94.05822548,94.0476467381022,94.0545079481305,94.0545079481305,94.054505157895,93.999,93.9895566526162,94.0139770507812,94.0135767764325
1085.15,94.05820668,94.0473818658643,94.0541714863221,94.0541714863221,94.0541687163863,93.999,93.9896108873775,94.0140991210938,94.0137212227906
1085.2,94.05818882,94.0471169936264,94.0538350245137,94.0538350245137,94.0538322748775,93.999,93.9896651221388,94.0142211914062,94.0138656691486
1085.25,94.05817096,94.0468521213885,94.0534985627053,94.0534985627053,94.0534958333688,93.999,93.9897193569001,94.0143432617188,94.0140101155066
1085.3,94.0581531,94.0465872491506,94.0531621008969,94.0531621008969,94.05315939186,93.999,93.9897735916614,94.0144653320312,94.0141545618646
1085.35,94.05813524,94.0463223769127,94.0528256390885,94.0528256390885,94.0528229503513,93.999,93.9898278264227,94.0145874023438,94.0142990082226
1085.4,94.05811738,94.0460575046748,94.0524891772801,94.0524891772801,94.0524865088425,93.999,93.989882061184,94.0147094726562,94.0144434545807
1085.45,94.05809858,94.0457926324369,94.0521527154717,94.0521527154717,94.0521500673338,93.999,93.9899362959453,94.0148315429688,94.0145879009387
1085.5,94.05808072,94.045527760199,94.0518162536633,94.0518162536633,94.0518136258251,93.999,93.9899905307066,94.0149536132812,94.0147323472967
1085.55,94.05806286,94.0452628879611,94.0514797918549,94.0514797918549,94.0514771843163,93.999,93.9900447654679,94.0150756835938,94.0148767936547
1085.6,94.058045,94.0449980157232,94.0511433300465,94.0511433300465,94.0511407428076,93.999,93.9900990002292,94.0151977539062,94.0150212400127
1085.65,94.05802714,94.0447331434853,94.0508068682381,94.0508068682381,94.0508043012988,93.999,93.9901532349905,94.0153198242188,94.0151656863708
1085.7,94.05800928,94.0444682712474,94.0504704064297,94.0504704064297,94.0504678597901,93.999,93.9902074697518,94.0154418945312,94.0153101327288
1085.75,94.05799048,94.0442033990095,94.0501339446213,94.0501339446213,94.0501314182813,93.999,93.9902617045131,94.0155639648438,94.0154545790868
1085.8,94.05797262,94.0439385267716,94.0497974828129,94.0497974828129,94.0497949767726,93.999,93.9903159392744,94.0156860351562,94.0155990254448
1085.85,94.05795476,94.0436736545337,94.0494610210045,94.0494610210045,94.0494585352638,93.999,93.9903701740357,94.0158081054688,94.0157434718028
1085.9,94.0579369,94.0434087822958,94.0491245591961,94.0491245591961,94.0491220937551,93.999,93.990424408797,94.0159301757812,94.0158879181608
1085.95,94.05791904,94.0431439100579,94.0487880973877,94.0487880973877,94.0487856522464,93.999,93.9904786435583,94.0160522460938,94.0160323645189
1086,94.05790118,94.04287903782,94.0484516355793,94.0484516355793,94.0484492107376,93.999,93.9905328783196,94.0161743164062,94.0161768108769
1086.05,94.05788332,94.0426141655821,94.0481151737709,94.0481151737709,94.0481127692289,93.999,93.9905871130808,94.0162963867188,94.0163212572349
1086.1,94.05786452,94.0423492933442,94.0477787119625,94.0477787119625,94.0477763277201,93.999,93.9906413478421,94.0164184570312,94.0164657035929
1086.15,94.05784666,94.0420844211063,94.0474422501541,94.0474422501541,94.0474398862114,93.999,93.9906955826034,94.0165405273438,94.0166101499509
1086.2,94.0578288,94.0418195488684,94.0471057883457,94.0471057883457,94.0471034447026,93.999,93.9907498173647,94.0166625976562,94.016754596309
1086.25,94.05781094,94.0415546766305,94.0467693265373,94.0467693265373,94.0467670031939,93.999,93.990804052126,94.0167846679688,94.016899042667
1086.3,94.05779308,94.0412898043926,94.0464328647289,94.0464328647289,94.0464305616851,93.999,93.9908582868873,94.0169067382812,94.017043489025
1086.35,94.05777522,94.0410249321547,94.0460964029205,94.0460964029205,94.0460941201764,93.999,93.9909125216486,94.0170288085938,94.017187935383
1086.4,94.05775642,94.0407600599168,94.0457599411121,94.0457599411121,94.0457576786676,93.999,93.9909667564099,94.0171508789062,94.017332381741
1086.45,94.05773856,94.0404951876789,94.0454234793038,94.0454234793038,94.0454212371589,93.999,93.9910209911712,94.0172729492188,94.017476828099
1086.5,94.0577207,94.040230315441,94.0450870174953,94.0450870174953,94.0450847956502,93.999,93.9910752259325,94.0173950195312,94.0176212744571
1086.55,94.05770284,94.0399654432031,94.0447505556869,94.0447505556869,94.0447483541414,93.999,93.9911294606938,94.0175170898438,94.0177657208151
1086.6,94.05768498,94.0397005709652,94.0444140938785,94.0444140938785,94.0444119126327,93.999,93.9911836954551,94.0176391601562,94.0179101671731
1086.65,94.05766712,94.0394356987273,94.0440776320702,94.0440776320702,94.0440754711239,93.999,93.9912379302164,94.0177612304688,94.0180546135311
1086.7,94.05764926,94.0391708264894,94.0437411702618,94.0437411702618,94.0437390296152,93.999,93.9912921649777,94.0178833007812,94.0181990598892
1086.75,94.05763046,94.0389059542515,94.0434047084534,94.0434047084534,94.0434025881064,93.999,93.991346399739,94.0180053710938,94.0183435062472
1086.8,94.0576126,94.0386410820136,94.0430682466449,94.0430682466449,94.0430661465977,93.999,93.9914006345003,94.0181274414062,94.0184879526052
1086.85,94.05759474,94.0383762097757,94.0427317848366,94.0427317848366,94.0427297050889,93.999,93.9914548692616,94.0182495117188,94.0186323989632
1086.9,94.05757688,94.0381113375378,94.0423953230282,94.0423953230282,94.0423932635802,93.999,93.9915091040229,94.0183715820312,94.0187768453212
1086.95,94.05755902,94.0378464652999,94.0420588612198,94.0420588612198,94.0420568220714,93.999,93.9915633387842,94.0184936523438,94.0189212916792
1087,94.05754116,94.037706593062,94.0418473994114,94.0418473994114,94.0418453805627,93.99935,93.9919675735455,94.0186157226562,94.0190657380373
1087.05,94.05752236,94.0376917208241,94.041760937603,94.041760937603,94.041758939054,94.00005,93.9927218083068,94.0187377929688,94.0192101843953
1087.1,94.0575045,94.0376768485862,94.0416744757946,94.0416744757946,94.0416724975452,94.00075,93.993476043068,94.0188598632812,94.0193546307533
1087.15,94.05748664,94.0376619763483,94.0415880139862,94.0415880139862,94.0415860560365,94.00145,93.9942302778293,94.0189819335938,94.0194990771113
1087.2,94.05746878,94.0376471041104,94.0415015521778,94.0415015521778,94.0414996145277,94.00215,93.9949845125906,94.0191040039062,94.0196435234693
1087.25,94.05745092,94.0376322318725,94.0414150903694,94.0414150903694,94.041413173019,94.00285,93.9957387473519,94.0192260742188,94.0197879698274
1087.3,94.05743306,94.0376173596346,94.041328628561,94.041328628561,94.0413267315102,94.00355,93.9964929821132,94.0193481445312,94.0199324161854
1087.35,94.05741426,94.0376024873967,94.0412421667526,94.0412421667526,94.0412402900015,94.00425,93.9972472168745,94.0194702148438,94.0200768625434
1087.4,94.0573964,94.0375876151588,94.0411557049442,94.0411557049442,94.0411538484927,94.00495,93.9980014516358,94.0195922851562,94.0202213089014
1087.45,94.05737854,94.0375727429209,94.0410692431358,94.0410692431358,94.041067406984,94.00565,93.9987556863971,94.0197143554688,94.0203657552594
1087.5,94.05736068,94.037557870683,94.0409827813274,94.0409827813274,94.0409809654753,94.00635,93.9995099211584,94.0198364257812,94.0205102016175
1087.55,94.05734282,94.037542998445,94.040896319519,94.040896319519,94.0408945239665,94.00705,94.0002641559197,94.0199584960938,94.0206546479755
1087.6,94.05732496,94.0375281262071,94.0408098577106,94.0408098577106,94.0408080824578,94.00775,94.001018390681,94.0200805664062,94.0207990943335
1087.65,94.0573071,94.0375132539693,94.0407233959022,94.0407233959022,94.040721640949,94.00845,94.0017726254423,94.0202026367188,94.0209435406915
1087.7,94.0572883,94.0374983817314,94.0406369340938,94.0406369340938,94.0406351994403,94.00915,94.0025268602036,94.0203247070312,94.0210879870495
1087.75,94.05727044,94.0374835094934,94.0405504722854,94.0405504722854,94.0405487579315,94.00985,94.0032810949649,94.0204467773438,94.0212324334075
1087.8,94.05725258,94.0374686372555,94.040464010477,94.040464010477,94.0404623164228,94.01055,94.0040353297262,94.0205688476562,94.0213768797656
1087.85,94.05723472,94.0374537650176,94.0403775486686,94.0403775486686,94.040375874914,94.01125,94.0047895644875,94.0206909179688,94.0215213261236
1087.9,94.05721686,94.0374388927797,94.0402910868602,94.0402910868602,94.0402894334053,94.01195,94.0055437992488,94.0208129882812,94.0216657724816
1087.95,94.057199,94.0374240205418,94.0402046250518,94.0402046250518,94.0402029918965,94.01265,94.0062980340101,94.0209350585938,94.0218102188396
1088,94.0571802,94.0374091483039,94.0401181632434,94.0401181632434,94.0401165503878,94.01335,94.0070522687714,94.0210571289062,94.0219546651977
1088.05,94.05716234,94.037394276066,94.040031701435,94.040031701435,94.0400301088791,94.01405,94.0078065035327,94.0211791992188,94.0220991115557
1088.1,94.05714448,94.0373794038281,94.0399452396266,94.0399452396266,94.0399436673703,94.01475,94.008560738294,94.0213012695312,94.0222435579137
1088.15,94.05712662,94.0373645315902,94.0398587778182,94.0398587778182,94.0398572258616,94.01545,94.0093149730553,94.0214233398438,94.0223880042717
1088.2,94.05710876,94.0373496593523,94.0397723160098,94.0397723160098,94.0397707843528,94.01615,94.0100692078165,94.0215454101562,94.0225324506297
1088.25,94.0570909,94.0373347871144,94.0396858542014,94.0396858542014,94.0396843428441,94.01685,94.0108234425778,94.0216674804688,94.0226768969877
1088.3,94.05707304,94.0373199148765,94.039599392393,94.039599392393,94.0395979013353,94.01755,94.0115776773391,94.0217895507812,94.0228213433458
1088.35,94.05705424,94.0373050426386,94.0395129305846,94.0395129305846,94.0395114598266,94.01825,94.0123319121004,94.0219116210938,94.0229657897038
1088.4,94.05703638,94.0372901704007,94.0394264687762,94.0394264687762,94.0394250183178,94.01895,94.0130861468617,94.0220336914062,94.0231102360618
1088.45,94.05701852,94.0372752981628,94.0393400069678,94.0393400069678,94.0393385768091,94.01965,94.013840381623,94.0221557617188,94.0232546824198
1088.5,94.05700066,94.0372604259249,94.0392535451594,94.0392535451594,94.0392521353003,94.02035,94.0145946163843,94.0222778320312,94.0233991287778
1088.55,94.0569828,94.037245553687,94.039167083351,94.039167083351,94.0391656937916,94.02105,94.0153488511456,94.0223999023438,94.0235435751359
1088.6,94.05696494,94.0372306814491,94.0390806215426,94.0390806215426,94.0390792522828,94.02175,94.0161030859069,94.0225219726562,94.0236880214939
1088.65,94.05694614,94.0372158092112,94.0389941597342,94.0389941597342,94.0389928107741,94.02245,94.0168573206682,94.0226440429688,94.0238324678519
1088.7,94.05692828,94.0372009369733,94.0389076979258,94.0389076979258,94.0389063692654,94.02315,94.0176115554295,94.0227661132812,94.0239769142099
1088.75,94.05691042,94.0371860647354,94.0388212361174,94.0388212361174,94.0388199277566,94.02385,94.0183657901908,94.0228881835938,94.0241213605679
1088.8,94.05689256,94.0371711924975,94.038734774309,94.038734774309,94.0387334862479,94.02455,94.0191200249521,94.0230102539062,94.024265806926
1088.85,94.0568747,94.0371563202596,94.0386483125006,94.0386483125006,94.0386470447391,94.02525,94.0198742597134,94.0231323242188,94.024410253284
1088.9,94.05685684,94.0371414480217,94.0385618506922,94.0385618506922,94.0385606032304,94.02595,94.0206284944747,94.0232543945312,94.024554699642
1088.95,94.05683804,94.0371265757838,94.0384753888838,94.0384753888838,94.0384741617216,94.02665,94.021382729236,94.0233764648438,94.024699146
1089,94.05682018,94.0371117035459,94.0383889270754,94.0383889270754,94.0383877202129,94.027075,94.0218619639973,94.023486328125,94.0248313853268
1089.05,94.05680232,94.037096831308,94.038302465267,94.038302465267,94.0383012787041,94.027225,94.0220661987586,94.023583984375,94.0249514176223
1089.1,94.05678446,94.0370819590701,94.0382160034586,94.0382160034586,94.0382148371954,94.027375,94.0222704335199,94.023681640625,94.0250714499178
1089.15,94.0567666,94.0370670868322,94.0381295416502,94.0381295416502,94.0381283956867,94.027525,94.0224746682811,94.023779296875,94.0251914822133
1089.2,94.05674874,94.0370522145943,94.0380430798418,94.0380430798418,94.0380419541779,94.027675,94.0226789030424,94.023876953125,94.0253115145089
1089.25,94.05673088,94.0370373423564,94.0379566180334,94.0379566180334,94.0379555126692,94.027825,94.0228831378037,94.023974609375,94.0254315468044
1089.3,94.05671208,94.0370224701185,94.037870156225,94.037870156225,94.0378690711604,94.027975,94.023087372565,94.024072265625,94.0255515790999
1089.35,94.05669422,94.0370075978806,94.0377836944166,94.0377836944166,94.0377826296517,94.028125,94.0232916073263,94.024169921875,94.0256716113954
1089.4,94.05667636,94.0369927256427,94.0376972326082,94.0376972326082,94.0376961881429,94.028275,94.0234958420876,94.024267578125,94.0257916436909
1089.45,94.0566585,94.0369778534048,94.0376107707998,94.0376107707998,94.0376097466342,94.028425,94.0237000768489,94.024365234375,94.0259116759864
1089.5,94.05664064,94.0369629811669,94.0375243089914,94.0375243089914,94.0375233051254,94.028575,94.0239043116102,94.024462890625,94.026031708282
1089.55,94.05662278,94.036948108929,94.037437847183,94.037437847183,94.0374368636167,94.028725,94.0241085463715,94.024560546875,94.0261517405775
1089.6,94.05660398,94.0369332366911,94.0373513853746,94.0373513853746,94.0373504221079,94.028875,94.0243127811328,94.024658203125,94.026271772873
1089.65,94.05658612,94.0369183644532,94.0372649235662,94.0372649235662,94.0372639805992,94.029025,94.0245170158941,94.024755859375,94.0263918051685
1089.7,94.05656826,94.0369034922153,94.0371784617578,94.0371784617578,94.0371775390905,94.029175,94.0247212506554,94.024853515625,94.026511837464
1089.75,94.0565504,94.0368886199774,94.0370919999494,94.0370919999494,94.0370910975817,94.029325,94.0249254854167,94.024951171875,94.0266318697596
1089.8,94.05653254,94.0368737477395,94.037005538141,94.037005538141,94.037004656073,94.029475,94.025129720178,94.025048828125,94.0267519020551
1089.85,94.05651468,94.0368588755016,94.0369190763326,94.0369190763326,94.0369182145642,94.029625,94.0253339549393,94.025146484375,94.0268719343506
1089.9,94.05649588,94.0368440032637,94.0368326145242,94.0368326145242,94.0368317730555,94.029775,94.0255381897006,94.025244140625,94.0269919666461
1089.95,94.05647802,94.0368291310258,94.0367461527158,94.0367461527158,94.0367453315467,94.029925,94.0257424244619,94.025341796875,94.0271119989416
1090,94.05646016,94.0368142587879,94.0366596909074,94.0366596909074,94.036658890038,94.03005,94.0259216592232,94.025439453125,94.0272320312372
1090.05,94.0564423,94.0368106371848,94.0366307592765,94.0366307592765,94.0366299853701,94.03015,94.026047966876,94.025537109375,94.0273342704697
1090.1,94.05642444,94.0368070155818,94.0366018276456,94.0366018276456,94.0366010807022,94.03025,94.0261742745289,94.025634765625,94.0274365097022
1090.15,94.05640658,94.0368033939788,94.0365728960146,94.0365728960146,94.0365721760342,94.03035,94.0263005821817,94.025732421875,94.0275387489347
1090.2,94.05638872,94.0367997723757,94.0365439643837,94.0365439643837,94.0365432713663,94.03045,94.0264268898346,94.025830078125,94.0276409881672
1090.25,94.05636992,94.0367961507727,94.0365150327528,94.0365150327528,94.0365143666984,94.03055,94.0265531974874,94.025927734375,94.0277432273997
1090.3,94.05635206,94.0367925291697,94.0364861011219,94.0364861011219,94.0364854620305,94.03065,94.0266795051403,94.026025390625,94.0278454666322
1090.35,94.0563342,94.0367889075667,94.0364571694909,94.0364571694909,94.0364565573626,94.03075,94.0268058127931,94.026123046875,94.0279477058647
1090.4,94.05631634,94.0367852859636,94.03642823786,94.03642823786,94.0364276526947,94.03085,94.0269321204459,94.026220703125,94.0280499450972
1090.45,94.05629848,94.0367816643606,94.0363993062291,94.0363993062291,94.0363987480268,94.03095,94.0270584280988,94.026318359375,94.0281521843297
1090.5,94.05628062,94.0367780427576,94.0363703745981,94.0363703745981,94.0363698433589,94.03105,94.0271847357516,94.026416015625,94.0282544235622
1090.55,94.05626182,94.0367744211545,94.0363414429672,94.0363414429672,94.0363409386909,94.03115,94.0273110434045,94.026513671875,94.0283566627947
1090.6,94.05624396,94.0367707995515,94.0363125113363,94.0363125113363,94.036312034023,94.03125,94.0274373510573,94.026611328125,94.0284589020272
1090.65,94.0562261,94.0367671779485,94.0362835797053,94.0362835797053,94.0362831293551,94.03135,94.0275636587102,94.026708984375,94.0285611412597
1090.7,94.05620824,94.0367635563455,94.0362546480744,94.0362546480744,94.0362542246872,94.03145,94.027689966363,94.026806640625,94.0286633804922
1090.75,94.05619038,94.0367599347424,94.0362257164435,94.0362257164435,94.0362253200193,94.03155,94.0278162740159,94.026904296875,94.0287656197247
1090.8,94.05617252,94.0367563131394,94.0361967848125,94.0361967848125,94.0361964153514,94.03165,94.0279425816687,94.027001953125,94.0288678589572
1090.85,94.05615466,94.0367526915364,94.0361678531816,94.0361678531816,94.0361675106835,94.03175,94.0280688893216,94.027099609375,94.0289700981898
1090.9,94.05613586,94.0367490699333,94.0361389215507,94.0361389215507,94.0361386060155,94.03185,94.0281951969744,94.027197265625,94.0290723374223
1090.95,94.056118,94.0367454483303,94.0361099899198,94.0361099899198,94.0361097013476,94.03195,94.0283215046273,94.027294921875,94.0291745766548
1091,94.05610014,94.0367418267273,94.0360810582888,94.0360810582888,94.0360807966797,94.032,94.0283978122801,94.027392578125,94.0292768158873
1091.05,94.05608228,94.0367382051243,94.0360521266579,94.0360521266579,94.0360518920118,94.032,94.028424119933,94.027490234375,94.0293790551198
1091.1,94.05606442,94.0367345835212,94.036023195027,94.036023195027,94.0360229873439,94.032,94.0284504275858,94.027587890625,94.0294812943523
1091.15,94.05604656,94.0367309619182,94.035994263396,94.035994263396,94.035994082676,94.032,94.0284767352386,94.027685546875,94.0295835335848
1091.2,94.05602776,94.0367273403152,94.0359653317651,94.0359653317651,94.0359651780081,94.032,94.0285030428915,94.027783203125,94.0296857728173
1091.25,94.0560099,94.0367237187121,94.0359364001342,94.0359364001342,94.0359362733402,94.032,94.0285293505443,94.027880859375,94.0297880120498
1091.3,94.05599204,94.0367200971091,94.0359074685032,94.0359074685032,94.0359073686722,94.032,94.0285556581972,94.027978515625,94.0298902512823
1091.35,94.05597418,94.0367164755061,94.0358785368723,94.0358785368723,94.0358784640043,94.032,94.02858196585,94.028076171875,94.0299924905148
1091.4,94.05595632,94.0367128539031,94.0358496052414,94.0358496052414,94.0358495593364,94.032,94.0286082735029,94.028173828125,94.0300947297473
1091.45,94.05593846,94.0367092323,94.0358206736104,94.0358206736104,94.0358206546685,94.032,94.0286345811557,94.028271484375,94.0301969689798
1091.5,94.05591966,94.036705610697,94.0357917419795,94.0357917419795,94.0357917500006,94.032,94.0286608888086,94.028369140625,94.0302992082123
1091.55,94.0559018,94.036701989094,94.0357628103486,94.0357628103486,94.0357628453327,94.032,94.0286871964614,94.028466796875,94.0304014474448
1091.6,94.05588394,94.0366983674909,94.0357338787177,94.0357338787177,94.0357339406648,94.032,94.0287135041143,94.028564453125,94.0305036866773
1091.65,94.05586608,94.0366947458879,94.0357049470867,94.0357049470867,94.0357050359968,94.032,94.0287398117671,94.028662109375,94.0306059259098
1091.7,94.05584822,94.0366911242849,94.0356760154558,94.0356760154558,94.0356761313289,94.032,94.02876611942,94.028759765625,94.0307081651423
1091.75,94.05583036,94.0366875026818,94.0356470838249,94.0356470838249,94.035647226661,94.032,94.0287924270728,94.028857421875,94.0308104043748
1091.8,94.0558125,94.0366838810788,94.0356181521939,94.0356181521939,94.0356183219931,94.032,94.0288187347256,94.028955078125,94.0309126436074
1091.85,94.0557937,94.0366802594758,94.035589220563,94.035589220563,94.0355894173252,94.032,94.0288450423785,94.029052734375,94.0310148828399
1091.9,94.05577584,94.0366766378728,94.0355602889321,94.0355602889321,94.0355605126573,94.032,94.0288713500313,94.029150390625,94.0311171220724
1091.95,94.05575798,94.0366730162697,94.0355313573011,94.0355313573011,94.0355316079894,94.032,94.0288976576842,94.029248046875,94.0312193613049
1092,94.05574012,94.0366693946667,94.0355024256702,94.0355024256702,94.0355027033215,94.0321,94.029023965337,94.029345703125,94.0313216005374
1092.05,94.05572226,94.0366657730637,94.0354734940393,94.0354734940393,94.0354737986535,94.0323,94.0292502729899,94.029443359375,94.0314238397699
1092.1,94.0557044,94.0366621514606,94.0354445624084,94.0354445624084,94.0354448939856,94.0325,94.0294765806427,94.029541015625,94.0315260790024
1092.15,94.0556856,94.0366585298576,94.0354156307774,94.0354156307774,94.0354159893177,94.0327,94.0297028882956,94.029638671875,94.0316283182349
1092.2,94.05566774,94.0366549082546,94.0353866991465,94.0353866991465,94.0353870846498,94.0329,94.0299291959484,94.029736328125,94.0317305574674
1092.25,94.05564988,94.0366512866515,94.0353577675156,94.0353577675156,94.0353581799819,94.0331,94.0301555036013,94.029833984375,94.0318327966999
1092.3,94.05563202,94.0366476650485,94.0353288358846,94.0353288358846,94.035329275314,94.0333,94.0303818112541,94.029931640625,94.0319350359324
1092.35,94.05561416,94.0366440434455,94.0352999042537,94.0352999042537,94.0353003706461,94.0335,94.030608118907,94.030029296875,94.0320372751649
1092.4,94.0555963,94.0366404218425,94.0352709726228,94.0352709726228,94.0352714659781,94.0337,94.0308344265598,94.030126953125,94.0321395143974
1092.45,94.05557844,94.0366368002394,94.0352420409918,94.0352420409918,94.0352425613102,94.0339,94.0310607342127,94.030224609375,94.0322417536299
1092.5,94.05555964,94.0366331786364,94.0352131093609,94.0352131093609,94.0352136566423,94.0341,94.0312870418655,94.030322265625,94.0323439928624
1092.55,94.05554178,94.0366295570334,94.03518417773,94.03518417773,94.0351847519744,94.0343,94.0315133495183,94.030419921875,94.0324462320949
1092.6,94.05552392,94.0366259354304,94.035155246099,94.035155246099,94.0351558473065,94.0345,94.0317396571712,94.030517578125,94.0325484713274
1092.65,94.05550606,94.0366223138273,94.0351263144681,94.0351263144681,94.0351269426386,94.0347,94.031965964824,94.030615234375,94.0326507105599
1092.7,94.0554882,94.0366186922243,94.0350973828372,94.0350973828372,94.0350980379707,94.0349,94.0321922724769,94.030712890625,94.0327529497925
1092.75,94.05547034,94.0366150706213,94.0350684512063,94.0350684512063,94.0350691333028,94.0351,94.0324185801297,94.030810546875,94.032855189025
1092.8,94.05545154,94.0366114490182,94.0350395195753,94.0350395195753,94.0350402286348,94.0353,94.0326448877826,94.030908203125,94.0329574282575
1092.85,94.05543368,94.0366078274152,94.0350105879444,94.0350105879444,94.0350113239669,94.0355,94.0328711954354,94.031005859375,94.03305966749
1092.9,94.05541582,94.0366042058122,94.0349816563135,94.0349816563135,94.034982419299,94.0357,94.0330975030883,94.031103515625,94.0331619067225
1092.95,94.05539796,94.0366005842091,94.0349527246825,94.0349527246825,94.0349535146311,94.0359,94.0333238107411,94.031201171875,94.033264145955
1093,94.0553801,94.0365969626061,94.0349237930516,94.0349237930516,94.0349246099632,94.036375,94.033825118394,94.031298828125,94.0333663851875
1093.05,94.05536224,94.0365933410031,94.0348948614207,94.0348948614207,94.0348957052953,94.037125,94.0346014260468,94.031396484375,94.03346862442
1093.1,94.05534344,94.0365897194001,94.0348659297897,94.0348659297897,94.0348668006274,94.037875,94.0353777336997,94.031494140625,94.0335708636525
1093.15,94.05532558,94.036586097797,94.0348369981588,94.0348369981588,94.0348378959595,94.038625,94.0361540413525,94.031591796875,94.033673102885
1093.2,94.05530772,94.036582476194,94.0348080665279,94.0348080665279,94.0348089912915,94.039375,94.0369303490053,94.031689453125,94.0337753421175
1093.25,94.05528986,94.036578854591,94.034779134897,94.034779134897,94.0347800866236,94.040125,94.0377066566582,94.031787109375,94.03387758135
1093.3,94.055272,94.0365752329879,94.034750203266,94.034750203266,94.0347511819557,94.040875,94.038482964311,94.031884765625,94.0339798205825
1093.35,94.05525414,94.0365716113849,94.0347212716351,94.0347212716351,94.0347222772878,94.041625,94.0392592719639,94.031982421875,94.034082059815
1093.4,94.05523628,94.0365679897819,94.0346923400042,94.0346923400042,94.0346933726199,94.042375,94.0400355796167,94.032080078125,94.0341842990475
1093.45,94.05521748,94.0365643681789,94.0346634083732,94.0346634083732,94.034664467952,94.043125,94.0408118872696,94.032177734375,94.03428653828
1093.5,94.05519962,94.0365607465758,94.0346344767423,94.0346344767423,94.0346355632841,94.043875,94.0415881949224,94.032275390625,94.0343887775125
1093.55,94.05518176,94.0365571249728,94.0346055451114,94.0346055451114,94.0346066586161,94.044625,94.0423645025753,94.032373046875,94.034491016745
1093.6,94.0551639,94.0365535033698,94.0345766134804,94.0345766134804,94.0345777539482,94.045375,94.0431408102281,94.032470703125,94.0345932559775
1093.65,94.05514604,94.0365498817667,94.0345476818495,94.0345476818495,94.0345488492803,94.046125,94.043917117881,94.032568359375,94.03469549521
1093.7,94.05512818,94.0365462601637,94.0345187502186,94.0345187502186,94.0345199446124,94.046875,94.0446934255338,94.032666015625,94.0347977344426
1093.75,94.05510938,94.0365426385607,94.0344898185876,94.0344898185876,94.0344910399445,94.047625,94.0454697331867,94.032763671875,94.0348999736751
1093.8,94.05509152,94.0365390169576,94.0344608869567,94.0344608869567,94.0344621352766,94.048375,94.0462460408395,94.032861328125,94.0350022129076
1093.85,94.05507366,94.0365353953546,94.0344319553258,94.0344319553258,94.0344332306087,94.049125,94.0470223484924,94.032958984375,94.0351044521401
1093.9,94.0550558,94.0365317737516,94.0344030236948,94.0344030236948,94.0344043259408,94.049875,94.0477986561452,94.033056640625,94.0352066913726
1093.95,94.05503794,94.0365281521486,94.0343740920639,94.0343740920639,94.0343754212728,94.050625,94.048574963798,94.033154296875,94.0353089306051
1094,94.05502008,94.0365245305455,94.034345160433,94.034345160433,94.0343465166049,94.051,94.0489762714509,94.033251953125,94.0354111698376
1094.05,94.05500128,94.0365209089425,94.0343162288021,94.0343162288021,94.034317611937,94.051,94.0490025791037,94.033349609375,94.0355134090701
1094.1,94.05498342,94.0365172873395,94.0342872971711,94.0342872971711,94.0342887072691,94.051,94.0490288867566,94.033447265625,94.0356156483026
1094.15,94.05496556,94.0365136657364,94.0342583655402,94.0342583655402,94.0342598026012,94.051,94.0490551944094,94.033544921875,94.0357178875351
1094.2,94.0549477,94.0365100441334,94.0342294339093,94.0342294339093,94.0342308979333,94.051,94.0490815020623,94.033642578125,94.0358201267676
1094.25,94.05492984,94.0365064225304,94.0342005022783,94.0342005022783,94.0342019932654,94.051,94.0491078097151,94.033740234375,94.0359223660001
1094.3,94.05491198,94.0365028009274,94.0341715706474,94.0341715706474,94.0341730885974,94.051,94.049134117368,94.033837890625,94.0360246052326
1094.35,94.05489412,94.0364991793243,94.0341426390165,94.0341426390165,94.0341441839295,94.051,94.0491604250208,94.033935546875,94.0361268444651
1094.4,94.05487532,94.0364955577213,94.0341137073855,94.0341137073855,94.0341152792616,94.051,94.0491867326737,94.034033203125,94.0362290836976
1094.45,94.05485746,94.0364919361183,94.0340847757546,94.0340847757546,94.0340863745937,94.051,94.0492130403265,94.034130859375,94.0363313229301
1094.5,94.0548396,94.0364883145152,94.0340558441237,94.0340558441237,94.0340574699258,94.051,94.0492393479794,94.034228515625,94.0364335621626
1094.55,94.05482174,94.0364846929122,94.0340269124927,94.0340269124927,94.0340285652579,94.051,94.0492656556322,94.034326171875,94.0365358013951
1094.6,94.05480388,94.0364810713092,94.0339979808618,94.0339979808618,94.03399966059,94.051,94.0492919632851,94.034423828125,94.0366380406277
1094.65,94.05478602,94.0364774497062,94.0339690492309,94.0339690492309,94.0339707559221,94.051,94.0493182709379,94.034521484375,94.0367402798602
1094.7,94.05476722,94.0364738281031,94.0339401176,94.0339401176,94.0339418512541,94.051,94.0493445785907,94.034619140625,94.0368425190927
1094.75,94.05474936,94.0364702065001,94.033911185969,94.033911185969,94.0339129465862,94.051,94.0493708862436,94.034716796875,94.0369447583252
1094.8,94.0547315,94.0364665848971,94.0338822543381,94.0338822543381,94.0338840419183,94.051,94.0493971938964,94.034814453125,94.0370469975577
1094.85,94.05471364,94.036462963294,94.0338533227072,94.0338533227072,94.0338551372504,94.051,94.0494235015493,94.034912109375,94.0371492367902
1094.9,94.05469578,94.036459341691,94.0338243910762,94.0338243910762,94.0338262325825,94.051,94.0494498092021,94.035009765625,94.0372514760227
1094.95,94.05467792,94.036455720088,94.0337954594453,94.0337954594453,94.0337973279146,94.051,94.049476116855,94.035107421875,94.0373537152552
1095,94.05466006,94.0364520984849,94.0337665278144,94.0337665278144,94.0337684232467,94.051,94.0495024245078,94.035205078125,94.0374559544877
1095.05,94.05464126,94.0364484768819,94.0337375961834,94.0337375961834,94.0337395185787,94.051,94.0495287321607,94.035302734375,94.0375581937202
1095.1,94.0546234,94.0364448552789,94.0337086645525,94.0337086645525,94.0337106139108,94.051,94.0495550398135,94.035400390625,94.0376604329527
1095.15,94.05460554,94.0364412336759,94.0336797329216,94.0336797329216,94.0336817092429,94.051,94.0495813474664,94.035498046875,94.0377626721852
1095.2,94.05458768,94.0364376120728,94.0336508012906,94.0336508012906,94.033652804575,94.051,94.0496076551192,94.035595703125,94.0378649114177
1095.25,94.05456982,94.0364339904698,94.0336218696597,94.0336218696597,94.0336238999071,94.051,94.0496339627721,94.035693359375,94.0379671506502
1095.3,94.05455196,94.0364303688668,94.0335929380288,94.0335929380288,94.0335949952392,94.051,94.0496602704249,94.035791015625,94.0380693898827
1095.35,94.05453316,94.0364267472637,94.0335640063979,94.0335640063979,94.0335660905713,94.051,94.0496865780778,94.035888671875,94.0381716291152
1095.4,94.0545153,94.0364231256607,94.0335350747669,94.0335350747669,94.0335371859034,94.051,94.0497128857306,94.035986328125,94.0382738683477
1095.45,94.05449744,94.0364195040577,94.033506143136,94.033506143136,94.0335082812354,94.051,94.0497391933834,94.036083984375,94.0383761075802
1095.5,94.05447958,94.0364158824546,94.0334772115051,94.0334772115051,94.0334793765675,94.051,94.0497655010363,94.036181640625,94.0384783468128
1095.55,94.0544636,94.0364122608516,94.0334482798741,94.0334482798741,94.0334504718996,94.051,94.0497918086891,94.036279296875,94.0385805860453
1095.6,94.05445702,94.0364086392486,94.0334193482432,94.0334193482432,94.0334215672317,94.051,94.049818116342,94.036376953125,94.0386828252778
1095.65,94.05445702,94.0364050176456,94.0333904166123,94.0333904166123,94.0333926625638,94.051,94.0498444239948,94.036474609375,94.0387850645103
1095.7,94.05445702,94.0364013960425,94.0333614849813,94.0333614849813,94.0333637578959,94.051,94.0498707316477,94.036572265625,94.0388873037428
1095.75,94.05445702,94.0363977744395,94.0333325533504,94.0333325533504,94.033334853228,94.051,94.0498970393005,94.036669921875,94.0389895429753
1095.8,94.05445702,94.0363941528365,94.0333036217195,94.0333036217195,94.03330594856,94.051,94.0499233469534,94.036767578125,94.0390917822078
1095.85,94.05445702,94.0363905312335,94.0332746900885,94.0332746900885,94.0332770438921,94.051,94.0499496546062,94.036865234375,94.0391940214403
1095.9,94.05445702,94.0363869096304,94.0332457584576,94.0332457584576,94.0332481392242,94.051,94.0499759622591,94.036962890625,94.0392962606728
1095.95,94.05445702,94.0363832880274,94.0332168268267,94.0332168268267,94.0332192345563,94.051,94.0500022699119,94.037060546875,94.0393984999053
1096,94.05445702,94.0363796664244,94.0331878951958,94.0331878951958,94.0331903298884,94.0507,94.0497285775648,94.037158203125,94.0395007391378
1096.05,94.05445702,94.0363760448213,94.0331589635648,94.0331589635648,94.0331614252205,94.0501,94.0491548852176,94.037255859375,94.0396029783703
1096.1,94.05445702,94.0363724232183,94.0331300319339,94.0331300319339,94.0331325205526,94.0495,94.0485811928705,94.037353515625,94.0397052176028
1096.15,94.05445702,94.0363688016153,94.033101100303,94.033101100303,94.0331036158847,94.0489,94.0480075005233,94.037451171875,94.0398074568353
1096.2,94.05445702,94.0363651800122,94.033072168672,94.033072168672,94.0330747112167,94.0483,94.0474338081762,94.037548828125,94.0399096960678
1096.25,94.05445702,94.0363615584092,94.0330432370411,94.0330432370411,94.0330458065488,94.0477,94.046860115829,94.037646484375,94.0400119353003
1096.3,94.05445702,94.0363579368062,94.0330143054102,94.0330143054102,94.0330169018809,94.0471,94.0462864234818,94.037744140625,94.0401141745328
1096.35,94.05445702,94.0363543152032,94.0329853737792,94.0329853737792,94.032987997213,94.0465,94.0457127311347,94.037841796875,94.0402164137653
1096.4,94.05445702,94.0363506936001,94.0329564421483,94.0329564421483,94.0329590925451,94.0459,94.0451390387875,94.037939453125,94.0403186529978
1096.45,94.05445702,94.0363470719971,94.0329275105174,94.0329275105174,94.0329301878772,94.0453,94.0445653464404,94.038037109375,94.0404208922303
1096.5,94.05445702,94.0363434503941,94.0328985788864,94.0328985788864,94.0329012832093,94.0447,94.0439916540932,94.038134765625,94.0405231314628
1096.55,94.05445702,94.036339828791,94.0328696472555,94.0328696472555,94.0328723785413,94.0441,94.0434179617461,94.038232421875,94.0406253706954
1096.6,94.05445702,94.036336207188,94.0328407156246,94.0328407156246,94.0328434738734,94.0435,94.0428442693989,94.038330078125,94.0407276099279
1096.65,94.05445702,94.036332585585,94.0328117839937,94.0328117839937,94.0328145692055,94.0429,94.0422705770518,94.038427734375,94.0408298491604
1096.7,94.05445702,94.036328963982,94.0327828523627,94.0327828523627,94.0327856645376,94.0423,94.0416968847046,94.038525390625,94.0409320883929
1096.75,94.05445702,94.0363253423789,94.0327539207318,94.0327539207318,94.0327567598697,94.0417,94.0411231923575,94.038623046875,94.0410343276254
1096.8,94.05445702,94.0363217207759,94.0327249891009,94.0327249891009,94.0327278552018,94.0411,94.0405495000103,94.038720703125,94.0411365668579
1096.85,94.05445702,94.0363180991729,94.0326960574699,94.0326960574699,94.0326989505339,94.0405,94.0399758076632,94.038818359375,94.0412388060904
1096.9,94.05445702,94.0363144775698,94.032667125839,94.032667125839,94.032670045866,94.0399,94.039402115316,94.038916015625,94.0413410453229
1096.95,94.05445702,94.0363108559668,94.0326381942081,94.0326381942081,94.032641141198,94.0393,94.0388284229688,94.039013671875,94.0414432845554
1097,94.05445702,94.0363072343638,94.0326092625771,94.0326092625771,94.0326122365301,94.038725,94.0382797306217,94.0390258789062,94.0414600745692
1097.05,94.05445702,94.0363036127607,94.0325803309462,94.0325803309462,94.0325833318622,94.038175,94.0377560382745,94.0389526367187,94.0413914153642
1097.1,94.05445702,94.0362999911577,94.0325513993153,94.0325513993153,94.0325544271943,94.037625,94.0372323459274,94.0388793945312,94.0413227561592
1097.15,94.05445702,94.0362963695547,94.0325224676843,94.0325224676843,94.0325255225264,94.037075,94.0367086535802,94.0388061523438,94.0412540969542
1097.2,94.05445702,94.0362927479517,94.0324935360534,94.0324935360534,94.0324966178585,94.036525,94.0361849612331,94.0387329101563,94.0411854377492
1097.25,94.05445702,94.0362891263486,94.0324646044225,94.0324646044225,94.0324677131906,94.035975,94.0356612688859,94.0386596679687,94.0411167785442
1097.3,94.05445702,94.0362855047456,94.0324356727916,94.0324356727916,94.0324388085226,94.035425,94.0351375765388,94.0385864257812,94.0410481193392
1097.35,94.05445702,94.0362818831426,94.0324067411606,94.0324067411606,94.0324099038547,94.034875,94.0346138841916,94.0385131835938,94.0409794601342
1097.4,94.05445702,94.0362782615396,94.0323778095297,94.0323778095297,94.0323809991868,94.034325,94.0340901918445,94.0384399414063,94.0409108009292
1097.45,94.05445702,94.0362746399365,94.0323488778988,94.0323488778988,94.0323520945189,94.033775,94.0335664994973,94.0383666992188,94.0408421417242
1097.5,94.05445702,94.0362710183335,94.0323199462678,94.0323199462678,94.032323189851,94.033225,94.0330428071502,94.0382934570312,94.0407734825192
1097.55,94.05445702,94.0362673967305,94.0322910146369,94.0322910146369,94.0322942851831,94.032675,94.032519114803,94.0382202148437,94.0407048233142
1097.6,94.05445702,94.0362637751274,94.032262083006,94.032262083006,94.0322653805152,94.032125,94.0319954224559,94.0381469726562,94.0406361641092
1097.65,94.05445702,94.0362601535244,94.032233151375,94.032233151375,94.0322364758473,94.031575,94.0314717301087,94.0380737304688,94.0405675049042
1097.7,94.05445702,94.0362565319214,94.0322042197441,94.0322042197441,94.0322075711793,94.031025,94.0309480377615,94.0380004882813,94.0404988456992
1097.75,94.05445702,94.0362529103183,94.0321752881132,94.0321752881132,94.0321786665114,94.030475,94.0304243454144,94.0379272460937,94.0404301864942
1097.8,94.05445702,94.0362492887153,94.0321463564823,94.0321463564823,94.0321497618435,94.029925,94.0299006530672,94.0378540039062,94.0403615272892
1097.85,94.05445702,94.0362456671123,94.0321174248513,94.0321174248513,94.0321208571756,94.029375,94.0293769607201,94.0377807617188,94.0402928680843
1097.9,94.05445702,94.0362420455093,94.0320884932204,94.0320884932204,94.0320919525077,94.028825,94.0288532683729,94.0377075195313,94.0402242088793
1097.95,94.05445702,94.0362384239062,94.0320595615895,94.0320595615895,94.0320630478398,94.028275,94.0283295760258,94.0376342773438,94.0401555496743
1098,94.05445702,94.0362348023032,94.0320306299585,94.0320306299585,94.0320341431719,94.028,94.0280808836786,94.0375610351562,94.0400868904693
1098.05,94.05445702,94.0362311807002,94.0320016983276,94.0320016983276,94.032005238504,94.028,94.0281071913315,94.0374877929687,94.0400182312643
1098.1,94.05445702,94.0362275590971,94.0319727666967,94.0319727666967,94.031976333836,94.028,94.0281334989843,94.0374145507812,94.0399495720593
1098.15,94.05445702,94.0362239374941,94.0319438350657,94.0319438350657,94.0319474291681,94.028,94.0281598066372,94.0373413085938,94.0398809128543
1098.2,94.05445702,94.0362203158911,94.0319149034348,94.0319149034348,94.0319185245002,94.028,94.02818611429,94.0372680664063,94.0398122536493
1098.25,94.05445702,94.036216694288,94.0318859718039,94.0318859718039,94.0318896198323,94.028,94.0282124219429,94.0371948242187,94.0397435944443
1098.3,94.05445702,94.036213072685,94.0318570401729,94.0318570401729,94.0318607151644,94.028,94.0282387295957,94.0371215820312,94.0396749352393
1098.35,94.05445702,94.036209451082,94.031828108542,94.031828108542,94.0318318104965,94.028,94.0282650372485,94.0370483398438,94.0396062760343
1098.4,94.05445702,94.036205829479,94.0317991769111,94.0317991769111,94.0318029058286,94.028,94.0282913449014,94.0369750976563,94.0395376168293
1098.45,94.05445702,94.0362022078759,94.0317702452802,94.0317702452802,94.0317740011606,94.028,94.0283176525542,94.0369018554688,94.0394689576243
1098.5,94.05445702,94.0361985862729,94.0317413136492,94.0317413136492,94.0317450964927,94.028,94.0283439602071,94.0368286132812,94.0394002984193
1098.55,94.05445702,94.0361949646699,94.0317123820183,94.0317123820183,94.0317161918248,94.028,94.0283702678599,94.0367553710937,94.0393316392143
1098.6,94.05445702,94.0361913430668,94.0316834503874,94.0316834503874,94.0316872871569,94.028,94.0283965755128,94.0366821289062,94.0392629800093
1098.65,94.05445702,94.0361877214638,94.0316545187564,94.0316545187564,94.031658382489,94.028,94.0284228831656,94.0366088867188,94.0391943208043
1098.7,94.05445702,94.0361840998608,94.0316255871255,94.0316255871255,94.0316294778211,94.028,94.0284491908185,94.0365356445313,94.0391256615993
1098.75,94.05445702,94.0361804782578,94.0315966554946,94.0315966554946,94.0316005731532,94.028,94.0284754984713,94.0364624023437,94.0390570023943
1098.8,94.05445702,94.0361768566547,94.0315677238636,94.0315677238636,94.0315716684853,94.028,94.0285018061242,94.0363891601562,94.0389883431893
1098.85,94.05445702,94.0361732350517,94.0315387922327,94.0315387922327,94.0315427638173,94.028,94.028528113777,94.0363159179688,94.0389196839843
1098.9,94.05445702,94.0361696134487,94.0315098606018,94.0315098606018,94.0315138591494,94.028,94.0285544214299,94.0362426757813,94.0388510247794
1098.95,94.05445702,94.0361659918456,94.0314809289709,94.0314809289709,94.0314849544815,94.028,94.0285807290827,94.0361694335938,94.0387823655744
1099,94.05445702,94.0361623702426,94.0314519973399,94.0314519973399,94.0314560498136,94.028,94.0286070367356,94.0360961914062,94.0387137063694
1099.05,94.05445702,94.0361587486396,94.031423065709,94.031423065709,94.0314271451457,94.028,94.0286333443884,94.0360229492187,94.0386450471644
1099.1,94.05445702,94.0361551270366,94.0313941340781,94.0313941340781,94.0313982404778,94.028,94.0286596520412,94.0359497070312,94.0385763879594
1099.15,94.05445702,94.0361515054335,94.0313652024471,94.0313652024471,94.0313693358099,94.028,94.0286859596941,94.0358764648438,94.0385077287544
1099.2,94.05445702,94.0361478838305,94.0313362708162,94.0313362708162,94.0313404311419,94.028,94.0287122673469,94.0358032226563,94.0384390695494
1099.25,94.05445702,94.0361442622275,94.0313073391853,94.0313073391853,94.031311526474,94.028,94.0287385749998,94.0357299804687,94.0383704103444
1099.3,94.05445702,94.0361406406244,94.0312784075543,94.0312784075543,94.0312826218061,94.028,94.0287648826526,94.0356567382812,94.0383017511394
1099.35,94.05445702,94.0361370190214,94.0312494759234,94.0312494759234,94.0312537171382,94.028,94.0287911903055,94.0355834960938,94.0382330919344
1099.4,94.05445702,94.0361333974184,94.0312205442925,94.0312205442925,94.0312248124703,94.028,94.0288174979583,94.0355102539063,94.0381644327294
1099.45,94.05445702,94.0361297758154,94.0311916126615,94.0311916126615,94.0311959078024,94.028,94.0288438056112,94.0354370117188,94.0380957735244
1099.5,94.05445702,94.0361261542123,94.0311626810306,94.0311626810306,94.0311670031345,94.028,94.028870113264,94.0353637695312,94.0380271143194
1099.55,94.05445702,94.0361225326093,94.0311337493997,94.0311337493997,94.0311380984666,94.028,94.0288964209169,94.0352905273437,94.0379584551144
1099.6,94.05445702,94.0361189110063,94.0311048177687,94.0311048177687,94.0311091937986,94.028,94.0289227285697,94.0352172851562,94.0378897959094
1099.65,94.05445702,94.0361152894032,94.0310758861378,94.0310758861378,94.0310802891307,94.028,94.0289490362226,94.0351440429688,94.0378211367044
1099.7,94.05445702,94.0361116678002,94.0310469545069,94.0310469545069,94.0310513844628,94.028,94.0289753438754,94.0350708007813,94.0377524774994
1099.75,94.05445702,94.0361080461972,94.031018022876,94.031018022876,94.0310224797949,94.028,94.0290016515282,94.0349975585937,94.0376838182945
1099.8,94.05445702,94.0361044245941,94.030989091245,94.030989091245,94.030993575127,94.028,94.0290279591811,94.0349243164062,94.0376151590895
1099.85,94.05445702,94.0361008029911,94.0309601596141,94.0309601596141,94.0309646704591,94.028,94.029054266834,94.0348510742188,94.0375464998845
1099.9,94.05445702,94.0360971813881,94.0309312279832,94.0309312279832,94.0309357657912,94.028,94.0290805744868,94.0347778320313,94.0374778406795
1099.95,94.05445702,94.0360935597851,94.0309022963522,94.0309022963522,94.0309068611232,94.028,94.0291068821396,94.0347045898438,94.0374091814745
1100,94.05445702,94.036089938182,94.0308733647213,94.0308733647213,94.0308779564553,94.028425,94.0295581897925,94.0346313476562,94.0373405222695
1100.05,94.05445702,94.0360855173149,94.0308708424053,94.0308708424053,94.0308754075342,94.029275,94.0303996865989,94.0345581054687,94.0372447723305
1100.1,94.05445702,94.0360810964479,94.0308683200893,94.0308683200893,94.030872858613,94.030125,94.0312411834053,94.0344848632812,94.0371490223915
1100.15,94.05445702,94.0360766755808,94.0308657977733,94.0308657977733,94.0308703096919,94.030975,94.0320826802117,94.0344116210938,94.0370532724525
1100.2,94.05445702,94.0360722547137,94.0308632754573,94.0308632754573,94.0308677607707,94.031825,94.032924177018,94.0343383789063,94.0369575225134
1100.25,94.05445702,94.0360678338466,94.0308607531413,94.0308607531413,94.0308652118496,94.032675,94.0337656738244,94.0342651367187,94.0368617725744
1100.3,94.05445702,94.0360634129795,94.0308582308252,94.0308582308252,94.0308626629284,94.033525,94.0346071706308,94.0341918945312,94.0367660226354
1100.35,94.05445702,94.0360589921125,94.0308557085092,94.0308557085092,94.0308601140073,94.034375,94.0354486674372,94.0341186523438,94.0366702726964
1100.4,94.05445702,94.0360545712454,94.0308531861932,94.0308531861932,94.0308575650862,94.035225,94.0362901642436,94.0340454101563,94.0365745227574
1100.45,94.05445702,94.0360501503783,94.0308506638772,94.0308506638772,94.030855016165,94.036075,94.03713166105,94.0339721679688,94.0364787728184
1100.5,94.05445702,94.0360457295112,94.0308481415612,94.0308481415612,94.0308524672439,94.036925,94.0379731578564,94.0338989257812,94.0363830228794
1100.55,94.05445702,94.0360413086441,94.0308456192452,94.0308456192452,94.0308499183227,94.037775,94.0388146546628,94.0338256835937,94.0362872729404
1100.6,94.05445702,94.036036887777,94.0308430969292,94.0308430969292,94.0308473694016,94.038625,94.0396561514692,94.0337524414062,94.0361915230014
1100.65,94.05445702,94.03603246691,94.0308405746132,94.0308405746132,94.0308448204804,94.039475,94.0404976482755,94.0336791992188,94.0360957730624
1100.7,94.05445702,94.0360280460429,94.0308380522972,94.0308380522972,94.0308422715593,94.040325,94.0413391450819,94.0336059570313,94.0360000231234
1100.75,94.05445702,94.0360236251758,94.0308355299812,94.0308355299812,94.0308397226381,94.041175,94.0421806418883,94.0335327148437,94.0359042731844
1100.8,94.05445702,94.0360192043087,94.0308330076652,94.0308330076652,94.030837173717,94.042025,94.0430221386947,94.0334594726562,94.0358085232454
1100.85,94.05445702,94.0360147834416,94.0308304853491,94.0308304853491,94.0308346247958,94.042875,94.0438636355011,94.0333862304688,94.0357127733063
1100.9,94.05445702,94.0360103625746,94.0308279630331,94.0308279630331,94.0308320758747,94.043725,94.0447051323075,94.0333129882813,94.0356170233673
1100.95,94.05445702,94.0360059417075,94.0308254407171,94.0308254407171,94.0308295269535,94.044575,94.0455466291139,94.0332397460938,94.0355212734283
1101,94.05445702,94.0360015208404,94.0308229184011,94.0308229184011,94.0308269780324,94.045,94.0459631259203,94.0331665039062,94.0354255234893
1101.05,94.05445702,94.0359970999733,94.0308203960851,94.0308203960851,94.0308244291112,94.045,94.0459546227267,94.0330932617187,94.0353297735503
1101.1,94.05445702,94.0359926791062,94.0308178737691,94.0308178737691,94.0308218801901,94.045,94.045946119533,94.0330200195312,94.0352340236113
1101.15,94.05445702,94.0359882582391,94.0308153514531,94.0308153514531,94.0308193312689,94.045,94.0459376163394,94.0329467773438,94.0351382736723
1101.2,94.05445702,94.0359838373721,94.0308128291371,94.0308128291371,94.0308167823478,94.045,94.0459291131458,94.0328735351563,94.0350425237333
1101.25,94.05445702,94.035979416505,94.0308103068211,94.0308103068211,94.0308142334266,94.045,94.0459206099522,94.0328002929687,94.0349467737943
1101.3,94.05445702,94.0359749956379,94.0308077845051,94.0308077845051,94.0308116845055,94.045,94.0459121067586,94.0327270507812,94.0348510238553
1101.35,94.05445702,94.0359705747708,94.030805262189,94.030805262189,94.0308091355843,94.045,94.045903603565,94.0326538085938,94.0347552739163
1101.4,94.05445702,94.0359661539037,94.030802739873,94.030802739873,94.0308065866632,94.045,94.0458951003714,94.0325805664063,94.0346595239773
1101.45,94.05445702,94.0359617330367,94.030800217557,94.030800217557,94.0308040377421,94.045,94.0458865971778,94.0325073242188,94.0345637740382
1101.5,94.05445702,94.0359573121696,94.030797695241,94.030797695241,94.0308014888209,94.045,94.0458780939842,94.0324340820312,94.0344680240992
1101.55,94.05445702,94.0359528913025,94.030795172925,94.030795172925,94.0307989398998,94.045,94.0458695907905,94.0323608398437,94.0343722741602
1101.6,94.05445702,94.0359484704354,94.030792650609,94.030792650609,94.0307963909786,94.045,94.0458610875969,94.0322875976562,94.0342765242212
1101.65,94.05445702,94.0359440495683,94.030790128293,94.030790128293,94.0307938420575,94.045,94.0458525844033,94.0322143554688,94.0341807742822
1101.7,94.05445702,94.0359396287013,94.030787605977,94.030787605977,94.0307912931363,94.045,94.0458440812097,94.0321411132813,94.0340850243432
1101.75,94.05445702,94.0359352078342,94.030785083661,94.030785083661,94.0307887442152,94.045,94.0458355780161,94.0320678710937,94.0339892744042
1101.8,94.05445702,94.0359307869671,94.030782561345,94.030782561345,94.030786195294,94.045,94.0458270748225,94.0319946289062,94.0338935244652
1101.85,94.05445702,94.0359263661,94.030780039029,94.030780039029,94.0307836463729,94.045,94.0458185716289,94.0319213867188,94.0337977745262
1101.9,94.05445702,94.0359219452329,94.0307775167129,94.0307775167129,94.0307810974517,94.045,94.0458100684353,94.0318481445313,94.0337020245872
1101.95,94.05445702,94.0359175243658,94.0307749943969,94.0307749943969,94.0307785485306,94.045,94.0458015652417,94.0317749023438,94.0336062746482
1102,94.05445702,94.0359131034988,94.0307724720809,94.0307724720809,94.0307759996094,94.045,94.045793062048,94.0317016601562,94.0335105247092
1102.05,94.05445702,94.0359086826317,94.0307699497649,94.0307699497649,94.0307734506883,94.045,94.0457845588544,94.0316284179687,94.0334147747702
1102.1,94.05445702,94.0359042617646,94.0307674274489,94.0307674274489,94.0307709017671,94.045,94.0457760556608,94.0315551757812,94.0333190248311
1102.15,94.05445702,94.0358998408975,94.0307649051329,94.0307649051329,94.030768352846,94.045,94.0457675524672,94.0314819335938,94.0332232748921
1102.2,94.05445702,94.0358954200304,94.0307623828169,94.0307623828169,94.0307658039248,94.045,94.0457590492736,94.0314086914063,94.0331275249531
1102.25,94.05445702,94.0358909991634,94.0307598605009,94.0307598605009,94.0307632550037,94.045,94.04575054608,94.0313354492187,94.0330317750141
1102.3,94.05445702,94.0358865782963,94.0307573381849,94.0307573381849,94.0307607060825,94.045,94.0457420428864,94.0312622070312,94.0329360250751
1102.35,94.05445702,94.0358821574292,94.0307548158689,94.0307548158689,94.0307581571614,94.045,94.0457335396928,94.0311889648438,94.0328402751361
1102.4,94.05445702,94.0358777365621,94.0307522935529,94.0307522935529,94.0307556082403,94.045,94.0457250364991,94.0311157226563,94.0327445251971
1102.45,94.05445702,94.035873315695,94.0307497712369,94.0307497712369,94.0307530593191,94.045,94.0457165333055,94.0310424804688,94.0326487752581
1102.5,94.05445702,94.0358688948279,94.0307472489208,94.0307472489208,94.030750510398,94.045,94.0457080301119,94.0309692382812,94.0325530253191
1102.55,94.05445702,94.0358644739609,94.0307447266048,94.0307447266048,94.0307479614768,94.045,94.0456995269183,94.0308959960937,94.0324572753801
1102.6,94.05445702,94.0358600530938,94.0307422042888,94.0307422042888,94.0307454125557,94.045,94.0456910237247,94.0308227539062,94.0323615254411
1102.65,94.05445702,94.0358556322267,94.0307396819728,94.0307396819728,94.0307428636345,94.045,94.0456825205311,94.0307495117188,94.0322657755021
1102.7,94.05445702,94.0358512113596,94.0307371596568,94.0307371596568,94.0307403147134,94.045,94.0456740173375,94.0306762695313,94.032170025563
1102.75,94.05445702,94.0358467904925,94.0307346373408,94.0307346373408,94.0307377657922,94.045,94.0456655141439,94.0306030273437,94.032074275624
1102.8,94.05445702,94.0358423696255,94.0307321150248,94.0307321150248,94.0307352168711,94.045,94.0456570109503,94.0305297851562,94.031978525685
1102.85,94.05445702,94.0358379487584,94.0307295927088,94.0307295927088,94.0307326679499,94.045,94.0456485077567,94.0304565429688,94.031882775746
1102.9,94.05445702,94.0358335278913,94.0307270703928,94.0307270703928,94.0307301190288,94.045,94.045640004563,94.0303833007813,94.031787025807
1102.95,94.05445702,94.0358291070242,94.0307245480768,94.0307245480768,94.0307275701076,94.045,94.0456315013694,94.0303100585938,94.031691275868
1103,94.05445702,94.0358246861571,94.0307220257608,94.0307220257608,94.0307250211865,94.04495,94.0455729981758,94.0302368164062,94.031595525929
1103.05,94.05445702,94.0358202652901,94.0307195034447,94.0307195034447,94.0307224722653,94.04485,94.0454644949822,94.0301635742187,94.03149977599
1103.1,94.05445702,94.035815844423,94.0307169811287,94.0307169811287,94.0307199233442,94.04475,94.0453559917886,94.0300903320312,94.031404026051
1103.15,94.05445702,94.0358114235559,94.0307144588127,94.0307144588127,94.030717374423,94.04465,94.045247488595,94.0300170898438,94.031308276112
1103.2,94.05445702,94.0358070026888,94.0307119364967,94.0307119364967,94.0307148255019,94.04455,94.0451389854014,94.0299438476563,94.031212526173
1103.25,94.05445702,94.0358025818217,94.0307094141807,94.0307094141807,94.0307122765807,94.04445,94.0450304822078,94.0298706054687,94.031116776234
1103.3,94.05445702,94.0357981609546,94.0307068918647,94.0307068918647,94.0307097276596,94.04435,94.0449219790141,94.0297973632812,94.031021026295
1103.35,94.05445702,94.0357937400876,94.0307043695487,94.0307043695487,94.0307071787385,94.04425,94.0448134758205,94.0297241210938,94.0309252763559
1103.4,94.05445702,94.0357893192205,94.0307018472327,94.0307018472327,94.0307046298173,94.04415,94.0447049726269,94.0296508789063,94.0308295264169
1103.45,94.05445702,94.0357848983534,94.0306993249167,94.0306993249167,94.0307020808961,94.04405,94.0445964694333,94.0295776367188,94.0307337764779
1103.5,94.05445702,94.0357804774863,94.0306968026007,94.0306968026007,94.030699531975,94.04395,94.0444879662397,94.0295043945312,94.0306380265389
1103.55,94.05445702,94.0357760566192,94.0306942802846,94.0306942802846,94.0306969830539,94.04385,94.0443794630461,94.0294311523437,94.0305422765999
1103.6,94.05445702,94.0357716357522,94.0306917579686,94.0306917579686,94.0306944341327,94.04375,94.0442709598525,94.0293579101562,94.0304465266609
1103.65,94.05445702,94.0357672148851,94.0306892356526,94.0306892356526,94.0306918852116,94.04365,94.0441624566589,94.0292846679688,94.0303507767219
1103.7,94.05445702,94.035762794018,94.0306867133366,94.0306867133366,94.0306893362904,94.04355,94.0440539534653,94.0292114257813,94.0302550267829
1103.75,94.05445702,94.0357583731509,94.0306841910206,94.0306841910206,94.0306867873693,94.04345,94.0439454502717,94.0291381835937,94.0301592768439
1103.8,94.05445702,94.0357539522838,94.0306816687046,94.0306816687046,94.0306842384481,94.04335,94.043836947078,94.0290649414062,94.0300635269049
1103.85,94.05445702,94.0357495314167,94.0306791463886,94.0306791463886,94.030681689527,94.04325,94.0437284438844,94.0289916992188,94.0299677769659
1103.9,94.05445702,94.0357451105497,94.0306766240726,94.0306766240726,94.0306791406058,94.04315,94.0436199406908,94.0289184570313,94.0298720270269
1103.95,94.05445702,94.0357406896826,94.0306741017566,94.0306741017566,94.0306765916847,94.04305,94.0435114374972,94.0288452148438,94.0297762770878
1104,94.05445702,94.0357362688155,94.0306715794406,94.0306715794406,94.0306740427635,94.042975,94.0434279343036,94.0287719726562,94.0296805271488
1104.05,94.05445702,94.0357318479484,94.0306690571246,94.0306690571246,94.0306714938424,94.042925,94.04336943111,94.0286987304687,94.0295847772098
1104.1,94.05445702,94.0357274270813,94.0306665348085,94.0306665348085,94.0306689449212,94.042875,94.0433109279164,94.0286254882812,94.0294890272708
1104.15,94.05445702,94.0357230062143,94.0306640124925,94.0306640124925,94.0306663960001,94.042825,94.0432524247228,94.0285522460938,94.0293932773318
1104.2,94.05445702,94.0357185853472,94.0306614901765,94.0306614901765,94.0306638470789,94.042775,94.0431939215292,94.0284790039063,94.0292975273928
1104.25,94.05445702,94.0357141644801,94.0306589678605,94.0306589678605,94.0306612981578,94.042725,94.0431354183355,94.0284057617187,94.0292017774538
1104.3,94.05445702,94.035709743613,94.0306564455445,94.0306564455445,94.0306587492366,94.042675,94.0430769151419,94.0283325195312,94.0291060275148
1104.35,94.05445702,94.0357053227459,94.0306539232285,94.0306539232285,94.0306562003155,94.042625,94.0430184119483,94.0282592773438,94.0290102775758
1104.4,94.05445702,94.0357009018788,94.0306514009125,94.0306514009125,94.0306536513943,94.042575,94.0429599087547,94.0281860351563,94.0289145276368
1104.45,94.05445702,94.0356964810118,94.0306488785965,94.0306488785965,94.0306511024732,94.042525,94.0429014055611,94.0281127929688,94.0288187776978
1104.5,94.05445702,94.0356920601447,94.0306463562805,94.0306463562805,94.0306485535521,94.042475,94.0428429023675,94.0280395507812,94.0287230277588
1104.55,94.05445702,94.0356876392776,94.0306438339645,94.0306438339645,94.0306460046309,94.042425,94.0427843991739,94.0279663085937,94.0286272778197
1104.6,94.05445702,94.0356832184105,94.0306413116485,94.0306413116485,94.0306434557098,94.042375,94.0427258959803,94.0278930664062,94.0285315278807
1104.65,94.05445702,94.0356787975434,94.0306387893324,94.0306387893324,94.0306409067886,94.042325,94.0426673927867,94.0278198242188,94.0284357779417
1104.7,94.05445702,94.0356743766764,94.0306362670164,94.0306362670164,94.0306383578675,94.042275,94.042608889593,94.0277465820313,94.0283400280027
1104.75,94.05445702,94.0356699558093,94.0306337447004,94.0306337447004,94.0306358089463,94.042225,94.0425503863994,94.0276733398437,94.0282442780637
1104.8,94.05445702,94.0356655349422,94.0306312223844,94.0306312223844,94.0306332600252,94.042175,94.0424918832058,94.0276000976562,94.0281485281247
1104.85,94.05445702,94.0356611140751,94.0306287000684,94.0306287000684,94.030630711104,94.042125,94.0424333800122,94.0275268554688,94.0280527781857
1104.9,94.05445702,94.035656693208,94.0306261777524,94.0306261777524,94.0306281621829,94.042075,94.0423748768186,94.0274536132813,94.0279570282467
1104.95,94.05445702,94.035652272341,94.0306236554364,94.0306236554364,94.0306256132617,94.042025,94.042316373625,94.0273803710938,94.0278612783077
1105,94.05445702,94.0356478514739,94.0306211331204,94.0306211331204,94.0306230643406,94.041975,94.0422578704314,94.0273193359375,94.0277777353999
1105.05,94.05445702,94.0356434306068,94.0306186108044,94.0306186108044,94.0306205154194,94.041925,94.0421993672378,94.0272705078125,94.0277063995234
1105.1,94.05445702,94.0356390097397,94.0306160884884,94.0306160884884,94.0306179664983,94.041875,94.0421408640442,94.0272216796875,94.0276350636469
1105.15,94.05445702,94.0356345888726,94.0306135661724,94.0306135661724,94.0306154175771,94.041825,94.0420823608505,94.0271728515625,94.0275637277704
1105.2,94.05445702,94.0356301680055,94.0306110438564,94.0306110438564,94.030612868656,94.041775,94.0420238576569,94.0271240234375,94.0274923918939
1105.25,94.05445702,94.0356257471385,94.0306085215403,94.0306085215403,94.0306103197348,94.041725,94.0419653544633,94.0270751953125,94.0274210560174
1105.3,94.05445702,94.0356213262714,94.0306059992243,94.0306059992243,94.0306077708137,94.041675,94.0419068512697,94.0270263671875,94.0273497201409
1105.35,94.05445702,94.0356169054043,94.0306034769083,94.0306034769083,94.0306052218925,94.041625,94.0418483480761,94.0269775390625,94.0272783842644
1105.4,94.05445702,94.0356124845372,94.0306009545923,94.0306009545923,94.0306026729714,94.041575,94.0417898448825,94.0269287109375,94.0272070483879
1105.45,94.05445702,94.0356080636701,94.0305984322763,94.0305984322763,94.0306001240503,94.041525,94.0417313416889,94.0268798828125,94.0271357125114
1105.5,94.05445702,94.0356036428031,94.0305959099603,94.0305959099603,94.0305975751291,94.041475,94.0416728384953,94.0268310546875,94.0270643766348
1105.55,94.05445702,94.035599221936,94.0305933876443,94.0305933876443,94.0305950262079,94.041425,94.0416143353017,94.0267822265625,94.0269930407583
1105.6,94.05445702,94.0355948010689,94.0305908653283,94.0305908653283,94.0305924772868,94.041375,94.041555832108,94.0267333984375,94.0269217048818
1105.65,94.05445702,94.0355903802018,94.0305883430123,94.0305883430123,94.0305899283657,94.041325,94.0414973289144,94.0266845703125,94.0268503690053
1105.7,94.05445702,94.0355859593347,94.0305858206963,94.0305858206963,94.0305873794445,94.041275,94.0414388257208,94.0266357421875,94.0267790331288
1105.75,94.05445702,94.0355815384676,94.0305832983803,94.0305832983803,94.0305848305234,94.041225,94.0413803225272,94.0265869140625,94.0267076972523
1105.8,94.05445702,94.0355771176006,94.0305807760642,94.0305807760642,94.0305822816022,94.041175,94.0413218193336,94.0265380859375,94.0266363613758
1105.85,94.05445702,94.0355726967335,94.0305782537482,94.0305782537482,94.0305797326811,94.041125,94.04126331614,94.0264892578125,94.0265650254993
1105.9,94.05445702,94.0355682758664,94.0305757314322,94.0305757314322,94.0305771837599,94.041075,94.0412048129464,94.0264404296875,94.0264936896228
1105.95,94.05445702,94.0355638549993,94.0305732091162,94.0305732091162,94.0305746348388,94.041025,94.0411463097528,94.0263916015625,94.0264223537463
1106,94.05445702,94.0354344341322,94.0304456868002,94.0304456868002,94.0304470859176,94.0407,94.0408128065592,94.0263427734375,94.0263510178698
1106.05,94.05445702,94.0351800132651,94.0301931644842,94.0301931644842,94.0301945369965,94.0401,94.0402043033655,94.0262939453125,94.0262796819933
1106.1,94.05445702,94.0349255923981,94.0299406421682,94.0299406421682,94.0299419880753,94.0395,94.0395958001719,94.0262451171875,94.0262083461167
1106.15,94.05445702,94.034671171531,94.0296881198522,94.0296881198522,94.0296894391542,94.0389,94.0389872969783,94.0261962890625,94.0261370102402
1106.2,94.05445702,94.0344167506639,94.0294355975362,94.0294355975362,94.029436890233,94.0383,94.0383787937847,94.0261474609375,94.0260656743637
1106.25,94.05445702,94.0341623297968,94.0291830752202,94.0291830752202,94.0291843413119,94.0377,94.0377702905911,94.0260986328125,94.0259943384872
1106.3,94.05445702,94.0339079089297,94.0289305529041,94.0289305529041,94.0289317923907,94.0371,94.0371617873975,94.0260498046875,94.0259230026107
1106.35,94.05445702,94.0336534880627,94.0286780305881,94.0286780305881,94.0286792434696,94.0365,94.0365532842039,94.0260009765625,94.0258516667342
1106.4,94.05445702,94.0333990671956,94.0284255082721,94.0284255082721,94.0284266945484,94.0359,94.0359447810103,94.0259521484375,94.0257803308577
1106.45,94.05445702,94.0331446463285,94.0281729859561,94.0281729859561,94.0281741456273,94.0353,94.0353362778167,94.0259033203125,94.0257089949812
1106.5,94.05445702,94.0328902254614,94.0279204636401,94.0279204636401,94.0279215967062,94.0347,94.0347277746231,94.0258544921875,94.0256376591047
1106.55,94.05445702,94.0326358045943,94.0276679413241,94.0276679413241,94.027669047785,94.0341,94.0341192714294,94.0258056640625,94.0255663232282
1106.6,94.05445702,94.0323813837273,94.0274154190081,94.0274154190081,94.0274164988639,94.0335,94.0335107682358,94.0257568359375,94.0254949873517
1106.65,94.05445702,94.0321269628602,94.0271628966921,94.0271628966921,94.0271639499427,94.0329,94.0329022650422,94.0257080078125,94.0254236514752
1106.7,94.05445702,94.0318725419931,94.0269103743761,94.0269103743761,94.0269114010216,94.0323,94.0322937618486,94.0256591796875,94.0253523155987
1106.75,94.05445702,94.031618121126,94.0266578520601,94.0266578520601,94.0266588521004,94.0317,94.031685258655,94.0256103515625,94.0252809797221
1106.8,94.05445702,94.0313637002589,94.0264053297441,94.0264053297441,94.0264063031793,94.0311,94.0310767554614,94.0255615234375,94.0252096438456
1106.85,94.05445702,94.0311092793918,94.026152807428,94.026152807428,94.0261537542581,94.0305,94.0304682522678,94.0255126953125,94.0251383079691
1106.9,94.05445702,94.0308548585248,94.025900285112,94.025900285112,94.025901205337,94.0299,94.0298597490742,94.0254638671875,94.0250669720926
1106.95,94.05445702,94.0306004376577,94.025647762796,94.025647762796,94.0256486564158,94.0293,94.0292512458805,94.0254150390625,94.0249956362161
1107,94.05445702,94.0303460167906,94.02539524048,94.02539524048,94.0253961074947,94.0279,94.0278427426869,94.0253662109375,94.0249243003396
1107.05,94.05445702,94.0300915959235,94.025142718164,94.025142718164,94.0251435585735,94.0257,94.0256342394933,94.0253173828125,94.0248529644631
1107.1,94.05445702,94.0298371750564,94.024890195848,94.024890195848,94.0248910096524,94.0235,94.0234257362997,94.0252685546875,94.0247816285866
1107.15,94.05445702,94.0295827541894,94.024637673532,94.024637673532,94.0246384607312,94.0213,94.0212172331061,94.0252197265625,94.0247102927101
1107.2,94.05445702,94.0293283333223,94.024385151216,94.024385151216,94.0243859118101,94.0191,94.0190087299125,94.0251708984375,94.0246389568336
1107.25,94.05445702,94.0290739124552,94.0241326289,94.0241326289,94.0241333628889,94.0169,94.0168002267189,94.0251220703125,94.0245676209571
1107.3,94.05445702,94.0288194915881,94.023880106584,94.023880106584,94.0238808139678,94.0147,94.0145917235253,94.0250732421875,94.0244962850805
1107.35,94.05445702,94.028565070721,94.023627584268,94.023627584268,94.0236282650466,94.0125,94.0123832203317,94.0250244140625,94.024424949204
1107.4,94.05445702,94.0283106498539,94.0233750619519,94.0233750619519,94.0233757161255,94.0103,94.010174717138,94.0249755859375,94.0243536133275
1107.45,94.05445702,94.0280562289869,94.0231225396359,94.0231225396359,94.0231231672043,94.0081,94.0079662139444,94.0249267578125,94.024282277451
1107.5,94.05445702,94.0278018081198,94.0228700173199,94.0228700173199,94.0228706182832,94.0059,94.0057577107508,94.0248779296875,94.0242109415745
1107.55,94.05445702,94.0275473872527,94.0226174950039,94.0226174950039,94.0226180693621,94.0037,94.0035492075572,94.0248291015625,94.024139605698
1107.6,94.05445702,94.0272929663856,94.0223649726879,94.0223649726879,94.0223655204409,94.0015,94.0013407043636,94.0247802734375,94.0240682698215
1107.65,94.05445702,94.0270385455185,94.0221124503719,94.0221124503719,94.0221129715198,93.9993,93.99913220117,94.0247314453125,94.023996933945
1107.7,94.05445702,94.0267841246515,94.0218599280559,94.0218599280559,94.0218604225986,93.9971,93.9969236979764,94.0246826171875,94.0239255980685
1107.75,94.05445702,94.0265297037844,94.0216074057399,94.0216074057399,94.0216078736775,93.9949,93.9947151947828,94.0246337890625,94.023854262192
1107.8,94.05445702,94.0262752829173,94.0213548834239,94.0213548834239,94.0213553247563,93.9927,93.9925066915892,94.0245849609375,94.0237829263155
1107.85,94.05445702,94.0260208620502,94.0211023611079,94.0211023611079,94.0211027758352,93.9905,93.9902981883955,94.0245361328125,94.023711590439
1107.9,94.05445702,94.0257664411831,94.0208498387918,94.0208498387918,94.020850226914,93.9883,93.9880896852019,94.0244873046875,94.0236402545625
1107.95,94.05445702,94.0255120203161,94.0205973164758,94.0205973164758,94.0205976779929,93.9861,93.9858811820083,94.0244384765625,94.023568918686
1108,94.05445702,94.025382599449,94.0204697941598,94.0204697941598,94.0204701290717,93.985,93.9847726788147,94.0243896484375,94.0234975828094
1108.05,94.05445702,94.0253781785819,94.0204672718438,94.0204672718438,94.0204675801506,93.985,93.9847641756211,94.0243408203125,94.0234262469329
1108.1,94.05445702,94.0253737577148,94.0204647495278,94.0204647495278,94.0204650312294,93.985,93.9847556724275,94.0242919921875,94.0233549110564
1108.15,94.05445702,94.0253693368477,94.0204622272118,94.0204622272118,94.0204624823083,93.985,93.9847471692339,94.0242431640625,94.0232835751799
1108.2,94.05445702,94.0253649159806,94.0204597048958,94.0204597048958,94.0204599333871,93.985,93.9847386660403,94.0241943359375,94.0232122393034
1108.25,94.05445702,94.0253604951136,94.0204571825798,94.0204571825798,94.020457384466,93.985,93.9847301628467,94.0241455078125,94.0231409034269
1108.3,94.05445702,94.0253560742465,94.0204546602638,94.0204546602638,94.0204548355448,93.985,93.984721659653,94.0240966796875,94.0230695675504
1108.35,94.05445702,94.0253516533794,94.0204521379478,94.0204521379478,94.0204522866237,93.985,93.9847131564594,94.0240478515625,94.0229982316739
1108.4,94.05445702,94.0253472325123,94.0204496156318,94.0204496156318,94.0204497377025,93.985,93.9847046532658,94.0239990234375,94.0229268957974
1108.45,94.05445702,94.0253428116452,94.0204470933158,94.0204470933158,94.0204471887814,93.985,93.9846961500722,94.0239501953125,94.0228555599209
1108.5,94.05445702,94.0253383907782,94.0204445709997,94.0204445709997,94.0204446398602,93.985,93.9846876468786,94.0239013671875,94.0227842240444
1108.55,94.05445702,94.0253339699111,94.0204420486837,94.0204420486837,94.0204420909391,93.985,93.984679143685,94.0238525390625,94.0227128881678
1108.6,94.05445702,94.025329549044,94.0204395263677,94.0204395263677,94.020439542018,93.985,93.9846706404914,94.0238037109375,94.0226415522913
1108.65,94.05445702,94.0253251281769,94.0204370040517,94.0204370040517,94.0204369930968,93.985,93.9846621372978,94.0237548828125,94.0225702164148
1108.7,94.05445702,94.0253207073098,94.0204344817357,94.0204344817357,94.0204344441757,93.985,93.9846536341042,94.0237060546875,94.0224988805383
1108.75,94.05445702,94.0253162864427,94.0204319594197,94.0204319594197,94.0204318952545,93.985,93.9846451309106,94.0236572265625,94.0224275446618
1108.8,94.05445702,94.0253118655757,94.0204294371037,94.0204294371037,94.0204293463334,93.985,93.9846366277169,94.0236083984375,94.0223562087853
1108.85,94.05445702,94.0253074447086,94.0204269147877,94.0204269147877,94.0204267974122,93.985,93.9846281245233,94.0235595703125,94.0222848729088
1108.9,94.05445702,94.0253030238415,94.0204243924717,94.0204243924717,94.0204242484911,93.985,93.9846196213297,94.0235107421875,94.0222135370323
1108.95,94.05445702,94.0252986029744,94.0204218701557,94.0204218701557,94.0204216995699,93.985,93.9846111181361,94.0234619140625,94.0221422011558
1109,94.05445702,94.0252941821073,94.0204193478396,94.0204193478396,94.0204191506488,93.985,93.9846026149425,94.0234130859375,94.0220708652793
1109.05,94.05445702,94.0252897612403,94.0204168255236,94.0204168255236,94.0204166017276,93.985,93.9845941117489,94.0233642578125,94.0219995294028
1109.1,94.05445702,94.0252853403732,94.0204143032076,94.0204143032076,94.0204140528065,93.985,93.9845856085553,94.0233154296875,94.0219281935263
1109.15,94.05445702,94.0252809195061,94.0204117808916,94.0204117808916,94.0204115038853,93.985,93.9845771053617,94.0232666015625,94.0218568576498
1109.2,94.05445702,94.025276498639,94.0204092585756,94.0204092585756,94.0204089549642,93.985,93.9845686021681,94.0232177734375,94.0217855217732
1109.25,94.05445702,94.0252720777719,94.0204067362596,94.0204067362596,94.020406406043,93.985,93.9845600989744,94.0231689453125,94.0217141858967
1109.3,94.05445702,94.0252676569048,94.0204042139436,94.0204042139436,94.0204038571219,93.985,93.9845515957808,94.0231201171875,94.0216428500202
1109.35,94.05445702,94.0252632360378,94.0204016916276,94.0204016916276,94.0204013082007,93.985,93.9845430925872,94.0230712890625,94.0215715141437
1109.4,94.05445702,94.0252588151707,94.0203991693116,94.0203991693116,94.0203987592796,93.985,93.9845345893936,94.0230224609375,94.0215001782672
1109.45,94.05445702,94.0252543943036,94.0203966469956,94.0203966469956,94.0203962103584,93.985,93.9845260862,94.0229736328125,94.0214288423907
1109.5,94.05445702,94.0252499734365,94.0203941246796,94.0203941246796,94.0203936614373,93.985,93.9845175830064,94.0229248046875,94.0213575065142
1109.55,94.05445702,94.0252455525694,94.0203916023635,94.0203916023635,94.0203911125162,93.985,93.9845090798128,94.0228759765625,94.0212861706377
1109.6,94.05445702,94.0252411317024,94.0203890800475,94.0203890800475,94.020388563595,93.985,93.9845005766192,94.0228271484375,94.0212148347612
1109.65,94.05445702,94.0252367108353,94.0203865577315,94.0203865577315,94.0203860146739,93.985,93.9844920734255,94.0227783203125,94.0211434988847
1109.7,94.05445702,94.0252322899682,94.0203840354155,94.0203840354155,94.0203834657527,93.985,93.9844835702319,94.0227294921875,94.0210721630082
1109.75,94.05445702,94.0252278691011,94.0203815130995,94.0203815130995,94.0203809168316,93.985,93.9844750670383,94.0226806640625,94.0210008271317
1109.8,94.05445702,94.025223448234,94.0203789907835,94.0203789907835,94.0203783679104,93.985,93.9844665638447,94.0226318359375,94.0209294912551
1109.85,94.05445702,94.0252190273669,94.0203764684675,94.0203764684675,94.0203758189893,93.985,93.9844580606511,94.0225830078125,94.0208581553786
1109.9,94.05445702,94.0252146064999,94.0203739461515,94.0203739461515,94.0203732700681,93.985,93.9844495574575,94.0225341796875,94.0207868195021
1109.95,94.05445702,94.0252101856328,94.0203714238355,94.0203714238355,94.020370721147,93.985,93.9844410542639,94.0224853515625,94.0207154836256
1110,94.05445702,94.0252057647657,94.0203689015195,94.0203689015195,94.0203681722258,93.985475,93.9849075510703,94.0224365234375,94.0206441477491
1110.05,94.05445702,94.0252103037335,94.0204058975333,94.0204058975333,94.0204051751137,93.986425,93.9858604333776,94.0223876953125,94.0206058398913
1110.1,94.05445702,94.0252148427014,94.0204428935472,94.0204428935472,94.0204421780017,93.987375,93.9868133156849,94.0223388671875,94.0205675320334
1110.15,94.05445702,94.0252193816692,94.020479889561,94.020479889561,94.0204791808896,93.988325,93.9877661979922,94.0222900390625,94.0205292241756
1110.2,94.05445702,94.0252239206371,94.0205168855748,94.0205168855748,94.0205161837775,93.989275,93.9887190802995,94.0222412109375,94.0204909163177
1110.25,94.05445702,94.0252284596049,94.0205538815887,94.0205538815887,94.0205531866654,93.990225,93.9896719626068,94.0221923828125,94.0204526084599
1110.3,94.05445702,94.0252329985728,94.0205908776025,94.0205908776025,94.0205901895533,93.991175,93.9906248449142,94.0221435546875,94.020414300602
1110.35,94.05445702,94.0252375375406,94.0206278736163,94.0206278736163,94.0206271924413,93.992125,93.9915777272215,94.0220947265625,94.0203759927442
1110.4,94.05445702,94.0252420765085,94.0206648696302,94.0206648696302,94.0206641953292,93.993075,93.9925306095288,94.0220458984375,94.0203376848863
1110.45,94.05445702,94.0252466154763,94.020701865644,94.020701865644,94.0207011982171,93.994025,93.9934834918361,94.0219970703125,94.0202993770285
1110.5,94.05445702,94.0252511544442,94.0207388616579,94.0207388616579,94.020738201105,93.994975,93.9944363741434,94.0219482421875,94.0202610691706
1110.55,94.05445702,94.025255693412,94.0207758576717,94.0207758576717,94.0207752039929,93.995925,93.9953892564507,94.0218994140625,94.0202227613128
1110.6,94.05445702,94.0252602323798,94.0208128536856,94.0208128536856,94.0208122068809,93.996875,93.996342138758,94.0218505859375,94.0201844534549
1110.65,94.05445702,94.0252647713477,94.0208498496994,94.0208498496994,94.0208492097688,93.997825,93.9972950210654,94.0218017578125,94.0201461455971
1110.7,94.05445702,94.0252693103155,94.0208868457132,94.0208868457132,94.0208862126567,93.998775,93.9982479033727,94.0217529296875,94.0201078377392
1110.75,94.05445702,94.0252738492834,94.0209238417271,94.0209238417271,94.0209232155446,93.999725,93.99920078568,94.0217041015625,94.0200695298814
1110.8,94.05445702,94.0252783882512,94.0209608377409,94.0209608377409,94.0209602184325,94.000675,94.0001536679873,94.0216552734375,94.0200312220235
1110.85,94.05445702,94.0252829272191,94.0209978337548,94.0209978337548,94.0209972213205,94.001625,94.0011065502946,94.0216064453125,94.0199929141657
1110.9,94.05445702,94.0252874661869,94.0210348297686,94.0210348297686,94.0210342242084,94.002575,94.0020594326019,94.0215576171875,94.0199546063078
1110.95,94.05445702,94.0252920051548,94.0210718257824,94.0210718257824,94.0210712270963,94.003525,94.0030123149092,94.0215087890625,94.01991629845
1111,94.05445702,94.0252965441226,94.0211088217963,94.0211088217963,94.0211082299842,94.005025,94.0045151972165,94.0214599609375,94.0198779905921
1111.05,94.05445702,94.0253010830905,94.0211458178101,94.0211458178101,94.0211452328721,94.007075,94.0065680795239,94.0214111328125,94.0198396827343
1111.1,94.05445702,94.0253056220583,94.021182813824,94.021182813824,94.0211822357601,94.009125,94.0086209618312,94.0213623046875,94.0198013748765
1111.15,94.05445702,94.0253101610261,94.0212198098378,94.0212198098378,94.021219238648,94.011175,94.0106738441385,94.0213134765625,94.0197630670186
1111.2,94.05445702,94.025314699994,94.0212568058516,94.0212568058516,94.0212562415359,94.013225,94.0127267264458,94.0212646484375,94.0197247591608
1111.25,94.05445702,94.0253192389618,94.0212938018655,94.0212938018655,94.0212932444238,94.015275,94.0147796087531,94.0212158203125,94.0196864513029
1111.3,94.05445702,94.0253237779297,94.0213307978793,94.0213307978793,94.0213302473117,94.017325,94.0168324910604,94.0211669921875,94.0196481434451
1111.35,94.05445702,94.0253283168975,94.0213677938932,94.0213677938932,94.0213672501996,94.019375,94.0188853733678,94.0211181640625,94.0196098355872
1111.4,94.05445702,94.0253328558654,94.021404789907,94.021404789907,94.0214042530876,94.021425,94.0209382556751,94.0210693359375,94.0195715277294
1111.45,94.05445702,94.0253373948332,94.0214417859209,94.0214417859209,94.0214412559755,94.023475,94.0229911379824,94.0210205078125,94.0195332198715
1111.5,94.05445702,94.0253419338011,94.0214787819347,94.0214787819347,94.0214782588634,94.025525,94.0250440202897,94.0209716796875,94.0194949120137
1111.55,94.05445702,94.0253464727689,94.0215157779485,94.0215157779485,94.0215152617513,94.027575,94.027096902597,94.0209228515625,94.0194566041558
1111.6,94.05445702,94.0253510117367,94.0215527739624,94.0215527739624,94.0215522646392,94.029625,94.0291497849043,94.0208740234375,94.019418296298
1111.65,94.05445702,94.0253555507046,94.0215897699762,94.0215897699762,94.0215892675272,94.031675,94.0312026672116,94.0208251953125,94.0193799884401
1111.7,94.05445702,94.0253600896724,94.02162676599,94.02162676599,94.0216262704151,94.033725,94.033255549519,94.0207763671875,94.0193416805823
1111.75,94.05445702,94.0253646286403,94.0216637620039,94.0216637620039,94.021663273303,94.035775,94.0353084318263,94.0207275390625,94.0193033727244
1111.8,94.05445702,94.0253691676081,94.0217007580177,94.0217007580177,94.0217002761909,94.037825,94.0373613141336,94.0206787109375,94.0192650648666
1111.85,94.05445702,94.025373706576,94.0217377540316,94.0217377540316,94.0217372790788,94.039875,94.0394141964409,94.0206298828125,94.0192267570087
1111.9,94.05445702,94.0253782455438,94.0217747500454,94.0217747500454,94.0217742819668,94.041925,94.0414670787482,94.0205810546875,94.0191884491509
1111.95,94.05445702,94.0253827845117,94.0218117460593,94.0218117460593,94.0218112848547,94.043975,94.0435199610555,94.0205322265625,94.019150141293
1112,94.05445702,94.0253873234795,94.0218487420731,94.0218487420731,94.0218482877426,94.045,94.0445478433628,94.0204833984375,94.0191118334352
1112.05,94.05445702,94.0253918624474,94.0218857380869,94.0218857380869,94.0218852906305,94.045,94.0445507256701,94.0204345703125,94.0190735255773
1112.1,94.05445702,94.0253964014152,94.0219227341008,94.0219227341008,94.0219222935184,94.045,94.0445536079775,94.0203857421875,94.0190352177195
1112.15,94.05445702,94.0254009403831,94.0219597301146,94.0219597301146,94.0219592964064,94.045,94.0445564902848,94.0203369140625,94.0189969098616
1112.2,94.05445702,94.0254054793509,94.0219967261285,94.0219967261285,94.0219962992943,94.045,94.0445593725921,94.0202880859375,94.0189586020038
1112.25,94.05445702,94.0254100183187,94.0220337221423,94.0220337221423,94.0220333021822,94.045,94.0445622548994,94.0202392578125,94.0189202941459
1112.3,94.05445702,94.0254145572866,94.0220707181561,94.0220707181561,94.0220703050701,94.045,94.0445651372067,94.0201904296875,94.0188819862881
1112.35,94.05445702,94.0254190962544,94.02210771417,94.02210771417,94.022107307958,94.045,94.044568019514,94.0201416015625,94.0188436784302
1112.4,94.05445702,94.0254236352223,94.0221447101838,94.0221447101838,94.022144310846,94.045,94.0445709018213,94.0200927734375,94.0188053705724
1112.45,94.05445702,94.0254281741901,94.0221817061977,94.0221817061977,94.0221813137339,94.045,94.0445737841287,94.0200439453125,94.0187670627145
1112.5,94.05445702,94.025432713158,94.0222187022115,94.0222187022115,94.0222183166218,94.045,94.044576666436,94.0199951171875,94.0187287548567
1112.55,94.05445702,94.0254372521258,94.0222556982254,94.0222556982254,94.0222553195097,94.045,94.0445795487433,94.0199462890625,94.0186904469988
1112.6,94.05445702,94.0254417910937,94.0222926942392,94.0222926942392,94.0222923223976,94.045,94.0445824310506,94.0198974609375,94.018652139141
1112.65,94.05445702,94.0254463300615,94.022329690253,94.022329690253,94.0223293252856,94.045,94.0445853133579,94.0198486328125,94.0186138312831
1112.7,94.05445702,94.0254508690293,94.0223666862669,94.0223666862669,94.0223663281735,94.045,94.0445881956652,94.0197998046875,94.0185755234253
1112.75,94.05445702,94.0254554079972,94.0224036822807,94.0224036822807,94.0224033310614,94.045,94.0445910779725,94.0197509765625,94.0185372155674
1112.8,94.05445702,94.025459946965,94.0224406782946,94.0224406782946,94.0224403339493,94.045,94.0445939602799,94.0197021484375,94.0184989077096
1112.85,94.05445702,94.0254644859329,94.0224776743084,94.0224776743084,94.0224773368372,94.045,94.0445968425872,94.0196533203125,94.0184605998517
1112.9,94.05445702,94.0254690249007,94.0225146703222,94.0225146703222,94.0225143397251,94.045,94.0445997248945,94.0196044921875,94.0184222919939
1112.95,94.05445702,94.0254735638686,94.0225516663361,94.0225516663361,94.0225513426131,94.045,94.0446026072018,94.0195556640625,94.0183839841361
1113,94.05445702,94.0254781028364,94.0225886623499,94.0225886623499,94.022588345501,94.045,94.0446054895091,94.0195678710938,94.0184067114345
1113.05,94.05445702,94.0254826418043,94.0226256583638,94.0226256583638,94.0226253483889,94.045,94.0446083718164,94.0196411132813,94.0184904738891
1113.1,94.05445702,94.0254871807721,94.0226626543776,94.0226626543776,94.0226623512768,94.045,94.0446112541238,94.0197143554688,94.0185742363438
1113.15,94.05445702,94.02549171974,94.0226996503914,94.0226996503914,94.0226993541648,94.045,94.0446141364311,94.0197875976562,94.0186579987984
1113.2,94.05445702,94.0254962587078,94.0227366464053,94.0227366464053,94.0227363570527,94.045,94.0446170187384,94.0198608398437,94.0187417612531
1113.25,94.05445702,94.0255007976756,94.0227736424191,94.0227736424191,94.0227733599406,94.045,94.0446199010457,94.0199340820313,94.0188255237077
1113.3,94.05445702,94.0255053366435,94.022810638433,94.022810638433,94.0228103628285,94.045,94.044622783353,94.0200073242188,94.0189092861624
1113.35,94.05445702,94.0255098756113,94.0228476344468,94.0228476344468,94.0228473657164,94.045,94.0446256656603,94.0200805664062,94.018993048617
1113.4,94.05445702,94.0255144145792,94.0228846304606,94.0228846304606,94.0228843686044,94.045,94.0446285479676,94.0201538085937,94.0190768110717
1113.45,94.05445702,94.025518953547,94.0229216264745,94.0229216264745,94.0229213714923,94.045,94.0446314302749,94.0202270507812,94.0191605735263
1113.5,94.05445702,94.0255234925149,94.0229586224883,94.0229586224883,94.0229583743802,94.045,94.0446343125823,94.0203002929688,94.019244335981
1113.55,94.05445702,94.0255280314827,94.0229956185022,94.0229956185022,94.0229953772681,94.045,94.0446371948896,94.0203735351563,94.0193280984356
1113.6,94.05445702,94.0255325704506,94.023032614516,94.023032614516,94.023032380156,94.045,94.0446400771969,94.0204467773438,94.0194118608903
1113.65,94.05445702,94.0255371094184,94.0230696105298,94.0230696105298,94.0230693830439,94.045,94.0446429595042,94.0205200195312,94.0194956233449
1113.7,94.05445702,94.0255416483863,94.0231066065437,94.0231066065437,94.0231063859319,94.045,94.0446458418115,94.0205932617187,94.0195793857996
1113.75,94.05445702,94.0255461873541,94.0231436025575,94.0231436025575,94.0231433888198,94.045,94.0446487241188,94.0206665039063,94.0196631482542
1113.8,94.05445702,94.0255507263219,94.0231805985714,94.0231805985714,94.0231803917077,94.045,94.0446516064261,94.0207397460938,94.0197469107089
1113.85,94.05445702,94.0255552652898,94.0232175945852,94.0232175945852,94.0232173945956,94.045,94.0446544887335,94.0208129882812,94.0198306731635
1113.9,94.05445702,94.0255598042576,94.0232545905991,94.0232545905991,94.0232543974835,94.045,94.0446573710408,94.0208862304687,94.0199144356182
1113.95,94.05445702,94.0255643432255,94.0232915866129,94.0232915866129,94.0232914003715,94.045,94.0446602533481,94.0209594726562,94.0199981980728
1114,94.05445702,94.0255688821933,94.0233285826267,94.0233285826267,94.0233284032594,94.0449,94.0445631356554,94.0210327148438,94.0200819605275
1114.05,94.05445702,94.0255734211612,94.0233655786406,94.0233655786406,94.0233654061473,94.0447,94.0443660179627,94.0211059570313,94.0201657229821
1114.1,94.05445702,94.025577960129,94.0234025746544,94.0234025746544,94.0234024090352,94.0445,94.04416890027,94.0211791992188,94.0202494854368
1114.15,94.05445702,94.0255824990969,94.0234395706683,94.0234395706683,94.0234394119231,94.0443,94.0439717825773,94.0212524414062,94.0203332478914
1114.2,94.05445702,94.0255870380647,94.0234765666821,94.0234765666821,94.0234764148111,94.0441,94.0437746648847,94.0213256835937,94.0204170103461
1114.25,94.05445702,94.0255915770326,94.0235135626959,94.0235135626959,94.023513417699,94.0439,94.043577547192,94.0213989257813,94.0205007728007
1114.3,94.05445702,94.0255961160004,94.0235505587098,94.0235505587098,94.0235504205869,94.0437,94.0433804294993,94.0214721679688,94.0205845352554
1114.35,94.05445702,94.0256006549682,94.0235875547236,94.0235875547236,94.0235874234748,94.0435,94.0431833118066,94.0215454101562,94.02066829771
1114.4,94.05445702,94.0256051939361,94.0236245507375,94.0236245507375,94.0236244263627,94.0433,94.0429861941139,94.0216186523437,94.0207520601647
1114.45,94.05445702,94.0256097329039,94.0236615467513,94.0236615467513,94.0236614292507,94.0431,94.0427890764212,94.0216918945312,94.0208358226193
1114.5,94.05445702,94.0256142718718,94.0236985427651,94.0236985427651,94.0236984321386,94.0429,94.0425919587285,94.0217651367188,94.020919585074
1114.55,94.05445702,94.0256188108396,94.023735538779,94.023735538779,94.0237354350265,94.0427,94.0423948410359,94.0218383789063,94.0210033475286
1114.6,94.05445702,94.0256233498075,94.0237725347928,94.0237725347928,94.0237724379144,94.0425,94.0421977233432,94.0219116210938,94.0210871099833
1114.65,94.05445702,94.0256278887753,94.0238095308067,94.0238095308067,94.0238094408023,94.0423,94.0420006056505,94.0219848632812,94.0211708724379
1114.7,94.05445702,94.0256324277432,94.0238465268205,94.0238465268205,94.0238464436903,94.0421,94.0418034879578,94.0220581054687,94.0212546348926
1114.75,94.05445702,94.025636966711,94.0238835228343,94.0238835228343,94.0238834465782,94.0419,94.0416063702651,94.0221313476563,94.0213383973473
1114.8,94.05445702,94.0256415056788,94.0239205188482,94.0239205188482,94.0239204494661,94.0417,94.0414092525724,94.0222045898438,94.0214221598019
1114.85,94.05445702,94.0256460446467,94.023957514862,94.023957514862,94.023957452354,94.0415,94.0412121348797,94.0222778320312,94.0215059222566
1114.9,94.05445702,94.0256505836145,94.0239945108759,94.0239945108759,94.0239944552419,94.0413,94.041015017187,94.0223510742187,94.0215896847112
1114.95,94.05445702,94.0256551225824,94.0240315068897,94.0240315068897,94.0240314581299,94.0411,94.0408178994944,94.0224243164062,94.0216734471659
1115,94.05445702,94.0256596615502,94.0240685029035,94.0240685029035,94.0240684610178,94.040625,94.0403457818017,94.0224975585938,94.0217572096205
1115.05,94.05445702,94.0256642005181,94.0241054989174,94.0241054989174,94.0241054639057,94.039875,94.039598664109,94.0225708007813,94.0218409720752
1115.1,94.05445702,94.0256687394859,94.0241424949312,94.0241424949312,94.0241424667936,94.039125,94.0388515464163,94.0226440429688,94.0219247345298
1115.15,94.05445702,94.0256732784538,94.0241794909451,94.0241794909451,94.0241794696815,94.038375,94.0381044287236,94.0227172851562,94.0220084969845
1115.2,94.05445702,94.0256778174216,94.0242164869589,94.0242164869589,94.0242164725694,94.037625,94.0373573110309,94.0227905273437,94.0220922594391
1115.25,94.05445702,94.0256823563895,94.0242534829728,94.0242534829728,94.0242534754574,94.036875,94.0366101933382,94.0228637695313,94.0221760218938
1115.3,94.05445702,94.0256868953573,94.0242904789866,94.0242904789866,94.0242904783453,94.036125,94.0358630756456,94.0229370117188,94.0222597843484
1115.35,94.05445702,94.0256914343251,94.0243274750004,94.0243274750004,94.0243274812332,94.035375,94.0351159579529,94.0230102539062,94.0223435468031
1115.4,94.05445702,94.025695973293,94.0243644710143,94.0243644710143,94.0243644841211,94.034625,94.0343688402602,94.0230834960937,94.0224273092577
1115.45,94.05445702,94.0257005122608,94.0244014670281,94.0244014670281,94.0244014870091,94.033875,94.0336217225675,94.0231567382812,94.0225110717124
1115.5,94.05445702,94.0257050512287,94.024438463042,94.024438463042,94.024438489897,94.033125,94.0328746048748,94.0232299804688,94.022594834167
1115.55,94.05445702,94.0257095901965,94.0244754590558,94.0244754590558,94.0244754927849,94.032375,94.0321274871821,94.0233032226563,94.0226785966217
1115.6,94.05445702,94.0257141291644,94.0245124550696,94.0245124550696,94.0245124956728,94.031625,94.0313803694895,94.0233764648438,94.0227623590763
1115.65,94.05445702,94.0257186681322,94.0245494510835,94.0245494510835,94.0245494985607,94.030875,94.0306332517968,94.0234497070312,94.022846121531
1115.7,94.05445702,94.0257232071001,94.0245864470973,94.0245864470973,94.0245865014487,94.030125,94.0298861341041,94.0235229492187,94.0229298839856
1115.75,94.05445702,94.0257277460679,94.0246234431112,94.0246234431112,94.0246235043366,94.029375,94.0291390164114,94.0235961914063,94.0230136464403
1115.8,94.05445702,94.0257322850358,94.024660439125,94.024660439125,94.0246605072245,94.028625,94.0283918987187,94.0236694335938,94.0230974088949
1115.85,94.05445702,94.0257368240036,94.0246974351388,94.0246974351388,94.0246975101124,94.027875,94.027644781026,94.0237426757812,94.0231811713496
1115.9,94.05445702,94.0257413629714,94.0247344311527,94.0247344311527,94.0247345130003,94.027125,94.0268976633333,94.0238159179687,94.0232649338042
1115.95,94.05445702,94.0257459019393,94.0247714271665,94.0247714271665,94.0247715158882,94.026375,94.0261505456406,94.0238891601562,94.0233486962589
1116,94.05445702,94.0257504409071,94.0248084231804,94.0248084231804,94.0248085187762,94.025525,94.025303427948,94.0239624023438,94.0234324587135
1116.05,94.05445702,94.025754979875,94.0248454191942,94.0248454191942,94.0248455216641,94.024575,94.0243563102553,94.0240356445313,94.0235162211682
1116.1,94.05445702,94.0257595188428,94.024882415208,94.024882415208,94.024882524552,94.023625,94.0234091925626,94.0241088867188,94.0235999836228
1116.15,94.05445702,94.0257640578107,94.0249194112219,94.0249194112219,94.0249195274399,94.022675,94.0224620748699,94.0241821289062,94.0236837460775
1116.2,94.05445702,94.0257685967785,94.0249564072357,94.0249564072357,94.0249565303278,94.021725,94.0215149571772,94.0242553710937,94.0237675085321
1116.25,94.05445702,94.0257731357464,94.0249934032496,94.0249934032496,94.0249935332158,94.020775,94.0205678394845,94.0243286132813,94.0238512709868
1116.3,94.05445702,94.0257776747142,94.0250303992634,94.0250303992634,94.0250305361037,94.019825,94.0196207217919,94.0244018554688,94.0239350334414
1116.35,94.05445702,94.025782213682,94.0250673952772,94.0250673952772,94.0250675389916,94.018875,94.0186736040992,94.0244750976562,94.0240187958961
1116.4,94.05445702,94.0257867526499,94.0251043912911,94.0251043912911,94.0251045418795,94.017925,94.0177264864065,94.0245483398437,94.0241025583507
1116.45,94.05445702,94.0257912916177,94.0251413873049,94.0251413873049,94.0251415447674,94.016975,94.0167793687138,94.0246215820312,94.0241863208054
1116.5,94.05445702,94.0257958305856,94.0251783833188,94.0251783833188,94.0251785476554,94.016025,94.0158322510211,94.0246948242188,94.02427008326
1116.55,94.05445702,94.0258003695534,94.0252153793326,94.0252153793326,94.0252155505433,94.015075,94.0148851333284,94.0247680664063,94.0243538457147
1116.6,94.05445702,94.0258049085213,94.0252523753465,94.0252523753465,94.0252525534312,94.014125,94.0139380156357,94.0248413085938,94.0244376081693
1116.65,94.05445702,94.0258094474891,94.0252893713603,94.0252893713603,94.0252895563191,94.013175,94.0129908979431,94.0249145507812,94.024521370624
1116.7,94.05445702,94.025813986457,94.0253263673741,94.0253263673741,94.025326559207,94.012225,94.0120437802504,94.0249877929687,94.0246051330787
1116.75,94.05445702,94.0258185254248,94.025363363388,94.025363363388,94.025363562095,94.011275,94.0110966625577,94.0250610351563,94.0246888955333
1116.8,94.05445702,94.0258230643927,94.0254003594018,94.0254003594018,94.0254005649829,94.010325,94.010149544865,94.0251342773438,94.024772657988
1116.85,94.05445702,94.0258276033605,94.0254373554157,94.0254373554157,94.0254375678708,94.009375,94.0092024271723,94.0252075195312,94.0248564204426
1116.9,94.05445702,94.0258321423284,94.0254743514295,94.0254743514295,94.0254745707587,94.008425,94.0082553094796,94.0252807617187,94.0249401828973
1116.95,94.05445702,94.0258366812962,94.0255113474433,94.0255113474433,94.0255115736466,94.007475,94.0073081917869,94.0253540039062,94.0250239453519
1117,94.05445702,94.025841220264,94.0255483434572,94.0255483434572,94.0255485765346,94.007,94.0068360740943,94.0254272460938,94.0251077078066
1117.05,94.05445702,94.0258457592319,94.025585339471,94.025585339471,94.0255855794225,94.007,94.0068389564016,94.0255004882813,94.0251914702612
1117.1,94.05445702,94.0258502981997,94.0256223354849,94.0256223354849,94.0256225823104,94.007,94.0068418387089,94.0255737304688,94.0252752327159
1117.15,94.05445702,94.0258548371676,94.0256593314987,94.0256593314987,94.0256595851983,94.007,94.0068447210162,94.0256469726562,94.0253589951705
1117.2,94.05445702,94.0258593761354,94.0256963275125,94.0256963275125,94.0256965880862,94.007,94.0068476033235,94.0257202148437,94.0254427576252
1117.25,94.05445702,94.0258639151033,94.0257333235264,94.0257333235264,94.0257335909742,94.007,94.0068504856308,94.0257934570313,94.0255265200798
1117.3,94.05445702,94.0258684540711,94.0257703195402,94.0257703195402,94.0257705938621,94.007,94.0068533679381,94.0258666992188,94.0256102825345
1117.35,94.05445702,94.025872993039,94.0258073155541,94.0258073155541,94.02580759675,94.007,94.0068562502454,94.0259399414062,94.0256940449891
1117.4,94.05445702,94.0258775320068,94.0258443115679,94.0258443115679,94.0258445996379,94.007,94.0068591325528,94.0260131835937,94.0257778074438
1117.45,94.05445702,94.0258820709746,94.0258813075817,94.0258813075817,94.0258816025258,94.007,94.0068620148601,94.0260864257812,94.0258615698984
1117.5,94.05445702,94.0258866099425,94.0259183035956,94.0259183035956,94.0259186054138,94.007,94.0068648971674,94.0261596679688,94.0259453323531
1117.55,94.05445702,94.0258911489103,94.0259552996094,94.0259552996094,94.0259556083017,94.007,94.0068677794747,94.0262329101563,94.0260290948077
1117.6,94.05445702,94.0258956878782,94.0259922956233,94.0259922956233,94.0259926111896,94.007,94.006870661782,94.0263061523438,94.0261128572624
1117.65,94.05445702,94.025900226846,94.0260292916371,94.0260292916371,94.0260296140775,94.007,94.0068735440893,94.0263793945312,94.026196619717
1117.7,94.05445702,94.0259047658139,94.0260662876509,94.0260662876509,94.0260666169654,94.007,94.0068764263966,94.0264526367187,94.0262803821717
1117.75,94.05445702,94.0259093047817,94.0261032836648,94.0261032836648,94.0261036198533,94.007,94.006879308704,94.0265258789063,94.0263641446263
1117.8,94.05445702,94.0259138437496,94.0261402796786,94.0261402796786,94.0261406227413,94.007,94.0068821910113,94.0265991210938,94.026447907081
1117.85,94.05445702,94.0259183827174,94.0261772756925,94.0261772756925,94.0261776256292,94.007,94.0068850733186,94.0266723632812,94.0265316695356
1117.9,94.05445702,94.0259229216853,94.0262142717063,94.0262142717063,94.0262146285171,94.007,94.0068879556259,94.0267456054687,94.0266154319903
1117.95,94.05445702,94.0259274606531,94.0262512677202,94.0262512677202,94.026251631405,94.007,94.0068908379332,94.0268188476562,94.0266991944449
1118,94.05445702,94.0259319996209,94.026288263734,94.026288263734,94.026288634293,94.007,94.0068937202405,94.0268920898438,94.0267829568996
1118.05,94.05445702,94.0259365385888,94.0263252597478,94.0263252597478,94.0263256371809,94.007,94.0068966025478,94.0269653320313,94.0268667193542
1118.1,94.05445702,94.0259410775566,94.0263622557617,94.0263622557617,94.0263626400688,94.007,94.0068994848552,94.0270385742188,94.0269504818089
1118.15,94.05445702,94.0259456165245,94.0263992517755,94.0263992517755,94.0263996429567,94.007,94.0069023671625,94.0271118164062,94.0270342442635
1118.2,94.05445702,94.0259501554923,94.0264362477894,94.0264362477894,94.0264366458446,94.007,94.0069052494698,94.0271850585937,94.0271180067182
1118.25,94.05445702,94.0259546944602,94.0264732438032,94.0264732438032,94.0264736487325,94.007,94.0069081317771,94.0272583007813,94.0272017691728
1118.3,94.05445702,94.025959233428,94.026510239817,94.026510239817,94.0265106516205,94.007,94.0069110140844,94.0273315429688,94.0272855316275
1118.35,94.05445702,94.0259637723959,94.0265472358309,94.0265472358309,94.0265476545084,94.007,94.0069138963917,94.0274047851562,94.0273692940821
1118.4,94.05445702,94.0259683113637,94.0265842318447,94.0265842318447,94.0265846573963,94.007,94.0069167786991,94.0274780273437,94.0274530565368
1118.45,94.05445702,94.0259728503316,94.0266212278586,94.0266212278586,94.0266216602842,94.007,94.0069196610064,94.0275512695312,94.0275368189914
1118.5,94.05445702,94.0259773892994,94.0266582238724,94.0266582238724,94.0266586631721,94.007,94.0069225433137,94.0276245117188,94.0276205814461
1118.55,94.05445702,94.0259819282672,94.0266952198862,94.0266952198862,94.0266956660601,94.007,94.006925425621,94.0276977539063,94.0277043439008
1118.6,94.05445702,94.0259864672351,94.0267322159001,94.0267322159001,94.026732668948,94.007,94.0069283079283,94.0277709960938,94.0277881063554
1118.65,94.05445702,94.0259910062029,94.0267692119139,94.0267692119139,94.0267696718359,94.007,94.0069311902356,94.0278442382812,94.0278718688101
1118.7,94.05445702,94.0259955451708,94.0268062079278,94.0268062079278,94.0268066747238,94.007,94.0069340725429,94.0279174804687,94.0279556312647
1118.75,94.05445702,94.0260000841386,94.0268432039416,94.0268432039416,94.0268436776117,94.007,94.0069369548502,94.0279907226563,94.0280393937194
1118.8,94.05445702,94.0260046231065,94.0268801999554,94.0268801999554,94.0268806804997,94.007,94.0069398371576,94.0280639648438,94.028123156174
1118.85,94.05445702,94.0260091620743,94.0269171959693,94.0269171959693,94.0269176833876,94.007,94.0069427194649,94.0281372070312,94.0282069186287
1118.9,94.05445702,94.0260137010422,94.0269541919831,94.0269541919831,94.0269546862755,94.007,94.0069456017722,94.0282104492187,94.0282906810833
1118.95,94.05445702,94.02601824001,94.026991187997,94.026991187997,94.0269916891634,94.007,94.0069484840795,94.0282836914062,94.028374443538
1119,94.05445702,94.0260227789778,94.0270281840108,94.0270281840108,94.0270286920513,94.007075,94.0070263663868,94.0283569335938,94.0284582059926
1119.05,94.05445702,94.0260273179457,94.0270651800246,94.0270651800246,94.0270656949393,94.007225,94.0071792486941,94.0284301757813,94.0285419684473
1119.1,94.05445702,94.0260318569135,94.0271021760385,94.0271021760385,94.0271026978272,94.007375,94.0073321310014,94.0285034179688,94.0286257309019
1119.15,94.05445702,94.0260363958814,94.0271391720523,94.0271391720523,94.0271397007151,94.007525,94.0074850133088,94.0285766601562,94.0287094933566
1119.2,94.05445702,94.0260409348492,94.0271761680662,94.0271761680662,94.027176703603,94.007675,94.0076378956161,94.0286499023437,94.0287932558112
1119.25,94.05445702,94.0260454738171,94.02721316408,94.02721316408,94.0272137064909,94.007825,94.0077907779234,94.0287231445313,94.0288770182659
1119.3,94.05445702,94.0260500127849,94.0272501600939,94.0272501600939,94.0272507093789,94.007975,94.0079436602307,94.0287963867188,94.0289607807205
1119.35,94.05445702,94.0260545517528,94.0272871561077,94.0272871561077,94.0272877122668,94.008125,94.008096542538,94.0288696289062,94.0290445431752
1119.4,94.05445702,94.0260590907206,94.0273241521215,94.0273241521215,94.0273247151547,94.008275,94.0082494248453,94.0289428710937,94.0291283056298
1119.45,94.05445702,94.0260636296885,94.0273611481354,94.0273611481354,94.0273617180426,94.008425,94.0084023071526,94.0290161132812,94.0292120680845
1119.5,94.05445702,94.0260681686563,94.0273981441492,94.0273981441492,94.0273987209305,94.008575,94.00855518946,94.0290893554688,94.0292958305391
1119.55,94.05445702,94.0260727076242,94.0274351401631,94.0274351401631,94.0274357238185,94.008725,94.0087080717673,94.0291625976563,94.0293795929938
1119.6,94.05445702,94.026077246592,94.0274721361769,94.0274721361769,94.0274727267064,94.008875,94.0088609540746,94.0292358398438,94.0294633554484
1119.65,94.05445702,94.0260817855598,94.0275091321907,94.0275091321907,94.0275097295943,94.009025,94.0090138363819,94.0293090820312,94.0295471179031
1119.7,94.05445702,94.0260863245277,94.0275461282046,94.0275461282046,94.0275467324822,94.009175,94.0091667186892,94.0293823242187,94.0296308803577
1119.75,94.05445702,94.0260908634955,94.0275831242184,94.0275831242184,94.0275837353701,94.009325,94.0093196009965,94.0294555664063,94.0297146428124
1119.8,94.05445702,94.0260954024634,94.0276201202323,94.0276201202323,94.0276207382581,94.009475,94.0094724833038,94.0295288085938,94.029798405267
1119.85,94.05445702,94.0260999414312,94.0276571162461,94.0276571162461,94.027657741146,94.009625,94.0096253656112,94.0296020507812,94.0298821677217
1119.9,94.05445702,94.0261044803991,94.02769411226,94.02769411226,94.0276947440339,94.009775,94.0097782479185,94.0296752929687,94.0299659301763
1119.95,94.05445702,94.0261090193669,94.0277311082738,94.0277311082738,94.0277317469218,94.009925,94.0099311302258,94.0297485351562,94.030049692631
1120,94.05445702,94.0261135583348,94.0277681042876,94.0277681042876,94.0277687498097,94.010625,94.0106340125331,94.0298217773438,94.0301334550856
1120.05,94.05445702,94.0261162617329,94.0277600758504,94.0277600758504,94.0277607236496,94.011875,94.0118971567396,94.0298950195313,94.0302037245031
1120.1,94.05445702,94.026118965131,94.0277520474131,94.0277520474131,94.0277526974896,94.013125,94.0131603009461,94.0299682617188,94.0302739939205
1120.15,94.05445702,94.0261216685291,94.0277440189759,94.0277440189759,94.0277446713295,94.014375,94.0144234451525,94.0300415039062,94.030344263338
1120.2,94.05445702,94.0261243719272,94.0277359905387,94.0277359905387,94.0277366451694,94.015625,94.015686589359,94.0301147460937,94.0304145327555
1120.25,94.05445702,94.0261270753253,94.0277279621014,94.0277279621014,94.0277286190093,94.016875,94.0169497335655,94.0301879882813,94.0304848021729
1120.3,94.05445702,94.0261297787234,94.0277199336642,94.0277199336642,94.0277205928493,94.018125,94.018212877772,94.0302612304688,94.0305550715904
1120.35,94.05445702,94.0261324821215,94.0277119052269,94.0277119052269,94.0277125666892,94.019375,94.0194760219785,94.0303344726562,94.0306253410078
1120.4,94.05445702,94.0261351855196,94.0277038767897,94.0277038767897,94.0277045405291,94.020625,94.020739166185,94.0304077148437,94.0306956104253
1120.45,94.05445702,94.0261378889177,94.0276958483525,94.0276958483525,94.027696514369,94.021875,94.0220023103914,94.0304809570312,94.0307658798428
1120.5,94.05445702,94.0261405923158,94.0276878199152,94.0276878199152,94.0276884882089,94.023125,94.0232654545979,94.0305541992188,94.0308361492602
1120.55,94.05445702,94.0261432957139,94.027679791478,94.027679791478,94.0276804620489,94.024375,94.0245285988044,94.0306274414063,94.0309064186777
1120.6,94.05445702,94.026145999112,94.0276717630407,94.0276717630407,94.0276724358888,94.025625,94.0257917430109,94.0307006835938,94.0309766880951
1120.65,94.05445702,94.0261487025101,94.0276637346035,94.0276637346035,94.0276644097287,94.026875,94.0270548872174,94.0307739257812,94.0310469575126
1120.7,94.05445702,94.0261514059082,94.0276557061663,94.0276557061663,94.0276563835686,94.028125,94.0283180314238,94.0308471679687,94.03111722693
1120.75,94.05445702,94.0261541093063,94.027647677729,94.027647677729,94.0276483574086,94.029375,94.0295811756303,94.0309204101563,94.0311874963475
1120.8,94.05445702,94.0261568127044,94.0276396492918,94.0276396492918,94.0276403312485,94.030625,94.0308443198368,94.0309936523438,94.031257765765
1120.85,94.05445702,94.0261595161025,94.0276316208545,94.0276316208545,94.0276323050884,94.031875,94.0321074640433,94.0310668945312,94.0313280351824
1120.9,94.05445702,94.0261622195006,94.0276235924173,94.0276235924173,94.0276242789283,94.033125,94.0333706082498,94.0311401367187,94.0313983045999
1120.95,94.05445702,94.0261649228987,94.02761556398,94.02761556398,94.0276162527682,94.034375,94.0346337524563,94.0312133789062,94.0314685740173
1121,94.05445702,94.0261676262968,94.0276075355428,94.0276075355428,94.0276082266082,94.035275,94.0355468966627,94.0312377929688,94.0314900153098
1121.05,94.05445702,94.0261703296949,94.0275995071056,94.0275995071056,94.0276002004481,94.035825,94.0361100408692,94.0312133789062,94.0314626284773
1121.1,94.05445702,94.026173033093,94.0275914786683,94.0275914786683,94.027592174288,94.036375,94.0366731850757,94.0311889648438,94.0314352416447
1121.15,94.05445702,94.0261757364911,94.0275834502311,94.0275834502311,94.0275841481279,94.036925,94.0372363292822,94.0311645507813,94.0314078548122
1121.2,94.05445702,94.0261784398892,94.0275754217939,94.0275754217939,94.0275761219678,94.037475,94.0377994734887,94.0311401367187,94.0313804679796
1121.25,94.05445702,94.0261811432873,94.0275673933566,94.0275673933566,94.0275680958078,94.038025,94.0383626176951,94.0311157226563,94.0313530811471
1121.3,94.05445702,94.0261838466854,94.0275593649194,94.0275593649194,94.0275600696477,94.038575,94.0389257619016,94.0310913085937,94.0313256943145
1121.35,94.05445702,94.0261865500835,94.0275513364821,94.0275513364821,94.0275520434876,94.039125,94.0394889061081,94.0310668945312,94.031298307482
1121.4,94.05445702,94.0261892534816,94.0275433080449,94.0275433080449,94.0275440173275,94.039675,94.0400520503146,94.0310424804688,94.0312709206495
1121.45,94.05445702,94.0261919568797,94.0275352796076,94.0275352796076,94.0275359911675,94.040225,94.0406151945211,94.0310180664062,94.0312435338169
1121.5,94.05445702,94.0261946602778,94.0275272511704,94.0275272511704,94.0275279650074,94.040775,94.0411783387275,94.0309936523438,94.0312161469844
1121.55,94.05445702,94.0261973636759,94.0275192227332,94.0275192227332,94.0275199388473,94.041325,94.041741482934,94.0309692382812,94.0311887601518
1121.6,94.05445702,94.026200067074,94.0275111942959,94.0275111942959,94.0275119126872,94.041875,94.0423046271405,94.0309448242188,94.0311613733193
1121.65,94.05445702,94.0262027704721,94.0275031658587,94.0275031658587,94.0275038865271,94.042425,94.042867771347,94.0309204101563,94.0311339864868
1121.7,94.05445702,94.0262054738702,94.0274951374214,94.0274951374214,94.0274958603671,94.042975,94.0434309155535,94.0308959960937,94.0311065996542
1121.75,94.05445702,94.0262081772683,94.0274871089842,94.0274871089842,94.027487834207,94.043525,94.04399405976,94.0308715820313,94.0310792128217
1121.8,94.05445702,94.0262108806664,94.027479080547,94.027479080547,94.0274798080469,94.044075,94.0445572039664,94.0308471679687,94.0310518259891
1121.85,94.05445702,94.0262135840645,94.0274710521097,94.0274710521097,94.0274717818868,94.044625,94.0451203481729,94.0308227539062,94.0310244391566
1121.9,94.05445702,94.0262162874626,94.0274630236725,94.0274630236725,94.0274637557267,94.045175,94.0456834923794,94.0307983398438,94.0309970523241
1121.95,94.05445702,94.0262189908607,94.0274549952352,94.0274549952352,94.0274557295667,94.045725,94.0462466365859,94.0307739257812,94.0309696654915
1122,94.05445702,94.0262216942588,94.027446966798,94.027446966798,94.0274477034066,94.046,94.0465347807924,94.0307495117188,94.030942278659
1122.05,94.05445702,94.0262243976569,94.0274389383608,94.0274389383608,94.0274396772465,94.046,94.0465479249988,94.0307250976562,94.0309148918264
1122.1,94.05445702,94.026227101055,94.0274309099235,94.0274309099235,94.0274316510864,94.046,94.0465610692053,94.0307006835938,94.0308875049939
1122.15,94.05445702,94.0262298044531,94.0274228814863,94.0274228814863,94.0274236249263,94.046,94.0465742134118,94.0306762695313,94.0308601181613
1122.2,94.05445702,94.0262325078512,94.027414853049,94.027414853049,94.0274155987663,94.046,94.0465873576183,94.0306518554687,94.0308327313288
1122.25,94.05445702,94.0262352112493,94.0274068246118,94.0274068246118,94.0274075726062,94.046,94.0466005018248,94.0306274414063,94.0308053444963
1122.3,94.05445702,94.0262379146474,94.0273987961746,94.0273987961746,94.0273995464461,94.046,94.0466136460313,94.0306030273437,94.0307779576637
1122.35,94.05445702,94.0262406180455,94.0273907677373,94.0273907677373,94.027391520286,94.046,94.0466267902378,94.0305786132812,94.0307505708312
1122.4,94.05445702,94.0262433214436,94.0273827393001,94.0273827393001,94.027383494126,94.046,94.0466399344442,94.0305541992188,94.0307231839986
1122.45,94.05445702,94.0262460248418,94.0273747108628,94.0273747108628,94.0273754679659,94.046,94.0466530786507,94.0305297851562,94.0306957971661
1122.5,94.05445702,94.0262487282398,94.0273666824256,94.0273666824256,94.0273674418058,94.046,94.0466662228572,94.0305053710938,94.0306684103335
1122.55,94.05445702,94.0262514316379,94.0273586539883,94.0273586539883,94.0273594156457,94.046,94.0466793670637,94.0304809570312,94.030641023501
1122.6,94.05445702,94.0262541350361,94.0273506255511,94.0273506255511,94.0273513894856,94.046,94.0466925112702,94.0304565429688,94.0306136366685
1122.65,94.05445702,94.0262568384342,94.0273425971139,94.0273425971139,94.0273433633256,94.046,94.0467056554766,94.0304321289063,94.0305862498359
1122.7,94.05445702,94.0262595418323,94.0273345686766,94.0273345686766,94.0273353371655,94.046,94.0467187996831,94.0304077148437,94.0305588630034
1122.75,94.05445702,94.0262622452304,94.0273265402394,94.0273265402394,94.0273273110054,94.046,94.0467319438896,94.0303833007813,94.0305314761709
1122.8,94.05445702,94.0262649486285,94.0273185118022,94.0273185118022,94.0273192848453,94.046,94.0467450880961,94.0303588867187,94.0305040893383
1122.85,94.05445702,94.0262676520266,94.0273104833649,94.0273104833649,94.0273112586852,94.046,94.0467582323026,94.0303344726562,94.0304767025058
1122.9,94.05445702,94.0262703554247,94.0273024549277,94.0273024549277,94.0273032325252,94.046,94.046771376509,94.0303100585938,94.0304493156732
1122.95,94.05445702,94.0262730588228,94.0272944264904,94.0272944264904,94.0272952063651,94.046,94.0467845207155,94.0302856445312,94.0304219288407
1123,94.05445702,94.0262757622209,94.0272863980532,94.0272863980532,94.027287180205,94.046,94.046797664922,94.0302612304688,94.0303945420081
1123.05,94.05445702,94.026278465619,94.0272783696159,94.0272783696159,94.0272791540449,94.046,94.0468108091285,94.0302368164062,94.0303671551756
1123.1,94.05445702,94.0262811690171,94.0272703411787,94.0272703411787,94.0272711278849,94.046,94.046823953335,94.0302124023438,94.0303397683431
1123.15,94.05445702,94.0262838724152,94.0272623127415,94.0272623127415,94.0272631017248,94.046,94.0468370975415,94.0301879882813,94.0303123815105
1123.2,94.05445702,94.0262865758133,94.0272542843042,94.0272542843042,94.0272550755647,94.046,94.0468502417479,94.0301635742187,94.030284994678
1123.25,94.05445702,94.0262892792114,94.027246255867,94.027246255867,94.0272470494046,94.046,94.0468633859544,94.0301391601563,94.0302576078454
1123.3,94.05445702,94.0262919826095,94.0272382274297,94.0272382274297,94.0272390232445,94.046,94.0468765301609,94.0301147460937,94.0302302210129
1123.35,94.05445702,94.0262946860076,94.0272301989925,94.0272301989925,94.0272309970845,94.046,94.0468896743674,94.0300903320312,94.0302028341803
1123.4,94.05445702,94.0262973894057,94.0272221705553,94.0272221705553,94.0272229709244,94.046,94.0469028185739,94.0300659179688,94.0301754473478
1123.45,94.05445702,94.0263000928038,94.027214142118,94.027214142118,94.0272149447643,94.046,94.0469159627803,94.0300415039062,94.0301480605153
1123.5,94.05445702,94.0263027962019,94.0272061136808,94.0272061136808,94.0272069186042,94.046,94.0469291069868,94.0300170898438,94.0301206736827
1123.55,94.05445702,94.0263054996,94.0271980852435,94.0271980852435,94.0271988924441,94.046,94.0469422511933,94.0299926757812,94.0300932868502
1123.6,94.05445702,94.0263082029981,94.0271900568063,94.0271900568063,94.0271908662841,94.046,94.0469553953998,94.0299682617188,94.0300659000176
1123.65,94.05445702,94.0263109063962,94.0271820283691,94.0271820283691,94.027182840124,94.046,94.0469685396063,94.0299438476563,94.0300385131851
1123.7,94.05445702,94.0263136097943,94.0271739999318,94.0271739999318,94.0271748139639,94.046,94.0469816838128,94.0299194335937,94.0300111263525
1123.75,94.05445702,94.0263163131924,94.0271659714946,94.0271659714946,94.0271667878038,94.046,94.0469948280192,94.0298950195313,94.02998373952
1123.8,94.05445702,94.0263190165905,94.0271579430573,94.0271579430573,94.0271587616437,94.046,94.0470079722257,94.0298706054687,94.0299563526875
1123.85,94.05445702,94.0263217199886,94.0271499146201,94.0271499146201,94.0271507354837,94.046,94.0470211164322,94.0298461914062,94.0299289658549
1123.9,94.05445702,94.0263244233867,94.0271418861828,94.0271418861828,94.0271427093236,94.046,94.0470342606387,94.0298217773438,94.0299015790224
1123.95,94.05445702,94.0263271267848,94.0271338577456,94.0271338577456,94.0271346831635,94.046,94.0470474048452,94.0297973632812,94.0298741921899
1124,94.05445702,94.0263298301829,94.0271258293084,94.0271258293084,94.0271266570034,94.045725,94.0467855490516,94.0297729492188,94.0298468053573
1124.05,94.05445702,94.026332533581,94.0271178008711,94.0271178008711,94.0271186308434,94.045175,94.0462486932581,94.0297485351562,94.0298194185248
1124.1,94.05445702,94.0263352369791,94.0271097724339,94.0271097724339,94.0271106046833,94.044625,94.0457118374646,94.0297241210938,94.0297920316922
1124.15,94.05445702,94.0263379403772,94.0271017439966,94.0271017439966,94.0271025785232,94.044075,94.0451749816711,94.0296997070313,94.0297646448597
1124.2,94.05445702,94.0263406437753,94.0270937155594,94.0270937155594,94.0270945523631,94.043525,94.0446381258776,94.0296752929687,94.0297372580271
1124.25,94.05445702,94.0263433471734,94.0270856871222,94.0270856871222,94.027086526203,94.042975,94.0441012700841,94.0296508789063,94.0297098711946
1124.3,94.05445702,94.0263460505715,94.0270776586849,94.0270776586849,94.027078500043,94.042425,94.0435644142905,94.0296264648437,94.0296824843621
1124.35,94.05445702,94.0263487539696,94.0270696302477,94.0270696302477,94.0270704738829,94.041875,94.043027558497,94.0296020507812,94.0296550975295
1124.4,94.05445702,94.0263514573677,94.0270616018104,94.0270616018104,94.0270624477228,94.041325,94.0424907027035,94.0295776367188,94.029627710697
1124.45,94.05445702,94.0263541607658,94.0270535733732,94.0270535733732,94.0270544215627,94.040775,94.04195384691,94.0295532226562,94.0296003238644
1124.5,94.05445702,94.0263568641639,94.027045544936,94.027045544936,94.0270463954026,94.040225,94.0414169911165,94.0295288085938,94.0295729370319
1124.55,94.05445702,94.026359567562,94.0270375164987,94.0270375164987,94.0270383692426,94.039675,94.040880135323,94.0295043945312,94.0295455501993
1124.6,94.05445702,94.0263622709601,94.0270294880615,94.0270294880615,94.0270303430825,94.039125,94.0403432795294,94.0294799804688,94.0295181633668
1124.65,94.05445702,94.0263649743582,94.0270214596242,94.0270214596242,94.0270223169224,94.038575,94.0398064237359,94.0294555664063,94.0294907765343
1124.7,94.05445702,94.0263676777563,94.027013431187,94.027013431187,94.0270142907623,94.038025,94.0392695679424,94.0294311523437,94.0294633897017
1124.75,94.05445702,94.0263703811544,94.0270054027498,94.0270054027498,94.0270062646023,94.037475,94.0387327121489,94.0294067382813,94.0294360028692
1124.8,94.05445702,94.0263730845525,94.0269973743125,94.0269973743125,94.0269982384422,94.036925,94.0381958563554,94.0293823242187,94.0294086160366
1124.85,94.05445702,94.0263757879506,94.0269893458753,94.0269893458753,94.0269902122821,94.036375,94.0376590005618,94.0293579101562,94.0293812292041
1124.9,94.05445702,94.0263784913487,94.026981317438,94.026981317438,94.026982186122,94.035825,94.0371221447683,94.0293334960938,94.0293538423715
1124.95,94.05445702,94.0263811947468,94.0269732890008,94.0269732890008,94.0269741599619,94.035275,94.0365852889748,94.0293090820312,94.029326455539
1125,94.05445702,94.0263838981449,94.0269652605636,94.0269652605636,94.0269661338019,94.03485,94.0361734331813,94.0292846679688,94.0292990687065
1125.05,94.05445702,94.0263866015431,94.0269572321263,94.0269572321263,94.0269581076418,94.03455,94.0358865773878,94.0292602539062,94.0292716818739
1125.1,94.05445702,94.0263893049411,94.0269492036891,94.0269492036891,94.0269500814817,94.03425,94.0355997215943,94.0292358398438,94.0292442950414
1125.15,94.05445702,94.0263920083393,94.0269411752518,94.0269411752518,94.0269420553216,94.03395,94.0353128658007,94.0292114257813,94.0292169082089
1125.2,94.05445702,94.0263947117374,94.0269331468146,94.0269331468146,94.0269340291616,94.03365,94.0350260100072,94.0291870117187,94.0291895213763
1125.25,94.05445702,94.0263974151355,94.0269251183773,94.0269251183773,94.0269260030015,94.03335,94.0347391542137,94.0291625976563,94.0291621345438
1125.3,94.05445702,94.0264001185336,94.0269170899401,94.0269170899401,94.0269179768414,94.03305,94.0344522984202,94.0291381835937,94.0291347477112
1125.35,94.05445702,94.0264028219317,94.0269090615029,94.0269090615029,94.0269099506813,94.03275,94.0341654426267,94.0291137695312,94.0291073608787
1125.4,94.05445702,94.0264055253298,94.0269010330656,94.0269010330656,94.0269019245212,94.03245,94.0338785868331,94.0290893554688,94.0290799740461
1125.45,94.05445702,94.0264082287279,94.0268930046284,94.0268930046284,94.0268938983612,94.03215,94.0335917310396,94.0290649414062,94.0290525872136
1125.5,94.05443916,94.026410932126,94.0268849761911,94.0268849761911,94.0268858722011,94.03185,94.0333048752461,94.0290405273438,94.0290252003811
1125.55,94.05440062,94.0264136355241,94.0268769477539,94.0268769477539,94.026877846041,94.03155,94.0330180194526,94.0290161132812,94.0289978135485
1125.6,94.05436208,94.0264163389222,94.0268689193167,94.0268689193167,94.0268698198809,94.03125,94.0327311636591,94.0289916992188,94.028970426716
1125.65,94.05432354,94.0264190423203,94.0268608908794,94.0268608908794,94.0268617937208,94.03095,94.0324443078655,94.0289672851563,94.0289430398834
1125.7,94.05428594,94.0264217457184,94.0268528624422,94.0268528624422,94.0268537675608,94.03065,94.032157452072,94.0289428710937,94.0289156530509
1125.75,94.0542474,94.0264244491165,94.0268448340049,94.0268448340049,94.0268457414007,94.03035,94.0318705962785,94.0289184570313,94.0288882662183
1125.8,94.05420886,94.0264271525146,94.0268368055677,94.0268368055677,94.0268377152406,94.03005,94.031583740485,94.0288940429687,94.0288608793858
1125.85,94.05417032,94.0264298559127,94.0268287771305,94.0268287771305,94.0268296890805,94.02975,94.0312968846915,94.0288696289062,94.0288334925533
1125.9,94.05413178,94.0264325593108,94.0268207486932,94.0268207486932,94.0268216629205,94.02945,94.031010028898,94.0288452148438,94.0288061057207
1125.95,94.05409324,94.0264352627089,94.026812720256,94.026812720256,94.0268136367604,94.02915,94.0307231731044,94.0288208007812,94.0287787188882
1126,94.0540547,94.026437966107,94.0268046918187,94.0268046918187,94.0268056106003,94.029,94.0305863173109,94.0287963867188,94.0287513320556
1126.05,94.05401616,94.0264406695051,94.0267966633815,94.0267966633815,94.0267975844402,94.029,94.0305994615174,94.0287719726562,94.0287239452231
1126.1,94.05397762,94.0264433729032,94.0267886349443,94.0267886349443,94.0267895582801,94.029,94.0306126057239,94.0287475585938,94.0286965583905
1126.15,94.05393908,94.0264460763013,94.026780606507,94.026780606507,94.0267815321201,94.029,94.0306257499304,94.0287231445313,94.028669171558
1126.2,94.05390054,94.0264487796994,94.0267725780698,94.0267725780698,94.02677350596,94.029,94.0306388941369,94.0286987304687,94.0286417847255
1126.25,94.053862,94.0264514830975,94.0267645496325,94.0267645496325,94.0267654797999,94.029,94.0306520383433,94.0286743164063,94.0286143978929
1126.3,94.05382346,94.0264541864956,94.0267565211953,94.0267565211953,94.0267574536398,94.029,94.0306651825498,94.0286499023437,94.0285870110604
1126.35,94.05378492,94.0264568898937,94.0267484927581,94.0267484927581,94.0267494274797,94.029,94.0306783267563,94.0286254882812,94.0285596242279
1126.4,94.05374638,94.0264595932918,94.0267404643208,94.0267404643208,94.0267414013197,94.029,94.0306914709628,94.0286010742188,94.0285322373953
1126.45,94.05370784,94.0264622966899,94.0267324358836,94.0267324358836,94.0267333751596,94.029,94.0307046151693,94.0285766601562,94.0285048505628
1126.5,94.0536693,94.026465000088,94.0267244074463,94.0267244074463,94.0267253489995,94.029,94.0307177593757,94.0285522460938,94.0284774637302
1126.55,94.05363076,94.0264677034861,94.0267163790091,94.0267163790091,94.0267173228394,94.029,94.0307309035822,94.0285278320312,94.0284500768977
1126.6,94.05359222,94.0264704068842,94.0267083505719,94.0267083505719,94.0267092966793,94.029,94.0307440477887,94.0285034179688,94.0284226900651
1126.65,94.05355368,94.0264731102823,94.0267003221346,94.0267003221346,94.0267012705193,94.029,94.0307571919952,94.0284790039063,94.0283953032326
1126.7,94.05351514,94.0264758136804,94.0266922936974,94.0266922936974,94.0266932443592,94.029,94.0307703362017,94.0284545898437,94.0283679164001
1126.75,94.05347754,94.0264785170785,94.0266842652601,94.0266842652601,94.0266852181991,94.029,94.0307834804081,94.0284301757813,94.0283405295675
1126.8,94.053439,94.0264812204766,94.0266762368229,94.0266762368229,94.026677192039,94.029,94.0307966246146,94.0284057617187,94.028313142735
1126.85,94.05340046,94.0264839238747,94.0266682083856,94.0266682083856,94.026669165879,94.029,94.0308097688211,94.0283813476562,94.0282857559024
1126.9,94.05336192,94.0264866272728,94.0266601799484,94.0266601799484,94.0266611397189,94.029,94.0308229130276,94.0283569335938,94.0282583690699
1126.95,94.05332338,94.0264893306709,94.0266521515112,94.0266521515112,94.0266531135588,94.029,94.0308360572341,94.0283325195312,94.0282309822373
1127,94.05328484,94.026492034069,94.0266441230739,94.0266441230739,94.0266450873987,94.029,94.0308492014406,94.0283081054688,94.0282035954048
1127.05,94.0532463,94.0264947374671,94.0266360946367,94.0266360946367,94.0266370612386,94.029,94.030862345647,94.0282836914062,94.0281762085723
1127.1,94.05320776,94.0264974408652,94.0266280661994,94.0266280661994,94.0266290350786,94.029,94.0308754898535,94.0282592773438,94.0281488217397
1127.15,94.05316922,94.0265001442633,94.0266200377622,94.0266200377622,94.0266210089185,94.029,94.03088863406,94.0282348632813,94.0281214349072
1127.2,94.05313068,94.0265028476614,94.026612009325,94.026612009325,94.0266129827584,94.029,94.0309017782665,94.0282104492187,94.0280940480746
1127.25,94.05309214,94.0265055510595,94.0266039808877,94.0266039808877,94.0266049565983,94.029,94.030914922473,94.0281860351563,94.0280666612421
1127.3,94.0530536,94.0265082544576,94.0265959524505,94.0265959524505,94.0265969304382,94.029,94.0309280666795,94.0281616210937,94.0280392744096
1127.35,94.05301506,94.0265109578557,94.0265879240132,94.0265879240132,94.0265889042782,94.029,94.0309412108859,94.0281372070312,94.028011887577
1127.4,94.05297652,94.0265136612538,94.026579895576,94.026579895576,94.0265808781181,94.029,94.0309543550924,94.0281127929688,94.0279845007445
1127.45,94.05293798,94.0265163646519,94.0265718671388,94.0265718671388,94.026572851958,94.029,94.0309674992989,94.0280883789062,94.0279571139119
1127.5,94.05289944,94.02651906805,94.0265638387015,94.0265638387015,94.0265648257979,94.029,94.0309806435054,94.0280639648438,94.0279297270794
1127.55,94.0528609,94.0265217714481,94.0265558102643,94.0265558102643,94.0265567996379,94.029,94.0309937877119,94.0280395507812,94.0279023402469
1127.6,94.05282236,94.0265244748463,94.026547781827,94.026547781827,94.0265487734778,94.029,94.0310069319183,94.0280151367188,94.0278749534143
1127.65,94.05278382,94.0265271782444,94.0265397533898,94.0265397533898,94.0265407473177,94.029,94.0310200761248,94.0279907226563,94.0278475665818
1127.7,94.05274528,94.0265298816424,94.0265317249525,94.0265317249525,94.0265327211576,94.029,94.0310332203313,94.0279663085937,94.0278201797492
1127.75,94.05270768,94.0265325850406,94.0265236965153,94.0265236965153,94.0265246949975,94.029,94.0310463645378,94.0279418945313,94.0277927929167
1127.8,94.05266914,94.0265352884387,94.0265156680781,94.0265156680781,94.0265166688375,94.029,94.0310595087443,94.0279174804687,94.0277654060841
1127.85,94.0526306,94.0265379918368,94.0265076396408,94.0265076396408,94.0265086426774,94.029,94.0310726529508,94.0278930664062,94.0277380192516
1127.9,94.05259206,94.0265406952349,94.0264996112036,94.0264996112036,94.0265006165173,94.029,94.0310857971572,94.0278686523438,94.0277106324191
1127.95,94.05255352,94.026543398633,94.0264915827664,94.0264915827664,94.0264925903572,94.029,94.0310989413637,94.0278442382812,94.0276832455865
1128,94.05251498,94.0265461020311,94.0264835543291,94.0264835543291,94.0264845641971,94.029075,94.0311870855702,94.0278198242188,94.027655858754
1128.05,94.05247644,94.0265488054292,94.0264755258919,94.0264755258919,94.0264765380371,94.029225,94.0313502297767,94.0277954101562,94.0276284719214
1128.1,94.0524379,94.0265515088273,94.0264674974546,94.0264674974546,94.026468511877,94.029375,94.0315133739832,94.0277709960938,94.0276010850889
1128.15,94.05239936,94.0265542122254,94.0264594690174,94.0264594690174,94.0264604857169,94.029525,94.0316765181896,94.0277465820313,94.0275736982563
1128.2,94.05236082,94.0265569156235,94.0264514405801,94.0264514405801,94.0264524595568,94.029675,94.0318396623961,94.0277221679687,94.0275463114238
1128.25,94.05232228,94.0265596190216,94.0264434121429,94.0264434121429,94.0264444333967,94.029825,94.0320028066026,94.0276977539063,94.0275189245913
1128.3,94.05228374,94.0265623224197,94.0264353837057,94.0264353837057,94.0264364072367,94.029975,94.0321659508091,94.0276733398437,94.0274915377587
1128.35,94.0522452,94.0265650258178,94.0264273552684,94.0264273552684,94.0264283810766,94.030125,94.0323290950156,94.0276489257812,94.0274641509262
1128.4,94.05220666,94.0265677292159,94.0264193268312,94.0264193268312,94.0264203549165,94.030275,94.0324922392221,94.0276245117188,94.0274367640936
1128.45,94.05216812,94.026570432614,94.0264112983939,94.0264112983939,94.0264123287564,94.030425,94.0326553834285,94.0276000976562,94.0274093772611
1128.5,94.05212958,94.0265731360121,94.0264032699567,94.0264032699567,94.0264043025964,94.030575,94.032818527635,94.0275756835938,94.0273819904286
1128.55,94.05209104,94.0265758394102,94.0263952415195,94.0263952415195,94.0263962764363,94.030725,94.0329816718415,94.0275512695312,94.027354603596
1128.6,94.0520525,94.0265785428083,94.0263872130822,94.0263872130822,94.0263882502762,94.030875,94.033144816048,94.0275268554688,94.0273272167635
1128.65,94.05201396,94.0265812462064,94.026379184645,94.026379184645,94.0263802241161,94.031025,94.0333079602545,94.0275024414063,94.0272998299309
1128.7,94.05197542,94.0265839496045,94.0263711562077,94.0263711562077,94.0263721979561,94.031175,94.0334711044609,94.0274780273437,94.0272724430984
1128.75,94.05193688,94.0265866530026,94.0263631277705,94.0263631277705,94.026364171796,94.031325,94.0336342486674,94.0274536132813,94.0272450562659
1128.8,94.05189928,94.0265893564007,94.0263550993333,94.0263550993333,94.0263561456359,94.031475,94.0337973928739,94.0274291992187,94.0272176694333
1128.85,94.05186074,94.0265920597988,94.026347070896,94.026347070896,94.0263481194758,94.031625,94.0339605370804,94.0274047851562,94.0271902826008
1128.9,94.0518222,94.0265947631969,94.0263390424588,94.0263390424588,94.0263400933157,94.031775,94.0341236812869,94.0273803710938,94.0271628957682
1128.95,94.05178366,94.026597466595,94.0263310140215,94.0263310140215,94.0263320671556,94.031925,94.0342868254934,94.0273559570312,94.0271355089357
1129,94.05174512,94.0266001699931,94.0263229855843,94.0263229855843,94.0263240409956,94.032,94.0343749696998,94.0273071289062,94.0270837080406
1129.05,94.05170658,94.0266028733912,94.0263149571471,94.0263149571471,94.0263160148355,94.032,94.0343881139063,94.0272338867187,94.0270074930831
1129.1,94.05166804,94.0266055767893,94.0263069287098,94.0263069287098,94.0263079886754,94.032,94.0344012581128,94.0271606445312,94.0269312781256
1129.15,94.0516295,94.0266082801874,94.0262989002726,94.0262989002726,94.0262999625153,94.032,94.0344144023193,94.0270874023438,94.026855063168
1129.2,94.05159096,94.0266109835855,94.0262908718353,94.0262908718353,94.0262919363552,94.032,94.0344275465258,94.0270141601563,94.0267788482105
1129.25,94.05155242,94.0266136869836,94.0262828433981,94.0262828433981,94.0262839101952,94.032,94.0344406907323,94.0269409179687,94.0267026332529
1129.3,94.05151388,94.0266163903817,94.0262748149609,94.0262748149609,94.0262758840351,94.032,94.0344538349387,94.0268676757812,94.0266264182954
1129.35,94.05147534,94.0266190937798,94.0262667865236,94.0262667865236,94.026267857875,94.032,94.0344669791452,94.0267944335938,94.0265502033378
1129.4,94.0514368,94.0266217971779,94.0262587580864,94.0262587580864,94.0262598317149,94.032,94.0344801233517,94.0267211914063,94.0264739883803
1129.45,94.05139826,94.026624500576,94.0262507296491,94.0262507296491,94.0262518055549,94.032,94.0344932675582,94.0266479492188,94.0263977734228
1129.5,94.05135972,94.0266272039741,94.0262427012119,94.0262427012119,94.0262437793948,94.032,94.0345064117647,94.0265747070312,94.0263215584652
1129.55,94.05132118,94.0266299073722,94.0262346727746,94.0262346727746,94.0262357532347,94.032,94.0345195559711,94.0265014648437,94.0262453435077
1129.6,94.05128264,94.0266326107703,94.0262266443374,94.0262266443374,94.0262277270746,94.032,94.0345327001776,94.0264282226562,94.0261691285501
1129.65,94.0512441,94.0266353141684,94.0262186159002,94.0262186159002,94.0262197009146,94.032,94.0345458443841,94.0263549804688,94.0260929135926
1129.7,94.05120556,94.0266380175665,94.0262105874629,94.0262105874629,94.0262116747545,94.032,94.0345589885906,94.0262817382813,94.0260166986351
1129.75,94.05116702,94.0266407209646,94.0262025590257,94.0262025590257,94.0262036485944,94.032,94.0345721327971,94.0262084960937,94.0259404836775
1129.8,94.05112848,94.0266434243627,94.0261945305884,94.0261945305884,94.0261956224343,94.032,94.0345852770035,94.0261352539062,94.02586426872
1129.85,94.05109088,94.0266461277608,94.0261865021512,94.0261865021512,94.0261875962742,94.032,94.03459842121,94.0260620117188,94.0257880537624
1129.9,94.05105234,94.0266488311589,94.026178473714,94.026178473714,94.0261795701142,94.032,94.0346115654165,94.0259887695313,94.0257118388049
1129.95,94.0510138,94.026651534557,94.0261704452767,94.0261704452767,94.0261715439541,94.032,94.034624709623,94.0259155273438,94.0256356238474
1130,94.05097526,94.0266542379551,94.0261624168395,94.0261624168395,94.026163517794,94.032,94.0346378538295,94.0258422851562,94.0255594088898
1130.05,94.05093672,94.0266542851673,94.0261484753506,94.0261484753506,94.0261495596456,94.032,94.0346487257909,94.0257690429687,94.0254830195341
1130.1,94.05089818,94.0266543323795,94.0261345338617,94.0261345338617,94.0261356014972,94.032,94.0346595977523,94.0256958007812,94.0254066301785
1130.15,94.05085964,94.0266543795916,94.0261205923728,94.0261205923728,94.0261216433487,94.032,94.0346704697136,94.0256225585938,94.0253302408228
1130.2,94.0508211,94.0266544268037,94.026106650884,94.026106650884,94.0261076852003,94.032,94.034681341675,94.0255493164063,94.0252538514671
1130.25,94.05078256,94.0266544740159,94.0260927093951,94.0260927093951,94.0260937270519,94.032,94.0346922136364,94.0254760742187,94.0251774621114
1130.3,94.05074402,94.0266545212281,94.0260787679062,94.0260787679062,94.0260797689035,94.032,94.0347030855978,94.0254028320312,94.0251010727557
1130.35,94.05070548,94.0266545684402,94.0260648264173,94.0260648264173,94.026065810755,94.032,94.0347139575592,94.0253295898438,94.0250246834
1130.4,94.05066694,94.0266546156523,94.0260508849284,94.0260508849284,94.0260518526066,94.032,94.0347248295206,94.0252563476563,94.0249482940444
1130.45,94.0506284,94.0266546628645,94.0260369434396,94.0260369434396,94.0260378944582,94.032,94.034735701482,94.0251831054688,94.0248719046887
1130.5,94.05058986,94.0266547100767,94.0260230019507,94.0260230019507,94.0260239363098,94.032,94.0347465734434,94.0251098632812,94.024795515333
1130.55,94.05055132,94.0266547572888,94.0260090604618,94.0260090604618,94.0260099781614,94.032,94.0347574454048,94.0250366210937,94.0247191259773
1130.6,94.05051278,94.026654804501,94.0259951189729,94.0259951189729,94.0259960200129,94.032,94.0347683173661,94.0249633789062,94.0246427366216
1130.65,94.05047424,94.0266548517131,94.025981177484,94.025981177484,94.0259820618645,94.032,94.0347791893275,94.0248901367188,94.024566347266
1130.7,94.0504357,94.0266548989253,94.0259672359952,94.0259672359952,94.0259681037161,94.032,94.0347900612889,94.0248168945313,94.0244899579103
1130.75,94.05039716,94.0266549461374,94.0259532945063,94.0259532945063,94.0259541455677,94.032,94.0348009332503,94.0247436523437,94.0244135685546
1130.8,94.05035862,94.0266549933496,94.0259393530174,94.0259393530174,94.0259401874193,94.032,94.0348118052117,94.0246704101562,94.0243371791989
1130.85,94.05032102,94.0266550405617,94.0259254115285,94.0259254115285,94.0259262292708,94.032,94.0348226771731,94.0245971679688,94.0242607898433
1130.9,94.05028248,94.0266550877739,94.0259114700396,94.0259114700396,94.0259122711224,94.032,94.0348335491345,94.0245239257813,94.0241844004876
1130.95,94.05024394,94.026655134986,94.0258975285508,94.0258975285508,94.025898312974,94.032,94.0348444210959,94.0244506835938,94.0241080111319
1131,94.0502054,94.0266551821982,94.0258835870619,94.0258835870619,94.0258843548256,94.031975,94.0348302930573,94.0243774414062,94.0240316217762
1131.05,94.05016686,94.0266552294103,94.025869645573,94.025869645573,94.0258703966771,94.031925,94.0347911650186,94.0243041992187,94.0239552324205
1131.1,94.05012832,94.0266552766225,94.0258557040841,94.0258557040841,94.0258564385287,94.031875,94.03475203698,94.0242309570312,94.0238788430648
1131.15,94.05008978,94.0266553238346,94.0258417625952,94.0258417625952,94.0258424803803,94.031825,94.0347129089414,94.0241577148438,94.0238024537092
1131.2,94.05005124,94.0266553710468,94.0258278211064,94.0258278211064,94.0258285222319,94.031775,94.0346737809028,94.0240844726563,94.0237260643535
1131.25,94.0500127,94.0266554182589,94.0258138796175,94.0258138796175,94.0258145640835,94.031725,94.0346346528642,94.0240112304687,94.0236496749978
1131.3,94.04997416,94.0266554654711,94.0257999381286,94.0257999381286,94.025800605935,94.031675,94.0345955248256,94.0239379882812,94.0235732856421
1131.35,94.04993562,94.0266555126832,94.0257859966397,94.0257859966397,94.0257866477866,94.031625,94.034556396787,94.0238647460938,94.0234968962864
1131.4,94.04989708,94.0266555598954,94.0257720551509,94.0257720551509,94.0257726896382,94.031575,94.0345172687484,94.0237915039063,94.0234205069308
1131.45,94.04985854,94.0266556071075,94.025758113662,94.025758113662,94.0257587314898,94.031525,94.0344781407098,94.0237182617188,94.0233441175751
1131.5,94.04982,94.0266556543197,94.0257441721731,94.0257441721731,94.0257447733414,94.031475,94.0344390126711,94.0236450195312,94.0232677282194
1131.55,94.04978146,94.0266557015318,94.0257302306842,94.0257302306842,94.0257308151929,94.031425,94.0343998846325,94.0235717773437,94.0231913388637
1131.6,94.04974292,94.026655748744,94.0257162891953,94.0257162891953,94.0257168570445,94.031375,94.0343607565939,94.0234985351562,94.0231149495081
1131.65,94.04970438,94.0266557959561,94.0257023477064,94.0257023477064,94.0257028988961,94.031325,94.0343216285553,94.0234252929688,94.0230385601524
1131.7,94.04966584,94.0266558431683,94.0256884062176,94.0256884062176,94.0256889407477,94.031275,94.0342825005167,94.0233520507813,94.0229621707967
1131.75,94.0496273,94.0266558903804,94.0256744647287,94.0256744647287,94.0256749825993,94.031225,94.0342433724781,94.0232788085937,94.022885781441
1131.8,94.04958876,94.0266559375926,94.0256605232398,94.0256605232398,94.0256610244508,94.031175,94.0342042444395,94.0232055664062,94.0228093920853
1131.85,94.04955022,94.0266559848047,94.0256465817509,94.0256465817509,94.0256470663024,94.031125,94.0341651164009,94.0231323242188,94.0227330027297
1131.9,94.04951262,94.0266560320169,94.025632640262,94.025632640262,94.025633108154,94.031075,94.0341259883622,94.0230590820313,94.022656613374
1131.95,94.04947408,94.026656079229,94.0256186987732,94.0256186987732,94.0256191500056,94.031025,94.0340868603236,94.0229858398438,94.0225802240183
1132,94.04943554,94.0266561264412,94.0256047572843,94.0256047572843,94.0256051918571,94.03085,94.033922732285,94.0229125976562,94.0225038346626
1132.05,94.049397,94.0266561736533,94.0255908157954,94.0255908157954,94.0255912337087,94.03055,94.0336336042464,94.0228393554687,94.0224274453069
1132.1,94.04935846,94.0266562208655,94.0255768743065,94.0255768743065,94.0255772755603,94.03025,94.0333444762078,94.0227661132812,94.0223510559512
1132.15,94.04931992,94.0266562680776,94.0255629328176,94.0255629328176,94.0255633174119,94.02995,94.0330553481692,94.0226928710938,94.0222746665956
1132.2,94.04928138,94.0266563152898,94.0255489913288,94.0255489913288,94.0255493592635,94.02965,94.0327662201306,94.0226196289063,94.0221982772399
1132.25,94.04924284,94.0266563625019,94.0255350498399,94.0255350498399,94.025535401115,94.02935,94.032477092092,94.0225463867187,94.0221218878842
1132.3,94.0492043,94.0266564097141,94.025521108351,94.025521108351,94.0255214429666,94.02905,94.0321879640533,94.0224731445312,94.0220454985285
1132.35,94.04916576,94.0266564569262,94.0255071668621,94.0255071668621,94.0255074848182,94.02875,94.0318988360147,94.0223999023438,94.0219691091729
1132.4,94.04912722,94.0266565041384,94.0254932253733,94.0254932253733,94.0254935266698,94.02845,94.0316097079761,94.0223266601563,94.0218927198172
1132.45,94.04908868,94.0266565513505,94.0254792838844,94.0254792838844,94.0254795685213,94.02815,94.0313205799375,94.0222534179688,94.0218163304615
1132.5,94.04905014,94.0266565985627,94.0254653423955,94.0254653423955,94.0254656103729,94.02785,94.0310314518989,94.0221801757812,94.0217399411058
1132.55,94.0490116,94.0266566457748,94.0254514009066,94.0254514009066,94.0254516522245,94.02755,94.0307423238603,94.0221069335937,94.0216635517501
1132.6,94.04897306,94.026656692987,94.0254374594177,94.0254374594177,94.0254376940761,94.02725,94.0304531958217,94.0220336914062,94.0215871623945
1132.65,94.04893452,94.0266567401991,94.0254235179289,94.0254235179289,94.0254237359277,94.02695,94.0301640677831,94.0219604492188,94.0215107730388
1132.7,94.04889598,94.0266567874113,94.02540957644,94.02540957644,94.0254097777792,94.02665,94.0298749397445,94.0218872070313,94.0214343836831
1132.75,94.04885744,94.0266568346235,94.0253956349511,94.0253956349511,94.0253958196308,94.02635,94.0295858117058,94.0218139648437,94.0213579943274
1132.8,94.0488189,94.0266568818356,94.0253816934622,94.0253816934622,94.0253818614824,94.02605,94.0292966836672,94.0217407226562,94.0212816049717
1132.85,94.04878036,94.0266569290478,94.0253677519733,94.0253677519733,94.025367903334,94.02575,94.0290075556286,94.0216674804688,94.021205215616
1132.9,94.04874182,94.0266569762599,94.0253538104845,94.0253538104845,94.0253539451856,94.02545,94.02871842759,94.0215942382813,94.0211288262604
1132.95,94.04870422,94.0266570234721,94.0253398689956,94.0253398689956,94.0253399870371,94.02515,94.0284292995514,94.0215209960938,94.0210524369047
1133,94.04866568,94.0265320706842,94.0252009275067,94.0252009275067,94.0252010288887,94.024775,94.0280651715128,94.0214477539062,94.020976047549
1133.05,94.04862714,94.0262821178964,94.0249369860178,94.0249369860178,94.0249370707403,94.024325,94.0276260434742,94.0213745117187,94.0208996581933
1133.1,94.0485886,94.0260321651085,94.0246730445289,94.0246730445289,94.0246731125919,94.023875,94.0271869154356,94.0213012695312,94.0208232688376
1133.15,94.04855006,94.0257822123207,94.0244091030401,94.0244091030401,94.0244091544434,94.023425,94.026747787397,94.0212280273438,94.020746879482
1133.2,94.04851152,94.0255322595328,94.0241451615512,94.0241451615512,94.024145196295,94.022975,94.0263086593583,94.0211547851563,94.0206704901263
1133.25,94.04847298,94.025282306745,94.0238812200623,94.0238812200623,94.0238812381466,94.022525,94.0258695313197,94.0210815429687,94.0205941007706
1133.3,94.04843444,94.0250323539571,94.0236172785734,94.0236172785734,94.0236172799982,94.022075,94.0254304032811,94.0210083007812,94.0205177114149
1133.35,94.0483959,94.0247824011693,94.0233533370845,94.0233533370845,94.0233533218498,94.021625,94.0249912752425,94.0209350585938,94.0204413220593
1133.4,94.04835736,94.0245324483814,94.0230893955957,94.0230893955957,94.0230893637013,94.021175,94.0245521472039,94.0208618164063,94.0203649327036
1133.45,94.04831882,94.0242824955936,94.0228254541068,94.0228254541068,94.0228254055529,94.020725,94.0241130191653,94.0207885742188,94.0202885433479
1133.5,94.04828028,94.0240325428057,94.0225615126179,94.0225615126179,94.0225614474045,94.020275,94.0236738911267,94.0207153320312,94.0202121539922
1133.55,94.04824174,94.0237825900179,94.022297571129,94.022297571129,94.0222974892561,94.019825,94.0232347630881,94.0206420898437,94.0201357646365
1133.6,94.0482032,94.02353263723,94.0220336296401,94.0220336296401,94.0220335311077,94.019375,94.0227956350494,94.0205688476562,94.0200593752809
1133.65,94.04816466,94.0232826844422,94.0217696881513,94.0217696881513,94.0217695729592,94.018925,94.0223565070108,94.0204956054688,94.0199829859252
1133.7,94.04812612,94.0230327316543,94.0215057466624,94.0215057466624,94.0215056148108,94.018475,94.0219173789722,94.0204223632813,94.0199065965695
1133.75,94.04808758,94.0227827788665,94.0212418051735,94.0212418051735,94.0212416566624,94.018025,94.0214782509336,94.0203491210937,94.0198302072138
1133.8,94.04804904,94.0225328260786,94.0209778636846,94.0209778636846,94.020977698514,94.017575,94.021039122895,94.0202758789062,94.0197538178581
1133.85,94.0480105,94.0222828732908,94.0207139221957,94.0207139221957,94.0207137403656,94.017125,94.0205999948564,94.0202026367188,94.0196774285024
1133.9,94.04797196,94.0220329205029,94.0204499807069,94.0204499807069,94.0204497822171,94.016675,94.0201608668178,94.0201293945313,94.0196010391468
1133.95,94.04793436,94.0217829677151,94.020186039218,94.020186039218,94.0201858240687,94.016225,94.0197217387792,94.0200561523438,94.0195246497911
1134,94.04789582,94.0216580149272,94.0200470977291,94.0200470977291,94.0200468659203,94.0156,94.0191076107406,94.0199829101562,94.0194482604354
1134.05,94.04785728,94.0216580621394,94.0200331562402,94.0200331562402,94.0200329077719,94.0148,94.018318482702,94.0199096679687,94.0193718710797
1134.1,94.04781874,94.0216581093515,94.0200192147513,94.0200192147513,94.0200189496234,94.014,94.0175293546633,94.0198364257812,94.0192954817241
1134.15,94.0477802,94.0216581565637,94.0200052732625,94.0200052732625,94.020004991475,94.0132,94.0167402266247,94.0197631835938,94.0192190923684
1134.2,94.04774166,94.0216582037758,94.0199913317736,94.0199913317736,94.0199910333266,94.0124,94.0159510985861,94.0196899414063,94.0191427030127
1134.25,94.04770312,94.021658250988,94.0199773902847,94.0199773902847,94.0199770751782,94.0116,94.0151619705475,94.0196166992187,94.019066313657
1134.3,94.04766458,94.0216582982001,94.0199634487958,94.0199634487958,94.0199631170298,94.0108,94.0143728425089,94.0195434570312,94.0189899243013
1134.35,94.04762604,94.0216583454123,94.0199495073069,94.0199495073069,94.0199491588813,94.01,94.0135837144703,94.0194702148438,94.0189135349457
1134.4,94.0475875,94.0216583926244,94.0199355658181,94.0199355658181,94.0199352007329,94.0092,94.0127945864317,94.0193969726563,94.01883714559
1134.45,94.04754896,94.0216584398366,94.0199216243292,94.0199216243292,94.0199212425845,94.0084,94.0120054583931,94.0193237304688,94.0187607562343
1134.5,94.04751042,94.0216584870487,94.0199076828403,94.0199076828403,94.0199072844361,94.0076,94.0112163303544,94.0192504882812,94.0186843668786
1134.55,94.04747188,94.0216585342609,94.0198937413514,94.0198937413514,94.0198933262877,94.0068,94.0104272023158,94.0191772460937,94.0186079775229
1134.6,94.04743334,94.021658581473,94.0198797998625,94.0198797998625,94.0198793681392,94.006,94.0096380742772,94.0191040039062,94.0185315881672
1134.65,94.0473948,94.0216586286852,94.0198658583737,94.0198658583737,94.0198654099908,94.0052,94.0088489462386,94.0190307617188,94.0184551988116
1134.7,94.04735626,94.0216586758973,94.0198519168848,94.0198519168848,94.0198514518424,94.0044,94.0080598182,94.0189575195313,94.0183788094559
1134.75,94.04731772,94.0216587231095,94.0198379753959,94.0198379753959,94.019837493694,94.0036,94.0072706901614,94.0188842773437,94.0183024201002
1134.8,94.04727918,94.0216587703217,94.019824033907,94.019824033907,94.0198235355455,94.0028,94.0064815621228,94.0188110351562,94.0182260307445
1134.85,94.04724064,94.0216588175338,94.0198100924181,94.0198100924181,94.0198095773971,94.002,94.0056924340842,94.0187377929688,94.0181496413889
1134.9,94.0472021,94.0216588647459,94.0197961509293,94.0197961509293,94.0197956192487,94.0012,94.0049033060456,94.0186645507813,94.0180732520332
1134.95,94.04716356,94.0216589119581,94.0197822094404,94.0197822094404,94.0197816611003,94.0004,94.0041141780069,94.0185913085938,94.0179968626775
1135,94.04712596,94.0216589591703,94.0197682679515,94.0197682679515,94.0197677029519,93.999725,94.0034500499683,94.0185180664062,94.0179204733218
1135.05,94.04708742,94.0216590063824,94.0197543264626,94.0197543264626,94.0197537448034,93.999175,94.0029109219297,94.0184448242187,94.0178440839661
1135.1,94.04704888,94.0216590535945,94.0197403849737,94.0197403849737,94.019739786655,93.998625,94.0023717938911,94.0183715820312,94.0177676946105
1135.15,94.04701034,94.0216591008067,94.0197264434849,94.0197264434849,94.0197258285066,93.998075,94.0018326658525,94.0182983398438,94.0176913052548
1135.2,94.0469718,94.0216591480189,94.019712501996,94.019712501996,94.0197118703582,93.997525,94.0012935378139,94.0182250976563,94.0176149158991
1135.25,94.04693326,94.021659195231,94.0196985605071,94.0196985605071,94.0196979122098,93.996975,94.0007544097753,94.0181518554687,94.0175385265434
1135.3,94.04689472,94.0216592424432,94.0196846190182,94.0196846190182,94.0196839540613,93.996425,94.0002152817367,94.0180786132812,94.0174621371877
1135.35,94.04685618,94.0216592896553,94.0196706775293,94.0196706775293,94.0196699959129,93.995875,93.9996761536981,94.0180053710938,94.0173857478321
1135.4,94.04681764,94.0216593368675,94.0196567360405,94.0196567360405,94.0196560377645,93.995325,93.9991370256595,94.0179321289063,94.0173093584764
1135.45,94.0467791,94.0216593840796,94.0196427945516,94.0196427945516,94.0196420796161,93.994775,93.9985978976208,94.0178588867188,94.0172329691207
1135.5,94.04674056,94.0216594312918,94.0196288530627,94.0196288530627,94.0196281214676,93.994225,93.9980587695822,94.0177856445312,94.017156579765
1135.55,94.04670202,94.0216594785039,94.0196149115738,94.0196149115738,94.0196141633192,93.993675,93.9975196415436,94.0177124023437,94.0170801904093
1135.6,94.04666348,94.0216595257161,94.019600970085,94.019600970085,94.0196002051708,93.993125,93.996980513505,94.0176391601562,94.0170038010537
1135.65,94.04662494,94.0216595729282,94.0195870285961,94.0195870285961,94.0195862470224,93.992575,93.9964413854664,94.0175659179688,94.016927411698
1135.7,94.0465864,94.0216596201404,94.0195730871072,94.0195730871072,94.019572288874,93.992025,93.9959022574278,94.0174926757813,94.0168510223423
1135.75,94.04654786,94.0216596673525,94.0195591456183,94.0195591456183,94.0195583307255,93.991475,93.9953631293892,94.0174194335937,94.0167746329866
1135.8,94.04650932,94.0216597145647,94.0195452041294,94.0195452041294,94.0195443725771,93.990925,93.9948240013506,94.0173461914062,94.0166982436309
1135.85,94.04647078,94.0216597617768,94.0195312626406,94.0195312626406,94.0195304144287,93.990375,93.9942848733119,94.0172729492188,94.0166218542753
1135.9,94.04643224,94.021659808989,94.0195173211517,94.0195173211517,94.0195164562803,93.989825,93.9937457452733,94.0171997070313,94.0165454649196
1135.95,94.0463937,94.0216598562011,94.0195033796628,94.0195033796628,94.0195024981319,93.989275,93.9932066172347,94.0171264648438,94.0164690755639
1136,94.0463561,94.0216599034133,94.0194894381739,94.0194894381739,94.0194885399834,93.988825,93.9927674891961,94.0170532226562,94.0163926862082
1136.05,94.04631756,94.0216599506254,94.019475496685,94.019475496685,94.019474581835,93.988475,93.9924283611575,94.0169799804687,94.0163162968525
1136.1,94.04627902,94.0216599978376,94.0194615551961,94.0194615551961,94.0194606236866,93.988125,93.9920892331189,94.0169067382812,94.0162399074969
1136.15,94.04624048,94.0216600450497,94.0194476137073,94.0194476137073,94.0194466655382,93.987775,93.9917501050803,94.0168334960938,94.0161635181412
1136.2,94.04620194,94.0216600922619,94.0194336722184,94.0194336722184,94.0194327073898,93.987425,93.9914109770417,94.0167602539063,94.0160871287855
1136.25,94.0461634,94.021660139474,94.0194197307295,94.0194197307295,94.0194187492413,93.987075,93.991071849003,94.0166870117187,94.0160107394298
1136.3,94.04612486,94.0216601866862,94.0194057892406,94.0194057892406,94.0194047910929,93.986725,93.9907327209644,94.0166137695312,94.0159343500741
1136.35,94.04608632,94.0216602338983,94.0193918477517,94.0193918477517,94.0193908329445,93.986375,93.9903935929258,94.0165405273438,94.0158579607184
1136.4,94.04604778,94.0216602811105,94.0193779062629,94.0193779062629,94.0193768747961,93.986025,93.9900544648872,94.0164672851563,94.0157815713628
1136.45,94.04600924,94.0216603283226,94.019363964774,94.019363964774,94.0193629166476,93.985675,93.9897153368486,94.0163940429688,94.0157051820071
1136.5,94.0459707,94.0216603755348,94.0193500232851,94.0193500232851,94.0193489584992,93.985325,93.98937620881,94.0163208007812,94.0156287926514
1136.55,94.04593216,94.0216604227469,94.0193360817962,94.0193360817962,94.0193350003508,93.984975,93.9890370807714,94.0162475585937,94.0155524032957
1136.6,94.04589362,94.0216604699591,94.0193221403074,94.0193221403074,94.0193210422024,93.984625,93.9886979527328,94.0161743164062,94.0154760139401
1136.65,94.04585508,94.0216605171712,94.0193081988185,94.0193081988185,94.019307084054,93.984275,93.9883588246942,94.0161010742188,94.0153996245844
1136.7,94.04581654,94.0216605643834,94.0192942573296,94.0192942573296,94.0192931259055,93.983925,93.9880196966555,94.0160278320313,94.0153232352287
1136.75,94.045778,94.0216606115955,94.0192803158407,94.0192803158407,94.0192791677571,93.983575,93.9876805686169,94.0159545898437,94.015246845873
1136.8,94.04573946,94.0216606588077,94.0192663743518,94.0192663743518,94.0192652096087,93.983225,93.9873414405783,94.0158813476562,94.0151704565173
1136.85,94.04570092,94.0216607060198,94.019252432863,94.019252432863,94.0192512514603,93.982875,93.9870023125397,94.0158081054688,94.0150940671617
1136.9,94.04566238,94.021660753232,94.0192384913741,94.0192384913741,94.0192372933118,93.982525,93.9866631845011,94.0157348632813,94.015017677806
1136.95,94.04562384,94.0216608004441,94.0192245498852,94.0192245498852,94.0192233351634,93.982175,93.9863240564625,94.0156616210938,94.0149412884503
1137,94.0455853,94.0216608476563,94.0192106083963,94.0192106083963,94.019209377015,93.981975,93.9861349284239,94.0156494140625,94.0149259342509
1137.05,94.0455477,94.0216608948684,94.0191966669074,94.0191966669074,94.0191954188666,93.981925,93.9860958003853,94.0156982421875,94.0149716152077
1137.1,94.04550916,94.0216609420806,94.0191827254186,94.0191827254186,94.0191814607182,93.981875,93.9860566723467,94.0157470703125,94.0150172961645
1137.15,94.04547062,94.0216609892928,94.0191687839297,94.0191687839297,94.0191675025697,93.981825,93.986017544308,94.0157958984375,94.0150629771213
1137.2,94.04543208,94.0216610365049,94.0191548424408,94.0191548424408,94.0191535444213,93.981775,93.9859784162694,94.0158447265625,94.0151086580781
1137.25,94.04539354,94.021661083717,94.0191409009519,94.0191409009519,94.0191395862729,93.981725,93.9859392882308,94.0158935546875,94.015154339035
1137.3,94.045355,94.0216611309292,94.019126959463,94.019126959463,94.0191256281245,93.981675,93.9859001601922,94.0159423828125,94.0152000199918
1137.35,94.04531646,94.0216611781414,94.0191130179741,94.0191130179741,94.0191116699761,93.981625,93.9858610321536,94.0159912109375,94.0152457009486
1137.4,94.04527792,94.0216612253535,94.0190990764853,94.0190990764853,94.0190977118276,93.981575,93.985821904115,94.0160400390625,94.0152913819054
1137.45,94.04523938,94.0216612725657,94.0190851349964,94.0190851349964,94.0190837536792,93.981525,93.9857827760764,94.0160888671875,94.0153370628622
1137.5,94.04520084,94.0216613197778,94.0190711935075,94.0190711935075,94.0190697955308,93.981475,93.9857436480378,94.0161376953125,94.0153827438191
1137.55,94.0451623,94.02166136699,94.0190572520186,94.0190572520186,94.0190558373824,93.981425,93.9857045199992,94.0161865234375,94.0154284247759
1137.6,94.04512376,94.0216614142021,94.0190433105298,94.0190433105298,94.019041879234,93.981375,93.9856653919605,94.0162353515625,94.0154741057327
1137.65,94.04508522,94.0216614614143,94.0190293690409,94.0190293690409,94.0190279210855,93.981325,93.9856262639219,94.0162841796875,94.0155197866895
1137.7,94.04504668,94.0216615086264,94.019015427552,94.019015427552,94.0190139629371,93.981275,93.9855871358833,94.0163330078125,94.0155654676463
1137.75,94.04500814,94.0216615558386,94.0190014860631,94.0190014860631,94.0190000047887,93.981225,93.9855480078447,94.0163818359375,94.0156111486032
1137.8,94.0449696,94.0216616030507,94.0189875445742,94.0189875445742,94.0189860466403,93.981175,93.9855088798061,94.0164306640625,94.01565682956
1137.85,94.04493106,94.0216616502629,94.0189736030854,94.0189736030854,94.0189720884919,93.981125,93.9854697517675,94.0164794921875,94.0157025105168
1137.9,94.04489252,94.021661697475,94.0189596615965,94.0189596615965,94.0189581303434,93.981075,93.9854306237289,94.0165283203125,94.0157481914736
1137.95,94.04485398,94.0216617446872,94.0189457201076,94.0189457201076,94.018944172195,93.981025,93.9853914956903,94.0165771484375,94.0157938724305
1138,94.04481544,94.0216617918993,94.0189317786187,94.0189317786187,94.0189302140466,93.981,93.9853773676517,94.0166259765625,94.0158395533873
1138.05,94.0447769,94.0216618391115,94.0189178371298,94.0189178371298,94.0189162558982,93.981,93.985388239613,94.0166748046875,94.0158852343441
1138.1,94.0447393,94.0216618863236,94.018903895641,94.018903895641,94.0189022977497,93.981,93.9853991115744,94.0167236328125,94.0159309153009
1138.15,94.04470076,94.0216619335358,94.0188899541521,94.0188899541521,94.0188883396013,93.981,93.9854099835358,94.0167724609375,94.0159765962577
1138.2,94.04466222,94.0216619807479,94.0188760126632,94.0188760126632,94.0188743814529,93.981,93.9854208554972,94.0168212890625,94.0160222772145
1138.25,94.04462368,94.0216620279601,94.0188620711743,94.0188620711743,94.0188604233045,93.981,93.9854317274586,94.0168701171875,94.0160679581714
1138.3,94.04458514,94.0216620751722,94.0188481296854,94.0188481296854,94.0188464651561,93.981,93.98544259942,94.0169189453125,94.0161136391282
1138.35,94.0445466,94.0216621223844,94.0188341881966,94.0188341881966,94.0188325070076,93.981,93.9854534713814,94.0169677734375,94.016159320085
1138.4,94.04450806,94.0216621695965,94.0188202467077,94.0188202467077,94.0188185488592,93.981,93.9854643433428,94.0170166015625,94.0162050010418
1138.45,94.04446952,94.0216622168087,94.0188063052188,94.0188063052188,94.0188045907108,93.981,93.9854752153041,94.0170654296875,94.0162506819986
1138.5,94.04443098,94.0216622640208,94.0187923637299,94.0187923637299,94.0187906325624,93.981,93.9854860872655,94.0171142578125,94.0162963629555
1138.55,94.04439244,94.021662311233,94.018778422241,94.018778422241,94.0187766744139,93.981,93.9854969592269,94.0171630859375,94.0163420439123
1138.6,94.0443539,94.0216623584451,94.0187644807522,94.0187644807522,94.0187627162655,93.981,93.9855078311883,94.0172119140625,94.0163877248691
1138.65,94.04431536,94.0216624056573,94.0187505392633,94.0187505392633,94.0187487581171,93.981,93.9855187031497,94.0172607421875,94.0164334058259
1138.7,94.04427682,94.0216624528694,94.0187365977744,94.0187365977744,94.0187347999687,93.981,93.9855295751111,94.0173095703125,94.0164790867828
1138.75,94.04423828,94.0216625000816,94.0187226562855,94.0187226562855,94.0187208418203,93.981,93.9855404470725,94.0173583984375,94.0165247677396
1138.8,94.04419974,94.0216625472937,94.0187087147966,94.0187087147966,94.0187068836718,93.981,93.9855513190339,94.0174072265625,94.0165704486964
1138.85,94.0441612,94.0216625945059,94.0186947733078,94.0186947733078,94.0186929255234,93.981,93.9855621909953,94.0174560546875,94.0166161296532
1138.9,94.04412266,94.021662641718,94.0186808318189,94.0186808318189,94.018678967375,93.981,93.9855730629566,94.0175048828125,94.01666181061
1138.95,94.04408412,94.0216626889302,94.01866689033,94.01866689033,94.0186650092266,93.981,93.985583934918,94.0175537109375,94.0167074915668
1139,94.04404558,94.0216627361423,94.0186529488411,94.0186529488411,94.0186510510782,93.9812,93.9857948068794,94.0176025390625,94.0167531725237
1139.05,94.04400704,94.0216627833545,94.0186390073522,94.0186390073522,94.0186370929297,93.9816,93.9862056788408,94.0176513671875,94.0167988534805
1139.1,94.04396944,94.0216628305666,94.0186250658634,94.0186250658634,94.0186231347813,93.982,93.9866165508022,94.0177001953125,94.0168445344373
1139.15,94.0439309,94.0216628777788,94.0186111243745,94.0186111243745,94.0186091766329,93.9824,93.9870274227636,94.0177490234375,94.0168902153941
1139.2,94.04389236,94.0216629249909,94.0185971828856,94.0185971828856,94.0185952184845,93.9828,93.987438294725,94.0177978515625,94.0169358963509
1139.25,94.04385382,94.0216629722031,94.0185832413967,94.0185832413967,94.018581260336,93.9832,93.9878491666864,94.0178466796875,94.0169815773078
1139.3,94.04381528,94.0216630194152,94.0185692999078,94.0185692999078,94.0185673021876,93.9836,93.9882600386478,94.0178955078125,94.0170272582646
1139.35,94.04377674,94.0216630666274,94.018555358419,94.018555358419,94.0185533440392,93.984,93.9886709106091,94.0179443359375,94.0170729392214
1139.4,94.0437382,94.0216631138396,94.0185414169301,94.0185414169301,94.0185393858908,93.9844,93.9890817825705,94.0179931640625,94.0171186201782
1139.45,94.04369966,94.0216631610517,94.0185274754412,94.0185274754412,94.0185254277424,93.9848,93.9894926545319,94.0180419921875,94.0171643011351
1139.5,94.04366112,94.0216632082638,94.0185135339523,94.0185135339523,94.0185114695939,93.9852,93.9899035264933,94.0180908203125,94.0172099820919
1139.55,94.04362258,94.021663255476,94.0184995924634,94.0184995924634,94.0184975114455,93.9856,93.9903143984547,94.0181396484375,94.0172556630487
1139.6,94.04358404,94.0216633026882,94.0184856509746,94.0184856509746,94.0184835532971,93.986,93.9907252704161,94.0181884765625,94.0173013440055
1139.65,94.0435455,94.0216633499003,94.0184717094857,94.0184717094857,94.0184695951487,93.9864,93.9911361423775,94.0182373046875,94.0173470249623
1139.7,94.04350696,94.0216633971124,94.0184577679968,94.0184577679968,94.0184556370003,93.9868,93.9915470143389,94.0182861328125,94.0173927059191
1139.75,94.04346842,94.0216634443246,94.0184438265079,94.0184438265079,94.0184416788518,93.9872,93.9919578863003,94.0183349609375,94.017438386876
1139.8,94.04342988,94.0216634915368,94.018429885019,94.018429885019,94.0184277207034,93.9876,93.9923687582616,94.0183837890625,94.0174840678328
1139.85,94.04339134,94.0216635387489,94.0184159435302,94.0184159435302,94.018413762555,93.988,93.992779630223,94.0184326171875,94.0175297487896
1139.9,94.0433528,94.0216635859611,94.0184020020413,94.0184020020413,94.0183998044066,93.9884,93.9931905021844,94.0184814453125,94.0175754297464
1139.95,94.04331426,94.0216636331732,94.0183880605524,94.0183880605524,94.0183858462582,93.9888,93.9936013741458,94.0185302734375,94.0176211107032
1140,94.04327572,94.0216636803854,94.0183741190635,94.0183741190635,94.0183718881097,93.990025,93.9948372461072,94.0185791015625,94.0176667916601
1140.05,94.04323718,94.0216655138653,94.0183907930082,94.0183907930082,94.0183885732212,93.992075,93.9968696459668,94.0186279296875,94.0177280629919
1140.1,94.04319864,94.0216673473453,94.0184074669529,94.0184074669529,94.0184052583328,93.994125,93.9989020458265,94.0186767578125,94.0177893343238
1140.15,94.04316104,94.0216691808252,94.0184241408976,94.0184241408976,94.0184219434443,93.996175,94.0009344456861,94.0187255859375,94.0178506056556
1140.2,94.0431225,94.0216710143052,94.0184408148423,94.0184408148423,94.0184386285558,93.998225,94.0029668455458,94.0187744140625,94.0179118769874
1140.25,94.04308396,94.0216728477852,94.018457488787,94.018457488787,94.0184553136673,94.000275,94.0049992454054,94.0188232421875,94.0179731483193
1140.3,94.04304542,94.0216746812651,94.0184741627316,94.0184741627316,94.0184719987788,94.002325,94.0070316452651,94.0188720703125,94.0180344196511
1140.35,94.04300688,94.0216765147451,94.0184908366763,94.0184908366763,94.0184886838904,94.004375,94.0090640451247,94.0189208984375,94.0180956909829
1140.4,94.04296834,94.021678348225,94.018507510621,94.018507510621,94.0185053690019,94.006425,94.0110964449844,94.0189697265625,94.0181569623148
1140.45,94.0429298,94.021680181705,94.0185241845657,94.0185241845657,94.0185220541134,94.008475,94.013128844844,94.0190185546875,94.0182182336466
1140.5,94.04289126,94.021682015185,94.0185408585104,94.0185408585104,94.0185387392249,94.010525,94.0151612447037,94.0190673828125,94.0182795049785
1140.55,94.04285272,94.0216838486649,94.018557532455,94.018557532455,94.0185554243365,94.012575,94.0171936445633,94.0191162109375,94.0183407763103
1140.6,94.04281418,94.0216856821449,94.0185742063997,94.0185742063997,94.018572109448,94.014625,94.019226044423,94.0191650390625,94.0184020476421
1140.65,94.04277564,94.0216875156248,94.0185908803444,94.0185908803444,94.0185887945595,94.016675,94.0212584442826,94.0192138671875,94.018463318974
1140.7,94.0427371,94.0216893491048,94.0186075542891,94.0186075542891,94.018605479671,94.018725,94.0232908441423,94.0192626953125,94.0185245903058
1140.75,94.04269856,94.0216911825847,94.0186242282338,94.0186242282338,94.0186221647825,94.020775,94.0253232440019,94.0193115234375,94.0185858616376
1140.8,94.04266002,94.0216930160647,94.0186409021785,94.0186409021785,94.018638849894,94.022825,94.0273556438616,94.0193603515625,94.0186471329695
1140.85,94.04262148,94.0216948495447,94.0186575761231,94.0186575761231,94.0186555350056,94.024875,94.0293880437212,94.0194091796875,94.0187084043013
1140.9,94.04258294,94.0216966830246,94.0186742500678,94.0186742500678,94.0186722201171,94.026925,94.0314204435809,94.0194580078125,94.0187696756332
1140.95,94.0425444,94.0216985165046,94.0186909240125,94.0186909240125,94.0186889052286,94.028975,94.0334528434405,94.0195068359375,94.018830946965
1141,94.04250586,94.0217003499845,94.0187075979572,94.0187075979572,94.0187055903401,94.03,94.0344602433001,94.0195556640625,94.0188922182968
1141.05,94.04246732,94.0217021834645,94.0187242719019,94.0187242719019,94.0187222754517,94.03,94.0344426431598,94.0196044921875,94.0189534896287
1141.1,94.04242878,94.0217040169445,94.0187409458466,94.0187409458466,94.0187389605632,94.03,94.0344250430194,94.0196533203125,94.0190147609605
1141.15,94.04239024,94.0217058504244,94.0187576197912,94.0187576197912,94.0187556456747,94.03,94.0344074428791,94.0197021484375,94.0190760322924
1141.2,94.04235264,94.0217076839044,94.0187742937359,94.0187742937359,94.0187723307862,94.03,94.0343898427387,94.0197509765625,94.0191373036242
1141.25,94.0423141,94.0217095173843,94.0187909676806,94.0187909676806,94.0187890158977,94.03,94.0343722425984,94.0197998046875,94.019198574956
1141.3,94.04227556,94.0217113508643,94.0188076416253,94.0188076416253,94.0188057010093,94.03,94.034354642458,94.0198486328125,94.0192598462879
1141.35,94.04223702,94.0217131843443,94.01882431557,94.01882431557,94.0188223861208,94.03,94.0343370423177,94.0198974609375,94.0193211176197
1141.4,94.04219848,94.0217150178242,94.0188409895147,94.0188409895147,94.0188390712323,94.03,94.0343194421773,94.0199462890625,94.0193823889516
1141.45,94.04215994,94.0217168513042,94.0188576634593,94.0188576634593,94.0188557563438,94.03,94.034301842037,94.0199951171875,94.0194436602834
1141.5,94.0421214,94.0217186847841,94.018874337404,94.018874337404,94.0188724414553,94.03,94.0342842418966,94.0200439453125,94.0195049316152
1141.55,94.04208286,94.0217205182641,94.0188910113487,94.0188910113487,94.0188891265668,94.03,94.0342666417563,94.0200927734375,94.0195662029471
1141.6,94.04204432,94.021722351744,94.0189076852934,94.0189076852934,94.0189058116784,94.03,94.0342490416159,94.0201416015625,94.0196274742789
1141.65,94.04200578,94.021724185224,94.0189243592381,94.0189243592381,94.0189224967899,94.03,94.0342314414756,94.0201904296875,94.0196887456108
1141.7,94.04196724,94.021726018704,94.0189410331828,94.0189410331828,94.0189391819014,94.03,94.0342138413352,94.0202392578125,94.0197500169426
1141.75,94.0419287,94.0217278521839,94.0189577071275,94.0189577071275,94.0189558670129,94.03,94.0341962411949,94.0202880859375,94.0198112882744
1141.8,94.04189016,94.0217296856639,94.0189743810721,94.0189743810721,94.0189725521245,94.03,94.0341786410545,94.0203369140625,94.0198725596063
1141.85,94.04185162,94.0217315191438,94.0189910550168,94.0189910550168,94.018989237236,94.03,94.0341610409142,94.0203857421875,94.0199338309381
1141.9,94.04181308,94.0217333526238,94.0190077289615,94.0190077289615,94.0190059223475,94.03,94.0341434407738,94.0204345703125,94.0199951022699
1141.95,94.04177454,94.0217351861038,94.0190244029062,94.0190244029062,94.019022607459,94.03,94.0341258406335,94.0204833984375,94.0200563736018
1142,94.041736,94.0217370195837,94.0190410768509,94.0190410768509,94.0190392925705,94.03,94.0341082404931,94.0205322265625,94.0201176449336
1142.05,94.04169746,94.0217388530637,94.0190577507956,94.0190577507956,94.0190559776821,94.03,94.0340906403527,94.0205810546875,94.0201789162655
1142.1,94.04165892,94.0217406865436,94.0190744247402,94.0190744247402,94.0190726627936,94.03,94.0340730402124,94.0206298828125,94.0202401875973
1142.15,94.04162038,94.0217425200236,94.0190910986849,94.0190910986849,94.0190893479051,94.03,94.034055440072,94.0206787109375,94.0203014589291
1142.2,94.04158278,94.0217443535035,94.0191077726296,94.0191077726296,94.0191060330166,94.03,94.0340378399317,94.0207275390625,94.020362730261
1142.25,94.04154424,94.0217461869835,94.0191244465743,94.0191244465743,94.0191227181281,94.03,94.0340202397913,94.0207763671875,94.0204240015928
1142.3,94.0415057,94.0217480204635,94.019141120519,94.019141120519,94.0191394032397,94.03,94.034002639651,94.0208251953125,94.0204852729246
1142.35,94.04146716,94.0217498539434,94.0191577944637,94.0191577944637,94.0191560883512,94.03,94.0339850395106,94.0208740234375,94.0205465442565
1142.4,94.04142862,94.0217516874234,94.0191744684083,94.0191744684083,94.0191727734627,94.03,94.0339674393703,94.0209228515625,94.0206078155883
1142.45,94.04139008,94.0217535209033,94.019191142353,94.019191142353,94.0191894585742,94.03,94.0339498392299,94.0209716796875,94.0206690869202
1142.5,94.04135154,94.0217553543833,94.0192078162977,94.0192078162977,94.0192061436857,94.03,94.0339322390896,94.0210205078125,94.020730358252
1142.55,94.041313,94.0217571878633,94.0192244902424,94.0192244902424,94.0192228287973,94.03,94.0339146389492,94.0210693359375,94.0207916295838
1142.6,94.04127446,94.0217590213432,94.0192411641871,94.0192411641871,94.0192395139088,94.03,94.0338970388089,94.0211181640625,94.0208529009157
1142.65,94.04123592,94.0217608548232,94.0192578381318,94.0192578381318,94.0192561990203,94.03,94.0338794386685,94.0211669921875,94.0209141722475
1142.7,94.04119738,94.0217626883031,94.0192745120764,94.0192745120764,94.0192728841318,94.03,94.0338618385282,94.0212158203125,94.0209754435794
1142.75,94.04115884,94.0217645217831,94.0192911860211,94.0192911860211,94.0192895692433,94.03,94.0338442383878,94.0212646484375,94.0210367149112
1142.8,94.0411203,94.0217663552631,94.0193078599658,94.0193078599658,94.0193062543549,94.03,94.0338266382475,94.0213134765625,94.021097986243
1142.85,94.04108176,94.021768188743,94.0193245339105,94.0193245339105,94.0193229394664,94.03,94.0338090381071,94.0213623046875,94.0211592575749
1142.9,94.04104322,94.021770022223,94.0193412078552,94.0193412078552,94.0193396245779,94.03,94.0337914379668,94.0214111328125,94.0212205289067
1142.95,94.04100468,94.0217718557029,94.0193578817998,94.0193578817998,94.0193563096894,94.03,94.0337738378264,94.0214599609375,94.0212818002385
1143,94.04096614,94.0217736891829,94.0193745557445,94.0193745557445,94.0193729948009,94.03,94.033756237686,94.0215087890625,94.0213430715704
1143.05,94.0409276,94.0217755226628,94.0193912296892,94.0193912296892,94.0193896799125,94.03,94.0337386375457,94.0215576171875,94.0214043429022
1143.1,94.04088906,94.0217773561428,94.0194079036339,94.0194079036339,94.019406365024,94.03,94.0337210374053,94.0216064453125,94.0214656142341
1143.15,94.04085052,94.0217791896228,94.0194245775786,94.0194245775786,94.0194230501355,94.03,94.033703437265,94.0216552734375,94.0215268855659
1143.2,94.04081198,94.0217810231027,94.0194412515233,94.0194412515233,94.019439735247,94.03,94.0336858371247,94.0217041015625,94.0215881568977
1143.25,94.04077438,94.0217828565827,94.019457925468,94.019457925468,94.0194564203585,94.03,94.0336682369843,94.0217529296875,94.0216494282296
1143.3,94.04073584,94.0217846900626,94.0194745994126,94.0194745994126,94.0194731054701,94.03,94.0336506368439,94.0218017578125,94.0217106995614
1143.35,94.0406973,94.0217865235426,94.0194912733573,94.0194912733573,94.0194897905816,94.03,94.0336330367036,94.0218505859375,94.0217719708933
1143.4,94.04065876,94.0217883570226,94.019507947302,94.019507947302,94.0195064756931,94.03,94.0336154365632,94.0218994140625,94.0218332422251
1143.45,94.04062022,94.0217901905025,94.0195246212467,94.0195246212467,94.0195231608046,94.03,94.0335978364229,94.0219482421875,94.0218945135569
1143.5,94.04058168,94.0217920239825,94.0195412951914,94.0195412951914,94.0195398459161,94.03,94.0335802362825,94.0219970703125,94.0219557848888
1143.55,94.04054314,94.0217938574624,94.0195579691361,94.0195579691361,94.0195565310277,94.03,94.0335626361422,94.0220458984375,94.0220170562206
1143.6,94.0405046,94.0217956909424,94.0195746430807,94.0195746430807,94.0195732161392,94.03,94.0335450360018,94.0220947265625,94.0220783275524
1143.65,94.04046606,94.0217975244224,94.0195913170254,94.0195913170254,94.0195899012507,94.03,94.0335274358615,94.0221435546875,94.0221395988843
1143.7,94.04042752,94.0217993579023,94.0196079909701,94.0196079909701,94.0196065863622,94.03,94.0335098357211,94.0221923828125,94.0222008702161
1143.75,94.04038898,94.0218011913823,94.0196246649148,94.0196246649148,94.0196232714737,94.03,94.0334922355808,94.0222412109375,94.022262141548
1143.8,94.04035044,94.0218030248622,94.0196413388595,94.0196413388595,94.0196399565853,94.03,94.0334746354404,94.0222900390625,94.0223234128798
1143.85,94.0403119,94.0218048583422,94.0196580128042,94.0196580128042,94.0196566416968,94.03,94.0334570353001,94.0223388671875,94.0223846842116
1143.9,94.04027336,94.0218066918221,94.0196746867488,94.0196746867488,94.0196733268083,94.03,94.0334394351597,94.0223876953125,94.0224459555435
1143.95,94.04023482,94.0218085253021,94.0196913606935,94.0196913606935,94.0196900119198,94.03,94.0334218350194,94.0224365234375,94.0225072268753
1144,94.04019628,94.0218103587821,94.0197080346382,94.0197080346382,94.0197066970313,94.03,94.033404234879,94.0224853515625,94.0225684982072
1144.05,94.04015774,94.021812192262,94.0197247085829,94.0197247085829,94.0197233821429,94.03,94.0333866347386,94.0225341796875,94.022629769539
1144.1,94.0401192,94.021814025742,94.0197413825276,94.0197413825276,94.0197400672544,94.03,94.0333690345983,94.0225830078125,94.0226910408708
1144.15,94.04008066,94.0218158592219,94.0197580564723,94.0197580564723,94.0197567523659,94.03,94.033351434458,94.0226318359375,94.0227523122027
1144.2,94.04004212,94.0218176927019,94.0197747304169,94.0197747304169,94.0197734374774,94.03,94.0333338343176,94.0226806640625,94.0228135835345
1144.25,94.04000358,94.0218195261819,94.0197914043616,94.0197914043616,94.0197901225889,94.03,94.0333162341772,94.0227294921875,94.0228748548663
1144.3,94.03996598,94.0218213596618,94.0198080783063,94.0198080783063,94.0198068077005,94.03,94.0332986340369,94.0227783203125,94.0229361261982
1144.35,94.03992744,94.0218231931418,94.019824752251,94.019824752251,94.019823492812,94.03,94.0332810338965,94.0228271484375,94.02299739753
1144.4,94.0398889,94.0218250266217,94.0198414261957,94.0198414261957,94.0198401779235,94.03,94.0332634337562,94.0228759765625,94.0230586688619
1144.45,94.03985036,94.0218268601017,94.0198581001404,94.0198581001404,94.019856863035,94.03,94.0332458336158,94.0229248046875,94.0231199401937
1144.5,94.03981182,94.0218286935817,94.019874774085,94.019874774085,94.0198735481465,94.03,94.0332282334755,94.0229736328125,94.0231812115255
1144.55,94.03977328,94.0218305270616,94.0198914480297,94.0198914480297,94.0198902332581,94.03,94.0332106333351,94.0230224609375,94.0232424828574
1144.6,94.03973474,94.0218323605416,94.0199081219744,94.0199081219744,94.0199069183696,94.03,94.0331930331948,94.0230712890625,94.0233037541892
1144.65,94.0396962,94.0218341940215,94.0199247959191,94.0199247959191,94.0199236034811,94.03,94.0331754330544,94.0231201171875,94.0233650255211
1144.7,94.03965766,94.0218360275015,94.0199414698638,94.0199414698638,94.0199402885926,94.03,94.0331578329141,94.0231689453125,94.0234262968529
1144.75,94.03961912,94.0218378609814,94.0199581438085,94.0199581438085,94.0199569737042,94.03,94.0331402327737,94.0232177734375,94.0234875681847
1144.8,94.03958058,94.0218396944614,94.0199748177531,94.0199748177531,94.0199736588157,94.03,94.0331226326334,94.0232666015625,94.0235488395166
1144.85,94.03954204,94.0218415279414,94.0199914916978,94.0199914916978,94.0199903439272,94.03,94.033105032493,94.0233154296875,94.0236101108484
1144.9,94.0395035,94.0218433614213,94.0200081656425,94.0200081656425,94.0200070290387,94.03,94.0330874323527,94.0233642578125,94.0236713821803
1144.95,94.03946496,94.0218451949013,94.0200248395872,94.0200248395872,94.0200237141502,94.03,94.0330698322123,94.0234130859375,94.0237326535121
1145,94.03942642,94.0218470283812,94.0200415135319,94.0200415135319,94.0200403992617,94.030125,94.033177232072,94.023388671875,94.0237206826564
1145.05,94.03938788,94.0218488618612,94.0200581874766,94.0200581874766,94.0200570843733,94.030375,94.0334096319316,94.023291015625,94.0236354696133
1145.1,94.03934934,94.0218506953412,94.0200748614213,94.0200748614213,94.0200737694848,94.030625,94.0336420317913,94.023193359375,94.0235502565701
1145.15,94.0393108,94.0218525288211,94.0200915353659,94.0200915353659,94.0200904545963,94.030875,94.0338744316509,94.023095703125,94.0234650435269
1145.2,94.03927226,94.0218543623011,94.0201082093106,94.0201082093106,94.0201071397078,94.031125,94.0341068315106,94.022998046875,94.0233798304838
1145.25,94.03923372,94.021856195781,94.0201248832553,94.0201248832553,94.0201238248194,94.031375,94.0343392313702,94.022900390625,94.0232946174406
1145.3,94.03919612,94.021858029261,94.0201415572,94.0201415572,94.0201405099309,94.031625,94.0345716312299,94.022802734375,94.0232094043975
1145.35,94.03915758,94.021859862741,94.0201582311447,94.0201582311447,94.0201571950424,94.031875,94.0348040310895,94.022705078125,94.0231241913543
1145.4,94.03911904,94.0218616962209,94.0201749050893,94.0201749050893,94.0201738801539,94.032125,94.0350364309491,94.022607421875,94.0230389783111
1145.45,94.0390805,94.0218635297009,94.020191579034,94.020191579034,94.0201905652654,94.032375,94.0352688308088,94.022509765625,94.022953765268
1145.5,94.03904196,94.0218653631808,94.0202082529787,94.0202082529787,94.020207250377,94.032625,94.0355012306684,94.022412109375,94.0228685522248
1145.55,94.03900342,94.0218671966608,94.0202249269234,94.0202249269234,94.0202239354885,94.032875,94.0357336305281,94.022314453125,94.0227833391817
1145.6,94.03896488,94.0218690301407,94.0202416008681,94.0202416008681,94.0202406206,94.033125,94.0359660303877,94.022216796875,94.0226981261385
1145.65,94.03892634,94.0218708636207,94.0202582748128,94.0202582748128,94.0202573057115,94.033375,94.0361984302474,94.022119140625,94.0226129130953
1145.7,94.0388878,94.0218726971007,94.0202749487574,94.0202749487574,94.020273990823,94.033625,94.036430830107,94.022021484375,94.0225277000522
1145.75,94.03884926,94.0218745305806,94.0202916227021,94.0202916227021,94.0202906759345,94.033875,94.0366632299667,94.021923828125,94.022442487009
1145.8,94.03881072,94.0218763640606,94.0203082966468,94.0203082966468,94.0203073610461,94.034125,94.0368956298263,94.021826171875,94.0223572739659
1145.85,94.03877218,94.0218781975405,94.0203249705915,94.0203249705915,94.0203240461576,94.034375,94.037128029686,94.021728515625,94.0222720609227
1145.9,94.03873364,94.0218800310205,94.0203416445362,94.0203416445362,94.0203407312691,94.034625,94.0373604295456,94.021630859375,94.0221868478795
1145.95,94.0386951,94.0218818645005,94.0203583184809,94.0203583184809,94.0203574163806,94.034875,94.0375928294053,94.021533203125,94.0221016348364
1146,94.03865656,94.0218836979804,94.0203749924255,94.0203749924255,94.0203741014922,94.035,94.0377002292649,94.021435546875,94.0220164217932
1146.05,94.03861802,94.0218855314604,94.0203916663702,94.0203916663702,94.0203907866037,94.035,94.0376826291246,94.021337890625,94.02193120875
1146.1,94.03857948,94.0218873649403,94.0204083403149,94.0204083403149,94.0204074717152,94.035,94.0376650289842,94.021240234375,94.0218459957069
1146.15,94.03854094,94.0218891984203,94.0204250142596,94.0204250142596,94.0204241568267,94.035,94.0376474288439,94.021142578125,94.0217607826637
1146.2,94.0385024,94.0218910319003,94.0204416882043,94.0204416882043,94.0204408419382,94.035,94.0376298287035,94.021044921875,94.0216755696206
1146.25,94.03846386,94.0218928653802,94.020458362149,94.020458362149,94.0204575270498,94.035,94.0376122285631,94.020947265625,94.0215903565774
1146.3,94.03842532,94.0218946988602,94.0204750360936,94.0204750360936,94.0204742121613,94.035,94.0375946284228,94.020849609375,94.0215051435342
1146.35,94.03838772,94.0218965323401,94.0204917100383,94.0204917100383,94.0204908972728,94.035,94.0375770282824,94.020751953125,94.0214199304911
1146.4,94.03834918,94.0218983658201,94.020508383983,94.020508383983,94.0205075823843,94.035,94.0375594281421,94.020654296875,94.0213347174479
1146.45,94.03831064,94.0219001993,94.0205250579277,94.0205250579277,94.0205242674958,94.035,94.0375418280017,94.020556640625,94.0212495044048
1146.5,94.0382721,94.02190203278,94.0205417318724,94.0205417318724,94.0205409526074,94.035,94.0375242278614,94.020458984375,94.0211642913616
1146.55,94.03823356,94.02190386626,94.0205584058171,94.0205584058171,94.0205576377189,94.035,94.037506627721,94.020361328125,94.0210790783184
1146.6,94.03819502,94.0219056997399,94.0205750797618,94.0205750797618,94.0205743228304,94.035,94.0374890275807,94.020263671875,94.0209938652753
1146.65,94.03815648,94.0219075332199,94.0205917537064,94.0205917537064,94.0205910079419,94.035,94.0374714274403,94.020166015625,94.0209086522321
1146.7,94.03811794,94.0219093666998,94.0206084276511,94.0206084276511,94.0206076930534,94.035,94.0374538273,94.020068359375,94.0208234391889
1146.75,94.0380794,94.0219112001798,94.0206251015958,94.0206251015958,94.020624378165,94.035,94.0374362271596,94.019970703125,94.0207382261458
1146.8,94.03804086,94.0219130336598,94.0206417755405,94.0206417755405,94.0206410632765,94.035,94.0374186270193,94.019873046875,94.0206530131026
1146.85,94.03800232,94.0219148671397,94.0206584494852,94.0206584494852,94.020657748388,94.035,94.0374010268789,94.019775390625,94.0205678000595
1146.9,94.03796378,94.0219167006197,94.0206751234299,94.0206751234299,94.0206744334995,94.035,94.0373834267386,94.019677734375,94.0204825870163
1146.95,94.03792524,94.0219185340996,94.0206917973745,94.0206917973745,94.020691118611,94.035,94.0373658265982,94.019580078125,94.0203973739731
1147,94.0378867,94.0219203675796,94.0207084713192,94.0207084713192,94.0207078037226,94.035,94.0373482264579,94.019482421875,94.02031216093
1147.05,94.03784816,94.0219222010596,94.0207251452639,94.0207251452639,94.0207244888341,94.035,94.0373306263175,94.019384765625,94.0202269478868
1147.1,94.03780962,94.0219240345395,94.0207418192086,94.0207418192086,94.0207411739456,94.035,94.0373130261772,94.019287109375,94.0201417348436
1147.15,94.03777108,94.0219258680195,94.0207584931533,94.0207584931533,94.0207578590571,94.035,94.0372954260368,94.019189453125,94.0200565218005
1147.2,94.03773254,94.0219277014994,94.020775167098,94.020775167098,94.0207745441686,94.035,94.0372778258965,94.019091796875,94.0199713087573
1147.25,94.037694,94.0219295349794,94.0207918410426,94.0207918410426,94.0207912292802,94.035,94.0372602257561,94.018994140625,94.0198860957142
1147.3,94.03765546,94.0219313684593,94.0208085149873,94.0208085149873,94.0208079143917,94.035,94.0372426256157,94.018896484375,94.019800882671
1147.35,94.03761786,94.0219332019393,94.020825188932,94.020825188932,94.0208245995032,94.035,94.0372250254754,94.018798828125,94.0197156696278
1147.4,94.03757932,94.0219350354193,94.0208418628767,94.0208418628767,94.0208412846147,94.035,94.037207425335,94.018701171875,94.0196304565847
1147.45,94.03754078,94.0219368688992,94.0208585368214,94.0208585368214,94.0208579697262,94.035,94.0371898251947,94.018603515625,94.0195452435415
1147.5,94.03750224,94.0219387023792,94.0208752107661,94.0208752107661,94.0208746548378,94.035,94.0371722250543,94.018505859375,94.0194600304984
1147.55,94.0374637,94.0219405358591,94.0208918847107,94.0208918847107,94.0208913399493,94.035,94.037154624914,94.018408203125,94.0193748174552
1147.6,94.03742516,94.0219423693391,94.0209085586554,94.0209085586554,94.0209080250608,94.035,94.0371370247736,94.018310546875,94.019289604412
1147.65,94.03738662,94.0219442028191,94.0209252326001,94.0209252326001,94.0209247101723,94.035,94.0371194246333,94.018212890625,94.0192043913689
1147.7,94.03734808,94.021946036299,94.0209419065448,94.0209419065448,94.0209413952838,94.035,94.0371018244929,94.018115234375,94.0191191783257
1147.75,94.03730954,94.021947869779,94.0209585804895,94.0209585804895,94.0209580803954,94.035,94.0370842243526,94.018017578125,94.0190339652826
1147.8,94.037271,94.0219497032589,94.0209752544341,94.0209752544341,94.0209747655069,94.035,94.0370666242122,94.017919921875,94.0189487522394
1147.85,94.03723246,94.0219515367389,94.0209919283788,94.0209919283788,94.0209914506184,94.035,94.0370490240719,94.017822265625,94.0188635391962
1147.9,94.03719392,94.0219533702189,94.0210086023235,94.0210086023235,94.0210081357299,94.035,94.0370314239315,94.017724609375,94.0187783261531
1147.95,94.03715538,94.0219552036988,94.0210252762682,94.0210252762682,94.0210248208414,94.035,94.0370138237912,94.017626953125,94.0186931131099
1148,94.03711684,94.0219570371788,94.0210419502129,94.0210419502129,94.021041505953,94.034675,94.0366712236508,94.017529296875,94.0186079000667
1148.05,94.0370783,94.0219588706587,94.0210586241576,94.0210586241576,94.0210581910645,94.034025,94.0360036235105,94.017431640625,94.0185226870236
1148.1,94.03703976,94.0219607041387,94.0210752981023,94.0210752981023,94.021074876176,94.033375,94.0353360233701,94.017333984375,94.0184374739804
1148.15,94.03700122,94.0219625376186,94.0210919720469,94.0210919720469,94.0210915612875,94.032725,94.0346684232298,94.017236328125,94.0183522609373
1148.2,94.03696268,94.0219643710986,94.0211086459916,94.0211086459916,94.021108246399,94.032075,94.0340008230894,94.017138671875,94.0182670478941
1148.25,94.03692414,94.0219662045786,94.0211253199363,94.0211253199363,94.0211249315106,94.031425,94.0333332229491,94.017041015625,94.0181818348509
1148.3,94.0368856,94.0219680380585,94.021141993881,94.021141993881,94.0211416166221,94.030775,94.0326656228087,94.016943359375,94.0180966218078
1148.35,94.03684706,94.0219698715385,94.0211586678257,94.0211586678257,94.0211583017336,94.030125,94.0319980226683,94.016845703125,94.0180114087646
1148.4,94.03680946,94.0219717050184,94.0211753417704,94.0211753417704,94.0211749868451,94.029475,94.031330422528,94.016748046875,94.0179261957215
1148.45,94.03677092,94.0219735384984,94.021192015715,94.021192015715,94.0211916719566,94.028825,94.0306628223876,94.016650390625,94.0178409826783
1148.5,94.03673238,94.0219753719784,94.0212086896597,94.0212086896597,94.0212083570682,94.028175,94.0299952222473,94.016552734375,94.0177557696351
1148.55,94.03669384,94.0219772054583,94.0212253636044,94.0212253636044,94.0212250421797,94.027525,94.0293276221069,94.016455078125,94.017670556592
1148.6,94.0366553,94.0219790389383,94.0212420375491,94.0212420375491,94.0212417272912,94.026875,94.0286600219666,94.016357421875,94.0175853435488
1148.65,94.03661676,94.0219808724182,94.0212587114938,94.0212587114938,94.0212584124027,94.026225,94.0279924218262,94.016259765625,94.0175001305057
1148.7,94.03657822,94.0219827058982,94.0212753854385,94.0212753854385,94.0212750975142,94.025575,94.0273248216859,94.016162109375,94.0174149174625
1148.75,94.03653968,94.0219845393782,94.0212920593831,94.0212920593831,94.0212917826258,94.024925,94.0266572215455,94.016064453125,94.0173297044193
1148.8,94.03650114,94.0219863728581,94.0213087333278,94.0213087333278,94.0213084677373,94.024275,94.0259896214052,94.015966796875,94.0172444913762
1148.85,94.0364626,94.0219882063381,94.0213254072725,94.0213254072725,94.0213251528488,94.023625,94.0253220212648,94.015869140625,94.017159278333
1148.9,94.03642406,94.021990039818,94.0213420812172,94.0213420812172,94.0213418379603,94.022975,94.0246544211245,94.015771484375,94.0170740652898
1148.95,94.03638552,94.021991873298,94.0213587551619,94.0213587551619,94.0213585230718,94.022325,94.0239868209841,94.015673828125,94.0169888522467
1149,94.03634698,94.0218687067779,94.0212504291066,94.0212504291066,94.0212502081834,94.02175,94.0233942208438,94.015576171875,94.0169036392035
1149.05,94.03630844,94.0216205402579,94.0210171030512,94.0210171030512,94.0210168932949,94.02125,94.0228766207034,94.015478515625,94.0168184261604
1149.1,94.0362699,94.0213723737379,94.0207837769959,94.0207837769959,94.0207835784064,94.02075,94.0223590205631,94.015380859375,94.0167332131172
1149.15,94.03623136,94.0211242072178,94.0205504509406,94.0205504509406,94.0205502635179,94.02025,94.0218414204227,94.015283203125,94.016648000074
1149.2,94.03619282,94.0208760406978,94.0203171248853,94.0203171248853,94.0203169486294,94.01975,94.0213238202824,94.015185546875,94.0165627870309
1149.25,94.03615428,94.0206278741777,94.02008379883,94.02008379883,94.020083633741,94.01925,94.020806220142,94.015087890625,94.0164775739877
1149.3,94.03611574,94.0203797076577,94.0198504727747,94.0198504727747,94.0198503188525,94.01875,94.0202886200017,94.014990234375,94.0163923609446
1149.35,94.0360772,94.0201315411376,94.0196171467193,94.0196171467193,94.019617003964,94.01825,94.0197710198613,94.014892578125,94.0163071479014
1149.4,94.03603866,94.0198833746176,94.019383820664,94.019383820664,94.0193836890755,94.01775,94.019253419721,94.014794921875,94.0162219348582
1149.45,94.03600106,94.0196352080976,94.0191504946087,94.0191504946087,94.019150374187,94.01725,94.0187358195806,94.014697265625,94.0161367218151
1149.5,94.03596252,94.0193870415775,94.0189171685534,94.0189171685534,94.0189170592986,94.01675,94.0182182194402,94.014599609375,94.0160515087719
1149.55,94.03592398,94.0191388750575,94.0186838424981,94.0186838424981,94.0186837444101,94.01625,94.0177006192999,94.014501953125,94.0159662957287
1149.6,94.03588544,94.0188907085374,94.0184505164428,94.0184505164428,94.0184504295216,94.01575,94.0171830191595,94.014404296875,94.0158810826856
1149.65,94.0358469,94.0186425420174,94.0182171903874,94.0182171903874,94.0182171146331,94.01525,94.0166654190192,94.014306640625,94.0157958696424
1149.7,94.03580836,94.0183943754974,94.0179838643321,94.0179838643321,94.0179837997447,94.01475,94.0161478188788,94.014208984375,94.0157106565993
1149.75,94.03576982,94.0181462089773,94.0177505382768,94.0177505382768,94.0177504848562,94.01425,94.0156302187385,94.014111328125,94.0156254435561
1149.8,94.03573128,94.0178980424573,94.0175172122215,94.0175172122215,94.0175171699677,94.01375,94.0151126185981,94.014013671875,94.0155402305129
1149.85,94.03569274,94.0176498759372,94.0172838861662,94.0172838861662,94.0172838550792,94.01325,94.0145950184578,94.013916015625,94.0154550174698
1149.9,94.0356542,94.0174017094172,94.0170505601109,94.0170505601109,94.0170505401907,94.01275,94.0140774183174,94.013818359375,94.0153698044266
1149.95,94.03561566,94.0171535428972,94.0168172340556,94.0168172340556,94.0168172253022,94.01225,94.0135598181771,94.013720703125,94.0152845913834
1150,94.03557712,94.0169053763771,94.0165839080002,94.0165839080002,94.0165839104138,94.0118,94.0130922180367,94.013623046875,94.0151993783403
1150.05,94.03553858,94.0166470329891,94.0163228037176,94.0163228037176,94.0163227963266,94.0114,94.012683496791,94.013525390625,94.0150938772551
1150.1,94.03550004,94.0163886896011,94.016061699435,94.016061699435,94.0160616822394,94.011,94.0122747755454,94.013427734375,94.0149883761698
1150.15,94.0354615,94.0161303462131,94.0158005951523,94.0158005951523,94.0158005681523,94.0106,94.0118660542997,94.013330078125,94.0148828750846
1150.2,94.03542296,94.0158720028251,94.0155394908697,94.0155394908697,94.0155394540651,94.0102,94.011457333054,94.013232421875,94.0147773739993
1150.25,94.03538442,94.0156136594371,94.0152783865871,94.0152783865871,94.015278339978,94.0098,94.0110486118083,94.013134765625,94.0146718729141
1150.3,94.03534588,94.0153553160491,94.0150172823044,94.0150172823044,94.0150172258908,94.0094,94.0106398905626,94.013037109375,94.0145663718288
1150.35,94.03530734,94.015096972661,94.0147561780218,94.0147561780218,94.0147561118036,94.009,94.0102311693169,94.012939453125,94.0144608707436
1150.4,94.0352688,94.014838629273,94.0144950737392,94.0144950737392,94.0144949977165,94.0086,94.0098224480712,94.012841796875,94.0143553696584
1150.45,94.0352312,94.014580285885,94.0142339694565,94.0142339694565,94.0142338836293,94.0082,94.0094137268256,94.012744140625,94.0142498685731
1150.5,94.03519266,94.014321942497,94.0139728651739,94.0139728651739,94.0139727695421,94.0078,94.0090050055799,94.012646484375,94.0141443674879
1150.55,94.03515412,94.014063599109,94.0137117608913,94.0137117608913,94.013711655455,94.0074,94.0085962843342,94.012548828125,94.0140388664026
1150.6,94.03511558,94.013805255721,94.0134506566086,94.0134506566086,94.0134505413678,94.007,94.0081875630885,94.012451171875,94.0139333653174
1150.65,94.03507704,94.013546912333,94.013189552326,94.013189552326,94.0131894272806,94.0066,94.0077788418428,94.012353515625,94.0138278642322
1150.7,94.0350385,94.013288568945,94.0129284480434,94.0129284480434,94.0129283131935,94.0062,94.0073701205971,94.012255859375,94.0137223631469
1150.75,94.03499996,94.0130302255569,94.0126673437607,94.0126673437607,94.0126671991063,94.0058,94.0069613993515,94.012158203125,94.0136168620617
1150.8,94.03496142,94.0127718821689,94.0124062394781,94.0124062394781,94.0124060850191,94.0054,94.0065526781058,94.012060546875,94.0135113609764
1150.85,94.03492288,94.0125135387809,94.0121451351955,94.0121451351955,94.012144970932,94.005,94.0061439568601,94.011962890625,94.0134058598912
1150.9,94.03488434,94.0122551953929,94.0118840309128,94.0118840309128,94.0118838568448,94.0046,94.0057352356144,94.011865234375,94.0133003588059
1150.95,94.0348458,94.0119968520049,94.0116229266302,94.0116229266302,94.0116227427576,94.0042,94.0053265143687,94.011767578125,94.0131948577207
1151,94.03480726,94.0117385086169,94.0113618223476,94.0113618223476,94.0113616286705,94.00395,94.005067793123,94.011669921875,94.0130893566355
1151.05,94.03476872,94.0114801652289,94.0111007180649,94.0111007180649,94.0111005145833,94.00385,94.0049590718774,94.011572265625,94.0129838555502
1151.1,94.03473018,94.0112218218409,94.0108396137823,94.0108396137823,94.0108394004962,94.00375,94.0048503506317,94.011474609375,94.012878354465
1151.15,94.03469164,94.0109634784529,94.0105785094996,94.0105785094996,94.010578286409,94.00365,94.004741629386,94.011376953125,94.0127728533797
1151.2,94.0346531,94.0107051350649,94.010317405217,94.010317405217,94.0103171723218,94.00355,94.0046329081403,94.011279296875,94.0126673522945
1151.25,94.03461456,94.0104467916768,94.0100563009344,94.0100563009344,94.0100560582347,94.00345,94.0045241868946,94.011181640625,94.0125618512093
1151.3,94.03457602,94.0101884482888,94.0097951966517,94.0097951966517,94.0097949441475,94.00335,94.0044154656489,94.011083984375,94.012456350124
1151.35,94.03453748,94.0099301049008,94.0095340923691,94.0095340923691,94.0095338300603,94.00325,94.0043067444033,94.010986328125,94.0123508490388
1151.4,94.03449894,94.0096717615128,94.0092729880865,94.0092729880865,94.0092727159732,94.00315,94.0041980231576,94.010888671875,94.0122453479536
1151.45,94.0344604,94.0094134181248,94.0090118838038,94.0090118838038,94.009011601886,94.00305,94.0040893019119,94.010791015625,94.0121398468683
1151.5,94.0344228,94.0091550747368,94.0087507795212,94.0087507795212,94.0087504877988,94.00295,94.0039805806662,94.010693359375,94.0120343457831
1151.55,94.03438426,94.0088967313488,94.0084896752386,94.0084896752386,94.0084893737117,94.00285,94.0038718594205,94.010595703125,94.0119288446978
1151.6,94.03434572,94.0086383879608,94.0082285709559,94.0082285709559,94.0082282596245,94.00275,94.0037631381748,94.010498046875,94.0118233436126
1151.65,94.03430718,94.0083800445728,94.0079674666733,94.0079674666733,94.0079671455373,94.00265,94.0036544169292,94.010400390625,94.0117178425273
1151.7,94.03426864,94.0081217011847,94.0077063623907,94.0077063623907,94.0077060314502,94.00255,94.0035456956835,94.010302734375,94.0116123414421
1151.75,94.0342301,94.0078633577967,94.007445258108,94.007445258108,94.007444917363,94.00245,94.0034369744378,94.010205078125,94.0115068403569
1151.8,94.03419156,94.0076050144087,94.0071841538254,94.0071841538254,94.0071838032758,94.00235,94.0033282531921,94.010107421875,94.0114013392716
1151.85,94.03415302,94.0073466710207,94.0069230495428,94.0069230495428,94.0069226891887,94.00225,94.0032195319464,94.010009765625,94.0112958381864
1151.9,94.03411448,94.0070883276327,94.0066619452601,94.0066619452601,94.0066615751015,94.00215,94.0031108107007,94.009912109375,94.0111903371011
1151.95,94.03407594,94.0068299842447,94.0064008409775,94.0064008409775,94.0064004610144,94.00205,94.0030020894551,94.009814453125,94.0110848360159
1152,94.0340374,94.0066966408567,94.0062647366949,94.0062647366949,94.0062643469272,94.002,94.0029433682094,94.009716796875,94.0109793349307
1152.05,94.03399886,94.0066882974687,94.0062536324122,94.0062536324122,94.00625323284,94.002,94.0029346469637,94.009619140625,94.0108738338454
1152.1,94.03396032,94.0066799540807,94.0062425281296,94.0062425281296,94.0062421187529,94.002,94.002925925718,94.009521484375,94.0107683327602
1152.15,94.03392178,94.0066716106926,94.006231423847,94.006231423847,94.0062310046657,94.002,94.0029172044723,94.009423828125,94.0106628316749
1152.2,94.03388324,94.0066632673046,94.0062203195643,94.0062203195643,94.0062198905785,94.002,94.0029084832266,94.009326171875,94.0105573305897
1152.25,94.0338447,94.0066549239166,94.0062092152817,94.0062092152817,94.0062087764914,94.002,94.0028997619809,94.009228515625,94.0104518295044
1152.3,94.03380616,94.0066465805286,94.0061981109991,94.0061981109991,94.0061976624042,94.002,94.0028910407353,94.009130859375,94.0103463284192
1152.35,94.03376762,94.0066382371406,94.0061870067164,94.0061870067164,94.006186548317,94.002,94.0028823194896,94.009033203125,94.010240827334
1152.4,94.03372908,94.0066298937526,94.0061759024338,94.0061759024338,94.0061754342299,94.002,94.0028735982439,94.008935546875,94.0101353262487
1152.45,94.03369054,94.0066215503646,94.0061647981512,94.0061647981512,94.0061643201427,94.002,94.0028648769982,94.008837890625,94.0100298251635
1152.5,94.033652,94.0066132069766,94.0061536938685,94.0061536938685,94.0061532060555,94.002,94.0028561557525,94.008740234375,94.0099243240782
1152.55,94.0336144,94.0066048635886,94.0061425895859,94.0061425895859,94.0061420919684,94.002,94.0028474345068,94.008642578125,94.009818822993
1152.6,94.03357586,94.0065965202005,94.0061314853033,94.0061314853033,94.0061309778812,94.002,94.0028387132612,94.008544921875,94.0097133219078
1152.65,94.03353732,94.0065881768125,94.0061203810206,94.0061203810206,94.006119863794,94.002,94.0028299920155,94.008447265625,94.0096078208225
1152.7,94.03349878,94.0065798334245,94.006109276738,94.006109276738,94.0061087497069,94.002,94.0028212707698,94.008349609375,94.0095023197373
1152.75,94.03346024,94.0065714900365,94.0060981724554,94.0060981724554,94.0060976356197,94.002,94.0028125495241,94.008251953125,94.009396818652
1152.8,94.0334217,94.0065631466485,94.0060870681727,94.0060870681727,94.0060865215325,94.002,94.0028038282784,94.008154296875,94.0092913175668
1152.85,94.03338316,94.0065548032605,94.0060759638901,94.0060759638901,94.0060754074454,94.002,94.0027951070327,94.008056640625,94.0091858164816
1152.9,94.03334462,94.0065464598725,94.0060648596074,94.0060648596074,94.0060642933582,94.002,94.002786385787,94.007958984375,94.0090803153963
1152.95,94.03330608,94.0065381164845,94.0060537553248,94.0060537553248,94.006053179271,94.002,94.0027776645414,94.007861328125,94.0089748143111
1153,94.03326754,94.0065297730965,94.0060426510422,94.0060426510422,94.0060420651839,94.002,94.0027689432957,94.0078002929688,94.0089059343196
1153.05,94.033229,94.0065214297084,94.0060315467595,94.0060315467595,94.0060309510967,94.002,94.00276022205,94.0077758789062,94.0088736754218
1153.1,94.03319046,94.0065130863204,94.0060204424769,94.0060204424769,94.0060198370096,94.002,94.0027515008043,94.0077514648438,94.0088414165241
1153.15,94.03315192,94.0065047429324,94.0060093381943,94.0060093381943,94.0060087229224,94.002,94.0027427795586,94.0077270507813,94.0088091576264
1153.2,94.03311338,94.0064963995444,94.0059982339116,94.0059982339116,94.0059976088352,94.002,94.0027340583129,94.0077026367187,94.0087768987286
1153.25,94.03307484,94.0064880561564,94.005987129629,94.005987129629,94.0059864947481,94.002,94.0027253370673,94.0076782226563,94.0087446398309
1153.3,94.0330363,94.0064797127684,94.0059760253464,94.0059760253464,94.0059753806609,94.002,94.0027166158216,94.0076538085937,94.0087123809331
1153.35,94.03299776,94.0064713693804,94.0059649210638,94.0059649210638,94.0059642665737,94.002,94.0027078945759,94.0076293945312,94.0086801220354
1153.4,94.03295922,94.0064630259924,94.0059538167811,94.0059538167811,94.0059531524866,94.002,94.0026991733302,94.0076049804688,94.0086478631377
1153.45,94.03292068,94.0064546826044,94.0059427124985,94.0059427124985,94.0059420383994,94.002,94.0026904520845,94.0075805664062,94.0086156042399
1153.5,94.03288214,94.0064463392164,94.0059316082158,94.0059316082158,94.0059309243122,94.002,94.0026817308388,94.0075561523438,94.0085833453422
1153.55,94.03284454,94.0064379958283,94.0059205039332,94.0059205039332,94.0059198102251,94.002,94.0026730095932,94.0075317382812,94.0085510864444
1153.6,94.032806,94.0064296524403,94.0059093996506,94.0059093996506,94.0059086961379,94.002,94.0026642883475,94.0075073242188,94.0085188275467
1153.65,94.03276746,94.0064213090523,94.0058982953679,94.0058982953679,94.0058975820507,94.002,94.0026555671018,94.0074829101563,94.0084865686489
1153.7,94.03272892,94.0064129656643,94.0058871910853,94.0058871910853,94.0058864679636,94.002,94.0026468458561,94.0074584960937,94.0084543097512
1153.75,94.03269038,94.0064046222763,94.0058760868027,94.0058760868027,94.0058753538764,94.002,94.0026381246104,94.0074340820313,94.0084220508535
1153.8,94.03265184,94.0063962788883,94.00586498252,94.00586498252,94.0058642397892,94.002,94.0026294033647,94.0074096679687,94.0083897919557
1153.85,94.0326133,94.0063879355003,94.0058538782374,94.0058538782374,94.0058531257021,94.002,94.0026206821191,94.0073852539062,94.008357533058
1153.9,94.03257476,94.0063795921123,94.0058427739548,94.0058427739548,94.0058420116149,94.002,94.0026119608734,94.0073608398438,94.0083252741602
1153.95,94.03253622,94.0063712487242,94.0058316696721,94.0058316696721,94.0058308975278,94.002,94.0026032396277,94.0073364257812,94.0082930152625
1154,94.03249768,94.0063629053362,94.0058205653895,94.0058205653895,94.0058197834406,94.002,94.002594518382,94.0073120117188,94.0082607563648
1154.05,94.03245914,94.0063545619482,94.0058094611069,94.0058094611069,94.0058086693534,94.002,94.0025857971363,94.0072875976562,94.008228497467
1154.1,94.0324206,94.0063462185602,94.0057983568242,94.0057983568242,94.0057975552663,94.002,94.0025770758906,94.0072631835938,94.0081962385693
1154.15,94.03238206,94.0063378751722,94.0057872525416,94.0057872525416,94.0057864411791,94.002,94.0025683546449,94.0072387695313,94.0081639796716
1154.2,94.03234352,94.0063295317842,94.005776148259,94.005776148259,94.0057753270919,94.002,94.0025596333993,94.0072143554687,94.0081317207738
1154.25,94.03230498,94.0063211883962,94.0057650439763,94.0057650439763,94.0057642130048,94.002,94.0025509121536,94.0071899414063,94.0080994618761
1154.3,94.03226644,94.0063128450082,94.0057539396937,94.0057539396937,94.0057530989176,94.002,94.0025421909079,94.0071655273437,94.0080672029783
1154.35,94.0322279,94.0063045016202,94.0057428354111,94.0057428354111,94.0057419848304,94.002,94.0025334696622,94.0071411132812,94.0080349440806
1154.4,94.03218936,94.0062961582322,94.0057317311284,94.0057317311284,94.0057308707433,94.002,94.0025247484165,94.0071166992188,94.0080026851828
1154.45,94.03215082,94.0062878148441,94.0057206268458,94.0057206268458,94.0057197566561,94.002,94.0025160271708,94.0070922851562,94.0079704262851
1154.5,94.03211228,94.0062794714561,94.0057095225632,94.0057095225632,94.0057086425689,94.002,94.0025073059252,94.0070678710938,94.0079381673874
1154.55,94.03207374,94.0062711280681,94.0056984182805,94.0056984182805,94.0056975284818,94.002,94.0024985846795,94.0070434570312,94.0079059084896
1154.6,94.03203614,94.0062627846801,94.0056873139979,94.0056873139979,94.0056864143946,94.002,94.0024898634338,94.0070190429688,94.0078736495919
1154.65,94.0319976,94.0062544412921,94.0056762097153,94.0056762097153,94.0056753003074,94.002,94.0024811421881,94.0069946289063,94.0078413906941
1154.7,94.03195906,94.0062460979041,94.0056651054326,94.0056651054326,94.0056641862203,94.002,94.0024724209424,94.0069702148437,94.0078091317964
1154.75,94.03192052,94.0062377545161,94.00565400115,94.00565400115,94.0056530721331,94.002,94.0024636996967,94.0069458007813,94.0077768728987
1154.8,94.03188198,94.0062294111281,94.0056428968674,94.0056428968674,94.005641958046,94.002,94.0024549784511,94.0069213867187,94.0077446140009
1154.85,94.03184344,94.0062210677401,94.0056317925847,94.0056317925847,94.0056308439588,94.002,94.0024462572054,94.0068969726562,94.0077123551032
1154.9,94.0318049,94.006212724352,94.0056206883021,94.0056206883021,94.0056197298716,94.002,94.0024375359597,94.0068725585938,94.0076800962054
1154.95,94.03176636,94.006204380964,94.0056095840195,94.0056095840195,94.0056086157845,94.002,94.002428814714,94.0068481445312,94.0076478373077
1155,94.03172782,94.006196037576,94.0055984797368,94.0055984797368,94.0055975016973,94.00205,94.0024700934683,94.0068237304688,94.00761557841
1155.05,94.03168928,94.006187694188,94.0055873754542,94.0055873754542,94.0055863876101,94.00215,94.0025613722226,94.0067993164062,94.0075833195122
1155.1,94.03165074,94.0061793508,94.0055762711715,94.0055762711715,94.005575273523,94.00225,94.002652650977,94.0067749023438,94.0075510606145
1155.15,94.0316122,94.006171007412,94.0055651668889,94.0055651668889,94.0055641594358,94.00235,94.0027439297313,94.0067504882813,94.0075188017167
1155.2,94.03157366,94.006162664024,94.0055540626063,94.0055540626063,94.0055530453486,94.00245,94.0028352084856,94.0067260742187,94.007486542819
1155.25,94.03153512,94.006154320636,94.0055429583236,94.0055429583236,94.0055419312615,94.00255,94.0029264872399,94.0067016601563,94.0074542839212
1155.3,94.03149658,94.006145977248,94.005531854041,94.005531854041,94.0055308171743,94.00265,94.0030177659942,94.0066772460937,94.0074220250235
1155.35,94.03145804,94.00613763386,94.0055207497584,94.0055207497584,94.0055197030871,94.00275,94.0031090447485,94.0066528320312,94.0073897661258
1155.4,94.0314195,94.0061292904719,94.0055096454757,94.0055096454757,94.005508589,94.00285,94.0032003235029,94.0066284179688,94.007357507228
1155.45,94.03138096,94.0061209470839,94.0054985411931,94.0054985411931,94.0054974749128,94.00295,94.0032916022572,94.0066040039062,94.0073252483303
1155.5,94.03134242,94.0061126036959,94.0054874369105,94.0054874369105,94.0054863608256,94.00305,94.0033828810115,94.0065795898438,94.0072929894325
1155.55,94.03132268,94.0061042603079,94.0054763326279,94.0054763326279,94.0054752467385,94.00315,94.0034741597658,94.0065551757812,94.0072607305348
1155.6,94.03132268,94.0060959169199,94.0054652283452,94.0054652283452,94.0054641326513,94.00325,94.0035654385201,94.0065307617188,94.0072284716371
1155.65,94.03132268,94.0060875735319,94.0054541240626,94.0054541240626,94.0054530185642,94.00335,94.0036567172744,94.0065063476563,94.0071962127393
1155.7,94.03132268,94.0060792301439,94.0054430197799,94.0054430197799,94.005441904477,94.00345,94.0037479960287,94.0064819335937,94.0071639538416
1155.75,94.03132268,94.0060708867559,94.0054319154973,94.0054319154973,94.0054307903898,94.00355,94.0038392747831,94.0064575195313,94.0071316949438
1155.8,94.03132268,94.0060625433678,94.0054208112147,94.0054208112147,94.0054196763027,94.00365,94.0039305535374,94.0064331054687,94.0070994360461
1155.85,94.03132268,94.0060541999798,94.005409706932,94.005409706932,94.0054085622155,94.00375,94.0040218322917,94.0064086914062,94.0070671771484
1155.9,94.03132268,94.0060458565918,94.0053986026494,94.0053986026494,94.0053974481283,94.00385,94.004113111046,94.0063842773438,94.0070349182506
1155.95,94.03132268,94.0060375132038,94.0053874983668,94.0053874983668,94.0053863340412,94.00395,94.0042043898003,94.0063598632812,94.0070026593529
1156,94.03132268,94.0060291698158,94.0053763940841,94.0053763940841,94.005375219954,94.0042,94.0044456685546,94.0063354492188,94.0069704004551
1156.05,94.03132268,94.0060208264278,94.0053652898015,94.0053652898015,94.0053641058668,94.0046,94.004836947309,94.0063110351562,94.0069381415574
1156.1,94.03132268,94.0060124830398,94.0053541855189,94.0053541855189,94.0053529917797,94.005,94.0052282260633,94.0062866210938,94.0069058826597
1156.15,94.03132268,94.0060041396518,94.0053430812362,94.0053430812362,94.0053418776925,94.0054,94.0056195048176,94.0062622070313,94.0068736237619
1156.2,94.03132268,94.0059957962638,94.0053319769536,94.0053319769536,94.0053307636053,94.0058,94.0060107835719,94.0062377929687,94.0068413648642
1156.25,94.03132268,94.0059874528758,94.005320872671,94.005320872671,94.0053196495182,94.0062,94.0064020623262,94.0062133789063,94.0068091059664
1156.3,94.03132268,94.0059791094877,94.0053097683883,94.0053097683883,94.005308535431,94.0066,94.0067933410805,94.0061889648437,94.0067768470687
1156.35,94.03132268,94.0059707660997,94.0052986641057,94.0052986641057,94.0052974213438,94.007,94.0071846198348,94.0061645507812,94.0067445881709
1156.4,94.03132268,94.0059624227117,94.0052875598231,94.0052875598231,94.0052863072567,94.0074,94.0075758985892,94.0061401367188,94.0067123292732
1156.45,94.03132268,94.0059540793237,94.0052764555404,94.0052764555404,94.0052751931695,94.0078,94.0079671773435,94.0061157226562,94.0066800703755
1156.5,94.03132268,94.0059457359357,94.0052653512578,94.0052653512578,94.0052640790824,94.0082,94.0083584560978,94.0060913085938,94.0066478114777
1156.55,94.03132268,94.0059373925477,94.0052542469752,94.0052542469752,94.0052529649952,94.0086,94.0087497348521,94.0060668945312,94.00661555258
1156.6,94.03132268,94.0059290491597,94.0052431426925,94.0052431426925,94.005241850908,94.009,94.0091410136064,94.0060424804688,94.0065832936822
1156.65,94.03132268,94.0059207057717,94.0052320384099,94.0052320384099,94.0052307368208,94.0094,94.0095322923607,94.0060180664063,94.0065510347845
1156.7,94.03132268,94.0059123623837,94.0052209341273,94.0052209341273,94.0052196227337,94.0098,94.0099235711151,94.0059936523437,94.0065187758868
1156.75,94.03132268,94.0059040189956,94.0052098298446,94.0052098298446,94.0052085086465,94.0102,94.0103148498694,94.0059692382813,94.006486516989
1156.8,94.03132268,94.0058956756076,94.005198725562,94.005198725562,94.0051973945594,94.0106,94.0107061286237,94.0059448242187,94.0064542580913
1156.85,94.03132268,94.0058873322196,94.0051876212794,94.0051876212794,94.0051862804722,94.011,94.011097407378,94.0059204101562,94.0064219991935
1156.9,94.03132268,94.0058789888316,94.0051765169967,94.0051765169967,94.005175166385,94.0114,94.0114886861323,94.0058959960938,94.0063897402958
1156.95,94.03132268,94.0058706454436,94.0051654127141,94.0051654127141,94.0051640522979,94.0118,94.0118799648866,94.0058715820312,94.0063574813981
1157,94.03132268,94.0058623020556,94.0051543084315,94.0051543084315,94.0051529382107,94.012,94.012071243641,94.0058471679688,94.0063252225003
1157.05,94.03132268,94.0058539586676,94.0051432041488,94.0051432041488,94.0051418241235,94.012,94.0120625223953,94.0058227539062,94.0062929636026
1157.1,94.03132268,94.0058456152796,94.0051320998662,94.0051320998662,94.0051307100364,94.012,94.0120538011496,94.0057983398438,94.0062607047048
1157.15,94.03132268,94.0058372718916,94.0051209955836,94.0051209955836,94.0051195959492,94.012,94.0120450799039,94.0057739257813,94.0062284458071
1157.2,94.03132268,94.0058289285035,94.0051098913009,94.0051098913009,94.005108481862,94.012,94.0120363586582,94.0057495117187,94.0061961869093
1157.25,94.03132268,94.0058205851155,94.0050987870183,94.0050987870183,94.0050973677749,94.012,94.0120276374125,94.0057250976563,94.0061639280116
1157.3,94.03132268,94.0058122417275,94.0050876827356,94.0050876827356,94.0050862536877,94.012,94.0120189161669,94.0057006835937,94.0061316691139
1157.35,94.03132268,94.0058038983395,94.005076578453,94.005076578453,94.0050751396005,94.012,94.0120101949212,94.0056762695312,94.0060994102161
1157.4,94.03132268,94.0057955549515,94.0050654741704,94.0050654741704,94.0050640255134,94.012,94.0120014736755,94.0056518554688,94.0060671513184
1157.45,94.03132268,94.0057872115635,94.0050543698877,94.0050543698877,94.0050529114262,94.012,94.0119927524298,94.0056274414062,94.0060348924206
1157.5,94.03132268,94.0057788681755,94.0050432656051,94.0050432656051,94.0050417973391,94.012,94.0119840311841,94.0056030273438,94.0060026335229
1157.55,94.03132268,94.0057705247875,94.0050321613225,94.0050321613225,94.0050306832519,94.012,94.0119753099384,94.0055786132812,94.0059703746252
1157.6,94.03132268,94.0057621813995,94.0050210570398,94.0050210570398,94.0050195691647,94.012,94.0119665886927,94.0055541992188,94.0059381157274
1157.65,94.03132268,94.0057538380114,94.0050099527572,94.0050099527572,94.0050084550776,94.012,94.0119578674471,94.0055297851563,94.0059058568297
1157.7,94.03132268,94.0057454946234,94.0049988484746,94.0049988484746,94.0049973409904,94.012,94.0119491462014,94.0055053710937,94.0058735979319
1157.75,94.03132268,94.0057371512354,94.0049877441919,94.0049877441919,94.0049862269032,94.012,94.0119404249557,94.0054809570313,94.0058413390342
1157.8,94.03132268,94.0057288078474,94.0049766399093,94.0049766399093,94.0049751128161,94.012,94.01193170371,94.0054565429687,94.0058090801365
1157.85,94.03132268,94.0057204644594,94.0049655356267,94.0049655356267,94.0049639987289,94.012,94.0119229824643,94.0054321289062,94.0057768212387
1157.9,94.03132268,94.0057121210714,94.004954431344,94.004954431344,94.0049528846417,94.012,94.0119142612186,94.0054077148438,94.005744562341
1157.95,94.03132268,94.0057037776834,94.0049433270614,94.0049433270614,94.0049417705546,94.012,94.011905539973,94.0053833007812,94.0057123034432
1158,94.03132268,94.0056954342954,94.0049322227788,94.0049322227788,94.0049306564674,94.012,94.0118968187273,94.0053588867188,94.0056800445455
1158.05,94.03132268,94.0056870909074,94.0049211184961,94.0049211184961,94.0049195423802,94.012,94.0118880974816,94.0053344726562,94.0056477856478
1158.1,94.03132268,94.0056787475193,94.0049100142135,94.0049100142135,94.0049084282931,94.012,94.0118793762359,94.0053100585938,94.00561552675
1158.15,94.03132268,94.0056704041313,94.0048989099309,94.0048989099309,94.0048973142059,94.012,94.0118706549902,94.0052856445313,94.0055832678523
1158.2,94.03132268,94.0056620607433,94.0048878056482,94.0048878056482,94.0048862001187,94.012,94.0118619337445,94.0052612304687,94.0055510089545
1158.25,94.03132268,94.0056537173553,94.0048767013656,94.0048767013656,94.0048750860316,94.012,94.0118532124989,94.0052368164063,94.0055187500568
1158.3,94.03132268,94.0056453739673,94.004865597083,94.004865597083,94.0048639719444,94.012,94.0118444912532,94.0052124023437,94.005486491159
1158.35,94.03132268,94.0056370305793,94.0048544928003,94.0048544928003,94.0048528578573,94.012,94.0118357700075,94.0051879882812,94.0054542322613
1158.4,94.03132268,94.0056286871913,94.0048433885177,94.0048433885177,94.0048417437701,94.012,94.0118270487618,94.0051635742188,94.0054219733636
1158.45,94.03132268,94.0056203438033,94.0048322842351,94.0048322842351,94.0048306296829,94.012,94.0118183275161,94.0051391601562,94.0053897144658
1158.5,94.03132268,94.0056120004153,94.0048211799524,94.0048211799524,94.0048195155958,94.012,94.0118096062704,94.0051147460938,94.0053574555681
1158.55,94.03132268,94.0056036570273,94.0048100756698,94.0048100756698,94.0048084015086,94.012,94.0118008850248,94.0050903320312,94.0053251966703
1158.6,94.03132268,94.0055953136392,94.0047989713872,94.0047989713872,94.0047972874214,94.012,94.0117921637791,94.0050659179688,94.0052929377726
1158.65,94.03132268,94.0055869702512,94.0047878671045,94.0047878671045,94.0047861733343,94.012,94.0117834425334,94.0050415039063,94.0052606788749
1158.7,94.03132268,94.0055786268632,94.0047767628219,94.0047767628219,94.0047750592471,94.012,94.0117747212877,94.0050170898437,94.0052284199771
1158.75,94.03132268,94.0055702834752,94.0047656585393,94.0047656585393,94.0047639451599,94.012,94.011766000042,94.0049926757813,94.0051961610794
1158.8,94.03132268,94.0055619400872,94.0047545542566,94.0047545542566,94.0047528310728,94.012,94.0117572787963,94.0049682617187,94.0051639021816
1158.85,94.03132268,94.0055535966992,94.004743449974,94.004743449974,94.0047417169856,94.012,94.0117485575506,94.0049438476562,94.0051316432839
1158.9,94.03132268,94.0055452533112,94.0047323456914,94.0047323456914,94.0047306028984,94.012,94.011739836305,94.0049194335938,94.0050993843862
1158.95,94.03132268,94.0055369099232,94.0047212414087,94.0047212414087,94.0047194888113,94.012,94.0117311150593,94.0048950195312,94.0050671254884
1159,94.03132268,94.0055285665351,94.0047101371261,94.0047101371261,94.0047083747241,94.011925,94.0116473938136,94.0048706054688,94.0050348665907
1159.05,94.03132268,94.0055202231471,94.0046990328435,94.0046990328435,94.0046972606369,94.011775,94.0114886725679,94.0048461914062,94.0050026076929
1159.1,94.03132268,94.0055118797591,94.0046879285608,94.0046879285608,94.0046861465498,94.011625,94.0113299513222,94.0048217773438,94.0049703487952
1159.15,94.03132268,94.0055035363711,94.0046768242782,94.0046768242782,94.0046750324626,94.011475,94.0111712300765,94.0047973632813,94.0049380898975
1159.2,94.03132268,94.0054951929831,94.0046657199956,94.0046657199956,94.0046639183755,94.011325,94.0110125088309,94.0047729492187,94.0049058309997
1159.25,94.03132268,94.0054868495951,94.0046546157129,94.0046546157129,94.0046528042883,94.011175,94.0108537875852,94.0047485351563,94.004873572102
1159.3,94.03132268,94.0054785062071,94.0046435114303,94.0046435114303,94.0046416902011,94.011025,94.0106950663395,94.0047241210937,94.0048413132042
1159.35,94.03132268,94.0054701628191,94.0046324071477,94.0046324071477,94.004630576114,94.010875,94.0105363450938,94.0046997070312,94.0048090543065
1159.4,94.03132268,94.0054618194311,94.004621302865,94.004621302865,94.0046194620268,94.010725,94.0103776238481,94.0046752929688,94.0047767954087
1159.45,94.03132268,94.0054534760431,94.0046101985824,94.0046101985824,94.0046083479396,94.010575,94.0102189026024,94.0046508789062,94.004744536511
1159.5,94.03132268,94.005445132655,94.0045990942997,94.0045990942997,94.0045972338525,94.010425,94.0100601813567,94.0046264648438,94.0047122776133
1159.55,94.03132268,94.005436789267,94.0045879900171,94.0045879900171,94.0045861197653,94.010275,94.0099014601111,94.0046020507812,94.0046800187155
1159.6,94.03132268,94.005428445879,94.0045768857345,94.0045768857345,94.0045750056781,94.010125,94.0097427388654,94.0045776367188,94.0046477598178
1159.65,94.03132268,94.005420102491,94.0045657814518,94.0045657814518,94.004563891591,94.009975,94.0095840176197,94.0045532226563,94.00461550092
1159.7,94.03132268,94.005411759103,94.0045546771692,94.0045546771692,94.0045527775038,94.009825,94.009425296374,94.0045288085937,94.0045832420223
1159.75,94.03132268,94.005403415715,94.0045435728866,94.0045435728866,94.0045416634166,94.009675,94.0092665751283,94.0045043945313,94.0045509831246
1159.8,94.03132268,94.005395072327,94.0045324686039,94.0045324686039,94.0045305493295,94.009525,94.0091078538827,94.0044799804687,94.0045187242268
1159.85,94.03132268,94.005386728939,94.0045213643213,94.0045213643213,94.0045194352423,94.009375,94.008949132637,94.0044555664062,94.0044864653291
1159.9,94.03132268,94.005378385551,94.0045102600387,94.0045102600387,94.0045083211551,94.009225,94.0087904113913,94.0044311523438,94.0044542064313
1159.95,94.03132268,94.0053700421629,94.004499155756,94.004499155756,94.004497207068,94.009075,94.0086316901456,94.0044067382812,94.0044219475336
1160,94.03132268,94.0053616987749,94.0044880514734,94.0044880514734,94.0044860929808,94.00895,94.0084979688999,94.0043823242188,94.0043896886359
1160.05,94.03132268,94.0053521765806,94.0044811906745,94.0044811906745,94.0044792394284,94.00885,94.0084003350617,94.0043579101562,94.0043651269513
1160.1,94.03132268,94.0053426543864,94.0044743298756,94.0044743298756,94.0044723858759,94.00875,94.0083027012235,94.0043334960938,94.0043405652668
1160.15,94.03132268,94.0053331321921,94.0044674690767,94.0044674690767,94.0044655323235,94.00865,94.0082050673853,94.0043090820313,94.0043160035823
1160.2,94.03132268,94.0053236099978,94.0044606082779,94.0044606082779,94.004458678771,94.00855,94.0081074335471,94.0042846679687,94.0042914418978
1160.25,94.03132268,94.0053140878035,94.004453747479,94.004453747479,94.0044518252186,94.00845,94.0080097997089,94.0042602539063,94.0042668802133
1160.3,94.03132268,94.0053045656092,94.0044468866801,94.0044468866801,94.0044449716661,94.00835,94.0079121658707,94.0042358398437,94.0042423185288
1160.35,94.03132268,94.0052950434149,94.0044400258812,94.0044400258812,94.0044381181137,94.00825,94.0078145320325,94.0042114257812,94.0042177568442
1160.4,94.03132268,94.0052855212206,94.0044331650823,94.0044331650823,94.0044312645612,94.00815,94.0077168981943,94.0041870117188,94.0041931951597
1160.45,94.03132268,94.0052759990263,94.0044263042834,94.0044263042834,94.0044244110088,94.00805,94.0076192643561,94.0041625976562,94.0041686334752
1160.5,94.03132268,94.005266476832,94.0044194434845,94.0044194434845,94.0044175574563,94.00795,94.0075216305179,94.0041381835938,94.0041440717907
1160.55,94.03132268,94.0052569546378,94.0044125826856,94.0044125826856,94.0044107039039,94.00785,94.0074239966797,94.0041137695312,94.0041195101062
1160.6,94.03132268,94.0052474324435,94.0044057218868,94.0044057218868,94.0044038503514,94.00775,94.0073263628415,94.0040893554688,94.0040949484217
1160.65,94.03132268,94.0052379102492,94.0043988610879,94.0043988610879,94.004396996799,94.00765,94.0072287290033,94.0040649414063,94.0040703867371
1160.7,94.03132268,94.0052283880549,94.004392000289,94.004392000289,94.0043901432465,94.00755,94.0071310951651,94.0040405273437,94.0040458250526
1160.75,94.03132268,94.0052188658606,94.0043851394901,94.0043851394901,94.0043832896941,94.00745,94.0070334613269,94.0040161132813,94.0040212633681
1160.8,94.03132268,94.0052093436663,94.0043782786912,94.0043782786912,94.0043764361416,94.00735,94.0069358274887,94.0039916992187,94.0039967016836
1160.85,94.03132268,94.005199821472,94.0043714178923,94.0043714178923,94.0043695825892,94.00725,94.0068381936505,94.0039672851562,94.0039721399991
1160.9,94.03132268,94.0051902992777,94.0043645570934,94.0043645570934,94.0043627290367,94.00715,94.0067405598123,94.0039428710938,94.0039475783146
1160.95,94.03132268,94.0051807770835,94.0043576962945,94.0043576962945,94.0043558754843,94.00705,94.0066429259741,94.0039184570312,94.00392301663
1161,94.03132268,94.0051712548892,94.0043508354957,94.0043508354957,94.0043490219318,94.0069,94.0064952921359,94.0038940429688,94.0038984549455
1161.05,94.03132268,94.0051617326949,94.0043439746968,94.0043439746968,94.0043421683794,94.0067,94.0062976582977,94.0038696289062,94.003873893261
1161.1,94.03132268,94.0051522105006,94.0043371138979,94.0043371138979,94.0043353148269,94.0065,94.0061000244595,94.0038452148438,94.0038493315765
1161.15,94.03132268,94.0051426883063,94.004330253099,94.004330253099,94.0043284612745,94.0063,94.0059023906213,94.0038208007813,94.003824769892
1161.2,94.03132268,94.005133166112,94.0043233923001,94.0043233923001,94.004321607722,94.0061,94.0057047567831,94.0037963867187,94.0038002082075
1161.25,94.03132268,94.0051236439177,94.0043165315012,94.0043165315012,94.0043147541696,94.0059,94.0055071229449,94.0037719726563,94.0037756465229
1161.3,94.03132268,94.0051141217234,94.0043096707023,94.0043096707023,94.0043079006171,94.0057,94.0053094891067,94.0037475585937,94.0037510848384
1161.35,94.03132268,94.0051045995291,94.0043028099035,94.0043028099035,94.0043010470647,94.0055,94.0051118552685,94.0037231445312,94.0037265231539
1161.4,94.03132268,94.0050950773349,94.0042959491046,94.0042959491046,94.0042941935123,94.0053,94.0049142214303,94.0036987304688,94.0037019614694
1161.45,94.03132268,94.0050855551406,94.0042890883057,94.0042890883057,94.0042873399598,94.0051,94.0047165875921,94.0036743164062,94.0036773997849
1161.5,94.03132268,94.0050760329463,94.0042822275068,94.0042822275068,94.0042804864074,94.0049,94.0045189537539,94.0036499023438,94.0036528381004
1161.55,94.03132268,94.005066510752,94.0042753667079,94.0042753667079,94.0042736328549,94.0047,94.0043213199157,94.0036254882812,94.0036282764158
1161.6,94.03132268,94.0050569885577,94.004268505909,94.004268505909,94.0042667793025,94.0045,94.0041236860775,94.0036010742188,94.0036037147313
1161.65,94.03132268,94.0050474663634,94.0042616451101,94.0042616451101,94.00425992575,94.0043,94.0039260522393,94.0035766601563,94.0035791530468
1161.7,94.03132268,94.0050379441691,94.0042547843112,94.0042547843112,94.0042530721976,94.0041,94.0037284184011,94.0035522460937,94.0035545913623
1161.75,94.03132268,94.0050284219748,94.0042479235124,94.0042479235124,94.0042462186451,94.0039,94.0035307845629,94.0035278320313,94.0035300296778
1161.8,94.03132268,94.0050188997806,94.0042410627135,94.0042410627135,94.0042393650927,94.0037,94.0033331507247,94.0035034179687,94.0035054679933
1161.85,94.03132268,94.0050093775863,94.0042342019146,94.0042342019146,94.0042325115402,94.0035,94.0031355168865,94.0034790039062,94.0034809063087
1161.9,94.03132268,94.004999855392,94.0042273411157,94.0042273411157,94.0042256579878,94.0033,94.0029378830483,94.0034545898438,94.0034563446242
1161.95,94.03132268,94.0049903331977,94.0042204803168,94.0042204803168,94.0042188044353,94.0031,94.0027402492101,94.0034301757812,94.0034317829397
1162,94.03132268,94.0049808110034,94.0042136195179,94.0042136195179,94.0042119508829,94.00285,94.0024926153719,94.0034057617188,94.0034072212552
1162.05,94.03132268,94.0049712888091,94.004206758719,94.004206758719,94.0042050973304,94.00255,94.0021949815337,94.0033813476562,94.0033826595707
1162.1,94.03132268,94.0049617666148,94.0041998979201,94.0041998979201,94.004198243778,94.00225,94.0018973476955,94.0033569335938,94.0033580978861
1162.15,94.03132268,94.0049522444205,94.0041930371213,94.0041930371213,94.0041913902255,94.00195,94.0015997138573,94.0033325195313,94.0033335362016
1162.2,94.03132268,94.0049427222262,94.0041861763224,94.0041861763224,94.0041845366731,94.00165,94.0013020800191,94.0033081054687,94.0033089745171
1162.25,94.03132268,94.004933200032,94.0041793155235,94.0041793155235,94.0041776831206,94.00135,94.0010044461809,94.0032836914063,94.0032844128326
1162.3,94.03132268,94.0049236778377,94.0041724547246,94.0041724547246,94.0041708295682,94.00105,94.0007068123427,94.0032592773437,94.0032598511481
1162.35,94.03132268,94.0049141556434,94.0041655939257,94.0041655939257,94.0041639760157,94.00075,94.0004091785045,94.0032348632812,94.0032352894636
1162.4,94.03132268,94.0049046334491,94.0041587331268,94.0041587331268,94.0041571224633,94.00045,94.0001115446664,94.0032104492188,94.0032107277791
1162.45,94.03132268,94.0048951112548,94.0041518723279,94.0041518723279,94.0041502689108,94.00015,93.9998139108282,94.0031860351562,94.0031861660945
1162.5,94.03132268,94.0048855890605,94.004145011529,94.004145011529,94.0041434153584,93.99985,93.99951627699,94.0031616210938,94.00316160441
1162.55,94.03132268,94.0048760668662,94.0041381507302,94.0041381507302,94.0041365618059,93.99955,93.9992186431517,94.0031372070312,94.0031370427255
1162.6,94.03132268,94.0048665446719,94.0041312899313,94.0041312899313,94.0041297082535,93.99925,93.9989210093135,94.0031127929688,94.003112481041
1162.65,94.03132268,94.0048570224776,94.0041244291324,94.0041244291324,94.004122854701,93.99895,93.9986233754753,94.0030883789063,94.0030879193565
1162.7,94.03132268,94.0048475002834,94.0041175683335,94.0041175683335,94.0041160011486,93.99865,93.9983257416371,94.0030639648437,94.003063357672
1162.75,94.03132268,94.0048379780891,94.0041107075346,94.0041107075346,94.0041091475961,93.99835,93.998028107799,94.0030395507813,94.0030387959874
1162.8,94.03132268,94.0048284558948,94.0041038467357,94.0041038467357,94.0041022940437,93.99805,93.9977304739608,94.0030151367187,94.0030142343029
1162.85,94.03132268,94.0048189337005,94.0040969859368,94.0040969859368,94.0040954404912,93.99775,93.9974328401226,94.0029907226562,94.0029896726184
1162.9,94.03132268,94.0048094115062,94.0040901251379,94.0040901251379,94.0040885869388,93.99745,93.9971352062844,94.0029663085938,94.0029651109339
1162.95,94.03132268,94.0047998893119,94.0040832643391,94.0040832643391,94.0040817333863,93.99715,93.9968375724462,94.0029418945312,94.0029405492494
1163,94.03132268,94.0047903671176,94.0040764035402,94.0040764035402,94.0040748798339,93.9969,93.996589938608,94.0029174804688,94.0029159875649
1163.05,94.03132268,94.0047808449233,94.0040695427413,94.0040695427413,94.0040680262814,93.9967,93.9963923047698,94.0028930664062,94.0028914258803
1163.1,94.03132268,94.004771322729,94.0040626819424,94.0040626819424,94.004061172729,93.9965,93.9961946709316,94.0028686523438,94.0028668641958
1163.15,94.03132268,94.0047618005348,94.0040558211435,94.0040558211435,94.0040543191765,93.9963,93.9959970370934,94.0028442382813,94.0028423025113
1163.2,94.03132268,94.0047522783405,94.0040489603446,94.0040489603446,94.0040474656241,93.9961,93.9957994032552,94.0028198242187,94.0028177408268
1163.25,94.03132268,94.0047427561462,94.0040420995457,94.0040420995457,94.0040406120716,93.9959,93.995601769417,94.0027954101563,94.0027931791423
1163.3,94.03132268,94.0047332339519,94.0040352387469,94.0040352387469,94.0040337585192,93.9957,93.9954041355788,94.0027709960937,94.0027686174578
1163.35,94.03132268,94.0047237117576,94.004028377948,94.004028377948,94.0040269049668,93.9955,93.9952065017406,94.0027465820312,94.0027440557732
1163.4,94.03132268,94.0047141895633,94.0040215171491,94.0040215171491,94.0040200514143,93.9953,93.9950088679024,94.0027221679688,94.0027194940887
1163.45,94.03132268,94.004704667369,94.0040146563502,94.0040146563502,94.0040131978619,93.9951,93.9948112340642,94.0026977539062,94.0026949324042
1163.5,94.03132268,94.0046951451747,94.0040077955513,94.0040077955513,94.0040063443094,93.9949,93.994613600226,94.0026733398438,94.0026703707197
1163.55,94.03132268,94.0046856229804,94.0040009347524,94.0040009347524,94.003999490757,93.9947,93.9944159663878,94.0026489257812,94.0026458090352
1163.6,94.03132268,94.0046761007862,94.0039940739535,94.0039940739535,94.0039926372045,93.9945,93.9942183325496,94.0026245117188,94.0026212473507
1163.65,94.03132268,94.0046665785919,94.0039872131546,94.0039872131546,94.0039857836521,93.9943,93.9940206987114,94.0026000976563,94.0025966856661
1163.7,94.03132268,94.0046570563976,94.0039803523558,94.0039803523558,94.0039789300996,93.9941,93.9938230648732,94.0025756835937,94.0025721239816
1163.75,94.03132268,94.0046475342033,94.0039734915569,94.0039734915569,94.0039720765472,93.9939,93.993625431035,94.0025512695313,94.0025475622971
1163.8,94.03132268,94.004638012009,94.003966630758,94.003966630758,94.0039652229947,93.9937,93.9934277971968,94.0025268554687,94.0025230006126
1163.85,94.03132268,94.0046284898147,94.0039597699591,94.0039597699591,94.0039583694423,93.9935,93.9932301633586,94.0025024414062,94.0024984389281
1163.9,94.03132268,94.0046189676204,94.0039529091602,94.0039529091602,94.0039515158898,93.9933,93.9930325295204,94.0024780273438,94.0024738772436
1163.95,94.03132268,94.0046094454261,94.0039460483613,94.0039460483613,94.0039446623374,93.9931,93.9928348956822,94.0024536132812,94.002449315559
1164,94.03132268,94.0045999232319,94.0039391875624,94.0039391875624,94.0039378087849,93.993,93.992737261844,94.0024291992188,94.0024247538745
1164.05,94.03132268,94.0045904010376,94.0039323267635,94.0039323267635,94.0039309552325,93.993,93.9927396280058,94.0024047851562,94.00240019219
1164.1,94.03132268,94.0045808788433,94.0039254659647,94.0039254659647,94.00392410168,93.993,93.9927419941676,94.0023803710938,94.0023756305055
1164.15,94.03132268,94.004571356649,94.0039186051658,94.0039186051658,94.0039172481276,93.993,93.9927443603294,94.0023559570313,94.002351068821
1164.2,94.03132268,94.0045618344547,94.0039117443669,94.0039117443669,94.0039103945751,93.993,93.9927467264912,94.0023315429687,94.0023265071365
1164.25,94.03132268,94.0045523122604,94.003904883568,94.003904883568,94.0039035410227,93.993,93.992749092653,94.0023071289063,94.0023019454519
1164.3,94.03132268,94.0045427900661,94.0038980227691,94.0038980227691,94.0038966874702,93.993,93.9927514588148,94.0022827148437,94.0022773837674
1164.35,94.03132268,94.0045332678718,94.0038911619702,94.0038911619702,94.0038898339178,93.993,93.9927538249766,94.0022583007812,94.0022528220829
1164.4,94.03132268,94.0045237456775,94.0038843011713,94.0038843011713,94.0038829803653,93.993,93.9927561911384,94.0022338867188,94.0022282603984
1164.45,94.03132268,94.0045142234833,94.0038774403724,94.0038774403724,94.0038761268129,93.993,93.9927585573002,94.0022094726562,94.0022036987139
1164.5,94.03132268,94.004504701289,94.0038705795736,94.0038705795736,94.0038692732604,93.993,93.992760923462,94.0021850585938,94.0021791370294
1164.55,94.03132268,94.0044951790947,94.0038637187747,94.0038637187747,94.003862419708,93.993,93.9927632896238,94.0021606445312,94.0021545753448
1164.6,94.03132268,94.0044856569004,94.0038568579758,94.0038568579758,94.0038555661555,93.993,93.9927656557856,94.0021362304688,94.0021300136603
1164.65,94.03132268,94.0044761347061,94.0038499971769,94.0038499971769,94.0038487126031,93.993,93.9927680219474,94.0021118164063,94.0021054519758
1164.7,94.03132268,94.0044666125118,94.003843136378,94.003843136378,94.0038418590506,93.993,93.9927703881092,94.0020874023437,94.0020808902913
1164.75,94.03132268,94.0044570903175,94.0038362755791,94.0038362755791,94.0038350054982,93.993,93.992772754271,94.0020629882813,94.0020563286068
1164.8,94.03132268,94.0044475681232,94.0038294147802,94.0038294147802,94.0038281519457,93.993,93.9927751204328,94.0020385742187,94.0020317669223
1164.85,94.03132268,94.0044380459289,94.0038225539813,94.0038225539813,94.0038212983933,93.993,93.9927774865946,94.0020141601562,94.0020072052377
1164.9,94.03132268,94.0044285237347,94.0038156931825,94.0038156931825,94.0038144448408,93.993,93.9927798527564,94.0019897460938,94.0019826435532
1164.95,94.03132268,94.0044190015404,94.0038088323836,94.0038088323836,94.0038075912884,93.993,93.9927822189182,94.0019653320312,94.0019580818687
1165,94.03132268,94.0044094793461,94.0038019715847,94.0038019715847,94.0038007377359,93.993,93.99278458508,94.0019409179688,94.0019335201842
1165.05,94.03132268,94.0043999571518,94.0037951107858,94.0037951107858,94.0037938841835,93.993,93.9927869512418,94.0019165039062,94.0019089584997
1165.1,94.03132268,94.0043904349575,94.0037882499869,94.0037882499869,94.003787030631,93.993,93.9927893174036,94.0018920898438,94.0018843968152
1165.15,94.03132268,94.0043809127632,94.003781389188,94.003781389188,94.0037801770786,93.993,93.9927916835654,94.0018676757813,94.0018598351306
1165.2,94.03132268,94.0043713905689,94.0037745283891,94.0037745283891,94.0037733235261,93.993,93.9927940497272,94.0018432617187,94.0018352734461
1165.25,94.03132268,94.0043618683746,94.0037676675902,94.0037676675902,94.0037664699737,93.993,93.992796415889,94.0018188476563,94.0018107117616
1165.3,94.03132268,94.0043523461804,94.0037608067914,94.0037608067914,94.0037596164212,93.993,93.9927987820508,94.0017944335937,94.0017861500771
1165.35,94.03132268,94.0043428239861,94.0037539459925,94.0037539459925,94.0037527628688,93.993,93.9928011482126,94.0017700195312,94.0017615883926
1165.4,94.03132268,94.0043333017918,94.0037470851936,94.0037470851936,94.0037459093163,93.993,93.9928035143744,94.0017456054688,94.0017370267081
1165.45,94.03132268,94.0043237795975,94.0037402243947,94.0037402243947,94.0037390557639,93.993,93.9928058805362,94.0017211914062,94.0017124650235
1165.5,94.03132268,94.0043142574032,94.0037333635958,94.0037333635958,94.0037322022114,93.993,93.992808246698,94.0016967773438,94.001687903339
1165.55,94.03132268,94.0043047352089,94.0037265027969,94.0037265027969,94.003725348659,93.993,93.9928106128598,94.0016723632812,94.0016633416545
1165.6,94.03132268,94.0042952130146,94.003719641998,94.003719641998,94.0037184951065,93.993,93.9928129790216,94.0016479492188,94.00163877997
1165.65,94.03132268,94.0042856908203,94.0037127811991,94.0037127811991,94.0037116415541,93.993,93.9928153451834,94.0016235351563,94.0016142182855
1165.7,94.03132268,94.004276168626,94.0037059204003,94.0037059204003,94.0037047880016,93.993,93.9928177113452,94.0015991210937,94.001589656601
1165.75,94.03132268,94.0042666464318,94.0036990596014,94.0036990596014,94.0036979344492,93.993,93.992820077507,94.0015747070313,94.0015650949164
1165.8,94.03132268,94.0042571242375,94.0036921988025,94.0036921988025,94.0036910808967,93.993,93.9928224436688,94.0015502929687,94.0015405332319
1165.85,94.03132268,94.0042476020432,94.0036853380036,94.0036853380036,94.0036842273443,93.993,93.9928248098306,94.0015258789062,94.0015159715474
1165.9,94.03132268,94.0042380798489,94.0036784772047,94.0036784772047,94.0036773737918,93.993,93.9928271759924,94.0015014648438,94.0014914098629
1165.95,94.03132268,94.0042285576546,94.0036716164058,94.0036716164058,94.0036705202394,93.993,93.9928295421542,94.0014770507812,94.0014668481784
1166,94.03132268,94.0042190354603,94.0036647556069,94.0036647556069,94.0036636666869,93.9931,93.992931908316,94.0014526367188,94.0014422864939
1166.05,94.03132268,94.004209513266,94.003657894808,94.003657894808,94.0036568131345,93.9933,93.9931342744778,94.0014282226562,94.0014177248093
1166.1,94.03132268,94.0041999910717,94.0036510340092,94.0036510340092,94.0036499595821,93.9935,93.9933366406396,94.0014038085938,94.0013931631248
1166.15,94.03132268,94.0041904688775,94.0036441732103,94.0036441732103,94.0036431060296,93.9937,93.9935390068014,94.0013793945313,94.0013686014403
1166.2,94.03132268,94.0041809466832,94.0036373124114,94.0036373124114,94.0036362524772,93.9939,93.9937413729632,94.0013549804687,94.0013440397558
1166.25,94.03132268,94.0041714244889,94.0036304516125,94.0036304516125,94.0036293989247,93.9941,93.993943739125,94.0013305664063,94.0013194780713
1166.3,94.03132268,94.0041619022946,94.0036235908136,94.0036235908136,94.0036225453723,93.9943,93.9941461052868,94.0013061523437,94.0012949163868
1166.35,94.03132268,94.0041523801003,94.0036167300147,94.0036167300147,94.0036156918198,93.9945,93.9943484714486,94.0012817382812,94.0012703547022
1166.4,94.03132268,94.004142857906,94.0036098692158,94.0036098692158,94.0036088382674,93.9947,93.9945508376104,94.0012573242188,94.0012457930177
1166.45,94.03132268,94.0041333357117,94.0036030084169,94.0036030084169,94.0036019847149,93.9949,93.9947532037722,94.0012329101562,94.0012212313332
1166.5,94.03132268,94.0041238135174,94.0035961476181,94.0035961476181,94.0035951311625,93.9951,93.994955569934,94.0012084960938,94.0011966696487
1166.55,94.03132268,94.0041142913231,94.0035892868192,94.0035892868192,94.00358827761,93.9953,93.9951579360958,94.0011840820312,94.0011721079642
1166.6,94.03132268,94.0041047691289,94.0035824260203,94.0035824260203,94.0035814240576,93.9955,93.9953603022576,94.0011596679688,94.0011475462797
1166.65,94.03132268,94.0040952469346,94.0035755652214,94.0035755652214,94.0035745705051,93.9957,93.9955626684194,94.0011352539063,94.0011229845951
1166.7,94.03132268,94.0040857247403,94.0035687044225,94.0035687044225,94.0035677169527,93.9959,93.9957650345812,94.0011108398437,94.0010984229106
1166.75,94.03132268,94.004076202546,94.0035618436236,94.0035618436236,94.0035608634002,93.9961,93.995967400743,94.0010864257813,94.0010738612261
1166.8,94.03132268,94.0040666803517,94.0035549828247,94.0035549828247,94.0035540098478,93.9963,93.9961697669048,94.0010620117187,94.0010492995416
1166.85,94.03132268,94.0040571581574,94.0035481220258,94.0035481220258,94.0035471562953,93.9965,93.9963721330666,94.0010375976562,94.0010247378571
1166.9,94.03132268,94.0040476359631,94.003541261227,94.003541261227,94.0035403027429,93.9967,93.9965744992284,94.0010131835938,94.0010001761726
1166.95,94.03132268,94.0040381137688,94.0035344004281,94.0035344004281,94.0035334491904,93.9969,93.9967768653902,94.0009887695312,94.000975614488
1167,94.03132268,94.0040285915746,94.0035275396292,94.0035275396292,94.003526595638,93.997025,93.996904231552,94.0009643554688,94.0009510528035
1167.05,94.03132268,94.0040190693803,94.0035206788303,94.0035206788303,94.0035197420855,93.997075,93.9969565977138,94.0009399414062,94.000926491119
1167.1,94.03132268,94.004009547186,94.0035138180314,94.0035138180314,94.0035128885331,93.997125,93.9970089638756,94.0009155273438,94.0009019294345
1167.15,94.03132268,94.0040000249917,94.0035069572325,94.0035069572325,94.0035060349806,93.997175,93.9970613300374,94.0008911132813,94.00087736775
1167.2,94.03132268,94.0039905027974,94.0035000964336,94.0035000964336,94.0034991814282,93.997225,93.9971136961992,94.0008666992187,94.0008528060655
1167.25,94.03132268,94.0039809806031,94.0034932356347,94.0034932356347,94.0034923278757,93.997275,93.997166062361,94.0008422851563,94.0008282443809
1167.3,94.03132268,94.0039714584088,94.0034863748359,94.0034863748359,94.0034854743233,93.997325,93.9972184285228,94.0008178710937,94.0008036826964
1167.35,94.03132268,94.0039619362145,94.003479514037,94.003479514037,94.0034786207708,93.997375,93.9972707946846,94.0007934570312,94.0007791210119
1167.4,94.03132268,94.0039524140202,94.0034726532381,94.0034726532381,94.0034717672184,93.997425,93.9973231608464,94.0007690429688,94.0007545593274
1167.45,94.03132268,94.003942891826,94.0034657924392,94.0034657924392,94.0034649136659,93.997475,93.9973755270082,94.0007446289062,94.0007299976429
1167.5,94.03132268,94.0039333696317,94.0034589316403,94.0034589316403,94.0034580601135,93.997525,93.99742789317,94.0007202148438,94.0007054359584
1167.55,94.03132268,94.0039238474374,94.0034520708414,94.0034520708414,94.003451206561,93.997575,93.9974802593318,94.0006958007812,94.0006808742738
1167.6,94.03132268,94.0039143252431,94.0034452100425,94.0034452100425,94.0034443530086,93.997625,93.9975326254936,94.0006713867188,94.0006563125893
1167.65,94.03132268,94.0039048030488,94.0034383492437,94.0034383492437,94.0034374994561,93.997675,93.9975849916554,94.0006469726563,94.0006317509048
1167.7,94.03132268,94.0038952808545,94.0034314884448,94.0034314884448,94.0034306459037,93.997725,93.9976373578172,94.0006225585937,94.0006071892203
1167.75,94.03132268,94.0038857586602,94.0034246276459,94.0034246276459,94.0034237923512,93.997775,93.997689723979,94.0005981445313,94.0005826275358
1167.8,94.03132268,94.0038762364659,94.003417766847,94.003417766847,94.0034169387988,93.997825,93.9977420901408,94.0005737304687,94.0005580658513
1167.85,94.03132268,94.0038667142716,94.0034109060481,94.0034109060481,94.0034100852463,93.997875,93.9977944563026,94.0005493164062,94.0005335041667
1167.9,94.03132268,94.0038571920774,94.0034040452492,94.0034040452492,94.0034032316939,93.997925,93.9978468224644,94.0005249023438,94.0005089424822
1167.95,94.03132268,94.0038476698831,94.0033971844503,94.0033971844503,94.0033963781414,93.997975,93.9978991886262,94.0005004882812,94.0004843807977
1168,94.03132268,94.0038381476888,94.0033903236514,94.0033903236514,94.003389524589,93.998,93.997926554788,94.0004760742188,94.0004598191132
1168.05,94.03132268,94.0038286254945,94.0033834628526,94.0033834628526,94.0033826710365,93.998,93.9979289209498,94.0004516601562,94.0004352574287
1168.1,94.03132268,94.0038191033002,94.0033766020537,94.0033766020537,94.0033758174841,93.998,93.9979312871116,94.0004272460938,94.0004106957442
1168.15,94.03132268,94.0038095811059,94.0033697412548,94.0033697412548,94.0033689639316,93.998,93.9979336532734,94.0004028320313,94.0003861340596
1168.2,94.03132268,94.0038000589116,94.0033628804559,94.0033628804559,94.0033621103792,93.998,93.9979360194352,94.0003784179687,94.0003615723751
1168.25,94.03132268,94.0037905367173,94.003356019657,94.003356019657,94.0033552568268,93.998,93.997938385597,94.0003540039063,94.0003370106906
1168.3,94.03132268,94.003781014523,94.0033491588581,94.0033491588581,94.0033484032743,93.998,93.9979407517588,94.0003295898437,94.0003124490061
1168.35,94.03132268,94.0037714923288,94.0033422980592,94.0033422980592,94.0033415497219,93.998,93.9979431179206,94.0003051757812,94.0002878873216
1168.4,94.03132268,94.0037619701345,94.0033354372603,94.0033354372603,94.0033346961694,93.998,93.9979454840824,94.0002807617188,94.0002633256371
1168.45,94.03132268,94.0037524479402,94.0033285764615,94.0033285764615,94.003327842617,93.998,93.9979478502442,94.0002563476562,94.0002387639526
1168.5,94.03132268,94.0037429257459,94.0033217156626,94.0033217156626,94.0033209890645,93.998,93.997950216406,94.0002319335938,94.000214202268
1168.55,94.03132268,94.0037334035516,94.0033148548637,94.0033148548637,94.0033141355121,93.998,93.9979525825678,94.0002075195312,94.0001896405835
1168.6,94.03132268,94.0037238813573,94.0033079940648,94.0033079940648,94.0033072819596,93.998,93.9979549487296,94.0001831054688,94.000165078899
1168.65,94.03132268,94.003714359163,94.0033011332659,94.0033011332659,94.0033004284072,93.998,93.9979573148914,94.0001586914063,94.0001405172145
1168.7,94.03132268,94.0037048369687,94.003294272467,94.003294272467,94.0032935748547,93.998,93.9979596810532,94.0001342773437,94.00011595553
1168.75,94.03132268,94.0036953147744,94.0032874116681,94.0032874116681,94.0032867213023,93.998,93.997962047215,94.0001098632813,94.0000913938455
1168.8,94.03132268,94.0036857925802,94.0032805508692,94.0032805508692,94.0032798677498,93.998,93.9979644133768,94.0000854492187,94.0000668321609
1168.85,94.03132268,94.0036762703859,94.0032736900704,94.0032736900704,94.0032730141974,93.998,93.9979667795386,94.0000610351562,94.0000422704764
1168.9,94.03132268,94.0036667481916,94.0032668292715,94.0032668292715,94.0032661606449,93.998,93.9979691457004,94.0000366210938,94.0000177087919
1168.95,94.03132268,94.0036572259973,94.0032599684726,94.0032599684726,94.0032593070925,93.998,93.9979715118622,94.0000122070312,93.9999931471074
1169,94.03132268,94.003647703803,94.0032531076737,94.0032531076737,94.00325245354,93.998025,93.997998878024,94.0000122070312,93.9999929994854
1169.05,94.03132268,94.0036381816087,94.0032462468748,94.0032462468748,94.0032455999876,93.998075,93.9980512441858,94.0000366210938,94.0000172659258
1169.1,94.03132268,94.0036286594144,94.0032393860759,94.0032393860759,94.0032387464351,93.998125,93.9981036103476,94.0000610351562,94.0000415323663
1169.15,94.03132268,94.0036191372201,94.003232525277,94.003232525277,94.0032318928827,93.998175,93.9981559765094,94.0000854492187,94.0000657988068
1169.2,94.03132268,94.0036096150259,94.0032256644782,94.0032256644782,94.0032250393302,93.998225,93.9982083426712,94.0001098632813,94.0000900652473
1169.25,94.03132268,94.0036000928316,94.0032188036793,94.0032188036793,94.0032181857778,93.998275,93.998260708833,94.0001342773437,94.0001143316878
1169.3,94.03132268,94.0035905706373,94.0032119428804,94.0032119428804,94.0032113322253,93.998325,93.9983130749948,94.0001586914063,94.0001385981283
1169.35,94.03132268,94.003581048443,94.0032050820815,94.0032050820815,94.0032044786729,93.998375,93.9983654411566,94.0001831054688,94.0001628645688
1169.4,94.03132268,94.0035715262487,94.0031982212826,94.0031982212826,94.0031976251204,93.998425,93.9984178073184,94.0002075195312,94.0001871310092
1169.45,94.03132268,94.0035620040544,94.0031913604837,94.0031913604837,94.003190771568,93.998475,93.9984701734802,94.0002319335938,94.0002113974497
1169.5,94.03132268,94.0035524818601,94.0031844996848,94.0031844996848,94.0031839180155,93.998525,93.998522539642,94.0002563476562,94.0002356638902
1169.55,94.03132268,94.0035429596658,94.0031776388859,94.0031776388859,94.0031770644631,93.998575,93.9985749058038,94.0002807617188,94.0002599303307
1169.6,94.03132268,94.0035334374715,94.0031707780871,94.0031707780871,94.0031702109106,93.998625,93.9986272719656,94.0003051757812,94.0002841967712
1169.65,94.03132268,94.0035239152773,94.0031639172882,94.0031639172882,94.0031633573582,93.998675,93.9986796381274,94.0003295898437,94.0003084632117
1169.7,94.03132268,94.003514393083,94.0031570564893,94.0031570564893,94.0031565038057,93.998725,93.9987320042892,94.0003540039063,94.0003327296521
1169.75,94.03132268,94.0035048708887,94.0031501956904,94.0031501956904,94.0031496502533,93.998775,93.998784370451,94.0003784179687,94.0003569960926
1169.8,94.03132268,94.0034953486944,94.0031433348915,94.0031433348915,94.0031427967008,93.998825,93.9988367366128,94.0004028320313,94.0003812625331
1169.85,94.03132268,94.0034858265001,94.0031364740926,94.0031364740926,94.0031359431484,93.998875,93.9988891027746,94.0004272460938,94.0004055289736
1169.9,94.03132268,94.0034763043058,94.0031296132937,94.0031296132937,94.0031290895959,93.998925,93.9989414689365,94.0004516601562,94.0004297954141
1169.95,94.03132268,94.0034667821115,94.0031227524948,94.0031227524948,94.0031222360435,93.998975,93.9989938350982,94.0004760742188,94.0004540618545
1170,94.03132268,94.0034572599172,94.003115891696,94.003115891696,94.003115382491,93.999125,93.99914620126,94.0005004882812,94.000478328295
1170.05,94.03132268,94.0034446344861,94.0030978013884,94.0030978013884,94.0030973111352,93.999375,93.9993936377545,94.0005249023438,94.0004969280533
1170.1,94.03132268,94.003432009055,94.0030797110808,94.0030797110808,94.0030792397794,93.999625,93.9996410742489,94.0005493164062,94.0005155278115
1170.15,94.03132268,94.0034193836239,94.0030616207732,94.0030616207732,94.0030611684236,93.999875,93.9998885107433,94.0005737304687,94.0005341275698
1170.2,94.03132268,94.0034067581928,94.0030435304656,94.0030435304656,94.0030430970677,94.000125,94.0001359472378,94.0005981445313,94.000552727328
1170.25,94.03132268,94.0033941327617,94.003025440158,94.003025440158,94.0030250257119,94.000375,94.0003833837322,94.0006225585937,94.0005713270863
1170.3,94.03132268,94.0033815073306,94.0030073498504,94.0030073498504,94.0030069543561,94.000625,94.0006308202267,94.0006469726563,94.0005899268445
1170.35,94.03132268,94.0033688818995,94.0029892595428,94.0029892595428,94.0029888830002,94.000875,94.0008782567211,94.0006713867188,94.0006085266028
1170.4,94.03132268,94.0033562564684,94.0029711692352,94.0029711692352,94.0029708116444,94.001125,94.0011256932155,94.0006958007812,94.000627126361
1170.45,94.03132268,94.0033436310373,94.0029530789276,94.0029530789276,94.0029527402886,94.001375,94.00137312971,94.0007202148438,94.0006457261193
1170.5,94.03132268,94.0033310056062,94.0029349886201,94.0029349886201,94.0029346689328,94.001625,94.0016205662044,94.0007446289062,94.0006643258775
1170.55,94.03132268,94.0033183801751,94.0029168983125,94.0029168983125,94.0029165975769,94.001875,94.0018680026988,94.0007690429688,94.0006829256358
1170.6,94.03132268,94.003305754744,94.0028988080049,94.0028988080049,94.0028985262211,94.002125,94.0021154391933,94.0007934570312,94.000701525394
1170.65,94.03132268,94.0032931293129,94.0028807176973,94.0028807176973,94.0028804548653,94.002375,94.0023628756877,94.0008178710937,94.0007201251523
1170.7,94.03132268,94.0032805038818,94.0028626273897,94.0028626273897,94.0028623835094,94.002625,94.0026103121821,94.0008422851563,94.0007387249105
1170.75,94.03132268,94.0032678784507,94.0028445370821,94.0028445370821,94.0028443121536,94.002875,94.0028577486766,94.0008666992187,94.0007573246688
1170.8,94.03132268,94.0032552530196,94.0028264467745,94.0028264467745,94.0028262407978,94.003125,94.003105185171,94.0008911132813,94.000775924427
1170.85,94.03132268,94.0032426275885,94.0028083564669,94.0028083564669,94.002808169442,94.003375,94.0033526216654,94.0009155273438,94.0007945241853
1170.9,94.03132268,94.0032300021574,94.0027902661593,94.0027902661593,94.0027900980861,94.003625,94.0036000581599,94.0009399414062,94.0008131239435
1170.95,94.03132268,94.0032173767263,94.0027721758517,94.0027721758517,94.0027720267303,94.003875,94.0038474946543,94.0009643554688,94.0008317237018
1171,94.03132268,94.0032047512952,94.0027540855442,94.0027540855442,94.0027539553745,94.004275,94.0042449311487,94.0009887695312,94.00085032346
1171.05,94.03132268,94.0031921258641,94.0027359952366,94.0027359952366,94.0027358840186,94.004825,94.0047923676432,94.0010131835938,94.0008689232183
1171.1,94.03132268,94.003179500433,94.002717904929,94.002717904929,94.0027178126628,94.005375,94.0053398041376,94.0010375976562,94.0008875229765
1171.15,94.03132268,94.0031668750019,94.0026998146214,94.0026998146214,94.002699741307,94.005925,94.0058872406321,94.0010620117187,94.0009061227348
1171.2,94.03132268,94.0031542495708,94.0026817243138,94.0026817243138,94.0026816699512,94.006475,94.0064346771265,94.0010864257813,94.000924722493
1171.25,94.03132268,94.0031416241396,94.0026636340062,94.0026636340062,94.0026635985953,94.007025,94.0069821136209,94.0011108398437,94.0009433222513
1171.3,94.03132268,94.0031289987085,94.0026455436986,94.0026455436986,94.0026455272395,94.007575,94.0075295501154,94.0011352539063,94.0009619220095
1171.35,94.03132268,94.0031163732774,94.002627453391,94.002627453391,94.0026274558837,94.008125,94.0080769866098,94.0011596679688,94.0009805217678
1171.4,94.03132268,94.0031037478463,94.0026093630834,94.0026093630834,94.0026093845278,94.008675,94.0086244231042,94.0011840820312,94.000999121526
1171.45,94.03132268,94.0030911224152,94.0025912727758,94.0025912727758,94.002591313172,94.009225,94.0091718595987,94.0012084960938,94.0010177212842
1171.5,94.03132268,94.0030784969841,94.0025731824683,94.0025731824683,94.0025732418162,94.009775,94.0097192960931,94.0012329101562,94.0010363210425
1171.55,94.03132268,94.003065871553,94.0025550921607,94.0025550921607,94.0025551704604,94.010325,94.0102667325875,94.0012573242188,94.0010549208007
1171.6,94.03132268,94.0030532461219,94.0025370018531,94.0025370018531,94.0025370991045,94.010875,94.010814169082,94.0012817382812,94.001073520559
1171.65,94.03132268,94.0030406206908,94.0025189115455,94.0025189115455,94.0025190277487,94.011425,94.0113616055764,94.0013061523437,94.0010921203172
1171.7,94.03132268,94.0030279952597,94.0025008212379,94.0025008212379,94.0025009563929,94.011975,94.0119090420708,94.0013305664063,94.0011107200755
1171.75,94.03132268,94.0030153698286,94.0024827309303,94.0024827309303,94.002482885037,94.012525,94.0124564785653,94.0013549804687,94.0011293198337
1171.8,94.03132268,94.0030027443975,94.0024646406227,94.0024646406227,94.0024648136812,94.013075,94.0130039150597,94.0013793945313,94.001147919592
1171.85,94.03132268,94.0029901189664,94.0024465503151,94.0024465503151,94.0024467423254,94.013625,94.0135513515542,94.0014038085938,94.0011665193502
1171.9,94.03132268,94.0029774935353,94.0024284600075,94.0024284600075,94.0024286709696,94.014175,94.0140987880486,94.0014282226562,94.0011851191085
1171.95,94.03132268,94.0029648681042,94.0024103696999,94.0024103696999,94.0024105996137,94.014725,94.014646224543,94.0014526367188,94.0012037188667
1172,94.03132268,94.0029522426731,94.0023922793924,94.0023922793924,94.0023925282579,94.015025,94.0149436610375,94.0014770507812,94.001222318625
1172.05,94.03132268,94.002939617242,94.0023741890848,94.0023741890848,94.0023744569021,94.015075,94.0149910975319,94.0015014648438,94.0012409183832
1172.1,94.03132268,94.0029269918109,94.0023560987772,94.0023560987772,94.0023563855462,94.015125,94.0150385340263,94.0015258789062,94.0012595181415
1172.15,94.03132268,94.0029143663798,94.0023380084696,94.0023380084696,94.0023383141904,94.015175,94.0150859705208,94.0015502929687,94.0012781178997
1172.2,94.03132268,94.0029017409487,94.002319918162,94.002319918162,94.0023202428346,94.015225,94.0151334070152,94.0015747070313,94.001296717658
1172.25,94.03132268,94.0028891155176,94.0023018278544,94.0023018278544,94.0023021714788,94.015275,94.0151808435096,94.0015991210937,94.0013153174162
1172.3,94.03132268,94.0028764900865,94.0022837375468,94.0022837375468,94.0022841001229,94.015325,94.0152282800041,94.0016235351563,94.0013339171745
1172.35,94.03132268,94.0028638646554,94.0022656472392,94.0022656472392,94.0022660287671,94.015375,94.0152757164985,94.0016479492188,94.0013525169327
1172.4,94.03132268,94.0028512392243,94.0022475569316,94.0022475569316,94.0022479574113,94.015425,94.0153231529929,94.0016723632812,94.001371116691
1172.45,94.03132268,94.0028386137932,94.002229466624,94.002229466624,94.0022298860554,94.015475,94.0153705894874,94.0016967773438,94.0013897164492
1172.5,94.03132268,94.002825988362,94.0022113763165,94.0022113763165,94.0022118146996,94.015525,94.0154180259818,94.0017211914062,94.0014083162075
1172.55,94.03132268,94.002813362931,94.0021932860089,94.0021932860089,94.0021937433438,94.015575,94.0154654624762,94.0017456054688,94.0014269159657
1172.6,94.03132268,94.0028007374998,94.0021751957013,94.0021751957013,94.002175671988,94.015625,94.0155128989707,94.0017700195312,94.001445515724
1172.65,94.03132268,94.0027881120687,94.0021571053937,94.0021571053937,94.0021576006321,94.015675,94.0155603354651,94.0017944335937,94.0014641154822
1172.7,94.03132268,94.0027754866376,94.0021390150861,94.0021390150861,94.0021395292763,94.015725,94.0156077719596,94.0018188476563,94.0014827152405
1172.75,94.03132268,94.0027628612065,94.0021209247785,94.0021209247785,94.0021214579205,94.015775,94.015655208454,94.0018432617187,94.0015013149987
1172.8,94.03132268,94.0027502357754,94.0021028344709,94.0021028344709,94.0021033865646,94.015825,94.0157026449484,94.0018676757813,94.001519914757
1172.85,94.03132268,94.0027376103443,94.0020847441633,94.0020847441633,94.0020853152088,94.015875,94.0157500814429,94.0018920898438,94.0015385145152
1172.9,94.03132268,94.0027249849132,94.0020666538557,94.0020666538557,94.002067243853,94.015925,94.0157975179373,94.0019165039062,94.0015571142735
1172.95,94.03132268,94.0027123594821,94.0020485635481,94.0020485635481,94.0020491724972,94.015975,94.0158449544317,94.0019409179688,94.0015757140317
1173,94.03132268,94.002699734051,94.0020304732406,94.0020304732406,94.0020311011413,94.016,94.0158673909262,94.0019653320312,94.00159431379
1173.05,94.03132268,94.0026871086199,94.002012382933,94.002012382933,94.0020130297855,94.016,94.0158648274206,94.0019897460938,94.0016129135482
1173.1,94.03132268,94.0026744831888,94.0019942926254,94.0019942926254,94.0019949584297,94.016,94.015862263915,94.0020141601562,94.0016315133065
1173.15,94.03132268,94.0026618577577,94.0019762023178,94.0019762023178,94.0019768870738,94.016,94.0158597004095,94.0020385742187,94.0016501130647
1173.2,94.03132268,94.0026492323266,94.0019581120102,94.0019581120102,94.001958815718,94.016,94.0158571369039,94.0020629882813,94.001668712823
1173.25,94.03132268,94.0026366068955,94.0019400217026,94.0019400217026,94.0019407443622,94.016,94.0158545733983,94.0020874023437,94.0016873125812
1173.3,94.03132268,94.0026239814644,94.001921931395,94.001921931395,94.0019226730063,94.016,94.0158520098928,94.0021118164063,94.0017059123395
1173.35,94.03132268,94.0026113560333,94.0019038410874,94.0019038410874,94.0019046016505,94.016,94.0158494463872,94.0021362304688,94.0017245120977
1173.4,94.03132268,94.0025987306022,94.0018857507798,94.0018857507798,94.0018865302947,94.016,94.0158468828816,94.0021606445312,94.001743111856
1173.45,94.03132268,94.0025861051711,94.0018676604722,94.0018676604722,94.0018684589389,94.016,94.0158443193761,94.0021850585938,94.0017617116142
1173.5,94.03132268,94.00257347974,94.0018495701647,94.0018495701647,94.001850387583,94.016,94.0158417558705,94.0022094726562,94.0017803113725
1173.55,94.03132268,94.0025608543089,94.0018314798571,94.0018314798571,94.0018323162272,94.016,94.015839192365,94.0022338867188,94.0017989111307
1173.6,94.03132268,94.0025482288778,94.0018133895495,94.0018133895495,94.0018142448714,94.016,94.0158366288594,94.0022583007812,94.001817510889
1173.65,94.03132268,94.0025356034467,94.0017952992419,94.0017952992419,94.0017961735156,94.016,94.0158340653538,94.0022827148437,94.0018361106472
1173.7,94.03132268,94.0025229780156,94.0017772089343,94.0017772089343,94.0017781021597,94.016,94.0158315018483,94.0023071289063,94.0018547104055
1173.75,94.03132268,94.0025103525845,94.0017591186267,94.0017591186267,94.0017600308039,94.016,94.0158289383427,94.0023315429687,94.0018733101637
1173.8,94.03132268,94.0024977271534,94.0017410283191,94.0017410283191,94.0017419594481,94.016,94.0158263748371,94.0023559570313,94.001891909922
1173.85,94.03132268,94.0024851017222,94.0017229380115,94.0017229380115,94.0017238880922,94.016,94.0158238113316,94.0023803710938,94.0019105096802
1173.9,94.03132268,94.0024724762911,94.0017048477039,94.0017048477039,94.0017058167364,94.016,94.015821247826,94.0024047851562,94.0019291094384
1173.95,94.03132268,94.00245985086,94.0016867573963,94.0016867573963,94.0016877453806,94.016,94.0158186843204,94.0024291992188,94.0019477091967
1174,94.03132268,94.0024472254289,94.0016686670888,94.0016686670888,94.0016696740248,94.016,94.0158161208149,94.0024536132812,94.0019663089549
1174.05,94.03132268,94.0024345999978,94.0016505767812,94.0016505767812,94.0016516026689,94.016,94.0158135573093,94.0024780273438,94.0019849087132
1174.1,94.03132268,94.0024219745667,94.0016324864736,94.0016324864736,94.0016335313131,94.016,94.0158109938037,94.0025024414062,94.0020035084714
1174.15,94.03132268,94.0024093491356,94.001614396166,94.001614396166,94.0016154599573,94.016,94.0158084302982,94.0025268554687,94.0020221082297
1174.2,94.03132268,94.0023967237045,94.0015963058584,94.0015963058584,94.0015973886014,94.016,94.0158058667926,94.0025512695313,94.0020407079879
1174.25,94.03132268,94.0023840982734,94.0015782155508,94.0015782155508,94.0015793172456,94.016,94.015803303287,94.0025756835937,94.0020593077462
1174.3,94.03132268,94.0023714728423,94.0015601252432,94.0015601252432,94.0015612458898,94.016,94.0158007397815,94.0026000976563,94.0020779075044
1174.35,94.03132268,94.0023588474112,94.0015420349356,94.0015420349356,94.0015431745339,94.016,94.0157981762759,94.0026245117188,94.0020965072627
1174.4,94.03132268,94.0023462219801,94.001523944628,94.001523944628,94.0015251031781,94.016,94.0157956127703,94.0026489257812,94.0021151070209
1174.45,94.03132268,94.002333596549,94.0015058543204,94.0015058543204,94.0015070318223,94.016,94.0157930492648,94.0026733398438,94.0021337067792
1174.5,94.03132268,94.0023209711179,94.0014877640129,94.0014877640129,94.0014889604665,94.016,94.0157904857592,94.0026977539062,94.0021523065374
1174.55,94.03132268,94.0023083456868,94.0014696737053,94.0014696737053,94.0014708891106,94.016,94.0157879222537,94.0027221679688,94.0021709062957
1174.6,94.03132268,94.0022957202557,94.0014515833977,94.0014515833977,94.0014528177548,94.016,94.0157853587481,94.0027465820312,94.0021895060539
1174.65,94.03132268,94.0022830948246,94.0014334930901,94.0014334930901,94.001434746399,94.016,94.0157827952425,94.0027709960937,94.0022081058122
1174.7,94.03132268,94.0022704693935,94.0014154027825,94.0014154027825,94.0014166750431,94.016,94.015780231737,94.0027954101563,94.0022267055704
1174.75,94.03132268,94.0022578439624,94.0013973124749,94.0013973124749,94.0013986036873,94.016,94.0157776682314,94.0028198242187,94.0022453053287
1174.8,94.03132268,94.0022452185313,94.0013792221673,94.0013792221673,94.0013805323315,94.016,94.0157751047258,94.0028442382813,94.0022639050869
1174.85,94.03132268,94.0022325931002,94.0013611318597,94.0013611318597,94.0013624609757,94.016,94.0157725412203,94.0028686523438,94.0022825048452
1174.9,94.03132268,94.0022199676691,94.0013430415521,94.0013430415521,94.0013443896198,94.016,94.0157699777147,94.0028930664062,94.0023011046034
1174.95,94.03132268,94.002207342238,94.0013249512445,94.0013249512445,94.001326318264,94.016,94.0157674142091,94.0029174804688,94.0023197043617
1175,94.03132268,94.0020697168069,94.001181860937,94.001181860937,94.0011832469082,94.01565,94.0154148507036,94.0029418945312,94.0023383041199
1175.05,94.03132268,94.0018070913758,94.0009137706294,94.0009137706294,94.0009151755524,94.01495,94.014712287198,94.0029663085938,94.0023569038782
1175.1,94.03132268,94.0015444659446,94.0006456803218,94.0006456803218,94.0006471041965,94.01425,94.0140097236925,94.0029907226562,94.0023755036364
1175.15,94.03132268,94.0012818405136,94.0003775900142,94.0003775900142,94.0003790328407,94.01355,94.0133071601869,94.0030151367187,94.0023941033947
1175.2,94.03132268,94.0010192150825,94.0001094997066,94.0001094997066,94.0001109614849,94.01285,94.0126045966813,94.0030395507813,94.0024127031529
1175.25,94.03132268,94.0007565896513,93.999841409399,93.999841409399,93.999842890129,94.01215,94.0119020331758,94.0030639648437,94.0024313029112
1175.3,94.03132268,94.0004939642202,93.9995733190914,93.9995733190914,93.9995748187732,94.01145,94.0111994696702,94.0030883789063,94.0024499026694
1175.35,94.03132268,94.0002313387891,93.9993052287838,93.9993052287838,93.9993067474174,94.01075,94.0104969061646,94.0031127929688,94.0024685024277
1175.4,94.03132268,93.999968713358,93.9990371384762,93.9990371384762,93.9990386760615,94.01005,94.0097943426591,94.0031372070312,94.0024871021859
1175.45,94.03132268,93.9997060879269,93.9987690481686,93.9987690481686,93.9987706047057,94.00935,94.0090917791535,94.0031616210938,94.0025057019442
1175.5,94.03132268,93.9994434624958,93.9985009578611,93.9985009578611,93.9985025333499,94.00865,94.0083892156479,94.0031860351562,94.0025243017024
1175.55,94.03132268,93.9991808370647,93.9982328675535,93.9982328675535,93.9982344619941,94.00795,94.0076866521424,94.0032104492188,94.0025429014607
1175.6,94.03132268,93.9989182116336,93.9979647772459,93.9979647772459,93.9979663906382,94.00725,94.0069840886368,94.0032348632812,94.0025615012189
1175.65,94.03132268,93.9986555862025,93.9976966869383,93.9976966869383,93.9976983192824,94.00655,94.0062815251312,94.0032592773437,94.0025801009772
1175.7,94.03132268,93.9983929607714,93.9974285966307,93.9974285966307,93.9974302479266,94.00585,94.0055789616257,94.0032836914063,94.0025987007354
1175.75,94.03132268,93.9981303353403,93.9971605063231,93.9971605063231,93.9971621765708,94.00515,94.0048763981201,94.0033081054687,94.0026173004937
1175.8,94.03132268,93.9978677099092,93.9968924160155,93.9968924160155,93.9968941052149,94.00445,94.0041738346145,94.0033325195313,94.0026359002519
1175.85,94.03132268,93.9976050844781,93.9966243257079,93.9966243257079,93.9966260338591,94.00375,94.003471271109,94.0033569335938,94.0026545000102
1175.9,94.03132268,93.997342459047,93.9963562354003,93.9963562354003,93.9963579625033,94.00305,94.0027687076034,94.0033813476562,94.0026730997684
1175.95,94.03132268,93.9970798336159,93.9960881450927,93.9960881450927,93.9960898911474,94.00235,94.0020661440979,94.0034057617188,94.0026916995267
1176,94.03132268,93.9969422081848,93.9959450547852,93.9959450547852,93.9959468197916,94.001825,94.0015385805923,94.0034301757812,94.0027102992849
1176.05,94.03132268,93.9969295827537,93.9959269644776,93.9959269644776,93.9959287484358,94.001475,94.0011860170867,94.0034545898438,94.0027288990431
1176.1,94.03132268,93.9969169573226,93.99590887417,93.99590887417,93.9959106770799,94.001125,94.0008334535812,94.0034790039062,94.0027474988014
1176.15,94.03132268,93.9969043318915,93.9958907838624,93.9958907838624,93.9958926057241,94.000775,94.0004808900756,94.0035034179687,94.0027660985596
1176.2,94.03132268,93.9968917064604,93.9958726935548,93.9958726935548,93.9958745343683,94.000425,94.00012832657,94.0035278320313,94.0027846983179
1176.25,94.03132268,93.9968790810293,93.9958546032472,93.9958546032472,93.9958564630125,94.000075,93.9997757630645,94.0035522460937,94.0028032980761
1176.3,94.03132268,93.9968664555982,93.9958365129396,93.9958365129396,93.9958383916566,93.999725,93.9994231995589,94.0035766601563,94.0028218978344
1176.35,94.03132268,93.9968538301671,93.995818422632,93.995818422632,93.9958203203008,93.999375,93.9990706360533,94.0036010742188,94.0028404975926
1176.4,94.03132268,93.996841204736,93.9958003323244,93.9958003323244,93.995802248945,93.999025,93.9987180725478,94.0036254882812,94.0028590973509
1176.45,94.03132268,93.9968285793048,93.9957822420168,93.9957822420168,93.9957841775891,93.998675,93.9983655090422,94.0036499023438,94.0028776971091
1176.5,94.03132268,93.9968159538737,93.9957641517093,93.9957641517093,93.9957661062333,93.998325,93.9980129455366,94.0036743164062,94.0028962968674
1176.55,94.03132268,93.9968033284426,93.9957460614017,93.9957460614017,93.9957480348775,93.997975,93.9976603820311,94.0036987304688,94.0029148966256
1176.6,94.03132268,93.9967907030115,93.9957279710941,93.9957279710941,93.9957299635217,93.997625,93.9973078185255,94.0037231445312,94.0029334963839
1176.65,94.03132268,93.9967780775804,93.9957098807865,93.9957098807865,93.9957118921658,93.997275,93.9969552550199,94.0037475585937,94.0029520961421
1176.7,94.03132268,93.9967654521493,93.9956917904789,93.9956917904789,93.99569382081,93.996925,93.9966026915144,94.0037719726563,94.0029706959004
1176.75,94.03132268,93.9967528267182,93.9956737001713,93.9956737001713,93.9956757494542,93.996575,93.9962501280088,94.0037963867187,94.0029892956586
1176.8,94.03132268,93.9967402012871,93.9956556098637,93.9956556098637,93.9956576780983,93.996225,93.9958975645033,94.0038208007813,94.0030078954169
1176.85,94.03132268,93.996727575856,93.9956375195561,93.9956375195561,93.9956396067425,93.995875,93.9955450009977,94.0038452148438,94.0030264951751
1176.9,94.03132268,93.9967149504249,93.9956194292485,93.9956194292485,93.9956215353867,93.995525,93.9951924374921,94.0038696289062,94.0030450949334
1176.95,94.03132268,93.9967023249938,93.9956013389409,93.9956013389409,93.9956034640309,93.995175,93.9948398739865,94.0038940429688,94.0030636946916
1177,94.03132268,93.9966896995627,93.9955832486334,93.9955832486334,93.995585392675,93.995,93.994662310481,94.003857421875,94.0030212592936
1177.05,94.03132268,93.9966770741316,93.9955651583258,93.9955651583258,93.9955673213192,93.995,93.9946597469754,94.003759765625,94.0029177887394
1177.1,94.03132268,93.9966644487005,93.9955470680182,93.9955470680182,93.9955492499634,93.995,93.9946571834699,94.003662109375,94.0028143181851
1177.15,94.03132268,93.9966518232694,93.9955289777106,93.9955289777106,93.9955311786075,93.995,93.9946546199643,94.003564453125,94.0027108476309
1177.2,94.03132268,93.9966391978383,93.995510887403,93.995510887403,93.9955131072517,93.995,93.9946520564587,94.003466796875,94.0026073770766
1177.25,94.03132268,93.9966265724072,93.9954927970954,93.9954927970954,93.9954950358959,93.995,93.9946494929532,94.003369140625,94.0025039065224
1177.3,94.03132268,93.9966139469761,93.9954747067878,93.9954747067878,93.9954769645401,93.995,93.9946469294476,94.003271484375,94.0024004359681
1177.35,94.03132268,93.996601321545,93.9954566164802,93.9954566164802,93.9954588931842,93.995,93.994644365942,94.003173828125,94.0022969654139
1177.4,94.03132268,93.9965886961139,93.9954385261726,93.9954385261726,93.9954408218284,93.995,93.9946418024365,94.003076171875,94.0021934948596
1177.45,94.03132268,93.9965760706828,93.995420435865,93.995420435865,93.9954227504726,93.995,93.9946392389309,94.002978515625,94.0020900243054
1177.5,94.03132268,93.9965634452517,93.9954023455575,93.9954023455575,93.9954046791167,93.995,93.9946366754253,94.002880859375,94.0019865537511
1177.55,94.03132268,93.9965508198206,93.9953842552499,93.9953842552499,93.9953866077609,93.995,93.9946341119198,94.002783203125,94.0018830831969
1177.6,94.03132268,93.9965381943895,93.9953661649423,93.9953661649423,93.9953685364051,93.995,93.9946315484142,94.002685546875,94.0017796126426
1177.65,94.03132268,93.9965255689584,93.9953480746347,93.9953480746347,93.9953504650493,93.995,93.9946289849086,94.002587890625,94.0016761420884
1177.7,94.03132268,93.9965129435273,93.9953299843271,93.9953299843271,93.9953323936934,93.995,93.9946264214031,94.002490234375,94.0015726715341
1177.75,94.03132268,93.9965003180962,93.9953118940195,93.9953118940195,93.9953143223376,93.995,93.9946238578975,94.002392578125,94.0014692009799
1177.8,94.03132268,93.9964876926651,93.9952938037119,93.9952938037119,93.9952962509818,93.995,93.9946212943919,94.002294921875,94.0013657304256
1177.85,94.03132268,93.9964750672339,93.9952757134043,93.9952757134043,93.9952781796259,93.995,93.9946187308864,94.002197265625,94.0012622598714
1177.9,94.03132268,93.9964624418028,93.9952576230967,93.9952576230967,93.9952601082701,93.995,93.9946161673808,94.002099609375,94.0011587893171
1177.95,94.03132268,93.9964498163717,93.9952395327891,93.9952395327891,93.9952420369143,93.995,93.9946136038753,94.002001953125,94.0010553187629
1178,94.03132268,93.9964371909406,93.9952214424816,93.9952214424816,93.9952239655585,93.995,93.9946110403697,94.001904296875,94.0009518482086
1178.05,94.03132268,93.9964245655095,93.995203352174,93.995203352174,93.9952058942026,93.995,93.9946084768641,94.001806640625,94.0008483776544
1178.1,94.03132268,93.9964119400784,93.9951852618664,93.9951852618664,93.9951878228468,93.995,93.9946059133586,94.001708984375,94.0007449071001
1178.15,94.03132268,93.9963993146473,93.9951671715588,93.9951671715588,93.995169751491,93.995,93.994603349853,94.001611328125,94.0006414365459
1178.2,94.03132268,93.9963866892162,93.9951490812512,93.9951490812512,93.9951516801351,93.995,93.9946007863474,94.001513671875,94.0005379659916
1178.25,94.03132268,93.9963740637851,93.9951309909436,93.9951309909436,93.9951336087793,93.995,93.9945982228419,94.001416015625,94.0004344954374
1178.3,94.03132268,93.996361438354,93.995112900636,93.995112900636,93.9951155374235,93.995,93.9945956593363,94.001318359375,94.0003310248831
1178.35,94.03132268,93.9963488129229,93.9950948103284,93.9950948103284,93.9950974660677,93.995,93.9945930958307,94.001220703125,94.0002275543289
1178.4,94.03132268,93.9963361874918,93.9950767200208,93.9950767200208,93.9950793947118,93.995,93.9945905323252,94.001123046875,94.0001240837746
1178.45,94.03132268,93.9963235620607,93.9950586297132,93.9950586297132,93.995061323356,93.995,93.9945879688196,94.001025390625,94.0000206132204
1178.5,94.03132268,93.9963109366296,93.9950405394057,93.9950405394057,93.9950432520002,93.995,93.994585405314,94.000927734375,93.9999171426661
1178.55,94.03132268,93.9962983111985,93.9950224490981,93.9950224490981,93.9950251806443,93.995,93.9945828418085,94.000830078125,93.9998136721118
1178.6,94.03132268,93.9962856857674,93.9950043587905,93.9950043587905,93.9950071092885,93.995,93.9945802783029,94.000732421875,93.9997102015576
1178.65,94.03132268,93.9962730603363,93.9949862684829,93.9949862684829,93.9949890379327,93.995,93.9945777147974,94.000634765625,93.9996067310033
1178.7,94.03132268,93.9962604349052,93.9949681781753,93.9949681781753,93.9949709665769,93.995,93.9945751512918,94.000537109375,93.9995032604491
1178.75,94.03132268,93.9962478094741,93.9949500878677,93.9949500878677,93.994952895221,93.995,93.9945725877862,94.000439453125,93.9993997898948
1178.8,94.03132268,93.996235184043,93.9949319975601,93.9949319975601,93.9949348238652,93.995,93.9945700242807,94.000341796875,93.9992963193406
1178.85,94.03132268,93.9962225586119,93.9949139072525,93.9949139072525,93.9949167525094,93.995,93.9945674607751,94.000244140625,93.9991928487863
1178.9,94.03132268,93.9962099331808,93.9948958169449,93.9948958169449,93.9948986811535,93.995,93.9945648972695,94.000146484375,93.9990893782321
1178.95,94.03132268,93.9961973077497,93.9948777266373,93.9948777266373,93.9948806097977,93.995,93.994562333764,94.000048828125,93.9989859076778
1179,94.03132268,93.9961846823186,93.9948596363297,93.9948596363297,93.9948625384419,93.995,93.9945597702584,93.999951171875,93.9988824371236
1179.05,94.03132268,93.9961720568875,93.9948415460222,93.9948415460222,93.9948444670861,93.995,93.9945572067528,93.999853515625,93.9987789665693
1179.1,94.03132268,93.9961594314563,93.9948234557146,93.9948234557146,93.9948263957302,93.995,93.9945546432473,93.999755859375,93.9986754960151
1179.15,94.03132268,93.9961468060253,93.994805365407,93.994805365407,93.9948083243744,93.995,93.9945520797417,93.999658203125,93.9985720254608
1179.2,94.03132268,93.9961341805941,93.9947872750994,93.9947872750994,93.9947902530186,93.995,93.9945495162361,93.999560546875,93.9984685549066
1179.25,94.03132268,93.996121555163,93.9947691847918,93.9947691847918,93.9947721816627,93.995,93.9945469527306,93.999462890625,93.9983650843523
1179.3,94.03132268,93.9961089297319,93.9947510944842,93.9947510944842,93.9947541103069,93.995,93.994544389225,93.999365234375,93.9982616137981
1179.35,94.03132268,93.9960963043008,93.9947330041766,93.9947330041766,93.9947360389511,93.995,93.9945418257195,93.999267578125,93.9981581432438
1179.4,94.03132268,93.9960836788697,93.994714913869,93.994714913869,93.9947179675952,93.995,93.9945392622139,93.999169921875,93.9980546726896
1179.45,94.03132268,93.9960710534386,93.9946968235614,93.9946968235614,93.9946998962394,93.995,93.9945366987083,93.999072265625,93.9979512021353
1179.5,94.03132268,93.9960584280075,93.9946787332538,93.9946787332538,93.9946818248836,93.995,93.9945341352028,93.998974609375,93.9978477315811
1179.55,94.03132268,93.9960458025764,93.9946606429463,93.9946606429463,93.9946637535278,93.995,93.9945315716972,93.998876953125,93.9977442610268
1179.6,94.03132268,93.9960331771453,93.9946425526387,93.9946425526387,93.9946456821719,93.995,93.9945290081916,93.998779296875,93.9976407904726
1179.65,94.03132268,93.9960205517142,93.9946244623311,93.9946244623311,93.9946276108161,93.995,93.9945264446861,93.998681640625,93.9975373199183
1179.7,94.03132268,93.9960079262831,93.9946063720235,93.9946063720235,93.9946095394603,93.995,93.9945238811805,93.998583984375,93.9974338493641
1179.75,94.03132268,93.995995300852,93.9945882817159,93.9945882817159,93.9945914681045,93.995,93.9945213176749,93.998486328125,93.9973303788098
1179.8,94.03132268,93.9959826754209,93.9945701914083,93.9945701914083,93.9945733967486,93.995,93.9945187541694,93.998388671875,93.9972269082556
1179.85,94.03132268,93.9959700499898,93.9945521011007,93.9945521011007,93.9945553253928,93.995,93.9945161906638,93.998291015625,93.9971234377013
1179.9,94.03132268,93.9959574245587,93.9945340107931,93.9945340107931,93.994537254037,93.995,93.9945136271582,93.998193359375,93.9970199671471
1179.95,94.03132268,93.9959447991276,93.9945159204855,93.9945159204855,93.9945191826811,93.995,93.9945110636527,93.998095703125,93.9969164965928
1180,94.03132268,93.9959321736965,93.9944978301779,93.9944978301779,93.9945011113253,93.995,93.9945085001471,93.997998046875,93.9968130260386
1180.05,94.03132268,93.9959192189547,93.9944853428664,93.9944853428664,93.994488620744,93.995,93.9945153588712,93.997900390625,93.9967366569809
1180.1,94.03132268,93.9959062642128,93.9944728555549,93.9944728555549,93.9944761301626,93.995,93.9945222175953,93.997802734375,93.9966602879231
1180.15,94.03132268,93.995893309471,93.9944603682434,93.9944603682434,93.9944636395813,93.995,93.9945290763194,93.997705078125,93.9965839188654
1180.2,94.03132268,93.9958803547292,93.9944478809318,93.9944478809318,93.9944511489999,93.995,93.9945359350434,93.997607421875,93.9965075498077
1180.25,94.03132268,93.9958673999874,93.9944353936203,93.9944353936203,93.9944386584186,93.995,93.9945427937675,93.997509765625,93.99643118075
1180.3,94.03132268,93.9958544452456,93.9944229063088,93.9944229063088,93.9944261678372,93.995,93.9945496524916,93.997412109375,93.9963548116923
1180.35,94.03132268,93.9958414905038,93.9944104189972,93.9944104189972,93.9944136772559,93.995,93.9945565112157,93.997314453125,93.9962784426346
1180.4,94.03132268,93.9958285357619,93.9943979316857,93.9943979316857,93.9944011866745,93.995,93.9945633699398,93.997216796875,93.9962020735769
1180.45,94.03132268,93.9958155810201,93.9943854443741,93.9943854443741,93.9943886960932,93.995,93.9945702286639,93.997119140625,93.9961257045191
1180.5,94.03132268,93.9958026262783,93.9943729570626,93.9943729570626,93.9943762055118,93.995,93.994577087388,93.997021484375,93.9960493354614
1180.55,94.03132268,93.9957896715365,93.9943604697511,93.9943604697511,93.9943637149305,93.995,93.994583946112,93.996923828125,93.9959729664037
1180.6,94.03132268,93.9957767167947,93.9943479824395,93.9943479824395,93.9943512243491,93.995,93.9945908048361,93.996826171875,93.995896597346
1180.65,94.03132268,93.9957637620529,93.994335495128,93.994335495128,93.9943387337678,93.995,93.9945976635602,93.996728515625,93.9958202282883
1180.7,94.03132268,93.9957508073111,93.9943230078165,93.9943230078165,93.9943262431864,93.995,93.9946045222843,93.996630859375,93.9957438592306
1180.75,94.03132268,93.9957378525692,93.994310520505,93.994310520505,93.9943137526051,93.995,93.9946113810084,93.996533203125,93.9956674901728
1180.8,94.03132268,93.9957248978274,93.9942980331934,93.9942980331934,93.9943012620237,93.995,93.9946182397325,93.996435546875,93.9955911211151
1180.85,94.03132268,93.9957119430856,93.9942855458819,93.9942855458819,93.9942887714424,93.995,93.9946250984566,93.996337890625,93.9955147520574
1180.9,94.03132268,93.9956989883438,93.9942730585704,93.9942730585704,93.994276280861,93.995,93.9946319571806,93.996240234375,93.9954383829997
1180.95,94.03132268,93.995686033602,93.9942605712588,93.9942605712588,93.9942637902797,93.995,93.9946388159047,93.996142578125,93.995362013942
1181,94.03132268,93.9956730788602,93.9942480839473,93.9942480839473,93.9942512996983,93.99485,93.9944956746288,93.996044921875,93.9952856448843
1181.05,94.03132268,93.9956601241183,93.9942355966358,93.9942355966358,93.994238809117,93.99455,93.9942025333529,93.995947265625,93.9952092758266
1181.1,94.03132268,93.9956471693765,93.9942231093242,93.9942231093242,93.9942263185356,93.99425,93.993909392077,93.995849609375,93.9951329067688
1181.15,94.03132268,93.9956342146347,93.9942106220127,93.9942106220127,93.9942138279543,93.99395,93.9936162508011,93.995751953125,93.9950565377111
1181.2,94.03132268,93.9956212598929,93.9941981347012,93.9941981347012,93.9942013373729,93.99365,93.9933231095252,93.995654296875,93.9949801686534
1181.25,94.03132268,93.9956083051511,93.9941856473896,93.9941856473896,93.9941888467916,93.99335,93.9930299682492,93.995556640625,93.9949037995957
1181.3,94.03132268,93.9955953504092,93.9941731600781,93.9941731600781,93.9941763562102,93.99305,93.9927368269733,93.995458984375,93.994827430538
1181.35,94.03132268,93.9955823956674,93.9941606727666,93.9941606727666,93.9941638656289,93.99275,93.9924436856974,93.995361328125,93.9947510614803
1181.4,94.03132268,93.9955694409256,93.994148185455,93.994148185455,93.9941513750475,93.99245,93.9921505444215,93.995263671875,93.9946746924225
1181.45,94.03132268,93.9955564861838,93.9941356981435,93.9941356981435,93.9941388844662,93.99215,93.9918574031456,93.995166015625,93.9945983233648
1181.5,94.03132268,93.995543531442,93.994123210832,93.994123210832,93.9941263938848,93.99185,93.9915642618697,93.995068359375,93.9945219543071
1181.55,94.03132268,93.9955305767002,93.9941107235204,93.9941107235204,93.9941139033035,93.99155,93.9912711205938,93.994970703125,93.9944455852494
1181.6,94.03132268,93.9955176219583,93.9940982362089,93.9940982362089,93.9941014127221,93.99125,93.9909779793178,93.994873046875,93.9943692161917
1181.65,94.03132268,93.9955046672165,93.9940857488974,93.9940857488974,93.9940889221408,93.99095,93.9906848380419,93.994775390625,93.994292847134
1181.7,94.03132268,93.9954917124747,93.9940732615858,93.9940732615858,93.9940764315594,93.99065,93.990391696766,93.994677734375,93.9942164780763
1181.75,94.03132268,93.9954787577329,93.9940607742743,93.9940607742743,93.9940639409781,93.99035,93.9900985554901,93.994580078125,93.9941401090185
1181.8,94.03132268,93.9954658029911,93.9940482869628,93.9940482869628,93.9940514503967,93.99005,93.9898054142142,93.994482421875,93.9940637399608
1181.85,94.03132268,93.9954528482493,93.9940357996512,93.9940357996512,93.9940389598154,93.98975,93.9895122729383,93.994384765625,93.9939873709031
1181.9,94.03132268,93.9954398935075,93.9940233123397,93.9940233123397,93.994026469234,93.98945,93.9892191316624,93.994287109375,93.9939110018454
1181.95,94.03132268,93.9954269387656,93.9940108250282,93.9940108250282,93.9940139786527,93.98915,93.9889259903864,93.994189453125,93.9938346327877
1182,94.03132268,93.9954139840238,93.9939983377166,93.9939983377166,93.9940014880713,93.98895,93.9887328491105,93.994091796875,93.99375826373
1182.05,94.03132268,93.995401029282,93.9939858504051,93.9939858504051,93.99398899749,93.98885,93.9886397078346,93.993994140625,93.9936818946722
1182.1,94.03132268,93.9953880745402,93.9939733630936,93.9939733630936,93.9939765069086,93.98875,93.9885465665587,93.993896484375,93.9936055256145
1182.15,94.03132268,93.9953751197984,93.993960875782,93.993960875782,93.9939640163273,93.98865,93.9884534252828,93.993798828125,93.9935291565568
1182.2,94.03132268,93.9953621650565,93.9939483884705,93.9939483884705,93.9939515257459,93.98855,93.9883602840069,93.993701171875,93.9934527874991
1182.25,94.03132268,93.9953492103147,93.993935901159,93.993935901159,93.9939390351646,93.98845,93.988267142731,93.993603515625,93.9933764184414
1182.3,94.03132268,93.9953362555729,93.9939234138474,93.9939234138474,93.9939265445832,93.98835,93.9881740014551,93.993505859375,93.9933000493837
1182.35,94.03132268,93.9953233008311,93.9939109265359,93.9939109265359,93.9939140540019,93.98825,93.9880808601791,93.993408203125,93.993223680326
1182.4,94.03132268,93.9953103460893,93.9938984392244,93.9938984392244,93.9939015634205,93.98815,93.9879877189032,93.993310546875,93.9931473112682
1182.45,94.03132268,93.9952973913475,93.9938859519128,93.9938859519128,93.9938890728392,93.98805,93.9878945776273,93.993212890625,93.9930709422105
1182.5,94.03132268,93.9952844366056,93.9938734646013,93.9938734646013,93.9938765822578,93.98795,93.9878014363514,93.993115234375,93.9929945731528
1182.55,94.03132268,93.9952714818638,93.9938609772898,93.9938609772898,93.9938640916765,93.98785,93.9877082950755,93.993017578125,93.9929182040951
1182.6,94.03132268,93.995258527122,93.9938484899782,93.9938484899782,93.9938516010951,93.98775,93.9876151537996,93.992919921875,93.9928418350374
1182.65,94.03132268,93.9952455723802,93.9938360026667,93.9938360026667,93.9938391105138,93.98765,93.9875220125236,93.992822265625,93.9927654659797
1182.7,94.03132268,93.9952326176384,93.9938235153552,93.9938235153552,93.9938266199324,93.98755,93.9874288712477,93.992724609375,93.992689096922
1182.75,94.03132268,93.9952196628966,93.9938110280436,93.9938110280436,93.9938141293511,93.98745,93.9873357299718,93.992626953125,93.9926127278642
1182.8,94.03132268,93.9952067081548,93.9937985407321,93.9937985407321,93.9938016387697,93.98735,93.9872425886959,93.992529296875,93.9925363588065
1182.85,94.03132268,93.9951937534129,93.9937860534206,93.9937860534206,93.9937891481884,93.98725,93.98714944742,93.992431640625,93.9924599897488
1182.9,94.03132268,93.9951807986711,93.993773566109,93.993773566109,93.993776657607,93.98715,93.9870563061441,93.992333984375,93.9923836206911
1182.95,94.03132268,93.9951678439293,93.9937610787975,93.9937610787975,93.9937641670257,93.98705,93.9869631648682,93.992236328125,93.9923072516334
1183,94.03132268,93.9951548891875,93.993748591486,93.993748591486,93.9937516764443,93.987,93.9869200235922,93.992138671875,93.9922308825757
1183.05,94.03132268,93.9951419344457,93.9937361041744,93.9937361041744,93.993739185863,93.987,93.9869268823163,93.992041015625,93.992154513518
1183.1,94.03132268,93.9951289797038,93.9937236168629,93.9937236168629,93.9937266952817,93.987,93.9869337410404,93.991943359375,93.9920781444602
1183.15,94.03132268,93.995116024962,93.9937111295514,93.9937111295514,93.9937142047003,93.987,93.9869405997645,93.991845703125,93.9920017754025
1183.2,94.03132268,93.9951030702202,93.9936986422398,93.9936986422398,93.993701714119,93.987,93.9869474584886,93.991748046875,93.9919254063448
1183.25,94.03132268,93.9950901154784,93.9936861549283,93.9936861549283,93.9936892235376,93.987,93.9869543172127,93.991650390625,93.9918490372871
1183.3,94.03132268,93.9950771607366,93.9936736676168,93.9936736676168,93.9936767329562,93.987,93.9869611759368,93.991552734375,93.9917726682294
1183.35,94.03132268,93.9950642059948,93.9936611803052,93.9936611803052,93.9936642423749,93.987,93.9869680346608,93.991455078125,93.9916962991717
1183.4,94.03132268,93.9950512512529,93.9936486929937,93.9936486929937,93.9936517517935,93.987,93.9869748933849,93.991357421875,93.991619930114
1183.45,94.03132268,93.9950382965111,93.9936362056822,93.9936362056822,93.9936392612122,93.987,93.986981752109,93.991259765625,93.9915435610562
1183.5,94.03132268,93.9950253417693,93.9936237183706,93.9936237183706,93.9936267706309,93.987,93.9869886108331,93.991162109375,93.9914671919985
1183.55,94.03132268,93.9950123870275,93.9936112310591,93.9936112310591,93.9936142800495,93.987,93.9869954695572,93.991064453125,93.9913908229408
1183.6,94.03132268,93.9949994322857,93.9935987437476,93.9935987437476,93.9936017894682,93.987,93.9870023282813,93.990966796875,93.9913144538831
1183.65,94.03132268,93.9949864775439,93.993586256436,93.993586256436,93.9935892988868,93.987,93.9870091870054,93.990869140625,93.9912380848254
1183.7,94.03132268,93.9949735228021,93.9935737691245,93.9935737691245,93.9935768083055,93.987,93.9870160457294,93.990771484375,93.9911617157677
1183.75,94.03132268,93.9949605680602,93.993561281813,93.993561281813,93.9935643177241,93.987,93.9870229044535,93.990673828125,93.99108534671
1183.8,94.03132268,93.9949476133184,93.9935487945015,93.9935487945015,93.9935518271428,93.987,93.9870297631776,93.990576171875,93.9910089776522
1183.85,94.03132268,93.9949346585766,93.9935363071899,93.9935363071899,93.9935393365614,93.987,93.9870366219017,93.990478515625,93.9909326085945
1183.9,94.03132268,93.9949217038348,93.9935238198784,93.9935238198784,93.9935268459801,93.987,93.9870434806258,93.990380859375,93.9908562395368
1183.95,94.03132268,93.994908749093,93.9935113325668,93.9935113325668,93.9935143553987,93.987,93.9870503393499,93.990283203125,93.9907798704791
1184,94.03132268,93.9948957943512,93.9934988452553,93.9934988452553,93.9935018648174,93.986975,93.987032198074,93.990185546875,93.9907035014214
1184.05,94.03132268,93.9948828396093,93.9934863579438,93.9934863579438,93.993489374236,93.986925,93.986989056798,93.990087890625,93.9906271323637
1184.1,94.03132268,93.9948698848675,93.9934738706322,93.9934738706322,93.9934768836547,93.986875,93.9869459155221,93.989990234375,93.9905507633059
1184.15,94.03132268,93.9948569301257,93.9934613833207,93.9934613833207,93.9934643930733,93.986825,93.9869027742462,93.989892578125,93.9904743942482
1184.2,94.03132268,93.9948439753839,93.9934488960092,93.9934488960092,93.993451902492,93.986775,93.9868596329703,93.989794921875,93.9903980251905
1184.25,94.03132268,93.9948310206421,93.9934364086976,93.9934364086976,93.9934394119106,93.986725,93.9868164916944,93.989697265625,93.9903216561328
1184.3,94.03132268,93.9948180659002,93.9934239213861,93.9934239213861,93.9934269213293,93.986675,93.9867733504185,93.989599609375,93.9902452870751
1184.35,94.03132268,93.9948051111584,93.9934114340746,93.9934114340746,93.9934144307479,93.986625,93.9867302091426,93.989501953125,93.9901689180174
1184.4,94.03132268,93.9947921564166,93.9933989467631,93.9933989467631,93.9934019401666,93.986575,93.9866870678666,93.989404296875,93.9900925489597
1184.45,94.03132268,93.9947792016748,93.9933864594515,93.9933864594515,93.9933894495852,93.986525,93.9866439265907,93.989306640625,93.9900161799019
1184.5,94.03132268,93.994766246933,93.99337397214,93.99337397214,93.9933769590039,93.986475,93.9866007853148,93.989208984375,93.9899398108442
1184.55,94.03132268,93.9947532921912,93.9933614848285,93.9933614848285,93.9933644684225,93.986425,93.9865576440389,93.989111328125,93.9898634417865
1184.6,94.03132268,93.9947403374493,93.9933489975169,93.9933489975169,93.9933519778412,93.986375,93.986514502763,93.989013671875,93.9897870727288
1184.65,94.03132268,93.9947273827075,93.9933365102054,93.9933365102054,93.9933394872598,93.986325,93.9864713614871,93.988916015625,93.9897107036711
1184.7,94.03132268,93.9947144279657,93.9933240228938,93.9933240228938,93.9933269966785,93.986275,93.9864282202112,93.988818359375,93.9896343346134
1184.75,94.03132268,93.9947014732239,93.9933115355823,93.9933115355823,93.9933145060971,93.986225,93.9863850789352,93.988720703125,93.9895579655556
1184.8,94.03132268,93.9946885184821,93.9932990482708,93.9932990482708,93.9933020155158,93.986175,93.9863419376593,93.988623046875,93.9894815964979
1184.85,94.03132268,93.9946755637403,93.9932865609592,93.9932865609592,93.9932895249344,93.986125,93.9862987963834,93.988525390625,93.9894052274402
1184.9,94.03132268,93.9946626089985,93.9932740736477,93.9932740736477,93.9932770343531,93.986075,93.9862556551075,93.988427734375,93.9893288583825
1184.95,94.03132268,93.9946496542566,93.9932615863362,93.9932615863362,93.9932645437717,93.986025,93.9862125138316,93.988330078125,93.9892524893248
1185,94.03132268,93.9946366995148,93.9932490990247,93.9932490990247,93.9932520531904,93.986,93.9861943725557,93.98828125,93.9892249483921
1185.05,94.03132268,93.994623744773,93.9932366117131,93.9932366117131,93.993239562609,93.986,93.9862012312798,93.98828125,93.9892462355844
1185.1,94.03132268,93.9946107900312,93.9932241244016,93.9932241244016,93.9932270720277,93.986,93.9862080900038,93.98828125,93.9892675227766
1185.15,94.03132268,93.9945978352894,93.9932116370901,93.9932116370901,93.9932145814463,93.986,93.9862149487279,93.98828125,93.9892888099689
1185.2,94.03132268,93.9945848805475,93.9931991497785,93.9931991497785,93.993202090865,93.986,93.986221807452,93.98828125,93.9893100971612
1185.25,94.03132268,93.9945719258057,93.993186662467,93.993186662467,93.9931896002836,93.986,93.9862286661761,93.98828125,93.9893313843535
1185.3,94.03132268,93.9945589710639,93.9931741751555,93.9931741751555,93.9931771097023,93.986,93.9862355249002,93.98828125,93.9893526715458
1185.35,94.03132268,93.9945460163221,93.9931616878439,93.9931616878439,93.9931646191209,93.986,93.9862423836243,93.98828125,93.9893739587381
1185.4,94.03132268,93.9945330615803,93.9931492005324,93.9931492005324,93.9931521285396,93.986,93.9862492423484,93.98828125,93.9893952459304
1185.45,94.03131046,93.9945201068385,93.9931367132209,93.9931367132209,93.9931396379582,93.986,93.9862561010724,93.98828125,93.9894165331226
1185.5,94.03126816,93.9945071520966,93.9931242259093,93.9931242259093,93.9931271473769,93.986,93.9862629597965,93.98828125,93.9894378203149
1185.55,94.03120612,93.9944941973548,93.9931117385978,93.9931117385978,93.9931146567955,93.986,93.9862698185206,93.98828125,93.9894591075072
1185.6,94.03114314,93.994481242613,93.9930992512863,93.9930992512863,93.9931021662142,93.986,93.9862766772447,93.98828125,93.9894803946995
1185.65,94.0310811,93.9944682878712,93.9930867639747,93.9930867639747,93.9930896756328,93.986,93.9862835359688,93.98828125,93.9895016818918
1185.7,94.03101906,93.9944553331294,93.9930742766632,93.9930742766632,93.9930771850515,93.986,93.9862903946929,93.98828125,93.9895229690841
1185.75,94.03095608,93.9944423783876,93.9930617893517,93.9930617893517,93.9930646944701,93.986,93.986297253417,93.98828125,93.9895442562763
1185.8,94.03089404,93.9944294236458,93.9930493020401,93.9930493020401,93.9930522038888,93.986,93.986304112141,93.98828125,93.9895655434686
1185.85,94.03083106,93.9944164689039,93.9930368147286,93.9930368147286,93.9930397133074,93.986,93.9863109708651,93.98828125,93.9895868306609
1185.9,94.03076902,93.9944035141621,93.9930243274171,93.9930243274171,93.9930272227261,93.986,93.9863178295892,93.98828125,93.9896081178532
1185.95,94.03070698,93.9943905594203,93.9930118401055,93.9930118401055,93.9930147321447,93.986,93.9863246883133,93.98828125,93.9896294050455
1186,94.030644,93.9943776046785,93.992999352794,93.992999352794,93.9930022415634,93.986,93.9863315470374,93.98828125,93.9896506922378
1186.05,94.03058196,93.9943646499367,93.9929868654825,93.9929868654825,93.992989750982,93.986,93.9863384057615,93.98828125,93.9896719794301
1186.1,94.03051898,93.9943516951949,93.9929743781709,93.9929743781709,93.9929772604007,93.986,93.9863452644855,93.98828125,93.9896932666224
1186.15,94.03045694,93.994338740453,93.9929618908594,93.9929618908594,93.9929647698193,93.986,93.9863521232096,93.98828125,93.9897145538146
1186.2,94.0303949,93.9943257857112,93.9929494035479,93.9929494035479,93.992952279238,93.986,93.9863589819337,93.98828125,93.9897358410069
1186.25,94.03033192,93.9943128309694,93.9929369162363,93.9929369162363,93.9929397886566,93.986,93.9863658406578,93.98828125,93.9897571281992
1186.3,94.03026988,93.9942998762276,93.9929244289248,93.9929244289248,93.9929272980753,93.986,93.9863726993819,93.98828125,93.9897784153915
1186.35,94.03020784,93.9942869214858,93.9929119416133,93.9929119416133,93.9929148074939,93.986,93.986379558106,93.98828125,93.9897997025838
1186.4,94.03014486,93.9942739667439,93.9928994543017,93.9928994543017,93.9929023169126,93.986,93.9863864168301,93.98828125,93.9898209897761
1186.45,94.03008282,93.9942610120021,93.9928869669902,93.9928869669902,93.9928898263312,93.986,93.9863932755541,93.98828125,93.9898422769683
1186.5,94.03001984,93.9942480572603,93.9928744796787,93.9928744796787,93.9928773357499,93.986,93.9864001342782,93.98828125,93.9898635641606
1186.55,94.0299578,93.9942351025185,93.9928619923671,93.9928619923671,93.9928648451685,93.986,93.9864069930023,93.98828125,93.9898848513529
1186.6,94.02989576,93.9942221477767,93.9928495050556,93.9928495050556,93.9928523545872,93.986,93.9864138517264,93.98828125,93.9899061385452
1186.65,94.02983278,93.9942091930349,93.9928370177441,93.9928370177441,93.9928398640058,93.986,93.9864207104505,93.98828125,93.9899274257375
1186.7,94.02977074,93.994196238293,93.9928245304325,93.9928245304325,93.9928273734245,93.986,93.9864275691746,93.98828125,93.9899487129298
1186.75,94.0297087,93.9941832835512,93.992812043121,93.992812043121,93.9928148828431,93.986,93.9864344278987,93.98828125,93.9899700001221
1186.8,94.02964572,93.9941703288094,93.9927995558095,93.9927995558095,93.9928023922618,93.986,93.9864412866227,93.98828125,93.9899912873143
1186.85,94.02958368,93.9941573740676,93.9927870684979,93.9927870684979,93.9927899016805,93.986,93.9864481453468,93.98828125,93.9900125745066
1186.9,94.0295207,93.9941444193258,93.9927745811864,93.9927745811864,93.9927774110991,93.986,93.9864550040709,93.98828125,93.9900338616989
1186.95,94.02945866,93.994131464584,93.9927620938749,93.9927620938749,93.9927649205177,93.986,93.986461862795,93.98828125,93.9900551488912
1187,94.02939662,93.9941185098422,93.9927496065633,93.9927496065633,93.9927524299364,93.986,93.9864687215191,93.98828125,93.9900764360835
1187.05,94.02933364,93.9941055551003,93.9927371192518,93.9927371192518,93.992739939355,93.986,93.9864755802432,93.98828125,93.9900977232758
1187.1,94.0292716,93.9940926003585,93.9927246319403,93.9927246319403,93.9927274487737,93.986,93.9864824389673,93.98828125,93.990119010468
1187.15,94.02920862,93.9940796456167,93.9927121446287,93.9927121446287,93.9927149581924,93.986,93.9864892976913,93.98828125,93.9901402976603
1187.2,94.02914658,93.9940666908749,93.9926996573172,93.9926996573172,93.992702467611,93.986,93.9864961564154,93.98828125,93.9901615848526
1187.25,94.02908454,93.9940537361331,93.9926871700057,93.9926871700057,93.9926899770297,93.986,93.9865030151395,93.98828125,93.9901828720449
1187.3,94.02902156,93.9940407813912,93.9926746826941,93.9926746826941,93.9926774864483,93.986,93.9865098738636,93.98828125,93.9902041592372
1187.35,94.02895952,93.9940278266494,93.9926621953826,93.9926621953826,93.9926649958669,93.986,93.9865167325877,93.98828125,93.9902254464295
1187.4,94.02889748,93.9940148719076,93.9926497080711,93.9926497080711,93.9926525052856,93.986,93.9865235913118,93.98828125,93.9902467336218
1187.45,94.0288345,93.9940019171658,93.9926372207595,93.9926372207595,93.9926400147043,93.986,93.9865304500359,93.98828125,93.990268020814
1187.5,94.02877246,93.993988962424,93.992624733448,93.992624733448,93.9926275241229,93.986,93.9865373087599,93.98828125,93.9902893080063
1187.55,94.02870948,93.9939760076822,93.9926122461365,93.9926122461365,93.9926150335416,93.986,93.986544167484,93.98828125,93.9903105951986
1187.6,94.02864744,93.9939630529403,93.9925997588249,93.9925997588249,93.9926025429602,93.986,93.9865510262081,93.98828125,93.9903318823909
1187.65,94.0285854,93.9939500981985,93.9925872715134,93.9925872715134,93.9925900523789,93.986,93.9865578849322,93.98828125,93.9903531695832
1187.7,94.02852242,93.9939371434567,93.9925747842019,93.9925747842019,93.9925775617975,93.986,93.9865647436563,93.98828125,93.9903744567755
1187.75,94.02846038,93.9939241887149,93.9925622968903,93.9925622968903,93.9925650712162,93.986,93.9865716023804,93.98828125,93.9903957439678
1187.8,94.0283974,93.9939112339731,93.9925498095788,93.9925498095788,93.9925525806348,93.986,93.9865784611045,93.98828125,93.99041703116
1187.85,94.02833536,93.9938982792313,93.9925373222673,93.9925373222673,93.9925400900535,93.986,93.9865853198285,93.98828125,93.9904383183523
1187.9,94.02827332,93.9938853244895,93.9925248349557,93.9925248349557,93.9925275994721,93.986,93.9865921785526,93.98828125,93.9904596055446
1187.95,94.02821034,93.9938723697476,93.9925123476442,93.9925123476442,93.9925151088908,93.986,93.9865990372767,93.98828125,93.9904808927369
1188,94.0281483,93.9938594150058,93.9924998603327,93.9924998603327,93.9925026183094,93.986,93.9866058960008,93.98828125,93.9905021799292
1188.05,94.02808626,93.993846460264,93.9924873730211,93.9924873730211,93.9924901277281,93.986,93.9866127547249,93.98828125,93.9905234671215
1188.1,94.02802328,93.9938335055222,93.9924748857096,93.9924748857096,93.9924776371467,93.986,93.986619613449,93.98828125,93.9905447543137
1188.15,94.02796124,93.9938205507804,93.9924623983981,93.9924623983981,93.9924651465654,93.986,93.9866264721731,93.98828125,93.990566041506
1188.2,94.02789826,93.9938075960386,93.9924499110866,93.9924499110866,93.992452655984,93.986,93.9866333308971,93.98828125,93.9905873286983
1188.25,94.02783622,93.9937946412967,93.992437423775,93.992437423775,93.9924401654027,93.986,93.9866401896212,93.98828125,93.9906086158906
1188.3,94.02777418,93.9937816865549,93.9924249364635,93.9924249364635,93.9924276748213,93.986,93.9866470483453,93.98828125,93.9906299030829
1188.35,94.0277112,93.9937687318131,93.9924124491519,93.9924124491519,93.99241518424,93.986,93.9866539070694,93.98828125,93.9906511902752
1188.4,94.02764916,93.9937557770713,93.9923999618404,93.9923999618404,93.9924026936586,93.986,93.9866607657935,93.98828125,93.9906724774675
1188.45,94.02758712,93.9937428223295,93.9923874745289,93.9923874745289,93.9923902030773,93.986,93.9866676245176,93.98828125,93.9906937646597
1188.5,94.02752414,93.9937298675876,93.9923749872173,93.9923749872173,93.9923777124959,93.986,93.9866744832417,93.98828125,93.990715051852
1188.55,94.0274621,93.9937169128458,93.9923624999058,93.9923624999058,93.9923652219146,93.986,93.9866813419657,93.98828125,93.9907363390443
1188.6,94.02739912,93.993703958104,93.9923500125943,93.9923500125943,93.9923527313332,93.986,93.9866882006898,93.98828125,93.9907576262366
1188.65,94.02733708,93.9936910033622,93.9923375252827,93.9923375252827,93.9923402407519,93.986,93.9866950594139,93.98828125,93.9907789134289
1188.7,94.02727504,93.9936780486204,93.9923250379712,93.9923250379712,93.9923277501705,93.986,93.986701918138,93.98828125,93.9908002006212
1188.75,94.02721206,93.9936650938786,93.9923125506597,93.9923125506597,93.9923152595892,93.986,93.9867087768621,93.98828125,93.9908214878134
1188.8,94.02715002,93.9936521391368,93.9923000633482,93.9923000633482,93.9923027690078,93.986,93.9867156355862,93.98828125,93.9908427750057
1188.85,94.02708704,93.9936391843949,93.9922875760366,93.9922875760366,93.9922902784265,93.986,93.9867224943103,93.98828125,93.990864062198
1188.9,94.027025,93.9936262296531,93.9922750887251,93.9922750887251,93.9922777878451,93.986,93.9867293530343,93.98828125,93.9908853493903
1188.95,94.02696296,93.9936132749113,93.9922626014136,93.9922626014136,93.9922652972638,93.986,93.9867362117584,93.98828125,93.9909066365826
1189,94.02689998,93.9936003201695,93.992250114102,93.992250114102,93.9922528066824,93.986275,93.9870180704825,93.98828125,93.9909279237749
1189.05,94.02683794,93.9935873654277,93.9922376267905,93.9922376267905,93.9922403161011,93.986825,93.9875749292066,93.98828125,93.9909492109672
1189.1,94.0267759,93.9935744106859,93.9922251394789,93.9922251394789,93.9922278255197,93.987375,93.9881317879307,93.98828125,93.9909704981595
1189.15,94.02671292,93.993561455944,93.9922126521674,93.9922126521674,93.9922153349384,93.987925,93.9886886466548,93.98828125,93.9909917853517
1189.2,94.02665088,93.9935485012022,93.9922001648559,93.9922001648559,93.992202844357,93.988475,93.9892455053789,93.98828125,93.991013072544
1189.25,94.0265879,93.9935355464604,93.9921876775444,93.9921876775444,93.9921903537757,93.989025,93.9898023641029,93.98828125,93.9910343597363
1189.3,94.02652586,93.9935225917186,93.9921751902328,93.9921751902328,93.9921778631943,93.989575,93.990359222827,93.98828125,93.9910556469286
1189.35,94.02646382,93.9935096369768,93.9921627029213,93.9921627029213,93.992165372613,93.990125,93.9909160815511,93.98828125,93.9910769341209
1189.4,94.02640084,93.9934966822349,93.9921502156098,93.9921502156098,93.9921528820316,93.990675,93.9914729402752,93.98828125,93.9910982213132
1189.45,94.0263388,93.9934837274931,93.9921377282982,93.9921377282982,93.9921403914503,93.991225,93.9920297989993,93.98828125,93.9911195085054
1189.5,94.02627582,93.9934707727513,93.9921252409867,93.9921252409867,93.9921279008689,93.991775,93.9925866577234,93.98828125,93.9911407956977
1189.55,94.02621378,93.9934578180095,93.9921127536752,93.9921127536752,93.9921154102876,93.992325,93.9931435164475,93.98828125,93.99116208289
1189.6,94.02615174,93.9934448632677,93.9921002663636,93.9921002663636,93.9921029197062,93.992875,93.9937003751715,93.98828125,93.9911833700823
1189.65,94.02608876,93.9934319085259,93.9920877790521,93.9920877790521,93.9920904291249,93.993425,93.9942572338956,93.98828125,93.9912046572746
1189.7,94.02602672,93.993418953784,93.9920752917406,93.9920752917406,93.9920779385435,93.993975,93.9948140926197,93.98828125,93.9912259444669
1189.75,94.02596468,93.9934059990422,93.992062804429,93.992062804429,93.9920654479622,93.994525,93.9953709513438,93.98828125,93.9912472316592
1189.8,94.0259017,93.9933930443004,93.9920503171175,93.9920503171175,93.9920529573808,93.995075,93.9959278100679,93.98828125,93.9912685188514
1189.85,94.02583966,93.9933800895586,93.992037829806,93.992037829806,93.9920404667995,93.995625,93.996484668792,93.98828125,93.9912898060437
1189.9,94.02577668,93.9933671348168,93.9920253424944,93.9920253424944,93.9920279762181,93.996175,93.9970415275161,93.98828125,93.991311093236
1189.95,94.02571464,93.993354180075,93.9920128551829,93.9920128551829,93.9920154856368,93.996725,93.9975983862401,93.98828125,93.9913323804283
1190,94.0256526,93.9933412253332,93.9920003678714,93.9920003678714,93.9920029950554,93.99715,93.9980302449642,93.98828125,93.9913536676206
1190.05,94.02558962,93.9933318107525,93.9920047655423,93.9920047655423,93.9920073797767,93.99745,93.9983458326506,93.98828125,93.991392292659
1190.1,94.02552758,93.9933223961717,93.9920091632132,93.9920091632132,93.9920117644979,93.99775,93.998661420337,93.98828125,93.9914309176975
1190.15,94.02546554,93.993312981591,93.9920135608841,93.9920135608841,93.9920161492191,93.99805,93.9989770080233,93.98828125,93.9914695427359
1190.2,94.02540256,93.9933035670103,93.992017958555,93.992017958555,93.9920205339403,93.99835,93.9992925957097,93.98828125,93.9915081677744
1190.25,94.02534052,93.9932941524296,93.9920223562259,93.9920223562259,93.9920249186615,93.99865,93.9996081833961,93.98828125,93.9915467928128
1190.3,94.02527754,93.9932847378489,93.9920267538968,93.9920267538968,93.9920293033827,93.99895,93.9999237710825,93.98828125,93.9915854178512
1190.35,94.0252155,93.9932753232682,93.9920311515677,93.9920311515677,93.9920336881039,93.99925,94.0002393587688,93.98828125,93.9916240428897
1190.4,94.02515346,93.9932659086875,93.9920355492386,93.9920355492386,93.9920380728251,93.99955,94.0005549464552,93.98828125,93.9916626679281
1190.45,94.02509048,93.9932564941068,93.9920399469095,93.9920399469095,93.9920424575463,93.99985,94.0008705341416,93.98828125,93.9917012929666
1190.5,94.02502844,93.9932470795261,93.9920443445804,93.9920443445804,93.9920468422676,94.00015,94.0011861218279,93.98828125,93.991739918005
1190.55,94.02496546,93.9932376649454,93.9920487422513,93.9920487422513,93.9920512269888,94.00045,94.0015017095143,93.98828125,93.9917785430435
1190.6,94.02490342,93.9932282503647,93.9920531399222,93.9920531399222,93.99205561171,94.00075,94.0018172972007,93.98828125,93.9918171680819
1190.65,94.02484138,93.993218835784,93.9920575375931,93.9920575375931,93.9920599964312,94.00105,94.002132884887,93.98828125,93.9918557931204
1190.7,94.0247784,93.9932094212033,93.992061935264,93.992061935264,93.9920643811524,94.00135,94.0024484725734,93.98828125,93.9918944181588
1190.75,94.02471636,93.9932000066226,93.9920663329349,93.9920663329349,93.9920687658736,94.00165,94.0027640602598,93.98828125,93.9919330431972
1190.8,94.02465432,93.9931905920419,93.9920707306058,93.9920707306058,93.9920731505948,94.00195,94.0030796479462,93.98828125,93.9919716682357
1190.85,94.02459134,93.9931811774612,93.9920751282767,93.9920751282767,93.992077535316,94.00225,94.0033952356325,93.98828125,93.9920102932741
1190.9,94.0245293,93.9931717628805,93.9920795259476,93.9920795259476,93.9920819200373,94.00255,94.0037108233189,93.98828125,93.9920489183126
1190.95,94.02446632,93.9931623482998,93.9920839236185,93.9920839236185,93.9920863047585,94.00285,94.0040264110053,93.98828125,93.992087543351
1191,94.02440428,93.9931529337191,93.9920883212894,93.9920883212894,93.9920906894797,94.003,94.0041919986917,93.98828125,93.9921261683895
1191.05,94.02434224,93.9931435191384,93.9920927189604,93.9920927189604,93.9920950742009,94.003,94.004207586378,93.98828125,93.9921647934279
1191.1,94.02427926,93.9931341045577,93.9920971166312,93.9920971166312,93.9920994589221,94.003,94.0042231740644,93.98828125,93.9922034184663
1191.15,94.02421722,93.993124689977,93.9921015143021,93.9921015143021,93.9921038436433,94.003,94.0042387617508,93.98828125,93.9922420435048
1191.2,94.02415424,93.9931152753963,93.9921059119731,93.9921059119731,93.9921082283645,94.003,94.0042543494371,93.98828125,93.9922806685432
1191.25,94.0240922,93.9931058608156,93.992110309644,93.992110309644,93.9921126130857,94.003,94.0042699371235,93.98828125,93.9923192935817
1191.3,94.02403016,93.9930964462349,93.9921147073149,93.9921147073149,93.9921169978069,94.003,94.0042855248099,93.98828125,93.9923579186201
1191.35,94.02396718,93.9930870316542,93.9921191049858,93.9921191049858,93.9921213825282,94.003,94.0043011124962,93.98828125,93.9923965436586
1191.4,94.02390514,93.9930776170735,93.9921235026567,93.9921235026567,93.9921257672494,94.003,94.0043167001826,93.98828125,93.992435168697
1191.45,94.0238431,93.9930682024928,93.9921279003276,93.9921279003276,93.9921301519706,94.003,94.004332287869,93.98828125,93.9924737937355
1191.5,94.02378012,93.9930587879121,93.9921322979985,93.9921322979985,93.9921345366918,94.003,94.0043478755554,93.98828125,93.9925124187739
1191.55,94.02371808,93.9930493733314,93.9921366956694,93.9921366956694,93.992138921413,94.003,94.0043634632417,93.98828125,93.9925510438123
1191.6,94.0236551,93.9930399587507,93.9921410933403,93.9921410933403,93.9921433061342,94.003,94.0043790509281,93.98828125,93.9925896688508
1191.65,94.02359306,93.99303054417,93.9921454910112,93.9921454910112,93.9921476908554,94.003,94.0043946386145,93.98828125,93.9926282938892
1191.7,94.02353102,93.9930211295893,93.9921498886821,93.9921498886821,93.9921520755766,94.003,94.0044102263008,93.98828125,93.9926669189277
1191.75,94.02346804,93.9930117150086,93.992154286353,93.992154286353,93.9921564602978,94.003,94.0044258139872,93.98828125,93.9927055439661
1191.8,94.023406,93.9930023004279,93.9921586840239,93.9921586840239,93.9921608450191,94.003,94.0044414016736,93.98828125,93.9927441690046
1191.85,94.02334396,93.9929928858472,93.9921630816948,93.9921630816948,93.9921652297403,94.003,94.00445698936,93.98828125,93.992782794043
1191.9,94.02328098,93.9929834712665,93.9921674793657,93.9921674793657,93.9921696144615,94.003,94.0044725770463,93.98828125,93.9928214190815
1191.95,94.02321894,93.9929740566858,93.9921718770366,93.9921718770366,93.9921739991827,94.003,94.0044881647327,93.98828125,93.9928600441199
1192,94.02315596,93.9929646421051,93.9921762747075,93.9921762747075,93.9921783839039,94.003,94.0045037524191,93.98828125,93.9928986691584
1192.05,94.02309392,93.9929552275244,93.9921806723784,93.9921806723784,93.9921827686251,94.003,94.0045193401054,93.98828125,93.9929372941968
1192.1,94.02303188,93.9929458129437,93.9921850700493,93.9921850700493,93.9921871533463,94.003,94.0045349277918,93.98828125,93.9929759192352
1192.15,94.0229689,93.992936398363,93.9921894677202,93.9921894677202,93.9921915380675,94.003,94.0045505154782,93.98828125,93.9930145442737
1192.2,94.02290686,93.9929269837823,93.9921938653911,93.9921938653911,93.9921959227888,94.003,94.0045661031645,93.98828125,93.9930531693121
1192.25,94.02284388,93.9929175692016,93.992198263062,93.992198263062,93.99220030751,94.003,94.0045816908509,93.98828125,93.9930917943506
1192.3,94.02278184,93.9929081546209,93.9922026607329,93.9922026607329,93.9922046922312,94.003,94.0045972785373,93.98828125,93.993130419389
1192.35,94.0227198,93.9928987400402,93.9922070584038,93.9922070584038,93.9922090769524,94.003,94.0046128662237,93.98828125,93.9931690444274
1192.4,94.02265682,93.9928893254595,93.9922114560748,93.9922114560748,93.9922134616736,94.003,94.00462845391,93.98828125,93.9932076694659
1192.45,94.02259478,93.9928799108788,93.9922158537457,93.9922158537457,93.9922178463948,94.003,94.0046440415964,93.98828125,93.9932462945043
1192.5,94.02253274,93.9928704962981,93.9922202514166,93.9922202514166,93.992222231116,94.003,94.0046596292828,93.98828125,93.9932849195428
1192.55,94.02246976,93.9928610817174,93.9922246490875,93.9922246490875,93.9922266158372,94.003,94.0046752169691,93.98828125,93.9933235445812
1192.6,94.02240772,93.9928516671367,93.9922290467584,93.9922290467584,93.9922310005584,94.003,94.0046908046555,93.98828125,93.9933621696197
1192.65,94.02234474,93.992842252556,93.9922334444293,93.9922334444293,93.9922353852797,94.003,94.0047063923419,93.98828125,93.9934007946581
1192.7,94.0222827,93.9928328379753,93.9922378421002,93.9922378421002,93.9922397700009,94.003,94.0047219800283,93.98828125,93.9934394196966
1192.75,94.02222066,93.9928234233946,93.9922422397711,93.9922422397711,93.9922441547221,94.003,94.0047375677146,93.98828125,93.993478044735
1192.8,94.02215768,93.9928140088139,93.992246637442,93.992246637442,93.9922485394433,94.003,94.004753155401,93.98828125,93.9935166697734
1192.85,94.02209564,93.9928045942332,93.9922510351129,93.9922510351129,93.9922529241645,94.003,94.0047687430874,93.98828125,93.9935552948119
1192.9,94.0220336,93.9927951796525,93.9922554327838,93.9922554327838,93.9922573088857,94.003,94.0047843307737,93.98828125,93.9935939198503
1192.95,94.02197062,93.9927857650718,93.9922598304547,93.9922598304547,93.9922616936069,94.003,94.0047999184601,93.98828125,93.9936325448888
1193,94.02190858,93.9927763504911,93.9922642281256,93.9922642281256,93.9922660783281,94.002875,94.0046905061465,93.98828125,93.9936711699272
1193.05,94.0218456,93.9927669359104,93.9922686257965,93.9922686257965,93.9922704630493,94.002625,94.0044560938328,93.98828125,93.9937097949657
1193.1,94.02178356,93.9927575213297,93.9922730234674,93.9922730234674,93.9922748477706,94.002375,94.0042216815192,93.98828125,93.9937484200041
1193.15,94.02172152,93.992748106749,93.9922774211383,93.9922774211383,93.9922792324918,94.002125,94.0039872692056,93.98828125,93.9937870450426
1193.2,94.02165854,93.9927386921683,93.9922818188092,93.9922818188092,93.992283617213,94.001875,94.003752856892,93.98828125,93.993825670081
1193.25,94.0215965,93.9927292775876,93.9922862164801,93.9922862164801,93.9922880019342,94.001625,94.0035184445783,93.98828125,93.9938642951195
1193.3,94.02153352,93.9927198630069,93.992290614151,93.992290614151,93.9922923866554,94.001375,94.0032840322647,93.98828125,93.9939029201579
1193.35,94.02147148,93.9927104484262,93.9922950118219,93.9922950118219,93.9922967713766,94.001125,94.0030496199511,93.98828125,93.9939415451963
1193.4,94.02140944,93.9927010338455,93.9922994094928,93.9922994094928,93.9923011560978,94.000875,94.0028152076374,93.98828125,93.9939801702348
1193.45,94.02134646,93.9926916192648,93.9923038071637,93.9923038071637,93.992305540819,94.000625,94.0025807953238,93.98828125,93.9940187952732
1193.5,94.02128442,93.9926822046841,93.9923082048346,93.9923082048346,93.9923099255402,94.000375,94.0023463830102,93.98828125,93.9940574203117
1193.55,94.02122238,93.9926727901034,93.9923126025055,93.9923126025055,93.9923143102615,94.000125,94.0021119706966,93.98828125,93.9940960453501
1193.6,94.0211594,93.9926633755227,93.9923170001765,93.9923170001765,93.9923186949827,93.999875,94.0018775583829,93.98828125,93.9941346703885
1193.65,94.02109736,93.992653960942,93.9923213978473,93.9923213978473,93.9923230797039,93.999625,94.0016431460693,93.98828125,93.994173295427
1193.7,94.02103438,93.9926445463612,93.9923257955183,93.9923257955183,93.9923274644251,93.999375,94.0014087337557,93.98828125,93.9942119204654
1193.75,94.02097234,93.9926351317805,93.9923301931892,93.9923301931892,93.9923318491463,93.999125,94.001174321442,93.98828125,93.9942505455039
1193.8,94.0209103,93.9926257171999,93.9923345908601,93.9923345908601,93.9923362338675,93.998875,94.0009399091284,93.98828125,93.9942891705423
1193.85,94.02084732,93.9926163026192,93.992338988531,93.992338988531,93.9923406185887,93.998625,94.0007054968148,93.98828125,93.9943277955808
1193.9,94.02078528,93.9926068880385,93.9923433862019,93.9923433862019,93.9923450033099,93.998375,94.0004710845012,93.98828125,93.9943664206192
1193.95,94.0207223,93.9925974734577,93.9923477838728,93.9923477838728,93.9923493880312,93.998125,94.0002366721875,93.98828125,93.9944050456577
1194,94.02066026,93.992588058877,93.9923521815437,93.9923521815437,93.9923537727524,93.997875,94.0000022598739,93.98828125,93.9944436706961
1194.05,94.02059822,93.9925786442963,93.9923565792146,93.9923565792146,93.9923581574736,93.997625,93.9997678475603,93.98828125,93.9944822957345
1194.1,94.02053524,93.9925692297156,93.9923609768855,93.9923609768855,93.9923625421948,93.997375,93.9995334352466,93.98828125,93.994520920773
1194.15,94.0204732,93.9925598151349,93.9923653745564,93.9923653745564,93.992366926916,93.997125,93.999299022933,93.98828125,93.9945595458114
1194.2,94.02041116,93.9925504005542,93.9923697722273,93.9923697722273,93.9923713116372,93.996875,93.9990646106194,93.98828125,93.9945981708499
1194.25,94.02034818,93.9925409859735,93.9923741698982,93.9923741698982,93.9923756963584,93.996625,93.9988301983058,93.98828125,93.9946367958883
1194.3,94.02028614,93.9925315713928,93.9923785675691,93.9923785675691,93.9923800810796,93.996375,93.9985957859921,93.98828125,93.9946754209268
1194.35,94.02022316,93.9925221568121,93.99238296524,93.99238296524,93.9923844658008,93.996125,93.9983613736785,93.98828125,93.9947140459652
1194.4,94.02016112,93.9925127422314,93.9923873629109,93.9923873629109,93.9923888505221,93.995875,93.9981269613649,93.98828125,93.9947526710037
1194.45,94.02009908,93.9925033276507,93.9923917605818,93.9923917605818,93.9923932352433,93.995625,93.9978925490512,93.98828125,93.9947912960421
1194.5,94.0200361,93.99249391307,93.9923961582527,93.9923961582527,93.9923976199645,93.995375,93.9976581367376,93.98828125,93.9948299210806
1194.55,94.01997406,93.9924844984893,93.9924005559236,93.9924005559236,93.9924020046857,93.995125,93.997423724424,93.98828125,93.994868546119
1194.6,94.01991202,93.9924750839086,93.9924049535945,93.9924049535945,93.9924063894069,93.994875,93.9971893121103,93.98828125,93.9949071711574
1194.65,94.01984904,93.9924656693279,93.9924093512654,93.9924093512654,93.9924107741281,93.994625,93.9969548997967,93.98828125,93.9949457961959
1194.7,94.019787,93.9924562547472,93.9924137489363,93.9924137489363,93.9924151588493,93.994375,93.9967204874831,93.98828125,93.9949844212343
1194.75,94.01972402,93.9924468401665,93.9924181466072,93.9924181466072,93.9924195435705,93.994125,93.9964860751695,93.98828125,93.9950230462728
1194.8,94.01966198,93.9924374255858,93.9924225442781,93.9924225442781,93.9924239282917,93.993875,93.9962516628558,93.98828125,93.9950616713112
1194.85,94.01959994,93.9924280110051,93.992426941949,93.992426941949,93.992428313013,93.993625,93.9960172505422,93.98828125,93.9951002963496
1194.9,94.01953696,93.9924185964244,93.99243133962,93.99243133962,93.9924326977342,93.993375,93.9957828382286,93.98828125,93.9951389213881
1194.95,94.01947492,93.9924091818437,93.9924357372909,93.9924357372909,93.9924370824554,93.993125,93.9955484259149,93.98828125,93.9951775464265
1195,94.01941194,93.992399767263,93.9924401349618,93.9924401349618,93.9924414671766,93.993,93.9954390136013,93.98828125,93.995216171465
1195.05,94.0193499,93.9923903526823,93.9924445326327,93.9924445326327,93.9924458518978,93.993,93.9954546012877,93.98828125,93.9952547965034
1195.1,94.01928786,93.9923809381016,93.9924489303036,93.9924489303036,93.992450236619,93.993,93.9954701889741,93.98828125,93.9952934215419
1195.15,94.01922488,93.9923715235209,93.9924533279745,93.9924533279745,93.9924546213402,93.993,93.9954857766604,93.98828125,93.9953320465803
1195.2,94.01916284,93.9923621089402,93.9924577256454,93.9924577256454,93.9924590060614,93.993,93.9955013643468,93.98828125,93.9953706716188
1195.25,94.0191008,93.9923526943595,93.9924621233163,93.9924621233163,93.9924633907826,93.993,93.9955169520332,93.98828125,93.9954092966572
1195.3,94.01903782,93.9923432797788,93.9924665209872,93.9924665209872,93.9924677755039,93.993,93.9955325397195,93.98828125,93.9954479216956
1195.35,94.01897578,93.9923338651981,93.9924709186581,93.9924709186581,93.9924721602251,93.993,93.9955481274059,93.98828125,93.9954865467341
1195.4,94.0189128,93.9923244506174,93.992475316329,93.992475316329,93.9924765449463,93.993,93.9955637150923,93.98828125,93.9955251717725
1195.45,94.01885076,93.9923150360367,93.9924797139999,93.9924797139999,93.9924809296675,93.993,93.9955793027787,93.98828125,93.995563796811
1195.5,94.01878872,93.992305621456,93.9924841116708,93.9924841116708,93.9924853143887,93.993,93.995594890465,93.98828125,93.9956024218494
1195.55,94.01872574,93.9922962068753,93.9924885093417,93.9924885093417,93.9924896991099,93.993,93.9956104781514,93.98828125,93.9956410468879
1195.6,94.0186637,93.9922867922946,93.9924929070126,93.9924929070126,93.9924940838311,93.993,93.9956260658378,93.98828125,93.9956796719263
1195.65,94.01860072,93.9922773777139,93.9924973046835,93.9924973046835,93.9924984685523,93.993,93.9956416535241,93.98828125,93.9957182969648
1195.7,94.01853868,93.9922679631332,93.9925017023544,93.9925017023544,93.9925028532736,93.993,93.9956572412105,93.98828125,93.9957569220032
1195.75,94.01847664,93.9922585485525,93.9925061000253,93.9925061000253,93.9925072379948,93.993,93.9956728288969,93.98828125,93.9957955470417
1195.8,94.01841366,93.9922491339718,93.9925104976962,93.9925104976962,93.992511622716,93.993,93.9956884165832,93.98828125,93.9958341720801
1195.85,94.01835162,93.9922397193911,93.9925148953671,93.9925148953671,93.9925160074372,93.993,93.9957040042696,93.98828125,93.9958727971185
1195.9,94.01828958,93.9922303048104,93.992519293038,93.992519293038,93.9925203921584,93.993,93.995719591956,93.98828125,93.995911422157
1195.95,94.0182266,93.9922208902297,93.9925236907089,93.9925236907089,93.9925247768796,93.993,93.9957351796424,93.98828125,93.9959500471954
1196,94.01816456,93.992211475649,93.9925280883798,93.9925280883798,93.9925291616008,93.993,93.9957507673287,93.98828125,93.9959886722339
1196.05,94.01810158,93.9922020610683,93.9925324860507,93.9925324860507,93.992533546322,93.993,93.9957663550151,93.98828125,93.9960272972723
1196.1,94.01803954,93.9921926464876,93.9925368837217,93.9925368837217,93.9925379310432,93.993,93.9957819427015,93.98828125,93.9960659223107
1196.15,94.0179775,93.9921832319069,93.9925412813926,93.9925412813926,93.9925423157645,93.993,93.9957975303878,93.98828125,93.9961045473492
1196.2,94.01791452,93.9921738173262,93.9925456790635,93.9925456790635,93.9925467004857,93.993,93.9958131180742,93.98828125,93.9961431723876
1196.25,94.01785248,93.9921644027455,93.9925500767344,93.9925500767344,93.9925510852069,93.993,93.9958287057606,93.98828125,93.9961817974261
1196.3,94.01779044,93.9921549881648,93.9925544744053,93.9925544744053,93.9925554699281,93.993,93.995844293447,93.98828125,93.9962204224645
1196.35,94.01772746,93.9921455735841,93.9925588720762,93.9925588720762,93.9925598546493,93.993,93.9958598811333,93.98828125,93.996259047503
1196.4,94.01766542,93.9921361590034,93.9925632697471,93.9925632697471,93.9925642393705,93.993,93.9958754688197,93.98828125,93.9962976725414
1196.45,94.01760244,93.9921267444227,93.992567667418,93.992567667418,93.9925686240917,93.993,93.9958910565061,93.98828125,93.9963362975799
1196.5,94.0175404,93.992117329842,93.9925720650889,93.9925720650889,93.9925730088129,93.993,93.9959066441924,93.98828125,93.9963749226183
1196.55,94.01747836,93.9921079152613,93.9925764627598,93.9925764627598,93.9925773935341,93.993,93.9959222318788,93.98828125,93.9964135476567
1196.6,94.01741538,93.9920985006806,93.9925808604307,93.9925808604307,93.9925817782554,93.993,93.9959378195652,93.98828125,93.9964521726952
1196.65,94.01735334,93.9920890860999,93.9925852581016,93.9925852581016,93.9925861629766,93.993,93.9959534072515,93.98828125,93.9964907977336
1196.7,94.01729036,93.9920796715192,93.9925896557725,93.9925896557725,93.9925905476978,93.993,93.9959689949379,93.98828125,93.9965294227721
1196.75,94.01722832,93.9920702569385,93.9925940534434,93.9925940534434,93.992594932419,93.993,93.9959845826243,93.98828125,93.9965680478105
1196.8,94.01716628,93.9920608423578,93.9925984511143,93.9925984511143,93.9925993171402,93.993,93.9960001703107,93.98828125,93.996606672849
1196.85,94.0171033,93.9920514277771,93.9926028487852,93.9926028487852,93.9926037018614,93.993,93.996015757997,93.98828125,93.9966452978874
1196.9,94.01704126,93.9920420131964,93.9926072464561,93.9926072464561,93.9926080865826,93.993,93.9960313456834,93.98828125,93.9966839229259
1196.95,94.01697922,93.9920325986157,93.992611644127,93.992611644127,93.9926124713038,93.993,93.9960469333698,93.98828125,93.9967225479643
1197,94.01691624,93.992023184035,93.9926160417979,93.9926160417979,93.9926168560251,93.993,93.9960625210561,93.98828125,93.9967611730028
1197.05,94.0168542,93.9920137694543,93.9926204394688,93.9926204394688,93.9926212407463,93.993,93.9960781087425,93.98828125,93.9967997980412
1197.1,94.01679122,93.9920043548736,93.9926248371397,93.9926248371397,93.9926256254675,93.993,93.9960936964289,93.98828125,93.9968384230796
1197.15,94.01672918,93.9919949402929,93.9926292348106,93.9926292348106,93.9926300101887,93.993,93.9961092841152,93.98828125,93.9968770481181
1197.2,94.01666714,93.9919855257122,93.9926336324815,93.9926336324815,93.9926343949099,93.993,93.9961248718016,93.98828125,93.9969156731565
1197.25,94.01660416,93.9919761111315,93.9926380301524,93.9926380301524,93.9926387796311,93.993,93.996140459488,93.98828125,93.996954298195
1197.3,94.01654212,93.9919666965508,93.9926424278234,93.9926424278234,93.9926431643523,93.993,93.9961560471744,93.98828125,93.9969929232334
1197.35,94.01647914,93.9919572819701,93.9926468254942,93.9926468254942,93.9926475490735,93.993,93.9961716348607,93.98828125,93.9970315482718
1197.4,94.0164171,93.9919478673894,93.9926512231652,93.9926512231652,93.9926519337947,93.993,93.9961872225471,93.98828125,93.9970701733103
1197.45,94.01635506,93.9919384528087,93.9926556208361,93.9926556208361,93.992656318516,93.993,93.9962028102335,93.98828125,93.9971087983487
1197.5,94.01629208,93.991929038228,93.992660018507,93.992660018507,93.9926607032372,93.993,93.9962183979198,93.98828125,93.9971474233872
1197.55,94.01623004,93.9919196236472,93.9926644161779,93.9926644161779,93.9926650879584,93.993,93.9962339856062,93.98828125,93.9971860484256
1197.6,94.016168,93.9919102090665,93.9926688138488,93.9926688138488,93.9926694726796,93.993,93.9962495732926,93.98828125,93.9972246734641
1197.65,94.01610502,93.9919007944859,93.9926732115197,93.9926732115197,93.9926738574008,93.993,93.996265160979,93.98828125,93.9972632985025
1197.7,94.01604298,93.9918913799052,93.9926776091906,93.9926776091906,93.992678242122,93.993,93.9962807486653,93.98828125,93.997301923541
1197.75,94.01598,93.9918819653245,93.9926820068615,93.9926820068615,93.9926826268432,93.993,93.9962963363517,93.98828125,93.9973405485794
1197.8,94.01591796,93.9918725507438,93.9926864045324,93.9926864045324,93.9926870115644,93.993,93.9963119240381,93.98828125,93.9973791736178
1197.85,94.01585592,93.991863136163,93.9926908022033,93.9926908022033,93.9926913962857,93.993,93.9963275117244,93.98828125,93.9974177986563
1197.9,94.01579294,93.9918537215823,93.9926951998742,93.9926951998742,93.9926957810069,93.993,93.9963430994108,93.98828125,93.9974564236947
1197.95,94.0157309,93.9918443070016,93.9926995975451,93.9926995975451,93.9927001657281,93.993,93.9963586870972,93.98828125,93.9974950487332
1198,94.01566886,93.9918348924209,93.992703995216,93.992703995216,93.9927045504493,93.993,93.9963742747836,93.98828125,93.9975336737716
1198.05,94.01560588,93.9918254778402,93.9927083928869,93.9927083928869,93.9927089351705,93.993,93.9963898624699,93.98828125,93.9975722988101
1198.1,94.01554384,93.9918160632595,93.9927127905578,93.9927127905578,93.9927133198917,93.993,93.9964054501563,93.98828125,93.9976109238485
1198.15,94.01548086,93.9918066486788,93.9927171882287,93.9927171882287,93.9927177046129,93.993,93.9964210378427,93.98828125,93.997649548887
1198.2,94.01541882,93.9917972340981,93.9927215858996,93.9927215858996,93.9927220893341,93.993,93.996436625529,93.98828125,93.9976881739254
1198.25,94.01535678,93.9917878195174,93.9927259835705,93.9927259835705,93.9927264740553,93.993,93.9964522132154,93.98828125,93.9977267989639
1198.3,94.0152938,93.9917784049367,93.9927303812414,93.9927303812414,93.9927308587766,93.993,93.9964678009018,93.98828125,93.9977654240023
1198.35,94.01523176,93.991768990356,93.9927347789123,93.9927347789123,93.9927352434978,93.993,93.9964833885881,93.98828125,93.9978040490407
1198.4,94.01516878,93.9917595757753,93.9927391765832,93.9927391765832,93.992739628219,93.993,93.9964989762745,93.98828125,93.9978426740792
1198.45,94.01510674,93.9917501611946,93.9927435742541,93.9927435742541,93.9927440129402,93.993,93.9965145639609,93.98828125,93.9978812991176
1198.5,94.0150447,93.9917407466139,93.992747971925,93.992747971925,93.9927483976614,93.993,93.9965301516473,93.98828125,93.9979199241561
1198.55,94.01498172,93.9917313320332,93.9927523695959,93.9927523695959,93.9927527823826,93.993,93.9965457393336,93.98828125,93.9979585491945
1198.6,94.01491968,93.9917219174525,93.9927567672669,93.9927567672669,93.9927571671038,93.993,93.99656132702,93.98828125,93.9979971742329
1198.65,94.01485764,93.9917125028718,93.9927611649378,93.9927611649378,93.992761551825,93.993,93.9965769147064,93.98828125,93.9980357992714
1198.7,94.01479466,93.9917030882911,93.9927655626087,93.9927655626087,93.9927659365462,93.993,93.9965925023927,93.98828125,93.9980744243098
1198.75,94.01473262,93.9916936737104,93.9927699602796,93.9927699602796,93.9927703212675,93.993,93.9966080900791,93.98828125,93.9981130493483
1198.8,94.01466964,93.9916842591297,93.9927743579505,93.9927743579505,93.9927747059887,93.993,93.9966236777655,93.98828125,93.9981516743867
1198.85,94.0146076,93.991674844549,93.9927787556214,93.9927787556214,93.9927790907099,93.993,93.9966392654519,93.98828125,93.9981902994252
1198.9,94.01454556,93.9916654299683,93.9927831532923,93.9927831532923,93.9927834754311,93.993,93.9966548531382,93.98828125,93.9982289244636
1198.95,94.01448258,93.9916560153876,93.9927875509632,93.9927875509632,93.9927878601523,93.993,93.9966704408246,93.98828125,93.9982675495021
1199,94.01442054,93.9916466008069,93.9927919486341,93.9927919486341,93.9927922448735,93.993,93.996686028511,93.98828125,93.9983061745405
1199.05,94.01435756,93.9916371862262,93.992796346305,93.992796346305,93.9927966295947,93.993,93.9967016161973,93.98828125,93.9983447995789
1199.1,94.01429552,93.9916277716455,93.9928007439759,93.9928007439759,93.9928010143159,93.993,93.9967172038837,93.98828125,93.9983834246174
1199.15,94.01423348,93.9916183570648,93.9928051416468,93.9928051416468,93.9928053990372,93.993,93.9967327915701,93.98828125,93.9984220496558
1199.2,94.0141705,93.9916089424841,93.9928095393177,93.9928095393177,93.9928097837584,93.993,93.9967483792565,93.98828125,93.9984606746943
1199.25,94.01410846,93.9915995279034,93.9928139369886,93.9928139369886,93.9928141684796,93.993,93.9967639669428,93.98828125,93.9984992997327
1199.3,94.01404642,93.9915901133227,93.9928183346595,93.9928183346595,93.9928185532008,93.993,93.9967795546292,93.98828125,93.9985379247712
1199.35,94.01398344,93.991580698742,93.9928227323304,93.9928227323304,93.992822937922,93.993,93.9967951423156,93.98828125,93.9985765498096
1199.4,94.0139214,93.9915712841613,93.9928271300013,93.9928271300013,93.9928273226432,93.993,93.9968107300019,93.98828125,93.9986151748481
1199.45,94.01385842,93.9915618695806,93.9928315276722,93.9928315276722,93.9928317073644,93.993,93.9968263176883,93.98828125,93.9986537998865
1199.5,94.01379638,93.9915524549999,93.9928359253431,93.9928359253431,93.9928360920856,93.993,93.9968419053747,93.98828125,93.998692424925
1199.55,94.01373434,93.9915430404192,93.992840323014,93.992840323014,93.9928404768068,93.993,93.9968574930611,93.98828125,93.9987310499634
1199.6,94.01367136,93.9915336258385,93.9928447206849,93.9928447206849,93.9928448615281,93.993,93.9968730807474,93.98828125,93.9987696750018
1199.65,94.01360932,93.9915242112578,93.9928491183558,93.9928491183558,93.9928492462493,93.993,93.9968886684338,93.98828125,93.9988083000403
1199.7,94.01354728,93.9915147966771,93.9928535160267,93.9928535160267,93.9928536309705,93.993,93.9969042561202,93.98828125,93.9988469250787
1199.75,94.0134843,93.9915053820964,93.9928579136976,93.9928579136976,93.9928580156917,93.993,93.9969198438065,93.98828125,93.9988855501172
1199.8,94.01342226,93.9914959675157,93.9928623113686,93.9928623113686,93.9928624004129,93.993,93.9969354314929,93.98828125,93.9989241751556
1199.85,94.01335928,93.991486552935,93.9928667090395,93.9928667090395,93.9928667851341,93.993,93.9969510191793,93.98828125,93.9989628001941
1199.9,94.01329724,93.9914771383543,93.9928711067104,93.9928711067104,93.9928711698553,93.993,93.9969666068656,93.98828125,93.9990014252325
1199.95,94.0132352,93.9914677237736,93.9928755043813,93.9928755043813,93.9928755545765,93.993,93.996982194552,93.98828125,93.9990400502709
