scene,snr_db,record_id,seed,input_hash,duration_s,method,column_1based,P
S0,-14,1,73270916,20dcace22bf8cee69e93d76e979ccf05,300,SMR,1,31
S0,-14,1,73270916,20dcace22bf8cee69e93d76e979ccf05,300,F02,2,31
S0,-14,1,73270916,20dcace22bf8cee69e93d76e979ccf05,300,UNB,3,31
S0,-14,1,73270916,20dcace22bf8cee69e93d76e979ccf05,300,ADA_local_c04_t30_A,4,31
S0,-14,2,73270917,33fe7d5a41f585aa6721b8797c992c41,300,SMR,5,31
S0,-14,2,73270917,33fe7d5a41f585aa6721b8797c992c41,300,F02,6,31
S0,-14,2,73270917,33fe7d5a41f585aa6721b8797c992c41,300,UNB,7,31
S0,-14,2,73270917,33fe7d5a41f585aa6721b8797c992c41,300,ADA_local_c04_t30_A,8,31
S0,-14,3,73270918,591f0a9d9c8fc273ceb30996f89682bc,300,SMR,9,31
S0,-14,3,73270918,591f0a9d9c8fc273ceb30996f89682bc,300,F02,10,31
S0,-14,3,73270918,591f0a9d9c8fc273ceb30996f89682bc,300,UNB,11,31
S0,-14,3,73270918,591f0a9d9c8fc273ceb30996f89682bc,300,ADA_local_c04_t30_A,12,31
S0,-14,4,73270919,c99bb72f9dc8d38c695359f6f5a04e24,300,SMR,13,31
S0,-14,4,73270919,c99bb72f9dc8d38c695359f6f5a04e24,300,F02,14,31
S0,-14,4,73270919,c99bb72f9dc8d38c695359f6f5a04e24,300,UNB,15,31
S0,-14,4,73270919,c99bb72f9dc8d38c695359f6f5a04e24,300,ADA_local_c04_t30_A,16,31
S0,-14,5,73270920,2c1f8111f54273c3c5b9c368af3ce972,300,SMR,17,31
S0,-14,5,73270920,2c1f8111f54273c3c5b9c368af3ce972,300,F02,18,31
S0,-14,5,73270920,2c1f8111f54273c3c5b9c368af3ce972,300,UNB,19,31
S0,-14,5,73270920,2c1f8111f54273c3c5b9c368af3ce972,300,ADA_local_c04_t30_A,20,31
S0,-14,6,73270921,3c8c3fd416b9b4509a5fb12f3b9b9f07,300,SMR,21,31
S0,-14,6,73270921,3c8c3fd416b9b4509a5fb12f3b9b9f07,300,F02,22,31
S0,-14,6,73270921,3c8c3fd416b9b4509a5fb12f3b9b9f07,300,UNB,23,31
S0,-14,6,73270921,3c8c3fd416b9b4509a5fb12f3b9b9f07,300,ADA_local_c04_t30_A,24,31
S0,-14,7,73270922,30495e458de9541cb5ba20147b75df60,300,SMR,25,31
S0,-14,7,73270922,30495e458de9541cb5ba20147b75df60,300,F02,26,31
S0,-14,7,73270922,30495e458de9541cb5ba20147b75df60,300,UNB,27,31
S0,-14,7,73270922,30495e458de9541cb5ba20147b75df60,300,ADA_local_c04_t30_A,28,31
S0,-14,8,73270923,0a735a76f0939a349616e4646fcfddeb,300,SMR,29,31
S0,-14,8,73270923,0a735a76f0939a349616e4646fcfddeb,300,F02,30,31
S0,-14,8,73270923,0a735a76f0939a349616e4646fcfddeb,300,UNB,31,31
S0,-14,8,73270923,0a735a76f0939a349616e4646fcfddeb,300,ADA_local_c04_t30_A,32,31
S0,-14,9,73270924,1d81bc0d93a3c016beae34cfc946997e,300,SMR,33,31
S0,-14,9,73270924,1d81bc0d93a3c016beae34cfc946997e,300,F02,34,31
S0,-14,9,73270924,1d81bc0d93a3c016beae34cfc946997e,300,UNB,35,31
S0,-14,9,73270924,1d81bc0d93a3c016beae34cfc946997e,300,ADA_local_c04_t30_A,36,31
S0,-14,10,73270925,439809e253fed709a6e2d5a63c095c96,300,SMR,37,31
S0,-14,10,73270925,439809e253fed709a6e2d5a63c095c96,300,F02,38,31
S0,-14,10,73270925,439809e253fed709a6e2d5a63c095c96,300,UNB,39,31
S0,-14,10,73270925,439809e253fed709a6e2d5a63c095c96,300,ADA_local_c04_t30_A,40,31
S0,-14,11,73270926,9d92fd8ef5fc4d922691f6e7d6d7512f,300,SMR,41,31
S0,-14,11,73270926,9d92fd8ef5fc4d922691f6e7d6d7512f,300,F02,42,31
S0,-14,11,73270926,9d92fd8ef5fc4d922691f6e7d6d7512f,300,UNB,43,31
S0,-14,11,73270926,9d92fd8ef5fc4d922691f6e7d6d7512f,300,ADA_local_c04_t30_A,44,31
S0,-14,12,73270927,024555e556a7fb2e5c40d9d54f589d0c,300,SMR,45,31
S0,-14,12,73270927,024555e556a7fb2e5c40d9d54f589d0c,300,F02,46,31
S0,-14,12,73270927,024555e556a7fb2e5c40d9d54f589d0c,300,UNB,47,31
S0,-14,12,73270927,024555e556a7fb2e5c40d9d54f589d0c,300,ADA_local_c04_t30_A,48,31
S0,-14,13,73270928,8405bd0e972f876d88315118def3bb25,300,SMR,49,31
S0,-14,13,73270928,8405bd0e972f876d88315118def3bb25,300,F02,50,31
S0,-14,13,73270928,8405bd0e972f876d88315118def3bb25,300,UNB,51,31
S0,-14,13,73270928,8405bd0e972f876d88315118def3bb25,300,ADA_local_c04_t30_A,52,31
S0,-14,14,73270929,3d672384db3e647a180902b8c24fd38e,300,SMR,53,31
S0,-14,14,73270929,3d672384db3e647a180902b8c24fd38e,300,F02,54,31
S0,-14,14,73270929,3d672384db3e647a180902b8c24fd38e,300,UNB,55,31
S0,-14,14,73270929,3d672384db3e647a180902b8c24fd38e,300,ADA_local_c04_t30_A,56,31
S0,-14,15,73270930,01c5f1bf6dd59551dd4193980a3ef46d,300,SMR,57,31
S0,-14,15,73270930,01c5f1bf6dd59551dd4193980a3ef46d,300,F02,58,31
S0,-14,15,73270930,01c5f1bf6dd59551dd4193980a3ef46d,300,UNB,59,31
S0,-14,15,73270930,01c5f1bf6dd59551dd4193980a3ef46d,300,ADA_local_c04_t30_A,60,31
S0,-14,16,73270931,6c47dfa62cef30666d331758b1834b59,300,SMR,61,31
S0,-14,16,73270931,6c47dfa62cef30666d331758b1834b59,300,F02,62,31
S0,-14,16,73270931,6c47dfa62cef30666d331758b1834b59,300,UNB,63,31
S0,-14,16,73270931,6c47dfa62cef30666d331758b1834b59,300,ADA_local_c04_t30_A,64,31
S0,-14,17,73270932,53fce60d3468b69abd673b9a9c3ff514,300,SMR,65,31
S0,-14,17,73270932,53fce60d3468b69abd673b9a9c3ff514,300,F02,66,31
S0,-14,17,73270932,53fce60d3468b69abd673b9a9c3ff514,300,UNB,67,31
S0,-14,17,73270932,53fce60d3468b69abd673b9a9c3ff514,300,ADA_local_c04_t30_A,68,31
S0,-14,18,73270933,cebf60934a3a8b51bbba9e8244ff2760,300,SMR,69,31
S0,-14,18,73270933,cebf60934a3a8b51bbba9e8244ff2760,300,F02,70,31
S0,-14,18,73270933,cebf60934a3a8b51bbba9e8244ff2760,300,UNB,71,31
S0,-14,18,73270933,cebf60934a3a8b51bbba9e8244ff2760,300,ADA_local_c04_t30_A,72,31
S0,-14,19,73270934,2e85f481da7e15af62e010b9c0013829,300,SMR,73,31
S0,-14,19,73270934,2e85f481da7e15af62e010b9c0013829,300,F02,74,31
S0,-14,19,73270934,2e85f481da7e15af62e010b9c0013829,300,UNB,75,31
S0,-14,19,73270934,2e85f481da7e15af62e010b9c0013829,300,ADA_local_c04_t30_A,76,31
S0,-14,20,73270935,f17c2dd829abb66bc905fc5265534dba,300,SMR,77,31
S0,-14,20,73270935,f17c2dd829abb66bc905fc5265534dba,300,F02,78,31
S0,-14,20,73270935,f17c2dd829abb66bc905fc5265534dba,300,UNB,79,31
S0,-14,20,73270935,f17c2dd829abb66bc905fc5265534dba,300,ADA_local_c04_t30_A,80,31
S0,-14,21,73270936,d05c20049a8979c7d44baab6b731cce1,300,SMR,81,31
S0,-14,21,73270936,d05c20049a8979c7d44baab6b731cce1,300,F02,82,31
S0,-14,21,73270936,d05c20049a8979c7d44baab6b731cce1,300,UNB,83,31
S0,-14,21,73270936,d05c20049a8979c7d44baab6b731cce1,300,ADA_local_c04_t30_A,84,31
S0,-14,22,73270937,0d590ec55c8f7cd1ba92cbb459af57c1,300,SMR,85,31
S0,-14,22,73270937,0d590ec55c8f7cd1ba92cbb459af57c1,300,F02,86,31
S0,-14,22,73270937,0d590ec55c8f7cd1ba92cbb459af57c1,300,UNB,87,31
S0,-14,22,73270937,0d590ec55c8f7cd1ba92cbb459af57c1,300,ADA_local_c04_t30_A,88,31
S0,-14,23,73270938,be64e03faa6b4bcb800b7cb439db0d44,300,SMR,89,31
S0,-14,23,73270938,be64e03faa6b4bcb800b7cb439db0d44,300,F02,90,31
S0,-14,23,73270938,be64e03faa6b4bcb800b7cb439db0d44,300,UNB,91,31
S0,-14,23,73270938,be64e03faa6b4bcb800b7cb439db0d44,300,ADA_local_c04_t30_A,92,31
S0,-14,24,73270939,493c7147ad75a8e176ddc5dee39d9c22,300,SMR,93,31
S0,-14,24,73270939,493c7147ad75a8e176ddc5dee39d9c22,300,F02,94,31
S0,-14,24,73270939,493c7147ad75a8e176ddc5dee39d9c22,300,UNB,95,31
S0,-14,24,73270939,493c7147ad75a8e176ddc5dee39d9c22,300,ADA_local_c04_t30_A,96,31
S0,-14,25,73270940,a47f93911d442efaba8ee51166b75ca7,300,SMR,97,31
S0,-14,25,73270940,a47f93911d442efaba8ee51166b75ca7,300,F02,98,31
S0,-14,25,73270940,a47f93911d442efaba8ee51166b75ca7,300,UNB,99,31
S0,-14,25,73270940,a47f93911d442efaba8ee51166b75ca7,300,ADA_local_c04_t30_A,100,31
S0,-14,26,73270941,7bb0ff14ce99ca894613d8b8eb4066b1,300,SMR,101,31
S0,-14,26,73270941,7bb0ff14ce99ca894613d8b8eb4066b1,300,F02,102,31
S0,-14,26,73270941,7bb0ff14ce99ca894613d8b8eb4066b1,300,UNB,103,31
S0,-14,26,73270941,7bb0ff14ce99ca894613d8b8eb4066b1,300,ADA_local_c04_t30_A,104,31
S0,-14,27,73270942,31242ff784d6eadabede138073ff36a1,300,SMR,105,31
S0,-14,27,73270942,31242ff784d6eadabede138073ff36a1,300,F02,106,31
S0,-14,27,73270942,31242ff784d6eadabede138073ff36a1,300,UNB,107,31
S0,-14,27,73270942,31242ff784d6eadabede138073ff36a1,300,ADA_local_c04_t30_A,108,31
S0,-14,28,73270943,d15766af559ed402ff55c98b708bfc74,300,SMR,109,31
S0,-14,28,73270943,d15766af559ed402ff55c98b708bfc74,300,F02,110,31
S0,-14,28,73270943,d15766af559ed402ff55c98b708bfc74,300,UNB,111,31
S0,-14,28,73270943,d15766af559ed402ff55c98b708bfc74,300,ADA_local_c04_t30_A,112,31
S0,-14,29,73270944,9556c07ea5573033230ae5c6f065beb1,300,SMR,113,31
S0,-14,29,73270944,9556c07ea5573033230ae5c6f065beb1,300,F02,114,31
S0,-14,29,73270944,9556c07ea5573033230ae5c6f065beb1,300,UNB,115,31
S0,-14,29,73270944,9556c07ea5573033230ae5c6f065beb1,300,ADA_local_c04_t30_A,116,31
S0,-14,30,73270945,f9842304b68c771ef27a3b0bd02fa215,300,SMR,117,31
S0,-14,30,73270945,f9842304b68c771ef27a3b0bd02fa215,300,F02,118,31
S0,-14,30,73270945,f9842304b68c771ef27a3b0bd02fa215,300,UNB,119,31
S0,-14,30,73270945,f9842304b68c771ef27a3b0bd02fa215,300,ADA_local_c04_t30_A,120,31
S0,-14,31,73270946,e740dbccb985e207974f9de2e3f5c3ea,300,SMR,121,31
S0,-14,31,73270946,e740dbccb985e207974f9de2e3f5c3ea,300,F02,122,31
S0,-14,31,73270946,e740dbccb985e207974f9de2e3f5c3ea,300,UNB,123,31
S0,-14,31,73270946,e740dbccb985e207974f9de2e3f5c3ea,300,ADA_local_c04_t30_A,124,31
S0,-14,32,73270947,05896f1fd8374434258c2bc4453aa847,300,SMR,125,31
S0,-14,32,73270947,05896f1fd8374434258c2bc4453aa847,300,F02,126,31
S0,-14,32,73270947,05896f1fd8374434258c2bc4453aa847,300,UNB,127,31
S0,-14,32,73270947,05896f1fd8374434258c2bc4453aa847,300,ADA_local_c04_t30_A,128,31
S0,-14,33,73270948,387a5b2a0a93383e48a9fec1179ae249,300,SMR,129,31
S0,-14,33,73270948,387a5b2a0a93383e48a9fec1179ae249,300,F02,130,31
S0,-14,33,73270948,387a5b2a0a93383e48a9fec1179ae249,300,UNB,131,31
S0,-14,33,73270948,387a5b2a0a93383e48a9fec1179ae249,300,ADA_local_c04_t30_A,132,31
S0,-14,34,73270949,a7fd7a79975068ccdfc0da6932ee86fb,300,SMR,133,31
S0,-14,34,73270949,a7fd7a79975068ccdfc0da6932ee86fb,300,F02,134,31
S0,-14,34,73270949,a7fd7a79975068ccdfc0da6932ee86fb,300,UNB,135,31
S0,-14,34,73270949,a7fd7a79975068ccdfc0da6932ee86fb,300,ADA_local_c04_t30_A,136,31
S0,-14,35,73270950,148b05631366bbc50aa8c428ef52b73a,300,SMR,137,31
S0,-14,35,73270950,148b05631366bbc50aa8c428ef52b73a,300,F02,138,31
S0,-14,35,73270950,148b05631366bbc50aa8c428ef52b73a,300,UNB,139,31
S0,-14,35,73270950,148b05631366bbc50aa8c428ef52b73a,300,ADA_local_c04_t30_A,140,31
S0,-14,36,73270951,e516d1947cd8b2765b8db98a4e1af3c3,300,SMR,141,31
S0,-14,36,73270951,e516d1947cd8b2765b8db98a4e1af3c3,300,F02,142,31
S0,-14,36,73270951,e516d1947cd8b2765b8db98a4e1af3c3,300,UNB,143,31
S0,-14,36,73270951,e516d1947cd8b2765b8db98a4e1af3c3,300,ADA_local_c04_t30_A,144,31
S0,-14,37,73270952,80d26b60d4c704b63106efa2b9302163,300,SMR,145,31
S0,-14,37,73270952,80d26b60d4c704b63106efa2b9302163,300,F02,146,31
S0,-14,37,73270952,80d26b60d4c704b63106efa2b9302163,300,UNB,147,31
S0,-14,37,73270952,80d26b60d4c704b63106efa2b9302163,300,ADA_local_c04_t30_A,148,31
S0,-14,38,73270953,b72ff6e7d8d0ac6380c382492032d9aa,300,SMR,149,31
S0,-14,38,73270953,b72ff6e7d8d0ac6380c382492032d9aa,300,F02,150,31
S0,-14,38,73270953,b72ff6e7d8d0ac6380c382492032d9aa,300,UNB,151,31
S0,-14,38,73270953,b72ff6e7d8d0ac6380c382492032d9aa,300,ADA_local_c04_t30_A,152,31
S0,-14,39,73270954,818932cd767c69e7ea98428977d2b8cc,300,SMR,153,31
S0,-14,39,73270954,818932cd767c69e7ea98428977d2b8cc,300,F02,154,31
S0,-14,39,73270954,818932cd767c69e7ea98428977d2b8cc,300,UNB,155,31
S0,-14,39,73270954,818932cd767c69e7ea98428977d2b8cc,300,ADA_local_c04_t30_A,156,31
S0,-14,40,73270955,5225c48fa657d7710b5020dcfb4f0c94,300,SMR,157,31
S0,-14,40,73270955,5225c48fa657d7710b5020dcfb4f0c94,300,F02,158,31
S0,-14,40,73270955,5225c48fa657d7710b5020dcfb4f0c94,300,UNB,159,31
S0,-14,40,73270955,5225c48fa657d7710b5020dcfb4f0c94,300,ADA_local_c04_t30_A,160,31
S0,-14,41,73270956,18470c49a578c7f8d3a0bc8376a2fe82,300,SMR,161,31
S0,-14,41,73270956,18470c49a578c7f8d3a0bc8376a2fe82,300,F02,162,31
S0,-14,41,73270956,18470c49a578c7f8d3a0bc8376a2fe82,300,UNB,163,31
S0,-14,41,73270956,18470c49a578c7f8d3a0bc8376a2fe82,300,ADA_local_c04_t30_A,164,31
S0,-14,42,73270957,23a1d973f6d8e34878e6603450f2b00d,300,SMR,165,31
S0,-14,42,73270957,23a1d973f6d8e34878e6603450f2b00d,300,F02,166,31
S0,-14,42,73270957,23a1d973f6d8e34878e6603450f2b00d,300,UNB,167,31
S0,-14,42,73270957,23a1d973f6d8e34878e6603450f2b00d,300,ADA_local_c04_t30_A,168,31
S0,-14,43,73270958,7c8459fe6716e7904bd96ce8ada61d25,300,SMR,169,31
S0,-14,43,73270958,7c8459fe6716e7904bd96ce8ada61d25,300,F02,170,31
S0,-14,43,73270958,7c8459fe6716e7904bd96ce8ada61d25,300,UNB,171,31
S0,-14,43,73270958,7c8459fe6716e7904bd96ce8ada61d25,300,ADA_local_c04_t30_A,172,31
S0,-14,44,73270959,046e6d81013aa04b3e61256d54a1da02,300,SMR,173,31
S0,-14,44,73270959,046e6d81013aa04b3e61256d54a1da02,300,F02,174,31
S0,-14,44,73270959,046e6d81013aa04b3e61256d54a1da02,300,UNB,175,31
S0,-14,44,73270959,046e6d81013aa04b3e61256d54a1da02,300,ADA_local_c04_t30_A,176,31
S0,-14,45,73270960,db674cbf7f85b58f9ce987b083cf516e,300,SMR,177,31
S0,-14,45,73270960,db674cbf7f85b58f9ce987b083cf516e,300,F02,178,31
S0,-14,45,73270960,db674cbf7f85b58f9ce987b083cf516e,300,UNB,179,31
S0,-14,45,73270960,db674cbf7f85b58f9ce987b083cf516e,300,ADA_local_c04_t30_A,180,31
S0,-14,46,73270961,509e713c0946311bbd87bf9c63b16269,300,SMR,181,31
S0,-14,46,73270961,509e713c0946311bbd87bf9c63b16269,300,F02,182,31
S0,-14,46,73270961,509e713c0946311bbd87bf9c63b16269,300,UNB,183,31
S0,-14,46,73270961,509e713c0946311bbd87bf9c63b16269,300,ADA_local_c04_t30_A,184,31
S0,-14,47,73270962,5bcbb0165616cbe16e6bacdf2722eafe,300,SMR,185,31
S0,-14,47,73270962,5bcbb0165616cbe16e6bacdf2722eafe,300,F02,186,31
S0,-14,47,73270962,5bcbb0165616cbe16e6bacdf2722eafe,300,UNB,187,31
S0,-14,47,73270962,5bcbb0165616cbe16e6bacdf2722eafe,300,ADA_local_c04_t30_A,188,31
S0,-14,48,73270963,b4da935868214d2f89052bf15f5b612b,300,SMR,189,31
S0,-14,48,73270963,b4da935868214d2f89052bf15f5b612b,300,F02,190,31
S0,-14,48,73270963,b4da935868214d2f89052bf15f5b612b,300,UNB,191,31
S0,-14,48,73270963,b4da935868214d2f89052bf15f5b612b,300,ADA_local_c04_t30_A,192,31
S0,-14,49,73270964,7a7389a6bd98ea81ac43c7e129f9511b,300,SMR,193,31
S0,-14,49,73270964,7a7389a6bd98ea81ac43c7e129f9511b,300,F02,194,31
S0,-14,49,73270964,7a7389a6bd98ea81ac43c7e129f9511b,300,UNB,195,31
S0,-14,49,73270964,7a7389a6bd98ea81ac43c7e129f9511b,300,ADA_local_c04_t30_A,196,31
S0,-14,50,73270965,95182fd6ff4b6ae63d7cb456b8cff1a1,300,SMR,197,31
S0,-14,50,73270965,95182fd6ff4b6ae63d7cb456b8cff1a1,300,F02,198,31
S0,-14,50,73270965,95182fd6ff4b6ae63d7cb456b8cff1a1,300,UNB,199,31
S0,-14,50,73270965,95182fd6ff4b6ae63d7cb456b8cff1a1,300,ADA_local_c04_t30_A,200,31
S0,-14,51,73270966,27b5b74007fab063241e4188f42c4e91,300,SMR,201,31
S0,-14,51,73270966,27b5b74007fab063241e4188f42c4e91,300,F02,202,31
S0,-14,51,73270966,27b5b74007fab063241e4188f42c4e91,300,UNB,203,31
S0,-14,51,73270966,27b5b74007fab063241e4188f42c4e91,300,ADA_local_c04_t30_A,204,31
S0,-14,52,73270967,4793af27a80a3d86a234327fa84f8fd5,300,SMR,205,31
S0,-14,52,73270967,4793af27a80a3d86a234327fa84f8fd5,300,F02,206,31
S0,-14,52,73270967,4793af27a80a3d86a234327fa84f8fd5,300,UNB,207,31
S0,-14,52,73270967,4793af27a80a3d86a234327fa84f8fd5,300,ADA_local_c04_t30_A,208,31
S0,-14,53,73270968,56c5c98e3ddfe2b23028dc00e67e2a63,300,SMR,209,31
S0,-14,53,73270968,56c5c98e3ddfe2b23028dc00e67e2a63,300,F02,210,31
S0,-14,53,73270968,56c5c98e3ddfe2b23028dc00e67e2a63,300,UNB,211,31
S0,-14,53,73270968,56c5c98e3ddfe2b23028dc00e67e2a63,300,ADA_local_c04_t30_A,212,31
S0,-14,54,73270969,720fd1887fc086750e5d568ef4abed73,300,SMR,213,31
S0,-14,54,73270969,720fd1887fc086750e5d568ef4abed73,300,F02,214,31
S0,-14,54,73270969,720fd1887fc086750e5d568ef4abed73,300,UNB,215,31
S0,-14,54,73270969,720fd1887fc086750e5d568ef4abed73,300,ADA_local_c04_t30_A,216,31
S0,-14,55,73270970,e510ea3de21c1f41cda2fb4b76f72e1c,300,SMR,217,31
S0,-14,55,73270970,e510ea3de21c1f41cda2fb4b76f72e1c,300,F02,218,31
S0,-14,55,73270970,e510ea3de21c1f41cda2fb4b76f72e1c,300,UNB,219,31
S0,-14,55,73270970,e510ea3de21c1f41cda2fb4b76f72e1c,300,ADA_local_c04_t30_A,220,31
S0,-14,56,73270971,7a4be0bc702d188ddfc974947ddfe4c3,300,SMR,221,31
S0,-14,56,73270971,7a4be0bc702d188ddfc974947ddfe4c3,300,F02,222,31
S0,-14,56,73270971,7a4be0bc702d188ddfc974947ddfe4c3,300,UNB,223,31
S0,-14,56,73270971,7a4be0bc702d188ddfc974947ddfe4c3,300,ADA_local_c04_t30_A,224,31
S0,-14,57,73270972,fdc54b4ae272ec7427fa9fc7f41f3f42,300,SMR,225,31
S0,-14,57,73270972,fdc54b4ae272ec7427fa9fc7f41f3f42,300,F02,226,31
S0,-14,57,73270972,fdc54b4ae272ec7427fa9fc7f41f3f42,300,UNB,227,31
S0,-14,57,73270972,fdc54b4ae272ec7427fa9fc7f41f3f42,300,ADA_local_c04_t30_A,228,31
S0,-14,58,73270973,cb8f6969c3e9de1ef7bc673f6e161826,300,SMR,229,31
S0,-14,58,73270973,cb8f6969c3e9de1ef7bc673f6e161826,300,F02,230,31
S0,-14,58,73270973,cb8f6969c3e9de1ef7bc673f6e161826,300,UNB,231,31
S0,-14,58,73270973,cb8f6969c3e9de1ef7bc673f6e161826,300,ADA_local_c04_t30_A,232,31
S0,-14,59,73270974,7852faffcd63a0ddb5885dcbc5af9daf,300,SMR,233,31
S0,-14,59,73270974,7852faffcd63a0ddb5885dcbc5af9daf,300,F02,234,31
S0,-14,59,73270974,7852faffcd63a0ddb5885dcbc5af9daf,300,UNB,235,31
S0,-14,59,73270974,7852faffcd63a0ddb5885dcbc5af9daf,300,ADA_local_c04_t30_A,236,31
S0,-14,60,73270975,0effd0ceac657d1af72d66d1e81eeaba,300,SMR,237,31
S0,-14,60,73270975,0effd0ceac657d1af72d66d1e81eeaba,300,F02,238,31
S0,-14,60,73270975,0effd0ceac657d1af72d66d1e81eeaba,300,UNB,239,31
S0,-14,60,73270975,0effd0ceac657d1af72d66d1e81eeaba,300,ADA_local_c04_t30_A,240,31
S0,-14,61,73270976,a1edd6a2bfab47ee55739a40df3fdbee,300,SMR,241,31
S0,-14,61,73270976,a1edd6a2bfab47ee55739a40df3fdbee,300,F02,242,31
S0,-14,61,73270976,a1edd6a2bfab47ee55739a40df3fdbee,300,UNB,243,31
S0,-14,61,73270976,a1edd6a2bfab47ee55739a40df3fdbee,300,ADA_local_c04_t30_A,244,31
S0,-14,62,73270977,8b401a52a55a08adc83f11aef45c4036,300,SMR,245,31
S0,-14,62,73270977,8b401a52a55a08adc83f11aef45c4036,300,F02,246,31
S0,-14,62,73270977,8b401a52a55a08adc83f11aef45c4036,300,UNB,247,31
S0,-14,62,73270977,8b401a52a55a08adc83f11aef45c4036,300,ADA_local_c04_t30_A,248,31
S0,-14,63,73270978,d321d90419782036fc6a43470c81db4d,300,SMR,249,31
S0,-14,63,73270978,d321d90419782036fc6a43470c81db4d,300,F02,250,31
S0,-14,63,73270978,d321d90419782036fc6a43470c81db4d,300,UNB,251,31
S0,-14,63,73270978,d321d90419782036fc6a43470c81db4d,300,ADA_local_c04_t30_A,252,31
S0,-14,64,73270979,a5fea22a42b3b037ef12b1766374a510,300,SMR,253,31
S0,-14,64,73270979,a5fea22a42b3b037ef12b1766374a510,300,F02,254,31
S0,-14,64,73270979,a5fea22a42b3b037ef12b1766374a510,300,UNB,255,31
S0,-14,64,73270979,a5fea22a42b3b037ef12b1766374a510,300,ADA_local_c04_t30_A,256,31
S0,-14,65,73270980,5d9c8481606dbb675c8f7db0ecc267a0,300,SMR,257,31
S0,-14,65,73270980,5d9c8481606dbb675c8f7db0ecc267a0,300,F02,258,31
S0,-14,65,73270980,5d9c8481606dbb675c8f7db0ecc267a0,300,UNB,259,31
S0,-14,65,73270980,5d9c8481606dbb675c8f7db0ecc267a0,300,ADA_local_c04_t30_A,260,31
S0,-14,66,73270981,224891cafe99e36ba40c426b82a0e8b3,300,SMR,261,31
S0,-14,66,73270981,224891cafe99e36ba40c426b82a0e8b3,300,F02,262,31
S0,-14,66,73270981,224891cafe99e36ba40c426b82a0e8b3,300,UNB,263,31
S0,-14,66,73270981,224891cafe99e36ba40c426b82a0e8b3,300,ADA_local_c04_t30_A,264,31
S0,-14,67,73270982,c53c1edd5cde23e9c74f345089f15041,300,SMR,265,31
S0,-14,67,73270982,c53c1edd5cde23e9c74f345089f15041,300,F02,266,31
S0,-14,67,73270982,c53c1edd5cde23e9c74f345089f15041,300,UNB,267,31
S0,-14,67,73270982,c53c1edd5cde23e9c74f345089f15041,300,ADA_local_c04_t30_A,268,31
S0,-14,68,73270983,9b02bdb227fd02fcae2164fd4022f70f,300,SMR,269,31
S0,-14,68,73270983,9b02bdb227fd02fcae2164fd4022f70f,300,F02,270,31
S0,-14,68,73270983,9b02bdb227fd02fcae2164fd4022f70f,300,UNB,271,31
S0,-14,68,73270983,9b02bdb227fd02fcae2164fd4022f70f,300,ADA_local_c04_t30_A,272,31
S0,-14,69,73270984,2aef70740f3d2b45ddd585d60302508b,300,SMR,273,31
S0,-14,69,73270984,2aef70740f3d2b45ddd585d60302508b,300,F02,274,31
S0,-14,69,73270984,2aef70740f3d2b45ddd585d60302508b,300,UNB,275,31
S0,-14,69,73270984,2aef70740f3d2b45ddd585d60302508b,300,ADA_local_c04_t30_A,276,31
S0,-14,70,73270985,9bec5159d5f6a53ad71de47b467a5451,300,SMR,277,31
S0,-14,70,73270985,9bec5159d5f6a53ad71de47b467a5451,300,F02,278,31
S0,-14,70,73270985,9bec5159d5f6a53ad71de47b467a5451,300,UNB,279,31
S0,-14,70,73270985,9bec5159d5f6a53ad71de47b467a5451,300,ADA_local_c04_t30_A,280,31
S0,-14,71,73270986,5cea552c47c44cb2f310cfa3f66ac05b,300,SMR,281,31
S0,-14,71,73270986,5cea552c47c44cb2f310cfa3f66ac05b,300,F02,282,31
S0,-14,71,73270986,5cea552c47c44cb2f310cfa3f66ac05b,300,UNB,283,31
S0,-14,71,73270986,5cea552c47c44cb2f310cfa3f66ac05b,300,ADA_local_c04_t30_A,284,31
S0,-14,72,73270987,99b5e326ee39a868994b5b3b8862caf6,300,SMR,285,31
S0,-14,72,73270987,99b5e326ee39a868994b5b3b8862caf6,300,F02,286,31
S0,-14,72,73270987,99b5e326ee39a868994b5b3b8862caf6,300,UNB,287,31
S0,-14,72,73270987,99b5e326ee39a868994b5b3b8862caf6,300,ADA_local_c04_t30_A,288,31
S0,-14,73,73270988,92c55e8f266e180ed9d6571f5db9ee38,300,SMR,289,31
S0,-14,73,73270988,92c55e8f266e180ed9d6571f5db9ee38,300,F02,290,31
S0,-14,73,73270988,92c55e8f266e180ed9d6571f5db9ee38,300,UNB,291,31
S0,-14,73,73270988,92c55e8f266e180ed9d6571f5db9ee38,300,ADA_local_c04_t30_A,292,31
S0,-14,74,73270989,ce5ac792772fcc9687ea5e5fc3db7368,300,SMR,293,31
S0,-14,74,73270989,ce5ac792772fcc9687ea5e5fc3db7368,300,F02,294,31
S0,-14,74,73270989,ce5ac792772fcc9687ea5e5fc3db7368,300,UNB,295,31
S0,-14,74,73270989,ce5ac792772fcc9687ea5e5fc3db7368,300,ADA_local_c04_t30_A,296,31
S0,-14,75,73270990,d6c5beb9ebe7253d441d2e076a6a8d88,300,SMR,297,31
S0,-14,75,73270990,d6c5beb9ebe7253d441d2e076a6a8d88,300,F02,298,31
S0,-14,75,73270990,d6c5beb9ebe7253d441d2e076a6a8d88,300,UNB,299,31
S0,-14,75,73270990,d6c5beb9ebe7253d441d2e076a6a8d88,300,ADA_local_c04_t30_A,300,31
S0,-14,76,73270991,d433ab24de3ddd076400d0179550e506,300,SMR,301,31
S0,-14,76,73270991,d433ab24de3ddd076400d0179550e506,300,F02,302,31
S0,-14,76,73270991,d433ab24de3ddd076400d0179550e506,300,UNB,303,31
S0,-14,76,73270991,d433ab24de3ddd076400d0179550e506,300,ADA_local_c04_t30_A,304,31
S0,-14,77,73270992,e346def02e2837cc8ef0ae914e882e7d,300,SMR,305,31
S0,-14,77,73270992,e346def02e2837cc8ef0ae914e882e7d,300,F02,306,31
S0,-14,77,73270992,e346def02e2837cc8ef0ae914e882e7d,300,UNB,307,31
S0,-14,77,73270992,e346def02e2837cc8ef0ae914e882e7d,300,ADA_local_c04_t30_A,308,31
S0,-14,78,73270993,833b85c355da86e8dd4f0bc6e523f58e,300,SMR,309,31
S0,-14,78,73270993,833b85c355da86e8dd4f0bc6e523f58e,300,F02,310,31
S0,-14,78,73270993,833b85c355da86e8dd4f0bc6e523f58e,300,UNB,311,31
S0,-14,78,73270993,833b85c355da86e8dd4f0bc6e523f58e,300,ADA_local_c04_t30_A,312,31
S0,-14,79,73270994,f56e9f559482663ad803714c9e43d291,300,SMR,313,31
S0,-14,79,73270994,f56e9f559482663ad803714c9e43d291,300,F02,314,31
S0,-14,79,73270994,f56e9f559482663ad803714c9e43d291,300,UNB,315,31
S0,-14,79,73270994,f56e9f559482663ad803714c9e43d291,300,ADA_local_c04_t30_A,316,31
S0,-14,80,73270995,3dd49f2e99d9c8b41412e91f436b7e92,300,SMR,317,31
S0,-14,80,73270995,3dd49f2e99d9c8b41412e91f436b7e92,300,F02,318,31
S0,-14,80,73270995,3dd49f2e99d9c8b41412e91f436b7e92,300,UNB,319,31
S0,-14,80,73270995,3dd49f2e99d9c8b41412e91f436b7e92,300,ADA_local_c04_t30_A,320,31
S0,-14,81,73270996,4b254e6621bd0b32c2c1cdcda4cbabd7,300,SMR,321,31
S0,-14,81,73270996,4b254e6621bd0b32c2c1cdcda4cbabd7,300,F02,322,31
S0,-14,81,73270996,4b254e6621bd0b32c2c1cdcda4cbabd7,300,UNB,323,31
S0,-14,81,73270996,4b254e6621bd0b32c2c1cdcda4cbabd7,300,ADA_local_c04_t30_A,324,31
S0,-14,82,73270997,77517f8c4f335d6454c1fffca41282fe,300,SMR,325,31
S0,-14,82,73270997,77517f8c4f335d6454c1fffca41282fe,300,F02,326,31
S0,-14,82,73270997,77517f8c4f335d6454c1fffca41282fe,300,UNB,327,31
S0,-14,82,73270997,77517f8c4f335d6454c1fffca41282fe,300,ADA_local_c04_t30_A,328,31
S0,-14,83,73270998,09b63ddc44839632a491171bb3dca202,300,SMR,329,31
S0,-14,83,73270998,09b63ddc44839632a491171bb3dca202,300,F02,330,31
S0,-14,83,73270998,09b63ddc44839632a491171bb3dca202,300,UNB,331,31
S0,-14,83,73270998,09b63ddc44839632a491171bb3dca202,300,ADA_local_c04_t30_A,332,31
S0,-14,84,73270999,c27806cb5d348bd3b9091880b0ad60dc,300,SMR,333,31
S0,-14,84,73270999,c27806cb5d348bd3b9091880b0ad60dc,300,F02,334,31
S0,-14,84,73270999,c27806cb5d348bd3b9091880b0ad60dc,300,UNB,335,31
S0,-14,84,73270999,c27806cb5d348bd3b9091880b0ad60dc,300,ADA_local_c04_t30_A,336,31
S0,-14,85,73271000,dfce5434bd42d8485fa69c585fe18a47,300,SMR,337,31
S0,-14,85,73271000,dfce5434bd42d8485fa69c585fe18a47,300,F02,338,31
S0,-14,85,73271000,dfce5434bd42d8485fa69c585fe18a47,300,UNB,339,31
S0,-14,85,73271000,dfce5434bd42d8485fa69c585fe18a47,300,ADA_local_c04_t30_A,340,31
S0,-14,86,73271001,a42752521e90dbcf509fefa4a34c72b0,300,SMR,341,31
S0,-14,86,73271001,a42752521e90dbcf509fefa4a34c72b0,300,F02,342,31
S0,-14,86,73271001,a42752521e90dbcf509fefa4a34c72b0,300,UNB,343,31
S0,-14,86,73271001,a42752521e90dbcf509fefa4a34c72b0,300,ADA_local_c04_t30_A,344,31
S0,-14,87,73271002,6ac51d14e97ba2551b754384f236198f,300,SMR,345,31
S0,-14,87,73271002,6ac51d14e97ba2551b754384f236198f,300,F02,346,31
S0,-14,87,73271002,6ac51d14e97ba2551b754384f236198f,300,UNB,347,31
S0,-14,87,73271002,6ac51d14e97ba2551b754384f236198f,300,ADA_local_c04_t30_A,348,31
S0,-14,88,73271003,3ede9297114aefbbc9a1ee2b3cabcd3f,300,SMR,349,31
S0,-14,88,73271003,3ede9297114aefbbc9a1ee2b3cabcd3f,300,F02,350,31
S0,-14,88,73271003,3ede9297114aefbbc9a1ee2b3cabcd3f,300,UNB,351,31
S0,-14,88,73271003,3ede9297114aefbbc9a1ee2b3cabcd3f,300,ADA_local_c04_t30_A,352,31
S0,-14,89,73271004,57b148cd4372c3f6b839e5f46faf80bb,300,SMR,353,31
S0,-14,89,73271004,57b148cd4372c3f6b839e5f46faf80bb,300,F02,354,31
S0,-14,89,73271004,57b148cd4372c3f6b839e5f46faf80bb,300,UNB,355,31
S0,-14,89,73271004,57b148cd4372c3f6b839e5f46faf80bb,300,ADA_local_c04_t30_A,356,31
S0,-14,90,73271005,47c31306ac386ffd047b65eb59bae10b,300,SMR,357,31
S0,-14,90,73271005,47c31306ac386ffd047b65eb59bae10b,300,F02,358,31
S0,-14,90,73271005,47c31306ac386ffd047b65eb59bae10b,300,UNB,359,31
S0,-14,90,73271005,47c31306ac386ffd047b65eb59bae10b,300,ADA_local_c04_t30_A,360,31
S0,-14,91,73271006,6c9b9d4471e26eb7955dafbb9bc9bab1,300,SMR,361,31
S0,-14,91,73271006,6c9b9d4471e26eb7955dafbb9bc9bab1,300,F02,362,31
S0,-14,91,73271006,6c9b9d4471e26eb7955dafbb9bc9bab1,300,UNB,363,31
S0,-14,91,73271006,6c9b9d4471e26eb7955dafbb9bc9bab1,300,ADA_local_c04_t30_A,364,31
S0,-14,92,73271007,8d97a5a2b46eeeee31e1f882053a6171,300,SMR,365,31
S0,-14,92,73271007,8d97a5a2b46eeeee31e1f882053a6171,300,F02,366,31
S0,-14,92,73271007,8d97a5a2b46eeeee31e1f882053a6171,300,UNB,367,31
S0,-14,92,73271007,8d97a5a2b46eeeee31e1f882053a6171,300,ADA_local_c04_t30_A,368,31
S0,-14,93,73271008,fd36a191c76d3924a2ab8bd257e07799,300,SMR,369,31
S0,-14,93,73271008,fd36a191c76d3924a2ab8bd257e07799,300,F02,370,31
S0,-14,93,73271008,fd36a191c76d3924a2ab8bd257e07799,300,UNB,371,31
S0,-14,93,73271008,fd36a191c76d3924a2ab8bd257e07799,300,ADA_local_c04_t30_A,372,31
S0,-14,94,73271009,909bd677043e3ac970cb4dc56f8ad0dd,300,SMR,373,31
S0,-14,94,73271009,909bd677043e3ac970cb4dc56f8ad0dd,300,F02,374,31
S0,-14,94,73271009,909bd677043e3ac970cb4dc56f8ad0dd,300,UNB,375,31
S0,-14,94,73271009,909bd677043e3ac970cb4dc56f8ad0dd,300,ADA_local_c04_t30_A,376,31
S0,-14,95,73271010,74bf683bdff363fcd48764e9e6f70d45,300,SMR,377,31
S0,-14,95,73271010,74bf683bdff363fcd48764e9e6f70d45,300,F02,378,31
S0,-14,95,73271010,74bf683bdff363fcd48764e9e6f70d45,300,UNB,379,31
S0,-14,95,73271010,74bf683bdff363fcd48764e9e6f70d45,300,ADA_local_c04_t30_A,380,31
S0,-14,96,73271011,4010d1ba1032095128c6996e7345f4ea,300,SMR,381,31
S0,-14,96,73271011,4010d1ba1032095128c6996e7345f4ea,300,F02,382,31
S0,-14,96,73271011,4010d1ba1032095128c6996e7345f4ea,300,UNB,383,31
S0,-14,96,73271011,4010d1ba1032095128c6996e7345f4ea,300,ADA_local_c04_t30_A,384,31
S0,-14,97,73271012,84377049545072449d1103b611516dba,300,SMR,385,31
S0,-14,97,73271012,84377049545072449d1103b611516dba,300,F02,386,31
S0,-14,97,73271012,84377049545072449d1103b611516dba,300,UNB,387,31
S0,-14,97,73271012,84377049545072449d1103b611516dba,300,ADA_local_c04_t30_A,388,31
S0,-14,98,73271013,2c28c88666922c538457dc00ca5916b9,300,SMR,389,31
S0,-14,98,73271013,2c28c88666922c538457dc00ca5916b9,300,F02,390,31
S0,-14,98,73271013,2c28c88666922c538457dc00ca5916b9,300,UNB,391,31
S0,-14,98,73271013,2c28c88666922c538457dc00ca5916b9,300,ADA_local_c04_t30_A,392,31
S0,-14,99,73271014,8663ea9647e717c4188f8765a7653261,300,SMR,393,31
S0,-14,99,73271014,8663ea9647e717c4188f8765a7653261,300,F02,394,31
S0,-14,99,73271014,8663ea9647e717c4188f8765a7653261,300,UNB,395,31
S0,-14,99,73271014,8663ea9647e717c4188f8765a7653261,300,ADA_local_c04_t30_A,396,31
S0,-14,100,73271015,a4a18f820710d0421ef1295f03403ec1,300,SMR,397,31
S0,-14,100,73271015,a4a18f820710d0421ef1295f03403ec1,300,F02,398,31
S0,-14,100,73271015,a4a18f820710d0421ef1295f03403ec1,300,UNB,399,31
S0,-14,100,73271015,a4a18f820710d0421ef1295f03403ec1,300,ADA_local_c04_t30_A,400,31
S0,-17,1,73270916,467a631833a46b633fe9c37dee18be87,300,SMR,401,31
S0,-17,1,73270916,467a631833a46b633fe9c37dee18be87,300,F02,402,31
S0,-17,1,73270916,467a631833a46b633fe9c37dee18be87,300,UNB,403,31
S0,-17,1,73270916,467a631833a46b633fe9c37dee18be87,300,ADA_local_c04_t30_A,404,31
S0,-17,2,73270917,463c0917b8423817c3f1962fcee8bd25,300,SMR,405,31
S0,-17,2,73270917,463c0917b8423817c3f1962fcee8bd25,300,F02,406,31
S0,-17,2,73270917,463c0917b8423817c3f1962fcee8bd25,300,UNB,407,31
S0,-17,2,73270917,463c0917b8423817c3f1962fcee8bd25,300,ADA_local_c04_t30_A,408,31
S0,-17,3,73270918,742a1080dfdd0b4114659f7fc84b2fab,300,SMR,409,31
S0,-17,3,73270918,742a1080dfdd0b4114659f7fc84b2fab,300,F02,410,31
S0,-17,3,73270918,742a1080dfdd0b4114659f7fc84b2fab,300,UNB,411,31
S0,-17,3,73270918,742a1080dfdd0b4114659f7fc84b2fab,300,ADA_local_c04_t30_A,412,31
S0,-17,4,73270919,5eac0e7e292a871e69e9dee6a959a45c,300,SMR,413,31
S0,-17,4,73270919,5eac0e7e292a871e69e9dee6a959a45c,300,F02,414,31
S0,-17,4,73270919,5eac0e7e292a871e69e9dee6a959a45c,300,UNB,415,31
S0,-17,4,73270919,5eac0e7e292a871e69e9dee6a959a45c,300,ADA_local_c04_t30_A,416,31
S0,-17,5,73270920,b262e103aadd34c975ef1723107b65d9,300,SMR,417,31
S0,-17,5,73270920,b262e103aadd34c975ef1723107b65d9,300,F02,418,31
S0,-17,5,73270920,b262e103aadd34c975ef1723107b65d9,300,UNB,419,31
S0,-17,5,73270920,b262e103aadd34c975ef1723107b65d9,300,ADA_local_c04_t30_A,420,31
S0,-17,6,73270921,83ac7503c43e7b05587d56204c771cbd,300,SMR,421,31
S0,-17,6,73270921,83ac7503c43e7b05587d56204c771cbd,300,F02,422,31
S0,-17,6,73270921,83ac7503c43e7b05587d56204c771cbd,300,UNB,423,31
S0,-17,6,73270921,83ac7503c43e7b05587d56204c771cbd,300,ADA_local_c04_t30_A,424,31
S0,-17,7,73270922,6728154d045194dd71a87c9b560b9f3f,300,SMR,425,31
S0,-17,7,73270922,6728154d045194dd71a87c9b560b9f3f,300,F02,426,31
S0,-17,7,73270922,6728154d045194dd71a87c9b560b9f3f,300,UNB,427,31
S0,-17,7,73270922,6728154d045194dd71a87c9b560b9f3f,300,ADA_local_c04_t30_A,428,31
S0,-17,8,73270923,5c088857041ac8add06eac874199aa6e,300,SMR,429,31
S0,-17,8,73270923,5c088857041ac8add06eac874199aa6e,300,F02,430,31
S0,-17,8,73270923,5c088857041ac8add06eac874199aa6e,300,UNB,431,31
S0,-17,8,73270923,5c088857041ac8add06eac874199aa6e,300,ADA_local_c04_t30_A,432,31
S0,-17,9,73270924,bcbffd7d2797d798e2bb2c771dfda5c4,300,SMR,433,31
S0,-17,9,73270924,bcbffd7d2797d798e2bb2c771dfda5c4,300,F02,434,31
S0,-17,9,73270924,bcbffd7d2797d798e2bb2c771dfda5c4,300,UNB,435,31
S0,-17,9,73270924,bcbffd7d2797d798e2bb2c771dfda5c4,300,ADA_local_c04_t30_A,436,31
S0,-17,10,73270925,9c8beb0e8d10210d8218d1563e7e1a67,300,SMR,437,31
S0,-17,10,73270925,9c8beb0e8d10210d8218d1563e7e1a67,300,F02,438,31
S0,-17,10,73270925,9c8beb0e8d10210d8218d1563e7e1a67,300,UNB,439,31
S0,-17,10,73270925,9c8beb0e8d10210d8218d1563e7e1a67,300,ADA_local_c04_t30_A,440,31
S0,-17,11,73270926,38a5add45656e9e9e714d4d13c41f92b,300,SMR,441,31
S0,-17,11,73270926,38a5add45656e9e9e714d4d13c41f92b,300,F02,442,31
S0,-17,11,73270926,38a5add45656e9e9e714d4d13c41f92b,300,UNB,443,31
S0,-17,11,73270926,38a5add45656e9e9e714d4d13c41f92b,300,ADA_local_c04_t30_A,444,31
S0,-17,12,73270927,b4fbceee6534c9930da130cf0b769e04,300,SMR,445,31
S0,-17,12,73270927,b4fbceee6534c9930da130cf0b769e04,300,F02,446,31
S0,-17,12,73270927,b4fbceee6534c9930da130cf0b769e04,300,UNB,447,31
S0,-17,12,73270927,b4fbceee6534c9930da130cf0b769e04,300,ADA_local_c04_t30_A,448,31
S0,-17,13,73270928,60cfde6e52c1bf5d3c85ed972ed01f4a,300,SMR,449,31
S0,-17,13,73270928,60cfde6e52c1bf5d3c85ed972ed01f4a,300,F02,450,31
S0,-17,13,73270928,60cfde6e52c1bf5d3c85ed972ed01f4a,300,UNB,451,31
S0,-17,13,73270928,60cfde6e52c1bf5d3c85ed972ed01f4a,300,ADA_local_c04_t30_A,452,31
S0,-17,14,73270929,6b0b6dce49ed5a7c6eb7d4cf4d7ea28f,300,SMR,453,31
S0,-17,14,73270929,6b0b6dce49ed5a7c6eb7d4cf4d7ea28f,300,F02,454,31
S0,-17,14,73270929,6b0b6dce49ed5a7c6eb7d4cf4d7ea28f,300,UNB,455,31
S0,-17,14,73270929,6b0b6dce49ed5a7c6eb7d4cf4d7ea28f,300,ADA_local_c04_t30_A,456,31
S0,-17,15,73270930,49e4de14791550c37535e4898a988a77,300,SMR,457,31
S0,-17,15,73270930,49e4de14791550c37535e4898a988a77,300,F02,458,31
S0,-17,15,73270930,49e4de14791550c37535e4898a988a77,300,UNB,459,31
S0,-17,15,73270930,49e4de14791550c37535e4898a988a77,300,ADA_local_c04_t30_A,460,31
S0,-17,16,73270931,82ac8c553b38c5ee59b4472e9fb4a5ba,300,SMR,461,31
S0,-17,16,73270931,82ac8c553b38c5ee59b4472e9fb4a5ba,300,F02,462,31
S0,-17,16,73270931,82ac8c553b38c5ee59b4472e9fb4a5ba,300,UNB,463,31
S0,-17,16,73270931,82ac8c553b38c5ee59b4472e9fb4a5ba,300,ADA_local_c04_t30_A,464,31
S0,-17,17,73270932,bad8bcbfe5483a0bb557e14a53d67b2b,300,SMR,465,31
S0,-17,17,73270932,bad8bcbfe5483a0bb557e14a53d67b2b,300,F02,466,31
S0,-17,17,73270932,bad8bcbfe5483a0bb557e14a53d67b2b,300,UNB,467,31
S0,-17,17,73270932,bad8bcbfe5483a0bb557e14a53d67b2b,300,ADA_local_c04_t30_A,468,31
S0,-17,18,73270933,121490df640d9bfccbcd74e0c4179629,300,SMR,469,31
S0,-17,18,73270933,121490df640d9bfccbcd74e0c4179629,300,F02,470,31
S0,-17,18,73270933,121490df640d9bfccbcd74e0c4179629,300,UNB,471,31
S0,-17,18,73270933,121490df640d9bfccbcd74e0c4179629,300,ADA_local_c04_t30_A,472,31
S0,-17,19,73270934,145b74d389aa1292f34e14116e49cc5b,300,SMR,473,31
S0,-17,19,73270934,145b74d389aa1292f34e14116e49cc5b,300,F02,474,31
S0,-17,19,73270934,145b74d389aa1292f34e14116e49cc5b,300,UNB,475,31
S0,-17,19,73270934,145b74d389aa1292f34e14116e49cc5b,300,ADA_local_c04_t30_A,476,31
S0,-17,20,73270935,65e487f2db3f4365f886f48826e47c37,300,SMR,477,31
S0,-17,20,73270935,65e487f2db3f4365f886f48826e47c37,300,F02,478,31
S0,-17,20,73270935,65e487f2db3f4365f886f48826e47c37,300,UNB,479,31
S0,-17,20,73270935,65e487f2db3f4365f886f48826e47c37,300,ADA_local_c04_t30_A,480,31
S0,-17,21,73270936,45f2695ca7c8910f3f33d0c5904c039c,300,SMR,481,31
S0,-17,21,73270936,45f2695ca7c8910f3f33d0c5904c039c,300,F02,482,31
S0,-17,21,73270936,45f2695ca7c8910f3f33d0c5904c039c,300,UNB,483,31
S0,-17,21,73270936,45f2695ca7c8910f3f33d0c5904c039c,300,ADA_local_c04_t30_A,484,31
S0,-17,22,73270937,896ee02bfb9663e8f7e21126bbf8a751,300,SMR,485,31
S0,-17,22,73270937,896ee02bfb9663e8f7e21126bbf8a751,300,F02,486,31
S0,-17,22,73270937,896ee02bfb9663e8f7e21126bbf8a751,300,UNB,487,31
S0,-17,22,73270937,896ee02bfb9663e8f7e21126bbf8a751,300,ADA_local_c04_t30_A,488,31
S0,-17,23,73270938,bf43b7710f61807cae68f89a7a2e8847,300,SMR,489,31
S0,-17,23,73270938,bf43b7710f61807cae68f89a7a2e8847,300,F02,490,31
S0,-17,23,73270938,bf43b7710f61807cae68f89a7a2e8847,300,UNB,491,31
S0,-17,23,73270938,bf43b7710f61807cae68f89a7a2e8847,300,ADA_local_c04_t30_A,492,31
S0,-17,24,73270939,e5f795d7f1c6599b8194542b5c64d43b,300,SMR,493,31
S0,-17,24,73270939,e5f795d7f1c6599b8194542b5c64d43b,300,F02,494,31
S0,-17,24,73270939,e5f795d7f1c6599b8194542b5c64d43b,300,UNB,495,31
S0,-17,24,73270939,e5f795d7f1c6599b8194542b5c64d43b,300,ADA_local_c04_t30_A,496,31
S0,-17,25,73270940,931c623c7a86901c4239e17c7229f2f9,300,SMR,497,31
S0,-17,25,73270940,931c623c7a86901c4239e17c7229f2f9,300,F02,498,31
S0,-17,25,73270940,931c623c7a86901c4239e17c7229f2f9,300,UNB,499,31
S0,-17,25,73270940,931c623c7a86901c4239e17c7229f2f9,300,ADA_local_c04_t30_A,500,31
S0,-17,26,73270941,be641bcc6f00be88950c80783467498f,300,SMR,501,31
S0,-17,26,73270941,be641bcc6f00be88950c80783467498f,300,F02,502,31
S0,-17,26,73270941,be641bcc6f00be88950c80783467498f,300,UNB,503,31
S0,-17,26,73270941,be641bcc6f00be88950c80783467498f,300,ADA_local_c04_t30_A,504,31
S0,-17,27,73270942,260d8bddacad1a5170159c852595a12c,300,SMR,505,31
S0,-17,27,73270942,260d8bddacad1a5170159c852595a12c,300,F02,506,31
S0,-17,27,73270942,260d8bddacad1a5170159c852595a12c,300,UNB,507,31
S0,-17,27,73270942,260d8bddacad1a5170159c852595a12c,300,ADA_local_c04_t30_A,508,31
S0,-17,28,73270943,580b4346792b51b4de70cdaa3e272b7b,300,SMR,509,31
S0,-17,28,73270943,580b4346792b51b4de70cdaa3e272b7b,300,F02,510,31
S0,-17,28,73270943,580b4346792b51b4de70cdaa3e272b7b,300,UNB,511,31
S0,-17,28,73270943,580b4346792b51b4de70cdaa3e272b7b,300,ADA_local_c04_t30_A,512,31
S0,-17,29,73270944,a796d564f317b645b755003e809974cf,300,SMR,513,31
S0,-17,29,73270944,a796d564f317b645b755003e809974cf,300,F02,514,31
S0,-17,29,73270944,a796d564f317b645b755003e809974cf,300,UNB,515,31
S0,-17,29,73270944,a796d564f317b645b755003e809974cf,300,ADA_local_c04_t30_A,516,31
S0,-17,30,73270945,6ea6f000dfdf07d64c8ea8dd9bd537c7,300,SMR,517,31
S0,-17,30,73270945,6ea6f000dfdf07d64c8ea8dd9bd537c7,300,F02,518,31
S0,-17,30,73270945,6ea6f000dfdf07d64c8ea8dd9bd537c7,300,UNB,519,31
S0,-17,30,73270945,6ea6f000dfdf07d64c8ea8dd9bd537c7,300,ADA_local_c04_t30_A,520,31
S0,-17,31,73270946,475bcebab3065e5bc7452cc91820ed4f,300,SMR,521,31
S0,-17,31,73270946,475bcebab3065e5bc7452cc91820ed4f,300,F02,522,31
S0,-17,31,73270946,475bcebab3065e5bc7452cc91820ed4f,300,UNB,523,31
S0,-17,31,73270946,475bcebab3065e5bc7452cc91820ed4f,300,ADA_local_c04_t30_A,524,31
S0,-17,32,73270947,ecfddc3c8c5892929b14a3915ee8bf60,300,SMR,525,31
S0,-17,32,73270947,ecfddc3c8c5892929b14a3915ee8bf60,300,F02,526,31
S0,-17,32,73270947,ecfddc3c8c5892929b14a3915ee8bf60,300,UNB,527,31
S0,-17,32,73270947,ecfddc3c8c5892929b14a3915ee8bf60,300,ADA_local_c04_t30_A,528,31
S0,-17,33,73270948,fcc3c1d967671846c55386c075beccc1,300,SMR,529,31
S0,-17,33,73270948,fcc3c1d967671846c55386c075beccc1,300,F02,530,31
S0,-17,33,73270948,fcc3c1d967671846c55386c075beccc1,300,UNB,531,31
S0,-17,33,73270948,fcc3c1d967671846c55386c075beccc1,300,ADA_local_c04_t30_A,532,31
S0,-17,34,73270949,fedca230417f5ea79a22b35c952f3855,300,SMR,533,31
S0,-17,34,73270949,fedca230417f5ea79a22b35c952f3855,300,F02,534,31
S0,-17,34,73270949,fedca230417f5ea79a22b35c952f3855,300,UNB,535,31
S0,-17,34,73270949,fedca230417f5ea79a22b35c952f3855,300,ADA_local_c04_t30_A,536,31
S0,-17,35,73270950,90f6843c139f6fe6ee7c7726a45f2a52,300,SMR,537,31
S0,-17,35,73270950,90f6843c139f6fe6ee7c7726a45f2a52,300,F02,538,31
S0,-17,35,73270950,90f6843c139f6fe6ee7c7726a45f2a52,300,UNB,539,31
S0,-17,35,73270950,90f6843c139f6fe6ee7c7726a45f2a52,300,ADA_local_c04_t30_A,540,31
S0,-17,36,73270951,514a12f7fa54258d41c9bf2f0928d90f,300,SMR,541,31
S0,-17,36,73270951,514a12f7fa54258d41c9bf2f0928d90f,300,F02,542,31
S0,-17,36,73270951,514a12f7fa54258d41c9bf2f0928d90f,300,UNB,543,31
S0,-17,36,73270951,514a12f7fa54258d41c9bf2f0928d90f,300,ADA_local_c04_t30_A,544,31
S0,-17,37,73270952,ea093f9500d0a6526568e897754a4c8e,300,SMR,545,31
S0,-17,37,73270952,ea093f9500d0a6526568e897754a4c8e,300,F02,546,31
S0,-17,37,73270952,ea093f9500d0a6526568e897754a4c8e,300,UNB,547,31
S0,-17,37,73270952,ea093f9500d0a6526568e897754a4c8e,300,ADA_local_c04_t30_A,548,31
S0,-17,38,73270953,0e5e95afc59f4df9aa0fae5a093af295,300,SMR,549,31
S0,-17,38,73270953,0e5e95afc59f4df9aa0fae5a093af295,300,F02,550,31
S0,-17,38,73270953,0e5e95afc59f4df9aa0fae5a093af295,300,UNB,551,31
S0,-17,38,73270953,0e5e95afc59f4df9aa0fae5a093af295,300,ADA_local_c04_t30_A,552,31
S0,-17,39,73270954,4442429d91e9f04e55ce75a879492612,300,SMR,553,31
S0,-17,39,73270954,4442429d91e9f04e55ce75a879492612,300,F02,554,31
S0,-17,39,73270954,4442429d91e9f04e55ce75a879492612,300,UNB,555,31
S0,-17,39,73270954,4442429d91e9f04e55ce75a879492612,300,ADA_local_c04_t30_A,556,31
S0,-17,40,73270955,63ddb3cd4039c2c22c5b42bed26b5fb3,300,SMR,557,31
S0,-17,40,73270955,63ddb3cd4039c2c22c5b42bed26b5fb3,300,F02,558,31
S0,-17,40,73270955,63ddb3cd4039c2c22c5b42bed26b5fb3,300,UNB,559,31
S0,-17,40,73270955,63ddb3cd4039c2c22c5b42bed26b5fb3,300,ADA_local_c04_t30_A,560,31
S0,-17,41,73270956,0a6d0b404a4e30601db0f2d8e6227d16,300,SMR,561,31
S0,-17,41,73270956,0a6d0b404a4e30601db0f2d8e6227d16,300,F02,562,31
S0,-17,41,73270956,0a6d0b404a4e30601db0f2d8e6227d16,300,UNB,563,31
S0,-17,41,73270956,0a6d0b404a4e30601db0f2d8e6227d16,300,ADA_local_c04_t30_A,564,31
S0,-17,42,73270957,d810d62f4235925df5cd9170a32469fc,300,SMR,565,31
S0,-17,42,73270957,d810d62f4235925df5cd9170a32469fc,300,F02,566,31
S0,-17,42,73270957,d810d62f4235925df5cd9170a32469fc,300,UNB,567,31
S0,-17,42,73270957,d810d62f4235925df5cd9170a32469fc,300,ADA_local_c04_t30_A,568,31
S0,-17,43,73270958,16644ef2d7250928a45d193e22863758,300,SMR,569,31
S0,-17,43,73270958,16644ef2d7250928a45d193e22863758,300,F02,570,31
S0,-17,43,73270958,16644ef2d7250928a45d193e22863758,300,UNB,571,31
S0,-17,43,73270958,16644ef2d7250928a45d193e22863758,300,ADA_local_c04_t30_A,572,31
S0,-17,44,73270959,ec640c6f1e5d78872058f7e5d4583564,300,SMR,573,31
S0,-17,44,73270959,ec640c6f1e5d78872058f7e5d4583564,300,F02,574,31
S0,-17,44,73270959,ec640c6f1e5d78872058f7e5d4583564,300,UNB,575,31
S0,-17,44,73270959,ec640c6f1e5d78872058f7e5d4583564,300,ADA_local_c04_t30_A,576,31
S0,-17,45,73270960,ffd878ad1ab532cf51f5960798d6dd52,300,SMR,577,31
S0,-17,45,73270960,ffd878ad1ab532cf51f5960798d6dd52,300,F02,578,31
S0,-17,45,73270960,ffd878ad1ab532cf51f5960798d6dd52,300,UNB,579,31
S0,-17,45,73270960,ffd878ad1ab532cf51f5960798d6dd52,300,ADA_local_c04_t30_A,580,31
S0,-17,46,73270961,c1c9d0d6cd4a11f63a48b358a5e44034,300,SMR,581,31
S0,-17,46,73270961,c1c9d0d6cd4a11f63a48b358a5e44034,300,F02,582,31
S0,-17,46,73270961,c1c9d0d6cd4a11f63a48b358a5e44034,300,UNB,583,31
S0,-17,46,73270961,c1c9d0d6cd4a11f63a48b358a5e44034,300,ADA_local_c04_t30_A,584,31
S0,-17,47,73270962,7ac922405f6ba67645886cac63cb9715,300,SMR,585,31
S0,-17,47,73270962,7ac922405f6ba67645886cac63cb9715,300,F02,586,31
S0,-17,47,73270962,7ac922405f6ba67645886cac63cb9715,300,UNB,587,31
S0,-17,47,73270962,7ac922405f6ba67645886cac63cb9715,300,ADA_local_c04_t30_A,588,31
S0,-17,48,73270963,2bac16fffb5e30a451c261a597e6e853,300,SMR,589,31
S0,-17,48,73270963,2bac16fffb5e30a451c261a597e6e853,300,F02,590,31
S0,-17,48,73270963,2bac16fffb5e30a451c261a597e6e853,300,UNB,591,31
S0,-17,48,73270963,2bac16fffb5e30a451c261a597e6e853,300,ADA_local_c04_t30_A,592,31
S0,-17,49,73270964,fbeb6cc97bd07151b36240b56198dd8b,300,SMR,593,31
S0,-17,49,73270964,fbeb6cc97bd07151b36240b56198dd8b,300,F02,594,31
S0,-17,49,73270964,fbeb6cc97bd07151b36240b56198dd8b,300,UNB,595,31
S0,-17,49,73270964,fbeb6cc97bd07151b36240b56198dd8b,300,ADA_local_c04_t30_A,596,31
S0,-17,50,73270965,b19a581bf205e529a0d091b99c64063b,300,SMR,597,31
S0,-17,50,73270965,b19a581bf205e529a0d091b99c64063b,300,F02,598,31
S0,-17,50,73270965,b19a581bf205e529a0d091b99c64063b,300,UNB,599,31
S0,-17,50,73270965,b19a581bf205e529a0d091b99c64063b,300,ADA_local_c04_t30_A,600,31
S0,-17,51,73270966,833f9bcf4852fb27da7e95f3710bc945,300,SMR,601,31
S0,-17,51,73270966,833f9bcf4852fb27da7e95f3710bc945,300,F02,602,31
S0,-17,51,73270966,833f9bcf4852fb27da7e95f3710bc945,300,UNB,603,31
S0,-17,51,73270966,833f9bcf4852fb27da7e95f3710bc945,300,ADA_local_c04_t30_A,604,31
S0,-17,52,73270967,5612d5720d42e8f28881d56d4e0cbb7a,300,SMR,605,31
S0,-17,52,73270967,5612d5720d42e8f28881d56d4e0cbb7a,300,F02,606,31
S0,-17,52,73270967,5612d5720d42e8f28881d56d4e0cbb7a,300,UNB,607,31
S0,-17,52,73270967,5612d5720d42e8f28881d56d4e0cbb7a,300,ADA_local_c04_t30_A,608,31
S0,-17,53,73270968,252500885c920c69a0b9e8e1bb8c7a89,300,SMR,609,31
S0,-17,53,73270968,252500885c920c69a0b9e8e1bb8c7a89,300,F02,610,31
S0,-17,53,73270968,252500885c920c69a0b9e8e1bb8c7a89,300,UNB,611,31
S0,-17,53,73270968,252500885c920c69a0b9e8e1bb8c7a89,300,ADA_local_c04_t30_A,612,31
S0,-17,54,73270969,820dc887a77167ca0512e44b2eba19d5,300,SMR,613,31
S0,-17,54,73270969,820dc887a77167ca0512e44b2eba19d5,300,F02,614,31
S0,-17,54,73270969,820dc887a77167ca0512e44b2eba19d5,300,UNB,615,31
S0,-17,54,73270969,820dc887a77167ca0512e44b2eba19d5,300,ADA_local_c04_t30_A,616,31
S0,-17,55,73270970,fec6357f394d098e8e755b32146f7446,300,SMR,617,31
S0,-17,55,73270970,fec6357f394d098e8e755b32146f7446,300,F02,618,31
S0,-17,55,73270970,fec6357f394d098e8e755b32146f7446,300,UNB,619,31
S0,-17,55,73270970,fec6357f394d098e8e755b32146f7446,300,ADA_local_c04_t30_A,620,31
S0,-17,56,73270971,5c80a5b94e5c07aeabb1088572e1b515,300,SMR,621,31
S0,-17,56,73270971,5c80a5b94e5c07aeabb1088572e1b515,300,F02,622,31
S0,-17,56,73270971,5c80a5b94e5c07aeabb1088572e1b515,300,UNB,623,31
S0,-17,56,73270971,5c80a5b94e5c07aeabb1088572e1b515,300,ADA_local_c04_t30_A,624,31
S0,-17,57,73270972,cdec68256b0d3da68af8b8dd95a74f48,300,SMR,625,31
S0,-17,57,73270972,cdec68256b0d3da68af8b8dd95a74f48,300,F02,626,31
S0,-17,57,73270972,cdec68256b0d3da68af8b8dd95a74f48,300,UNB,627,31
S0,-17,57,73270972,cdec68256b0d3da68af8b8dd95a74f48,300,ADA_local_c04_t30_A,628,31
S0,-17,58,73270973,8a8dcf391ca210120383d2ee029dfca2,300,SMR,629,31
S0,-17,58,73270973,8a8dcf391ca210120383d2ee029dfca2,300,F02,630,31
S0,-17,58,73270973,8a8dcf391ca210120383d2ee029dfca2,300,UNB,631,31
S0,-17,58,73270973,8a8dcf391ca210120383d2ee029dfca2,300,ADA_local_c04_t30_A,632,31
S0,-17,59,73270974,a0d5b554398bb0ade932a8e0c89c3d7e,300,SMR,633,31
S0,-17,59,73270974,a0d5b554398bb0ade932a8e0c89c3d7e,300,F02,634,31
S0,-17,59,73270974,a0d5b554398bb0ade932a8e0c89c3d7e,300,UNB,635,31
S0,-17,59,73270974,a0d5b554398bb0ade932a8e0c89c3d7e,300,ADA_local_c04_t30_A,636,31
S0,-17,60,73270975,2d56da91c56e83c1fe4205c1963d7f1a,300,SMR,637,31
S0,-17,60,73270975,2d56da91c56e83c1fe4205c1963d7f1a,300,F02,638,31
S0,-17,60,73270975,2d56da91c56e83c1fe4205c1963d7f1a,300,UNB,639,31
S0,-17,60,73270975,2d56da91c56e83c1fe4205c1963d7f1a,300,ADA_local_c04_t30_A,640,31
S0,-17,61,73270976,295400e8749272c3ba6354a0123d8bf8,300,SMR,641,31
S0,-17,61,73270976,295400e8749272c3ba6354a0123d8bf8,300,F02,642,31
S0,-17,61,73270976,295400e8749272c3ba6354a0123d8bf8,300,UNB,643,31
S0,-17,61,73270976,295400e8749272c3ba6354a0123d8bf8,300,ADA_local_c04_t30_A,644,31
S0,-17,62,73270977,9658c58d2d82bafcd564e74890234089,300,SMR,645,31
S0,-17,62,73270977,9658c58d2d82bafcd564e74890234089,300,F02,646,31
S0,-17,62,73270977,9658c58d2d82bafcd564e74890234089,300,UNB,647,31
S0,-17,62,73270977,9658c58d2d82bafcd564e74890234089,300,ADA_local_c04_t30_A,648,31
S0,-17,63,73270978,06e51d1cae0d1be547ea1d7d19e4037c,300,SMR,649,31
S0,-17,63,73270978,06e51d1cae0d1be547ea1d7d19e4037c,300,F02,650,31
S0,-17,63,73270978,06e51d1cae0d1be547ea1d7d19e4037c,300,UNB,651,31
S0,-17,63,73270978,06e51d1cae0d1be547ea1d7d19e4037c,300,ADA_local_c04_t30_A,652,31
S0,-17,64,73270979,c27e6c547ca78516150391c9a95aec83,300,SMR,653,31
S0,-17,64,73270979,c27e6c547ca78516150391c9a95aec83,300,F02,654,31
S0,-17,64,73270979,c27e6c547ca78516150391c9a95aec83,300,UNB,655,31
S0,-17,64,73270979,c27e6c547ca78516150391c9a95aec83,300,ADA_local_c04_t30_A,656,31
S0,-17,65,73270980,f49fe1ccd600b415c762cfd648b60c25,300,SMR,657,31
S0,-17,65,73270980,f49fe1ccd600b415c762cfd648b60c25,300,F02,658,31
S0,-17,65,73270980,f49fe1ccd600b415c762cfd648b60c25,300,UNB,659,31
S0,-17,65,73270980,f49fe1ccd600b415c762cfd648b60c25,300,ADA_local_c04_t30_A,660,31
S0,-17,66,73270981,49fdf0ab0ef70dc24a7c5ac298ad76b7,300,SMR,661,31
S0,-17,66,73270981,49fdf0ab0ef70dc24a7c5ac298ad76b7,300,F02,662,31
S0,-17,66,73270981,49fdf0ab0ef70dc24a7c5ac298ad76b7,300,UNB,663,31
S0,-17,66,73270981,49fdf0ab0ef70dc24a7c5ac298ad76b7,300,ADA_local_c04_t30_A,664,31
S0,-17,67,73270982,4980d2c7ab7427e3c8186ae829d8fa78,300,SMR,665,31
S0,-17,67,73270982,4980d2c7ab7427e3c8186ae829d8fa78,300,F02,666,31
S0,-17,67,73270982,4980d2c7ab7427e3c8186ae829d8fa78,300,UNB,667,31
S0,-17,67,73270982,4980d2c7ab7427e3c8186ae829d8fa78,300,ADA_local_c04_t30_A,668,31
S0,-17,68,73270983,6f762e3fa78995834b5704568721141a,300,SMR,669,31
S0,-17,68,73270983,6f762e3fa78995834b5704568721141a,300,F02,670,31
S0,-17,68,73270983,6f762e3fa78995834b5704568721141a,300,UNB,671,31
S0,-17,68,73270983,6f762e3fa78995834b5704568721141a,300,ADA_local_c04_t30_A,672,31
S0,-17,69,73270984,ab84c48dcca43ce5e3ba12b2dc3d08cc,300,SMR,673,31
S0,-17,69,73270984,ab84c48dcca43ce5e3ba12b2dc3d08cc,300,F02,674,31
S0,-17,69,73270984,ab84c48dcca43ce5e3ba12b2dc3d08cc,300,UNB,675,31
S0,-17,69,73270984,ab84c48dcca43ce5e3ba12b2dc3d08cc,300,ADA_local_c04_t30_A,676,31
S0,-17,70,73270985,c98fb10c5441b71007557082edddda42,300,SMR,677,31
S0,-17,70,73270985,c98fb10c5441b71007557082edddda42,300,F02,678,31
S0,-17,70,73270985,c98fb10c5441b71007557082edddda42,300,UNB,679,31
S0,-17,70,73270985,c98fb10c5441b71007557082edddda42,300,ADA_local_c04_t30_A,680,31
S0,-17,71,73270986,d0c00c172de95f07207ac9813046d041,300,SMR,681,31
S0,-17,71,73270986,d0c00c172de95f07207ac9813046d041,300,F02,682,31
S0,-17,71,73270986,d0c00c172de95f07207ac9813046d041,300,UNB,683,31
S0,-17,71,73270986,d0c00c172de95f07207ac9813046d041,300,ADA_local_c04_t30_A,684,31
S0,-17,72,73270987,5ae1789cc982b9e538e606cb5a39fd0e,300,SMR,685,31
S0,-17,72,73270987,5ae1789cc982b9e538e606cb5a39fd0e,300,F02,686,31
S0,-17,72,73270987,5ae1789cc982b9e538e606cb5a39fd0e,300,UNB,687,31
S0,-17,72,73270987,5ae1789cc982b9e538e606cb5a39fd0e,300,ADA_local_c04_t30_A,688,31
S0,-17,73,73270988,bf2d7e855885a12e49f7e1b3a0d2f60a,300,SMR,689,31
S0,-17,73,73270988,bf2d7e855885a12e49f7e1b3a0d2f60a,300,F02,690,31
S0,-17,73,73270988,bf2d7e855885a12e49f7e1b3a0d2f60a,300,UNB,691,31
S0,-17,73,73270988,bf2d7e855885a12e49f7e1b3a0d2f60a,300,ADA_local_c04_t30_A,692,31
S0,-17,74,73270989,408c959e9a1aa488f1e2870d7189c832,300,SMR,693,31
S0,-17,74,73270989,408c959e9a1aa488f1e2870d7189c832,300,F02,694,31
S0,-17,74,73270989,408c959e9a1aa488f1e2870d7189c832,300,UNB,695,31
S0,-17,74,73270989,408c959e9a1aa488f1e2870d7189c832,300,ADA_local_c04_t30_A,696,31
S0,-17,75,73270990,87045e61e82f6c1bf89f6f0f83b0110c,300,SMR,697,31
S0,-17,75,73270990,87045e61e82f6c1bf89f6f0f83b0110c,300,F02,698,31
S0,-17,75,73270990,87045e61e82f6c1bf89f6f0f83b0110c,300,UNB,699,31
S0,-17,75,73270990,87045e61e82f6c1bf89f6f0f83b0110c,300,ADA_local_c04_t30_A,700,31
S0,-17,76,73270991,d61727ad3ef26430a09c6cdf6631f623,300,SMR,701,31
S0,-17,76,73270991,d61727ad3ef26430a09c6cdf6631f623,300,F02,702,31
S0,-17,76,73270991,d61727ad3ef26430a09c6cdf6631f623,300,UNB,703,31
S0,-17,76,73270991,d61727ad3ef26430a09c6cdf6631f623,300,ADA_local_c04_t30_A,704,31
S0,-17,77,73270992,5365d728f36c9882405da31a527c0884,300,SMR,705,31
S0,-17,77,73270992,5365d728f36c9882405da31a527c0884,300,F02,706,31
S0,-17,77,73270992,5365d728f36c9882405da31a527c0884,300,UNB,707,31
S0,-17,77,73270992,5365d728f36c9882405da31a527c0884,300,ADA_local_c04_t30_A,708,31
S0,-17,78,73270993,788ab7959a09ea64795043b8eb47cb77,300,SMR,709,31
S0,-17,78,73270993,788ab7959a09ea64795043b8eb47cb77,300,F02,710,31
S0,-17,78,73270993,788ab7959a09ea64795043b8eb47cb77,300,UNB,711,31
S0,-17,78,73270993,788ab7959a09ea64795043b8eb47cb77,300,ADA_local_c04_t30_A,712,31
S0,-17,79,73270994,3837ba169f4f1e9af1a7fa4dbdb4430b,300,SMR,713,31
S0,-17,79,73270994,3837ba169f4f1e9af1a7fa4dbdb4430b,300,F02,714,31
S0,-17,79,73270994,3837ba169f4f1e9af1a7fa4dbdb4430b,300,UNB,715,31
S0,-17,79,73270994,3837ba169f4f1e9af1a7fa4dbdb4430b,300,ADA_local_c04_t30_A,716,31
S0,-17,80,73270995,3a964df7ccc844825767a44821aa8460,300,SMR,717,31
S0,-17,80,73270995,3a964df7ccc844825767a44821aa8460,300,F02,718,31
S0,-17,80,73270995,3a964df7ccc844825767a44821aa8460,300,UNB,719,31
S0,-17,80,73270995,3a964df7ccc844825767a44821aa8460,300,ADA_local_c04_t30_A,720,31
S0,-17,81,73270996,51ce8940c84ca47fe9c643b5a6f67b59,300,SMR,721,31
S0,-17,81,73270996,51ce8940c84ca47fe9c643b5a6f67b59,300,F02,722,31
S0,-17,81,73270996,51ce8940c84ca47fe9c643b5a6f67b59,300,UNB,723,31
S0,-17,81,73270996,51ce8940c84ca47fe9c643b5a6f67b59,300,ADA_local_c04_t30_A,724,31
S0,-17,82,73270997,e39c3d5aef59215b3f84b549b6c6315c,300,SMR,725,31
S0,-17,82,73270997,e39c3d5aef59215b3f84b549b6c6315c,300,F02,726,31
S0,-17,82,73270997,e39c3d5aef59215b3f84b549b6c6315c,300,UNB,727,31
S0,-17,82,73270997,e39c3d5aef59215b3f84b549b6c6315c,300,ADA_local_c04_t30_A,728,31
S0,-17,83,73270998,5617fc87d4c3af0cdd6cb3e17a8c6fa0,300,SMR,729,31
S0,-17,83,73270998,5617fc87d4c3af0cdd6cb3e17a8c6fa0,300,F02,730,31
S0,-17,83,73270998,5617fc87d4c3af0cdd6cb3e17a8c6fa0,300,UNB,731,31
S0,-17,83,73270998,5617fc87d4c3af0cdd6cb3e17a8c6fa0,300,ADA_local_c04_t30_A,732,31
S0,-17,84,73270999,b4383594f78713ae698666f2adbc2ed6,300,SMR,733,31
S0,-17,84,73270999,b4383594f78713ae698666f2adbc2ed6,300,F02,734,31
S0,-17,84,73270999,b4383594f78713ae698666f2adbc2ed6,300,UNB,735,31
S0,-17,84,73270999,b4383594f78713ae698666f2adbc2ed6,300,ADA_local_c04_t30_A,736,31
S0,-17,85,73271000,04bb53c3f16419fb558ae1b73243cf2b,300,SMR,737,31
S0,-17,85,73271000,04bb53c3f16419fb558ae1b73243cf2b,300,F02,738,31
S0,-17,85,73271000,04bb53c3f16419fb558ae1b73243cf2b,300,UNB,739,31
S0,-17,85,73271000,04bb53c3f16419fb558ae1b73243cf2b,300,ADA_local_c04_t30_A,740,31
S0,-17,86,73271001,80290638a774d9d3199cba6a512e0f9a,300,SMR,741,31
S0,-17,86,73271001,80290638a774d9d3199cba6a512e0f9a,300,F02,742,31
S0,-17,86,73271001,80290638a774d9d3199cba6a512e0f9a,300,UNB,743,31
S0,-17,86,73271001,80290638a774d9d3199cba6a512e0f9a,300,ADA_local_c04_t30_A,744,31
S0,-17,87,73271002,fd7c254907067a4ad2bd9d7319fb4a45,300,SMR,745,31
S0,-17,87,73271002,fd7c254907067a4ad2bd9d7319fb4a45,300,F02,746,31
S0,-17,87,73271002,fd7c254907067a4ad2bd9d7319fb4a45,300,UNB,747,31
S0,-17,87,73271002,fd7c254907067a4ad2bd9d7319fb4a45,300,ADA_local_c04_t30_A,748,31
S0,-17,88,73271003,c0f146ea69a4e3c9cac35bd1fd39e7e2,300,SMR,749,31
S0,-17,88,73271003,c0f146ea69a4e3c9cac35bd1fd39e7e2,300,F02,750,31
S0,-17,88,73271003,c0f146ea69a4e3c9cac35bd1fd39e7e2,300,UNB,751,31
S0,-17,88,73271003,c0f146ea69a4e3c9cac35bd1fd39e7e2,300,ADA_local_c04_t30_A,752,31
S0,-17,89,73271004,330f9e43a97564ee33efeb62d660bd6f,300,SMR,753,31
S0,-17,89,73271004,330f9e43a97564ee33efeb62d660bd6f,300,F02,754,31
S0,-17,89,73271004,330f9e43a97564ee33efeb62d660bd6f,300,UNB,755,31
S0,-17,89,73271004,330f9e43a97564ee33efeb62d660bd6f,300,ADA_local_c04_t30_A,756,31
S0,-17,90,73271005,557baa65f71bc02a62a6aa6423d1415c,300,SMR,757,31
S0,-17,90,73271005,557baa65f71bc02a62a6aa6423d1415c,300,F02,758,31
S0,-17,90,73271005,557baa65f71bc02a62a6aa6423d1415c,300,UNB,759,31
S0,-17,90,73271005,557baa65f71bc02a62a6aa6423d1415c,300,ADA_local_c04_t30_A,760,31
S0,-17,91,73271006,cf2fcd855571c2d3e0f1e6c7ade572b8,300,SMR,761,31
S0,-17,91,73271006,cf2fcd855571c2d3e0f1e6c7ade572b8,300,F02,762,31
S0,-17,91,73271006,cf2fcd855571c2d3e0f1e6c7ade572b8,300,UNB,763,31
S0,-17,91,73271006,cf2fcd855571c2d3e0f1e6c7ade572b8,300,ADA_local_c04_t30_A,764,31
S0,-17,92,73271007,9f1947be621c3851a92c7d38d0833faf,300,SMR,765,31
S0,-17,92,73271007,9f1947be621c3851a92c7d38d0833faf,300,F02,766,31
S0,-17,92,73271007,9f1947be621c3851a92c7d38d0833faf,300,UNB,767,31
S0,-17,92,73271007,9f1947be621c3851a92c7d38d0833faf,300,ADA_local_c04_t30_A,768,31
S0,-17,93,73271008,be87a67ea144ee7a6e669944994b4c68,300,SMR,769,31
S0,-17,93,73271008,be87a67ea144ee7a6e669944994b4c68,300,F02,770,31
S0,-17,93,73271008,be87a67ea144ee7a6e669944994b4c68,300,UNB,771,31
S0,-17,93,73271008,be87a67ea144ee7a6e669944994b4c68,300,ADA_local_c04_t30_A,772,31
S0,-17,94,73271009,d3e0076795c381cf369ae5a18003bfc0,300,SMR,773,31
S0,-17,94,73271009,d3e0076795c381cf369ae5a18003bfc0,300,F02,774,31
S0,-17,94,73271009,d3e0076795c381cf369ae5a18003bfc0,300,UNB,775,31
S0,-17,94,73271009,d3e0076795c381cf369ae5a18003bfc0,300,ADA_local_c04_t30_A,776,31
S0,-17,95,73271010,1f63dd6b76c2766a0d83662d7217605b,300,SMR,777,31
S0,-17,95,73271010,1f63dd6b76c2766a0d83662d7217605b,300,F02,778,31
S0,-17,95,73271010,1f63dd6b76c2766a0d83662d7217605b,300,UNB,779,31
S0,-17,95,73271010,1f63dd6b76c2766a0d83662d7217605b,300,ADA_local_c04_t30_A,780,31
S0,-17,96,73271011,ab8ddf739b0a54f904ad4ba8e2c62a50,300,SMR,781,31
S0,-17,96,73271011,ab8ddf739b0a54f904ad4ba8e2c62a50,300,F02,782,31
S0,-17,96,73271011,ab8ddf739b0a54f904ad4ba8e2c62a50,300,UNB,783,31
S0,-17,96,73271011,ab8ddf739b0a54f904ad4ba8e2c62a50,300,ADA_local_c04_t30_A,784,31
S0,-17,97,73271012,45e280b4eed39b5f6ef14d4d554b3cb4,300,SMR,785,31
S0,-17,97,73271012,45e280b4eed39b5f6ef14d4d554b3cb4,300,F02,786,31
S0,-17,97,73271012,45e280b4eed39b5f6ef14d4d554b3cb4,300,UNB,787,31
S0,-17,97,73271012,45e280b4eed39b5f6ef14d4d554b3cb4,300,ADA_local_c04_t30_A,788,31
S0,-17,98,73271013,7c4cba13c5b867764cf6ec46235ba69b,300,SMR,789,31
S0,-17,98,73271013,7c4cba13c5b867764cf6ec46235ba69b,300,F02,790,31
S0,-17,98,73271013,7c4cba13c5b867764cf6ec46235ba69b,300,UNB,791,31
S0,-17,98,73271013,7c4cba13c5b867764cf6ec46235ba69b,300,ADA_local_c04_t30_A,792,31
S0,-17,99,73271014,4b07e5673215b74a9fc6e0b66aa02394,300,SMR,793,31
S0,-17,99,73271014,4b07e5673215b74a9fc6e0b66aa02394,300,F02,794,31
S0,-17,99,73271014,4b07e5673215b74a9fc6e0b66aa02394,300,UNB,795,31
S0,-17,99,73271014,4b07e5673215b74a9fc6e0b66aa02394,300,ADA_local_c04_t30_A,796,31
S0,-17,100,73271015,fa3f9ef97c12046c8c6651d32e8fe6e8,300,SMR,797,31
S0,-17,100,73271015,fa3f9ef97c12046c8c6651d32e8fe6e8,300,F02,798,31
S0,-17,100,73271015,fa3f9ef97c12046c8c6651d32e8fe6e8,300,UNB,799,31
S0,-17,100,73271015,fa3f9ef97c12046c8c6651d32e8fe6e8,300,ADA_local_c04_t30_A,800,31
S0,-20,1,73270916,99c5e69060d9964a5e4b2daf5034a976,300,SMR,801,31
S0,-20,1,73270916,99c5e69060d9964a5e4b2daf5034a976,300,F02,802,31
S0,-20,1,73270916,99c5e69060d9964a5e4b2daf5034a976,300,UNB,803,31
S0,-20,1,73270916,99c5e69060d9964a5e4b2daf5034a976,300,ADA_local_c04_t30_A,804,31
S0,-20,2,73270917,5618b9f6bb157493f5d755f1da4b6224,300,SMR,805,31
S0,-20,2,73270917,5618b9f6bb157493f5d755f1da4b6224,300,F02,806,31
S0,-20,2,73270917,5618b9f6bb157493f5d755f1da4b6224,300,UNB,807,31
S0,-20,2,73270917,5618b9f6bb157493f5d755f1da4b6224,300,ADA_local_c04_t30_A,808,31
S0,-20,3,73270918,45e02f3283fefb04f70c5fd01936bca5,300,SMR,809,31
S0,-20,3,73270918,45e02f3283fefb04f70c5fd01936bca5,300,F02,810,31
S0,-20,3,73270918,45e02f3283fefb04f70c5fd01936bca5,300,UNB,811,31
S0,-20,3,73270918,45e02f3283fefb04f70c5fd01936bca5,300,ADA_local_c04_t30_A,812,31
S0,-20,4,73270919,edccd81097b2d786d4ed2df1d6857725,300,SMR,813,31
S0,-20,4,73270919,edccd81097b2d786d4ed2df1d6857725,300,F02,814,31
S0,-20,4,73270919,edccd81097b2d786d4ed2df1d6857725,300,UNB,815,31
S0,-20,4,73270919,edccd81097b2d786d4ed2df1d6857725,300,ADA_local_c04_t30_A,816,31
S0,-20,5,73270920,f7fd0611d25f1f14e42f4ec542f9a9d6,300,SMR,817,31
S0,-20,5,73270920,f7fd0611d25f1f14e42f4ec542f9a9d6,300,F02,818,31
S0,-20,5,73270920,f7fd0611d25f1f14e42f4ec542f9a9d6,300,UNB,819,31
S0,-20,5,73270920,f7fd0611d25f1f14e42f4ec542f9a9d6,300,ADA_local_c04_t30_A,820,31
S0,-20,6,73270921,877c6750a95d6887f89917aaac52c15f,300,SMR,821,31
S0,-20,6,73270921,877c6750a95d6887f89917aaac52c15f,300,F02,822,31
S0,-20,6,73270921,877c6750a95d6887f89917aaac52c15f,300,UNB,823,31
S0,-20,6,73270921,877c6750a95d6887f89917aaac52c15f,300,ADA_local_c04_t30_A,824,31
S0,-20,7,73270922,b7e7178a7a636b52499659a6fa80ab7f,300,SMR,825,31
S0,-20,7,73270922,b7e7178a7a636b52499659a6fa80ab7f,300,F02,826,31
S0,-20,7,73270922,b7e7178a7a636b52499659a6fa80ab7f,300,UNB,827,31
S0,-20,7,73270922,b7e7178a7a636b52499659a6fa80ab7f,300,ADA_local_c04_t30_A,828,31
S0,-20,8,73270923,89148a0b2001927f1829820dbaaa2dc1,300,SMR,829,31
S0,-20,8,73270923,89148a0b2001927f1829820dbaaa2dc1,300,F02,830,31
S0,-20,8,73270923,89148a0b2001927f1829820dbaaa2dc1,300,UNB,831,31
S0,-20,8,73270923,89148a0b2001927f1829820dbaaa2dc1,300,ADA_local_c04_t30_A,832,31
S0,-20,9,73270924,02cefe68870429b79b3d42f0d13ee35e,300,SMR,833,31
S0,-20,9,73270924,02cefe68870429b79b3d42f0d13ee35e,300,F02,834,31
S0,-20,9,73270924,02cefe68870429b79b3d42f0d13ee35e,300,UNB,835,31
S0,-20,9,73270924,02cefe68870429b79b3d42f0d13ee35e,300,ADA_local_c04_t30_A,836,31
S0,-20,10,73270925,c4110b13a83f30034bdb41decd7d0612,300,SMR,837,31
S0,-20,10,73270925,c4110b13a83f30034bdb41decd7d0612,300,F02,838,31
S0,-20,10,73270925,c4110b13a83f30034bdb41decd7d0612,300,UNB,839,31
S0,-20,10,73270925,c4110b13a83f30034bdb41decd7d0612,300,ADA_local_c04_t30_A,840,31
S0,-20,11,73270926,9c578fc24cd347260ce457d866f808b2,300,SMR,841,31
S0,-20,11,73270926,9c578fc24cd347260ce457d866f808b2,300,F02,842,31
S0,-20,11,73270926,9c578fc24cd347260ce457d866f808b2,300,UNB,843,31
S0,-20,11,73270926,9c578fc24cd347260ce457d866f808b2,300,ADA_local_c04_t30_A,844,31
S0,-20,12,73270927,485e7b8ccbe117f08b18220f888292af,300,SMR,845,31
S0,-20,12,73270927,485e7b8ccbe117f08b18220f888292af,300,F02,846,31
S0,-20,12,73270927,485e7b8ccbe117f08b18220f888292af,300,UNB,847,31
S0,-20,12,73270927,485e7b8ccbe117f08b18220f888292af,300,ADA_local_c04_t30_A,848,31
S0,-20,13,73270928,c78dfc21d01840f68a7e362130ff4703,300,SMR,849,31
S0,-20,13,73270928,c78dfc21d01840f68a7e362130ff4703,300,F02,850,31
S0,-20,13,73270928,c78dfc21d01840f68a7e362130ff4703,300,UNB,851,31
S0,-20,13,73270928,c78dfc21d01840f68a7e362130ff4703,300,ADA_local_c04_t30_A,852,31
S0,-20,14,73270929,6301dd2227398fdd6cfd91d8ccd50024,300,SMR,853,31
S0,-20,14,73270929,6301dd2227398fdd6cfd91d8ccd50024,300,F02,854,31
S0,-20,14,73270929,6301dd2227398fdd6cfd91d8ccd50024,300,UNB,855,31
S0,-20,14,73270929,6301dd2227398fdd6cfd91d8ccd50024,300,ADA_local_c04_t30_A,856,31
S0,-20,15,73270930,524736a93eea484cbfb23022509285c1,300,SMR,857,31
S0,-20,15,73270930,524736a93eea484cbfb23022509285c1,300,F02,858,31
S0,-20,15,73270930,524736a93eea484cbfb23022509285c1,300,UNB,859,31
S0,-20,15,73270930,524736a93eea484cbfb23022509285c1,300,ADA_local_c04_t30_A,860,31
S0,-20,16,73270931,f613fff19184bccc1caa38cd4efbf288,300,SMR,861,31
S0,-20,16,73270931,f613fff19184bccc1caa38cd4efbf288,300,F02,862,31
S0,-20,16,73270931,f613fff19184bccc1caa38cd4efbf288,300,UNB,863,31
S0,-20,16,73270931,f613fff19184bccc1caa38cd4efbf288,300,ADA_local_c04_t30_A,864,31
S0,-20,17,73270932,afde5eac4f608d8a8a66eb93af9eb965,300,SMR,865,31
S0,-20,17,73270932,afde5eac4f608d8a8a66eb93af9eb965,300,F02,866,31
S0,-20,17,73270932,afde5eac4f608d8a8a66eb93af9eb965,300,UNB,867,31
S0,-20,17,73270932,afde5eac4f608d8a8a66eb93af9eb965,300,ADA_local_c04_t30_A,868,31
S0,-20,18,73270933,109e9e93fc7d75ababa49ea150398365,300,SMR,869,31
S0,-20,18,73270933,109e9e93fc7d75ababa49ea150398365,300,F02,870,31
S0,-20,18,73270933,109e9e93fc7d75ababa49ea150398365,300,UNB,871,31
S0,-20,18,73270933,109e9e93fc7d75ababa49ea150398365,300,ADA_local_c04_t30_A,872,31
S0,-20,19,73270934,3bb4329207dae4f3e39723a1e863015a,300,SMR,873,31
S0,-20,19,73270934,3bb4329207dae4f3e39723a1e863015a,300,F02,874,31
S0,-20,19,73270934,3bb4329207dae4f3e39723a1e863015a,300,UNB,875,31
S0,-20,19,73270934,3bb4329207dae4f3e39723a1e863015a,300,ADA_local_c04_t30_A,876,31
S0,-20,20,73270935,6a19e767c504ae03ee9ba45d022fd334,300,SMR,877,31
S0,-20,20,73270935,6a19e767c504ae03ee9ba45d022fd334,300,F02,878,31
S0,-20,20,73270935,6a19e767c504ae03ee9ba45d022fd334,300,UNB,879,31
S0,-20,20,73270935,6a19e767c504ae03ee9ba45d022fd334,300,ADA_local_c04_t30_A,880,31
S0,-20,21,73270936,227e8ae2d8df8693962d76253ef5e517,300,SMR,881,31
S0,-20,21,73270936,227e8ae2d8df8693962d76253ef5e517,300,F02,882,31
S0,-20,21,73270936,227e8ae2d8df8693962d76253ef5e517,300,UNB,883,31
S0,-20,21,73270936,227e8ae2d8df8693962d76253ef5e517,300,ADA_local_c04_t30_A,884,31
S0,-20,22,73270937,ab7461fb736acd86ec32d2decf7da113,300,SMR,885,31
S0,-20,22,73270937,ab7461fb736acd86ec32d2decf7da113,300,F02,886,31
S0,-20,22,73270937,ab7461fb736acd86ec32d2decf7da113,300,UNB,887,31
S0,-20,22,73270937,ab7461fb736acd86ec32d2decf7da113,300,ADA_local_c04_t30_A,888,31
S0,-20,23,73270938,cb6991040d0a163d4a290a1dbaa54b51,300,SMR,889,31
S0,-20,23,73270938,cb6991040d0a163d4a290a1dbaa54b51,300,F02,890,31
S0,-20,23,73270938,cb6991040d0a163d4a290a1dbaa54b51,300,UNB,891,31
S0,-20,23,73270938,cb6991040d0a163d4a290a1dbaa54b51,300,ADA_local_c04_t30_A,892,31
S0,-20,24,73270939,365f14ab8e5407f7277a35fceb6d6d6c,300,SMR,893,31
S0,-20,24,73270939,365f14ab8e5407f7277a35fceb6d6d6c,300,F02,894,31
S0,-20,24,73270939,365f14ab8e5407f7277a35fceb6d6d6c,300,UNB,895,31
S0,-20,24,73270939,365f14ab8e5407f7277a35fceb6d6d6c,300,ADA_local_c04_t30_A,896,31
S0,-20,25,73270940,9903b3b6588441022bcc360c15c18b03,300,SMR,897,31
S0,-20,25,73270940,9903b3b6588441022bcc360c15c18b03,300,F02,898,31
S0,-20,25,73270940,9903b3b6588441022bcc360c15c18b03,300,UNB,899,31
S0,-20,25,73270940,9903b3b6588441022bcc360c15c18b03,300,ADA_local_c04_t30_A,900,31
S0,-20,26,73270941,04c9d2f10a5c1a795f6b1a77ff08838c,300,SMR,901,31
S0,-20,26,73270941,04c9d2f10a5c1a795f6b1a77ff08838c,300,F02,902,31
S0,-20,26,73270941,04c9d2f10a5c1a795f6b1a77ff08838c,300,UNB,903,31
S0,-20,26,73270941,04c9d2f10a5c1a795f6b1a77ff08838c,300,ADA_local_c04_t30_A,904,31
S0,-20,27,73270942,d245b11ca8da3b42d02db236424fc912,300,SMR,905,31
S0,-20,27,73270942,d245b11ca8da3b42d02db236424fc912,300,F02,906,31
S0,-20,27,73270942,d245b11ca8da3b42d02db236424fc912,300,UNB,907,31
S0,-20,27,73270942,d245b11ca8da3b42d02db236424fc912,300,ADA_local_c04_t30_A,908,31
S0,-20,28,73270943,ce7a386ce7816a436fd401c4f9818926,300,SMR,909,31
S0,-20,28,73270943,ce7a386ce7816a436fd401c4f9818926,300,F02,910,31
S0,-20,28,73270943,ce7a386ce7816a436fd401c4f9818926,300,UNB,911,31
S0,-20,28,73270943,ce7a386ce7816a436fd401c4f9818926,300,ADA_local_c04_t30_A,912,31
S0,-20,29,73270944,dee1ac477e32f572dea142795ab02222,300,SMR,913,31
S0,-20,29,73270944,dee1ac477e32f572dea142795ab02222,300,F02,914,31
S0,-20,29,73270944,dee1ac477e32f572dea142795ab02222,300,UNB,915,31
S0,-20,29,73270944,dee1ac477e32f572dea142795ab02222,300,ADA_local_c04_t30_A,916,31
S0,-20,30,73270945,e4fefb160f7cdb9cf8e723fd968927d1,300,SMR,917,31
S0,-20,30,73270945,e4fefb160f7cdb9cf8e723fd968927d1,300,F02,918,31
S0,-20,30,73270945,e4fefb160f7cdb9cf8e723fd968927d1,300,UNB,919,31
S0,-20,30,73270945,e4fefb160f7cdb9cf8e723fd968927d1,300,ADA_local_c04_t30_A,920,31
S0,-20,31,73270946,44c2314e5f6bb428df2c03492426c15a,300,SMR,921,31
S0,-20,31,73270946,44c2314e5f6bb428df2c03492426c15a,300,F02,922,31
S0,-20,31,73270946,44c2314e5f6bb428df2c03492426c15a,300,UNB,923,31
S0,-20,31,73270946,44c2314e5f6bb428df2c03492426c15a,300,ADA_local_c04_t30_A,924,31
S0,-20,32,73270947,6ffde3c5545e7de64369afeeb2f1e367,300,SMR,925,31
S0,-20,32,73270947,6ffde3c5545e7de64369afeeb2f1e367,300,F02,926,31
S0,-20,32,73270947,6ffde3c5545e7de64369afeeb2f1e367,300,UNB,927,31
S0,-20,32,73270947,6ffde3c5545e7de64369afeeb2f1e367,300,ADA_local_c04_t30_A,928,31
S0,-20,33,73270948,dc002a7cfee8ee7a36f067dd7abe7031,300,SMR,929,31
S0,-20,33,73270948,dc002a7cfee8ee7a36f067dd7abe7031,300,F02,930,31
S0,-20,33,73270948,dc002a7cfee8ee7a36f067dd7abe7031,300,UNB,931,31
S0,-20,33,73270948,dc002a7cfee8ee7a36f067dd7abe7031,300,ADA_local_c04_t30_A,932,31
S0,-20,34,73270949,88c1594e3a98dc650c5c77ad358816cd,300,SMR,933,31
S0,-20,34,73270949,88c1594e3a98dc650c5c77ad358816cd,300,F02,934,31
S0,-20,34,73270949,88c1594e3a98dc650c5c77ad358816cd,300,UNB,935,31
S0,-20,34,73270949,88c1594e3a98dc650c5c77ad358816cd,300,ADA_local_c04_t30_A,936,31
S0,-20,35,73270950,d81bd5a61bcd7c78c4341f4f5f52b1bc,300,SMR,937,31
S0,-20,35,73270950,d81bd5a61bcd7c78c4341f4f5f52b1bc,300,F02,938,31
S0,-20,35,73270950,d81bd5a61bcd7c78c4341f4f5f52b1bc,300,UNB,939,31
S0,-20,35,73270950,d81bd5a61bcd7c78c4341f4f5f52b1bc,300,ADA_local_c04_t30_A,940,31
S0,-20,36,73270951,d45d83dc94e8e1786f8e96c3a0c40224,300,SMR,941,31
S0,-20,36,73270951,d45d83dc94e8e1786f8e96c3a0c40224,300,F02,942,31
S0,-20,36,73270951,d45d83dc94e8e1786f8e96c3a0c40224,300,UNB,943,31
S0,-20,36,73270951,d45d83dc94e8e1786f8e96c3a0c40224,300,ADA_local_c04_t30_A,944,31
S0,-20,37,73270952,e4f7d98c997ec01fc8e0b28824daaee7,300,SMR,945,31
S0,-20,37,73270952,e4f7d98c997ec01fc8e0b28824daaee7,300,F02,946,31
S0,-20,37,73270952,e4f7d98c997ec01fc8e0b28824daaee7,300,UNB,947,31
S0,-20,37,73270952,e4f7d98c997ec01fc8e0b28824daaee7,300,ADA_local_c04_t30_A,948,31
S0,-20,38,73270953,8e2037aafd5ae8c6ba66ab7f6ca4c7a1,300,SMR,949,31
S0,-20,38,73270953,8e2037aafd5ae8c6ba66ab7f6ca4c7a1,300,F02,950,31
S0,-20,38,73270953,8e2037aafd5ae8c6ba66ab7f6ca4c7a1,300,UNB,951,31
S0,-20,38,73270953,8e2037aafd5ae8c6ba66ab7f6ca4c7a1,300,ADA_local_c04_t30_A,952,31
S0,-20,39,73270954,c5c6e16cb77b519aa6b2f799b7494107,300,SMR,953,31
S0,-20,39,73270954,c5c6e16cb77b519aa6b2f799b7494107,300,F02,954,31
S0,-20,39,73270954,c5c6e16cb77b519aa6b2f799b7494107,300,UNB,955,31
S0,-20,39,73270954,c5c6e16cb77b519aa6b2f799b7494107,300,ADA_local_c04_t30_A,956,31
S0,-20,40,73270955,d53552321b825568ee177e5072baf003,300,SMR,957,31
S0,-20,40,73270955,d53552321b825568ee177e5072baf003,300,F02,958,31
S0,-20,40,73270955,d53552321b825568ee177e5072baf003,300,UNB,959,31
S0,-20,40,73270955,d53552321b825568ee177e5072baf003,300,ADA_local_c04_t30_A,960,31
S0,-20,41,73270956,2e325d5cee311cc97d07a332eeed9963,300,SMR,961,31
S0,-20,41,73270956,2e325d5cee311cc97d07a332eeed9963,300,F02,962,31
S0,-20,41,73270956,2e325d5cee311cc97d07a332eeed9963,300,UNB,963,31
S0,-20,41,73270956,2e325d5cee311cc97d07a332eeed9963,300,ADA_local_c04_t30_A,964,31
S0,-20,42,73270957,d7f9b084d4a5b9e5237414a68647a56a,300,SMR,965,31
S0,-20,42,73270957,d7f9b084d4a5b9e5237414a68647a56a,300,F02,966,31
S0,-20,42,73270957,d7f9b084d4a5b9e5237414a68647a56a,300,UNB,967,31
S0,-20,42,73270957,d7f9b084d4a5b9e5237414a68647a56a,300,ADA_local_c04_t30_A,968,31
S0,-20,43,73270958,ddbaa500d54fce0566c9600fc8f512ae,300,SMR,969,31
S0,-20,43,73270958,ddbaa500d54fce0566c9600fc8f512ae,300,F02,970,31
S0,-20,43,73270958,ddbaa500d54fce0566c9600fc8f512ae,300,UNB,971,31
S0,-20,43,73270958,ddbaa500d54fce0566c9600fc8f512ae,300,ADA_local_c04_t30_A,972,31
S0,-20,44,73270959,ad2dcfbde504ce2e9f60a0bce0d4b84b,300,SMR,973,31
S0,-20,44,73270959,ad2dcfbde504ce2e9f60a0bce0d4b84b,300,F02,974,31
S0,-20,44,73270959,ad2dcfbde504ce2e9f60a0bce0d4b84b,300,UNB,975,31
S0,-20,44,73270959,ad2dcfbde504ce2e9f60a0bce0d4b84b,300,ADA_local_c04_t30_A,976,31
S0,-20,45,73270960,f7971565846e6ae714e3f2549dad0a8c,300,SMR,977,31
S0,-20,45,73270960,f7971565846e6ae714e3f2549dad0a8c,300,F02,978,31
S0,-20,45,73270960,f7971565846e6ae714e3f2549dad0a8c,300,UNB,979,31
S0,-20,45,73270960,f7971565846e6ae714e3f2549dad0a8c,300,ADA_local_c04_t30_A,980,31
S0,-20,46,73270961,28d20b07f11d06b90a1c78320f74d3e7,300,SMR,981,31
S0,-20,46,73270961,28d20b07f11d06b90a1c78320f74d3e7,300,F02,982,31
S0,-20,46,73270961,28d20b07f11d06b90a1c78320f74d3e7,300,UNB,983,31
S0,-20,46,73270961,28d20b07f11d06b90a1c78320f74d3e7,300,ADA_local_c04_t30_A,984,31
S0,-20,47,73270962,05c00b17ac16cb70a87007f644639a48,300,SMR,985,31
S0,-20,47,73270962,05c00b17ac16cb70a87007f644639a48,300,F02,986,31
S0,-20,47,73270962,05c00b17ac16cb70a87007f644639a48,300,UNB,987,31
S0,-20,47,73270962,05c00b17ac16cb70a87007f644639a48,300,ADA_local_c04_t30_A,988,31
S0,-20,48,73270963,2f5a44d3900dc8d734f41f37f3e83781,300,SMR,989,31
S0,-20,48,73270963,2f5a44d3900dc8d734f41f37f3e83781,300,F02,990,31
S0,-20,48,73270963,2f5a44d3900dc8d734f41f37f3e83781,300,UNB,991,31
S0,-20,48,73270963,2f5a44d3900dc8d734f41f37f3e83781,300,ADA_local_c04_t30_A,992,31
S0,-20,49,73270964,4521a99e3f5bf696b40ce908fdfe1609,300,SMR,993,31
S0,-20,49,73270964,4521a99e3f5bf696b40ce908fdfe1609,300,F02,994,31
S0,-20,49,73270964,4521a99e3f5bf696b40ce908fdfe1609,300,UNB,995,31
S0,-20,49,73270964,4521a99e3f5bf696b40ce908fdfe1609,300,ADA_local_c04_t30_A,996,31
S0,-20,50,73270965,fdd03a89ae4343eb88954f994e12e741,300,SMR,997,31
S0,-20,50,73270965,fdd03a89ae4343eb88954f994e12e741,300,F02,998,31
S0,-20,50,73270965,fdd03a89ae4343eb88954f994e12e741,300,UNB,999,31
S0,-20,50,73270965,fdd03a89ae4343eb88954f994e12e741,300,ADA_local_c04_t30_A,1000,31
S0,-20,51,73270966,955088f0852bf99a0427986541d22752,300,SMR,1001,31
S0,-20,51,73270966,955088f0852bf99a0427986541d22752,300,F02,1002,31
S0,-20,51,73270966,955088f0852bf99a0427986541d22752,300,UNB,1003,31
S0,-20,51,73270966,955088f0852bf99a0427986541d22752,300,ADA_local_c04_t30_A,1004,31
S0,-20,52,73270967,ed2d6a3f6835eedc1647a346a2cd33f5,300,SMR,1005,31
S0,-20,52,73270967,ed2d6a3f6835eedc1647a346a2cd33f5,300,F02,1006,31
S0,-20,52,73270967,ed2d6a3f6835eedc1647a346a2cd33f5,300,UNB,1007,31
S0,-20,52,73270967,ed2d6a3f6835eedc1647a346a2cd33f5,300,ADA_local_c04_t30_A,1008,31
S0,-20,53,73270968,af9d3de5a64bae751dcbde2393443d12,300,SMR,1009,31
S0,-20,53,73270968,af9d3de5a64bae751dcbde2393443d12,300,F02,1010,31
S0,-20,53,73270968,af9d3de5a64bae751dcbde2393443d12,300,UNB,1011,31
S0,-20,53,73270968,af9d3de5a64bae751dcbde2393443d12,300,ADA_local_c04_t30_A,1012,31
S0,-20,54,73270969,ca78082ccfc08513c0c1df111353a336,300,SMR,1013,31
S0,-20,54,73270969,ca78082ccfc08513c0c1df111353a336,300,F02,1014,31
S0,-20,54,73270969,ca78082ccfc08513c0c1df111353a336,300,UNB,1015,31
S0,-20,54,73270969,ca78082ccfc08513c0c1df111353a336,300,ADA_local_c04_t30_A,1016,31
S0,-20,55,73270970,f352050f702fac923d8e31bd6524ca7d,300,SMR,1017,31
S0,-20,55,73270970,f352050f702fac923d8e31bd6524ca7d,300,F02,1018,31
S0,-20,55,73270970,f352050f702fac923d8e31bd6524ca7d,300,UNB,1019,31
S0,-20,55,73270970,f352050f702fac923d8e31bd6524ca7d,300,ADA_local_c04_t30_A,1020,31
S0,-20,56,73270971,153ceaf2b254875ad94aac56f0286612,300,SMR,1021,31
S0,-20,56,73270971,153ceaf2b254875ad94aac56f0286612,300,F02,1022,31
S0,-20,56,73270971,153ceaf2b254875ad94aac56f0286612,300,UNB,1023,31
S0,-20,56,73270971,153ceaf2b254875ad94aac56f0286612,300,ADA_local_c04_t30_A,1024,31
S0,-20,57,73270972,c487d5b343e78841bccf85537a00b701,300,SMR,1025,31
S0,-20,57,73270972,c487d5b343e78841bccf85537a00b701,300,F02,1026,31
S0,-20,57,73270972,c487d5b343e78841bccf85537a00b701,300,UNB,1027,31
S0,-20,57,73270972,c487d5b343e78841bccf85537a00b701,300,ADA_local_c04_t30_A,1028,31
S0,-20,58,73270973,4e5bb62607f844efaeaff4509e11af84,300,SMR,1029,31
S0,-20,58,73270973,4e5bb62607f844efaeaff4509e11af84,300,F02,1030,31
S0,-20,58,73270973,4e5bb62607f844efaeaff4509e11af84,300,UNB,1031,31
S0,-20,58,73270973,4e5bb62607f844efaeaff4509e11af84,300,ADA_local_c04_t30_A,1032,31
S0,-20,59,73270974,97266875a43c8dc5f46e0a6ae17211c4,300,SMR,1033,31
S0,-20,59,73270974,97266875a43c8dc5f46e0a6ae17211c4,300,F02,1034,31
S0,-20,59,73270974,97266875a43c8dc5f46e0a6ae17211c4,300,UNB,1035,31
S0,-20,59,73270974,97266875a43c8dc5f46e0a6ae17211c4,300,ADA_local_c04_t30_A,1036,31
S0,-20,60,73270975,9d0328d3d4ff96852f77d571e37f0c0b,300,SMR,1037,31
S0,-20,60,73270975,9d0328d3d4ff96852f77d571e37f0c0b,300,F02,1038,31
S0,-20,60,73270975,9d0328d3d4ff96852f77d571e37f0c0b,300,UNB,1039,31
S0,-20,60,73270975,9d0328d3d4ff96852f77d571e37f0c0b,300,ADA_local_c04_t30_A,1040,31
S0,-20,61,73270976,d2bae586b3f2ed77e9f55ec8fe981536,300,SMR,1041,31
S0,-20,61,73270976,d2bae586b3f2ed77e9f55ec8fe981536,300,F02,1042,31
S0,-20,61,73270976,d2bae586b3f2ed77e9f55ec8fe981536,300,UNB,1043,31
S0,-20,61,73270976,d2bae586b3f2ed77e9f55ec8fe981536,300,ADA_local_c04_t30_A,1044,31
S0,-20,62,73270977,68b763ec973faddb8fe825b7d68390d9,300,SMR,1045,31
S0,-20,62,73270977,68b763ec973faddb8fe825b7d68390d9,300,F02,1046,31
S0,-20,62,73270977,68b763ec973faddb8fe825b7d68390d9,300,UNB,1047,31
S0,-20,62,73270977,68b763ec973faddb8fe825b7d68390d9,300,ADA_local_c04_t30_A,1048,31
S0,-20,63,73270978,e0c97ce1bbc0c8f1564f2864634f82d8,300,SMR,1049,31
S0,-20,63,73270978,e0c97ce1bbc0c8f1564f2864634f82d8,300,F02,1050,31
S0,-20,63,73270978,e0c97ce1bbc0c8f1564f2864634f82d8,300,UNB,1051,31
S0,-20,63,73270978,e0c97ce1bbc0c8f1564f2864634f82d8,300,ADA_local_c04_t30_A,1052,31
S0,-20,64,73270979,f9140e17bc50db35dec3914ae5c6ae17,300,SMR,1053,31
S0,-20,64,73270979,f9140e17bc50db35dec3914ae5c6ae17,300,F02,1054,31
S0,-20,64,73270979,f9140e17bc50db35dec3914ae5c6ae17,300,UNB,1055,31
S0,-20,64,73270979,f9140e17bc50db35dec3914ae5c6ae17,300,ADA_local_c04_t30_A,1056,31
S0,-20,65,73270980,a3fb706401e39a7e89cc2784891ec059,300,SMR,1057,31
S0,-20,65,73270980,a3fb706401e39a7e89cc2784891ec059,300,F02,1058,31
S0,-20,65,73270980,a3fb706401e39a7e89cc2784891ec059,300,UNB,1059,31
S0,-20,65,73270980,a3fb706401e39a7e89cc2784891ec059,300,ADA_local_c04_t30_A,1060,31
S0,-20,66,73270981,be57dc22a6eddbe0c71dd1d0f7f0d418,300,SMR,1061,31
S0,-20,66,73270981,be57dc22a6eddbe0c71dd1d0f7f0d418,300,F02,1062,31
S0,-20,66,73270981,be57dc22a6eddbe0c71dd1d0f7f0d418,300,UNB,1063,31
S0,-20,66,73270981,be57dc22a6eddbe0c71dd1d0f7f0d418,300,ADA_local_c04_t30_A,1064,31
S0,-20,67,73270982,13cc384cfa18d2dcb8be8ef1f9953ffd,300,SMR,1065,31
S0,-20,67,73270982,13cc384cfa18d2dcb8be8ef1f9953ffd,300,F02,1066,31
S0,-20,67,73270982,13cc384cfa18d2dcb8be8ef1f9953ffd,300,UNB,1067,31
S0,-20,67,73270982,13cc384cfa18d2dcb8be8ef1f9953ffd,300,ADA_local_c04_t30_A,1068,31
S0,-20,68,73270983,08fcbc121a20f722332c067d2d33f452,300,SMR,1069,31
S0,-20,68,73270983,08fcbc121a20f722332c067d2d33f452,300,F02,1070,31
S0,-20,68,73270983,08fcbc121a20f722332c067d2d33f452,300,UNB,1071,31
S0,-20,68,73270983,08fcbc121a20f722332c067d2d33f452,300,ADA_local_c04_t30_A,1072,31
S0,-20,69,73270984,2f28e917e8573ab12830b4545a880549,300,SMR,1073,31
S0,-20,69,73270984,2f28e917e8573ab12830b4545a880549,300,F02,1074,31
S0,-20,69,73270984,2f28e917e8573ab12830b4545a880549,300,UNB,1075,31
S0,-20,69,73270984,2f28e917e8573ab12830b4545a880549,300,ADA_local_c04_t30_A,1076,31
S0,-20,70,73270985,9e0ff0ed1b2e148a331566311244778b,300,SMR,1077,31
S0,-20,70,73270985,9e0ff0ed1b2e148a331566311244778b,300,F02,1078,31
S0,-20,70,73270985,9e0ff0ed1b2e148a331566311244778b,300,UNB,1079,31
S0,-20,70,73270985,9e0ff0ed1b2e148a331566311244778b,300,ADA_local_c04_t30_A,1080,31
S0,-20,71,73270986,f581f2b3fffb42fee6737fde7cc4363b,300,SMR,1081,31
S0,-20,71,73270986,f581f2b3fffb42fee6737fde7cc4363b,300,F02,1082,31
S0,-20,71,73270986,f581f2b3fffb42fee6737fde7cc4363b,300,UNB,1083,31
S0,-20,71,73270986,f581f2b3fffb42fee6737fde7cc4363b,300,ADA_local_c04_t30_A,1084,31
S0,-20,72,73270987,f1078c871f3d562d933927017dfb37f7,300,SMR,1085,31
S0,-20,72,73270987,f1078c871f3d562d933927017dfb37f7,300,F02,1086,31
S0,-20,72,73270987,f1078c871f3d562d933927017dfb37f7,300,UNB,1087,31
S0,-20,72,73270987,f1078c871f3d562d933927017dfb37f7,300,ADA_local_c04_t30_A,1088,31
S0,-20,73,73270988,6430fdbf719b5ea13a877f223800b46b,300,SMR,1089,31
S0,-20,73,73270988,6430fdbf719b5ea13a877f223800b46b,300,F02,1090,31
S0,-20,73,73270988,6430fdbf719b5ea13a877f223800b46b,300,UNB,1091,31
S0,-20,73,73270988,6430fdbf719b5ea13a877f223800b46b,300,ADA_local_c04_t30_A,1092,31
S0,-20,74,73270989,86cc25999c12d6308d9d8569aba2533b,300,SMR,1093,31
S0,-20,74,73270989,86cc25999c12d6308d9d8569aba2533b,300,F02,1094,31
S0,-20,74,73270989,86cc25999c12d6308d9d8569aba2533b,300,UNB,1095,31
S0,-20,74,73270989,86cc25999c12d6308d9d8569aba2533b,300,ADA_local_c04_t30_A,1096,31
S0,-20,75,73270990,2ac5b16836c54051caa41fc49984a6b5,300,SMR,1097,31
S0,-20,75,73270990,2ac5b16836c54051caa41fc49984a6b5,300,F02,1098,31
S0,-20,75,73270990,2ac5b16836c54051caa41fc49984a6b5,300,UNB,1099,31
S0,-20,75,73270990,2ac5b16836c54051caa41fc49984a6b5,300,ADA_local_c04_t30_A,1100,31
S0,-20,76,73270991,f1f619fa430118ee23c03d67743d1073,300,SMR,1101,31
S0,-20,76,73270991,f1f619fa430118ee23c03d67743d1073,300,F02,1102,31
S0,-20,76,73270991,f1f619fa430118ee23c03d67743d1073,300,UNB,1103,31
S0,-20,76,73270991,f1f619fa430118ee23c03d67743d1073,300,ADA_local_c04_t30_A,1104,31
S0,-20,77,73270992,4caaf61e49e06b054a5e65c8ccacb047,300,SMR,1105,31
S0,-20,77,73270992,4caaf61e49e06b054a5e65c8ccacb047,300,F02,1106,31
S0,-20,77,73270992,4caaf61e49e06b054a5e65c8ccacb047,300,UNB,1107,31
S0,-20,77,73270992,4caaf61e49e06b054a5e65c8ccacb047,300,ADA_local_c04_t30_A,1108,31
S0,-20,78,73270993,5de7bc1279eb6f00a6515333ba98f0d4,300,SMR,1109,31
S0,-20,78,73270993,5de7bc1279eb6f00a6515333ba98f0d4,300,F02,1110,31
S0,-20,78,73270993,5de7bc1279eb6f00a6515333ba98f0d4,300,UNB,1111,31
S0,-20,78,73270993,5de7bc1279eb6f00a6515333ba98f0d4,300,ADA_local_c04_t30_A,1112,31
S0,-20,79,73270994,781bb7f82f32438ed026c7968d9b057a,300,SMR,1113,31
S0,-20,79,73270994,781bb7f82f32438ed026c7968d9b057a,300,F02,1114,31
S0,-20,79,73270994,781bb7f82f32438ed026c7968d9b057a,300,UNB,1115,31
S0,-20,79,73270994,781bb7f82f32438ed026c7968d9b057a,300,ADA_local_c04_t30_A,1116,31
S0,-20,80,73270995,538c7a96dafb030319b16da0c13a4f45,300,SMR,1117,31
S0,-20,80,73270995,538c7a96dafb030319b16da0c13a4f45,300,F02,1118,31
S0,-20,80,73270995,538c7a96dafb030319b16da0c13a4f45,300,UNB,1119,31
S0,-20,80,73270995,538c7a96dafb030319b16da0c13a4f45,300,ADA_local_c04_t30_A,1120,31
S0,-20,81,73270996,b5a1c7edd5f3fd80f7d75e59da9abac2,300,SMR,1121,31
S0,-20,81,73270996,b5a1c7edd5f3fd80f7d75e59da9abac2,300,F02,1122,31
S0,-20,81,73270996,b5a1c7edd5f3fd80f7d75e59da9abac2,300,UNB,1123,31
S0,-20,81,73270996,b5a1c7edd5f3fd80f7d75e59da9abac2,300,ADA_local_c04_t30_A,1124,31
S0,-20,82,73270997,b52dcd4f68b6ee5702e8522bc99b7325,300,SMR,1125,31
S0,-20,82,73270997,b52dcd4f68b6ee5702e8522bc99b7325,300,F02,1126,31
S0,-20,82,73270997,b52dcd4f68b6ee5702e8522bc99b7325,300,UNB,1127,31
S0,-20,82,73270997,b52dcd4f68b6ee5702e8522bc99b7325,300,ADA_local_c04_t30_A,1128,31
S0,-20,83,73270998,6769615d8d20a7de891a42efcc33818b,300,SMR,1129,31
S0,-20,83,73270998,6769615d8d20a7de891a42efcc33818b,300,F02,1130,31
S0,-20,83,73270998,6769615d8d20a7de891a42efcc33818b,300,UNB,1131,31
S0,-20,83,73270998,6769615d8d20a7de891a42efcc33818b,300,ADA_local_c04_t30_A,1132,31
S0,-20,84,73270999,52fcefb217231bebd4c56203a04fefba,300,SMR,1133,31
S0,-20,84,73270999,52fcefb217231bebd4c56203a04fefba,300,F02,1134,31
S0,-20,84,73270999,52fcefb217231bebd4c56203a04fefba,300,UNB,1135,31
S0,-20,84,73270999,52fcefb217231bebd4c56203a04fefba,300,ADA_local_c04_t30_A,1136,31
S0,-20,85,73271000,7f13445908ccc0755dae52a6d22aa927,300,SMR,1137,31
S0,-20,85,73271000,7f13445908ccc0755dae52a6d22aa927,300,F02,1138,31
S0,-20,85,73271000,7f13445908ccc0755dae52a6d22aa927,300,UNB,1139,31
S0,-20,85,73271000,7f13445908ccc0755dae52a6d22aa927,300,ADA_local_c04_t30_A,1140,31
S0,-20,86,73271001,72b8337ad36fd32d1ddddde5dc017963,300,SMR,1141,31
S0,-20,86,73271001,72b8337ad36fd32d1ddddde5dc017963,300,F02,1142,31
S0,-20,86,73271001,72b8337ad36fd32d1ddddde5dc017963,300,UNB,1143,31
S0,-20,86,73271001,72b8337ad36fd32d1ddddde5dc017963,300,ADA_local_c04_t30_A,1144,31
S0,-20,87,73271002,40897d507917a65c4096a19e1f634fd2,300,SMR,1145,31
S0,-20,87,73271002,40897d507917a65c4096a19e1f634fd2,300,F02,1146,31
S0,-20,87,73271002,40897d507917a65c4096a19e1f634fd2,300,UNB,1147,31
S0,-20,87,73271002,40897d507917a65c4096a19e1f634fd2,300,ADA_local_c04_t30_A,1148,31
S0,-20,88,73271003,4bb03e28d4d1eed9308cea3c6c6c3a1e,300,SMR,1149,31
S0,-20,88,73271003,4bb03e28d4d1eed9308cea3c6c6c3a1e,300,F02,1150,31
S0,-20,88,73271003,4bb03e28d4d1eed9308cea3c6c6c3a1e,300,UNB,1151,31
S0,-20,88,73271003,4bb03e28d4d1eed9308cea3c6c6c3a1e,300,ADA_local_c04_t30_A,1152,31
S0,-20,89,73271004,d5f93cdf1f6012ab60e24aa287355eb2,300,SMR,1153,31
S0,-20,89,73271004,d5f93cdf1f6012ab60e24aa287355eb2,300,F02,1154,31
S0,-20,89,73271004,d5f93cdf1f6012ab60e24aa287355eb2,300,UNB,1155,31
S0,-20,89,73271004,d5f93cdf1f6012ab60e24aa287355eb2,300,ADA_local_c04_t30_A,1156,31
S0,-20,90,73271005,bcc81ff0b3da9be774fc3d5a05f1b34a,300,SMR,1157,31
S0,-20,90,73271005,bcc81ff0b3da9be774fc3d5a05f1b34a,300,F02,1158,31
S0,-20,90,73271005,bcc81ff0b3da9be774fc3d5a05f1b34a,300,UNB,1159,31
S0,-20,90,73271005,bcc81ff0b3da9be774fc3d5a05f1b34a,300,ADA_local_c04_t30_A,1160,31
S0,-20,91,73271006,83e404bd7054c865a3b5db9fc078ce93,300,SMR,1161,31
S0,-20,91,73271006,83e404bd7054c865a3b5db9fc078ce93,300,F02,1162,31
S0,-20,91,73271006,83e404bd7054c865a3b5db9fc078ce93,300,UNB,1163,31
S0,-20,91,73271006,83e404bd7054c865a3b5db9fc078ce93,300,ADA_local_c04_t30_A,1164,31
S0,-20,92,73271007,708b7df958dfec327bc6d990e56a5bee,300,SMR,1165,31
S0,-20,92,73271007,708b7df958dfec327bc6d990e56a5bee,300,F02,1166,31
S0,-20,92,73271007,708b7df958dfec327bc6d990e56a5bee,300,UNB,1167,31
S0,-20,92,73271007,708b7df958dfec327bc6d990e56a5bee,300,ADA_local_c04_t30_A,1168,31
S0,-20,93,73271008,753e8a65bdcce854c6bebf4afa23bffe,300,SMR,1169,31
S0,-20,93,73271008,753e8a65bdcce854c6bebf4afa23bffe,300,F02,1170,31
S0,-20,93,73271008,753e8a65bdcce854c6bebf4afa23bffe,300,UNB,1171,31
S0,-20,93,73271008,753e8a65bdcce854c6bebf4afa23bffe,300,ADA_local_c04_t30_A,1172,31
S0,-20,94,73271009,f9ccabd653e35ba78233b1f26f73fce4,300,SMR,1173,31
S0,-20,94,73271009,f9ccabd653e35ba78233b1f26f73fce4,300,F02,1174,31
S0,-20,94,73271009,f9ccabd653e35ba78233b1f26f73fce4,300,UNB,1175,31
S0,-20,94,73271009,f9ccabd653e35ba78233b1f26f73fce4,300,ADA_local_c04_t30_A,1176,31
S0,-20,95,73271010,8fe98522972b488c3fa91717ef6bb28f,300,SMR,1177,31
S0,-20,95,73271010,8fe98522972b488c3fa91717ef6bb28f,300,F02,1178,31
S0,-20,95,73271010,8fe98522972b488c3fa91717ef6bb28f,300,UNB,1179,31
S0,-20,95,73271010,8fe98522972b488c3fa91717ef6bb28f,300,ADA_local_c04_t30_A,1180,31
S0,-20,96,73271011,ff3471f4a477a1f640168012226cece7,300,SMR,1181,31
S0,-20,96,73271011,ff3471f4a477a1f640168012226cece7,300,F02,1182,31
S0,-20,96,73271011,ff3471f4a477a1f640168012226cece7,300,UNB,1183,31
S0,-20,96,73271011,ff3471f4a477a1f640168012226cece7,300,ADA_local_c04_t30_A,1184,31
S0,-20,97,73271012,8b802fd1c16a1c727727b9ef1cc2a4ea,300,SMR,1185,31
S0,-20,97,73271012,8b802fd1c16a1c727727b9ef1cc2a4ea,300,F02,1186,31
S0,-20,97,73271012,8b802fd1c16a1c727727b9ef1cc2a4ea,300,UNB,1187,31
S0,-20,97,73271012,8b802fd1c16a1c727727b9ef1cc2a4ea,300,ADA_local_c04_t30_A,1188,31
S0,-20,98,73271013,ca4254cedf3689762656e13ab6cc2265,300,SMR,1189,31
S0,-20,98,73271013,ca4254cedf3689762656e13ab6cc2265,300,F02,1190,31
S0,-20,98,73271013,ca4254cedf3689762656e13ab6cc2265,300,UNB,1191,31
S0,-20,98,73271013,ca4254cedf3689762656e13ab6cc2265,300,ADA_local_c04_t30_A,1192,31
S0,-20,99,73271014,64eb352a9c05ad725027b6fdc540aa4a,300,SMR,1193,31
S0,-20,99,73271014,64eb352a9c05ad725027b6fdc540aa4a,300,F02,1194,31
S0,-20,99,73271014,64eb352a9c05ad725027b6fdc540aa4a,300,UNB,1195,31
S0,-20,99,73271014,64eb352a9c05ad725027b6fdc540aa4a,300,ADA_local_c04_t30_A,1196,31
S0,-20,100,73271015,5692a1abaaa0866db7e19504ec9c3175,300,SMR,1197,31
S0,-20,100,73271015,5692a1abaaa0866db7e19504ec9c3175,300,F02,1198,31
S0,-20,100,73271015,5692a1abaaa0866db7e19504ec9c3175,300,UNB,1199,31
S0,-20,100,73271015,5692a1abaaa0866db7e19504ec9c3175,300,ADA_local_c04_t30_A,1200,31
S2,-14,1,73290916,71e5c1de1efe68cf41899c1db686e4c4,300,SMR,1201,31
S2,-14,1,73290916,71e5c1de1efe68cf41899c1db686e4c4,300,F02,1202,31
S2,-14,1,73290916,71e5c1de1efe68cf41899c1db686e4c4,300,UNB,1203,31
S2,-14,1,73290916,71e5c1de1efe68cf41899c1db686e4c4,300,ADA_local_c04_t30_A,1204,31
S2,-14,2,73290917,05fc064b12b1aee3fce4c54855d3fc45,300,SMR,1205,31
S2,-14,2,73290917,05fc064b12b1aee3fce4c54855d3fc45,300,F02,1206,31
S2,-14,2,73290917,05fc064b12b1aee3fce4c54855d3fc45,300,UNB,1207,31
S2,-14,2,73290917,05fc064b12b1aee3fce4c54855d3fc45,300,ADA_local_c04_t30_A,1208,31
S2,-14,3,73290918,2406eaeaf8f2f496296ceefaffe37868,300,SMR,1209,31
S2,-14,3,73290918,2406eaeaf8f2f496296ceefaffe37868,300,F02,1210,31
S2,-14,3,73290918,2406eaeaf8f2f496296ceefaffe37868,300,UNB,1211,31
S2,-14,3,73290918,2406eaeaf8f2f496296ceefaffe37868,300,ADA_local_c04_t30_A,1212,31
S2,-14,4,73290919,548d2f6f43a32f76cee1546636111de4,300,SMR,1213,31
S2,-14,4,73290919,548d2f6f43a32f76cee1546636111de4,300,F02,1214,31
S2,-14,4,73290919,548d2f6f43a32f76cee1546636111de4,300,UNB,1215,31
S2,-14,4,73290919,548d2f6f43a32f76cee1546636111de4,300,ADA_local_c04_t30_A,1216,31
S2,-14,5,73290920,bc2905b485d6624634743df718d4e0f5,300,SMR,1217,31
S2,-14,5,73290920,bc2905b485d6624634743df718d4e0f5,300,F02,1218,31
S2,-14,5,73290920,bc2905b485d6624634743df718d4e0f5,300,UNB,1219,31
S2,-14,5,73290920,bc2905b485d6624634743df718d4e0f5,300,ADA_local_c04_t30_A,1220,31
S2,-14,6,73290921,fe0deb358580b149c2049df63d0ba39a,300,SMR,1221,31
S2,-14,6,73290921,fe0deb358580b149c2049df63d0ba39a,300,F02,1222,31
S2,-14,6,73290921,fe0deb358580b149c2049df63d0ba39a,300,UNB,1223,31
S2,-14,6,73290921,fe0deb358580b149c2049df63d0ba39a,300,ADA_local_c04_t30_A,1224,31
S2,-14,7,73290922,9d44972991b531e170813ae9c347ae30,300,SMR,1225,31
S2,-14,7,73290922,9d44972991b531e170813ae9c347ae30,300,F02,1226,31
S2,-14,7,73290922,9d44972991b531e170813ae9c347ae30,300,UNB,1227,31
S2,-14,7,73290922,9d44972991b531e170813ae9c347ae30,300,ADA_local_c04_t30_A,1228,31
S2,-14,8,73290923,152986119558581bf9609e6d2aa958a3,300,SMR,1229,31
S2,-14,8,73290923,152986119558581bf9609e6d2aa958a3,300,F02,1230,31
S2,-14,8,73290923,152986119558581bf9609e6d2aa958a3,300,UNB,1231,31
S2,-14,8,73290923,152986119558581bf9609e6d2aa958a3,300,ADA_local_c04_t30_A,1232,31
S2,-14,9,73290924,0a088085e99ee3d341bdbce9d80d1311,300,SMR,1233,31
S2,-14,9,73290924,0a088085e99ee3d341bdbce9d80d1311,300,F02,1234,31
S2,-14,9,73290924,0a088085e99ee3d341bdbce9d80d1311,300,UNB,1235,31
S2,-14,9,73290924,0a088085e99ee3d341bdbce9d80d1311,300,ADA_local_c04_t30_A,1236,31
S2,-14,10,73290925,311a110f8dcad6df86248821688ef86a,300,SMR,1237,31
S2,-14,10,73290925,311a110f8dcad6df86248821688ef86a,300,F02,1238,31
S2,-14,10,73290925,311a110f8dcad6df86248821688ef86a,300,UNB,1239,31
S2,-14,10,73290925,311a110f8dcad6df86248821688ef86a,300,ADA_local_c04_t30_A,1240,31
S2,-14,11,73290926,3d3f73cfcd0f691d68e039bb8aa5e54f,300,SMR,1241,31
S2,-14,11,73290926,3d3f73cfcd0f691d68e039bb8aa5e54f,300,F02,1242,31
S2,-14,11,73290926,3d3f73cfcd0f691d68e039bb8aa5e54f,300,UNB,1243,31
S2,-14,11,73290926,3d3f73cfcd0f691d68e039bb8aa5e54f,300,ADA_local_c04_t30_A,1244,31
S2,-14,12,73290927,0b8a9f31a6e512e4f052766ea4e5e143,300,SMR,1245,31
S2,-14,12,73290927,0b8a9f31a6e512e4f052766ea4e5e143,300,F02,1246,31
S2,-14,12,73290927,0b8a9f31a6e512e4f052766ea4e5e143,300,UNB,1247,31
S2,-14,12,73290927,0b8a9f31a6e512e4f052766ea4e5e143,300,ADA_local_c04_t30_A,1248,31
S2,-14,13,73290928,9ef0b1a24566da6857ff68341e51518c,300,SMR,1249,31
S2,-14,13,73290928,9ef0b1a24566da6857ff68341e51518c,300,F02,1250,31
S2,-14,13,73290928,9ef0b1a24566da6857ff68341e51518c,300,UNB,1251,31
S2,-14,13,73290928,9ef0b1a24566da6857ff68341e51518c,300,ADA_local_c04_t30_A,1252,31
S2,-14,14,73290929,c935034111f54b3c4542cc23e9f6d628,300,SMR,1253,31
S2,-14,14,73290929,c935034111f54b3c4542cc23e9f6d628,300,F02,1254,31
S2,-14,14,73290929,c935034111f54b3c4542cc23e9f6d628,300,UNB,1255,31
S2,-14,14,73290929,c935034111f54b3c4542cc23e9f6d628,300,ADA_local_c04_t30_A,1256,31
S2,-14,15,73290930,a81f5d825393aa939554656e6e991ee1,300,SMR,1257,31
S2,-14,15,73290930,a81f5d825393aa939554656e6e991ee1,300,F02,1258,31
S2,-14,15,73290930,a81f5d825393aa939554656e6e991ee1,300,UNB,1259,31
S2,-14,15,73290930,a81f5d825393aa939554656e6e991ee1,300,ADA_local_c04_t30_A,1260,31
S2,-14,16,73290931,6d1b4c6271a725316b49f687dbae14ea,300,SMR,1261,31
S2,-14,16,73290931,6d1b4c6271a725316b49f687dbae14ea,300,F02,1262,31
S2,-14,16,73290931,6d1b4c6271a725316b49f687dbae14ea,300,UNB,1263,31
S2,-14,16,73290931,6d1b4c6271a725316b49f687dbae14ea,300,ADA_local_c04_t30_A,1264,31
S2,-14,17,73290932,07a41eaa78c66648394b97970c29bbee,300,SMR,1265,31
S2,-14,17,73290932,07a41eaa78c66648394b97970c29bbee,300,F02,1266,31
S2,-14,17,73290932,07a41eaa78c66648394b97970c29bbee,300,UNB,1267,31
S2,-14,17,73290932,07a41eaa78c66648394b97970c29bbee,300,ADA_local_c04_t30_A,1268,31
S2,-14,18,73290933,0e790908fa21efac5b4aab489d819a71,300,SMR,1269,31
S2,-14,18,73290933,0e790908fa21efac5b4aab489d819a71,300,F02,1270,31
S2,-14,18,73290933,0e790908fa21efac5b4aab489d819a71,300,UNB,1271,31
S2,-14,18,73290933,0e790908fa21efac5b4aab489d819a71,300,ADA_local_c04_t30_A,1272,31
S2,-14,19,73290934,4f8ef3568b55372f6a01dd527f52bfc9,300,SMR,1273,31
S2,-14,19,73290934,4f8ef3568b55372f6a01dd527f52bfc9,300,F02,1274,31
S2,-14,19,73290934,4f8ef3568b55372f6a01dd527f52bfc9,300,UNB,1275,31
S2,-14,19,73290934,4f8ef3568b55372f6a01dd527f52bfc9,300,ADA_local_c04_t30_A,1276,31
S2,-14,20,73290935,70b4f8aa8a3963754a9ce9b0988fdabe,300,SMR,1277,31
S2,-14,20,73290935,70b4f8aa8a3963754a9ce9b0988fdabe,300,F02,1278,31
S2,-14,20,73290935,70b4f8aa8a3963754a9ce9b0988fdabe,300,UNB,1279,31
S2,-14,20,73290935,70b4f8aa8a3963754a9ce9b0988fdabe,300,ADA_local_c04_t30_A,1280,31
S2,-14,21,73290936,f93a5c16f1f1ee4e455dafff579f2a9d,300,SMR,1281,31
S2,-14,21,73290936,f93a5c16f1f1ee4e455dafff579f2a9d,300,F02,1282,31
S2,-14,21,73290936,f93a5c16f1f1ee4e455dafff579f2a9d,300,UNB,1283,31
S2,-14,21,73290936,f93a5c16f1f1ee4e455dafff579f2a9d,300,ADA_local_c04_t30_A,1284,31
S2,-14,22,73290937,ede80efd840479aad2662cbd3cee0ff7,300,SMR,1285,31
S2,-14,22,73290937,ede80efd840479aad2662cbd3cee0ff7,300,F02,1286,31
S2,-14,22,73290937,ede80efd840479aad2662cbd3cee0ff7,300,UNB,1287,31
S2,-14,22,73290937,ede80efd840479aad2662cbd3cee0ff7,300,ADA_local_c04_t30_A,1288,31
S2,-14,23,73290938,2ea0765e13981d16f15c8d3b84ad2899,300,SMR,1289,31
S2,-14,23,73290938,2ea0765e13981d16f15c8d3b84ad2899,300,F02,1290,31
S2,-14,23,73290938,2ea0765e13981d16f15c8d3b84ad2899,300,UNB,1291,31
S2,-14,23,73290938,2ea0765e13981d16f15c8d3b84ad2899,300,ADA_local_c04_t30_A,1292,31
S2,-14,24,73290939,8b4eb556a47898a2f37aecb79e32115e,300,SMR,1293,31
S2,-14,24,73290939,8b4eb556a47898a2f37aecb79e32115e,300,F02,1294,31
S2,-14,24,73290939,8b4eb556a47898a2f37aecb79e32115e,300,UNB,1295,31
S2,-14,24,73290939,8b4eb556a47898a2f37aecb79e32115e,300,ADA_local_c04_t30_A,1296,31
S2,-14,25,73290940,14950f2254b42256a37b46b044dc014b,300,SMR,1297,31
S2,-14,25,73290940,14950f2254b42256a37b46b044dc014b,300,F02,1298,31
S2,-14,25,73290940,14950f2254b42256a37b46b044dc014b,300,UNB,1299,31
S2,-14,25,73290940,14950f2254b42256a37b46b044dc014b,300,ADA_local_c04_t30_A,1300,31
S2,-14,26,73290941,a29bd88edf7ae9bd3f640679e0ab274a,300,SMR,1301,31
S2,-14,26,73290941,a29bd88edf7ae9bd3f640679e0ab274a,300,F02,1302,31
S2,-14,26,73290941,a29bd88edf7ae9bd3f640679e0ab274a,300,UNB,1303,31
S2,-14,26,73290941,a29bd88edf7ae9bd3f640679e0ab274a,300,ADA_local_c04_t30_A,1304,31
S2,-14,27,73290942,917d12ee0822ae55f376b3562800e717,300,SMR,1305,31
S2,-14,27,73290942,917d12ee0822ae55f376b3562800e717,300,F02,1306,31
S2,-14,27,73290942,917d12ee0822ae55f376b3562800e717,300,UNB,1307,31
S2,-14,27,73290942,917d12ee0822ae55f376b3562800e717,300,ADA_local_c04_t30_A,1308,31
S2,-14,28,73290943,4bfa9e73de9532ee51fd3e7d01a8a3f2,300,SMR,1309,31
S2,-14,28,73290943,4bfa9e73de9532ee51fd3e7d01a8a3f2,300,F02,1310,31
S2,-14,28,73290943,4bfa9e73de9532ee51fd3e7d01a8a3f2,300,UNB,1311,31
S2,-14,28,73290943,4bfa9e73de9532ee51fd3e7d01a8a3f2,300,ADA_local_c04_t30_A,1312,31
S2,-14,29,73290944,b1e7b767765d1d8ec2ffeb7a8cfbc0d0,300,SMR,1313,31
S2,-14,29,73290944,b1e7b767765d1d8ec2ffeb7a8cfbc0d0,300,F02,1314,31
S2,-14,29,73290944,b1e7b767765d1d8ec2ffeb7a8cfbc0d0,300,UNB,1315,31
S2,-14,29,73290944,b1e7b767765d1d8ec2ffeb7a8cfbc0d0,300,ADA_local_c04_t30_A,1316,31
S2,-14,30,73290945,25da4101f2ddd283d11e45404a7d4d3a,300,SMR,1317,31
S2,-14,30,73290945,25da4101f2ddd283d11e45404a7d4d3a,300,F02,1318,31
S2,-14,30,73290945,25da4101f2ddd283d11e45404a7d4d3a,300,UNB,1319,31
S2,-14,30,73290945,25da4101f2ddd283d11e45404a7d4d3a,300,ADA_local_c04_t30_A,1320,31
S2,-14,31,73290946,fce8107ad436ebd3da88344fb693f8a3,300,SMR,1321,31
S2,-14,31,73290946,fce8107ad436ebd3da88344fb693f8a3,300,F02,1322,31
S2,-14,31,73290946,fce8107ad436ebd3da88344fb693f8a3,300,UNB,1323,31
S2,-14,31,73290946,fce8107ad436ebd3da88344fb693f8a3,300,ADA_local_c04_t30_A,1324,31
S2,-14,32,73290947,84df96b0020cfb1cfe546a2ca53c2f4d,300,SMR,1325,31
S2,-14,32,73290947,84df96b0020cfb1cfe546a2ca53c2f4d,300,F02,1326,31
S2,-14,32,73290947,84df96b0020cfb1cfe546a2ca53c2f4d,300,UNB,1327,31
S2,-14,32,73290947,84df96b0020cfb1cfe546a2ca53c2f4d,300,ADA_local_c04_t30_A,1328,31
S2,-14,33,73290948,3c7819d49ab04ae996fb19dc13c6e326,300,SMR,1329,31
S2,-14,33,73290948,3c7819d49ab04ae996fb19dc13c6e326,300,F02,1330,31
S2,-14,33,73290948,3c7819d49ab04ae996fb19dc13c6e326,300,UNB,1331,31
S2,-14,33,73290948,3c7819d49ab04ae996fb19dc13c6e326,300,ADA_local_c04_t30_A,1332,31
S2,-14,34,73290949,4c2f13b7fa699b6dbc6190bd82eab236,300,SMR,1333,31
S2,-14,34,73290949,4c2f13b7fa699b6dbc6190bd82eab236,300,F02,1334,31
S2,-14,34,73290949,4c2f13b7fa699b6dbc6190bd82eab236,300,UNB,1335,31
S2,-14,34,73290949,4c2f13b7fa699b6dbc6190bd82eab236,300,ADA_local_c04_t30_A,1336,31
S2,-14,35,73290950,90b04b51a1c060f72066e207e8fc1be8,300,SMR,1337,31
S2,-14,35,73290950,90b04b51a1c060f72066e207e8fc1be8,300,F02,1338,31
S2,-14,35,73290950,90b04b51a1c060f72066e207e8fc1be8,300,UNB,1339,31
S2,-14,35,73290950,90b04b51a1c060f72066e207e8fc1be8,300,ADA_local_c04_t30_A,1340,31
S2,-14,36,73290951,20bcef7080e1a47c4fda9844c9ed62bd,300,SMR,1341,31
S2,-14,36,73290951,20bcef7080e1a47c4fda9844c9ed62bd,300,F02,1342,31
S2,-14,36,73290951,20bcef7080e1a47c4fda9844c9ed62bd,300,UNB,1343,31
S2,-14,36,73290951,20bcef7080e1a47c4fda9844c9ed62bd,300,ADA_local_c04_t30_A,1344,31
S2,-14,37,73290952,96dc8a1a209ba3f7573adee52d8c3056,300,SMR,1345,31
S2,-14,37,73290952,96dc8a1a209ba3f7573adee52d8c3056,300,F02,1346,31
S2,-14,37,73290952,96dc8a1a209ba3f7573adee52d8c3056,300,UNB,1347,31
S2,-14,37,73290952,96dc8a1a209ba3f7573adee52d8c3056,300,ADA_local_c04_t30_A,1348,31
S2,-14,38,73290953,daa8c2c8824545181e38a117960e0756,300,SMR,1349,31
S2,-14,38,73290953,daa8c2c8824545181e38a117960e0756,300,F02,1350,31
S2,-14,38,73290953,daa8c2c8824545181e38a117960e0756,300,UNB,1351,31
S2,-14,38,73290953,daa8c2c8824545181e38a117960e0756,300,ADA_local_c04_t30_A,1352,31
S2,-14,39,73290954,acea16152dd7373ef4088afb4ecad8ad,300,SMR,1353,31
S2,-14,39,73290954,acea16152dd7373ef4088afb4ecad8ad,300,F02,1354,31
S2,-14,39,73290954,acea16152dd7373ef4088afb4ecad8ad,300,UNB,1355,31
S2,-14,39,73290954,acea16152dd7373ef4088afb4ecad8ad,300,ADA_local_c04_t30_A,1356,31
S2,-14,40,73290955,bc4f510a6b1c53c25034bfd810b6d184,300,SMR,1357,31
S2,-14,40,73290955,bc4f510a6b1c53c25034bfd810b6d184,300,F02,1358,31
S2,-14,40,73290955,bc4f510a6b1c53c25034bfd810b6d184,300,UNB,1359,31
S2,-14,40,73290955,bc4f510a6b1c53c25034bfd810b6d184,300,ADA_local_c04_t30_A,1360,31
S2,-14,41,73290956,1d7976f5844110ea619e47d859e201b1,300,SMR,1361,31
S2,-14,41,73290956,1d7976f5844110ea619e47d859e201b1,300,F02,1362,31
S2,-14,41,73290956,1d7976f5844110ea619e47d859e201b1,300,UNB,1363,31
S2,-14,41,73290956,1d7976f5844110ea619e47d859e201b1,300,ADA_local_c04_t30_A,1364,31
S2,-14,42,73290957,b828c265e8b3152cd492bfff501a7d10,300,SMR,1365,31
S2,-14,42,73290957,b828c265e8b3152cd492bfff501a7d10,300,F02,1366,31
S2,-14,42,73290957,b828c265e8b3152cd492bfff501a7d10,300,UNB,1367,31
S2,-14,42,73290957,b828c265e8b3152cd492bfff501a7d10,300,ADA_local_c04_t30_A,1368,31
S2,-14,43,73290958,f5a732063f26987966a14ec6f1605f74,300,SMR,1369,31
S2,-14,43,73290958,f5a732063f26987966a14ec6f1605f74,300,F02,1370,31
S2,-14,43,73290958,f5a732063f26987966a14ec6f1605f74,300,UNB,1371,31
S2,-14,43,73290958,f5a732063f26987966a14ec6f1605f74,300,ADA_local_c04_t30_A,1372,31
S2,-14,44,73290959,36e5b1962af10440a7aec9b1a5a38b06,300,SMR,1373,31
S2,-14,44,73290959,36e5b1962af10440a7aec9b1a5a38b06,300,F02,1374,31
S2,-14,44,73290959,36e5b1962af10440a7aec9b1a5a38b06,300,UNB,1375,31
S2,-14,44,73290959,36e5b1962af10440a7aec9b1a5a38b06,300,ADA_local_c04_t30_A,1376,31
S2,-14,45,73290960,e990ed99c986e8d5f53a7d063d52d03e,300,SMR,1377,31
S2,-14,45,73290960,e990ed99c986e8d5f53a7d063d52d03e,300,F02,1378,31
S2,-14,45,73290960,e990ed99c986e8d5f53a7d063d52d03e,300,UNB,1379,31
S2,-14,45,73290960,e990ed99c986e8d5f53a7d063d52d03e,300,ADA_local_c04_t30_A,1380,31
S2,-14,46,73290961,5ecd5f9deeba781ae043db260f151e7a,300,SMR,1381,31
S2,-14,46,73290961,5ecd5f9deeba781ae043db260f151e7a,300,F02,1382,31
S2,-14,46,73290961,5ecd5f9deeba781ae043db260f151e7a,300,UNB,1383,31
S2,-14,46,73290961,5ecd5f9deeba781ae043db260f151e7a,300,ADA_local_c04_t30_A,1384,31
S2,-14,47,73290962,868ced164001cf261f6b4201f81a7cfe,300,SMR,1385,31
S2,-14,47,73290962,868ced164001cf261f6b4201f81a7cfe,300,F02,1386,31
S2,-14,47,73290962,868ced164001cf261f6b4201f81a7cfe,300,UNB,1387,31
S2,-14,47,73290962,868ced164001cf261f6b4201f81a7cfe,300,ADA_local_c04_t30_A,1388,31
S2,-14,48,73290963,89561554211e9e48dd9a7ced66418ef2,300,SMR,1389,31
S2,-14,48,73290963,89561554211e9e48dd9a7ced66418ef2,300,F02,1390,31
S2,-14,48,73290963,89561554211e9e48dd9a7ced66418ef2,300,UNB,1391,31
S2,-14,48,73290963,89561554211e9e48dd9a7ced66418ef2,300,ADA_local_c04_t30_A,1392,31
S2,-14,49,73290964,19bdf0a5ec1892b3e992b7a6c2d17a79,300,SMR,1393,31
S2,-14,49,73290964,19bdf0a5ec1892b3e992b7a6c2d17a79,300,F02,1394,31
S2,-14,49,73290964,19bdf0a5ec1892b3e992b7a6c2d17a79,300,UNB,1395,31
S2,-14,49,73290964,19bdf0a5ec1892b3e992b7a6c2d17a79,300,ADA_local_c04_t30_A,1396,31
S2,-14,50,73290965,d2a31f25415ab55f7f93baa97a18af6b,300,SMR,1397,31
S2,-14,50,73290965,d2a31f25415ab55f7f93baa97a18af6b,300,F02,1398,31
S2,-14,50,73290965,d2a31f25415ab55f7f93baa97a18af6b,300,UNB,1399,31
S2,-14,50,73290965,d2a31f25415ab55f7f93baa97a18af6b,300,ADA_local_c04_t30_A,1400,31
S2,-14,51,73290966,b9e277c7a077e7bbc907cee6073abc2b,300,SMR,1401,31
S2,-14,51,73290966,b9e277c7a077e7bbc907cee6073abc2b,300,F02,1402,31
S2,-14,51,73290966,b9e277c7a077e7bbc907cee6073abc2b,300,UNB,1403,31
S2,-14,51,73290966,b9e277c7a077e7bbc907cee6073abc2b,300,ADA_local_c04_t30_A,1404,31
S2,-14,52,73290967,b9b257d9a2eead8f4c68e1acfb0a3180,300,SMR,1405,31
S2,-14,52,73290967,b9b257d9a2eead8f4c68e1acfb0a3180,300,F02,1406,31
S2,-14,52,73290967,b9b257d9a2eead8f4c68e1acfb0a3180,300,UNB,1407,31
S2,-14,52,73290967,b9b257d9a2eead8f4c68e1acfb0a3180,300,ADA_local_c04_t30_A,1408,31
S2,-14,53,73290968,203a2ee12645b4628de469ebee82efc3,300,SMR,1409,31
S2,-14,53,73290968,203a2ee12645b4628de469ebee82efc3,300,F02,1410,31
S2,-14,53,73290968,203a2ee12645b4628de469ebee82efc3,300,UNB,1411,31
S2,-14,53,73290968,203a2ee12645b4628de469ebee82efc3,300,ADA_local_c04_t30_A,1412,31
S2,-14,54,73290969,de9bb02672596af27323234ea7a25adb,300,SMR,1413,31
S2,-14,54,73290969,de9bb02672596af27323234ea7a25adb,300,F02,1414,31
S2,-14,54,73290969,de9bb02672596af27323234ea7a25adb,300,UNB,1415,31
S2,-14,54,73290969,de9bb02672596af27323234ea7a25adb,300,ADA_local_c04_t30_A,1416,31
S2,-14,55,73290970,c595a0fe0310290ad6858b59da07342a,300,SMR,1417,31
S2,-14,55,73290970,c595a0fe0310290ad6858b59da07342a,300,F02,1418,31
S2,-14,55,73290970,c595a0fe0310290ad6858b59da07342a,300,UNB,1419,31
S2,-14,55,73290970,c595a0fe0310290ad6858b59da07342a,300,ADA_local_c04_t30_A,1420,31
S2,-14,56,73290971,3ab9691152c144765ab2c0b4841d9066,300,SMR,1421,31
S2,-14,56,73290971,3ab9691152c144765ab2c0b4841d9066,300,F02,1422,31
S2,-14,56,73290971,3ab9691152c144765ab2c0b4841d9066,300,UNB,1423,31
S2,-14,56,73290971,3ab9691152c144765ab2c0b4841d9066,300,ADA_local_c04_t30_A,1424,31
S2,-14,57,73290972,0f3a33835aa56df4829396d62d198b4a,300,SMR,1425,31
S2,-14,57,73290972,0f3a33835aa56df4829396d62d198b4a,300,F02,1426,31
S2,-14,57,73290972,0f3a33835aa56df4829396d62d198b4a,300,UNB,1427,31
S2,-14,57,73290972,0f3a33835aa56df4829396d62d198b4a,300,ADA_local_c04_t30_A,1428,31
S2,-14,58,73290973,2a531840e37bdc9a56f6f0bedcac68fe,300,SMR,1429,31
S2,-14,58,73290973,2a531840e37bdc9a56f6f0bedcac68fe,300,F02,1430,31
S2,-14,58,73290973,2a531840e37bdc9a56f6f0bedcac68fe,300,UNB,1431,31
S2,-14,58,73290973,2a531840e37bdc9a56f6f0bedcac68fe,300,ADA_local_c04_t30_A,1432,31
S2,-14,59,73290974,ee1490a83f8fcef3d5d1e4849f2defac,300,SMR,1433,31
S2,-14,59,73290974,ee1490a83f8fcef3d5d1e4849f2defac,300,F02,1434,31
S2,-14,59,73290974,ee1490a83f8fcef3d5d1e4849f2defac,300,UNB,1435,31
S2,-14,59,73290974,ee1490a83f8fcef3d5d1e4849f2defac,300,ADA_local_c04_t30_A,1436,31
S2,-14,60,73290975,509502b6d8168602a1931369db39af79,300,SMR,1437,31
S2,-14,60,73290975,509502b6d8168602a1931369db39af79,300,F02,1438,31
S2,-14,60,73290975,509502b6d8168602a1931369db39af79,300,UNB,1439,31
S2,-14,60,73290975,509502b6d8168602a1931369db39af79,300,ADA_local_c04_t30_A,1440,31
S2,-14,61,73290976,e0375672b14c31f349737071f13e7f5d,300,SMR,1441,31
S2,-14,61,73290976,e0375672b14c31f349737071f13e7f5d,300,F02,1442,31
S2,-14,61,73290976,e0375672b14c31f349737071f13e7f5d,300,UNB,1443,31
S2,-14,61,73290976,e0375672b14c31f349737071f13e7f5d,300,ADA_local_c04_t30_A,1444,31
S2,-14,62,73290977,3855b53746008a243580d3668e959648,300,SMR,1445,31
S2,-14,62,73290977,3855b53746008a243580d3668e959648,300,F02,1446,31
S2,-14,62,73290977,3855b53746008a243580d3668e959648,300,UNB,1447,31
S2,-14,62,73290977,3855b53746008a243580d3668e959648,300,ADA_local_c04_t30_A,1448,31
S2,-14,63,73290978,ac8d69cc2a4b30f74f01ce7ad6ffcf68,300,SMR,1449,31
S2,-14,63,73290978,ac8d69cc2a4b30f74f01ce7ad6ffcf68,300,F02,1450,31
S2,-14,63,73290978,ac8d69cc2a4b30f74f01ce7ad6ffcf68,300,UNB,1451,31
S2,-14,63,73290978,ac8d69cc2a4b30f74f01ce7ad6ffcf68,300,ADA_local_c04_t30_A,1452,31
S2,-14,64,73290979,d24fe38ea3586caa8162c750216518e1,300,SMR,1453,31
S2,-14,64,73290979,d24fe38ea3586caa8162c750216518e1,300,F02,1454,31
S2,-14,64,73290979,d24fe38ea3586caa8162c750216518e1,300,UNB,1455,31
S2,-14,64,73290979,d24fe38ea3586caa8162c750216518e1,300,ADA_local_c04_t30_A,1456,31
S2,-14,65,73290980,61020def3bd0a3daea61428932f15245,300,SMR,1457,31
S2,-14,65,73290980,61020def3bd0a3daea61428932f15245,300,F02,1458,31
S2,-14,65,73290980,61020def3bd0a3daea61428932f15245,300,UNB,1459,31
S2,-14,65,73290980,61020def3bd0a3daea61428932f15245,300,ADA_local_c04_t30_A,1460,31
S2,-14,66,73290981,46d98af6b7bcf6acd3dddaeb8ebd98f5,300,SMR,1461,31
S2,-14,66,73290981,46d98af6b7bcf6acd3dddaeb8ebd98f5,300,F02,1462,31
S2,-14,66,73290981,46d98af6b7bcf6acd3dddaeb8ebd98f5,300,UNB,1463,31
S2,-14,66,73290981,46d98af6b7bcf6acd3dddaeb8ebd98f5,300,ADA_local_c04_t30_A,1464,31
S2,-14,67,73290982,2f47089e42e4d0084541381f4365c296,300,SMR,1465,31
S2,-14,67,73290982,2f47089e42e4d0084541381f4365c296,300,F02,1466,31
S2,-14,67,73290982,2f47089e42e4d0084541381f4365c296,300,UNB,1467,31
S2,-14,67,73290982,2f47089e42e4d0084541381f4365c296,300,ADA_local_c04_t30_A,1468,31
S2,-14,68,73290983,b378c86d576ca40ea0531d628976ebad,300,SMR,1469,31
S2,-14,68,73290983,b378c86d576ca40ea0531d628976ebad,300,F02,1470,31
S2,-14,68,73290983,b378c86d576ca40ea0531d628976ebad,300,UNB,1471,31
S2,-14,68,73290983,b378c86d576ca40ea0531d628976ebad,300,ADA_local_c04_t30_A,1472,31
S2,-14,69,73290984,d92b2327b2d7facf665584f90b73a681,300,SMR,1473,31
S2,-14,69,73290984,d92b2327b2d7facf665584f90b73a681,300,F02,1474,31
S2,-14,69,73290984,d92b2327b2d7facf665584f90b73a681,300,UNB,1475,31
S2,-14,69,73290984,d92b2327b2d7facf665584f90b73a681,300,ADA_local_c04_t30_A,1476,31
S2,-14,70,73290985,0fc52bbf81f8a9d2211555d0cf2b423c,300,SMR,1477,31
S2,-14,70,73290985,0fc52bbf81f8a9d2211555d0cf2b423c,300,F02,1478,31
S2,-14,70,73290985,0fc52bbf81f8a9d2211555d0cf2b423c,300,UNB,1479,31
S2,-14,70,73290985,0fc52bbf81f8a9d2211555d0cf2b423c,300,ADA_local_c04_t30_A,1480,31
S2,-14,71,73290986,1b69782acb356a64f14a43a488c8799f,300,SMR,1481,31
S2,-14,71,73290986,1b69782acb356a64f14a43a488c8799f,300,F02,1482,31
S2,-14,71,73290986,1b69782acb356a64f14a43a488c8799f,300,UNB,1483,31
S2,-14,71,73290986,1b69782acb356a64f14a43a488c8799f,300,ADA_local_c04_t30_A,1484,31
S2,-14,72,73290987,7bac719df4887b7910f8b54b72a32bc2,300,SMR,1485,31
S2,-14,72,73290987,7bac719df4887b7910f8b54b72a32bc2,300,F02,1486,31
S2,-14,72,73290987,7bac719df4887b7910f8b54b72a32bc2,300,UNB,1487,31
S2,-14,72,73290987,7bac719df4887b7910f8b54b72a32bc2,300,ADA_local_c04_t30_A,1488,31
S2,-14,73,73290988,fbe71e49272ff19db4ef9c389ddf64d3,300,SMR,1489,31
S2,-14,73,73290988,fbe71e49272ff19db4ef9c389ddf64d3,300,F02,1490,31
S2,-14,73,73290988,fbe71e49272ff19db4ef9c389ddf64d3,300,UNB,1491,31
S2,-14,73,73290988,fbe71e49272ff19db4ef9c389ddf64d3,300,ADA_local_c04_t30_A,1492,31
S2,-14,74,73290989,63a3b5c97ebd0d419a8223a47ed675b4,300,SMR,1493,31
S2,-14,74,73290989,63a3b5c97ebd0d419a8223a47ed675b4,300,F02,1494,31
S2,-14,74,73290989,63a3b5c97ebd0d419a8223a47ed675b4,300,UNB,1495,31
S2,-14,74,73290989,63a3b5c97ebd0d419a8223a47ed675b4,300,ADA_local_c04_t30_A,1496,31
S2,-14,75,73290990,dd5cabb5e0fab9903b54c35e38e264c1,300,SMR,1497,31
S2,-14,75,73290990,dd5cabb5e0fab9903b54c35e38e264c1,300,F02,1498,31
S2,-14,75,73290990,dd5cabb5e0fab9903b54c35e38e264c1,300,UNB,1499,31
S2,-14,75,73290990,dd5cabb5e0fab9903b54c35e38e264c1,300,ADA_local_c04_t30_A,1500,31
S2,-14,76,73290991,74b542821b8b3ce29e040a59a7569e4a,300,SMR,1501,31
S2,-14,76,73290991,74b542821b8b3ce29e040a59a7569e4a,300,F02,1502,31
S2,-14,76,73290991,74b542821b8b3ce29e040a59a7569e4a,300,UNB,1503,31
S2,-14,76,73290991,74b542821b8b3ce29e040a59a7569e4a,300,ADA_local_c04_t30_A,1504,31
S2,-14,77,73290992,60d48488753dc38b06b62117c9eac725,300,SMR,1505,31
S2,-14,77,73290992,60d48488753dc38b06b62117c9eac725,300,F02,1506,31
S2,-14,77,73290992,60d48488753dc38b06b62117c9eac725,300,UNB,1507,31
S2,-14,77,73290992,60d48488753dc38b06b62117c9eac725,300,ADA_local_c04_t30_A,1508,31
S2,-14,78,73290993,fc6c7e42e94d87a257e9ee4415c04b00,300,SMR,1509,31
S2,-14,78,73290993,fc6c7e42e94d87a257e9ee4415c04b00,300,F02,1510,31
S2,-14,78,73290993,fc6c7e42e94d87a257e9ee4415c04b00,300,UNB,1511,31
S2,-14,78,73290993,fc6c7e42e94d87a257e9ee4415c04b00,300,ADA_local_c04_t30_A,1512,31
S2,-14,79,73290994,1ac967097f7e3f9779876cbd9632593c,300,SMR,1513,31
S2,-14,79,73290994,1ac967097f7e3f9779876cbd9632593c,300,F02,1514,31
S2,-14,79,73290994,1ac967097f7e3f9779876cbd9632593c,300,UNB,1515,31
S2,-14,79,73290994,1ac967097f7e3f9779876cbd9632593c,300,ADA_local_c04_t30_A,1516,31
S2,-14,80,73290995,d581ee062c440b3ce1b8a534bb6cf550,300,SMR,1517,31
S2,-14,80,73290995,d581ee062c440b3ce1b8a534bb6cf550,300,F02,1518,31
S2,-14,80,73290995,d581ee062c440b3ce1b8a534bb6cf550,300,UNB,1519,31
S2,-14,80,73290995,d581ee062c440b3ce1b8a534bb6cf550,300,ADA_local_c04_t30_A,1520,31
S2,-14,81,73290996,2a9635f6ae8c4e10f0e9a92107a13ae6,300,SMR,1521,31
S2,-14,81,73290996,2a9635f6ae8c4e10f0e9a92107a13ae6,300,F02,1522,31
S2,-14,81,73290996,2a9635f6ae8c4e10f0e9a92107a13ae6,300,UNB,1523,31
S2,-14,81,73290996,2a9635f6ae8c4e10f0e9a92107a13ae6,300,ADA_local_c04_t30_A,1524,31
S2,-14,82,73290997,302b1f64930bb723995fe0ad4f5692ba,300,SMR,1525,31
S2,-14,82,73290997,302b1f64930bb723995fe0ad4f5692ba,300,F02,1526,31
S2,-14,82,73290997,302b1f64930bb723995fe0ad4f5692ba,300,UNB,1527,31
S2,-14,82,73290997,302b1f64930bb723995fe0ad4f5692ba,300,ADA_local_c04_t30_A,1528,31
S2,-14,83,73290998,203ff9c483b018174cfcfb9d95c2c5c1,300,SMR,1529,31
S2,-14,83,73290998,203ff9c483b018174cfcfb9d95c2c5c1,300,F02,1530,31
S2,-14,83,73290998,203ff9c483b018174cfcfb9d95c2c5c1,300,UNB,1531,31
S2,-14,83,73290998,203ff9c483b018174cfcfb9d95c2c5c1,300,ADA_local_c04_t30_A,1532,31
S2,-14,84,73290999,9f97c9ab2ca4d43742254cc46f69e8b6,300,SMR,1533,31
S2,-14,84,73290999,9f97c9ab2ca4d43742254cc46f69e8b6,300,F02,1534,31
S2,-14,84,73290999,9f97c9ab2ca4d43742254cc46f69e8b6,300,UNB,1535,31
S2,-14,84,73290999,9f97c9ab2ca4d43742254cc46f69e8b6,300,ADA_local_c04_t30_A,1536,31
S2,-14,85,73291000,b82f7ac30c785620714c67481032f340,300,SMR,1537,31
S2,-14,85,73291000,b82f7ac30c785620714c67481032f340,300,F02,1538,31
S2,-14,85,73291000,b82f7ac30c785620714c67481032f340,300,UNB,1539,31
S2,-14,85,73291000,b82f7ac30c785620714c67481032f340,300,ADA_local_c04_t30_A,1540,31
S2,-14,86,73291001,46ddd29d0d64da2c0ca54c977273f4c8,300,SMR,1541,31
S2,-14,86,73291001,46ddd29d0d64da2c0ca54c977273f4c8,300,F02,1542,31
S2,-14,86,73291001,46ddd29d0d64da2c0ca54c977273f4c8,300,UNB,1543,31
S2,-14,86,73291001,46ddd29d0d64da2c0ca54c977273f4c8,300,ADA_local_c04_t30_A,1544,31
S2,-14,87,73291002,12c5a57fa7a260bb6520672c1dab3b5b,300,SMR,1545,31
S2,-14,87,73291002,12c5a57fa7a260bb6520672c1dab3b5b,300,F02,1546,31
S2,-14,87,73291002,12c5a57fa7a260bb6520672c1dab3b5b,300,UNB,1547,31
S2,-14,87,73291002,12c5a57fa7a260bb6520672c1dab3b5b,300,ADA_local_c04_t30_A,1548,31
S2,-14,88,73291003,cbbb76a9f7a078998f89f7a6fedfc43f,300,SMR,1549,31
S2,-14,88,73291003,cbbb76a9f7a078998f89f7a6fedfc43f,300,F02,1550,31
S2,-14,88,73291003,cbbb76a9f7a078998f89f7a6fedfc43f,300,UNB,1551,31
S2,-14,88,73291003,cbbb76a9f7a078998f89f7a6fedfc43f,300,ADA_local_c04_t30_A,1552,31
S2,-14,89,73291004,667f1823df5c11e06288c04fd9222f26,300,SMR,1553,31
S2,-14,89,73291004,667f1823df5c11e06288c04fd9222f26,300,F02,1554,31
S2,-14,89,73291004,667f1823df5c11e06288c04fd9222f26,300,UNB,1555,31
S2,-14,89,73291004,667f1823df5c11e06288c04fd9222f26,300,ADA_local_c04_t30_A,1556,31
S2,-14,90,73291005,45f7a6563b2db631b595d985a289dc90,300,SMR,1557,31
S2,-14,90,73291005,45f7a6563b2db631b595d985a289dc90,300,F02,1558,31
S2,-14,90,73291005,45f7a6563b2db631b595d985a289dc90,300,UNB,1559,31
S2,-14,90,73291005,45f7a6563b2db631b595d985a289dc90,300,ADA_local_c04_t30_A,1560,31
S2,-14,91,73291006,19dc0dd4cc37ad524e10bb8eddfb92a5,300,SMR,1561,31
S2,-14,91,73291006,19dc0dd4cc37ad524e10bb8eddfb92a5,300,F02,1562,31
S2,-14,91,73291006,19dc0dd4cc37ad524e10bb8eddfb92a5,300,UNB,1563,31
S2,-14,91,73291006,19dc0dd4cc37ad524e10bb8eddfb92a5,300,ADA_local_c04_t30_A,1564,31
S2,-14,92,73291007,69c8a4ce960f08145d90024e0c62f79e,300,SMR,1565,31
S2,-14,92,73291007,69c8a4ce960f08145d90024e0c62f79e,300,F02,1566,31
S2,-14,92,73291007,69c8a4ce960f08145d90024e0c62f79e,300,UNB,1567,31
S2,-14,92,73291007,69c8a4ce960f08145d90024e0c62f79e,300,ADA_local_c04_t30_A,1568,31
S2,-14,93,73291008,06d1d9ee9aaace9a2bee597d8300d71e,300,SMR,1569,31
S2,-14,93,73291008,06d1d9ee9aaace9a2bee597d8300d71e,300,F02,1570,31
S2,-14,93,73291008,06d1d9ee9aaace9a2bee597d8300d71e,300,UNB,1571,31
S2,-14,93,73291008,06d1d9ee9aaace9a2bee597d8300d71e,300,ADA_local_c04_t30_A,1572,31
S2,-14,94,73291009,9f5dcce259f69ae6af1480fb3887a55c,300,SMR,1573,31
S2,-14,94,73291009,9f5dcce259f69ae6af1480fb3887a55c,300,F02,1574,31
S2,-14,94,73291009,9f5dcce259f69ae6af1480fb3887a55c,300,UNB,1575,31
S2,-14,94,73291009,9f5dcce259f69ae6af1480fb3887a55c,300,ADA_local_c04_t30_A,1576,31
S2,-14,95,73291010,1745144f81d7da5a192563ed0580516c,300,SMR,1577,31
S2,-14,95,73291010,1745144f81d7da5a192563ed0580516c,300,F02,1578,31
S2,-14,95,73291010,1745144f81d7da5a192563ed0580516c,300,UNB,1579,31
S2,-14,95,73291010,1745144f81d7da5a192563ed0580516c,300,ADA_local_c04_t30_A,1580,31
S2,-14,96,73291011,5d78a6185f865d40d41c7ca832dc6027,300,SMR,1581,31
S2,-14,96,73291011,5d78a6185f865d40d41c7ca832dc6027,300,F02,1582,31
S2,-14,96,73291011,5d78a6185f865d40d41c7ca832dc6027,300,UNB,1583,31
S2,-14,96,73291011,5d78a6185f865d40d41c7ca832dc6027,300,ADA_local_c04_t30_A,1584,31
S2,-14,97,73291012,d16a07943142bd2cb39468acd00d4836,300,SMR,1585,31
S2,-14,97,73291012,d16a07943142bd2cb39468acd00d4836,300,F02,1586,31
S2,-14,97,73291012,d16a07943142bd2cb39468acd00d4836,300,UNB,1587,31
S2,-14,97,73291012,d16a07943142bd2cb39468acd00d4836,300,ADA_local_c04_t30_A,1588,31
S2,-14,98,73291013,e7d25f90c948a333da8e9397d79deefb,300,SMR,1589,31
S2,-14,98,73291013,e7d25f90c948a333da8e9397d79deefb,300,F02,1590,31
S2,-14,98,73291013,e7d25f90c948a333da8e9397d79deefb,300,UNB,1591,31
S2,-14,98,73291013,e7d25f90c948a333da8e9397d79deefb,300,ADA_local_c04_t30_A,1592,31
S2,-14,99,73291014,f70152e76f439b826ab9841929d186ae,300,SMR,1593,31
S2,-14,99,73291014,f70152e76f439b826ab9841929d186ae,300,F02,1594,31
S2,-14,99,73291014,f70152e76f439b826ab9841929d186ae,300,UNB,1595,31
S2,-14,99,73291014,f70152e76f439b826ab9841929d186ae,300,ADA_local_c04_t30_A,1596,31
S2,-14,100,73291015,173a9e4bcafdb1d7c9ab6db5334f926c,300,SMR,1597,31
S2,-14,100,73291015,173a9e4bcafdb1d7c9ab6db5334f926c,300,F02,1598,31
S2,-14,100,73291015,173a9e4bcafdb1d7c9ab6db5334f926c,300,UNB,1599,31
S2,-14,100,73291015,173a9e4bcafdb1d7c9ab6db5334f926c,300,ADA_local_c04_t30_A,1600,31
S2,-17,1,73290916,c046a187b5e326750ed77206a538fd83,300,SMR,1601,31
S2,-17,1,73290916,c046a187b5e326750ed77206a538fd83,300,F02,1602,31
S2,-17,1,73290916,c046a187b5e326750ed77206a538fd83,300,UNB,1603,31
S2,-17,1,73290916,c046a187b5e326750ed77206a538fd83,300,ADA_local_c04_t30_A,1604,31
S2,-17,2,73290917,7e24ad02d701edb8c23ee11a5699f84b,300,SMR,1605,31
S2,-17,2,73290917,7e24ad02d701edb8c23ee11a5699f84b,300,F02,1606,31
S2,-17,2,73290917,7e24ad02d701edb8c23ee11a5699f84b,300,UNB,1607,31
S2,-17,2,73290917,7e24ad02d701edb8c23ee11a5699f84b,300,ADA_local_c04_t30_A,1608,31
S2,-17,3,73290918,750f6cdd437aa09711a83abad97a8164,300,SMR,1609,31
S2,-17,3,73290918,750f6cdd437aa09711a83abad97a8164,300,F02,1610,31
S2,-17,3,73290918,750f6cdd437aa09711a83abad97a8164,300,UNB,1611,31
S2,-17,3,73290918,750f6cdd437aa09711a83abad97a8164,300,ADA_local_c04_t30_A,1612,31
S2,-17,4,73290919,716dc1c1f3fd9906853329e5bf409e69,300,SMR,1613,31
S2,-17,4,73290919,716dc1c1f3fd9906853329e5bf409e69,300,F02,1614,31
S2,-17,4,73290919,716dc1c1f3fd9906853329e5bf409e69,300,UNB,1615,31
S2,-17,4,73290919,716dc1c1f3fd9906853329e5bf409e69,300,ADA_local_c04_t30_A,1616,31
S2,-17,5,73290920,81a4c52df240a9237a84c8b277848cdc,300,SMR,1617,31
S2,-17,5,73290920,81a4c52df240a9237a84c8b277848cdc,300,F02,1618,31
S2,-17,5,73290920,81a4c52df240a9237a84c8b277848cdc,300,UNB,1619,31
S2,-17,5,73290920,81a4c52df240a9237a84c8b277848cdc,300,ADA_local_c04_t30_A,1620,31
S2,-17,6,73290921,4cb11a6efd6b5522353067f90cceb5a7,300,SMR,1621,31
S2,-17,6,73290921,4cb11a6efd6b5522353067f90cceb5a7,300,F02,1622,31
S2,-17,6,73290921,4cb11a6efd6b5522353067f90cceb5a7,300,UNB,1623,31
S2,-17,6,73290921,4cb11a6efd6b5522353067f90cceb5a7,300,ADA_local_c04_t30_A,1624,31
S2,-17,7,73290922,d72deea1fea15d899b93092812cd556c,300,SMR,1625,31
S2,-17,7,73290922,d72deea1fea15d899b93092812cd556c,300,F02,1626,31
S2,-17,7,73290922,d72deea1fea15d899b93092812cd556c,300,UNB,1627,31
S2,-17,7,73290922,d72deea1fea15d899b93092812cd556c,300,ADA_local_c04_t30_A,1628,31
S2,-17,8,73290923,d62a78c67bd604e5022479b85b4cb643,300,SMR,1629,31
S2,-17,8,73290923,d62a78c67bd604e5022479b85b4cb643,300,F02,1630,31
S2,-17,8,73290923,d62a78c67bd604e5022479b85b4cb643,300,UNB,1631,31
S2,-17,8,73290923,d62a78c67bd604e5022479b85b4cb643,300,ADA_local_c04_t30_A,1632,31
S2,-17,9,73290924,d556993e3baf73afe5125d79094e818c,300,SMR,1633,31
S2,-17,9,73290924,d556993e3baf73afe5125d79094e818c,300,F02,1634,31
S2,-17,9,73290924,d556993e3baf73afe5125d79094e818c,300,UNB,1635,31
S2,-17,9,73290924,d556993e3baf73afe5125d79094e818c,300,ADA_local_c04_t30_A,1636,31
S2,-17,10,73290925,dbf4da478290a0a7aee4c32e2f5c9058,300,SMR,1637,31
S2,-17,10,73290925,dbf4da478290a0a7aee4c32e2f5c9058,300,F02,1638,31
S2,-17,10,73290925,dbf4da478290a0a7aee4c32e2f5c9058,300,UNB,1639,31
S2,-17,10,73290925,dbf4da478290a0a7aee4c32e2f5c9058,300,ADA_local_c04_t30_A,1640,31
S2,-17,11,73290926,d51090bd13a13a04352e520e5b926c11,300,SMR,1641,31
S2,-17,11,73290926,d51090bd13a13a04352e520e5b926c11,300,F02,1642,31
S2,-17,11,73290926,d51090bd13a13a04352e520e5b926c11,300,UNB,1643,31
S2,-17,11,73290926,d51090bd13a13a04352e520e5b926c11,300,ADA_local_c04_t30_A,1644,31
S2,-17,12,73290927,76976f55cd16af9450c8ba21b9dc2565,300,SMR,1645,31
S2,-17,12,73290927,76976f55cd16af9450c8ba21b9dc2565,300,F02,1646,31
S2,-17,12,73290927,76976f55cd16af9450c8ba21b9dc2565,300,UNB,1647,31
S2,-17,12,73290927,76976f55cd16af9450c8ba21b9dc2565,300,ADA_local_c04_t30_A,1648,31
S2,-17,13,73290928,662c94b0364e23c1ac7d3032b288f6e6,300,SMR,1649,31
S2,-17,13,73290928,662c94b0364e23c1ac7d3032b288f6e6,300,F02,1650,31
S2,-17,13,73290928,662c94b0364e23c1ac7d3032b288f6e6,300,UNB,1651,31
S2,-17,13,73290928,662c94b0364e23c1ac7d3032b288f6e6,300,ADA_local_c04_t30_A,1652,31
S2,-17,14,73290929,38aedd8d9a54b1f45dc2785b7616baf2,300,SMR,1653,31
S2,-17,14,73290929,38aedd8d9a54b1f45dc2785b7616baf2,300,F02,1654,31
S2,-17,14,73290929,38aedd8d9a54b1f45dc2785b7616baf2,300,UNB,1655,31
S2,-17,14,73290929,38aedd8d9a54b1f45dc2785b7616baf2,300,ADA_local_c04_t30_A,1656,31
S2,-17,15,73290930,e2ba3474c4ff5b72276c740d7b8e066d,300,SMR,1657,31
S2,-17,15,73290930,e2ba3474c4ff5b72276c740d7b8e066d,300,F02,1658,31
S2,-17,15,73290930,e2ba3474c4ff5b72276c740d7b8e066d,300,UNB,1659,31
S2,-17,15,73290930,e2ba3474c4ff5b72276c740d7b8e066d,300,ADA_local_c04_t30_A,1660,31
S2,-17,16,73290931,df7f6c0d1884d3d17ddbd45ecabb5584,300,SMR,1661,31
S2,-17,16,73290931,df7f6c0d1884d3d17ddbd45ecabb5584,300,F02,1662,31
S2,-17,16,73290931,df7f6c0d1884d3d17ddbd45ecabb5584,300,UNB,1663,31
S2,-17,16,73290931,df7f6c0d1884d3d17ddbd45ecabb5584,300,ADA_local_c04_t30_A,1664,31
S2,-17,17,73290932,151f04c7b2e52c1c6a9a56044b8c7208,300,SMR,1665,31
S2,-17,17,73290932,151f04c7b2e52c1c6a9a56044b8c7208,300,F02,1666,31
S2,-17,17,73290932,151f04c7b2e52c1c6a9a56044b8c7208,300,UNB,1667,31
S2,-17,17,73290932,151f04c7b2e52c1c6a9a56044b8c7208,300,ADA_local_c04_t30_A,1668,31
S2,-17,18,73290933,eaefb85943898916cd18d88b123be033,300,SMR,1669,31
S2,-17,18,73290933,eaefb85943898916cd18d88b123be033,300,F02,1670,31
S2,-17,18,73290933,eaefb85943898916cd18d88b123be033,300,UNB,1671,31
S2,-17,18,73290933,eaefb85943898916cd18d88b123be033,300,ADA_local_c04_t30_A,1672,31
S2,-17,19,73290934,5ba26f9f319bb1d35ec328739a45f6f6,300,SMR,1673,31
S2,-17,19,73290934,5ba26f9f319bb1d35ec328739a45f6f6,300,F02,1674,31
S2,-17,19,73290934,5ba26f9f319bb1d35ec328739a45f6f6,300,UNB,1675,31
S2,-17,19,73290934,5ba26f9f319bb1d35ec328739a45f6f6,300,ADA_local_c04_t30_A,1676,31
S2,-17,20,73290935,92b163f2fa0c35587be0cc5ff0b1e9f5,300,SMR,1677,31
S2,-17,20,73290935,92b163f2fa0c35587be0cc5ff0b1e9f5,300,F02,1678,31
S2,-17,20,73290935,92b163f2fa0c35587be0cc5ff0b1e9f5,300,UNB,1679,31
S2,-17,20,73290935,92b163f2fa0c35587be0cc5ff0b1e9f5,300,ADA_local_c04_t30_A,1680,31
S2,-17,21,73290936,f8ade18e085d99f67fcc5b2be24a1815,300,SMR,1681,31
S2,-17,21,73290936,f8ade18e085d99f67fcc5b2be24a1815,300,F02,1682,31
S2,-17,21,73290936,f8ade18e085d99f67fcc5b2be24a1815,300,UNB,1683,31
S2,-17,21,73290936,f8ade18e085d99f67fcc5b2be24a1815,300,ADA_local_c04_t30_A,1684,31
S2,-17,22,73290937,3a30f96905f92dee9b70ea438b4c273d,300,SMR,1685,31
S2,-17,22,73290937,3a30f96905f92dee9b70ea438b4c273d,300,F02,1686,31
S2,-17,22,73290937,3a30f96905f92dee9b70ea438b4c273d,300,UNB,1687,31
S2,-17,22,73290937,3a30f96905f92dee9b70ea438b4c273d,300,ADA_local_c04_t30_A,1688,31
S2,-17,23,73290938,7f9b2dd86173a1bcb63472699920f7af,300,SMR,1689,31
S2,-17,23,73290938,7f9b2dd86173a1bcb63472699920f7af,300,F02,1690,31
S2,-17,23,73290938,7f9b2dd86173a1bcb63472699920f7af,300,UNB,1691,31
S2,-17,23,73290938,7f9b2dd86173a1bcb63472699920f7af,300,ADA_local_c04_t30_A,1692,31
S2,-17,24,73290939,6f5f5c7b4b0250ca0fc74f10f3092020,300,SMR,1693,31
S2,-17,24,73290939,6f5f5c7b4b0250ca0fc74f10f3092020,300,F02,1694,31
S2,-17,24,73290939,6f5f5c7b4b0250ca0fc74f10f3092020,300,UNB,1695,31
S2,-17,24,73290939,6f5f5c7b4b0250ca0fc74f10f3092020,300,ADA_local_c04_t30_A,1696,31
S2,-17,25,73290940,8cc916978cca50ea0fea691c84f76473,300,SMR,1697,31
S2,-17,25,73290940,8cc916978cca50ea0fea691c84f76473,300,F02,1698,31
S2,-17,25,73290940,8cc916978cca50ea0fea691c84f76473,300,UNB,1699,31
S2,-17,25,73290940,8cc916978cca50ea0fea691c84f76473,300,ADA_local_c04_t30_A,1700,31
S2,-17,26,73290941,e4fe018fe7060e5661b65ca09f741182,300,SMR,1701,31
S2,-17,26,73290941,e4fe018fe7060e5661b65ca09f741182,300,F02,1702,31
S2,-17,26,73290941,e4fe018fe7060e5661b65ca09f741182,300,UNB,1703,31
S2,-17,26,73290941,e4fe018fe7060e5661b65ca09f741182,300,ADA_local_c04_t30_A,1704,31
S2,-17,27,73290942,040f6876f05b82cc829daedeb2165902,300,SMR,1705,31
S2,-17,27,73290942,040f6876f05b82cc829daedeb2165902,300,F02,1706,31
S2,-17,27,73290942,040f6876f05b82cc829daedeb2165902,300,UNB,1707,31
S2,-17,27,73290942,040f6876f05b82cc829daedeb2165902,300,ADA_local_c04_t30_A,1708,31
S2,-17,28,73290943,c4c6dff09779712330035fbf6dd30a2a,300,SMR,1709,31
S2,-17,28,73290943,c4c6dff09779712330035fbf6dd30a2a,300,F02,1710,31
S2,-17,28,73290943,c4c6dff09779712330035fbf6dd30a2a,300,UNB,1711,31
S2,-17,28,73290943,c4c6dff09779712330035fbf6dd30a2a,300,ADA_local_c04_t30_A,1712,31
S2,-17,29,73290944,60ca78cfeab4ec183795253c813fa635,300,SMR,1713,31
S2,-17,29,73290944,60ca78cfeab4ec183795253c813fa635,300,F02,1714,31
S2,-17,29,73290944,60ca78cfeab4ec183795253c813fa635,300,UNB,1715,31
S2,-17,29,73290944,60ca78cfeab4ec183795253c813fa635,300,ADA_local_c04_t30_A,1716,31
S2,-17,30,73290945,ff86607e3addcdff7dc00982eb486fa7,300,SMR,1717,31
S2,-17,30,73290945,ff86607e3addcdff7dc00982eb486fa7,300,F02,1718,31
S2,-17,30,73290945,ff86607e3addcdff7dc00982eb486fa7,300,UNB,1719,31
S2,-17,30,73290945,ff86607e3addcdff7dc00982eb486fa7,300,ADA_local_c04_t30_A,1720,31
S2,-17,31,73290946,0ad84a57240c90db93328bd95fbc35c5,300,SMR,1721,31
S2,-17,31,73290946,0ad84a57240c90db93328bd95fbc35c5,300,F02,1722,31
S2,-17,31,73290946,0ad84a57240c90db93328bd95fbc35c5,300,UNB,1723,31
S2,-17,31,73290946,0ad84a57240c90db93328bd95fbc35c5,300,ADA_local_c04_t30_A,1724,31
S2,-17,32,73290947,451f32c8c451078c59091beeb80a0d99,300,SMR,1725,31
S2,-17,32,73290947,451f32c8c451078c59091beeb80a0d99,300,F02,1726,31
S2,-17,32,73290947,451f32c8c451078c59091beeb80a0d99,300,UNB,1727,31
S2,-17,32,73290947,451f32c8c451078c59091beeb80a0d99,300,ADA_local_c04_t30_A,1728,31
S2,-17,33,73290948,0cef0b6ec4be8e261ee0fd87958e4150,300,SMR,1729,31
S2,-17,33,73290948,0cef0b6ec4be8e261ee0fd87958e4150,300,F02,1730,31
S2,-17,33,73290948,0cef0b6ec4be8e261ee0fd87958e4150,300,UNB,1731,31
S2,-17,33,73290948,0cef0b6ec4be8e261ee0fd87958e4150,300,ADA_local_c04_t30_A,1732,31
S2,-17,34,73290949,5f18b10e05f663ff482b93904f513bb7,300,SMR,1733,31
S2,-17,34,73290949,5f18b10e05f663ff482b93904f513bb7,300,F02,1734,31
S2,-17,34,73290949,5f18b10e05f663ff482b93904f513bb7,300,UNB,1735,31
S2,-17,34,73290949,5f18b10e05f663ff482b93904f513bb7,300,ADA_local_c04_t30_A,1736,31
S2,-17,35,73290950,811686d49746e2e6a2dbe26cd123f838,300,SMR,1737,31
S2,-17,35,73290950,811686d49746e2e6a2dbe26cd123f838,300,F02,1738,31
S2,-17,35,73290950,811686d49746e2e6a2dbe26cd123f838,300,UNB,1739,31
S2,-17,35,73290950,811686d49746e2e6a2dbe26cd123f838,300,ADA_local_c04_t30_A,1740,31
S2,-17,36,73290951,6e9e2171f7be1dffb23b6b8cde2d6a0c,300,SMR,1741,31
S2,-17,36,73290951,6e9e2171f7be1dffb23b6b8cde2d6a0c,300,F02,1742,31
S2,-17,36,73290951,6e9e2171f7be1dffb23b6b8cde2d6a0c,300,UNB,1743,31
S2,-17,36,73290951,6e9e2171f7be1dffb23b6b8cde2d6a0c,300,ADA_local_c04_t30_A,1744,31
S2,-17,37,73290952,420feb4a3b3d9925f710f07eb39db77c,300,SMR,1745,31
S2,-17,37,73290952,420feb4a3b3d9925f710f07eb39db77c,300,F02,1746,31
S2,-17,37,73290952,420feb4a3b3d9925f710f07eb39db77c,300,UNB,1747,31
S2,-17,37,73290952,420feb4a3b3d9925f710f07eb39db77c,300,ADA_local_c04_t30_A,1748,31
S2,-17,38,73290953,a0c4aca50d7f0ae53828b7fbdf74b2ed,300,SMR,1749,31
S2,-17,38,73290953,a0c4aca50d7f0ae53828b7fbdf74b2ed,300,F02,1750,31
S2,-17,38,73290953,a0c4aca50d7f0ae53828b7fbdf74b2ed,300,UNB,1751,31
S2,-17,38,73290953,a0c4aca50d7f0ae53828b7fbdf74b2ed,300,ADA_local_c04_t30_A,1752,31
S2,-17,39,73290954,ba24e70bf8f0795757d4df96105264d4,300,SMR,1753,31
S2,-17,39,73290954,ba24e70bf8f0795757d4df96105264d4,300,F02,1754,31
S2,-17,39,73290954,ba24e70bf8f0795757d4df96105264d4,300,UNB,1755,31
S2,-17,39,73290954,ba24e70bf8f0795757d4df96105264d4,300,ADA_local_c04_t30_A,1756,31
S2,-17,40,73290955,e7d2e6b938b53011355b4942296ca381,300,SMR,1757,31
S2,-17,40,73290955,e7d2e6b938b53011355b4942296ca381,300,F02,1758,31
S2,-17,40,73290955,e7d2e6b938b53011355b4942296ca381,300,UNB,1759,31
S2,-17,40,73290955,e7d2e6b938b53011355b4942296ca381,300,ADA_local_c04_t30_A,1760,31
S2,-17,41,73290956,69e2620733eaa2378c8a0f01598ea95c,300,SMR,1761,31
S2,-17,41,73290956,69e2620733eaa2378c8a0f01598ea95c,300,F02,1762,31
S2,-17,41,73290956,69e2620733eaa2378c8a0f01598ea95c,300,UNB,1763,31
S2,-17,41,73290956,69e2620733eaa2378c8a0f01598ea95c,300,ADA_local_c04_t30_A,1764,31
S2,-17,42,73290957,6569140a7c9f6c1c1525a0f8c651328a,300,SMR,1765,31
S2,-17,42,73290957,6569140a7c9f6c1c1525a0f8c651328a,300,F02,1766,31
S2,-17,42,73290957,6569140a7c9f6c1c1525a0f8c651328a,300,UNB,1767,31
S2,-17,42,73290957,6569140a7c9f6c1c1525a0f8c651328a,300,ADA_local_c04_t30_A,1768,31
S2,-17,43,73290958,60a44033437f257f5284a7b08cc79e0f,300,SMR,1769,31
S2,-17,43,73290958,60a44033437f257f5284a7b08cc79e0f,300,F02,1770,31
S2,-17,43,73290958,60a44033437f257f5284a7b08cc79e0f,300,UNB,1771,31
S2,-17,43,73290958,60a44033437f257f5284a7b08cc79e0f,300,ADA_local_c04_t30_A,1772,31
S2,-17,44,73290959,3be057d4ca89645ea544912222b04fdc,300,SMR,1773,31
S2,-17,44,73290959,3be057d4ca89645ea544912222b04fdc,300,F02,1774,31
S2,-17,44,73290959,3be057d4ca89645ea544912222b04fdc,300,UNB,1775,31
S2,-17,44,73290959,3be057d4ca89645ea544912222b04fdc,300,ADA_local_c04_t30_A,1776,31
S2,-17,45,73290960,5481c7917a90c723a340ecf93ada8f28,300,SMR,1777,31
S2,-17,45,73290960,5481c7917a90c723a340ecf93ada8f28,300,F02,1778,31
S2,-17,45,73290960,5481c7917a90c723a340ecf93ada8f28,300,UNB,1779,31
S2,-17,45,73290960,5481c7917a90c723a340ecf93ada8f28,300,ADA_local_c04_t30_A,1780,31
S2,-17,46,73290961,bd0958a87794da7c74a1e10e7ca5adf9,300,SMR,1781,31
S2,-17,46,73290961,bd0958a87794da7c74a1e10e7ca5adf9,300,F02,1782,31
S2,-17,46,73290961,bd0958a87794da7c74a1e10e7ca5adf9,300,UNB,1783,31
S2,-17,46,73290961,bd0958a87794da7c74a1e10e7ca5adf9,300,ADA_local_c04_t30_A,1784,31
S2,-17,47,73290962,9a419ad46dde4744b5b51d95bcdd24e9,300,SMR,1785,31
S2,-17,47,73290962,9a419ad46dde4744b5b51d95bcdd24e9,300,F02,1786,31
S2,-17,47,73290962,9a419ad46dde4744b5b51d95bcdd24e9,300,UNB,1787,31
S2,-17,47,73290962,9a419ad46dde4744b5b51d95bcdd24e9,300,ADA_local_c04_t30_A,1788,31
S2,-17,48,73290963,183e9e036596d49e8abac53ed65a469b,300,SMR,1789,31
S2,-17,48,73290963,183e9e036596d49e8abac53ed65a469b,300,F02,1790,31
S2,-17,48,73290963,183e9e036596d49e8abac53ed65a469b,300,UNB,1791,31
S2,-17,48,73290963,183e9e036596d49e8abac53ed65a469b,300,ADA_local_c04_t30_A,1792,31
S2,-17,49,73290964,4e09b963360254eee9eb9274a146a001,300,SMR,1793,31
S2,-17,49,73290964,4e09b963360254eee9eb9274a146a001,300,F02,1794,31
S2,-17,49,73290964,4e09b963360254eee9eb9274a146a001,300,UNB,1795,31
S2,-17,49,73290964,4e09b963360254eee9eb9274a146a001,300,ADA_local_c04_t30_A,1796,31
S2,-17,50,73290965,524ab1994ebe0e0a371f58cf66a14112,300,SMR,1797,31
S2,-17,50,73290965,524ab1994ebe0e0a371f58cf66a14112,300,F02,1798,31
S2,-17,50,73290965,524ab1994ebe0e0a371f58cf66a14112,300,UNB,1799,31
S2,-17,50,73290965,524ab1994ebe0e0a371f58cf66a14112,300,ADA_local_c04_t30_A,1800,31
S2,-17,51,73290966,2891187bcad54c62b60912e300809c72,300,SMR,1801,31
S2,-17,51,73290966,2891187bcad54c62b60912e300809c72,300,F02,1802,31
S2,-17,51,73290966,2891187bcad54c62b60912e300809c72,300,UNB,1803,31
S2,-17,51,73290966,2891187bcad54c62b60912e300809c72,300,ADA_local_c04_t30_A,1804,31
S2,-17,52,73290967,745cac35f87f5824e066601a31dd4577,300,SMR,1805,31
S2,-17,52,73290967,745cac35f87f5824e066601a31dd4577,300,F02,1806,31
S2,-17,52,73290967,745cac35f87f5824e066601a31dd4577,300,UNB,1807,31
S2,-17,52,73290967,745cac35f87f5824e066601a31dd4577,300,ADA_local_c04_t30_A,1808,31
S2,-17,53,73290968,62e41bbea8cb4da0960c3491be7ed2a7,300,SMR,1809,31
S2,-17,53,73290968,62e41bbea8cb4da0960c3491be7ed2a7,300,F02,1810,31
S2,-17,53,73290968,62e41bbea8cb4da0960c3491be7ed2a7,300,UNB,1811,31
S2,-17,53,73290968,62e41bbea8cb4da0960c3491be7ed2a7,300,ADA_local_c04_t30_A,1812,31
S2,-17,54,73290969,a56ede6be5ded4b9f31494f684b0779a,300,SMR,1813,31
S2,-17,54,73290969,a56ede6be5ded4b9f31494f684b0779a,300,F02,1814,31
S2,-17,54,73290969,a56ede6be5ded4b9f31494f684b0779a,300,UNB,1815,31
S2,-17,54,73290969,a56ede6be5ded4b9f31494f684b0779a,300,ADA_local_c04_t30_A,1816,31
S2,-17,55,73290970,c76f5067b2ac444a769ebcb5469844cb,300,SMR,1817,31
S2,-17,55,73290970,c76f5067b2ac444a769ebcb5469844cb,300,F02,1818,31
S2,-17,55,73290970,c76f5067b2ac444a769ebcb5469844cb,300,UNB,1819,31
S2,-17,55,73290970,c76f5067b2ac444a769ebcb5469844cb,300,ADA_local_c04_t30_A,1820,31
S2,-17,56,73290971,b2321d03572a781222228b481578ca05,300,SMR,1821,31
S2,-17,56,73290971,b2321d03572a781222228b481578ca05,300,F02,1822,31
S2,-17,56,73290971,b2321d03572a781222228b481578ca05,300,UNB,1823,31
S2,-17,56,73290971,b2321d03572a781222228b481578ca05,300,ADA_local_c04_t30_A,1824,31
S2,-17,57,73290972,6bd397272b34a4b40b48e9992498f9ea,300,SMR,1825,31
S2,-17,57,73290972,6bd397272b34a4b40b48e9992498f9ea,300,F02,1826,31
S2,-17,57,73290972,6bd397272b34a4b40b48e9992498f9ea,300,UNB,1827,31
S2,-17,57,73290972,6bd397272b34a4b40b48e9992498f9ea,300,ADA_local_c04_t30_A,1828,31
S2,-17,58,73290973,88354955a4715cb4d0ac34effd84d9a8,300,SMR,1829,31
S2,-17,58,73290973,88354955a4715cb4d0ac34effd84d9a8,300,F02,1830,31
S2,-17,58,73290973,88354955a4715cb4d0ac34effd84d9a8,300,UNB,1831,31
S2,-17,58,73290973,88354955a4715cb4d0ac34effd84d9a8,300,ADA_local_c04_t30_A,1832,31
S2,-17,59,73290974,1f789c2ea4a4a79acfa8fbe262a02141,300,SMR,1833,31
S2,-17,59,73290974,1f789c2ea4a4a79acfa8fbe262a02141,300,F02,1834,31
S2,-17,59,73290974,1f789c2ea4a4a79acfa8fbe262a02141,300,UNB,1835,31
S2,-17,59,73290974,1f789c2ea4a4a79acfa8fbe262a02141,300,ADA_local_c04_t30_A,1836,31
S2,-17,60,73290975,1e3a66c9d0937ff6b9b465bdd5f5ce70,300,SMR,1837,31
S2,-17,60,73290975,1e3a66c9d0937ff6b9b465bdd5f5ce70,300,F02,1838,31
S2,-17,60,73290975,1e3a66c9d0937ff6b9b465bdd5f5ce70,300,UNB,1839,31
S2,-17,60,73290975,1e3a66c9d0937ff6b9b465bdd5f5ce70,300,ADA_local_c04_t30_A,1840,31
S2,-17,61,73290976,8ff96e86faab7fabb9b75fcbb90b83f8,300,SMR,1841,31
S2,-17,61,73290976,8ff96e86faab7fabb9b75fcbb90b83f8,300,F02,1842,31
S2,-17,61,73290976,8ff96e86faab7fabb9b75fcbb90b83f8,300,UNB,1843,31
S2,-17,61,73290976,8ff96e86faab7fabb9b75fcbb90b83f8,300,ADA_local_c04_t30_A,1844,31
S2,-17,62,73290977,706c8251875580a429ec089fedb60a5a,300,SMR,1845,31
S2,-17,62,73290977,706c8251875580a429ec089fedb60a5a,300,F02,1846,31
S2,-17,62,73290977,706c8251875580a429ec089fedb60a5a,300,UNB,1847,31
S2,-17,62,73290977,706c8251875580a429ec089fedb60a5a,300,ADA_local_c04_t30_A,1848,31
S2,-17,63,73290978,a4f356882350d329492eb04b47f872d8,300,SMR,1849,31
S2,-17,63,73290978,a4f356882350d329492eb04b47f872d8,300,F02,1850,31
S2,-17,63,73290978,a4f356882350d329492eb04b47f872d8,300,UNB,1851,31
S2,-17,63,73290978,a4f356882350d329492eb04b47f872d8,300,ADA_local_c04_t30_A,1852,31
S2,-17,64,73290979,4e16ebb1e3213958e20d2e73cb07cd91,300,SMR,1853,31
S2,-17,64,73290979,4e16ebb1e3213958e20d2e73cb07cd91,300,F02,1854,31
S2,-17,64,73290979,4e16ebb1e3213958e20d2e73cb07cd91,300,UNB,1855,31
S2,-17,64,73290979,4e16ebb1e3213958e20d2e73cb07cd91,300,ADA_local_c04_t30_A,1856,31
S2,-17,65,73290980,78a52ae493b92ffa7cffb50b8f17b9fa,300,SMR,1857,31
S2,-17,65,73290980,78a52ae493b92ffa7cffb50b8f17b9fa,300,F02,1858,31
S2,-17,65,73290980,78a52ae493b92ffa7cffb50b8f17b9fa,300,UNB,1859,31
S2,-17,65,73290980,78a52ae493b92ffa7cffb50b8f17b9fa,300,ADA_local_c04_t30_A,1860,31
S2,-17,66,73290981,f2fc074549fd9d3b4e81176001298610,300,SMR,1861,31
S2,-17,66,73290981,f2fc074549fd9d3b4e81176001298610,300,F02,1862,31
S2,-17,66,73290981,f2fc074549fd9d3b4e81176001298610,300,UNB,1863,31
S2,-17,66,73290981,f2fc074549fd9d3b4e81176001298610,300,ADA_local_c04_t30_A,1864,31
S2,-17,67,73290982,74a620e9282af60bc2910e3713a21814,300,SMR,1865,31
S2,-17,67,73290982,74a620e9282af60bc2910e3713a21814,300,F02,1866,31
S2,-17,67,73290982,74a620e9282af60bc2910e3713a21814,300,UNB,1867,31
S2,-17,67,73290982,74a620e9282af60bc2910e3713a21814,300,ADA_local_c04_t30_A,1868,31
S2,-17,68,73290983,1984ee2d430fec45ffe5330c50692c8e,300,SMR,1869,31
S2,-17,68,73290983,1984ee2d430fec45ffe5330c50692c8e,300,F02,1870,31
S2,-17,68,73290983,1984ee2d430fec45ffe5330c50692c8e,300,UNB,1871,31
S2,-17,68,73290983,1984ee2d430fec45ffe5330c50692c8e,300,ADA_local_c04_t30_A,1872,31
S2,-17,69,73290984,0ec8481c791747e2310dbda145df9f6c,300,SMR,1873,31
S2,-17,69,73290984,0ec8481c791747e2310dbda145df9f6c,300,F02,1874,31
S2,-17,69,73290984,0ec8481c791747e2310dbda145df9f6c,300,UNB,1875,31
S2,-17,69,73290984,0ec8481c791747e2310dbda145df9f6c,300,ADA_local_c04_t30_A,1876,31
S2,-17,70,73290985,a58582b1a574fc77f7c056241046d26b,300,SMR,1877,31
S2,-17,70,73290985,a58582b1a574fc77f7c056241046d26b,300,F02,1878,31
S2,-17,70,73290985,a58582b1a574fc77f7c056241046d26b,300,UNB,1879,31
S2,-17,70,73290985,a58582b1a574fc77f7c056241046d26b,300,ADA_local_c04_t30_A,1880,31
S2,-17,71,73290986,f355b6f1c31ffc213364b1b63f9a48b4,300,SMR,1881,31
S2,-17,71,73290986,f355b6f1c31ffc213364b1b63f9a48b4,300,F02,1882,31
S2,-17,71,73290986,f355b6f1c31ffc213364b1b63f9a48b4,300,UNB,1883,31
S2,-17,71,73290986,f355b6f1c31ffc213364b1b63f9a48b4,300,ADA_local_c04_t30_A,1884,31
S2,-17,72,73290987,4ddfbb791b44404dabb6bf58416fc732,300,SMR,1885,31
S2,-17,72,73290987,4ddfbb791b44404dabb6bf58416fc732,300,F02,1886,31
S2,-17,72,73290987,4ddfbb791b44404dabb6bf58416fc732,300,UNB,1887,31
S2,-17,72,73290987,4ddfbb791b44404dabb6bf58416fc732,300,ADA_local_c04_t30_A,1888,31
S2,-17,73,73290988,8de0d1bff284252651a8bb5d930cf994,300,SMR,1889,31
S2,-17,73,73290988,8de0d1bff284252651a8bb5d930cf994,300,F02,1890,31
S2,-17,73,73290988,8de0d1bff284252651a8bb5d930cf994,300,UNB,1891,31
S2,-17,73,73290988,8de0d1bff284252651a8bb5d930cf994,300,ADA_local_c04_t30_A,1892,31
S2,-17,74,73290989,6d6da21d1367ccfa87541278a0583fc5,300,SMR,1893,31
S2,-17,74,73290989,6d6da21d1367ccfa87541278a0583fc5,300,F02,1894,31
S2,-17,74,73290989,6d6da21d1367ccfa87541278a0583fc5,300,UNB,1895,31
S2,-17,74,73290989,6d6da21d1367ccfa87541278a0583fc5,300,ADA_local_c04_t30_A,1896,31
S2,-17,75,73290990,e28acb68041e44286a05376bf8b5701a,300,SMR,1897,31
S2,-17,75,73290990,e28acb68041e44286a05376bf8b5701a,300,F02,1898,31
S2,-17,75,73290990,e28acb68041e44286a05376bf8b5701a,300,UNB,1899,31
S2,-17,75,73290990,e28acb68041e44286a05376bf8b5701a,300,ADA_local_c04_t30_A,1900,31
S2,-17,76,73290991,44c15bc669daf601c66a5386b8db420f,300,SMR,1901,31
S2,-17,76,73290991,44c15bc669daf601c66a5386b8db420f,300,F02,1902,31
S2,-17,76,73290991,44c15bc669daf601c66a5386b8db420f,300,UNB,1903,31
S2,-17,76,73290991,44c15bc669daf601c66a5386b8db420f,300,ADA_local_c04_t30_A,1904,31
S2,-17,77,73290992,ff0d442a8596582c9f3564fcbfbb5840,300,SMR,1905,31
S2,-17,77,73290992,ff0d442a8596582c9f3564fcbfbb5840,300,F02,1906,31
S2,-17,77,73290992,ff0d442a8596582c9f3564fcbfbb5840,300,UNB,1907,31
S2,-17,77,73290992,ff0d442a8596582c9f3564fcbfbb5840,300,ADA_local_c04_t30_A,1908,31
S2,-17,78,73290993,2a094de9509c046e7b0b3e75a9afdb32,300,SMR,1909,31
S2,-17,78,73290993,2a094de9509c046e7b0b3e75a9afdb32,300,F02,1910,31
S2,-17,78,73290993,2a094de9509c046e7b0b3e75a9afdb32,300,UNB,1911,31
S2,-17,78,73290993,2a094de9509c046e7b0b3e75a9afdb32,300,ADA_local_c04_t30_A,1912,31
S2,-17,79,73290994,6fd0dce031a7ad3990a2d633de9beecc,300,SMR,1913,31
S2,-17,79,73290994,6fd0dce031a7ad3990a2d633de9beecc,300,F02,1914,31
S2,-17,79,73290994,6fd0dce031a7ad3990a2d633de9beecc,300,UNB,1915,31
S2,-17,79,73290994,6fd0dce031a7ad3990a2d633de9beecc,300,ADA_local_c04_t30_A,1916,31
S2,-17,80,73290995,98c79c0de75e84b98eef91c4da9461a0,300,SMR,1917,31
S2,-17,80,73290995,98c79c0de75e84b98eef91c4da9461a0,300,F02,1918,31
S2,-17,80,73290995,98c79c0de75e84b98eef91c4da9461a0,300,UNB,1919,31
S2,-17,80,73290995,98c79c0de75e84b98eef91c4da9461a0,300,ADA_local_c04_t30_A,1920,31
S2,-17,81,73290996,73724efa190f3171f74f87404558981a,300,SMR,1921,31
S2,-17,81,73290996,73724efa190f3171f74f87404558981a,300,F02,1922,31
S2,-17,81,73290996,73724efa190f3171f74f87404558981a,300,UNB,1923,31
S2,-17,81,73290996,73724efa190f3171f74f87404558981a,300,ADA_local_c04_t30_A,1924,31
S2,-17,82,73290997,62f5f5a2529528ccdb41f1f2231026c2,300,SMR,1925,31
S2,-17,82,73290997,62f5f5a2529528ccdb41f1f2231026c2,300,F02,1926,31
S2,-17,82,73290997,62f5f5a2529528ccdb41f1f2231026c2,300,UNB,1927,31
S2,-17,82,73290997,62f5f5a2529528ccdb41f1f2231026c2,300,ADA_local_c04_t30_A,1928,31
S2,-17,83,73290998,3565938acab540e6b773d2bf99c17767,300,SMR,1929,31
S2,-17,83,73290998,3565938acab540e6b773d2bf99c17767,300,F02,1930,31
S2,-17,83,73290998,3565938acab540e6b773d2bf99c17767,300,UNB,1931,31
S2,-17,83,73290998,3565938acab540e6b773d2bf99c17767,300,ADA_local_c04_t30_A,1932,31
S2,-17,84,73290999,120f540b4a1911f0c8c4785273183a0c,300,SMR,1933,31
S2,-17,84,73290999,120f540b4a1911f0c8c4785273183a0c,300,F02,1934,31
S2,-17,84,73290999,120f540b4a1911f0c8c4785273183a0c,300,UNB,1935,31
S2,-17,84,73290999,120f540b4a1911f0c8c4785273183a0c,300,ADA_local_c04_t30_A,1936,31
S2,-17,85,73291000,d87fc90f89e2558456e3ca18ac726f73,300,SMR,1937,31
S2,-17,85,73291000,d87fc90f89e2558456e3ca18ac726f73,300,F02,1938,31
S2,-17,85,73291000,d87fc90f89e2558456e3ca18ac726f73,300,UNB,1939,31
S2,-17,85,73291000,d87fc90f89e2558456e3ca18ac726f73,300,ADA_local_c04_t30_A,1940,31
S2,-17,86,73291001,f9df740b669c41b6ffa619431b6f0c0f,300,SMR,1941,31
S2,-17,86,73291001,f9df740b669c41b6ffa619431b6f0c0f,300,F02,1942,31
S2,-17,86,73291001,f9df740b669c41b6ffa619431b6f0c0f,300,UNB,1943,31
S2,-17,86,73291001,f9df740b669c41b6ffa619431b6f0c0f,300,ADA_local_c04_t30_A,1944,31
S2,-17,87,73291002,0d671f295bef1bef2a58dd256211c313,300,SMR,1945,31
S2,-17,87,73291002,0d671f295bef1bef2a58dd256211c313,300,F02,1946,31
S2,-17,87,73291002,0d671f295bef1bef2a58dd256211c313,300,UNB,1947,31
S2,-17,87,73291002,0d671f295bef1bef2a58dd256211c313,300,ADA_local_c04_t30_A,1948,31
S2,-17,88,73291003,8705dac1798334ea7afd91f1d44b20c8,300,SMR,1949,31
S2,-17,88,73291003,8705dac1798334ea7afd91f1d44b20c8,300,F02,1950,31
S2,-17,88,73291003,8705dac1798334ea7afd91f1d44b20c8,300,UNB,1951,31
S2,-17,88,73291003,8705dac1798334ea7afd91f1d44b20c8,300,ADA_local_c04_t30_A,1952,31
S2,-17,89,73291004,1acb95c03150346e7a464ca30a38ccd5,300,SMR,1953,31
S2,-17,89,73291004,1acb95c03150346e7a464ca30a38ccd5,300,F02,1954,31
S2,-17,89,73291004,1acb95c03150346e7a464ca30a38ccd5,300,UNB,1955,31
S2,-17,89,73291004,1acb95c03150346e7a464ca30a38ccd5,300,ADA_local_c04_t30_A,1956,31
S2,-17,90,73291005,9af7b36f01b5b7745950043c6a0bd0bc,300,SMR,1957,31
S2,-17,90,73291005,9af7b36f01b5b7745950043c6a0bd0bc,300,F02,1958,31
S2,-17,90,73291005,9af7b36f01b5b7745950043c6a0bd0bc,300,UNB,1959,31
S2,-17,90,73291005,9af7b36f01b5b7745950043c6a0bd0bc,300,ADA_local_c04_t30_A,1960,31
S2,-17,91,73291006,597cc8eafcc497bacdee1f49631f9882,300,SMR,1961,31
S2,-17,91,73291006,597cc8eafcc497bacdee1f49631f9882,300,F02,1962,31
S2,-17,91,73291006,597cc8eafcc497bacdee1f49631f9882,300,UNB,1963,31
S2,-17,91,73291006,597cc8eafcc497bacdee1f49631f9882,300,ADA_local_c04_t30_A,1964,31
S2,-17,92,73291007,187f1d499ed8729056a95239755bcd73,300,SMR,1965,31
S2,-17,92,73291007,187f1d499ed8729056a95239755bcd73,300,F02,1966,31
S2,-17,92,73291007,187f1d499ed8729056a95239755bcd73,300,UNB,1967,31
S2,-17,92,73291007,187f1d499ed8729056a95239755bcd73,300,ADA_local_c04_t30_A,1968,31
S2,-17,93,73291008,21f56f7b5e5c5691fcd331aff67ec898,300,SMR,1969,31
S2,-17,93,73291008,21f56f7b5e5c5691fcd331aff67ec898,300,F02,1970,31
S2,-17,93,73291008,21f56f7b5e5c5691fcd331aff67ec898,300,UNB,1971,31
S2,-17,93,73291008,21f56f7b5e5c5691fcd331aff67ec898,300,ADA_local_c04_t30_A,1972,31
S2,-17,94,73291009,75c7dc56fbcecb029e6f99fc231e83a2,300,SMR,1973,31
S2,-17,94,73291009,75c7dc56fbcecb029e6f99fc231e83a2,300,F02,1974,31
S2,-17,94,73291009,75c7dc56fbcecb029e6f99fc231e83a2,300,UNB,1975,31
S2,-17,94,73291009,75c7dc56fbcecb029e6f99fc231e83a2,300,ADA_local_c04_t30_A,1976,31
S2,-17,95,73291010,2f1df3c0ceaac5e990454830010b6d04,300,SMR,1977,31
S2,-17,95,73291010,2f1df3c0ceaac5e990454830010b6d04,300,F02,1978,31
S2,-17,95,73291010,2f1df3c0ceaac5e990454830010b6d04,300,UNB,1979,31
S2,-17,95,73291010,2f1df3c0ceaac5e990454830010b6d04,300,ADA_local_c04_t30_A,1980,31
S2,-17,96,73291011,dc3ca795ed8e07f17f7ddff44d6dec92,300,SMR,1981,31
S2,-17,96,73291011,dc3ca795ed8e07f17f7ddff44d6dec92,300,F02,1982,31
S2,-17,96,73291011,dc3ca795ed8e07f17f7ddff44d6dec92,300,UNB,1983,31
S2,-17,96,73291011,dc3ca795ed8e07f17f7ddff44d6dec92,300,ADA_local_c04_t30_A,1984,31
S2,-17,97,73291012,81441e7e0cfc1e5649fe7ff8ee27b5fe,300,SMR,1985,31
S2,-17,97,73291012,81441e7e0cfc1e5649fe7ff8ee27b5fe,300,F02,1986,31
S2,-17,97,73291012,81441e7e0cfc1e5649fe7ff8ee27b5fe,300,UNB,1987,31
S2,-17,97,73291012,81441e7e0cfc1e5649fe7ff8ee27b5fe,300,ADA_local_c04_t30_A,1988,31
S2,-17,98,73291013,562c4cc2ae4758ba128c9703fa9a2fc6,300,SMR,1989,31
S2,-17,98,73291013,562c4cc2ae4758ba128c9703fa9a2fc6,300,F02,1990,31
S2,-17,98,73291013,562c4cc2ae4758ba128c9703fa9a2fc6,300,UNB,1991,31
S2,-17,98,73291013,562c4cc2ae4758ba128c9703fa9a2fc6,300,ADA_local_c04_t30_A,1992,31
S2,-17,99,73291014,b38cb8662edd3d8768bddec41abf4d50,300,SMR,1993,31
S2,-17,99,73291014,b38cb8662edd3d8768bddec41abf4d50,300,F02,1994,31
S2,-17,99,73291014,b38cb8662edd3d8768bddec41abf4d50,300,UNB,1995,31
S2,-17,99,73291014,b38cb8662edd3d8768bddec41abf4d50,300,ADA_local_c04_t30_A,1996,31
S2,-17,100,73291015,30134d8ef8426b61f3c9cf29bfed7570,300,SMR,1997,31
S2,-17,100,73291015,30134d8ef8426b61f3c9cf29bfed7570,300,F02,1998,31
S2,-17,100,73291015,30134d8ef8426b61f3c9cf29bfed7570,300,UNB,1999,31
S2,-17,100,73291015,30134d8ef8426b61f3c9cf29bfed7570,300,ADA_local_c04_t30_A,2000,31
S2,-20,1,73290916,f5e022a7db40f77cd08b69468f69f18a,300,SMR,2001,31
S2,-20,1,73290916,f5e022a7db40f77cd08b69468f69f18a,300,F02,2002,31
S2,-20,1,73290916,f5e022a7db40f77cd08b69468f69f18a,300,UNB,2003,31
S2,-20,1,73290916,f5e022a7db40f77cd08b69468f69f18a,300,ADA_local_c04_t30_A,2004,31
S2,-20,2,73290917,468097ed82c39998de269517c372a4a9,300,SMR,2005,31
S2,-20,2,73290917,468097ed82c39998de269517c372a4a9,300,F02,2006,31
S2,-20,2,73290917,468097ed82c39998de269517c372a4a9,300,UNB,2007,31
S2,-20,2,73290917,468097ed82c39998de269517c372a4a9,300,ADA_local_c04_t30_A,2008,31
S2,-20,3,73290918,6c0885669d0e2a71321a13da8ca83731,300,SMR,2009,31
S2,-20,3,73290918,6c0885669d0e2a71321a13da8ca83731,300,F02,2010,31
S2,-20,3,73290918,6c0885669d0e2a71321a13da8ca83731,300,UNB,2011,31
S2,-20,3,73290918,6c0885669d0e2a71321a13da8ca83731,300,ADA_local_c04_t30_A,2012,31
S2,-20,4,73290919,6097185aa7fc18e45841d288513611b0,300,SMR,2013,31
S2,-20,4,73290919,6097185aa7fc18e45841d288513611b0,300,F02,2014,31
S2,-20,4,73290919,6097185aa7fc18e45841d288513611b0,300,UNB,2015,31
S2,-20,4,73290919,6097185aa7fc18e45841d288513611b0,300,ADA_local_c04_t30_A,2016,31
S2,-20,5,73290920,04fc15794ac43a11652eb454f6c4e54b,300,SMR,2017,31
S2,-20,5,73290920,04fc15794ac43a11652eb454f6c4e54b,300,F02,2018,31
S2,-20,5,73290920,04fc15794ac43a11652eb454f6c4e54b,300,UNB,2019,31
S2,-20,5,73290920,04fc15794ac43a11652eb454f6c4e54b,300,ADA_local_c04_t30_A,2020,31
S2,-20,6,73290921,aae392c48cd6ab4a15a2e9ebd6511214,300,SMR,2021,31
S2,-20,6,73290921,aae392c48cd6ab4a15a2e9ebd6511214,300,F02,2022,31
S2,-20,6,73290921,aae392c48cd6ab4a15a2e9ebd6511214,300,UNB,2023,31
S2,-20,6,73290921,aae392c48cd6ab4a15a2e9ebd6511214,300,ADA_local_c04_t30_A,2024,31
S2,-20,7,73290922,a7acccc3b70c3d0d6c91f9534836724d,300,SMR,2025,31
S2,-20,7,73290922,a7acccc3b70c3d0d6c91f9534836724d,300,F02,2026,31
S2,-20,7,73290922,a7acccc3b70c3d0d6c91f9534836724d,300,UNB,2027,31
S2,-20,7,73290922,a7acccc3b70c3d0d6c91f9534836724d,300,ADA_local_c04_t30_A,2028,31
S2,-20,8,73290923,f2e5f0d60f6885a81147f84f5c72bf7b,300,SMR,2029,31
S2,-20,8,73290923,f2e5f0d60f6885a81147f84f5c72bf7b,300,F02,2030,31
S2,-20,8,73290923,f2e5f0d60f6885a81147f84f5c72bf7b,300,UNB,2031,31
S2,-20,8,73290923,f2e5f0d60f6885a81147f84f5c72bf7b,300,ADA_local_c04_t30_A,2032,31
S2,-20,9,73290924,9080d5d98ee0b3839d8cc1e1bef6ba3b,300,SMR,2033,31
S2,-20,9,73290924,9080d5d98ee0b3839d8cc1e1bef6ba3b,300,F02,2034,31
S2,-20,9,73290924,9080d5d98ee0b3839d8cc1e1bef6ba3b,300,UNB,2035,31
S2,-20,9,73290924,9080d5d98ee0b3839d8cc1e1bef6ba3b,300,ADA_local_c04_t30_A,2036,31
S2,-20,10,73290925,b20880ceacd99ab3bb5b6ceb218219eb,300,SMR,2037,31
S2,-20,10,73290925,b20880ceacd99ab3bb5b6ceb218219eb,300,F02,2038,31
S2,-20,10,73290925,b20880ceacd99ab3bb5b6ceb218219eb,300,UNB,2039,31
S2,-20,10,73290925,b20880ceacd99ab3bb5b6ceb218219eb,300,ADA_local_c04_t30_A,2040,31
S2,-20,11,73290926,c6a96cba1f4503854d7339c4b353c756,300,SMR,2041,31
S2,-20,11,73290926,c6a96cba1f4503854d7339c4b353c756,300,F02,2042,31
S2,-20,11,73290926,c6a96cba1f4503854d7339c4b353c756,300,UNB,2043,31
S2,-20,11,73290926,c6a96cba1f4503854d7339c4b353c756,300,ADA_local_c04_t30_A,2044,31
S2,-20,12,73290927,e6b3e7a3bb22821b9439206c7d9237b5,300,SMR,2045,31
S2,-20,12,73290927,e6b3e7a3bb22821b9439206c7d9237b5,300,F02,2046,31
S2,-20,12,73290927,e6b3e7a3bb22821b9439206c7d9237b5,300,UNB,2047,31
S2,-20,12,73290927,e6b3e7a3bb22821b9439206c7d9237b5,300,ADA_local_c04_t30_A,2048,31
S2,-20,13,73290928,cb5333af77cece54439a5f4d1bcb151e,300,SMR,2049,31
S2,-20,13,73290928,cb5333af77cece54439a5f4d1bcb151e,300,F02,2050,31
S2,-20,13,73290928,cb5333af77cece54439a5f4d1bcb151e,300,UNB,2051,31
S2,-20,13,73290928,cb5333af77cece54439a5f4d1bcb151e,300,ADA_local_c04_t30_A,2052,31
S2,-20,14,73290929,40c0ce14f6b189974947ac6605998663,300,SMR,2053,31
S2,-20,14,73290929,40c0ce14f6b189974947ac6605998663,300,F02,2054,31
S2,-20,14,73290929,40c0ce14f6b189974947ac6605998663,300,UNB,2055,31
S2,-20,14,73290929,40c0ce14f6b189974947ac6605998663,300,ADA_local_c04_t30_A,2056,31
S2,-20,15,73290930,7bf1e3bd1af3febdf68f0eadec394e42,300,SMR,2057,31
S2,-20,15,73290930,7bf1e3bd1af3febdf68f0eadec394e42,300,F02,2058,31
S2,-20,15,73290930,7bf1e3bd1af3febdf68f0eadec394e42,300,UNB,2059,31
S2,-20,15,73290930,7bf1e3bd1af3febdf68f0eadec394e42,300,ADA_local_c04_t30_A,2060,31
S2,-20,16,73290931,2b0dfd14808f7d6c3d12c23e677df9b1,300,SMR,2061,31
S2,-20,16,73290931,2b0dfd14808f7d6c3d12c23e677df9b1,300,F02,2062,31
S2,-20,16,73290931,2b0dfd14808f7d6c3d12c23e677df9b1,300,UNB,2063,31
S2,-20,16,73290931,2b0dfd14808f7d6c3d12c23e677df9b1,300,ADA_local_c04_t30_A,2064,31
S2,-20,17,73290932,9ebd469b6e5336e9fd8d80bdcba49e54,300,SMR,2065,31
S2,-20,17,73290932,9ebd469b6e5336e9fd8d80bdcba49e54,300,F02,2066,31
S2,-20,17,73290932,9ebd469b6e5336e9fd8d80bdcba49e54,300,UNB,2067,31
S2,-20,17,73290932,9ebd469b6e5336e9fd8d80bdcba49e54,300,ADA_local_c04_t30_A,2068,31
S2,-20,18,73290933,45fd1b70b3a040d536d2bce2ab56641f,300,SMR,2069,31
S2,-20,18,73290933,45fd1b70b3a040d536d2bce2ab56641f,300,F02,2070,31
S2,-20,18,73290933,45fd1b70b3a040d536d2bce2ab56641f,300,UNB,2071,31
S2,-20,18,73290933,45fd1b70b3a040d536d2bce2ab56641f,300,ADA_local_c04_t30_A,2072,31
S2,-20,19,73290934,ebfba17ead4e8cf54bc0155270d1f609,300,SMR,2073,31
S2,-20,19,73290934,ebfba17ead4e8cf54bc0155270d1f609,300,F02,2074,31
S2,-20,19,73290934,ebfba17ead4e8cf54bc0155270d1f609,300,UNB,2075,31
S2,-20,19,73290934,ebfba17ead4e8cf54bc0155270d1f609,300,ADA_local_c04_t30_A,2076,31
S2,-20,20,73290935,5155663267e2705e348eefeba2f501b6,300,SMR,2077,31
S2,-20,20,73290935,5155663267e2705e348eefeba2f501b6,300,F02,2078,31
S2,-20,20,73290935,5155663267e2705e348eefeba2f501b6,300,UNB,2079,31
S2,-20,20,73290935,5155663267e2705e348eefeba2f501b6,300,ADA_local_c04_t30_A,2080,31
S2,-20,21,73290936,24926874f3d25bc8bcc292fd260fb8c1,300,SMR,2081,31
S2,-20,21,73290936,24926874f3d25bc8bcc292fd260fb8c1,300,F02,2082,31
S2,-20,21,73290936,24926874f3d25bc8bcc292fd260fb8c1,300,UNB,2083,31
S2,-20,21,73290936,24926874f3d25bc8bcc292fd260fb8c1,300,ADA_local_c04_t30_A,2084,31
S2,-20,22,73290937,7f619ca4b893adc92562df1bc5d1c55f,300,SMR,2085,31
S2,-20,22,73290937,7f619ca4b893adc92562df1bc5d1c55f,300,F02,2086,31
S2,-20,22,73290937,7f619ca4b893adc92562df1bc5d1c55f,300,UNB,2087,31
S2,-20,22,73290937,7f619ca4b893adc92562df1bc5d1c55f,300,ADA_local_c04_t30_A,2088,31
S2,-20,23,73290938,a6a7a5c610b9d52c2cad8cf1ae36055e,300,SMR,2089,31
S2,-20,23,73290938,a6a7a5c610b9d52c2cad8cf1ae36055e,300,F02,2090,31
S2,-20,23,73290938,a6a7a5c610b9d52c2cad8cf1ae36055e,300,UNB,2091,31
S2,-20,23,73290938,a6a7a5c610b9d52c2cad8cf1ae36055e,300,ADA_local_c04_t30_A,2092,31
S2,-20,24,73290939,8d69f9add969d845df6b05cca87f08bd,300,SMR,2093,31
S2,-20,24,73290939,8d69f9add969d845df6b05cca87f08bd,300,F02,2094,31
S2,-20,24,73290939,8d69f9add969d845df6b05cca87f08bd,300,UNB,2095,31
S2,-20,24,73290939,8d69f9add969d845df6b05cca87f08bd,300,ADA_local_c04_t30_A,2096,31
S2,-20,25,73290940,b15fdba55b79354a98251bb570dbe55d,300,SMR,2097,31
S2,-20,25,73290940,b15fdba55b79354a98251bb570dbe55d,300,F02,2098,31
S2,-20,25,73290940,b15fdba55b79354a98251bb570dbe55d,300,UNB,2099,31
S2,-20,25,73290940,b15fdba55b79354a98251bb570dbe55d,300,ADA_local_c04_t30_A,2100,31
S2,-20,26,73290941,37c37f2ea8ce78d2896fdfd6415e3445,300,SMR,2101,31
S2,-20,26,73290941,37c37f2ea8ce78d2896fdfd6415e3445,300,F02,2102,31
S2,-20,26,73290941,37c37f2ea8ce78d2896fdfd6415e3445,300,UNB,2103,31
S2,-20,26,73290941,37c37f2ea8ce78d2896fdfd6415e3445,300,ADA_local_c04_t30_A,2104,31
S2,-20,27,73290942,c4ab34ccf1a9e5b5f2027af15b4d6ba1,300,SMR,2105,31
S2,-20,27,73290942,c4ab34ccf1a9e5b5f2027af15b4d6ba1,300,F02,2106,31
S2,-20,27,73290942,c4ab34ccf1a9e5b5f2027af15b4d6ba1,300,UNB,2107,31
S2,-20,27,73290942,c4ab34ccf1a9e5b5f2027af15b4d6ba1,300,ADA_local_c04_t30_A,2108,31
S2,-20,28,73290943,f3ee3d288132b5bb54e0be8ae4b2befa,300,SMR,2109,31
S2,-20,28,73290943,f3ee3d288132b5bb54e0be8ae4b2befa,300,F02,2110,31
S2,-20,28,73290943,f3ee3d288132b5bb54e0be8ae4b2befa,300,UNB,2111,31
S2,-20,28,73290943,f3ee3d288132b5bb54e0be8ae4b2befa,300,ADA_local_c04_t30_A,2112,31
S2,-20,29,73290944,e56f08449b05f0a672ab3a6ce771506f,300,SMR,2113,31
S2,-20,29,73290944,e56f08449b05f0a672ab3a6ce771506f,300,F02,2114,31
S2,-20,29,73290944,e56f08449b05f0a672ab3a6ce771506f,300,UNB,2115,31
S2,-20,29,73290944,e56f08449b05f0a672ab3a6ce771506f,300,ADA_local_c04_t30_A,2116,31
S2,-20,30,73290945,ec456b58a5817a727dd55e01f898918b,300,SMR,2117,31
S2,-20,30,73290945,ec456b58a5817a727dd55e01f898918b,300,F02,2118,31
S2,-20,30,73290945,ec456b58a5817a727dd55e01f898918b,300,UNB,2119,31
S2,-20,30,73290945,ec456b58a5817a727dd55e01f898918b,300,ADA_local_c04_t30_A,2120,31
S2,-20,31,73290946,cab4b00531a19a793ecaa1582435088c,300,SMR,2121,31
S2,-20,31,73290946,cab4b00531a19a793ecaa1582435088c,300,F02,2122,31
S2,-20,31,73290946,cab4b00531a19a793ecaa1582435088c,300,UNB,2123,31
S2,-20,31,73290946,cab4b00531a19a793ecaa1582435088c,300,ADA_local_c04_t30_A,2124,31
S2,-20,32,73290947,3619b04cb56a8d5925b47d8243426422,300,SMR,2125,31
S2,-20,32,73290947,3619b04cb56a8d5925b47d8243426422,300,F02,2126,31
S2,-20,32,73290947,3619b04cb56a8d5925b47d8243426422,300,UNB,2127,31
S2,-20,32,73290947,3619b04cb56a8d5925b47d8243426422,300,ADA_local_c04_t30_A,2128,31
S2,-20,33,73290948,63173c34c5037a1b69e57e97e42790b8,300,SMR,2129,31
S2,-20,33,73290948,63173c34c5037a1b69e57e97e42790b8,300,F02,2130,31
S2,-20,33,73290948,63173c34c5037a1b69e57e97e42790b8,300,UNB,2131,31
S2,-20,33,73290948,63173c34c5037a1b69e57e97e42790b8,300,ADA_local_c04_t30_A,2132,31
S2,-20,34,73290949,841400d43f2145bfb375e5b1f7508869,300,SMR,2133,31
S2,-20,34,73290949,841400d43f2145bfb375e5b1f7508869,300,F02,2134,31
S2,-20,34,73290949,841400d43f2145bfb375e5b1f7508869,300,UNB,2135,31
S2,-20,34,73290949,841400d43f2145bfb375e5b1f7508869,300,ADA_local_c04_t30_A,2136,31
S2,-20,35,73290950,c564aa23a90f7c54f4868b3901e1c391,300,SMR,2137,31
S2,-20,35,73290950,c564aa23a90f7c54f4868b3901e1c391,300,F02,2138,31
S2,-20,35,73290950,c564aa23a90f7c54f4868b3901e1c391,300,UNB,2139,31
S2,-20,35,73290950,c564aa23a90f7c54f4868b3901e1c391,300,ADA_local_c04_t30_A,2140,31
S2,-20,36,73290951,26a42eeabc72644321f0f5d46afc3cda,300,SMR,2141,31
S2,-20,36,73290951,26a42eeabc72644321f0f5d46afc3cda,300,F02,2142,31
S2,-20,36,73290951,26a42eeabc72644321f0f5d46afc3cda,300,UNB,2143,31
S2,-20,36,73290951,26a42eeabc72644321f0f5d46afc3cda,300,ADA_local_c04_t30_A,2144,31
S2,-20,37,73290952,066c565cd564341b656f43763f6e4edd,300,SMR,2145,31
S2,-20,37,73290952,066c565cd564341b656f43763f6e4edd,300,F02,2146,31
S2,-20,37,73290952,066c565cd564341b656f43763f6e4edd,300,UNB,2147,31
S2,-20,37,73290952,066c565cd564341b656f43763f6e4edd,300,ADA_local_c04_t30_A,2148,31
S2,-20,38,73290953,e9e91e60de8488250c00c9c482810af5,300,SMR,2149,31
S2,-20,38,73290953,e9e91e60de8488250c00c9c482810af5,300,F02,2150,31
S2,-20,38,73290953,e9e91e60de8488250c00c9c482810af5,300,UNB,2151,31
S2,-20,38,73290953,e9e91e60de8488250c00c9c482810af5,300,ADA_local_c04_t30_A,2152,31
S2,-20,39,73290954,614b99052354a107511610723fe021bc,300,SMR,2153,31
S2,-20,39,73290954,614b99052354a107511610723fe021bc,300,F02,2154,31
S2,-20,39,73290954,614b99052354a107511610723fe021bc,300,UNB,2155,31
S2,-20,39,73290954,614b99052354a107511610723fe021bc,300,ADA_local_c04_t30_A,2156,31
S2,-20,40,73290955,e0b5f100e63c6fdc8d0c9ef83b436271,300,SMR,2157,31
S2,-20,40,73290955,e0b5f100e63c6fdc8d0c9ef83b436271,300,F02,2158,31
S2,-20,40,73290955,e0b5f100e63c6fdc8d0c9ef83b436271,300,UNB,2159,31
S2,-20,40,73290955,e0b5f100e63c6fdc8d0c9ef83b436271,300,ADA_local_c04_t30_A,2160,31
S2,-20,41,73290956,2596006ff2f8dbaf365c4cea00026724,300,SMR,2161,31
S2,-20,41,73290956,2596006ff2f8dbaf365c4cea00026724,300,F02,2162,31
S2,-20,41,73290956,2596006ff2f8dbaf365c4cea00026724,300,UNB,2163,31
S2,-20,41,73290956,2596006ff2f8dbaf365c4cea00026724,300,ADA_local_c04_t30_A,2164,31
S2,-20,42,73290957,81129c11ad9d37d1409884a53022df53,300,SMR,2165,31
S2,-20,42,73290957,81129c11ad9d37d1409884a53022df53,300,F02,2166,31
S2,-20,42,73290957,81129c11ad9d37d1409884a53022df53,300,UNB,2167,31
S2,-20,42,73290957,81129c11ad9d37d1409884a53022df53,300,ADA_local_c04_t30_A,2168,31
S2,-20,43,73290958,1b1af0a37f6e02d5a0dfeda43cf2f51a,300,SMR,2169,31
S2,-20,43,73290958,1b1af0a37f6e02d5a0dfeda43cf2f51a,300,F02,2170,31
S2,-20,43,73290958,1b1af0a37f6e02d5a0dfeda43cf2f51a,300,UNB,2171,31
S2,-20,43,73290958,1b1af0a37f6e02d5a0dfeda43cf2f51a,300,ADA_local_c04_t30_A,2172,31
S2,-20,44,73290959,58b99bd6f372bf7492af496c8af42521,300,SMR,2173,31
S2,-20,44,73290959,58b99bd6f372bf7492af496c8af42521,300,F02,2174,31
S2,-20,44,73290959,58b99bd6f372bf7492af496c8af42521,300,UNB,2175,31
S2,-20,44,73290959,58b99bd6f372bf7492af496c8af42521,300,ADA_local_c04_t30_A,2176,31
S2,-20,45,73290960,20ebcbac523e8ca0dccfda8bafa0837c,300,SMR,2177,31
S2,-20,45,73290960,20ebcbac523e8ca0dccfda8bafa0837c,300,F02,2178,31
S2,-20,45,73290960,20ebcbac523e8ca0dccfda8bafa0837c,300,UNB,2179,31
S2,-20,45,73290960,20ebcbac523e8ca0dccfda8bafa0837c,300,ADA_local_c04_t30_A,2180,31
S2,-20,46,73290961,4411ee12569951badff23b21c7ee5976,300,SMR,2181,31
S2,-20,46,73290961,4411ee12569951badff23b21c7ee5976,300,F02,2182,31
S2,-20,46,73290961,4411ee12569951badff23b21c7ee5976,300,UNB,2183,31
S2,-20,46,73290961,4411ee12569951badff23b21c7ee5976,300,ADA_local_c04_t30_A,2184,31
S2,-20,47,73290962,47797ae6319b269f2a6a395121fc388a,300,SMR,2185,31
S2,-20,47,73290962,47797ae6319b269f2a6a395121fc388a,300,F02,2186,31
S2,-20,47,73290962,47797ae6319b269f2a6a395121fc388a,300,UNB,2187,31
S2,-20,47,73290962,47797ae6319b269f2a6a395121fc388a,300,ADA_local_c04_t30_A,2188,31
S2,-20,48,73290963,315b861b2e86ec57c2981387f6b0d7ea,300,SMR,2189,31
S2,-20,48,73290963,315b861b2e86ec57c2981387f6b0d7ea,300,F02,2190,31
S2,-20,48,73290963,315b861b2e86ec57c2981387f6b0d7ea,300,UNB,2191,31
S2,-20,48,73290963,315b861b2e86ec57c2981387f6b0d7ea,300,ADA_local_c04_t30_A,2192,31
S2,-20,49,73290964,327b9a58b4836db0963ad2539c1592ae,300,SMR,2193,31
S2,-20,49,73290964,327b9a58b4836db0963ad2539c1592ae,300,F02,2194,31
S2,-20,49,73290964,327b9a58b4836db0963ad2539c1592ae,300,UNB,2195,31
S2,-20,49,73290964,327b9a58b4836db0963ad2539c1592ae,300,ADA_local_c04_t30_A,2196,31
S2,-20,50,73290965,3356aed8d0a0d0dd1c9d89707c8fa69c,300,SMR,2197,31
S2,-20,50,73290965,3356aed8d0a0d0dd1c9d89707c8fa69c,300,F02,2198,31
S2,-20,50,73290965,3356aed8d0a0d0dd1c9d89707c8fa69c,300,UNB,2199,31
S2,-20,50,73290965,3356aed8d0a0d0dd1c9d89707c8fa69c,300,ADA_local_c04_t30_A,2200,31
S2,-20,51,73290966,fb4a8eed43aad642ffb91c32ce8e2557,300,SMR,2201,31
S2,-20,51,73290966,fb4a8eed43aad642ffb91c32ce8e2557,300,F02,2202,31
S2,-20,51,73290966,fb4a8eed43aad642ffb91c32ce8e2557,300,UNB,2203,31
S2,-20,51,73290966,fb4a8eed43aad642ffb91c32ce8e2557,300,ADA_local_c04_t30_A,2204,31
S2,-20,52,73290967,63616fcd7d7de489b7d038bd8e34005d,300,SMR,2205,31
S2,-20,52,73290967,63616fcd7d7de489b7d038bd8e34005d,300,F02,2206,31
S2,-20,52,73290967,63616fcd7d7de489b7d038bd8e34005d,300,UNB,2207,31
S2,-20,52,73290967,63616fcd7d7de489b7d038bd8e34005d,300,ADA_local_c04_t30_A,2208,31
S2,-20,53,73290968,b1c2f8129ebd39e8ab96824629120653,300,SMR,2209,31
S2,-20,53,73290968,b1c2f8129ebd39e8ab96824629120653,300,F02,2210,31
S2,-20,53,73290968,b1c2f8129ebd39e8ab96824629120653,300,UNB,2211,31
S2,-20,53,73290968,b1c2f8129ebd39e8ab96824629120653,300,ADA_local_c04_t30_A,2212,31
S2,-20,54,73290969,55241efb215dbb7230e3a389cabfc606,300,SMR,2213,31
S2,-20,54,73290969,55241efb215dbb7230e3a389cabfc606,300,F02,2214,31
S2,-20,54,73290969,55241efb215dbb7230e3a389cabfc606,300,UNB,2215,31
S2,-20,54,73290969,55241efb215dbb7230e3a389cabfc606,300,ADA_local_c04_t30_A,2216,31
S2,-20,55,73290970,d149f4758083aee340a2f79cb0714ca5,300,SMR,2217,31
S2,-20,55,73290970,d149f4758083aee340a2f79cb0714ca5,300,F02,2218,31
S2,-20,55,73290970,d149f4758083aee340a2f79cb0714ca5,300,UNB,2219,31
S2,-20,55,73290970,d149f4758083aee340a2f79cb0714ca5,300,ADA_local_c04_t30_A,2220,31
S2,-20,56,73290971,8330894d882424196806cdcf0cf656c9,300,SMR,2221,31
S2,-20,56,73290971,8330894d882424196806cdcf0cf656c9,300,F02,2222,31
S2,-20,56,73290971,8330894d882424196806cdcf0cf656c9,300,UNB,2223,31
S2,-20,56,73290971,8330894d882424196806cdcf0cf656c9,300,ADA_local_c04_t30_A,2224,31
S2,-20,57,73290972,e0200c1ea6578b0b998c042c16844e6e,300,SMR,2225,31
S2,-20,57,73290972,e0200c1ea6578b0b998c042c16844e6e,300,F02,2226,31
S2,-20,57,73290972,e0200c1ea6578b0b998c042c16844e6e,300,UNB,2227,31
S2,-20,57,73290972,e0200c1ea6578b0b998c042c16844e6e,300,ADA_local_c04_t30_A,2228,31
S2,-20,58,73290973,68937c1753406cdc7f751bb206a96e3c,300,SMR,2229,31
S2,-20,58,73290973,68937c1753406cdc7f751bb206a96e3c,300,F02,2230,31
S2,-20,58,73290973,68937c1753406cdc7f751bb206a96e3c,300,UNB,2231,31
S2,-20,58,73290973,68937c1753406cdc7f751bb206a96e3c,300,ADA_local_c04_t30_A,2232,31
S2,-20,59,73290974,4dc835e2fc7fad484d9aecf0fd4f2ee3,300,SMR,2233,31
S2,-20,59,73290974,4dc835e2fc7fad484d9aecf0fd4f2ee3,300,F02,2234,31
S2,-20,59,73290974,4dc835e2fc7fad484d9aecf0fd4f2ee3,300,UNB,2235,31
S2,-20,59,73290974,4dc835e2fc7fad484d9aecf0fd4f2ee3,300,ADA_local_c04_t30_A,2236,31
S2,-20,60,73290975,c799e40ca444f3232bf0615225d14967,300,SMR,2237,31
S2,-20,60,73290975,c799e40ca444f3232bf0615225d14967,300,F02,2238,31
S2,-20,60,73290975,c799e40ca444f3232bf0615225d14967,300,UNB,2239,31
S2,-20,60,73290975,c799e40ca444f3232bf0615225d14967,300,ADA_local_c04_t30_A,2240,31
S2,-20,61,73290976,8bad8c316367afda3b50a0543231bda4,300,SMR,2241,31
S2,-20,61,73290976,8bad8c316367afda3b50a0543231bda4,300,F02,2242,31
S2,-20,61,73290976,8bad8c316367afda3b50a0543231bda4,300,UNB,2243,31
S2,-20,61,73290976,8bad8c316367afda3b50a0543231bda4,300,ADA_local_c04_t30_A,2244,31
S2,-20,62,73290977,fd5dbd0b87464f87634284db27534299,300,SMR,2245,31
S2,-20,62,73290977,fd5dbd0b87464f87634284db27534299,300,F02,2246,31
S2,-20,62,73290977,fd5dbd0b87464f87634284db27534299,300,UNB,2247,31
S2,-20,62,73290977,fd5dbd0b87464f87634284db27534299,300,ADA_local_c04_t30_A,2248,31
S2,-20,63,73290978,de0f6853d40e8c0bfd777ba9d8a25742,300,SMR,2249,31
S2,-20,63,73290978,de0f6853d40e8c0bfd777ba9d8a25742,300,F02,2250,31
S2,-20,63,73290978,de0f6853d40e8c0bfd777ba9d8a25742,300,UNB,2251,31
S2,-20,63,73290978,de0f6853d40e8c0bfd777ba9d8a25742,300,ADA_local_c04_t30_A,2252,31
S2,-20,64,73290979,5a308e9fd5028bfb5d6ba7689d974a4d,300,SMR,2253,31
S2,-20,64,73290979,5a308e9fd5028bfb5d6ba7689d974a4d,300,F02,2254,31
S2,-20,64,73290979,5a308e9fd5028bfb5d6ba7689d974a4d,300,UNB,2255,31
S2,-20,64,73290979,5a308e9fd5028bfb5d6ba7689d974a4d,300,ADA_local_c04_t30_A,2256,31
S2,-20,65,73290980,582a7d9ba8d8d6bcfdf6f4627468f1f9,300,SMR,2257,31
S2,-20,65,73290980,582a7d9ba8d8d6bcfdf6f4627468f1f9,300,F02,2258,31
S2,-20,65,73290980,582a7d9ba8d8d6bcfdf6f4627468f1f9,300,UNB,2259,31
S2,-20,65,73290980,582a7d9ba8d8d6bcfdf6f4627468f1f9,300,ADA_local_c04_t30_A,2260,31
S2,-20,66,73290981,8e088e8dc44e948fc275235028564d24,300,SMR,2261,31
S2,-20,66,73290981,8e088e8dc44e948fc275235028564d24,300,F02,2262,31
S2,-20,66,73290981,8e088e8dc44e948fc275235028564d24,300,UNB,2263,31
S2,-20,66,73290981,8e088e8dc44e948fc275235028564d24,300,ADA_local_c04_t30_A,2264,31
S2,-20,67,73290982,fd9b41ede9c0050b889070680462f217,300,SMR,2265,31
S2,-20,67,73290982,fd9b41ede9c0050b889070680462f217,300,F02,2266,31
S2,-20,67,73290982,fd9b41ede9c0050b889070680462f217,300,UNB,2267,31
S2,-20,67,73290982,fd9b41ede9c0050b889070680462f217,300,ADA_local_c04_t30_A,2268,31
S2,-20,68,73290983,eebd1b1418b9aed1f399ae42a97dd0e5,300,SMR,2269,31
S2,-20,68,73290983,eebd1b1418b9aed1f399ae42a97dd0e5,300,F02,2270,31
S2,-20,68,73290983,eebd1b1418b9aed1f399ae42a97dd0e5,300,UNB,2271,31
S2,-20,68,73290983,eebd1b1418b9aed1f399ae42a97dd0e5,300,ADA_local_c04_t30_A,2272,31
S2,-20,69,73290984,112ee50aca825f77902f02ba832874c2,300,SMR,2273,31
S2,-20,69,73290984,112ee50aca825f77902f02ba832874c2,300,F02,2274,31
S2,-20,69,73290984,112ee50aca825f77902f02ba832874c2,300,UNB,2275,31
S2,-20,69,73290984,112ee50aca825f77902f02ba832874c2,300,ADA_local_c04_t30_A,2276,31
S2,-20,70,73290985,59e4ff19bc335b40f3e58a6dac26ff1a,300,SMR,2277,31
S2,-20,70,73290985,59e4ff19bc335b40f3e58a6dac26ff1a,300,F02,2278,31
S2,-20,70,73290985,59e4ff19bc335b40f3e58a6dac26ff1a,300,UNB,2279,31
S2,-20,70,73290985,59e4ff19bc335b40f3e58a6dac26ff1a,300,ADA_local_c04_t30_A,2280,31
S2,-20,71,73290986,62c9bc820c4e940d184f360849d7ab6f,300,SMR,2281,31
S2,-20,71,73290986,62c9bc820c4e940d184f360849d7ab6f,300,F02,2282,31
S2,-20,71,73290986,62c9bc820c4e940d184f360849d7ab6f,300,UNB,2283,31
S2,-20,71,73290986,62c9bc820c4e940d184f360849d7ab6f,300,ADA_local_c04_t30_A,2284,31
S2,-20,72,73290987,826a4e5389180e1e8b7a95cbc785b7a9,300,SMR,2285,31
S2,-20,72,73290987,826a4e5389180e1e8b7a95cbc785b7a9,300,F02,2286,31
S2,-20,72,73290987,826a4e5389180e1e8b7a95cbc785b7a9,300,UNB,2287,31
S2,-20,72,73290987,826a4e5389180e1e8b7a95cbc785b7a9,300,ADA_local_c04_t30_A,2288,31
S2,-20,73,73290988,73e965aaf42eefcfd0d9bb0a22eafb30,300,SMR,2289,31
S2,-20,73,73290988,73e965aaf42eefcfd0d9bb0a22eafb30,300,F02,2290,31
S2,-20,73,73290988,73e965aaf42eefcfd0d9bb0a22eafb30,300,UNB,2291,31
S2,-20,73,73290988,73e965aaf42eefcfd0d9bb0a22eafb30,300,ADA_local_c04_t30_A,2292,31
S2,-20,74,73290989,edc04294566d16c4ea8c004f1d4cfb8f,300,SMR,2293,31
S2,-20,74,73290989,edc04294566d16c4ea8c004f1d4cfb8f,300,F02,2294,31
S2,-20,74,73290989,edc04294566d16c4ea8c004f1d4cfb8f,300,UNB,2295,31
S2,-20,74,73290989,edc04294566d16c4ea8c004f1d4cfb8f,300,ADA_local_c04_t30_A,2296,31
S2,-20,75,73290990,ef5358e239147eec49f983257a7e6fc3,300,SMR,2297,31
S2,-20,75,73290990,ef5358e239147eec49f983257a7e6fc3,300,F02,2298,31
S2,-20,75,73290990,ef5358e239147eec49f983257a7e6fc3,300,UNB,2299,31
S2,-20,75,73290990,ef5358e239147eec49f983257a7e6fc3,300,ADA_local_c04_t30_A,2300,31
S2,-20,76,73290991,480303b24c8dcd07e5ee24d3e82038c3,300,SMR,2301,31
S2,-20,76,73290991,480303b24c8dcd07e5ee24d3e82038c3,300,F02,2302,31
S2,-20,76,73290991,480303b24c8dcd07e5ee24d3e82038c3,300,UNB,2303,31
S2,-20,76,73290991,480303b24c8dcd07e5ee24d3e82038c3,300,ADA_local_c04_t30_A,2304,31
S2,-20,77,73290992,35eff8008dfe9a4f0fee851f68a2eb11,300,SMR,2305,31
S2,-20,77,73290992,35eff8008dfe9a4f0fee851f68a2eb11,300,F02,2306,31
S2,-20,77,73290992,35eff8008dfe9a4f0fee851f68a2eb11,300,UNB,2307,31
S2,-20,77,73290992,35eff8008dfe9a4f0fee851f68a2eb11,300,ADA_local_c04_t30_A,2308,31
S2,-20,78,73290993,80aaac369d1098387ce8bbacfc214242,300,SMR,2309,31
S2,-20,78,73290993,80aaac369d1098387ce8bbacfc214242,300,F02,2310,31
S2,-20,78,73290993,80aaac369d1098387ce8bbacfc214242,300,UNB,2311,31
S2,-20,78,73290993,80aaac369d1098387ce8bbacfc214242,300,ADA_local_c04_t30_A,2312,31
S2,-20,79,73290994,1009b489cf73224aec2fc31effa00772,300,SMR,2313,31
S2,-20,79,73290994,1009b489cf73224aec2fc31effa00772,300,F02,2314,31
S2,-20,79,73290994,1009b489cf73224aec2fc31effa00772,300,UNB,2315,31
S2,-20,79,73290994,1009b489cf73224aec2fc31effa00772,300,ADA_local_c04_t30_A,2316,31
S2,-20,80,73290995,a702e5731b606adaadae1af530a8790b,300,SMR,2317,31
S2,-20,80,73290995,a702e5731b606adaadae1af530a8790b,300,F02,2318,31
S2,-20,80,73290995,a702e5731b606adaadae1af530a8790b,300,UNB,2319,31
S2,-20,80,73290995,a702e5731b606adaadae1af530a8790b,300,ADA_local_c04_t30_A,2320,31
S2,-20,81,73290996,490aea94ec30aa2dadc4b3bc2ec427d5,300,SMR,2321,31
S2,-20,81,73290996,490aea94ec30aa2dadc4b3bc2ec427d5,300,F02,2322,31
S2,-20,81,73290996,490aea94ec30aa2dadc4b3bc2ec427d5,300,UNB,2323,31
S2,-20,81,73290996,490aea94ec30aa2dadc4b3bc2ec427d5,300,ADA_local_c04_t30_A,2324,31
S2,-20,82,73290997,565cd39d4d9907cc785f3f3141a30f41,300,SMR,2325,31
S2,-20,82,73290997,565cd39d4d9907cc785f3f3141a30f41,300,F02,2326,31
S2,-20,82,73290997,565cd39d4d9907cc785f3f3141a30f41,300,UNB,2327,31
S2,-20,82,73290997,565cd39d4d9907cc785f3f3141a30f41,300,ADA_local_c04_t30_A,2328,31
S2,-20,83,73290998,d23a6dbfdbf28bac0f96a580d4fedaa9,300,SMR,2329,31
S2,-20,83,73290998,d23a6dbfdbf28bac0f96a580d4fedaa9,300,F02,2330,31
S2,-20,83,73290998,d23a6dbfdbf28bac0f96a580d4fedaa9,300,UNB,2331,31
S2,-20,83,73290998,d23a6dbfdbf28bac0f96a580d4fedaa9,300,ADA_local_c04_t30_A,2332,31
S2,-20,84,73290999,4830a56b198c8b2d3bc42511c01536ca,300,SMR,2333,31
S2,-20,84,73290999,4830a56b198c8b2d3bc42511c01536ca,300,F02,2334,31
S2,-20,84,73290999,4830a56b198c8b2d3bc42511c01536ca,300,UNB,2335,31
S2,-20,84,73290999,4830a56b198c8b2d3bc42511c01536ca,300,ADA_local_c04_t30_A,2336,31
S2,-20,85,73291000,18a331d1aff417420de847a61a2e3669,300,SMR,2337,31
S2,-20,85,73291000,18a331d1aff417420de847a61a2e3669,300,F02,2338,31
S2,-20,85,73291000,18a331d1aff417420de847a61a2e3669,300,UNB,2339,31
S2,-20,85,73291000,18a331d1aff417420de847a61a2e3669,300,ADA_local_c04_t30_A,2340,31
S2,-20,86,73291001,9fea129bec275a823aaf41e887c3967c,300,SMR,2341,31
S2,-20,86,73291001,9fea129bec275a823aaf41e887c3967c,300,F02,2342,31
S2,-20,86,73291001,9fea129bec275a823aaf41e887c3967c,300,UNB,2343,31
S2,-20,86,73291001,9fea129bec275a823aaf41e887c3967c,300,ADA_local_c04_t30_A,2344,31
S2,-20,87,73291002,acb2cf23c36e2699a5af0ed9ca02b5f1,300,SMR,2345,31
S2,-20,87,73291002,acb2cf23c36e2699a5af0ed9ca02b5f1,300,F02,2346,31
S2,-20,87,73291002,acb2cf23c36e2699a5af0ed9ca02b5f1,300,UNB,2347,31
S2,-20,87,73291002,acb2cf23c36e2699a5af0ed9ca02b5f1,300,ADA_local_c04_t30_A,2348,31
S2,-20,88,73291003,c6a7ba04b4fcd82058c62493c0661c70,300,SMR,2349,31
S2,-20,88,73291003,c6a7ba04b4fcd82058c62493c0661c70,300,F02,2350,31
S2,-20,88,73291003,c6a7ba04b4fcd82058c62493c0661c70,300,UNB,2351,31
S2,-20,88,73291003,c6a7ba04b4fcd82058c62493c0661c70,300,ADA_local_c04_t30_A,2352,31
S2,-20,89,73291004,40a9b194d02178aceef5a4bbec115154,300,SMR,2353,31
S2,-20,89,73291004,40a9b194d02178aceef5a4bbec115154,300,F02,2354,31
S2,-20,89,73291004,40a9b194d02178aceef5a4bbec115154,300,UNB,2355,31
S2,-20,89,73291004,40a9b194d02178aceef5a4bbec115154,300,ADA_local_c04_t30_A,2356,31
S2,-20,90,73291005,288bdb36bf37e84e7ab46d60559a7bfe,300,SMR,2357,31
S2,-20,90,73291005,288bdb36bf37e84e7ab46d60559a7bfe,300,F02,2358,31
S2,-20,90,73291005,288bdb36bf37e84e7ab46d60559a7bfe,300,UNB,2359,31
S2,-20,90,73291005,288bdb36bf37e84e7ab46d60559a7bfe,300,ADA_local_c04_t30_A,2360,31
S2,-20,91,73291006,0af2ea706c979920080106d03bf2142b,300,SMR,2361,31
S2,-20,91,73291006,0af2ea706c979920080106d03bf2142b,300,F02,2362,31
S2,-20,91,73291006,0af2ea706c979920080106d03bf2142b,300,UNB,2363,31
S2,-20,91,73291006,0af2ea706c979920080106d03bf2142b,300,ADA_local_c04_t30_A,2364,31
S2,-20,92,73291007,d687e3e9ca734896ca45db2c88ae3a00,300,SMR,2365,31
S2,-20,92,73291007,d687e3e9ca734896ca45db2c88ae3a00,300,F02,2366,31
S2,-20,92,73291007,d687e3e9ca734896ca45db2c88ae3a00,300,UNB,2367,31
S2,-20,92,73291007,d687e3e9ca734896ca45db2c88ae3a00,300,ADA_local_c04_t30_A,2368,31
S2,-20,93,73291008,a3118133b990cb5ae7ff7ac4a176c67f,300,SMR,2369,31
S2,-20,93,73291008,a3118133b990cb5ae7ff7ac4a176c67f,300,F02,2370,31
S2,-20,93,73291008,a3118133b990cb5ae7ff7ac4a176c67f,300,UNB,2371,31
S2,-20,93,73291008,a3118133b990cb5ae7ff7ac4a176c67f,300,ADA_local_c04_t30_A,2372,31
S2,-20,94,73291009,97317550d070dbbf5f22b208a9d4cf1b,300,SMR,2373,31
S2,-20,94,73291009,97317550d070dbbf5f22b208a9d4cf1b,300,F02,2374,31
S2,-20,94,73291009,97317550d070dbbf5f22b208a9d4cf1b,300,UNB,2375,31
S2,-20,94,73291009,97317550d070dbbf5f22b208a9d4cf1b,300,ADA_local_c04_t30_A,2376,31
S2,-20,95,73291010,e5d6769047a9453cd90e52e351552a78,300,SMR,2377,31
S2,-20,95,73291010,e5d6769047a9453cd90e52e351552a78,300,F02,2378,31
S2,-20,95,73291010,e5d6769047a9453cd90e52e351552a78,300,UNB,2379,31
S2,-20,95,73291010,e5d6769047a9453cd90e52e351552a78,300,ADA_local_c04_t30_A,2380,31
S2,-20,96,73291011,d33e3959be51b5151c0b7f22afd849f0,300,SMR,2381,31
S2,-20,96,73291011,d33e3959be51b5151c0b7f22afd849f0,300,F02,2382,31
S2,-20,96,73291011,d33e3959be51b5151c0b7f22afd849f0,300,UNB,2383,31
S2,-20,96,73291011,d33e3959be51b5151c0b7f22afd849f0,300,ADA_local_c04_t30_A,2384,31
S2,-20,97,73291012,8c7e7b7d1923e47c27c95cf611dca58f,300,SMR,2385,31
S2,-20,97,73291012,8c7e7b7d1923e47c27c95cf611dca58f,300,F02,2386,31
S2,-20,97,73291012,8c7e7b7d1923e47c27c95cf611dca58f,300,UNB,2387,31
S2,-20,97,73291012,8c7e7b7d1923e47c27c95cf611dca58f,300,ADA_local_c04_t30_A,2388,31
S2,-20,98,73291013,0d58ad12924d7bc035234927da443593,300,SMR,2389,31
S2,-20,98,73291013,0d58ad12924d7bc035234927da443593,300,F02,2390,31
S2,-20,98,73291013,0d58ad12924d7bc035234927da443593,300,UNB,2391,31
S2,-20,98,73291013,0d58ad12924d7bc035234927da443593,300,ADA_local_c04_t30_A,2392,31
S2,-20,99,73291014,2c992cea541e7956b72d5c0469c7e958,300,SMR,2393,31
S2,-20,99,73291014,2c992cea541e7956b72d5c0469c7e958,300,F02,2394,31
S2,-20,99,73291014,2c992cea541e7956b72d5c0469c7e958,300,UNB,2395,31
S2,-20,99,73291014,2c992cea541e7956b72d5c0469c7e958,300,ADA_local_c04_t30_A,2396,31
S2,-20,100,73291015,bea193db5fed91e91c0a0adfe58744c5,300,SMR,2397,31
S2,-20,100,73291015,bea193db5fed91e91c0a0adfe58744c5,300,F02,2398,31
S2,-20,100,73291015,bea193db5fed91e91c0a0adfe58744c5,300,UNB,2399,31
S2,-20,100,73291015,bea193db5fed91e91c0a0adfe58744c5,300,ADA_local_c04_t30_A,2400,31
